source_row_number,course_name,grade,semester,credit,course_type,learning_objective,main_textbook,sub_textbook,reference_material,prerequisite_material,is_target_department,is_target_course
8508,건축전기및조명,3,2학기,3.0,공학전공,건축물 내의 전기 및 조명설비에 대한 이해를 바탕으로 설비 도입계획을 설계 할 수 있다.,"참고문헌1. 최신전기설비설계_강동귀, 이경섭, 이상헌, 이종필, 최용성_문운당_20102. 건축전기설비_김영문,남징락 외 4명_북스힐_20093. 건축전기설비_김진수_기문당_20144. 건축전기설비 기술사_이종혁_세한출판사_20175. LED조명 광학설계 이론 및 활용 1,2_황명근, 안수호, 반기현, 백승욱_아진_20106. 조명 디자인 입문_국제조명위원회 한국위원회_2009",,,"건축환경개론, 건축설비",False,True
8554,확률및통계,1,2학기,3.0,전공,"Identify the types of data (qualitative, quantitative, discrete, and continuous). Identify the types of sampling (random, stratified, systematic, cluster). Identify the misuses of statistics. Student will use appropriate statistical methods to collect, organize, display, and analyze relevant data.",,,,,False,True
8556,수치해석,3,1학기,3.0,전공기반,건축에서 발생하는 수학적 문제를 컴퓨터를 이용하여 해결하는 방법을 배운다.,"주교재: MATLAB을 이용한 EASY 수치해석, 구영필 저, 홍릉과학출판사부교재: 이공학도를 위한 수치해석, 백태현 외 2명 역, 학산미디어",,,"공업수학 1, 공업수학 2",False,True
8689,확률및통계,2,2학기,3.0,전공기반,강의 교제는 통계학과 관련된 기본이론 뿐만아니라 다양한 이공계통의 예제를 포함하고 있어 강의를 통해서 통계학적 기본지식을 습득하고자 함. 또한 이러한 지식을 바탕으로 사용하게될 자료를 분석하고 정량적으로 판단할 수 있는 능력을 키움,"교재 : 이공계를 위한 확률 및 통계 2판(저자 : 김성준 외 4인, 출판사 : 자유아카데미, 2021)참고문헌 : 수리통계학(5판) 송성주, 전명식|자유아카데미 |2020",,,수학 I,False,True
8690,확률및통계,1,2학기,3.0,전공기반,강의 교제는 통계학과 관련된 기본이론 뿐만아니라 다양한 이공계통의 예제를 포함하고 있어 강의를 통해서 통계학적 기본지식을 습득하고자 함. 또한 이러한 지식을 바탕으로 사용하게될 자료를 분석하고 정량적으로 판단할 수 있는 능력을 키움,"교재 : 이공계를 위한 확률 및 통계 2판(저자 : 김성준 외 4인, 출판사 : 자유아카데미, 2021)참고문헌 : 수리통계학(5판) 송성주, 전명식|자유아카데미 |2020",,,수학 I,False,True
8691,선형대수학,1,1학기,3.0,전공기반,선형대수의 기초 개념 이해와 수학적인 문제해결 능력을 배양,"Linear Algebra with Applications, Steven J. Leon, Pearson Prentice Hall.",,,없음,False,True
8692,선형대수학,1,1학기,3.0,전공기반,Enhancement of understanding for basic concepts of linear algebra and the ability to solve mathematical problems,"Linear Algebra with Applications, Steven J. Leon, Pearson Prentice Hall.",,,없음,False,True
8706,응용전산프로그래밍 및 실습,1,1학기,3.0,전공기반,"1. 포트란의 선언구조(문), 선택구조(문), 순환구조(문), 제어문, 입축력문 등의 이해2. 프로그래밍 실습을 통한 코딩능력 배양3. 파이썬의 표현식, 조건문, 함수, 반복문 등의 이해","교재: 임성순, 포트란 이론과 실습, pp. 447, 구미서관, 2016.참고문헌: 전시영, Fortran 77, pp. 618, 동화기술, 2016.참고자료: 1. 교육용 트러스 및 프레임 구조해석 프로그램              2. edwith.org의 동영상 ª모두를 위한 프로그래밍: 파이썬ª",,,없음,False,True
8707,응용전산프로그래밍 및 실습,1,1학기,3.0,전공기반,"1. 포트란의 선언구조(문), 선택구조(문), 순환구조(문), 제어문, 입축력문 등의 이해2. 프로그래밍 실습을 통한 코딩능력 배양3. 파이썬의 표현식, 조건문, 함수, 반복문 등의 이해","교재: 임성순, 포트란 이론과 실습, pp. 447, 구미서관, 2016.참고문헌: 전시영, Fortran 77, pp. 618, 동화기술, 2016.참고자료: 1. 교육용 트러스 및 프레임 구조해석 프로그램              2. edwith.org의 동영상 ª모두를 위한 프로그래밍: 파이썬ª",,,없음,False,True
8708,응용전산프로그래밍 및 실습,2,1학기,3.0,전공기반,"1. 포트란의 선언구조(문), 선택구조(문), 순환구조(문), 제어문, 입축력문 등의 이해2. 프로그래밍 실습을 통한 코딩능력 배양3. 파이썬의 표현식, 조건문, 함수, 반복문 등의 이해","교재: 임성순, 포트란 이론과 실습, pp. 447, 구미서관, 2016.참고문헌: 전시영, Fortran 77, pp. 618, 동화기술, 2016.참고자료: 1. 교육용 트러스 및 프레임 구조해석 프로그램              2. edwith.org의 동영상 ª모두를 위한 프로그래밍: 파이썬ª",,,없음,False,True
8709,응용전산프로그래밍 및 실습,2,1학기,3.0,전공기반,"1. 포트란의 선언구조(문), 선택구조(문), 순환구조(문), 제어문, 입축력문 등의 이해2. 프로그래밍 실습을 통한 코딩능력 배양3. 파이썬의 표현식, 조건문, 함수, 반복문 등의 이해","교재: 임성순, 포트란 이론과 실습, pp. 447, 구미서관, 2016.참고문헌: 전시영, Fortran 77, pp. 618, 동화기술, 2016.참고자료: 1. 교육용 트러스 및 프레임 구조해석 프로그램              2. edwith.org의 동영상 ª모두를 위한 프로그래밍: 파이썬ª",,,없음,False,True
8719,응용수치해석 및 실습,2,2학기,3.0,전공기반,understanding and solving mathematical and engineering problems using numerical methods,"Numerical Methods for Engineers, Steven C. Chapra & Raymond P. Canale, 8th Edition, McGrawHill EducationOptional: 공학도를 위한 수치해석, Chapra & Canale 저, 신동신, 나양, 이승배, 임윤철 역, McGrawHill Korea",,,Fortran Programming,False,True
8720,응용수치해석 및 실습,2,2학기,3.0,전공기반,understanding and solving mathematical and engineering problems using numerical methods,"Numerical Methods for Engineers, Steven C. Chapra & Raymond P. Canale, 8th Edition, McGrawHill EducationOptional: 공학도를 위한 수치해석, Chapra & Canale 저, 신동신, 나양, 이승배, 임윤철 역, McGrawHill Korea",,,Fortran Programming,False,True
8721,응용수치해석 및 실습,2,2학기,3.0,전공기반,understanding and solving mathematical and engineering problems using numerical methods,"Numerical Methods for Engineers, Steven C. Chapra & Raymond P. Canale, 8th Edition, McGrawHill EducationOptional: 공학도를 위한 수치해석, Chapra & Canale 저, 신동신, 나양, 이승배, 임윤철 역, McGrawHill Korea",,,Fortran Programming,False,True
8722,응용수치해석 및 실습,2,2학기,3.0,전공기반,understanding and solving mathematical and engineering problems using numerical methods,"Numerical Methods for Engineers, Steven C. Chapra & Raymond P. Canale, 8th Edition, McGrawHill EducationOptional: 공학도를 위한 수치해석, Chapra & Canale 저, 신동신, 나양, 이승배, 임윤철 역, McGrawHill Korea",,,Fortran Programming,False,True
8752,C/C++프로그래밍기초,2,2학기,3.0,전공기반,주어진 문제를 컴퓨팅처럼 분석하고 알고리즘을 설계함으로써 자신만의 논리로 해결할 수 있는 능력을 갖추어 자신의 전공분야 뿐만 학문 영역의 경계를 넘어 통합적 사고력과 응용력을 향상한다.다양한 실습예제를 통해 문제의 요구사항을 찾아 분석하고 해결 과정을 구성하여 컴퓨터 언어로 표현해 가는 과정에서 자연스럽게 창의력과 논리적 사고력이 형성되도록 한다.* 강의 운영 방식은 대학교의 코로나19 대응 수업 운영 지침에 따름(개강전 LMS 공지 사항 참고),"[교재] C 프로그래밍 기초, 박보석 외 4인 공저, 경북대학교출판부, 2016년 12월 ※ 교재 복사본은 수업 때 가져올 수 없음[참고문헌]C프로그래밍 새내기를 위한 첫 C언어, 한빛미디어, 박보석 외 4인 공저",,,없음,False,True
8754,C/C++프로그래밍기초,2,2학기,3.0,전공기반,"다양한 컴퓨터 프로그래밍을 통한 연구나 응용이 일반화되어 있으며, 컴퓨터 관련이 아닌 대부분의 학문 분야에서 컴퓨터 프로그래밍을 통해 정보를 획득하고 다양한 실험과 연구를 통한 성과를 얻고 있다.  컴퓨터 관련 전공자가 아니더라도 이 교과목을 통해 기초적인 데이터 처리와 분석 프로그래밍 능력을 갖춤으로써 향후 각자의 전공 영역에 통합하여 응용할 수 있게 한다.","【 교 재 】 C 프로그래밍 기초, 하숙정 외 4인 공저, 경북대학교출판부, 2016년 12월【 주 의 】 교재의 복사본은 수업 때 가져올 수 없음【참고문헌】 C 프로그래밍, 하숙정 외 4인 공저, 한빛아카데미                   쉽게 풀어쓴 C언어 Express, 천인국저, 생능                   비기전수 C프로그래밍, 윤성우저, 인피니티북스 등윤성우저, 인피니티북스 등",,,없음,False,True
8847,전기전자공학기초,2,1학기,3.0,공학전공,전기 및 전자 공학 기초 내용 이해.,"[Reference] (필수) 이규철, 이춘영, 박경석, 양순용, 공학도를 위한 전기전자공학 카오스 출판사, 2014(선택) Electrical EngineeringPrinciples and Applications, 5th Ed. Allan R. Hambley, PearsonPrentice Hall, 2011(선택) DC/AC Fundamentals A Systems Approach, T. L. Floyd, D. M. Buchla, Pearson, 2013(선택) Analog Fundamentals A Systems Approach, T. L. Floyd, D. M. Buchla, Pearson, 2013",,,없음,False,True
8852,기초전기전자실험,2,2학기,3.0,공학전공,To enhance mechanical engineering application ability based on experience in electronics circuit design and measurement techniques.,Textbook:Mechanical Engineerin Experiment (Edited by School of Mechanical Engineering),,,,False,True
8853,기초전기전자실험,2,2학기,3.0,공학전공,기초전기전자 실험을 통한 전기전자 기초지식 배양 및 실무 지식 배양,Textbook:Mechanical Engineerin Experiment 1 (Edited by School of Mechanical Engineering)  (A 분반과 동일),,,없음,False,True
8882,시스템제어,3,2학기,3.0,공학전공,Understanding a variety of controllers in mechanical system,"Tetbook : Control Systems Engineeringª, Norman S. NiseReference : any book on Feedback Control System",,,"Engineering mathematics, dynamic system",False,True
8883,시스템제어,3,2학기,3.0,공학전공,Understanding a variety of controllers in mechanical system,"Tetbook : Control Systems Engineeringª, Norman S. NiseReference : any book on Feedback Control System",,,"Engineering mathematics, dynamic system",False,True
8884,시스템제어,3,2학기,3.0,공학전공,창의적인 접근 방법을 제안함.융합적인 해결 방법을 유도함.사회적 공동체에 대한 배려심을 강조함.안전한 기계 시스템을 추구함.사회적 구성원인 공학도로서 책임과 의무를 자각하게 함.,추후 공고,,,"수학, 동역학",False,True
8887,마이크로컨트롤러,3,1학기,3.0,공학전공,마이크로 컨트롤러 기본 개념 및 응용 능력 배양,Lecture note will be offered in class,,,,False,True
8888,마이크로컨트롤러,3,1학기,3.0,공학전공,This lecture is covered for how to use microprocesser which is very inportant compenent in embedded sytem.,Lecture note will be offered in class,,,,False,True
8895,수치해석,3,1학기,3.0,전공기반,수학적인 답을 구하기 어려운 공학문제에 대해서 근사적인 해를 구하는 능력을 배양하게 함,"교재: Kendall Atkinson and Weimin Han ªElementary Numerical Analysisª 3rd ed. John Wiley & Sons, Inc.참고문헌: Steven C. Chapra and Raymond P. Canale ªNumerical Methods for Engineersª 5th ed. McGrawHillMATLAB / Python 기초 내용이 수업진도에 포함될 경우 Advanced topics 관련 강의 내용은 생략될 수 있음",,,공학수학,False,True
8896,수치해석,3,1학기,3.0,전공기반,수학적인 답을 구하기 어려운 공학문제에 대해서 근사적인 해를 구하는 능력을 배양하게 함,"교재: Kendall Atkinson and Weimin Han ªElementary Numerical Analysisª 3rd ed. John Wiley & Sons, Inc.참고문헌: Steven C. Chapra and Raymond P. Canale ªNumerical Methods for Engineersª 5th ed. McGrawHillMATLAB / Python 기초 내용이 수업진도에 포함될 경우 Advanced topics 관련 강의 내용은 생략될 수 있음",,,공학수학,False,True
8910,제어시스템설계,4,1학기,3.0,공학전공,융합 : 다양한 역학적 상황을 공학 프로그램으로 해석함.책임 : 사회적 구성원인 공학도로서 책임과 의무를 자각하게 함.,추후 공고,,,프로그래밍,False,True
8913,로봇시스템,4,2학기,3.0,공학전공,창의적인 접근 방법을 제안함.융합적인 해결 방법을 유도함.사회적 공동체에 대한 배려심을 강조함.안전한 기계 시스템을 추구함.사회적 구성원인 공학도로서 책임과 의무를 자각하게 함.,추후 공고,,,"수학, 동역학",False,True
8922,공학응용인공지능,4,1학기,3.0,공학전공,"The aim of this course is to be familiar with basic artificial intelligence techniques, especially machine learning, which are now popular as an alternative of traditional deterministic modeling. The machine learning covers supervised, unsupervised learning and more.","Main textbook: Introduction to Machine Learning 4th Ed., Alpaydin EthemReferences: 1. Introduction to Machine Learning with Python, OªReilly, 안드레아스 뮐러, 세라 가이도2. Deep Learning from Scratch, OªReilly, 사이토 고키3. Machine Learning in Python, Bowles4. Other materials from website",,,C++ programming,False,True
8923,공학응용인공지능,4,1학기,3.0,공학전공,"The aim of this course is to be familiar with basic artificial intelligence techniques, especially machine learning, which are now popular as an alternative of traditional deterministic modeling. The machine learning covers supervised, unsupervised learning and more.","Main textbook: Introduction to Machine Learning 4th Ed., Alpaydin EthemReferences: 1. Introduction to Machine Learning with Python, OªReilly, 안드레아스 뮐러, 세라 가이도2. Deep Learning from Scratch, OªReilly, 사이토 고키3. Machine Learning in Python, Bowles4. Other materials from website",,,C++ programming,False,True
8924,공학응용인공지능,4,1학기,3.0,공학전공,"This lecture aims to understand the basic principle of the undergraduatelevel reinforcement learning, including the applications with the hands on coding.","Reinforcement Learning: An Introduction (Adaptive Computation and Machine Learning) (Adaptive Computation and Machine Learning series), Richard S. SuttonReinforcement Learning Toolbox Matlab",,,System Control,False,True
8925,공학응용인공지능,4,1학기,3.0,공학전공,"본 강의에서는 학부레벨에서 학습가능한 인공지능, 강화학습 기초에 대한 이해 및 실습을 통한 코드 구현을 목표로 한다.","Reinforcement Learning: An Introduction (Adaptive Computation and Machine Learning) (Adaptive Computation and Machine Learning series), Richard S. SuttonReinforcement Learning Toolbox Matlab",,,시스템제어,False,True
8953,회로이론1,2,1학기,3.0,전공,본 수업은 전기회로의 해석을 가능하게 하는 이론적 지식을 습득하는 것을 목표로 한다. 회로해석의 기초가 되는 이론의 학습과 문제풀이를 통해 관련 역량을 키운다.,"Fundamentals of electric circuits, 6판, Christopher K. Alexander, Matthew N.O. Sadiku 지음, McGrawHill Education 원서 또는 한글판(Alexander의 회로이론   6판) 사용가능 개정 7판 사용가능",,,"기초물리, 수학",False,True
8954,전자회로1,2,2학기,3.0,전공,"전자회로의 기본 소자인 다이오드, BJT, MOSFET에 대한 이해를 토대로 트랜지스터 증폭기에 대한 지식 습득","Textbook : A. S. Sedra and K. C. Smith,ªMicroelectronic Circuits,ª 2011, 6th Ed.",,,회로이론1,False,True
8955,논리회로,2,1학기,3.0,전공,"1. Basic concept of logci circuit, 2. Basic logic circuit design technique","Main textbook : Fundamentals of digital circuit desgin (박길험외, 디지털 회로 설계의 기초, 도서출판 영, 2006.)Ref. : Fundamentals of Logic Design 6th (Charles H. Roth, Jr. / Cengage Learning), 2010.",,,,False,True
8956,논리회로,2,1학기,3.0,전공,"1. 논리회로 기본 정보 습득, 2.간단한 논리회로 설계가 기법 습득","Main textbook : Fundamentals of digital circuit desgin (박길흠외, 디지털 회로 설계의 기초, 도서출판 영, 2006.)Ref. : Fundamentals of Logic Design (Charles H. Roth, Jr. / Cengage Learning)",,,,False,True
8960,프로그래밍언어,3,1학기,3.0,전공,1) 문제들을 해결하기 위해 컴퓨터 프로그래밍 언어를 습득한다.2) 다양한 문제들을 분석하여 프로그래밍 언어를 사용하여 창의적이고 책임감 있게 문제를 해결할 수 있는 능력을 배양한다.,"교재: 개념을 콕콕 잡아주는 C 프로그래밍 4th Edition, 천정아, 엔아이컴즈, 2017참고문헌: C 프로그래밍 언어에 관련된 모든 자료",,,없음,False,True
8971,에너지전기화학,3,1학기,3.0,전공,전기화학적 지식을 습득하여 전극과 전해질 계면에서 일어나는 다양한 현상에 대하여 이해한다.,"Electrochemical Methods Fundamentals and Applications,  Allen J. And Larry R. Faulkner Bard, Wiley; Second edition (2002)Electrochemical Engineering, Thomas F. Fulle, John N. Harb, Wiley; first edition (2018)",,,에너지열역학,False,True
8978,수치해석,3,2학기,3.0,전공,1) 문제 해결에 필요한 다양한 수치해석 개념을 습득한다.2) 다양한 문제들을 분석하여 매트랩을 이용하여 창의적으로 문제를 해결할 수 있는 능력을 배양한다.,"교재:  매트랩의 정석, 부광석, 박희재, 곽근창 옮김, 인피니티북스 MATLAB으로 배우는 공학 수치해석(개정판), 방성완 지음, 한빛아카데미참고문헌:  수치해석학 바이블, 이병준, 한희재 옮김, 한빛아카데미",,,공학수학,False,True
8979,제어공학,3,2학기,3.0,전공,"제어시스템을 수학적으로 모델링하고, 원하는 스펙에 맞는 제어기를 선택,적용,분석할 수 있다.","Textbook : F. Golnaraghi & B.C. Kuo, “Automatic Control Systems”, Wiley.Reference : R.C. Dorf & R.H. Biship, “Modern Control Systems”, Prentice Hall.",,,"공업수학1/2, 회로이론1/2",False,True
8980,제어공학,3,2학기,3.0,전공,,"Textbook : F. Golnaraghi & B.C. Kuo, “Automatic Control Systems”, Wiley.Reference : R.C. Dorf & R.H. Biship, “Modern Control Systems”, Prentice Hall.",,,"Students must understand the fundamentals of the Lapalace transform and differential equation. Engineering math1/2, Circuit theory1/2",False,True
8983,회로이론2,3,1학기,3.0,전공,본 수업은 전기회로의 해석을 가능하게 하는 이론적 지식을 습득하는 것을 목표로 한다. 회로해석의 기초가 되는 이론의 학습과 문제풀이를 통해 관련 역량을 키운다.,"Fundamentals of electric circuits, 6판, Christopher K. Alexander, Matthew N.O. Sadiku 지음, McGrawHill Education 원서 또는 한글판(Alexander의 회로이론   6판) 사용가능 개정 7판 사용가능",,,회로이론 1,False,True
8986,마이크로프로세서,3,2학기,3.0,전공,마이크로프로세서 이해 및 활용,추후 공지,,,논리회로,False,True
8987,전력전자,3,2학기,3.0,전공,기초 전력변환에 대한 지식 습득,,,,"회로이론1, 회로이론2, 전자회로1",False,True
8988,전자기학개론,3,1학기,3.0,전공,"1. 전장, 자장의 기본 원리 학습 2.전장과 자장이 적용된 전기부품의 기본 특성 해석",Fundamentals of Engineering Electromagnetics : David K.Cheng,,,"물리학1,2",False,True
8989,전자기학개론,3,1학기,3.0,전공,1. Basic concept of electric filed and magnetic field 2. Electric parts utilizing electromanetism,Fundamentals of Engineering Electromagnetics : David K.Cheng,,,Physics2,False,True
9005,통계학,2,1학기,3.0,전공기반,통계학의 기본원리와 기본적인 분석기법과 통계적 방법론 이해하여 합리적 의사 결정을 이끌어낸다,"교재: (제2판) 엑셀을 이용한 통계학(2015), 김달호 외 8인, 자유아카데미",,,없음,False,True
9100,재료전기화학,2,1학기,3.0,공학전공,"에너지 저장장치, 금속 표면처리의 기반에 되는 전기화학의 기초 이론 이해전기화학 평형론 이해 (표준전극전위, 네른스트식)전기화학 속도론 이해 (활성화에너지 장벽 이론, BV식, Tafel 관계)","*주교재전자이동의 화학 전기화학입문Watanabe, Nakabayasi저, 정철수 번역, 도서출판 아진*참고서적1)Electrochemistry; The basics, with ExamplesC. Lefrou, P. Fabry, J. C. Poignet저, Springer 출판2)Fundamentlas of Electrochemical DepositionMilan Paunovic, Mordechay Schlesinger저, Wiley 출판*주교재는 첫 수업시 선정함. (변경 될 수 있음)",,,"일반화학 1, 일반화학 2",False,True
9102,통계학,2,2학기,3.0,전공기반,통계학의 기본원리와 기본적인 분석기법과 통계적 방법론  이해하여 합리적 의사 결정을 이끌어낸다,"교재: (제2판) 엑셀을 이용한 통계학(2015), 김달호 외 8인, 자유아카데미",,,없음,False,True
9125,캡스톤설계 1,4,1학기,3.0,공학전공,전공 지식 기반 실험 및 소통 기술 확보,전공서적 및 저널 논문 등,,,"창의기초설계, 설계과제강의",False,True
9126,캡스톤설계 2,4,2학기,3.0,공학전공,재료에 대한 이해와 및 공정의 선택 과정이 재료공학을 기반으로 합리적이고 효과적이 될 수 있도록 설계 능력을 배양하고자 한다. 이러한 과정을 팀원들과 함께 연구 활동을 통해 효율적 의사교환과 리더쉽을 키우고자 한다.,"재료공학 전공 교과서,관련 논문 등",,,창의기초설계 설계 과제 교과목,False,True
9128,반도체소자공학,4,1학기,3.0,공학전공,반도체 공학의 기본개념과 원리를 이해한다.,"주교재 :핵심이 보이는 반도체공학, 권기영 저, 한빛아카데미강의는 본 교수가 별도로 제작한 PPT와 판서를 함께 진행함으로, 교재가 필요 없을 수도 있음.(교재는 참고용으로 사용하면 될 것으로 생각됨.)참고교재 : Semiconductor Physics and Devices, Donald A. Neamen, McGrawHill",,,물리화학2,False,True
9129,창의기초설계,2,1학기,3.0,공학전공,"Study on the fundamental concepts of creative engineering, and enhance creativity through the various projects.","Kang Park, et al., Creative Engineering, 2nd Edition, Infinity, 2010.Brian S. Thompson, Creative Engineering Design, Okemos Press, 4th edition, 1998.Handouts.",,,,True,False
9130,창의기초설계,2,1학기,3.0,공학전공,"창의공학의 기본 내용을 학습하고, 개인별 및 팀별 과제를 통하여 창의성을 향상한다.","Kang Park, et al., Creative Engineering, 2nd Edition, Infinity, 2010.Brian S. Thompson, Creative Engineering Design, Okemos Press, 4th edition, 1998.Handouts.",,,없음,True,False
9131,창의기초설계,2,1학기,3.0,공학전공,"창의공학의 기본 내용을 학습하고, 개인별 및 팀별 과제를 통하여 창의성을 향상한다.","Kang Park, et al., Creative Engineering, 2nd Edition, Infinity, 2010.Brian S. Thompson, Creative Engineering Design, Okemos Press, 4th edition, 1998.Handouts.",,,없음,True,False
9132,재료상태도,2,2학기,3.0,공학전공,The main objectives of this course include:(1) understanding the basic ideas of classical thermodynamics(2) linking thermodynamics to the phase stability(3) interpreting and constructing phase diagrams for material systems consisting of:     I. a single component     II. two (binary) components     III. three (ternary) components,"Textbook: Phase equilibria in ceramic systems (Hummel)References:(1) Introduction to the thermodynamics of materials (Gaskell)(2) Thermodynamics of materials (Hudson)(3) Physical ceramics (Chiang, Birnie, and Kingery)(4) Introduction to phase equilibria in ceramics (Bergeron & Risbud)",,,Thermodynamics,True,False
9133,재료물리학,3,2학기,3.0,공학전공,비판. 전자소재의 특성에 대한 고전적 역학 이론의 한계점을 설명할 수 있다.탐색: 기초적인 양자역학을 기반으로 물질내 전자의 거동을 설명할 수 있다.탐색: 전자의 미시적 거동과 물질의 거시적 물성 간의 상관관계를 설명할 수 있다.,"주교재: 재료물리학 (저자: James D. Livingston)참고문헌: 별도 참고문헌은 없으며, 필요시 출력물 제공",,,권장선수교과목 없음,True,False
9134,계면공학,3,1학기,3.0,공학전공,실용적 신소재공학 전문 역량,"*Kingery et al., Introduction to Ceramics*Adamson, Pysical Chemistry of Surface*D.J.Shaw, Intro. Colloid and Surface Chemistry",,,,True,False
9135,계면공학,3,1학기,3.0,공학전공,Practical new materials engineering expertise,"*Kingery et al., Introduction to Ceramics*Adamson, Pysical Chemistry of Surface*D.J.Shaw, Intro. Colloid and Surface Chemistry",,,,True,False
9136,결정결함,3,2학기,3.0,공학전공,"화학결함의 열역학 및 속도론적 학습. 비양론 화합물의 전기적, 자기적, 광학적 성질을 이해함.","Textbook: R.J.D.Tilley, Principles and Applications of Chemical Defects, CRC, 1998. References: D.A.Porter & K.E.Eastering, Phase Transformations in Metals and Alloys, 2nd Edition, Chapman & Hall, 1992. Anthony R. West, Solid State Chemistry and its Application, 2nd Edition, Wiley, 2014.",,,Thermodynamics of Materials,True,False
9137,재료분석실험,3,2학기,2.0,공학전공,The objective of this course is to familiarize you with analysis techniques and equipment common to our materials sciences and engineering and characterize materials with the analysis equipment.,"Handouts in ClassReferences. Encyclopedia of materials characterization by C. R. Brundle, ButterworthHeinemann . Principles pf ceramics processing by James S. Reed, John Wiley & Sons.",,,"재료과학1&2,",True,False
9138,재료분석실험,3,2학기,2.0,공학전공,"융합: 본 강의를 통해 학습자는 재료 분석법과 분석장비에 대한 이해를 기반으로 재료의 특성을 이해할 수 있다.융합: 분석을 기반으로 재료의 특성을 이해하고, 적용 분야를 생각해볼 수 있다.","Handouts in ClassReferencesEncyclopedia of materials characterization by C. R. Brundle, ButterworthHeinemann Principles of ceramics processing by James S. Reed, John Wiley & Sons.",,,"재료과학1, 재료과학2",True,False
9139,고체확산,3,1학기,3.0,공학전공,,,,,,True,False
9140,고체확산,3,1학기,3.0,공학전공,Goals of this course are to provide students with a sound understanding of physical meaning and implications of concepts which apply to diffusion in all crystalline solids.,"Text bookDiffusion in solids(고체확산)/박종욱외 공저/KAIST PRESS.ReferencesªDiffusion in Solidsª by P.G.Shewmon, McGrawHill Book Co.ªPhaseTransformations in Metals and Alloysª by D.A. Porter, Van Nostrand Reinhold Co.",,,,True,False
9141,X선 회절분석,3,1학기,3.0,공학전공,* X선 회절의 원리를 이해할 수 있다.* X선 회절의 원리를 바탕으로 X선 회절 데이터를 이해할 수 있다.,"B.D. Cullity, Elements of Xray Diffraction (3rd edit)M. Ladd, Structure determination by Xray Crystallography (5th edit), Springer",,,"재료과학 (Materials Science), 재료결정학(Crystallography of Materials), 재료상태도(Phase equilibria)",True,False
9142,X선 회절분석,3,1학기,3.0,공학전공,* Understanding the principle of Xray diffraction,"Elements of Xray Diffraction, 3 rd. by B.D. Cuility",,,"Materials Science, Materials Crystallography",True,False
9143,재료물리화학,2,2학기,3.0,공학전공,"고전열역학을 수강 후 학습하는 과정이다.반응 및 상변화 속도론, 통계열학학의 기본 개념, 양자화학의 기초, 원자의 구조, 화학결합, 그리고 격자에너지 등에 관하여 학습한다.","Textbooks: James E. House, Principles of Chemical Kinetics, 2nd Edition, Academic Press, 2007.    David R. Gaskell, Introduction to the Thermodynamics of Materials, 5th Edition, Taylor and Francis, 2008.  Thomas Engel & Philip Reid, Physical Chemistry, 2nd Edition, Prentice Hall, 2009. References:Peter Atkins & Julio de Paula, Physical Chemistry, 9th Edition, W. H. Freeman, 2009. Paul L. Houston, Chemical Kinetics and Reaction Dynamics, McGrawHill, 2001.",,,재료열역학,True,False
9144,재료공정실험,3,1학기,2.0,공학전공,,,,,,True,False
9145,재료공정실험,3,1학기,2.0,공학전공,"The objective of this course is to familiarize you with the synthetic methods of electronic and ceramic materials in the forms of powder, sintered body, and thin film.","Text book: Handouts in ClassReferences:Principles of ceramics processing by James S. Reed,John Wiley & Sons, Inc.,(1995)“Modern Ceramic Engineering” 2nd ed., David W. Richerson,  “Thinfilm deposition” Donald L. Smith, Mc GrawHill, Inc., 1997.",,,,True,False
9146,재료공정실험,3,1학기,2.0,공학전공,"Students will be divided into teams and planed to do the following experimental tasks:Powder procssingSintering processingThin film depositionDesign team project (Introduction,Teamwok,and Report and presentation)","Textbook: Handouts in ClassReferences:Principles of ceramics processing by James S. Reed, John Wiley & Sons, Inc.,(1995)Modern Ceramic Engineering, 2nd Ed., David W. Richerson,Thinfilm deposition, Donald L. Smith, McGrawHill, Inc., 1997.",,,General Chemistry,True,False
9147,재료공정실험,3,1학기,2.0,공학전공,"Students will be divided into teams and planed to do the following experimental tasks:Powder procssingSintering processingThin film depositionDesign team project (Introduction,Teamwok,and Report and presentation)","Textbook: Handouts in ClassReferences:Principles of ceramics processing by James S. Reed, John Wiley & Sons, Inc.,(1995)Modern Ceramic Engineering, 2nd Ed., David W. Richerson,Thinfilm deposition, Donald L. Smith, McGrawHill, Inc., 1997.",,,General Chemistry,True,False
9148,재료콜로퀴엄,3,2학기,1.0,공학전공,발표자와 참여 학생간의 자유로운 토론을 통하여 신소재 공학의 다양한 학문분야에 대한 이해도를 높인다.,유인물,,,재료과학 등,True,False
9149,재료열역학,2,1학기,3.0,공학전공,열역학적 기초 개념을 이해하여 화학반응 및 상반응의 안정성을 이해한다.,"1. Textbook :  David R. Gaskell, Introduction to the Thermodynamics of Materials, 5th Edition, CRC Press, 2008.2. Reference :  Gilbert William Castellan, Physical Chemistry, 3rd Edition, AddisonWesley, 1983.",,,"일반물리학, 일반화학",True,False
9150,재료열역학,2,1학기,3.0,공학전공,"Study the basic concepts of thermodynamics, and undersatand the stabilities of chemical and phase reactions.","1. Textbook :  David R. Gaskell, Introduction to the Thermodynamics of Materials, 5th Edition, CRC Press, 2008.2. Reference :  Gilbert William Castellan, Physical Chemistry, 3rd Edition, AddisonWesley, 1983.",,,"General Physics, General Chemistry",True,False
9151,반도체공학,3,2학기,3.0,공학전공,"The goals of this course are to provide students with a sound understanding of the elements of semiconductor physics and principles of semiconductor devices, and to develop the basic tools with which they can later learn about newly developed devices and applications.","Text book  [Solid State Electronic Devices7th edition.],  by Ben G. Streetman & Sanjay Kumar Banerjee,  published by Pearson Education(2015)References [Principles of electronic materials and devices, by S. D. Kasap, published by McGraw Hill,[Electronic properties of materials, by Rolf E. Hummel, published by Springer,",,,"Materials Science 1 & 2, 공학수학1 & 2, 물리1 & 2, 화학1 & 2,",True,True
9152,파인세라믹스,4,2학기,3.0,공학전공,"To understand the types, manufacturing techniques, properties, evaluation, design, and application of engineering ceramics.",HongLim Lee   ªEngineering Ceramicsª Bando Pub.David W. Richerson ªModern Ceramic Engineeringª 2nd Reviesd and ExpandedReed ªIntroduction to principle of Ceramic precessingªJohn Wiley & Son(1988),,,,True,False
9153,파인세라믹스,4,2학기,3.0,공학전공,"To understand the types, manufacturing techniques, properties, evaluation, design, and application of engineering ceramics.","HongLim Lee   ªEngineering Ceramicsª Bando Pub. (이홍림, 엔지니어링 세라믹스, 반도출판사)David W. Richerson ªModern Ceramic Engineeringª 2nd Reviesd and ExpandedReed ªIntroduction to principle of Ceramic precessingªJohn Wiley & Son(1988)",,,,True,False
9154,세라믹공정,3,2학기,3.0,공학전공,"The design and control of powder processing and forming operation is crucial for manufacturing ceramics having the requisite properties and specifications. This course addresses principles of ceramic processing, including powder preparation and characterization, forming operations, and the basic physical chemistry underlying these operations. Topics include fundamentals of solid state reaction, nano particle synthesis through coprecipitation, solgel method, etc. Also, forming methods such as compaction, casting, and extrusion will be discussed.","Principles of Ceramics Processing, James S. Reed, WileyInterscience.번역서의 경우 ª요업공정ª 범한서적, 김성식 등 옮김",,,"Principles of Materials Science and Engineering, Diffusion in Solid, Phase Diagram.",True,False
9155,세라믹공정,3,2학기,3.0,공학전공,,"Principles of Ceramics Processing, James S. Reed, WileyInterscience.번역서의 경우 ª요업공정ª 범한서적, 김성식 등 옮김",,,Materials Science I & II,True,False
9156,에너지복합소재,4,2학기,3.0,공학전공,"(1) the operation principles of rechargeable batteries, (2) the related terminologies, (3) the physicochemical properties of key electrode materials","Main textbook;R. A. Huggins, “Advanced Batteries: Materials Science Aspects”, SpringerG.A. Nazri, “Lithium Batteries: Science and Technology”, Springer	Supplementary textbooks;J.K. Park, “Principles and Applications of Lithium Secondary Batteries”, Wiley",,,"Physical Chemistry, Xray Diffraction, Materials Crystallography, Thermodynamics, Phase Equilibria",True,False
9157,에너지복합소재,4,2학기,3.0,공학전공,* 이차전지 소재의 결정학적인 이해* 이차전지 소재의 전기화학 반응 이해* 이차전지 소재의 상변화/상평형/상변태 메커니즘 이해* 이차전지 기술의 전반적인 이해도 향상,,,,결정학/X선 회절/재료물리화학/재료상태도/재료열역학/재료전기화학,True,False
9158,디스플레이공학,4,2학기,3.0,공학전공,"본 강의를 통해 디스플레이 기술에 대한 포괄적인 지식을 습득하고, 특히 디스플레이용 소재 (세라믹, 금속, 고분자 등)에 대한 이해와 디스플레이 소자들의 전기적, 광학적 동작을 이해한다.","강의자료와 출력물 제공References1. 평판디스플레이공학, 내하출판사, 김현후, 김한수 등 공저2. 훤히보이는 차세대 디스플레이, 전자신문사, 추혜용, 조경익 등 공저3. 최신 알기쉬운 디스플레이 기술의 기초, 광문각, 니시쿠보 야스히코 저, 박재우 역",,,박막공학,True,False
9159,재료박막공학,4,1학기,3.0,공학전공,다양한 박막 형성 공정을 습득한다.박막 형성 원리를 학습한다.요구되는 박막 특성을 구현하기 위한 박막 증착 설계를 할 수 있다.,"Main reference: Thin film technology, 김홍배 저, 서훈 (2014)References: Thin film deposition, Donald L. Smith, McGrawHill (1995), Basic of thin film technology, 최시영 외, 일진사 (2001)",,,없음.,True,False
9160,재료분석학,3,1학기,3.0,공학전공,Tointroducethechemicalandstructuralnatureofmaterials.Tointroducevarioussurfaceanalysistechniquesandtheirapplicationsinmaterialsscience.Toteachtheconnectionbetweenpropertiesandappropriatecharacterizationtechniquesinordertodeterminepropertiesofmaterials.,"References1.주사전자현미경의기초(황인옥,김재천,반도출판사)2.Introductiontothermalanalysis(M.E.Brown,KluwerAcademicPublishers,2001)3.Practicalsurfaceanalysis(D.BriggsandM.P.Seah,JohnWiley&Sons,1983)4.MaterialsCharacterization,byYangLeng,Wiley,20085.MaterialsCharacterizationTechniques,bySamZhang,LinLi,AshokKumar,CRCPress,2009",,,"재료과학, 결정학, 물리화학, 일반물리, 일반화학",True,False
9161,재료전기화학,4,1학기,3.0,공학전공,"전기화학의 기본적인 지식을 학습하여, 에너지 분야에 응용할 능력을 배양한다.","TextbookChristopher M. A. Brett & Ana Maria Oliveira Brett, Electrochemistry : Principles, Methods, and Applications, Oxford University Press, 1993.ReferenceAllen J. Bard & Larry R. Faulkner, Electrochemical Methods : Fundamentals and Applications, 2nd Edition, Wiley, 2000.",,,"재료열력학, 재료물리화학, 결정결함",True,True
9162,재료전기화학,4,1학기,3.0,공학전공,"Study the fundamental knowledge on electrochemistry, enhance the application ablity on energy applications.","TextbookChristopher M. A. Brett & Ana Maria Oliveira Brett, Electrochemistry : Principles, Methods, and Applications, Oxford University Press, 1993.ReferenceAllen J. Bard & Larry R. Faulkner, Electrochemical Methods : Fundamentals and Applications, 2nd Edition, Wiley, 2000.",,,"Thermodynamics, Physical Chemistry, Defect Crystal Chemistry",True,True
9166,창의적 재료설계,4,2학기,3.0,공학전공,"The capstone design project is conceived as an opportunity for you to demonstrate mastery of the learning outcomes that have been adopted by the Materials Science and Engineering(MSE) program as a whole. The objective of this course is to demonstrate the ability to apply of the scientific and engineering principles that underlie the four major elements of the field (structure, properties, processing, and performance) to materials systems.",This course does not have a required text. Handout and PPT will be provided.,,,,True,False
9168,일반생명과학Ⅰ,2,2학기,3.0,전공기반,생명체의 기본 단위인 세포에서 일어나는 여러 가지 물질 대사들에 대한 이해를 기반으로 다양한 생명현상에 대한 탐구를 통해 생명과학적 지식을 확장한다.,"주교재 : 캠벨 생명과학 포커스 (2판), 전상학 외 번역 (바이오사이언스)  그 외의 다양한 참고문헌",,,없음,True,False
9169,과학기술과 윤리,3,1학기,3.0,기본소양,학문 영역의경계를 넘어 교류와 협력을 통해 통합적으로 사유함으로써 현대 과학기술애 대한 윤리 의식과 지식 가치를 창출하는 역량을 개발한다.,".주교재강의자가 수업 중 자료 제공강의자가 lms에 강의자료를 제공합니다.  .참고문헌<과학기술시대의 윤리>, 아이언 바버 지음, 1993.<과학기술시대의 삶의 양식과 윤리>, 김복수 외 지음, 한국정신문화연구원 엮음, 울력, 2002.<에코 에티카: 기술사회의 새로운 윤리학>, 이마미치 도모노부 지음, 정명환 옮김, 솔,1993.<실천윤리학>, 피터 싱어 지음, 황경식ㆍ김성동 옮김, 철학과 현실사, 1997.<생명의료윤리>, 구영모 엮음, 동녘, 2004.<유전자 혁명과 생명윤리>, 로저 크리스프 외 지음, 생물학사상연구회 옮김, 아침이슬, 2004.<정보화 시대의 사이버 윤리>, 리차드 스피넬로 지음, 노병철 외 옮김, 인간사랑, 2008.<환경윤리: 환경윤리의 이론과 쟁점>, J. R. 데자르뎅 지음, 김명식 옮김, 자작나무, 1999.<공학윤리>, 찰스 E. 해리스 지음, 김유신 외 옮김, 북스힐, 2006.<공학윤리: 과학기술인을 위한 윤리 매뉴얼>, 시바우어ㆍ배리지음(경북대공학윤리연구실 옮김), 도서출판 글고운, 2013.",,,윤리학,True,False
9170,공학수학 1,2,1학기,3.0,전공기반,물리적 현상의 수학적 표현을 이해하고 해석할 수 있는 능력의 향상.다양한 질문과 예시를 통해 물리적 현상 해석을 위한 미분 방정식의 풀이 능력 향상.,"[교재] Advanced Engineering Mathematics, 6th ed. by D.G. Zill and W.S. Wright. Jones and Bartlett Publishers (2016).한글판 교재 가능. 4,5,6판 교재 모두 가능.[참고문헌][1]ErwinKreyszig, Advanced Engineering Mathematics, John Wiley",,,수학 1 (미적분 관련 과목),True,False
9171,공학수학 2,2,2학기,3.0,전공기반,"벡터의 함수와 그 미적분의 개념과 Fourier 급수, 편미분방정식의 해결 방법 등을 학습하여 여러 공학적 문제의 해결에 이용할 수 있다.  복소수의 기본 개념과 복소평면에서의 적분을 이해하고, 문제에 적용하여 해결한다.","Main :  Dennis G. Zill / Warren S. Wright,  Advanced Engineering Mathematics, 7/E, Jones and Bartlett7판 외 이전 편집본(6판,5판,...등) 같은 도서로 수업가능. 한글판의 경우 공학수학1,2로 나눠져있으며 2권 내용위주수업.(아래 강의 내용 및 일정 참조)(9장 벡터 미적분관련 내용은 한글판 공학수학1에 포함되나, 뒷내용에 필요한 내용만 보면 되기에, 강의자료로 제공예정)References1) 고형준 외 공역, 공학수학  I,  텍스트북스2) Erwin Kreyszig, Advanced Engineering Mathematics, Wiley.",,,"공학수학1 (상미분방정식 해법, Laplace 변환, 급수해법은 필히 학습 완료 되어야 함.)",True,False
9172,재료과학1,2,1학기,3.0,공학전공,"To train students with scientific and engineering knowledge so as to comprehend, select materials, process, characterize, analyze, design, and develop newer materials and solutions for the real time problems.To prepare students to excel in research and to succeed in the areas of materials science and engineering.To provide students with a solid foundation in mathematical, scientific and engineering fundamentals required to solve materials science and engineering problems","Textbook: Fundamentals of Materials Science and Engineering. An Integrated Approach,               International Student Version, Fifth Edition              William D. Callister, Jr. and David G. Rethwisch              Wiley",,,"General Physics, General Chemistry",True,False
9173,재료과학1,2,1학기,3.0,공학전공,"To train students with scientific and engineering knowledge so as to comprehend, select materials, process, characterize, analyze, design, and develop newer materials and solutions for the real time problems.To prepare students to excel in research and to succeed in the areas of materials science and engineering.To provide students with a solid foundation in mathematical, scientific and engineering fundamentals required to solve materials science and engineering problems.","Textbook: Fundamentals of Materials Science and Engineering. An Integrated Approach,               International Student Version, Fifth Edition              William D. Callister, Jr. and David G. Rethwisch              Wiley",,,"General Physics, General Chemistry",True,False
9174,재료과학2,2,2학기,3.0,공학전공,"On completion of the course, the student should be able to:describe various kinds of materials (ceramics, metals and polymers, as well as composites and semiconductors), and explain their properties.explain the structureproperty (electrical, mechanical, optical, etc.) relationship in various materials.explain the importance of materials science and engineering in industry and technology development.","Textbook: Fundamentals of Materials Science and Engineering. An Integrated Approach,International Student Version, Fifth EditionWilliam D. Callister, Jr. and David G. RethwischWiley",,,"General Physics, General Chemistry",True,False
9175,재료과학2,2,2학기,3.0,공학전공,"On completion of the course, the student should be able to:	describe various kinds of materials (metals, polymers, and ceramics, as well as composites and semiconductors), and account for their characteristics,	account for the relationship between the structure and mechanical properties of various materials,	account for some historical milestones of importance for materials engineering and science",,,,"General Chemistry, General Physics.",True,False
9176,재료결정학,2,2학기,3.0,공학전공,1) 원자 결합의 종류 및 특성에 대한 이해2) 재료 결정 구조의 종류 및 분류3) 결정 구조 분석에 필요한 기본적 이론 이해,재료결정학 (이정용)Xray 결정학 (허무영),,,재료과학,True,False
9177,재료의기계적성질,3,2학기,3.0,공학전공,응력/변형율/탄성변형/소성변형 등을 구분할 수 있다.모어원을 이용해 시편에 가해지는 응력 상태를 도시할 수 있다.전위론(Dislocation Theory)을 이해한다.소재에 존재하는 다양한 결함(Defects)를 이해한다.소재의 기계적 성질과 전기적 성질을 이해할 수 있다.,"주교재:이동녕, “재료강도학”, 운문당Special topic (To be noticed again)1. Defects in solidsDefects in solids by R. J. D. TilleyPhysical ceramics: Principles of ceramic science and engineering by Y. M. Chiang2. Density of states in solidsElectronic properties of engineering materials by J. D. LivingstonPhysical ceramics: Principles of ceramic science and engineering by Y. M. Chiang3. Adsorption, dband theory, and (electro)catalysisTheoretical surface science and catalysisCalculations and concepts by J. K. Norskov",,,"재료과학, X선 회절",True,False
9178,전자재료학,4,1학기,3.0,공학전공,탐색: 전자재료의 특성을 보다 근본적으로 이해하고 설명할 수 있다.융합: 전자재료의 이해를 바탕으로 부품 및 소자를 설계할 수 있다.,주교재 전자재료물성 및 소자공학 (S. O. Kasap)참고문헌 별도 참고 문헌은 없으며 필요시 출력물 제공,,,"재료물리학, 반도체공학",True,True
9200,통계학,2,2학기,3.0,전공기반,통계학의 기본원리와 기본적인 분석기법과 통계적 방법론  이해하여 합리적 의사 결정을 이끌어낸다,"교재: (제2판) 엑셀을 이용한 통계학(2015), 김달호 외 8인, 자유아카데미부교재 : (1) 통계학 개론(2000), 김우철 외 9인, 영지문화사             (2) INTRODUCTIORY STATISTICS, PREM S. MANN, WILEY",,,없음,False,True
9273,공정제어1,3,2학기,3.0,공학전공,화학공장의 효율적 제어와 운전을 위한 공정제어 이론 및 자동화 능력을 배양한다.,"Title: Process Identification and PID ControlAuthors: Su Whan Sung,Jietae Lee, InBeum LeePublisher: John Wiley and Sons, 2009.",,,프로그래밍 언어,False,True
9284,전기화학공학,2,2학기,3.0,공학전공,"지식, 기술: 전기화학의 기초 원리 습득융합, 탐색: 전기화학의 응용 분야 학습","주교재: Electrochemistry (3rd edition, Seung Mo Oh, 자유아카데미)부교재: Electrochemical Engineering (1st edition, T. F. Fuller and J. N. Harb, Wiley)",,,물리화학,False,True
9285,전기화학공학,2,2학기,3.0,공학전공,"Knowledge, skill: acquisition of basic principles of electrochemistryConvergence, exploration: investigation of application areas of electrochemistry","Main textbook: Electrochemistry (3rd edition, Seung Mo Oh, 자유아카데미)Supplementary textbook: Electrochemical Engineering (1st edition, T. F. Fuller and J. N. Harb, Wiley)",,,Physical chemistry,False,True
9299,통계학,2,1학기,3.0,전공기반,통계학의 기본원리와 기본적인 분석기법과 통계적 방법론 이해하여 합리적 의사 결정을 이끌어낸다,"교재: (제2판) 엑셀을 이용한 통계학(2015), 김달호 외 8인, 자유아카데미",,,없음,False,True
9319,공학 프로그래밍언어,1,2학기,3.0,전공,"화학공학 관련한 교육,연구 또는 산업계 문제들을 해결하는데 필요한 프로그램 코딩 능력을 배양한다.",파이썬 교재: 제공MATLAB 교재: 제공,,,없음,False,True
9394,통계학,2,1학기,3.0,전공기반,통계학의 기본원리와 기본적인 분석기법과 통계적 방법론 이해하여 합리적 의사 결정을 이끌어낸다,"교재: (제2판) 엑셀을 이용한 통계학(2015), 김달호 외 8인, 자유아카데미",,,없음,False,True
9411,공학 프로그래밍언어,1,2학기,3.0,전공,환경공학 문제 해결을 위한 공학 프로그래밍 언어 습득,"참고자료 파이썬 프로그래밍, 유영환 외, 부산대학교 출판문화원데이터 분석을 위한 파이썬 철저 입문, 최은석, 위키북스",,,,False,True
9414,대기오염제어설계1,3,1학기,3.0,공학전공,"본 과목은 공기 중 입자상 물질에 대한 특성 및 제어 기술의 포괄적인 측면을 학습하며 주로 산업 연소 및 공정에서 배출되는 입자상 물질을 제어하기 위한 침강 집진기, 사이클론 집진기, 습식 스크러버, 전기 집진기 및 백 필터 등의 이론적인 집진 원리를 학습하고 이를 바탕으로 기초적인 설계를 연습하는 것이 강의 목표입니다.","교재 : 강의노트대기오염제어 설계공학 (2018), C. David Cooper and F. C. Alley, 김동술 역, 동화기술참고문헌 : 집진기술의 이론과 응용 (2015), 강석호, 안희관, 류필조, 영남대학교출판부",,,"대기오염론, 창의기초설계",False,True
9450,수치해석,3,2학기,3.0,공학전공,Creativity: Approaching questions that elucidates the unknown while questioning the known with an open mindConvergence: Creating new value in knowledge through crossing over traditional disciplines. Integration with interdisciplinary collaboration and cooperation,"Applied Numerical Methods with MATLAB for Engineers and Scientists, Second Edition, S.C. Chapra (2008), McGrawHill.",,,Engineering Mathematics I,False,True
16419,건축설비자동제어,4,2학기,3.0,전공선택,건물의 사용 및 운전단계에서 가장 중요한 위치를 차지하는 건축물의 설비시스템의 구성요소를 파악하고 공학적 구성원리와 기본적인 설계기법을 익힌다,USGBC/LEED/,,ASHRAE/Fundamental 2009/,"추천선수과목 : 31 건축설비시스템, 32 건축공조시스템",False,True
16420,건축설비자동제어,4,2학기,3.0,전공선택,건물의 사용 및 운전단계에서 가장 중요한 위치를 차지하는 건축물의 설비시스템의 구성요소를 파악하고 공학적 구성원리와 기본적인 설계기법을 익힌다,USGBC/LEED/,,ASHRAE/Fundamental 2009/,"추천선수과목 : 31 건축설비시스템, 32 건축공조시스템",False,True
16968,도시통계,2,2학기,3.0,전공선택,"도시 및 지역계획에서 과학적 계획 수립은 매우 중요하다. 이를 위해 사회현상을 나타내는 데이터를 분석하고, 미래를 예측하는 것이 필수적이다. 따라서 본 과목에서는 계획에 필요한 수리적 접근으로서 기초통계 분야를 익히게 된다. 평균, 분산 등 데이터의 특징을 기술하는 기술통계와 도시의 미래를 수리적으로 추정하기 위한 추론통계를 배운다. 구체적으로는 확률, 확률분포, 표본의 분포, 추정, 검정, 분산분석 그리고 회귀분석의 내용을 순차적으로 익혀 통계의 기초지식을 습득하고 궁극적으로 합리적인 계획의 수립을 할 수 있는 능력을 배양함을 목적으로 한다.  어려운 이론 수업을 줄이고 활용도가 높고 친숙한 엑셀 프로그램을 활용한 데이터 입력과 처리, 출력과 해석하는 방법을 직접 수행할 것이며, 수시로 학과 전산실에서 실습을 병행하게 될 것이다.",서울대학교 자연과학대학 통계학과/현대통계학/영지문화사,,"고석남 역/기초응용 수리통계학/진영사,안기수/엑셀로 풀어보는 샹활속의 통계학/생능,윤기중/수리통계학/박영사",,False,True
16969,도시통계,2,2학기,3.0,전공선택,"도시 및 지역계획에서 과학적 계획 수립은 매우 중요하다. 이를 위해 사회현상을 나타내는 데이터를 분석하고, 미래를 예측하는 것이 필수적이다. 따라서 본 과목에서는 계획에 필요한 수리적 접근으로서 기초통계 분야를 익히게 된다. 평균, 분산 등 데이터의 특징을 기술하는 기술통계와 도시의 미래를 수리적으로 추정하기 위한 추론통계를 배운다. 구체적으로는 확률, 확률분포, 표본의 분포, 추정, 검정, 분산분석 그리고 회귀분석의 내용을 순차적으로 익혀 통계의 기초지식을 습득하고 궁극적으로 합리적인 계획의 수립을 할 수 있는 능력을 배양함을 목적으로 한다.  어려운 이론 수업을 줄이고 활용도가 높고 친숙한 엑셀 프로그램을 활용한 데이터 입력과 처리, 출력과 해석하는 방법을 직접 수행할 것이며, 수시로 학과 전산실에서 실습을 병행하게 될 것이다.",서울대학교 자연과학대학 통계학과/현대통계학/영지문화사,,"고석남 역/기초응용 수리통계학/진영사,안기수/엑셀로 풀어보는 샹활속의 통계학/생능,윤기중/수리통계학/박영사",,False,True
16970,도시통계,2,2학기,3.0,전공선택,"도시 및 지역계획에서 과학적 계획 수립은 매우 중요하다. 이를 위해 사회현상을 나타내는 데이터를 분석하고, 미래를 예측하는 것이 필수적이다. 따라서 본 과목에서는 계획에 필요한 수리적 접근으로서 기초통계 분야를 익히게 된다. 평균, 분산 등 데이터의 특징을 기술하는 기술통계와 도시의 미래를 수리적으로 추정하기 위한 추론통계를 배운다. 구체적으로는 확률, 확률분포, 표본의 분포, 추정, 검정, 분산분석 그리고 회귀분석의 내용을 순차적으로 익혀 통계의 기초지식을 습득하고 궁극적으로 합리적인 계획의 수립을 할 수 있는 능력을 배양함을 목적으로 한다.  어려운 이론 수업을 줄이고 활용도가 높고 친숙한 엑셀 프로그램을 활용한 데이터 입력과 처리, 출력과 해석하는 방법을 직접 수행할 것이며, 수시로 학과 전산실에서 실습을 병행하게 될 것이다.",서울대학교 자연과학대학 통계학과/현대통계학/영지문화사,,"고석남 역/기초응용 수리통계학/진영사,안기수/엑셀로 풀어보는 샹활속의 통계학/생능,윤기중/수리통계학/박영사",,False,True
16971,도시통계,2,2학기,3.0,전공선택,"도시 및 지역계획에서 과학적 계획 수립은 매우 중요하다. 이를 위해 사회현상을 나타내는 데이터를 분석하고, 미래를 예측하는 것이 필수적이다. 따라서 본 과목에서는 계획에 필요한 수리적 접근으로서 기초통계 분야를 익히게 된다. 평균, 분산 등 데이터의 특징을 기술하는 기술통계와 도시의 미래를 수리적으로 추정하기 위한 추론통계를 배운다. 구체적으로는 확률, 확률분포, 표본의 분포, 추정, 검정, 분산분석 그리고 회귀분석의 내용을 순차적으로 익혀 통계의 기초지식을 습득하고 궁극적으로 합리적인 계획의 수립을 할 수 있는 능력을 배양함을 목적으로 한다.  어려운 이론 수업을 줄이고 활용도가 높고 친숙한 엑셀 프로그램을 활용한 데이터 입력과 처리, 출력과 해석하는 방법을 직접 수행할 것이며, 수시로 학과 전산실에서 실습을 병행하게 될 것이다.",서울대학교 자연과학대학 통계학과/현대통계학/영지문화사,,"고석남 역/기초응용 수리통계학/진영사,안기수/엑셀로 풀어보는 샹활속의 통계학/생능,윤기중/수리통계학/박영사",,False,True
16975,교통계획,2,1학기,3.0,전공필수,교통계획에 기본이 되는 4단계수요추정에 대해서 학습한다. 4단계 수요추정은 크게 통뱅발생통행분포수단선택통행배분으로 구성되어 있으며 각각에 대해서 예제와 함께 학습한다. 더불어 최근 각광을 받고 있는 개별행태모형과 활동중심 모형에 대해서 학습할 예정이며 관련 전문가를 모시고 세미나를 개최할 예정이다.,원제무/도시교통론/박영사,,"B.G. HUTCHINSON/PRINCIPLES OF URBAN TRANSPORT SYSTEM PLANNING/MGH,Juan de Dios Ortuzar/Modelling Transport/John Wiley & Sons,노정현/교통계획/(주)나남출판",,False,True
16976,교통계획,2,1학기,3.0,전공필수,교통계획에 기본이 되는 4단계수요추정에 대해서 학습한다. 4단계 수요추정은 크게 통뱅발생통행분포수단선택통행배분으로 구성되어 있으며 각각에 대해서 예제와 함께 학습한다. 더불어 최근 각광을 받고 있는 개별행태모형과 활동중심 모형에 대해서 학습할 예정이며 관련 전문가를 모시고 세미나를 개최할 예정이다.,원제무/도시교통론/박영사,,"B.G. HUTCHINSON/PRINCIPLES OF URBAN TRANSPORT SYSTEM PLANNING/MGH,Juan de Dios Ortuzar/Modelling Transport/John Wiley & Sons,노정현/교통계획/(주)나남출판",,False,True
16977,교통계획,2,1학기,3.0,전공필수,교통계획에 기본이 되는 4단계수요추정에 대해서 학습한다. 4단계 수요추정은 크게 통뱅발생통행분포수단선택통행배분으로 구성되어 있으며 각각에 대해서 예제와 함께 학습한다. 더불어 최근 각광을 받고 있는 개별행태모형과 활동중심 모형에 대해서 학습할 예정이며 관련 전문가를 모시고 세미나를 개최할 예정이다.,원제무/도시교통론/박영사,,"B.G. HUTCHINSON/PRINCIPLES OF URBAN TRANSPORT SYSTEM PLANNING/MGH,Juan de Dios Ortuzar/Modelling Transport/John Wiley & Sons,노정현/교통계획/(주)나남출판",,False,True
16978,교통계획,2,1학기,3.0,전공필수,교통계획에 기본이 되는 4단계수요추정에 대해서 학습한다. 4단계 수요추정은 크게 통뱅발생통행분포수단선택통행배분으로 구성되어 있으며 각각에 대해서 예제와 함께 학습한다. 더불어 최근 각광을 받고 있는 개별행태모형과 활동중심 모형에 대해서 학습할 예정이며 관련 전문가를 모시고 세미나를 개최할 예정이다.,원제무/도시교통론/박영사,,"B.G. HUTCHINSON/PRINCIPLES OF URBAN TRANSPORT SYSTEM PLANNING/MGH,Juan de Dios Ortuzar/Modelling Transport/John Wiley & Sons,노정현/교통계획/(주)나남출판",,False,True
17052,기계공학프로그래밍,2,1학기,3.0,전공선택,"본 강좌에서는 주면의 수학과 기계공학 문제를 수식으로 유도하고 그 결과를 컴퓨터 프로그램을 이용하여 해결하는 수치해석 방법을 배운다. 컴퓨터 프로그램은 가장 쉬운 Excel과 Matlab을 사용하며 좀더 깊이 있는 결과를 위해 C언어를 사용할 수 있다. 강의는 주로 공학수학과 기계공학문제를 컴퓨터를 이용해 수치적으로 해결하는 과정을 보여주며, 수강생은 주변에서 수학 공학 문제를 도출해 해결하는 과제, 중간 프로젝트, 기말 프로젝트를 제출하고 교수는 이를 피드백한다.",/강의자료/,,,"필수선수과목 : 컴퓨터프로그래밍기초, 수학2,추천선수과목 : 물리학, 정역학",False,True
17053,기계공학프로그래밍,2,1학기,3.0,전공선택,"본 강좌에서는 공학에서 발견되는 각종 문제의 해를 컴퓨터를 이용하여 구하는 방법을 배운다. 기본적으로 MATLAB이라는 공학프로그램 언어의 사용법에 대해 학습한 후, 이를 이용하여 기본적인 공학 관련 문제 해를 구하는 프로그래밍 기법을 배운다. 이 과정에서 공학적 결과의 가시화를 위한 그래프 출력, 미적분 문제 해, 자료 분석 방법등을 구체적으로 학습한다.",William Palm III/공학도를 위한 매트랩/생능,,"Amos Gilat/매트랩의 정석/ITC,Brian Hahn/공학설계를 위한 MATLAB 기초와 응용/아진,Jaan Kiusalaas/Matlab 수치해석 입문/아진,Steven Chapra/응용수치해석 제 3판/McGrawHill",필수선수과목 : 수학2,False,True
17054,기계공학프로그래밍,2,1학기,3.0,전공선택,"본 강좌에서는 주면의 수학과 기계공학 문제를 수식으로 유도하고 그 결과를 컴퓨터 프로그램을 이용하여 해결하는 수치해석 방법을 배운다. 컴퓨터 프로그램은 가장 쉬운 Excel과 Matlab을 사용하며 좀더 깊이 있는 결과를 위해 C언어를 사용할 수 있다. 강의는 주로 공학수학과 기계공학문제를 컴퓨터를 이용해 수치적으로 해결하는 과정을 보여주며, 수강생은 주변에서 수학 공학 문제를 도출해 해결하는 과제, 중간 프로젝트, 기말 프로젝트를 제출하고 교수는 이를 피드백한다.",/강의자료/,,,"필수선수과목 : 컴퓨터프로그래밍기초, 수학2,추천선수과목 : 물리학, 정역학",False,True
17055,기계공학프로그래밍,2,1학기,3.0,전공선택,"본 강좌에서는 공학에서 발견되는 각종 문제의 해를 컴퓨터를 이용하여 구하는 방법을 배운다. 기본적으로 MATLAB이라는 공학프로그램 언어의 사용법에 대해 학습한 후, 이를 이용하여 기본적인 공학 관련 문제 해를 구하는 프로그래밍 기법을 배운다. 이 과정에서 공학적 결과의 가시화를 위한 그래프 출력, 미적분 문제 해, 자료 분석 방법등을 구체적으로 학습한다.",William Palm III/공학도를 위한 매트랩/생능,,"Amos Gilat/매트랩의 정석/ITC,Brian Hahn/공학설계를 위한 MATLAB 기초와 응용/아진,Jaan Kiusalaas/Matlab 수치해석 입문/아진,Steven Chapra/응용수치해석 제 3판/McGrawHill",필수선수과목 : 수학2,False,True
17056,기계공학프로그래밍,2,1학기,3.0,전공선택,"본 강좌에서는 공학에서 발견되는 각종 문제의 해를 컴퓨터를 이용하여 구하는 방법을 배운다. 기본적으로 MATLAB이라는 공학프로그램 언어의 사용법에 대해 학습한 후, 이를 이용하여 기본적인 공학 관련 문제 해를 구하는 프로그래밍 기법을 배운다. 이 과정에서 공학적 결과의 가시화를 위한 그래프 출력, 미적분 문제 해, 자료 분석 방법등을 구체적으로 학습한다.",William Palm III/공학도를 위한 매트랩/생능,,"Amos Gilat/매트랩의 정석/ITC,Brian Hahn/공학설계를 위한 MATLAB 기초와 응용/아진,Jaan Kiusalaas/Matlab 수치해석 입문/아진,Steven Chapra/응용수치해석 제 3판/McGrawHill",필수선수과목 : 수학2,False,True
17057,기계공학프로그래밍,2,1학기,3.0,전공선택,"본 강좌에서는 공학에서 발견되는 각종 문제의 해를 컴퓨터를 이용하여 구하는 방법을 배운다. 기본적으로 MATLAB이라는 공학프로그램 언어의 사용법에 대해 학습한 후, 이를 이용하여 기본적인 공학 관련 문제 해를 구하는 프로그래밍 기법을 배운다. 이 과정에서 공학적 결과의 가시화를 위한 그래프 출력, 미적분 문제 해, 자료 분석 방법등을 구체적으로 학습한다.",William Palm III/공학도를 위한 매트랩/생능,,"Amos Gilat/매트랩의 정석/ITC,Brian Hahn/공학설계를 위한 MATLAB 기초와 응용/아진,Jaan Kiusalaas/Matlab 수치해석 입문/아진,Steven Chapra/응용수치해석 제 3판/McGrawHill",필수선수과목 : 수학2,False,True
17058,기계공학프로그래밍,2,1학기,3.0,전공선택,"본 강좌에서는 공학에서 발견되는 각종 문제의 해를 컴퓨터를 이용하여 구하는 방법을 배운다. 기본적으로 MATLAB이라는 공학프로그램 언어의 사용법에 대해 학습한 후, 이를 이용하여 기본적인 공학 관련 문제 해를 구하는 프로그래밍 기법을 배운다. 이 과정에서 공학적 결과의 가시화를 위한 그래프 출력, 미적분 문제 해, 자료 분석 방법등을 구체적으로 학습한다.",William Palm III/공학도를 위한 매트랩/생능,,"Amos Gilat/매트랩의 정석/ITC,Brian Hahn/공학설계를 위한 MATLAB 기초와 응용/아진,Jaan Kiusalaas/Matlab 수치해석 입문/아진,Steven Chapra/응용수치해석 제 3판/McGrawHill",필수선수과목 : 수학2,False,True
17059,기계공학프로그래밍,2,1학기,3.0,전공선택,"본 강좌에서는 주면의 수학과 기계공학 문제를 수식으로 유도하고 그 결과를 컴퓨터 프로그램을 이용하여 해결하는 수치해석 방법을 배운다. 컴퓨터 프로그램은 가장 쉬운 Excel과 Matlab을 사용하며 좀더 깊이 있는 결과를 위해 C언어를 사용할 수 있다. 강의는 주로 공학수학과 기계공학문제를 컴퓨터를 이용해 수치적으로 해결하는 과정을 보여주며, 수강생은 주변에서 수학 공학 문제를 도출해 해결하는 과제, 중간 프로젝트, 기말 프로젝트를 제출하고 교수는 이를 피드백한다.",/강의자료/,,,"필수선수과목 : 컴퓨터프로그래밍기초, 수학2,추천선수과목 : 물리학, 정역학",False,True
17081,기계전자재료및응용설계,3,2학기,3.0,전공선택,,/PPT 강의자료/,,,"필수선수과목 : 재료과학, 계측공학",False,True
17153,제어공학,3,2학기,3.0,전공선택,"로봇, 자동차, 비행기 등 모든 첨단 장비의 두뇌에 해당하는 제어 장치는 제어기 설계 능력에 따라 장비의 지능적인 성능이 결정된다. 제어기는 인간 지능 방식을 모방하면서 발전되어 왔다. 현대의 공학인으로서 지능을 지닌 시스템을 이해하거나 개발하기 위해서는 제어공학의 지식을 습득하는 것이 필수적이다. 제어공학의 주요 목표는 동적인 시스템의 성능을 향상시키기 위해 적절한 제어장치를 설계하는 것이다.본 강좌에서는 제어시스템의 원리, Laplace 변환, 동적 시스템의 수학적 모델링, 입출력 관계를 수학적으로 표현하는 전달함수, 시스템의 과도응답해석, 단입력 단출력 제어시스템의 PID 제어이론 및 기계식과 전자식 제어기를 배운다. 또한 시스템의 안정성을 판별하는 근궤적 해석을 익히고 Bode 선도와 극좌표 선도를 통한 폐루프 시스템의 주파수 응답을 공부한다. 이론적으로 배운 설계 과정을 상사시스템을 이용한 전자회로로 설계된 제어시스템의 성능을 시험하고 분석한다. 또한 Matlab를 이용하여 실험의 과정과 결과를 검증한다.",박영진/Lecture notes/,,"Katsuhiko Ogata/Modern Control Engineering (fifth edition)/Prentice Hall,강철구 외 3인 공역/현대제어공학/사이텍미디어",필수선수과목 : 기계진동학,False,True
17154,제어공학,3,2학기,3.0,전공선택,"로봇, 자동차, 비행기 등 모든 첨단 장비의 두뇌에 해당하는 제어 장치는 제어기 설계 능력에 따라 장비의 지능적인 성능이 결정된다. 제어기는 인간 지능 방식을 모방하면서 발전되어 왔다. 현대의 공학인으로서 지능을 지닌 시스템을 이해하거나 개발하기 위해서는 제어공학의 지식을 습득하는 것이 필수적이다. 제어공학의 주요 목표는 동적인 시스템의 성능을 향상시키기 위해 적절한 제어장치를 설계하는 것이다.본 강좌에서는 제어시스템의 원리, Laplace 변환, 동적 시스템의 수학적 모델링, 입출력 관계를 수학적으로 표현하는 전달함수, 시스템의 과도응답해석, 단입력 단출력 제어시스템의 PID 제어이론 및 기계식과 전자식 제어기를 배운다. 또한 시스템의 안정성을 판별하는 근궤적 해석을 익히고 Bode 선도와 극좌표 선도를 통한 폐루프 시스템의 주파수 응답을 공부한다. 이론적으로 배운 설계 과정을 Matlab를 이용하여 검증한다.",윤일중/Lecture notes/,,"Katsuhiko Ogata/Modern Control Engineering (third edition)/Prentice Hall,강철구 외 3인 공역/현대제어공학/사이텍미디어",필수선수과목 : 기계진동학,False,True
17155,제어공학,3,2학기,3.0,전공선택,"로봇, 자동차, 비행기 등 모든 첨단 장비의 두뇌에 해당하는 제어 장치는 제어기 설계 능력에 따라 장비의 지능적인 성능이 결정된다. 제어기는 인간 지능 방식을 모방하면서 발전되어 왔다. 현대의 공학인으로서 지능을 지닌 시스템을 이해하거나 개발하기 위해서는 제어공학의 지식을 습득하는 것이 필수적이다. 제어공학의 주요 목표는 동적인 시스템의 성능을 향상시키기 위해 적절한 제어장치를 설계하는 것이다.본 강좌에서는 제어시스템의 원리, Laplace 변환, 동적 시스템의 수학적 모델링, 입출력 관계를 수학적으로 표현하는 전달함수, 시스템의 과도응답해석, 단입력 단출력 제어시스템의 PID 제어이론 및 기계식과 전자식 제어기를 배운다. 또한 시스템의 안정성을 판별하는 근궤적 해석을 익히고 Bode 선도와 극좌표 선도를 통한 폐루프 시스템의 주파수 응답을 공부한다. 이론적으로 배운 설계 과정을 상사시스템을 이용한 전자회로로 설계된 제어시스템의 성능을 시험하고 분석한다. 또한 Matlab를 이용하여 실험의 과정과 결과를 검증한다.",박영진/Lecture notes/,,"Katsuhiko Ogata/Modern Control Engineering (fifth edition)/Prentice Hall,강철구 외 3인 공역/현대제어공학/사이텍미디어",필수선수과목 : 기계진동학,False,True
17156,제어공학,3,2학기,3.0,전공선택,"로봇, 자동차, 비행기 등 모든 첨단 장비의 두뇌에 해당하는 제어 장치는 제어기 설계 능력에 따라 장비의 지능적인 성능이 결정된다. 제어기는 인간 지능 방식을 모방하면서 발전되어 왔다. 현대의 공학인으로서 지능을 지닌 시스템을 이해하거나 개발하기 위해서는 제어공학의 지식을 습득하는 것이 필수적이다. 제어공학의 주요 목표는 동적인 시스템의 성능을 향상시키기 위해 적절한 제어장치를 설계하는 것이다.본 강좌에서는 제어시스템의 원리, Laplace 변환, 동적 시스템의 수학적 모델링, 입출력 관계를 수학적으로 표현하는 전달함수, 시스템의 과도응답해석, 단입력 단출력 제어시스템의 PID 제어이론 및 기계식과 전자식 제어기를 배운다. 또한 시스템의 안정성을 판별하는 근궤적 해석을 익히고 Bode 선도와 극좌표 선도를 통한 폐루프 시스템의 주파수 응답을 공부한다. 이론적으로 배운 설계 과정을 상사시스템을 이용한 전자회로로 설계된 제어시스템의 성능을 시험하고 분석한다. 또한 Matlab를 이용하여 실험의 과정과 결과를 검증한다.",박영진/Lecture notes/,,"Katsuhiko Ogata/Modern Control Engineering (fifth edition)/Prentice Hall,강철구 외 3인 공역/현대제어공학/사이텍미디어",필수선수과목 : 기계진동학,False,True
17157,제어공학,3,2학기,3.0,전공선택,"로봇, 자동차, 비행기 등 모든 첨단 장비의 두뇌에 해당하는 제어 장치는 제어기 설계 능력에 따라 장비의 지능적인 성능이 결정된다. 제어기는 인간 지능 방식을 모방하면서 발전되어 왔다. 현대의 공학인으로서 지능을 지닌 시스템을 이해하거나 개발하기 위해서는 제어공학의 지식을 습득하는 것이 필수적이다. 제어공학의 주요 목표는 동적인 시스템의 성능을 향상시키기 위해 적절한 제어장치를 설계하는 것이다.본 강좌에서는 제어시스템의 원리, Laplace 변환, 동적 시스템의 수학적 모델링, 입출력 관계를 수학적으로 표현하는 전달함수, 시스템의 과도응답해석, 단입력 단출력 제어시스템의 PID 제어이론 및 기계식과 전자식 제어기를 배운다. 또한 시스템의 안정성을 판별하는 근궤적 해석을 익히고 Bode 선도와 극좌표 선도를 통한 폐루프 시스템의 주파수 응답을 공부한다. 이론적으로 배운 설계 과정을 Matlab를 이용하여 검증한다.",윤일중/Lecture notes/,,"Katsuhiko Ogata/Modern Control Engineering (third edition)/Prentice Hall,강철구 외 3인 공역/현대제어공학/사이텍미디어",필수선수과목 : 기계진동학,False,True
17158,제어공학,3,2학기,3.0,전공선택,"로봇, 자동차, 비행기 등 모든 첨단 장비의 두뇌에 해당하는 제어 장치는 제어기 설계 능력에 따라 장비의 지능적인 성능이 결정된다. 제어기는 인간 지능 방식을 모방하면서 발전되어 왔다. 현대의 공학인으로서 지능을 지닌 시스템을 이해하거나 개발하기 위해서는 제어공학의 지식을 습득하는 것이 필수적이다. 제어공학의 주요 목표는 동적인 시스템의 성능을 향상시키기 위해 적절한 제어장치를 설계하는 것이다.본 강좌에서는 제어시스템의 원리, Laplace 변환, 동적 시스템의 수학적 모델링, 입출력 관계를 수학적으로 표현하는 전달함수, 시스템의 과도응답해석, 단입력 단출력 제어시스템의 PID 제어이론 및 기계식과 전자식 제어기를 배운다. 또한 시스템의 안정성을 판별하는 근궤적 해석을 익히고 Bode 선도와 극좌표 선도를 통한 폐루프 시스템의 주파수 응답을 공부한다. 이론적으로 배운 설계 과정을 Matlab를 이용하여 검증한다.",윤일중/Lecture notes/,,"Katsuhiko Ogata/Modern Control Engineering (third edition)/Prentice Hall,강철구 외 3인 공역/현대제어공학/사이텍미디어",필수선수과목 : 기계진동학,False,True
17205,전기전자응용실험1,3,1학기,3.0,전공필수,"먼저 AND, OR, NAND, NOR 등 각종 논리소자의 기본특성을 이해한다. MUX 및 DMUX, 플립플롭을 사용한 동기 및 비동기식 카운터 구성 등의 실험을 통해 논리회로 설계 능력을 기른다. 조별로 TTL을 사용하여 실험하며, 학기말에는 개인별 프로젝트를 수행한다.",,,,"추천선수과목 : 전기전자실험1, 디지털시스템",True,True
17206,전기전자응용실험1,3,1학기,3.0,전공필수,"먼저 AND, OR, NAND, NOR 등 각종 논리소자의 기본특성을 이해한다. MUX 및 DMUX, 플립플롭을 사용한 동기 및 비동기식 카운터 구성 등의 실험을 통해 논리회로 설계 능력을 기른다. 조별로 TTL을 사용하여 실험하며, 학기말에는 개인별 프로젝트를 수행한다.",,,,"추천선수과목 : 전기전자실험1, 디지털시스템",True,True
17207,전기전자응용실험1,3,1학기,3.0,전공필수,"먼저 AND, OR, NAND, NOR 등 각종 논리소자의 기본특성을 이해한다. MUX 및 DMUX, 플립플롭을 사용한 동기 및 비동기식 카운터 구성 등의 실험을 통해 논리회로 설계 능력을 기른다. 조별로 TTL을 사용하여 실험하며, 학기말에는 개인별 프로젝트를 수행한다.",,,,"추천선수과목 : 전기전자실험1, 디지털시스템",True,True
17208,전기전자응용실험2,3,2학기,3.0,전공필수,마이크로 콘트롤러 기본 개념 이해마이크로 콘트롤러 응용 능력 배양각종 센서의 원리 및 응용 능력 배양팀 활동에 따른 협동심 및 발표력 배양,김경연/아두이노 완전정복/복두출판사,,,"필수선수과목 : 공학프로그래밍 언어,추천선수과목 : 디지털시스템, 전기전자응용실험1",True,True
17209,전기전자응용실험2,3,2학기,3.0,전공필수,마이크로 콘트롤러 기본 개념 이해마이크로 콘트롤러 응용 능력 배양각종 센서의 원리 및 응용 능력 배양팀 활동에 따른 협동심 및 발표력 배양,김경연/아두이노 완전정복/복두출판사,,,"필수선수과목 : 공학프로그래밍 언어,추천선수과목 : 디지털시스템, 전기전자응용실험1",True,True
17210,전기전자응용실험2,3,2학기,3.0,전공필수,마이크로 콘트롤러 기본 개념 이해마이크로 콘트롤러 응용 능력 배양각종 센서의 원리 및 응용 능력 배양팀 활동에 따른 협동심 및 발표력 배양,김경연/아두이노 완전정복/복두출판사,,,"필수선수과목 : 공학프로그래밍 언어,추천선수과목 : 디지털시스템, 전기전자응용실험1",True,True
17211,전기전자실험1,2,1학기,2.0,전공필수,"전기공학의 기초적이고 중요한 여러가지 이론들을 다양한 기자재를 이용한 실험을 통해 습득하고, 향후 전기공학관련 실무에 적용할 수 있는 응용능력을 배양한다.",윤길중/기초전기전자실험/복두출판사,,"C.R.Paul, K.W.Whites,S.A.Nasar/Introduction to Electromagnetic Fields (3rd edn.)/McGrawHill,D.K.Cheng/Fundamentals of Engineering Electromagnetics/AddisonWesley,F.D.Ulaby/Fundamentals of Applied Electromagnetics (1999 edn.)/PrenticeHall, Inc.,Z.Popovic,B.D.Popovic/Introductory Electromagnetics/PrenticeHall, Inc.,정동규/기초전기전자회로실험/인터비전",,True,True
17212,전기전자실험1,2,1학기,2.0,전공필수,"전기공학의 기초적이고 중요한 여러가지 이론들을 다양한 기자재를 이용한 실험을 통해 습득하고, 향후 전기공학관련 실무에 적용할 수 있는 응용능력을 배양한다.",윤길중/기초전기전자실험/복두출판사,,"C.R.Paul, K.W.Whites,S.A.Nasar/Introduction to Electromagnetic Fields (3rd edn.)/McGrawHill,D.K.Cheng/Fundamentals of Engineering Electromagnetics/AddisonWesley,F.D.Ulaby/Fundamentals of Applied Electromagnetics (1999 edn.)/PrenticeHall, Inc.,Z.Popovic,B.D.Popovic/Introductory Electromagnetics/PrenticeHall, Inc.,정동규/기초전기전자회로실험/인터비전",,True,True
17213,전기전자실험1,2,1학기,2.0,전공필수,"전기공학의 기초적이고 중요한 여러가지 이론들을 다양한 기자재를 이용한 실험을 통해 습득하고, 향후 전기공학관련 실무에 적용할 수 있는 응용능력을 배양한다.",윤길중/기초전기전자실험/복두출판사,,"C.R.Paul, K.W.Whites,S.A.Nasar/Introduction to Electromagnetic Fields (3rd edn.)/McGrawHill,D.K.Cheng/Fundamentals of Engineering Electromagnetics/AddisonWesley,F.D.Ulaby/Fundamentals of Applied Electromagnetics (1999 edn.)/PrenticeHall, Inc.,Z.Popovic,B.D.Popovic/Introductory Electromagnetics/PrenticeHall, Inc.,정동규/기초전기전자회로실험/인터비전",,True,True
17214,전기전자실험1,2,1학기,2.0,전공필수,"전기공학의 기초적이고 중요한 여러가지 이론들을 다양한 기자재를 이용한 실험을 통해 습득하고, 향후 전기공학관련 실무에 적용할 수 있는 응용능력을 배양한다.",윤길중/기초전기전자실험/복두출판사,,"C.R.Paul, K.W.Whites,S.A.Nasar/Introduction to Electromagnetic Fields (3rd edn.)/McGrawHill,D.K.Cheng/Fundamentals of Engineering Electromagnetics/AddisonWesley,F.D.Ulaby/Fundamentals of Applied Electromagnetics (1999 edn.)/PrenticeHall, Inc.,Z.Popovic,B.D.Popovic/Introductory Electromagnetics/PrenticeHall, Inc.,정동규/기초전기전자회로실험/인터비전",,True,True
17215,전기전자실험1,2,1학기,2.0,전공필수,"전기공학의 기초적이고 중요한 여러가지 이론들을 다양한 기자재를 이용한 실험을 통해 습득하고, 향후 전기공학관련 실무에 적용할 수 있는 응용능력을 배양한다.",윤길중/기초전기전자실험/복두출판사,,"C.R.Paul, K.W.Whites,S.A.Nasar/Introduction to Electromagnetic Fields (3rd edn.)/McGrawHill,D.K.Cheng/Fundamentals of Engineering Electromagnetics/AddisonWesley,F.D.Ulaby/Fundamentals of Applied Electromagnetics (1999 edn.)/PrenticeHall, Inc.,Z.Popovic,B.D.Popovic/Introductory Electromagnetics/PrenticeHall, Inc.,정동규/기초전기전자회로실험/인터비전",,True,True
17216,전기전자실험1,2,1학기,2.0,전공필수,"전기공학의 기초적이고 중요한 여러가지 이론들을 다양한 기자재를 이용한 실험을 통해 습득하고, 향후 전기공학관련 실무에 적용할 수 있는 응용능력을 배양한다.",윤길중/기초전기전자실험/복두출판사,,"C.R.Paul, K.W.Whites,S.A.Nasar/Introduction to Electromagnetic Fields (3rd edn.)/McGrawHill,D.K.Cheng/Fundamentals of Engineering Electromagnetics/AddisonWesley,F.D.Ulaby/Fundamentals of Applied Electromagnetics (1999 edn.)/PrenticeHall, Inc.,Z.Popovic,B.D.Popovic/Introductory Electromagnetics/PrenticeHall, Inc.,정동규/기초전기전자회로실험/인터비전",,True,True
17217,전기전자실험1,2,1학기,2.0,전공필수,"전기공학의 기초적이고 중요한 여러가지 이론들을 다양한 기자재를 이용한 실험을 통해 습득하고, 향후 전기공학관련 실무에 적용할 수 있는 응용능력을 배양한다.",윤길중/기초전기전자실험/복두출판사,,"C.R.Paul, K.W.Whites,S.A.Nasar/Introduction to Electromagnetic Fields (3rd edn.)/McGrawHill,D.K.Cheng/Fundamentals of Engineering Electromagnetics/AddisonWesley,F.D.Ulaby/Fundamentals of Applied Electromagnetics (1999 edn.)/PrenticeHall, Inc.,Z.Popovic,B.D.Popovic/Introductory Electromagnetics/PrenticeHall, Inc.,정동규/기초전기전자회로실험/인터비전",,True,True
17218,전기전자실험1,2,1학기,2.0,전공필수,"전기공학의 기초적이고 중요한 여러가지 이론들을 다양한 기자재를 이용한 실험을 통해 습득하고, 향후 전기공학관련 실무에 적용할 수 있는 응용능력을 배양한다.",윤길중/기초전기전자실험/복두출판사,,"C.R.Paul, K.W.Whites,S.A.Nasar/Introduction to Electromagnetic Fields (3rd edn.)/McGrawHill,D.K.Cheng/Fundamentals of Engineering Electromagnetics/AddisonWesley,F.D.Ulaby/Fundamentals of Applied Electromagnetics (1999 edn.)/PrenticeHall, Inc.,Z.Popovic,B.D.Popovic/Introductory Electromagnetics/PrenticeHall, Inc.,정동규/기초전기전자회로실험/인터비전",,True,True
17219,전기전자실험1,2,1학기,2.0,전공필수,"전기공학의 기초적이고 중요한 여러가지 이론들을 다양한 기자재를 이용한 실험을 통해 습득하고, 향후 전기공학관련 실무에 적용할 수 있는 응용능력을 배양한다.",윤길중/기초전기전자실험/복두출판사,,"C.R.Paul, K.W.Whites,S.A.Nasar/Introduction to Electromagnetic Fields (3rd edn.)/McGrawHill,D.K.Cheng/Fundamentals of Engineering Electromagnetics/AddisonWesley,F.D.Ulaby/Fundamentals of Applied Electromagnetics (1999 edn.)/PrenticeHall, Inc.,Z.Popovic,B.D.Popovic/Introductory Electromagnetics/PrenticeHall, Inc.,정동규/기초전기전자회로실험/인터비전",,True,True
17220,전기전자실험1,2,1학기,2.0,전공필수,"전기공학의 기초적이고 중요한 여러가지 이론들을 다양한 기자재를 이용한 실험을 통해 습득하고, 향후 전기공학관련 실무에 적용할 수 있는 응용능력을 배양한다.",윤길중/기초전기전자실험/복두출판사,,"C.R.Paul, K.W.Whites,S.A.Nasar/Introduction to Electromagnetic Fields (3rd edn.)/McGrawHill,D.K.Cheng/Fundamentals of Engineering Electromagnetics/AddisonWesley,F.D.Ulaby/Fundamentals of Applied Electromagnetics (1999 edn.)/PrenticeHall, Inc.,Z.Popovic,B.D.Popovic/Introductory Electromagnetics/PrenticeHall, Inc.,정동규/기초전기전자회로실험/인터비전",,True,True
17221,전기전자실험1,2,1학기,2.0,전공필수,"전기공학의 기초적이고 중요한 여러가지 이론들을 다양한 기자재를 이용한 실험을 통해 습득하고, 향후 전기공학관련 실무에 적용할 수 있는 응용능력을 배양한다.",윤길중/기초전기전자실험/복두출판사,,"C.R.Paul, K.W.Whites,S.A.Nasar/Introduction to Electromagnetic Fields (3rd edn.)/McGrawHill,D.K.Cheng/Fundamentals of Engineering Electromagnetics/AddisonWesley,F.D.Ulaby/Fundamentals of Applied Electromagnetics (1999 edn.)/PrenticeHall, Inc.,Z.Popovic,B.D.Popovic/Introductory Electromagnetics/PrenticeHall, Inc.,정동규/기초전기전자회로실험/인터비전",,True,True
17222,전기전자실험1,2,1학기,2.0,전공필수,"전기공학의 기초적이고 중요한 여러가지 이론들을 다양한 기자재를 이용한 실험을 통해 습득하고, 향후 전기공학관련 실무에 적용할 수 있는 응용능력을 배양한다.",윤길중/기초전기전자실험/복두출판사,,"C.R.Paul, K.W.Whites,S.A.Nasar/Introduction to Electromagnetic Fields (3rd edn.)/McGrawHill,D.K.Cheng/Fundamentals of Engineering Electromagnetics/AddisonWesley,F.D.Ulaby/Fundamentals of Applied Electromagnetics (1999 edn.)/PrenticeHall, Inc.,Z.Popovic,B.D.Popovic/Introductory Electromagnetics/PrenticeHall, Inc.,정동규/기초전기전자회로실험/인터비전",,True,True
17223,전기전자실험1,2,1학기,2.0,전공필수,"전기공학의 기초적이고 중요한 여러가지 이론들을 다양한 기자재를 이용한 실험을 통해 습득하고, 향후 전기공학관련 실무에 적용할 수 있는 응용능력을 배양한다.",윤길중/기초전기전자실험/복두출판사,,"C.R.Paul, K.W.Whites,S.A.Nasar/Introduction to Electromagnetic Fields (3rd edn.)/McGrawHill,D.K.Cheng/Fundamentals of Engineering Electromagnetics/AddisonWesley,F.D.Ulaby/Fundamentals of Applied Electromagnetics (1999 edn.)/PrenticeHall, Inc.,Z.Popovic,B.D.Popovic/Introductory Electromagnetics/PrenticeHall, Inc.,정동규/기초전기전자회로실험/인터비전",,True,True
17224,전기전자실험1,2,1학기,2.0,전공필수,"전기공학의 기초적이고 중요한 여러가지 이론들을 다양한 기자재를 이용한 실험을 통해 습득하고, 향후 전기공학관련 실무에 적용할 수 있는 응용능력을 배양한다.",윤길중/기초전기전자실험/복두출판사,,"C.R.Paul, K.W.Whites,S.A.Nasar/Introduction to Electromagnetic Fields (3rd edn.)/McGrawHill,D.K.Cheng/Fundamentals of Engineering Electromagnetics/AddisonWesley,F.D.Ulaby/Fundamentals of Applied Electromagnetics (1999 edn.)/PrenticeHall, Inc.,Z.Popovic,B.D.Popovic/Introductory Electromagnetics/PrenticeHall, Inc.,정동규/기초전기전자회로실험/인터비전",,True,True
17225,전기전자실험1,2,1학기,2.0,전공필수,"전기공학의 기초적이고 중요한 여러가지 이론들을 다양한 기자재를 이용한 실험을 통해 습득하고, 향후 전기공학관련 실무에 적용할 수 있는 응용능력을 배양한다.",윤길중/기초전기전자실험/복두출판사,,"C.R.Paul, K.W.Whites,S.A.Nasar/Introduction to Electromagnetic Fields (3rd edn.)/McGrawHill,D.K.Cheng/Fundamentals of Engineering Electromagnetics/AddisonWesley,F.D.Ulaby/Fundamentals of Applied Electromagnetics (1999 edn.)/PrenticeHall, Inc.,Z.Popovic,B.D.Popovic/Introductory Electromagnetics/PrenticeHall, Inc.,정동규/기초전기전자회로실험/인터비전",,True,True
17226,전기전자실험1,2,1학기,2.0,전공필수,"전기공학의 기초적이고 중요한 여러가지 이론들을 다양한 기자재를 이용한 실험을 통해 습득하고, 향후 전기공학관련 실무에 적용할 수 있는 응용능력을 배양한다.",윤길중/기초전기전자실험/복두출판사,,"C.R.Paul, K.W.Whites,S.A.Nasar/Introduction to Electromagnetic Fields (3rd edn.)/McGrawHill,D.K.Cheng/Fundamentals of Engineering Electromagnetics/AddisonWesley,F.D.Ulaby/Fundamentals of Applied Electromagnetics (1999 edn.)/PrenticeHall, Inc.,Z.Popovic,B.D.Popovic/Introductory Electromagnetics/PrenticeHall, Inc.,정동규/기초전기전자회로실험/인터비전",,True,True
17227,전기전자실험1,2,1학기,2.0,전공필수,"전기공학의 기초적이고 중요한 여러가지 이론들을 다양한 기자재를 이용한 실험을 통해 습득하고, 향후 전기공학관련 실무에 적용할 수 있는 응용능력을 배양한다.",윤길중/기초전기전자실험/복두출판사,,"C.R.Paul, K.W.Whites,S.A.Nasar/Introduction to Electromagnetic Fields (3rd edn.)/McGrawHill,D.K.Cheng/Fundamentals of Engineering Electromagnetics/AddisonWesley,F.D.Ulaby/Fundamentals of Applied Electromagnetics (1999 edn.)/PrenticeHall, Inc.,Z.Popovic,B.D.Popovic/Introductory Electromagnetics/PrenticeHall, Inc.,정동규/기초전기전자회로실험/인터비전",,True,True
17228,전기전자실험1,2,1학기,2.0,전공필수,"전기공학의 기초적이고 중요한 여러가지 이론들을 다양한 기자재를 이용한 실험을 통해 습득하고, 향후 전기공학관련 실무에 적용할 수 있는 응용능력을 배양한다.",윤길중/기초전기전자실험/복두출판사,,"C.R.Paul, K.W.Whites,S.A.Nasar/Introduction to Electromagnetic Fields (3rd edn.)/McGrawHill,D.K.Cheng/Fundamentals of Engineering Electromagnetics/AddisonWesley,F.D.Ulaby/Fundamentals of Applied Electromagnetics (1999 edn.)/PrenticeHall, Inc.,Z.Popovic,B.D.Popovic/Introductory Electromagnetics/PrenticeHall, Inc.,정동규/기초전기전자회로실험/인터비전",,True,True
17229,전기전자실험2,2,2학기,2.0,전공필수,커패시터 및 인덕터 특성 이해교류회로 개념 이해전기회로설계 능력 배양 오실로스코프 및 함수발생기 사용능력 배양다이오드 및 트랜지스터 기본 특성 및 응용 능력 배양,"김태형/자체 수업교재/,박성희외5/전기전자제어공학도용 기초실험/동일출판사",,,추천선수과목 : 전자공학1,True,True
17230,전기전자실험2,2,2학기,2.0,전공필수,커패시터 및 인덕터 특성 이해교류회로 개념 이해전기회로설계 능력 배양 오실로스코프 및 함수발생기 사용능력 배양다이오드 및 트랜지스터 기본 특성 및 응용 능력 배양,"김태형/자체 수업교재/,박성희외5/전기전자제어공학도용 기초실험/동일출판사",,,추천선수과목 : 전자공학1,True,True
17231,전기전자실험2,2,2학기,2.0,전공필수,커패시터 및 인덕터 특성 이해교류회로 개념 이해전기회로설계 능력 배양 오실로스코프 및 함수발생기 사용능력 배양다이오드 및 트랜지스터 기본 특성 및 응용 능력 배양,"김태형/자체 수업교재/,박성희외5/전기전자제어공학도용 기초실험/동일출판사",,,추천선수과목 : 전자공학1,True,True
17232,전기전자실험2,2,2학기,2.0,전공필수,커패시터 및 인덕터 특성 이해교류회로 개념 이해전기회로설계 능력 배양 오실로스코프 및 함수발생기 사용능력 배양다이오드 및 트랜지스터 기본 특성 및 응용 능력 배양,"김태형/자체 수업교재/,박성희외5/전기전자제어공학도용 기초실험/동일출판사",,,추천선수과목 : 전자공학1,True,True
17233,전기전자실험2,2,2학기,2.0,전공필수,커패시터 및 인덕터 특성 이해교류회로 개념 이해전기회로설계 능력 배양 오실로스코프 및 함수발생기 사용능력 배양다이오드 및 트랜지스터 기본 특성 및 응용 능력 배양,"김태형/자체 수업교재/,박성희외5/전기전자제어공학도용 기초실험/동일출판사",,,추천선수과목 : 전자공학1,True,True
17234,전기전자실험2,2,2학기,2.0,전공필수,커패시터 및 인덕터 특성 이해교류회로 개념 이해전기회로설계 능력 배양 오실로스코프 및 함수발생기 사용능력 배양다이오드 및 트랜지스터 기본 특성 및 응용 능력 배양,"김태형/자체 수업교재/,박성희외5/전기전자제어공학도용 기초실험/동일출판사",,,추천선수과목 : 전자공학1,True,True
17235,회로망및선형시스템,4,1학기,3.0,전공선택,선형 제어 시스템의 원리를 이해하고 시뮬레이션 능력을 키운다.,/프린트물/,,,필수선수과목 : 없음,True,True
17236,전력전자시스템설계,4,1학기,3.0,전공선택,"전력전자는 전기/전자/제어공학에서 배운 여러 교과목을 기초로 가정, 산업체 등 사회에서 요구하는 실제적인 응용에 대한 전기시스템을 다루는 융합학문이다. 본 강의는 3학년에 다른 전력전자공학를 기초로 하여 응용력을 배양할 수 있도록 전력품질, 반도체스위칭소자, 전력전자 개념, 정류 전력변환회로, DC/AC 젼력변환회로, 직류/직류 전력변환회로 등을 스위칭조건에 따른 에너지 흐름을 정확히 이해하고 이를 시뮬레이션해석을 통하여 검증하여 전력변환시스템을 이해할 수 있도록 강의를 진행하여 수강한 모든 학생들이 4차산업혁명의 중심이 되는 전력전자공학에 대한 이해도를 높이고자 한다.",/미정/,,,"필수선수과목 : 회로해석론(전기회로, 회로이론),추천선수과목 : 전력전자공학",True,True
17237,신재생에너지공학,4,2학기,3.0,전공선택,"신재생에너지의 종류 및 원리에 대해서 배우는것이 학습 목표이다.태양광, 태양열, 풍력, 지열, 해양, 연료전지, 바이오매스에 대한 에너지에 대해서 배우도록 한다.수업은 강의, 발표, 레포트 형식으로 수업이 진행된다.국내/외 신재생에너지에 대한 학생들의 발표참여를 통해 신재생에너지 사업에 대한 이해를 평가하도록 한다.","윤처석,윤하윤,윤정윤/신재생 에너지/인피니티북스",,,,True,False
17239,종합설계,4,1학기,2.0,전공필수,"3학년까지 공부한 이론과 실험경험을 바탕으로 설계과제를 수행한다. 최대 7인으로 팀을 구성하며, 과제는 자율적으로 정한다. 정한 과제를 중심으로 토의 및 중간발표 등을 통해 의사전달 능력을 기르고, 과제 수행과정에서 팀웤 능력을 배양한다.",/각 종 전자회로 설계집/,,,"추천선수과목 : 회로이론, 전자공학, 전기기기",True,False
17240,종합설계,4,1학기,2.0,전공필수,"3학년까지 공부한 이론과 실험경험을 바탕으로 설계과제를 수행한다. 최대 7인으로 팀을 구성하며, 과제는 자율적으로 정한다. 정한 과제를 중심으로 토의 및 중간발표 등을 통해 의사전달 능력을 기르고, 과제 수행과정에서 팀웤 능력을 배양한다.",/각 종 전자회로 설계집/,,,"추천선수과목 : 회로이론, 전자공학, 전기기기",True,False
17241,전자공학1,2,1학기,3.0,전공선택,"반도체의 기본 이론 습득 : 전기적특성에 의한 물질의 구분, 전자와 정공의 발생 원리, 불순물첨가에 따른 반도체의 물성적 변화 등을 이해한다.다이오드, 트랜지스터의 동작 이해 : PN접합의 물성적 이해, PN접합의 응용, 다이오드 및 트랜지스터 모델링 및 전기적 특성 해석 등의 공부를 통해 정류기 및 증폭기 등 간단한 전자회로에 대한 설계 능력을 배양한다.",R. Boylestad/전자회로/희중당,,,,True,True
17242,전자공학2,2,2학기,3.0,전공선택,"전계 효과 트랜지스터(JFET 및 MOSFET)의 제조방법 동작원리를 이해하고, FET 증폭회로의 해석 및 설계 능력을 배양한다.증폭기의 입력신호 주파수에 따른 입력임피던스, 전압이득 등의 변화를 이해한다.SCR, Triac 등 전력반도체 소자의 동작 특성을 이해하고 전력회로 설계 능력을 배양한다.",유인물 pdf 로 배포//,,,추천선수과목 : 전자공학1,True,True
17243,회로해석론1,2,1학기,3.0,전공선택,기본적인 전기회로의 계산법과 선형회로망 해석법에 대하여 다룬다.  상급 학년에서 다루게 될 타 교과목들과의 연계성을 위하여 제반정리 및 이론에 관한 개념 파악에 역점을 둔다. 실제계에 대한 적용과 많은 연습 문제 풀이를 통하여 이해를 돕도록한다.,/프린트/,,김용권외 4인/회로이론 9판/퍼스트북,필수선수과목 : 없음,True,True
17244,회로해석론1,2,1학기,3.0,전공선택,기본적인 전기회로의 계산법과 선형회로망 해석법에 대하여 다룬다.  상급 학년에서 다루게 될 타 교과목들과의 연계성을 위하여 제반정리 및 이론에 관한 개념 파악에 역점을 둔다. 실제계에 대한 적용과 많은 연습 문제 풀이를 통하여 이해를 돕도록한다.,/프린트/,,김용권외 4인/회로이론 9판/퍼스트북,필수선수과목 : 없음,True,True
17245,회로해석론2,2,2학기,3.0,전공선택,본 교과목은 전기공학 입문자를 대상으로 회로해석의 핵심 개념들에 대해 강의한다. 특히 전기회로의 교류 해석법 및 삼상 교류회로에 대해 강의한다. 또한 다양한 문제풀이를 통해 학습자의 회로해석능력을 함양한다.,"최윤식/IT CookBook, 기초 회로이론(개정 2판)/한빛아카데미","김용권 외 5인/회로이론 9판(개정판)/퍼스트북,방성완/IT CookBook, 처음 만나는 회로이론(2판)/한빛아카데미",,추천선수과목 : 회로해석론 1,True,True
17246,회로해석론2,2,2학기,3.0,전공선택,본 교과목은 전기공학 입문자를 대상으로 회로해석의 핵심 개념들에 대해 강의한다. 특히 전기회로의 교류 해석법 및 삼상 교류회로에 대해 강의한다. 또한 다양한 문제풀이를 통해 학습자의 회로해석능력을 함양한다.,"최윤식/IT CookBook, 기초 회로이론(개정 2판)/한빛아카데미","김용권 외 5인/회로이론 9판(개정판)/퍼스트북,방성완/IT CookBook, 처음 만나는 회로이론(2판)/한빛아카데미",,추천선수과목 : 회로해석론 1,True,True
17247,회로해석론2,2,2학기,3.0,전공선택,본 교과목은 전기공학 입문자를 대상으로 회로해석의 핵심 개념들에 대해 강의한다. 특히 전기회로의 교류 해석법 및 삼상 교류회로에 대해 강의한다. 또한 다양한 문제풀이를 통해 학습자의 회로해석능력을 함양한다.,"최윤식/IT CookBook, 기초 회로이론(개정 2판)/한빛아카데미","김용권 외 5인/회로이론 9판(개정판)/퍼스트북,방성완/IT CookBook, 처음 만나는 회로이론(2판)/한빛아카데미",,추천선수과목 : 회로해석론 1,True,True
17248,전자기이론1,2,1학기,3.0,전공선택,"전기전자공학의 가장 기본이 되는 전자기의 이해는 앞으로 공부하게 될 각 과목의 해결과 활용에 중요한 밑거름이 된다. 본 교과목에서는 전기, 전자에 대한 현상에 대한 현상 및 근본이론에 대한 확립을 목표로 한다.수업은 코로나 사항에 따라 비대면으로 진행하되, 대면이 가능한 경우 대면수업으로 전환함.(시험 포함)",Sadiku/Elements of Electromagnetics/Oxford,,,"필수선수과목 : 수학 1,2",True,True
17249,전자기이론2,2,2학기,3.0,전공선택,맥스웰 방정식에서도 자기장 분야에 대한 학습을 하도록 한다.시변장에 대한 전반적인 맥스웰방정식을 이해하도록 한다.,Sadiku/Elements of Electromagnetic/Oxford Univ. Press,,,"필수선수과목 : 전자기이론1, 공학수학1, 수학, 물리학",True,True
17250,전기물성,3,1학기,3.0,전공선택,"전기현상과 관련된 물질의 구조 및 성질을 물리 및 화학적 바탕 위에서 이해하므로써 전자재료를 공부하기 위한 기초 확립.비대면 수업을 기본으로 하되, 코로나 여파에 따라 대면수업으로 진행예정(시험 포함)",남춘우/전기전자물성공학/문운당,,,"추천선수과목 : 전자기이론1,2",True,True
17251,디지털시스템,3,1학기,3.0,전공필수,"이진수 체계와 부울대수의 기본개념에 대해서 이해 한다.조합논리회로, 순차논리회로 등의 디지털회로의 해석 및 설계 방법을 교육한다.본 강의의 목적을 요약하면 다음과 같다.1. 이산 수 체계 및 부울대수의 이해2. 조합논리회로의 해석 및 설계3. 순차논리회로의 해석 및 설계",임석구 외 1명/처음 만나는 디지털 논리회로/한빛아카데미,,,,True,True
17252,전기재료,3,2학기,3.0,전공필수,현대 전기재료인 반도체 소자에 대한 전반적인 학습을 하는데 목표가 있다.MOSFET에 대한 전반적인 동작을 이해하도록 한다.,이송호/현대반도체 소자공학/한빛 아카데미,,,필수선수과목 : 대학 물리학 및 화학,True,True
17253,전기기기1,3,1학기,3.0,전공필수,"本 敎科目은 電氣에너지의 發生, 變換 및 利用에 필수적으로 사용되는 각종 電氣機器의 設計, 開發 및 應用에 基초가 되는 理論을 習得시키기 위한 科目이다. 이 講座에서는 phasor圖와 三相 回路 및 磁性體에서의 磁氣 현상에 대해 복습하고 電磁에너지 變換機器에서의 에너지變換 原理를 파악하며, 變壓器와 誘導機의 定常 狀態 特性에 대하여 講義한다.","M. S. Sarma, M. K. Pathak/Electric Machines/Cengage Learning",,"C. I. Hubert/Electric MachinesTheory, Operation, Applications, Adjustment, and Control, 2nd ed/Pearson Education, Inc.,C.M. Ong/Dynamic Simulation of Electric Machinery Using Matlab/Simulink/PrenticeHall PTR,G. R. Slemon/Electric Machines and Drives/AddisonWesley,H. W. Beaty, J. L. Kirtley, Jr/Electric Motor Hancbook/McGrawHill,S. D. Umans/Fitzgerald &amp; Kingsley's Electric Machinery, 7th ed./McGrawHill Co., Inc.,S. J. Chapman/Electric Machinery Fundamentals, 5th ed./McGrawHill Co., Inc.,V. D. Toro/Basic Electirc Machines/PrenticeHall, Inc.","필수선수과목 : 없음,추천선수과목 : 전자기이론 1, 2, 회로해석론 1, 2, 공학수학 1, 2",True,True
17254,전기기기1,3,1학기,3.0,전공필수,"本 敎科目은 電氣에너지의 發生, 變換 및 利用에 필수적으로 사용되는 각종 電氣機器의 設計, 開發 및 應用에 基초가 되는 理論을 習得시키기 위한 科目이다. 이 講座에서는 phasor圖와 三相 回路 및 磁性體에서의 磁氣 현상에 대해 복습하고 電磁에너지 變換機器에서의 에너지變換 原理를 파악하며, 變壓器와 誘導機의 定常 狀態 特性에 대하여 講義한다.","M. S. Sarma, M. K. Pathak/Electric Machines/Cengage Learning",,"C. I. Hubert/Electric MachinesTheory, Operation, Applications, Adjustment, and Control, 2nd ed/Pearson Education, Inc.,C.M. Ong/Dynamic Simulation of Electric Machinery Using Matlab/Simulink/PrenticeHall PTR,G. R. Slemon/Electric Machines and Drives/AddisonWesley,H. W. Beaty, J. L. Kirtley, Jr/Electric Motor Hancbook/McGrawHill,S. D. Umans/Fitzgerald &amp; Kingsley's Electric Machinery, 7th ed./McGrawHill Co., Inc.,S. J. Chapman/Electric Machinery Fundamentals, 5th ed./McGrawHill Co., Inc.,V. D. Toro/Basic Electirc Machines/PrenticeHall, Inc.","필수선수과목 : 없음,추천선수과목 : 전자기이론 1, 2, 회로해석론 1, 2, 공학수학 1, 2",True,True
17255,전기기기1,3,1학기,3.0,전공필수,"本 敎科目은 電氣에너지의 發生, 變換 및 利用에 필수적으로 사용되는 각종 電氣機器의 設計, 開發 및 應用에 基초가 되는 理論을 習得시키기 위한 科目이다. 이 講座에서는 phasor圖와 三相 回路 및 磁性體에서의 磁氣 현상에 대해 복습하고 電磁에너지 變換機器에서의 에너지變換 原理를 파악하며, 變壓器와 誘導機의 定常 狀態 特性에 대하여 講義한다.","M. S. Sarma, M. K. Pathak/Electric Machines/Cengage Learning",,"C. I. Hubert/Electric MachinesTheory, Operation, Applications, Adjustment, and Control, 2nd ed/Pearson Education, Inc.,C.M. Ong/Dynamic Simulation of Electric Machinery Using Matlab/Simulink/PrenticeHall PTR,G. R. Slemon/Electric Machines and Drives/AddisonWesley,H. W. Beaty, J. L. Kirtley, Jr/Electric Motor Hancbook/McGrawHill,S. D. Umans/Fitzgerald &amp; Kingsley's Electric Machinery, 7th ed./McGrawHill Co., Inc.,S. J. Chapman/Electric Machinery Fundamentals, 5th ed./McGrawHill Co., Inc.,V. D. Toro/Basic Electirc Machines/PrenticeHall, Inc.","필수선수과목 : 없음,추천선수과목 : 전자기이론 1, 2, 회로해석론 1, 2, 공학수학 1, 2",True,True
17256,전기기기1,3,1학기,3.0,전공필수,"本 敎科目은 電氣에너지의 發生, 變換 및 利用에 필수적으로 사용되는 각종 電氣機器의 設計, 開發 및 應用에 基초가 되는 理論을 習得시키기 위한 科目이다. 이 講座에서는 phasor圖와 三相 回路 및 磁性體에서의 磁氣 현상에 대해 복습하고 電磁에너지 變換機器에서의 에너지變換 原理를 파악하며, 變壓器와 誘導機의 定常 狀態 特性에 대하여 講義한다.","M. S. Sarma, M. K. Pathak/Electric Machines/Cengage Learning",,"C. I. Hubert/Electric MachinesTheory, Operation, Applications, Adjustment, and Control, 2nd ed/Pearson Education, Inc.,C.M. Ong/Dynamic Simulation of Electric Machinery Using Matlab/Simulink/PrenticeHall PTR,G. R. Slemon/Electric Machines and Drives/AddisonWesley,H. W. Beaty, J. L. Kirtley, Jr/Electric Motor Hancbook/McGrawHill,S. D. Umans/Fitzgerald &amp; Kingsley's Electric Machinery, 7th ed./McGrawHill Co., Inc.,S. J. Chapman/Electric Machinery Fundamentals, 5th ed./McGrawHill Co., Inc.,V. D. Toro/Basic Electirc Machines/PrenticeHall, Inc.","필수선수과목 : 없음,추천선수과목 : 전자기이론 1, 2, 회로해석론 1, 2, 공학수학 1, 2",True,True
17257,전기기기1,3,1학기,3.0,전공필수,"本 敎科目은 電氣에너지의 發生, 變換 및 利用에 필수적으로 사용되는 각종 電氣機器의 設計, 開發 및 應用에 基초가 되는 理論을 習得시키기 위한 科目이다. 이 講座에서는 phasor圖와 三相 回路 및 磁性體에서의 磁氣 현상에 대해 복습하고 電磁에너지 變換機器에서의 에너지變換 原理를 파악하며, 變壓器와 誘導機의 定常 狀態 特性에 대하여 講義한다.","M. S. Sarma, M. K. Pathak/Electric Machines/Cengage Learning",,"C. I. Hubert/Electric MachinesTheory, Operation, Applications, Adjustment, and Control, 2nd ed/Pearson Education, Inc.,C.M. Ong/Dynamic Simulation of Electric Machinery Using Matlab/Simulink/PrenticeHall PTR,G. R. Slemon/Electric Machines and Drives/AddisonWesley,H. W. Beaty, J. L. Kirtley, Jr/Electric Motor Hancbook/McGrawHill,S. D. Umans/Fitzgerald &amp; Kingsley's Electric Machinery, 7th ed./McGrawHill Co., Inc.,S. J. Chapman/Electric Machinery Fundamentals, 5th ed./McGrawHill Co., Inc.,V. D. Toro/Basic Electirc Machines/PrenticeHall, Inc.","필수선수과목 : 없음,추천선수과목 : 전자기이론 1, 2, 회로해석론 1, 2, 공학수학 1, 2",True,True
17258,전기기기1,3,1학기,3.0,전공필수,"本 敎科目은 電氣에너지의 發生, 變換 및 利用에 필수적으로 사용되는 각종 電氣機器의 設計, 開發 및 應用에 基초가 되는 理論을 習得시키기 위한 科目이다. 이 講座에서는 phasor圖와 三相 回路 및 磁性體에서의 磁氣 현상에 대해 복습하고 電磁에너지 變換機器에서의 에너지變換 原理를 파악하며, 變壓器와 誘導機의 定常 狀態 特性에 대하여 講義한다.","M. S. Sarma, M. K. Pathak/Electric Machines/Cengage Learning",,"C. I. Hubert/Electric MachinesTheory, Operation, Applications, Adjustment, and Control, 2nd ed/Pearson Education, Inc.,C.M. Ong/Dynamic Simulation of Electric Machinery Using Matlab/Simulink/PrenticeHall PTR,G. R. Slemon/Electric Machines and Drives/AddisonWesley,H. W. Beaty, J. L. Kirtley, Jr/Electric Motor Hancbook/McGrawHill,S. D. Umans/Fitzgerald &amp; Kingsley's Electric Machinery, 7th ed./McGrawHill Co., Inc.,S. J. Chapman/Electric Machinery Fundamentals, 5th ed./McGrawHill Co., Inc.,V. D. Toro/Basic Electirc Machines/PrenticeHall, Inc.","필수선수과목 : 없음,추천선수과목 : 전자기이론 1, 2, 회로해석론 1, 2, 공학수학 1, 2",True,True
17259,전기기기1,3,1학기,3.0,전공필수,"本 敎科目은 電氣에너지의 發生, 變換 및 利用에 필수적으로 사용되는 각종 電氣機器의 設計, 開發 및 應用에 基초가 되는 理論을 習得시키기 위한 科目이다. 이 講座에서는 phasor圖와 三相 回路 및 磁性體에서의 磁氣 현상에 대해 복습하고 電磁에너지 變換機器에서의 에너지變換 原理를 파악하며, 變壓器와 誘導機의 定常 狀態 特性에 대하여 講義한다.","M. S. Sarma, M. K. Pathak/Electric Machines/Cengage Learning",,"C. I. Hubert/Electric MachinesTheory, Operation, Applications, Adjustment, and Control, 2nd ed/Pearson Education, Inc.,C.M. Ong/Dynamic Simulation of Electric Machinery Using Matlab/Simulink/PrenticeHall PTR,G. R. Slemon/Electric Machines and Drives/AddisonWesley,H. W. Beaty, J. L. Kirtley, Jr/Electric Motor Hancbook/McGrawHill,S. D. Umans/Fitzgerald &amp; Kingsley's Electric Machinery, 7th ed./McGrawHill Co., Inc.,S. J. Chapman/Electric Machinery Fundamentals, 5th ed./McGrawHill Co., Inc.,V. D. Toro/Basic Electirc Machines/PrenticeHall, Inc.","필수선수과목 : 없음,추천선수과목 : 전자기이론 1, 2, 회로해석론 1, 2, 공학수학 1, 2",True,True
17260,전기기기1,3,1학기,3.0,전공필수,"本 敎科目은 電氣에너지의 發生, 變換 및 利用에 필수적으로 사용되는 각종 電氣機器의 設計, 開發 및 應用에 基초가 되는 理論을 習得시키기 위한 科目이다. 이 講座에서는 phasor圖와 三相 回路 및 磁性體에서의 磁氣 현상에 대해 복습하고 電磁에너지 變換機器에서의 에너지變換 原理를 파악하며, 變壓器와 誘導機의 定常 狀態 特性에 대하여 講義한다.","M. S. Sarma, M. K. Pathak/Electric Machines/Cengage Learning",,"C. I. Hubert/Electric MachinesTheory, Operation, Applications, Adjustment, and Control, 2nd ed/Pearson Education, Inc.,C.M. Ong/Dynamic Simulation of Electric Machinery Using Matlab/Simulink/PrenticeHall PTR,G. R. Slemon/Electric Machines and Drives/AddisonWesley,H. W. Beaty, J. L. Kirtley, Jr/Electric Motor Hancbook/McGrawHill,S. D. Umans/Fitzgerald &amp; Kingsley's Electric Machinery, 7th ed./McGrawHill Co., Inc.,S. J. Chapman/Electric Machinery Fundamentals, 5th ed./McGrawHill Co., Inc.,V. D. Toro/Basic Electirc Machines/PrenticeHall, Inc.","필수선수과목 : 없음,추천선수과목 : 전자기이론 1, 2, 회로해석론 1, 2, 공학수학 1, 2",True,True
17261,전기기기2,3,2학기,3.0,전공선택,"本 敎科目은 電氣機械에너지의 發生, 變換 및 應用에 필수적으로 사용되는 각종 電氣機器의 設計, 開發 및 應用에 基礎가 되는 基本 理論을 습득시키기 위한 科目이다. 특히 이 講座는 電氣機器 1(학수번호 ELA30015)에 연속되는 講座로서 誘導電動機, 直流電動機 및 發電機, 그리고 單相 電動機 및 特殊 電動機에 관한 理論과 特性을 파악하고, 각종 電動機의 制御法에 관한 內容을 주로 다룬다. 또한 電動力 응용의 형태 및 목적에 따른 直流 및 誘導電動機의 선택, 容量 결정, 速度制御 方式 선택 및 制御裝置 設計에 관한 프로젝트를 수행하도록 한다.","M.S.Sarma, M.K.Pathak/Electric Machines, 3rd ed./Cengage Learning",,"C.M.Ong/Dynamic Simulation of Electric Machinery Using Matlab/Simulink/PrenticeHall PTR,C.I.Hubert/Electric MachinesTheory, Operation, Applications,/Pearson Education, Inc.,G.R.Slemon/Electric Machines and Drives/AddisonWesley,H.W.Beaty, J.L.Kirtley,Jr./Electric Motor Handbook/McGrawHill, Inc.,S.D.Umans/Fitzgerald & Kingsley's Electric Machinery, 7th ed./McGrawHill, Inc.,S.J.Chapman/Electric Machinery Fundamentals, 5th ed./McGrawHill, Inc.,V.D.Toro/Basic Electric Machines/PrenticeHall, Inc","필수선수과목 : 없음,추천선수과목 : 공학수학, 전자기이론, 회로해석론",True,True
17262,전기기기2,3,2학기,3.0,전공선택,"本 敎科目은 電氣機械에너지의 發生, 變換 및 應用에 필수적으로 사용되는 각종 電氣機器의 設計, 開發 및 應用에 基礎가 되는 基本 理論을 습득시키기 위한 科目이다. 특히 이 講座는 電氣機器 1(학수번호 ELA30015)에 연속되는 講座로서 誘導電動機, 直流電動機 및 發電機, 그리고 單相 電動機 및 特殊 電動機에 관한 理論과 特性을 파악하고, 각종 電動機의 制御法에 관한 內容을 주로 다룬다. 또한 電動力 응용의 형태 및 목적에 따른 直流 및 誘導電動機의 선택, 容量 결정, 速度制御 方式 선택 및 制御裝置 設計에 관한 프로젝트를 수행하도록 한다.","M.S.Sarma, M.K.Pathak/Electric Machines, 3rd ed./Cengage Learning",,"C.M.Ong/Dynamic Simulation of Electric Machinery Using Matlab/Simulink/PrenticeHall PTR,C.I.Hubert/Electric MachinesTheory, Operation, Applications,/Pearson Education, Inc.,G.R.Slemon/Electric Machines and Drives/AddisonWesley,H.W.Beaty, J.L.Kirtley,Jr./Electric Motor Handbook/McGrawHill, Inc.,S.D.Umans/Fitzgerald & Kingsley's Electric Machinery, 7th ed./McGrawHill, Inc.,S.J.Chapman/Electric Machinery Fundamentals, 5th ed./McGrawHill, Inc.,V.D.Toro/Basic Electric Machines/PrenticeHall, Inc","필수선수과목 : 없음,추천선수과목 : 공학수학, 전자기이론, 회로해석론",True,True
17263,전기기기2,3,2학기,3.0,전공선택,"本 敎科目은 電氣機械에너지의 發生, 變換 및 應用에 필수적으로 사용되는 각종 電氣機器의 設計, 開發 및 應用에 基礎가 되는 基本 理論을 습득시키기 위한 科目이다. 특히 이 講座는 電氣機器 1(학수번호 ELA30015)에 연속되는 講座로서 誘導電動機, 直流電動機 및 發電機, 그리고 單相 電動機 및 特殊 電動機에 관한 理論과 特性을 파악하고, 각종 電動機의 制御法에 관한 內容을 주로 다룬다. 또한 電動力 응용의 형태 및 목적에 따른 直流 및 誘導電動機의 선택, 容量 결정, 速度制御 方式 선택 및 制御裝置 設計에 관한 프로젝트를 수행하도록 한다.","M.S.Sarma, M.K.Pathak/Electric Machines, 3rd ed./Cengage Learning",,"C.M.Ong/Dynamic Simulation of Electric Machinery Using Matlab/Simulink/PrenticeHall PTR,C.I.Hubert/Electric MachinesTheory, Operation, Applications,/Pearson Education, Inc.,G.R.Slemon/Electric Machines and Drives/AddisonWesley,H.W.Beaty, J.L.Kirtley,Jr./Electric Motor Handbook/McGrawHill, Inc.,S.D.Umans/Fitzgerald & Kingsley's Electric Machinery, 7th ed./McGrawHill, Inc.,S.J.Chapman/Electric Machinery Fundamentals, 5th ed./McGrawHill, Inc.,V.D.Toro/Basic Electric Machines/PrenticeHall, Inc","필수선수과목 : 없음,추천선수과목 : 공학수학, 전자기이론, 회로해석론",True,True
17264,전기기기2,3,2학기,3.0,전공선택,"本 敎科目은 電氣機械에너지의 發生, 變換 및 應用에 필수적으로 사용되는 각종 電氣機器의 設計, 開發 및 應用에 基礎가 되는 基本 理論을 습득시키기 위한 科目이다. 특히 이 講座는 電氣機器 1(학수번호 ELA30015)에 연속되는 講座로서 誘導電動機, 直流電動機 및 發電機, 그리고 單相 電動機 및 特殊 電動機에 관한 理論과 特性을 파악하고, 각종 電動機의 制御法에 관한 內容을 주로 다룬다. 또한 電動力 응용의 형태 및 목적에 따른 直流 및 誘導電動機의 선택, 容量 결정, 速度制御 方式 선택 및 制御裝置 設計에 관한 프로젝트를 수행하도록 한다.","M.S.Sarma, M.K.Pathak/Electric Machines, 3rd ed./Cengage Learning",,"C.M.Ong/Dynamic Simulation of Electric Machinery Using Matlab/Simulink/PrenticeHall PTR,C.I.Hubert/Electric MachinesTheory, Operation, Applications,/Pearson Education, Inc.,G.R.Slemon/Electric Machines and Drives/AddisonWesley,H.W.Beaty, J.L.Kirtley,Jr./Electric Motor Handbook/McGrawHill, Inc.,S.D.Umans/Fitzgerald & Kingsley's Electric Machinery, 7th ed./McGrawHill, Inc.,S.J.Chapman/Electric Machinery Fundamentals, 5th ed./McGrawHill, Inc.,V.D.Toro/Basic Electric Machines/PrenticeHall, Inc","필수선수과목 : 없음,추천선수과목 : 공학수학, 전자기이론, 회로해석론",True,True
17265,전기기기2,3,2학기,3.0,전공선택,"本 敎科目은 電氣機械에너지의 發生, 變換 및 應用에 필수적으로 사용되는 각종 電氣機器의 設計, 開發 및 應用에 基礎가 되는 基本 理論을 습득시키기 위한 科目이다. 특히 이 講座는 電氣機器 1(학수번호 ELA30015)에 연속되는 講座로서 誘導電動機, 直流電動機 및 發電機, 그리고 單相 電動機 및 特殊 電動機에 관한 理論과 特性을 파악하고, 각종 電動機의 制御法에 관한 內容을 주로 다룬다. 또한 電動力 응용의 형태 및 목적에 따른 直流 및 誘導電動機의 선택, 容量 결정, 速度制御 方式 선택 및 制御裝置 設計에 관한 프로젝트를 수행하도록 한다.","M.S.Sarma, M.K.Pathak/Electric Machines, 3rd ed./Cengage Learning",,"C.M.Ong/Dynamic Simulation of Electric Machinery Using Matlab/Simulink/PrenticeHall PTR,C.I.Hubert/Electric MachinesTheory, Operation, Applications,/Pearson Education, Inc.,G.R.Slemon/Electric Machines and Drives/AddisonWesley,H.W.Beaty, J.L.Kirtley,Jr./Electric Motor Handbook/McGrawHill, Inc.,S.D.Umans/Fitzgerald & Kingsley's Electric Machinery, 7th ed./McGrawHill, Inc.,S.J.Chapman/Electric Machinery Fundamentals, 5th ed./McGrawHill, Inc.,V.D.Toro/Basic Electric Machines/PrenticeHall, Inc","필수선수과목 : 없음,추천선수과목 : 공학수학, 전자기이론, 회로해석론",True,True
17266,전기기기2,3,2학기,3.0,전공선택,"本 敎科目은 電氣機械에너지의 發生, 變換 및 應用에 필수적으로 사용되는 각종 電氣機器의 設計, 開發 및 應用에 基礎가 되는 基本 理論을 습득시키기 위한 科目이다. 특히 이 講座는 電氣機器 1(학수번호 ELA30015)에 연속되는 講座로서 誘導電動機, 直流電動機 및 發電機, 그리고 單相 電動機 및 特殊 電動機에 관한 理論과 特性을 파악하고, 각종 電動機의 制御法에 관한 內容을 주로 다룬다. 또한 電動力 응용의 형태 및 목적에 따른 直流 및 誘導電動機의 선택, 容量 결정, 速度制御 方式 선택 및 制御裝置 設計에 관한 프로젝트를 수행하도록 한다.","M.S.Sarma, M.K.Pathak/Electric Machines, 3rd ed./Cengage Learning",,"C.M.Ong/Dynamic Simulation of Electric Machinery Using Matlab/Simulink/PrenticeHall PTR,C.I.Hubert/Electric MachinesTheory, Operation, Applications,/Pearson Education, Inc.,G.R.Slemon/Electric Machines and Drives/AddisonWesley,H.W.Beaty, J.L.Kirtley,Jr./Electric Motor Handbook/McGrawHill, Inc.,S.D.Umans/Fitzgerald & Kingsley's Electric Machinery, 7th ed./McGrawHill, Inc.,S.J.Chapman/Electric Machinery Fundamentals, 5th ed./McGrawHill, Inc.,V.D.Toro/Basic Electric Machines/PrenticeHall, Inc","필수선수과목 : 없음,추천선수과목 : 공학수학, 전자기이론, 회로해석론",True,True
17267,전기기기2,3,2학기,3.0,전공선택,"本 敎科目은 電氣機械에너지의 發生, 變換 및 應用에 필수적으로 사용되는 각종 電氣機器의 設計, 開發 및 應用에 基礎가 되는 基本 理論을 습득시키기 위한 科目이다. 특히 이 講座는 電氣機器 1(학수번호 ELA30015)에 연속되는 講座로서 誘導電動機, 直流電動機 및 發電機, 그리고 單相 電動機 및 特殊 電動機에 관한 理論과 特性을 파악하고, 각종 電動機의 制御法에 관한 內容을 주로 다룬다. 또한 電動力 응용의 형태 및 목적에 따른 直流 및 誘導電動機의 선택, 容量 결정, 速度制御 方式 선택 및 制御裝置 設計에 관한 프로젝트를 수행하도록 한다.","M.S.Sarma, M.K.Pathak/Electric Machines, 3rd ed./Cengage Learning",,"C.M.Ong/Dynamic Simulation of Electric Machinery Using Matlab/Simulink/PrenticeHall PTR,C.I.Hubert/Electric MachinesTheory, Operation, Applications,/Pearson Education, Inc.,G.R.Slemon/Electric Machines and Drives/AddisonWesley,H.W.Beaty, J.L.Kirtley,Jr./Electric Motor Handbook/McGrawHill, Inc.,S.D.Umans/Fitzgerald & Kingsley's Electric Machinery, 7th ed./McGrawHill, Inc.,S.J.Chapman/Electric Machinery Fundamentals, 5th ed./McGrawHill, Inc.,V.D.Toro/Basic Electric Machines/PrenticeHall, Inc","필수선수과목 : 없음,추천선수과목 : 공학수학, 전자기이론, 회로해석론",True,True
17268,전기기기2,3,2학기,3.0,전공선택,"本 敎科目은 電氣機械에너지의 發生, 變換 및 應用에 필수적으로 사용되는 각종 電氣機器의 設計, 開發 및 應用에 基礎가 되는 基本 理論을 습득시키기 위한 科目이다. 특히 이 講座는 電氣機器 1(학수번호 ELA30015)에 연속되는 講座로서 誘導電動機, 直流電動機 및 發電機, 그리고 單相 電動機 및 特殊 電動機에 관한 理論과 特性을 파악하고, 각종 電動機의 制御法에 관한 內容을 주로 다룬다. 또한 電動力 응용의 형태 및 목적에 따른 直流 및 誘導電動機의 선택, 容量 결정, 速度制御 方式 선택 및 制御裝置 設計에 관한 프로젝트를 수행하도록 한다.","M.S.Sarma, M.K.Pathak/Electric Machines, 3rd ed./Cengage Learning",,"C.M.Ong/Dynamic Simulation of Electric Machinery Using Matlab/Simulink/PrenticeHall PTR,C.I.Hubert/Electric MachinesTheory, Operation, Applications,/Pearson Education, Inc.,G.R.Slemon/Electric Machines and Drives/AddisonWesley,H.W.Beaty, J.L.Kirtley,Jr./Electric Motor Handbook/McGrawHill, Inc.,S.D.Umans/Fitzgerald & Kingsley's Electric Machinery, 7th ed./McGrawHill, Inc.,S.J.Chapman/Electric Machinery Fundamentals, 5th ed./McGrawHill, Inc.,V.D.Toro/Basic Electric Machines/PrenticeHall, Inc","필수선수과목 : 없음,추천선수과목 : 공학수학, 전자기이론, 회로해석론",True,True
17269,전력시스템공학1,3,1학기,3.0,전공필수,"본 교과목은 전기공학을 전공하는 학생으로 하여금 미리배운 전자기학 및 회로망이론을 바탕으로하여 전력전송계통공학에 대한 구성개념을 파악하고 모델링 능력을 기른 후 계통의 해석능력을 배양시킴으로써 차후 보다 깊은 계통에 대한 연구능력의 토대를 마련함에 목적이 있다. 본 강의에서는 이를 위하여 전력계통의 구성개념을 먼저 파악하고 계통의 기본해석방법을 익힌 후 송전계통에 대한 모델링, 단위법계산, 전압제어장치의 구조 및 원리등을 터득토록한다.",JD Glover &amp; M Sarma/Power System Analysis &amp; Design/Pwr Pub,,,"필수선수과목 : 전자기학, 전기회로이론, 공학수학,추천선수과목 : 전기기기",True,False
17270,전력시스템공학2,3,2학기,3.0,전공선택,,Arthur R. Bergen &amp; Vijay Vittal/Power Systems Anaysis/Prentice Hall,,"G.A. Gross/Power System Anaysis/John Willy &amp; Sons,J.D. Glover &amp; M. Sarma/Power System Anaysis &amp; Design/Pws Pub. Co.,Syed A. Nasar/Electric Energy Conversion and Transmission/Macmillan,송길영/최신 송배전공학/동일출판사","필수선수과목 : 전자기학, 전기회로이론,추천선수과목 : 전력시스템공학I",True,False
17271,전력시스템공학2,3,2학기,3.0,전공선택,,Arthur R. Bergen &amp; Vijay Vittal/Power Systems Anaysis/Prentice Hall,,"G.A. Gross/Power System Anaysis/John Willy &amp; Sons,J.D. Glover &amp; M. Sarma/Power System Anaysis &amp; Design/Pws Pub. Co.,Syed A. Nasar/Electric Energy Conversion and Transmission/Macmillan,송길영/최신 송배전공학/동일출판사","필수선수과목 : 전자기학, 전기회로이론,추천선수과목 : 전력시스템공학I",True,False
17272,전력시스템공학2,3,2학기,3.0,전공선택,,Arthur R. Bergen &amp; Vijay Vittal/Power Systems Anaysis/Prentice Hall,,"G.A. Gross/Power System Anaysis/John Willy &amp; Sons,J.D. Glover &amp; M. Sarma/Power System Anaysis &amp; Design/Pws Pub. Co.,Syed A. Nasar/Electric Energy Conversion and Transmission/Macmillan,송길영/최신 송배전공학/동일출판사","필수선수과목 : 전자기학, 전기회로이론,추천선수과목 : 전력시스템공학I",True,False
17273,전력시스템공학2,3,2학기,3.0,전공선택,,Arthur R. Bergen &amp; Vijay Vittal/Power Systems Anaysis/Prentice Hall,,"G.A. Gross/Power System Anaysis/John Willy &amp; Sons,J.D. Glover &amp; M. Sarma/Power System Anaysis &amp; Design/Pws Pub. Co.,Syed A. Nasar/Electric Energy Conversion and Transmission/Macmillan,송길영/최신 송배전공학/동일출판사","필수선수과목 : 전자기학, 전기회로이론,추천선수과목 : 전력시스템공학I",True,False
17274,전력시스템공학2,3,2학기,3.0,전공선택,,Arthur R. Bergen &amp; Vijay Vittal/Power Systems Anaysis/Prentice Hall,,"G.A. Gross/Power System Anaysis/John Willy &amp; Sons,J.D. Glover &amp; M. Sarma/Power System Anaysis &amp; Design/Pws Pub. Co.,Syed A. Nasar/Electric Energy Conversion and Transmission/Macmillan,송길영/최신 송배전공학/동일출판사","필수선수과목 : 전자기학, 전기회로이론,추천선수과목 : 전력시스템공학I",True,False
17275,자동제어1,3,1학기,3.0,전공선택,"제어계 해석에 필요로 되는 전달함수, 상태방정식, 신호흐름선도, 안정도 등에 대하여 강의한다. 개념 파악에 중점을 두어 실 계통 설계시에 바로 응용이 가능하도록 하며, 많은 연습문제를 통하여 이해를 돕도록 한다. 아울러 컴퓨터를 이용한 제어계 해석 법에 대하여 다루고, 실계통인 직류모터에 대한 해석을 행하여 본다.","Nise/Control Systems Engineering 6판/Wiley,/프린트/",,,,True,True
17276,자동제어1,3,1학기,3.0,전공선택,"제어계 해석에 필요로 되는 전달함수, 상태방정식, 신호흐름선도, 안정도 등에 대하여 강의한다. 개념 파악에 중점을 두어 실 계통 설계시에 바로 응용이 가능하도록 하며, 많은 연습문제를 통하여 이해를 돕도록 한다. 아울러 컴퓨터를 이용한 제어계 해석 법에 대하여 다루고, 실계통인 직류모터에 대한 해석을 행하여 본다.","Nise/Control Systems Engineering 6판/Wiley,/프린트/",,,,True,True
17277,자동제어2,3,2학기,3.0,전공필수,,/print 물/,,,추천선수과목 : 자동제어 1,True,True
17278,전력전자공학,3,2학기,3.0,전공선택,"전력전자(Power electronics)란 전력용 반도체 소자를 통해 전기에너지의 형태를 변환하는 연구분야로써 전기화(Electrification)의 핵심기술이다. 본 교과목은 전력전자 기초 이론인 전력변환(교류직류, 직류직류, 직류교류 등)을 위한 회로 해석, 동작원리, 및 제어 방법에 대해 강의한다.",원충연 외 4인/원리로 이해하는 전력전자공학/한빛아카데미,"Robert W. Erickson/Fundamentals of Power Electronics/,신휘범 외 1인/전력전자공학의 기초1/GS인터비전",,필수선수과목 : 회로해석론,True,True
17279,전력전자공학,3,2학기,3.0,전공선택,"전력전자(Power electronics)란 전력용 반도체 소자를 통해 전기에너지의 형태를 변환하는 연구분야로써 전기화(Electrification)의 핵심기술이다. 본 교과목은 전력전자 기초 이론인 전력변환(교류직류, 직류직류, 직류교류 등)을 위한 회로 해석, 동작원리, 및 제어 방법에 대해 강의한다.",원충연 외 4인/원리로 이해하는 전력전자공학/한빛아카데미,"Robert W. Erickson/Fundamentals of Power Electronics/,신휘범 외 1인/전력전자공학의 기초1/GS인터비전",,필수선수과목 : 회로해석론,True,True
17280,전력전자공학,3,2학기,3.0,전공선택,"전력전자(Power electronics)란 전력용 반도체 소자를 통해 전기에너지의 형태를 변환하는 연구분야로써 전기화(Electrification)의 핵심기술이다. 본 교과목은 전력전자 기초 이론인 전력변환(교류직류, 직류직류, 직류교류 등)을 위한 회로 해석, 동작원리, 및 제어 방법에 대해 강의한다.",원충연 외 4인/원리로 이해하는 전력전자공학/한빛아카데미,"Robert W. Erickson/Fundamentals of Power Electronics/,신휘범 외 1인/전력전자공학의 기초1/GS인터비전",,필수선수과목 : 회로해석론,True,True
17281,공학수학1,2,1학기,3.0,전공선택,"工學系의 基本科目인 微積分學을 基礎로하여 微分方程式, Laplace變換, 線形代數, 벡터微積分 등의 基礎的인 性質 및 解法을 다루며 실제 電氣回路 및 電磁氣理論에 나오는 問題들을 檢討하고, 관계되는 제반 理論들의 應用 能力을 배양한다.",신흥교/전기공학도를 위한 공학수학/도서출판 홍릉,,"A Croft, R. Davison, M. Hargreaves/Engineering MathematicsA Modern Foundation for Electronic, Electrical and Control Engineers/AddisonWesley Publishing Co. Inc.,D. G. Zill, W. S. Wright/Advanced Engineering Mathematics 4th ed./Johns and Bartlett Pub. LLC,E. Kreyszig/Advanced Engineering Mathematics 10th ed./John Wiley & Sons, Inc.,P. V. O'Neil/Advanced Engineering Mathematics/Nelson, a Division of Thomson Canada Limited,S. Karni, W. J. Byatt/Mathematical Methods in Continuous and Discrete Systems/CBS Publishing","필수선수과목 : 없음,추천선수과목 : 수학 1, 2",True,False
17282,공학수학1,2,1학기,3.0,전공선택,"工學系의 基本科目인 微積分學을 基礎로하여 微分方程式, Laplace變換, 線形代數, 벡터微積分 등의 基礎的인 性質 및 解法을 다루며 실제 電氣回路 및 電磁氣理論에 나오는 問題들을 檢討하고, 관계되는 제반 理論들의 應用 能力을 배양한다.",신흥교/전기공학도를 위한 공학수학/도서출판 홍릉,,"A Croft, R. Davison, M. Hargreaves/Engineering MathematicsA Modern Foundation for Electronic, Electrical and Control Engineers/AddisonWesley Publishing Co. Inc.,D. G. Zill, W. S. Wright/Advanced Engineering Mathematics 4th ed./Johns and Bartlett Pub. LLC,E. Kreyszig/Advanced Engineering Mathematics 10th ed./John Wiley & Sons, Inc.,P. V. O'Neil/Advanced Engineering Mathematics/Nelson, a Division of Thomson Canada Limited,S. Karni, W. J. Byatt/Mathematical Methods in Continuous and Discrete Systems/CBS Publishing","필수선수과목 : 없음,추천선수과목 : 수학 1, 2",True,False
17283,공학수학1,2,1학기,3.0,전공선택,"工學系의 基本科目인 微積分學을 基礎로하여 微分方程式, Laplace變換, 線形代數, 벡터微積分 등의 基礎的인 性質 및 解法을 다루며 실제 電氣回路 및 電磁氣理論에 나오는 問題들을 檢討하고, 관계되는 제반 理論들의 應用 能力을 배양한다.",신흥교/전기공학도를 위한 공학수학/도서출판 홍릉,,"A Croft, R. Davison, M. Hargreaves/Engineering MathematicsA Modern Foundation for Electronic, Electrical and Control Engineers/AddisonWesley Publishing Co. Inc.,D. G. Zill, W. S. Wright/Advanced Engineering Mathematics 4th ed./Johns and Bartlett Pub. LLC,E. Kreyszig/Advanced Engineering Mathematics 10th ed./John Wiley & Sons, Inc.,P. V. O'Neil/Advanced Engineering Mathematics/Nelson, a Division of Thomson Canada Limited,S. Karni, W. J. Byatt/Mathematical Methods in Continuous and Discrete Systems/CBS Publishing","필수선수과목 : 없음,추천선수과목 : 수학 1, 2",True,False
17284,공학수학1,2,1학기,3.0,전공선택,"工學系의 基本科目인 微積分學을 基礎로하여 微分方程式, Laplace變換, 線形代數, 벡터微積分 등의 基礎的인 性質 및 解法을 다루며 실제 電氣回路 및 電磁氣理論에 나오는 問題들을 檢討하고, 관계되는 제반 理論들의 應用 能力을 배양한다.",신흥교/전기공학도를 위한 공학수학/도서출판 홍릉,,"A Croft, R. Davison, M. Hargreaves/Engineering MathematicsA Modern Foundation for Electronic, Electrical and Control Engineers/AddisonWesley Publishing Co. Inc.,D. G. Zill, W. S. Wright/Advanced Engineering Mathematics 4th ed./Johns and Bartlett Pub. LLC,E. Kreyszig/Advanced Engineering Mathematics 10th ed./John Wiley & Sons, Inc.,P. V. O'Neil/Advanced Engineering Mathematics/Nelson, a Division of Thomson Canada Limited,S. Karni, W. J. Byatt/Mathematical Methods in Continuous and Discrete Systems/CBS Publishing","필수선수과목 : 없음,추천선수과목 : 수학 1, 2",True,False
17285,공학수학1,2,1학기,3.0,전공선택,"工學系의 基本科目인 微積分學을 基礎로하여 微分方程式, Laplace變換, 線形代數, 벡터微積分 등의 基礎的인 性質 및 解法을 다루며 실제 電氣回路 및 電磁氣理論에 나오는 問題들을 檢討하고, 관계되는 제반 理論들의 應用 能力을 배양한다.",신흥교/전기공학도를 위한 공학수학/도서출판 홍릉,,"A Croft, R. Davison, M. Hargreaves/Engineering MathematicsA Modern Foundation for Electronic, Electrical and Control Engineers/AddisonWesley Publishing Co. Inc.,D. G. Zill, W. S. Wright/Advanced Engineering Mathematics 4th ed./Johns and Bartlett Pub. LLC,E. Kreyszig/Advanced Engineering Mathematics 10th ed./John Wiley & Sons, Inc.,P. V. O'Neil/Advanced Engineering Mathematics/Nelson, a Division of Thomson Canada Limited,S. Karni, W. J. Byatt/Mathematical Methods in Continuous and Discrete Systems/CBS Publishing","필수선수과목 : 없음,추천선수과목 : 수학 1, 2",True,False
17286,공학수학1,2,1학기,3.0,전공선택,"工學系의 基本科目인 微積分學을 基礎로하여 微分方程式, Laplace變換, 線形代數, 벡터微積分 등의 基礎的인 性質 및 解法을 다루며 실제 電氣回路 및 電磁氣理論에 나오는 問題들을 檢討하고, 관계되는 제반 理論들의 應用 能力을 배양한다.",신흥교/전기공학도를 위한 공학수학/도서출판 홍릉,,"A Croft, R. Davison, M. Hargreaves/Engineering MathematicsA Modern Foundation for Electronic, Electrical and Control Engineers/AddisonWesley Publishing Co. Inc.,D. G. Zill, W. S. Wright/Advanced Engineering Mathematics 4th ed./Johns and Bartlett Pub. LLC,E. Kreyszig/Advanced Engineering Mathematics 10th ed./John Wiley & Sons, Inc.,P. V. O'Neil/Advanced Engineering Mathematics/Nelson, a Division of Thomson Canada Limited,S. Karni, W. J. Byatt/Mathematical Methods in Continuous and Discrete Systems/CBS Publishing","필수선수과목 : 없음,추천선수과목 : 수학 1, 2",True,False
17287,공학수학2,2,2학기,3.0,전공선택,"工學系의 基本科目인 微積分學을 基礎로하여 微分方程式, Laplace變換, 線形代數, 벡터微積分 등의 基礎的인 性質 및 解法을 다루며 실제 電氣回路 및 電磁氣理論에 나오는 問題들을 檢討하고, 관계되는 제반 理論들의 應用 能力을 배양한다.",신흥교/전기공학도를 위한 공학수학/도서출판 홍릉,,"A Croft, R. Davison, M. Hargreaves/Engineering MathematicsA Modern Foundation for Electronic, Electrical and Control Engineers/AddisonWesley Publishing Co. Inc.,D. G. Zill, W. S. Wright/Advanced Engineering Mathematics 4th ed./Johns and Bartlett Pub. LLC,E. Kreyszig/Advanced Engineering Mathematics 10th ed./John Wiley & Sons, Inc.,P. V. O'Neil/Advanced Engineering Mathematics/Nelson, a Division of Thomson Canada Limited,S. Karni, W. J. Byatt/Mathematical Methods in Continuous and Discrete Systems/CBS Publishing","필수선수과목 : 없음,추천선수과목 : 수학 1, 2",True,False
17288,공학수학2,2,2학기,3.0,전공선택,"工學系의 基本科目인 微積分學을 基礎로하여 微分方程式, Laplace變換, 線形代數, 벡터微積分 등의 基礎的인 性質 및 解法을 다루며 실제 電氣回路 및 電磁氣理論에 나오는 問題들을 檢討하고, 관계되는 제반 理論들의 應用 能力을 배양한다.",신흥교/전기공학도를 위한 공학수학/도서출판 홍릉,,"A Croft, R. Davison, M. Hargreaves/Engineering MathematicsA Modern Foundation for Electronic, Electrical and Control Engineers/AddisonWesley Publishing Co. Inc.,D. G. Zill, W. S. Wright/Advanced Engineering Mathematics 4th ed./Johns and Bartlett Pub. LLC,E. Kreyszig/Advanced Engineering Mathematics 10th ed./John Wiley & Sons, Inc.,P. V. O'Neil/Advanced Engineering Mathematics/Nelson, a Division of Thomson Canada Limited,S. Karni, W. J. Byatt/Mathematical Methods in Continuous and Discrete Systems/CBS Publishing","필수선수과목 : 없음,추천선수과목 : 수학 1, 2",True,False
17289,공학수학2,2,2학기,3.0,전공선택,"工學系의 基本科目인 微積分學을 基礎로하여 微分方程式, Laplace變換, 線形代數, 벡터微積分 등의 基礎的인 性質 및 解法을 다루며 실제 電氣回路 및 電磁氣理論에 나오는 問題들을 檢討하고, 관계되는 제반 理論들의 應用 能力을 배양한다.",신흥교/전기공학도를 위한 공학수학/도서출판 홍릉,,"A Croft, R. Davison, M. Hargreaves/Engineering MathematicsA Modern Foundation for Electronic, Electrical and Control Engineers/AddisonWesley Publishing Co. Inc.,D. G. Zill, W. S. Wright/Advanced Engineering Mathematics 4th ed./Johns and Bartlett Pub. LLC,E. Kreyszig/Advanced Engineering Mathematics 10th ed./John Wiley & Sons, Inc.,P. V. O'Neil/Advanced Engineering Mathematics/Nelson, a Division of Thomson Canada Limited,S. Karni, W. J. Byatt/Mathematical Methods in Continuous and Discrete Systems/CBS Publishing","필수선수과목 : 없음,추천선수과목 : 수학 1, 2",True,False
17290,공학수학2,2,2학기,3.0,전공선택,"工學系의 基本科目인 微積分學을 基礎로하여 微分方程式, Laplace變換, 線形代數, 벡터微積分 등의 基礎的인 性質 및 解法을 다루며 실제 電氣回路 및 電磁氣理論에 나오는 問題들을 檢討하고, 관계되는 제반 理論들의 應用 能力을 배양한다.",신흥교/전기공학도를 위한 공학수학/도서출판 홍릉,,"A Croft, R. Davison, M. Hargreaves/Engineering MathematicsA Modern Foundation for Electronic, Electrical and Control Engineers/AddisonWesley Publishing Co. Inc.,D. G. Zill, W. S. Wright/Advanced Engineering Mathematics 4th ed./Johns and Bartlett Pub. LLC,E. Kreyszig/Advanced Engineering Mathematics 10th ed./John Wiley & Sons, Inc.,P. V. O'Neil/Advanced Engineering Mathematics/Nelson, a Division of Thomson Canada Limited,S. Karni, W. J. Byatt/Mathematical Methods in Continuous and Discrete Systems/CBS Publishing","필수선수과목 : 없음,추천선수과목 : 수학 1, 2",True,False
17291,공학수학2,2,2학기,3.0,전공선택,"工學系의 基本科目인 微積分學을 基礎로하여 微分方程式, Laplace變換, 線形代數, 벡터微積分 등의 基礎的인 性質 및 解法을 다루며 실제 電氣回路 및 電磁氣理論에 나오는 問題들을 檢討하고, 관계되는 제반 理論들의 應用 能力을 배양한다.",신흥교/전기공학도를 위한 공학수학/도서출판 홍릉,,"A Croft, R. Davison, M. Hargreaves/Engineering MathematicsA Modern Foundation for Electronic, Electrical and Control Engineers/AddisonWesley Publishing Co. Inc.,D. G. Zill, W. S. Wright/Advanced Engineering Mathematics 4th ed./Johns and Bartlett Pub. LLC,E. Kreyszig/Advanced Engineering Mathematics 10th ed./John Wiley & Sons, Inc.,P. V. O'Neil/Advanced Engineering Mathematics/Nelson, a Division of Thomson Canada Limited,S. Karni, W. J. Byatt/Mathematical Methods in Continuous and Discrete Systems/CBS Publishing","필수선수과목 : 없음,추천선수과목 : 수학 1, 2",True,False
17292,공학수학2,2,2학기,3.0,전공선택,"工學系의 基本科目인 微積分學을 基礎로하여 微分方程式, Laplace變換, 線形代數, 벡터微積分 등의 基礎的인 性質 및 解法을 다루며 실제 電氣回路 및 電磁氣理論에 나오는 問題들을 檢討하고, 관계되는 제반 理論들의 應用 能力을 배양한다.",신흥교/전기공학도를 위한 공학수학/도서출판 홍릉,,"A Croft, R. Davison, M. Hargreaves/Engineering MathematicsA Modern Foundation for Electronic, Electrical and Control Engineers/AddisonWesley Publishing Co. Inc.,D. G. Zill, W. S. Wright/Advanced Engineering Mathematics 4th ed./Johns and Bartlett Pub. LLC,E. Kreyszig/Advanced Engineering Mathematics 10th ed./John Wiley & Sons, Inc.,P. V. O'Neil/Advanced Engineering Mathematics/Nelson, a Division of Thomson Canada Limited,S. Karni, W. J. Byatt/Mathematical Methods in Continuous and Discrete Systems/CBS Publishing","필수선수과목 : 없음,추천선수과목 : 수학 1, 2",True,False
17295,자율형현장실습3,4,2학기,15.0,전공선택,"전공과 관련된 기업체와 학과 간에 맺어진 협약에 의하여, 1학기동안 학생들을 기업체에 파견하여, 실제 기업체에서 일어나는 상황과 현장을 이해하여, 학생들이 스스로 현장과 상황에 맞는 설계능력을 키우게 하고자 함.",/현장실습/,,,,True,False
17296,자율형현장실습3,4,1학기,15.0,전공선택,"전공과 관련된 기업체와 학과 간에 맺어진 협약에 의하여, 1학기동안 학생들을 기업체에 파견하여, 실제 기업체에서 일어나는 상황과 현장을 이해하여, 학생들이 스스로 현장과 상황에 맞는 설계능력을 키우게 하고자 함.",/현장실습/,,,,True,False
17297,자율형국외현장실습3,4,1학기,15.0,전공선택,"전공과 관련된 기업체와 학과 간에 맺어진 협약에 의하여, 1학기동안 학생들을 기업체에 파견하여, 실제 기업체에서 일어나는 상황과 현장을 이해하여, 학생들이 스스로 현장과 상황에 맞는 설계능력을 키우게 하고자 함.",/현장실습/,,,,True,False
17298,자율형국외현장실습3,4,2학기,15.0,전공선택,"전공과 관련된 기업체와 학과 간에 맺어진 협약에 의하여, 1학기동안 학생들을 기업체에 파견하여, 실제 기업체에서 일어나는 상황과 현장을 이해하여, 학생들이 스스로 현장과 상황에 맞는 설계능력을 키우게 하고자 함.",/현장실습/,,,,True,False
17299,표준형현장실습3,4,2학기,15.0,전공선택,"전공과 관련된 기업체와 학과 간에 맺어진 협약에 의하여, 1학기동안 학생들을 기업체에 파견하여, 실제 기업체에서 일어나는 상황과 현장을 이해하여, 학생들이 스스로 현장과 상황에 맞는 설계능력을 키우게 하고자 함.",/현장실습/,,,,True,False
17300,표준형현장실습3,4,1학기,15.0,전공선택,"전공과 관련된 기업체와 학과 간에 맺어진 협약에 의하여, 1학기동안 학생들을 기업체에 파견하여, 실제 기업체에서 일어나는 상황과 현장을 이해하여, 학생들이 스스로 현장과 상황에 맞는 설계능력을 키우게 하고자 함.",/현장실습/,,,,True,False
17301,표준형국외현장실습3,4,2학기,15.0,전공선택,"전공과 관련된 기업체와 학과 간에 맺어진 협약에 의하여, 1학기동안 학생들을 기업체에 파견하여, 실제 기업체에서 일어나는 상황과 현장을 이해하여, 학생들이 스스로 현장과 상황에 맞는 설계능력을 키우게 하고자 함.",/현장실습/,,,,True,False
17302,표준형국외현장실습3,4,1학기,15.0,전공선택,"전공과 관련된 기업체와 학과 간에 맺어진 협약에 의하여, 1학기동안 학생들을 기업체에 파견하여, 실제 기업체에서 일어나는 상황과 현장을 이해하여, 학생들이 스스로 현장과 상황에 맞는 설계능력을 키우게 하고자 함.",/현장실습/,,,,True,False
17303,전자공학개론,1,2학기,2.0,전공선택,전자공학의 기초지식 이해전자 부품 및 소자의 종류 및 간단한 기능 습득타 학과목과의 융합지식을 습득,"권기영외 2인 옮김/전기전자공학개론 개정5판/한빛 아카데미,모현선외 2인/기초전기전자에센스/한빛아카데미",,"권갑현옮김/전기전자공학개론/CENGAGE Learning,성풍현외 18인/공학이란 무엇인가/살림출판사,신윤기/생활속의 전기전자/교보문고,이건용지음/전기&amp;전자의 History/한진,최우영편저/유레카전자공학개론/윌비스",,True,True
17304,전자공학개론,1,2학기,2.0,전공선택,전자공학의 기초지식 이해전자 부품 및 소자의 종류 및 간단한 기능 습득타 학과목과의 융합지식을 습득,"권기영외 2인 옮김/전기전자공학개론 개정5판/한빛 아카데미,모현선외 2인/기초전기전자에센스/한빛아카데미",,"권갑현옮김/전기전자공학개론/CENGAGE Learning,성풍현외 18인/공학이란 무엇인가/살림출판사,신윤기/생활속의 전기전자/교보문고,이건용지음/전기&amp;전자의 History/한진,최우영편저/유레카전자공학개론/윌비스",,True,True
17305,전자공학개론,1,2학기,2.0,전공선택,전자공학의 기초지식 이해전자 부품 및 소자의 종류 및 간단한 기능 습득타 학과목과의 융합지식을 습득,"권기영외 2인 옮김/전기전자공학개론 개정5판/한빛 아카데미,모현선외 2인/기초전기전자에센스/한빛아카데미",,"권갑현옮김/전기전자공학개론/CENGAGE Learning,성풍현외 18인/공학이란 무엇인가/살림출판사,신윤기/생활속의 전기전자/교보문고,이건용지음/전기&amp;전자의 History/한진,최우영편저/유레카전자공학개론/윌비스",,True,True
17306,전자공학개론,1,2학기,2.0,전공선택,전자공학의 기초지식 이해전자 부품 및 소자의 종류 및 간단한 기능 습득타 학과목과의 융합지식을 습득,"권기영외 2인 옮김/전기전자공학개론 개정5판/한빛 아카데미,모현선외 2인/기초전기전자에센스/한빛아카데미",,"권갑현옮김/전기전자공학개론/CENGAGE Learning,성풍현외 18인/공학이란 무엇인가/살림출판사,신윤기/생활속의 전기전자/교보문고,이건용지음/전기&amp;전자의 History/한진,최우영편저/유레카전자공학개론/윌비스",,True,True
17307,전자공학개론,1,2학기,2.0,전공선택,전자공학의 기초지식 이해전자 부품 및 소자의 종류 및 간단한 기능 습득타 학과목과의 융합지식을 습득,"권기영외 2인 옮김/전기전자공학개론 개정5판/한빛 아카데미,모현선외 2인/기초전기전자에센스/한빛아카데미",,"권갑현옮김/전기전자공학개론/CENGAGE Learning,성풍현외 18인/공학이란 무엇인가/살림출판사,신윤기/생활속의 전기전자/교보문고,이건용지음/전기&amp;전자의 History/한진,최우영편저/유레카전자공학개론/윌비스",,True,True
17308,전자공학개론,1,2학기,2.0,전공선택,전자공학의 기초지식 이해전자 부품 및 소자의 종류 및 간단한 기능 습득타 학과목과의 융합지식을 습득,"권기영외 2인 옮김/전기전자공학개론 개정5판/한빛 아카데미,모현선외 2인/기초전기전자에센스/한빛아카데미",,"권갑현옮김/전기전자공학개론/CENGAGE Learning,성풍현외 18인/공학이란 무엇인가/살림출판사,신윤기/생활속의 전기전자/교보문고,이건용지음/전기&amp;전자의 History/한진,최우영편저/유레카전자공학개론/윌비스",,True,True
17309,전자공학개론,1,2학기,2.0,전공선택,전자공학의 기초지식 이해전자 부품 및 소자의 종류 및 간단한 기능 습득타 학과목과의 융합지식을 습득,"권기영외 2인 옮김/전기전자공학개론 개정5판/한빛 아카데미,모현선외 2인/기초전기전자에센스/한빛아카데미",,"권갑현옮김/전기전자공학개론/CENGAGE Learning,성풍현외 18인/공학이란 무엇인가/살림출판사,신윤기/생활속의 전기전자/교보문고,이건용지음/전기&amp;전자의 History/한진,최우영편저/유레카전자공학개론/윌비스",,True,True
17310,초고주파시스템,3,2학기,3.0,전공선택,"본 교과목은 초고주파시스템을 구성하는 무선/초고주파 회로 및 소자 (전송선로, RF 임피던스 정합회로, 공진기, 커플러, 전력분배기, 필터 등을 포함하는 RF 수동 및 능동 소자)에 대해 살펴보고, 이를 통하여 무선 송신기 및 수신기 구조를 학습하여, 무선/초고주파 시스템을 이해한다.","KAI CHANG/RF and Microwave Wireless Systems/WILEY,KAI CHANG/RF 및 초고주파 공학/한빛아카데미",,,추천선수과목 : 전자장및안테나공학,True,False
17311,초고주파시스템,3,2학기,3.0,전공선택,"본 교과목은 초고주파시스템을 구성하는 무선/초고주파 회로 및 소자 (전송선로, RF 임피던스 정합회로, 공진기, 커플러, 전력분배기, 필터 등을 포함하는 RF 수동 및 능동 소자)에 대해 살펴보고, 이를 통하여 무선 송신기 및 수신기 구조를 학습하여, 무선/초고주파 시스템을 이해한다.","KAI CHANG/RF and Microwave Wireless Systems/WILEY,KAI CHANG/RF 및 초고주파 공학/한빛아카데미",,,추천선수과목 : 전자장및안테나공학,True,False
17312,파이썬프로그래밍,2,2학기,3.0,전공선택,"전자공학 관련 기초 과목인 전기자기학, 회로이론, 공학수학, 확률통계 등에서 다루는 내용을 보다 심도있게 이해하기 위하여 과제를 선정하고 파이썬 프로그래밍을 통한 실습을 수행한다. 파이썬 기초 사용법 , GUI 프로그래밍, 멀티 쓰레딩 등을 학습한 후 확률, 미분방정식, 전기장 및 전위, 선형연립방정식 등의 해석에 대한 문제를 다룬다.",,,"박동규 외 1/으뜸 파이썬/생능출판,홍의경/제대로 배우는 파이썬/생능출판",,True,True
17313,파이썬프로그래밍,2,2학기,3.0,전공선택,"전자공학 관련 기초 과목인 전기자기학, 회로이론, 공학수학, 확률통계 등에서 다루는 내용을 보다 심도있게 이해하기 위하여 과제를 선정하고 파이썬 프로그래밍을 통한 실습을 수행한다. 파이썬 기초 사용법 , GUI 프로그래밍, 멀티 쓰레딩 등을 학습한 후 확률, 미분방정식, 전기장 및 전위, 선형연립방정식 등의 해석에 대한 문제를 다룬다.",,,"박동규 외 1/으뜸 파이썬/생능출판,홍의경/제대로 배우는 파이썬/생능출판",,True,True
17314,AI기초,3,1학기,3.0,전공선택,"본 강의에서는 기계학습의 기본 개념과 원리, 모델 구조, 학습 알고리즘 및 관련 지식을 학습 한다. 나아가, 딥러닝(deep learning), CNN, RNN, Reinforced 러닝의 원리를 배운다. Matlab 을 이용한 실습을 통하여 여러가지 공학적인 문제를 해결할 수 있다.",/클래스노트/,,,추천선수과목 : 공업수학,True,True
17315,자동제어,3,2학기,3.0,전공선택,"자동제어 관련 이론과 문제 해결 기법을 학습한다. 제어공학의 기본 수학 및 제어시스템 모델링 방식을 이해한 후, 제어시스템의 성능 분석 및 안정성 해석을 위한 다양한 기법들을 학습한다.",김성중/제어공학(핵심이 보이는)/한빛아카데미,,,,True,True
17316,집적회로설계및실습,4,2학기,3.0,전공선택,EDA 툴을 활용한 Full Custom IC design 실습,"/강의용 ppt/,이병진/Cadence Virtuoso를 이용한 Full Custom IC Design/21세기사",,,"추천선수과목 : 회로이론, 전자회로, 아날로그회로, 디지털회로",True,True
17317,집적회로설계및실습,4,2학기,3.0,전공선택,EDA 툴을 활용한 Full Custom IC design 실습,"/강의용 ppt/,이병진/Cadence Virtuoso를 이용한 Full Custom IC Design/21세기사",,,"추천선수과목 : 회로이론, 전자회로, 아날로그회로, 디지털회로",True,True
17318,기초전자공학실험,2,1학기,3.0,전공필수,"본 교과목은 전자공학을 전공하고자 하는 공학도들에게 기초가 되는 회로의 동작원리 및 장비의 사용방법을 익히기 위한 것으로, 저항, 캐패시터, 인덕터 등 기본 수동소자의 배선실험 및 주파수 응답특성 등을 실험한다. 실험 교과목을 통하여 관련 이론과 실험결과를 비교 분석하는 능력을 학습한다.","Zbar, Rockmaker, Bates/기초회로실험/한올(McGraw Hill Education)",,,추천선수과목 : 물리,True,True
17319,기초전자공학실험,2,1학기,3.0,전공필수,"본 교과목은 전자공학을 전공하고자 하는 공학도들에게 기초가 되는 회로의 동작원리 및 장비의 사용방법을 익히기 위한 것으로, 저항, 캐패시터, 인덕터 등 기본 수동소자의 배선실험 및 주파수 응답특성 등을 실험한다. 실험 교과목을 통하여 관련 이론과 실험결과를 비교 분석하는 능력을 학습한다.","Zbar, Rockmaker, Bates/기초회로실험/한올(McGraw Hill Education)",,,추천선수과목 : 물리,True,True
17320,전자회로실험,2,2학기,3.0,전공필수,,이강윤/단계별로 배우는 전자회로 실험 : 기본 소자 부터 응용 회로까지/한빛아카데미,,,추천선수과목 : 물리전자,True,True
17321,전자회로실험,2,2학기,3.0,전공필수,실험을 통한 PN다이오드의 동작 특성 이해실험을 통한 MOSFET의 동작 특성의 이해실험을 통한 MOSFET ampilfier의 동작 이해,이강윤/단계별로 배우는 전자회로 실험 : 기본 소자 부터 응용 회로까지/한빛아카데미,,,추천선수과목 : 물리전자,True,True
17322,전자회로실험,2,2학기,3.0,전공필수,실험을 통한 PN다이오드의 동작 특성 이해실험을 통한 MOSFET의 동작 특성의 이해실험을 통한 MOSFET ampilfier의 동작 이해,이강윤/단계별로 배우는 전자회로 실험 : 기본 소자 부터 응용 회로까지/한빛아카데미,,,추천선수과목 : 물리전자,True,True
17323,전자회로실험,2,2학기,3.0,전공필수,실험을 통한 PN다이오드의 동작 특성 이해실험을 통한 MOSFET의 동작 특성의 이해실험을 통한 MOSFET ampilfier의 동작 이해,이강윤/단계별로 배우는 전자회로 실험 : 기본 소자 부터 응용 회로까지/한빛아카데미,,,추천선수과목 : 물리전자,True,True
17324,전자회로실험,2,2학기,3.0,전공필수,,이강윤/단계별로 배우는 전자회로 실험 : 기본 소자 부터 응용 회로까지/한빛아카데미,,,추천선수과목 : 물리전자,True,True
17325,전자회로실험,2,2학기,3.0,전공필수,,이강윤/단계별로 배우는 전자회로 실험 : 기본 소자 부터 응용 회로까지/한빛아카데미,,,추천선수과목 : 물리전자,True,True
17326,디지털시스템설계및실습,3,1학기,3.0,전공필수,"전자공학의 기초지식을 이수한 학생들에게 논리 및 디지털회로에 대한 전반적인 기초이론과 실험을 행한다. 다음으로 이들을 응용한 디지털 시스템을 설계하고 실험을 하여 그 동작과 기능을 확인함으로서 산업체에서 바로 적용이 가능한 기술을 습득하도록 한다.본 과목은 2학점 2시간으로 구성되며, 우선 각 실험내용에 대하여 이론강의를 한 후, 이를 바탕으로 실제로 각 디지털 소자를 이용하여 디지털 회로를 완성하고, 측정장치들에 의하여 그 결과를 확인한다. 본 과목에서는 디지털 기본 회로들에 대한 실습을 행한 후, 시계칩 설계 프로젝트를 수행하여 실제 보드레벨의 디지털 시스템 설계기술도 익히게 된다. 이 프로젝트를 성공적으로 수행한 학생들은 산업체에서 적용 가능한 디지털 응용 설계 능력을 갖추게 된다.","이재곤, 이성렬/디지털 실험/신화전산기획",,,추천선수과목 : 디지털공학,True,True
17327,디지털시스템설계및실습,3,1학기,3.0,전공필수,"전자공학의 기초지식을 이수한 학생들에게 논리 및 디지털회로에 대한 전반적인 기초이론과 실험을 행한다. 다음으로 이들을 응용한 디지털 시스템을 설계하고 실험을 하여 그 동작과 기능을 확인함으로서 산업체에서 바로 적용이 가능한 기술을 습득하도록 한다.본 과목은 2학점 2시간으로 구성되며, 우선 각 실험내용에 대하여 이론강의를 한 후, 이를 바탕으로 실제로 각 디지털 소자를 이용하여 디지털 회로를 완성하고, 측정장치들에 의하여 그 결과를 확인한다. 본 과목에서는 디지털 기본 회로들에 대한 실습을 행한 후, 시계칩 설계 프로젝트를 수행하여 실제 보드레벨의 디지털 시스템 설계기술도 익히게 된다. 이 프로젝트를 성공적으로 수행한 학생들은 산업체에서 적용 가능한 디지털 응용 설계 능력을 갖추게 된다.","이재곤, 이성렬/디지털 실험/신화전산기획",,,추천선수과목 : 디지털공학,True,True
17328,통신시스템설계및실습,3,1학기,3.0,전공필수,통신시스템에서 요구되는 다양한 신호처리 기법을 컴퓨터 실습을 통하여 학습한다. 파이썬 프로그래밍을 이용한 기초적인 통신신호처리 기법을 학습한 후 신호를 검출하는 실제적인 통신신호처리 과제를 수행한다.,/강의자료/,,,,True,True
17329,물리전자,2,1학기,3.0,전공선택,"반도체의 성질에 대한 기초지식을 습득하여 반도체 다이오드의 구조, 물리적 동작, 회로적 특성을 익힌다.MOS트랜지스터의 기본적인 구조, 물리적 동작, 회로특성을 익히고, 소자의 미세화에 따른 다양한 토픽에 대해 다룬다.바이폴라 트랜지스터의 구조, 물리적 동작, 회로특성을 익힌다.",Chenming Calvin Hu/현대 반도체 소자 공학(Modern Semiconductor Devices for Integrated Cricuits)/한빛아카데미,,Ben G. Streetman/고체전자공학(Solild State Electronic Devices)/Pearson Higher Education,,True,True
17330,물리전자,2,1학기,3.0,전공선택,"반도체의 성질에 대한 기초지식을 습득하여 반도체 다이오드의 구조, 물리적 동작, 회로적 특성을 익힌다.MOS트랜지스터의 기본적인 구조, 물리적 동작, 회로특성을 익히고, 소자의 미세화에 따른 다양한 토픽에 대해 다룬다.바이폴라 트랜지스터의 구조, 물리적 동작, 회로특성을 익힌다.",Chenming Calvin Hu/현대 반도체 소자 공학(Modern Semiconductor Devices for Integrated Cricuits)/한빛아카데미,,Ben G. Streetman/고체전자공학(Solild State Electronic Devices)/Pearson Higher Education,,True,True
17331,반도체설계개론,2,1학기,3.0,전공선택,"전자기술, 컴퓨터기술 등의 발전으로 도래한 정보화 사회는 우리 삶을 혁신적으로 변화시키고 있다. 이러한 기술 가운데 고속, 대용량 정보처리의 핵심이 되는 반도체 집적회로 기술은 매우 빠르게 발전하고 있으며, 최근 전공자나 산업현장 기술자뿐만 아니라 일반인들에게도 점차 많은 관심을 끌고 있다. 본 교과목에서는 반도체 집적회로의 필요성, 기본이론, 설계방식 그리고 반도체 산업 등의 집적회로 설계에 관련된 전반적인 지식을 강의한다. 또한, 간단한 집적회로 설계 툴을 소개하고, 집적회로 설계를 시연함으로서 집적회로 설계에 관한 실무능력도 개발한다.",담당교수/강의용 자료/파워 포인트 자료,,"Floyd/Electronic Devices(8/e)/Prentice Hall,Weste, Harris/CMOS VLSI Design/Addison Wesley,강구창/반도체제대로이해하기/지성사",추천선수과목 : 전자공학 개론,True,True
17332,반도체설계개론,2,1학기,3.0,전공선택,"전자기술, 컴퓨터기술 등의 발전으로 도래한 정보화 사회는 우리 삶을 혁신적으로 변화시키고 있다. 이러한 기술 가운데 고속, 대용량 정보처리의 핵심이 되는 반도체 집적회로 기술은 매우 빠르게 발전하고 있으며, 최근 전공자나 산업현장 기술자뿐만 아니라 일반인들에게도 점차 많은 관심을 끌고 있다. 본 교과목에서는 반도체 집적회로의 필요성, 기본이론, 설계방식 그리고 반도체 산업 등의 집적회로 설계에 관련된 전반적인 지식을 강의한다. 또한, 간단한 집적회로 설계 툴을 소개하고, 집적회로 설계를 시연함으로서 집적회로 설계에 관한 실무능력도 개발한다.",담당교수/강의용 자료/파워 포인트 자료,,"Floyd/Electronic Devices(8/e)/Prentice Hall,Weste, Harris/CMOS VLSI Design/Addison Wesley,강구창/반도체제대로이해하기/지성사",추천선수과목 : 전자공학 개론,True,True
17333,반도체설계개론,2,1학기,3.0,전공선택,"전자기술, 컴퓨터기술 등의 발전으로 도래한 정보화 사회는 우리 삶을 혁신적으로 변화시키고 있다. 이러한 기술 가운데 고속, 대용량 정보처리의 핵심이 되는 반도체 집적회로 기술은 매우 빠르게 발전하고 있으며, 최근 전공자나 산업현장 기술자뿐만 아니라 일반인들에게도 점차 많은 관심을 끌고 있다. 본 교과목에서는 반도체 집적회로의 필요성, 기본이론, 설계방식 그리고 반도체 산업 등의 집적회로 설계에 관련된 전반적인 지식을 강의한다. 또한, 간단한 집적회로 설계 툴을 소개하고, 집적회로 설계를 시연함으로서 집적회로 설계에 관한 실무능력도 개발한다.",담당교수/강의용 자료/파워 포인트 자료,,"Floyd/Electronic Devices(8/e)/Prentice Hall,Weste, Harris/CMOS VLSI Design/Addison Wesley,강구창/반도체제대로이해하기/지성사",추천선수과목 : 전자공학 개론,True,True
17334,반도체설계개론,2,1학기,3.0,전공선택,"전자기술, 컴퓨터기술 등의 발전으로 도래한 정보화 사회는 우리 삶을 혁신적으로 변화시키고 있다. 이러한 기술 가운데 고속, 대용량 정보처리의 핵심이 되는 반도체 집적회로 기술은 매우 빠르게 발전하고 있으며, 최근 전공자나 산업현장 기술자뿐만 아니라 일반인들에게도 점차 많은 관심을 끌고 있다. 본 교과목에서는 반도체 집적회로의 필요성, 기본이론, 설계방식 그리고 반도체 산업 등의 집적회로 설계에 관련된 전반적인 지식을 강의한다. 또한, 간단한 집적회로 설계 툴을 소개하고, 집적회로 설계를 시연함으로서 집적회로 설계에 관한 실무능력도 개발한다.",담당교수/강의용 자료/파워 포인트 자료,,"Floyd/Electronic Devices(8/e)/Prentice Hall,Weste, Harris/CMOS VLSI Design/Addison Wesley,강구창/반도체제대로이해하기/지성사",추천선수과목 : 전자공학 개론,True,True
17335,전자장및안테나공학,3,1학기,3.0,전공선택,"본 교과목은 사물인터넷, 스마트제조 등 응용분야에서 활용되고 있는 다양한 무선 센서 및  이동 통신 시스템을 이해하기 위한 필수 교과목으로 초주파의 회로 및 안테나 설계에 관한 전송선로 이론과 전자기파의 전파 특성을 살펴본다. 이를 응용하여 안테나의 방사원리와 안테나에 관련된 Parameters 정의, 각종 안테나(미소 Dipole 및 미소 Loop 안테나, 안테나 배열, 광대역 안테나, 개구면 안테나 등)의 동작원리 및 설계방법, 안테나 측정방법 등에 대해 이해한다. 본 교과목은 이론학습과 설계실습(3차원 전자파해석 툴 실습, 안테나 설계 제작)을 통하여 학습이해도를 높이고, 실무경험을 습득한다.","Y. Huang/Antennas: from Theory to Practice/WILEY,/최신안테나공학/한빛아카데미",,,추천선수과목 : 전자기학 1 & 2,True,True
17336,전자장및안테나공학,3,1학기,3.0,전공선택,"본 교과목은 사물인터넷, 스마트제조 등 응용분야에서 활용되고 있는 다양한 무선 센서 및  이동 통신 시스템을 이해하기 위한 필수 교과목으로 초주파의 회로 및 안테나 설계에 관한 전송선로 이론과 전자기파의 전파 특성을 살펴본다. 이를 응용하여 안테나의 방사원리와 안테나에 관련된 Parameters 정의, 각종 안테나(미소 Dipole 및 미소 Loop 안테나, 안테나 배열, 광대역 안테나, 개구면 안테나 등)의 동작원리 및 설계방법, 안테나 측정방법 등에 대해 이해한다. 본 교과목은 이론학습과 설계실습(3차원 전자파해석 툴 실습, 안테나 설계 제작)을 통하여 학습이해도를 높이고, 실무경험을 습득한다.","Y. Huang/Antennas: from Theory to Practice/WILEY,/최신안테나공학/한빛아카데미",,,추천선수과목 : 전자기학 1 & 2,True,True
17337,전자회로,3,1학기,3.0,전공선택,"전자회로에 필요한 여러 반도체 소자의 물리를 이해하고, 이를 기반으로 바이폴라 증폭기, CMOS 증폭기 및 연산 증폭기를 이해하고 해석한다. 또한, 능동 부하와 캐스코드로 차동쌍을 구성하는데 필요한 배경지식인 캐스코드 단과 전류 거울을 다룬다.",Behzad Razavi/마이크로 전자회로 (Microelectronics)/한티미디어,,"Adel S. Sedra, Kenneth C. Smith/Microelectronic Circuits/Oxford University Press","추천선수과목 : 물리전자, 회로해석론",True,True
17338,전자회로,3,1학기,3.0,전공선택,"전자회로에 필요한 여러 반도체 소자의 물리를 이해하고, 이를 기반으로 바이폴라 증폭기, CMOS 증폭기 및 연산 증폭기를 이해하고 해석한다. 또한, 능동 부하와 캐스코드로 차동쌍을 구성하는데 필요한 배경지식인 캐스코드 단과 전류 거울을 다룬다.",Behzad Razavi/마이크로 전자회로 (Microelectronics)/한티미디어,,"Adel S. Sedra, Kenneth C. Smith/Microelectronic Circuits/Oxford University Press","추천선수과목 : 물리전자, 회로해석론",True,True
17339,레이더공학,4,1학기,3.0,전공선택,Radar 의 기본적인 동작 원리와 구조를 배우고 adaptive array의 이론들에 대해 연구한다.,/Radar systems analysis and design B.R.Mahafza/,,,"필수선수과목 : 확률론, 공업수학, 신호및시스템",True,False
17340,디지털공학,2,2학기,3.0,전공선택,디지털 신호와 아날로그 신호를 이해한다.조합 및 순서논리 회로의 설계방법을 배운다.실생활에서 요구되는 디지털 공학적인 문제를 인식하고 이를 해결한다.산업체 현장에서 다양한 디지털 응용회로의 설계기법과 문제를 해결한다.,"임석구, 홍경호/디지털 논리회로(개정3판)/한빛미디어,임석구, 홍경호/처음 만나는 디지털 논리회로/한빛미디어",,"김시호외 5인/논리회로와 컴퓨터설계/한티미디어,이근영외 3인/디지털 디자인(제4판)/교보문고,이근영외 7인/논리설계의 기초(제5판)/교보문고",,True,False
17341,디지털공학,2,2학기,3.0,전공선택,디지털 신호와 아날로그 신호를 이해한다.조합 및 순서논리 회로의 설계방법을 배운다.실생활에서 요구되는 디지털 공학적인 문제를 인식하고 이를 해결한다.산업체 현장에서 다양한 디지털 응용회로의 설계기법과 문제를 해결한다.,"임석구, 홍경호/디지털 논리회로(개정3판)/한빛미디어,임석구, 홍경호/처음 만나는 디지털 논리회로/한빛미디어",,"김시호외 5인/논리회로와 컴퓨터설계/한티미디어,이근영외 3인/디지털 디자인(제4판)/교보문고,이근영외 7인/논리설계의 기초(제5판)/교보문고",,True,False
17342,디지털공학,2,2학기,3.0,전공선택,디지털 신호와 아날로그 신호를 이해한다.조합 및 순서논리 회로의 설계방법을 배운다.실생활에서 요구되는 디지털 공학적인 문제를 인식하고 이를 해결한다.산업체 현장에서 다양한 디지털 응용회로의 설계기법과 문제를 해결한다.,"임석구, 홍경호/디지털 논리회로(개정3판)/한빛미디어,임석구, 홍경호/처음 만나는 디지털 논리회로/한빛미디어",,"김시호외 5인/논리회로와 컴퓨터설계/한티미디어,이근영외 3인/디지털 디자인(제4판)/교보문고,이근영외 7인/논리설계의 기초(제5판)/교보문고",,True,False
17343,디지털공학,2,2학기,3.0,전공선택,디지털 신호와 아날로그 신호를 이해한다.조합 및 순서논리 회로의 설계방법을 배운다.실생활에서 요구되는 디지털 공학적인 문제를 인식하고 이를 해결한다.산업체 현장에서 다양한 디지털 응용회로의 설계기법과 문제를 해결한다.,"임석구, 홍경호/디지털 논리회로(개정3판)/한빛미디어,임석구, 홍경호/처음 만나는 디지털 논리회로/한빛미디어",,"김시호외 5인/논리회로와 컴퓨터설계/한티미디어,이근영외 3인/디지털 디자인(제4판)/교보문고,이근영외 7인/논리설계의 기초(제5판)/교보문고",,True,False
17344,디지털공학,2,2학기,3.0,전공선택,디지털 신호와 아날로그 신호를 이해한다.조합 및 순서논리 회로의 설계방법을 배운다.실생활에서 요구되는 디지털 공학적인 문제를 인식하고 이를 해결한다.산업체 현장에서 다양한 디지털 응용회로의 설계기법과 문제를 해결한다.,"임석구, 홍경호/디지털 논리회로(개정3판)/한빛미디어,임석구, 홍경호/처음 만나는 디지털 논리회로/한빛미디어",,"김시호외 5인/논리회로와 컴퓨터설계/한티미디어,이근영외 3인/디지털 디자인(제4판)/교보문고,이근영외 7인/논리설계의 기초(제5판)/교보문고",,True,False
17345,통신시스템,3,1학기,3.0,전공선택,"신호 및 선형시스템의 해석을 위한 이론 학습 및 파이썬 프로그래밍 실습을 수행한 후 아날로그 신호를 전송하는 통신시스템의 구조 및 잡음 특성을 학습한다. 아날로그 신호의 디지털 변환, 기초적인 디지털 전송 방식에 대하여 학습한다.","S. Haykin, M. Moher/Haykin의 통신이론/한티미디어",/강의자료/,,추천선수과목 : 신호 및 시스템,True,True
17346,통신시스템,3,1학기,3.0,전공선택,"신호 및 선형시스템의 해석을 위한 이론 학습 및 파이썬 프로그래밍 실습을 수행한 후 아날로그 신호를 전송하는 통신시스템의 구조 및 잡음 특성을 학습한다. 아날로그 신호의 디지털 변환, 기초적인 디지털 전송 방식에 대하여 학습한다.","S. Haykin, M. Moher/Haykin의 통신이론/한티미디어",/강의자료/,,추천선수과목 : 신호 및 시스템,True,True
17347,아날로그집적회로설계,4,1학기,3.0,전공선택,"고성능 첨단 반도체 제품의 핵심인 아날로그 집적회로에 대한 이해와 설계 능력을 배양한다. 전자회로에서 배운 반도체 소자의 특성을 파악하고 아날로그 시스템이 요구하는 기능을 이해하여 반도체 및 CMOS 소자들의 특성을 바탕으로 연산증폭기, 기준전압원, 증폭기, 전류 미러, 데이터 컨버터  등의 핵심 아날로그 집적회로를 학습하고, 산업체의 요구 사양에 맞는 회로를 설계할 수 있는 능력을 배양한다.",김대정외 2인(라자비 원저)/아날로그 CMOS 집적회로설계(2판)/Mc Graw Hill,,"P.E.Allen, D.R.Holberg/CMOS Analog Circuit Design/OXFORD","추천선수과목 : 반도체 설계개론, 디지털집적회로설계, 전자회로",True,True
17348,아날로그집적회로설계,4,1학기,3.0,전공선택,"고성능 첨단 반도체 제품의 핵심인 아날로그 집적회로에 대한 이해와 설계 능력을 배양한다. 전자회로에서 배운 반도체 소자의 특성을 파악하고 아날로그 시스템이 요구하는 기능을 이해하여 반도체 및 CMOS 소자들의 특성을 바탕으로 연산증폭기, 기준전압원, 증폭기, 전류 미러, 데이터 컨버터  등의 핵심 아날로그 집적회로를 학습하고, 산업체의 요구 사양에 맞는 회로를 설계할 수 있는 능력을 배양한다.",김대정외 2인(라자비 원저)/아날로그 CMOS 집적회로설계(2판)/Mc Graw Hill,,"P.E.Allen, D.R.Holberg/CMOS Analog Circuit Design/OXFORD","추천선수과목 : 반도체 설계개론, 디지털집적회로설계, 전자회로",True,True
17349,컴퓨터구조,3,1학기,3.0,전공선택,"컴퓨터 구조는 디지털 컴퓨터의 여러 기능 모듈들의 구조 및 동작 그리고 데이터 처리를 위하여 이들이 어떻게 상호 작용하는지를 배우는 과목이다.본 과목에서는 디지털 논리 기초, 유한상태 기계 개요 그리고 컴퓨터 구조의 고급주제에 대하여 다룬다. 즉 명령어 집합 구조, 컴퓨터 조직, CPU, 레지스터 전송 언어 및 입.출력 구성과 병렬처리 등을 강의한다. 강의 중 최근 이슈가 되고 있는 컴퓨터 구조에 대하여 소개한다.",김종현/컴퓨터구조론/생능출판사,,,,True,True
17350,신호처리,3,2학기,3.0,전공선택,"회로해석론과 신호 및 시스템 과목을 이수한 학생들에게 디지털 신호처리에 대한 개념과 방법을 이수하게 하는데 목적이 있다. 주요강의 내용은 디지털 신호처리의 범위 및 개념, 시간영역 분석, 주파수영역분석, IIR필터설계, FIR필터설계, DFT 및 FFT 등이다.",이철희/디지털 신호 처리/한빛아카데미,,,"추천선수과목 : 회로해석론, 신호 및 시스템",True,True
17351,신호및시스템,3,1학기,3.0,전공선택,"신호, 시스템, 신호처리 등에 대한 기본개념과 특성을 분석하는 능력을 배양한다. 이를 위해 연속신호와 이산신호의 시간 및 주파수 영역에서의 분석, Fourier급수, Fourier 변환, 라플라스 변환등과 같은 기본적인 신호의 처리방법에 대하여 학습한다.",이철희/기초 신호 및 시스템/한빛아카데미,,,"추천선수과목 : 회로해석론 1,2",True,True
17352,전자회로응용,3,2학기,3.0,전공선택,"캐스코드와 전류 거울에 대한 이해차동 증폭기의 특징 및 대신호, 소신호 동작의 이해기본 증폭기의 주파수 응답의 이해귀환 회로의 이해발진기 및 아날로그 필터의 소개",김철우 외 6인 공역/마이크로전자회로 RAZAVI Microelectronics(2nd)/한티미디어,,,,True,True
17353,디지털집적회로설계,3,2학기,3.0,전공선택,디지털 집적회로의 기초 이론 및 각 디지털 블럭 설계디지털 집적회로의 설계 소프트웨어의 사용디지털 집적회로의 공정 이론,신경욱저/CMOS 디지털 집적회로 설계/한빛아카데미,,"Jan M, Rabaey/Digital Integrated Circuits/Prentice Hall,김대정역/초미세 공정을 이용한 디지털 집적회로 해석 및 설계/한빛 아카데미,박홍준저/CMOS 디지털 집적회로 설계/홍릉과학 출판사,조준동저/최신 VLSI 설계/한빛 아카데미","추천선수과목 : 반도체설계 개론, 디지털공학",True,True
17354,디지털집적회로설계,3,2학기,3.0,전공선택,디지털 집적회로의 기초 이론 및 각 디지털 블럭 설계디지털 집적회로의 설계 소프트웨어의 사용디지털 집적회로의 공정 이론,신경욱저/CMOS 디지털 집적회로 설계/한빛아카데미,,"Jan M, Rabaey/Digital Integrated Circuits/Prentice Hall,김대정역/초미세 공정을 이용한 디지털 집적회로 해석 및 설계/한빛 아카데미,박홍준저/CMOS 디지털 집적회로 설계/홍릉과학 출판사,조준동저/최신 VLSI 설계/한빛 아카데미","추천선수과목 : 반도체설계 개론, 디지털공학",True,True
17355,디지털집적회로설계,3,2학기,3.0,전공선택,디지털 집적회로의 기초 이론 및 각 디지털 블럭 설계디지털 집적회로의 설계 소프트웨어의 사용디지털 집적회로의 공정 이론,신경욱저/CMOS 디지털 집적회로 설계/한빛아카데미,,"Jan M, Rabaey/Digital Integrated Circuits/Prentice Hall,김대정역/초미세 공정을 이용한 디지털 집적회로 해석 및 설계/한빛 아카데미,박홍준저/CMOS 디지털 집적회로 설계/홍릉과학 출판사,조준동저/최신 VLSI 설계/한빛 아카데미","추천선수과목 : 반도체설계 개론, 디지털공학",True,True
17356,디지털집적회로설계,3,2학기,3.0,전공선택,디지털 집적회로의 기초 이론 및 각 디지털 블럭 설계디지털 집적회로의 설계 소프트웨어의 사용디지털 집적회로의 공정 이론,신경욱저/CMOS 디지털 집적회로 설계/한빛아카데미,,"Jan M, Rabaey/Digital Integrated Circuits/Prentice Hall,김대정역/초미세 공정을 이용한 디지털 집적회로 해석 및 설계/한빛 아카데미,박홍준저/CMOS 디지털 집적회로 설계/홍릉과학 출판사,조준동저/최신 VLSI 설계/한빛 아카데미","추천선수과목 : 반도체설계 개론, 디지털공학",True,True
17357,디지털집적회로설계,3,2학기,3.0,전공선택,디지털 집적회로의 기초 이론 및 각 디지털 블럭 설계디지털 집적회로의 설계 소프트웨어의 사용디지털 집적회로의 공정 이론,신경욱저/CMOS 디지털 집적회로 설계/한빛아카데미,,"Jan M, Rabaey/Digital Integrated Circuits/Prentice Hall,김대정역/초미세 공정을 이용한 디지털 집적회로 해석 및 설계/한빛 아카데미,박홍준저/CMOS 디지털 집적회로 설계/홍릉과학 출판사,조준동저/최신 VLSI 설계/한빛 아카데미","추천선수과목 : 반도체설계 개론, 디지털공학",True,True
17358,항공전자공학,3,2학기,3.0,전공선택,항공전자공학은 항공기에 사용되는 전자적 지식을 기초로 하여 실제 산업에서 어떠한 어떻게 적용 되는지를 이해한다. 주로 세미나와 토론에 의해 진행된다.,"/인터넷 자료, 수업시간 핸드아웃/",,,"추천선수과목 : 전자회로, 레이더공학, 공학프로그래밍언어",True,True
17359,디지털통신,3,2학기,3.0,전공선택,"정보의 디지털 전송에 대하여 정보의 이용자의 관점과 기술적인 문제를 다루는 공학자의 관점에서 요구되는 조건들을 비교함으로서 강의의 목적을 개괄적으로 설명한다. 디지털 전송에서 가장 기본적이며 또한 가장 중요한 분야인 베이스밴드 및 패스밴드 디지털 전송, 정보이론, 오류정정코드 등 기본적인 디지털 전송의 원리를 파악한다. 데이터 통신 및 컴퓨터 네트워크와 관련된 기초 분야인 MAC, 데이터링크, TCP/IP, 소켓시스템, 네트워크 보안 등을 학습한다.",,,"J. Proakis 외 1/통신시스템의 기초 (이일근 외 6 옮김)/퍼스트 북, 2015년,박기현/데이터통신과 컴퓨터네트워크/한빛미디어, 2016년","추천선수과목 : 통신시스템설계및실습, 통신시스템",True,True
17360,디지털통신,3,2학기,3.0,전공선택,"정보의 디지털 전송에 대하여 정보의 이용자의 관점과 기술적인 문제를 다루는 공학자의 관점에서 요구되는 조건들을 비교함으로서 강의의 목적을 개괄적으로 설명한다. 디지털 전송에서 가장 기본적이며 또한 가장 중요한 분야인 베이스밴드 및 패스밴드 디지털 전송, 정보이론, 오류정정코드 등 기본적인 디지털 전송의 원리를 파악한다. 데이터 통신 및 컴퓨터 네트워크와 관련된 기초 분야인 MAC, 데이터링크, TCP/IP, 소켓시스템, 네트워크 보안 등을 학습한다.",,,"J. Proakis 외 1/통신시스템의 기초 (이일근 외 6 옮김)/퍼스트 북, 2015년,박기현/데이터통신과 컴퓨터네트워크/한빛미디어, 2016년","추천선수과목 : 통신시스템설계및실습, 통신시스템",True,True
17361,마이크로프로세서,3,2학기,3.0,전공선택,,,,"/강의노트/,정영호 , 김덕영 , 조남형 /예제중심 쉽게 배우는 ATmega128 마이크로컨트롤러 하드웨어 인터페이스와 프로그래밍 5판/복두출판사",추천선수과목 : 컴퓨터구조,True,True
17362,마이크로프로세서,3,2학기,3.0,전공선택,,,,"/강의노트/,정영호 , 김덕영 , 조남형 /예제중심 쉽게 배우는 ATmega128 마이크로컨트롤러 하드웨어 인터페이스와 프로그래밍 5판/복두출판사",추천선수과목 : 컴퓨터구조,True,True
17363,회로해석론1,2,1학기,3.0,전공필수,"The central theme of Circuit Analysis 1 is the concept that electric circuits are part of the fabric of modern technology.This course contains electric cicuit variables, circuit elements, resistive circuits, methods of analysis of resistive circuits, circuit theorems, the operational amplifier, energy storage elements, the complete response of RL and RC circuits, and the complete response of circuits with two energy storage elements.","R.C. Dorf/Introduction to electric circuits, 9th edition/Wiley",,,,True,True
17364,회로해석론2,2,2학기,3.0,전공필수,1. Understanding of AC signal and power2. Frequency response3. Laplace transform and Fourier transform4. Filter circuit for frequency selection,"JAMES A. SVOBODA, RICHARD C. DORF/INTRODUCTION TO ELECTRIC CIRCUITS/WILEY",,,필수선수과목 : 회로해석론1,True,True
17365,전자기이론1,2,1학기,3.0,전공필수,"Electromagnetics 1 is the branch of engineering science that underlies most of circuit theory, electronic device, and electrical communications systems. This course covers the review of the vector analysis including the coordinate systems, electroand magnetostatics, and explain the physical meaning of electric and magnetic fields. From this course, students learn the fundamentals of wave propagation and the underlying principles behind common electrical/electronic systems.",F. T. Ulaby/Fundamentals of Applied Electromagnetics/Pearson,,,필수선수과목 : Calculus and Fundamental Physics,True,True
17366,전자기이론2,2,2학기,3.0,전공필수,"Electromagnetics is the branch of engineering science that underlies most of circuit theory, electronic device, and electrical communications systems. This course covers the Maxwell’s equations for timevarying fields, planewave propagation, and touches up on wave reflection and transmission. From this course, students will also investigate basic properties of antennas for transmitting and receiving electromagnetic radiation.",F. T. Ulaby/Fundamentals of Applied Electromagnetics/Pearson,,,추천선수과목 : Electromagnetics 1,True,True
17367,공학수학1,2,1학기,3.0,전공선택,"대학 1학년에서 다루었던 수학 1과 수학 2에서 배운 미적분학의 내용을 바탕으로 공업수학을 공부한다. 공업수학은 공학의 각 분야에서 다양하게 이용될 수 있는 수학의 영역을 말한다. 공학의 각 분야에서 필수적으로 알아야 할 상미분방정식, 선형대수, 벡터, 편미분방정식, 수치해석, 복소변수중 1학기 과목인 공학수학1에서는 미분방정식의 기초, 2계 선형미분방정식, 미분방정식의 급수해, 라플라스 변환, 행렬과 행렬식, 벡터와 공간도형에 대해 배운다.",권길현 외 12인/KREYSZIC 공업수학/범한서적주식회사,,"강신민 외 16인/미분적분학/경문사,공업수학교재편찬위원회/핵심 공업수학/북스힐,김찬중/길잡이 공업수학/범한서적주식회사","필수선수과목 : 수학1, 수학2,추천선수과목 : 기본수학",True,False
17368,공학수학1,2,1학기,3.0,전공선택,"대학 1학년에서 다루었던 수학 1과 수학 2에서 배운 미적분학의 내용을 바탕으로 공업수학을 공부한다. 공업수학은 공학의 각 분야에서 다양하게 이용될 수 있는 수학의 영역을 말한다. 공학의 각 분야에서 필수적으로 알아야 할 상미분방정식, 선형대수, 벡터, 편미분방정식, 수치해석, 복소변수중 1학기 과목인 공학수학1에서는 미분방정식의 기초, 2계 선형미분방정식, 미분방정식의 급수해, 라플라스 변환, 행렬과 행렬식, 벡터와 공간도형에 대해 배운다.",권길현 외 12인/KREYSZIC 공업수학/범한서적주식회사,,"강신민 외 16인/미분적분학/경문사,공업수학교재편찬위원회/핵심 공업수학/북스힐,김찬중/길잡이 공업수학/범한서적주식회사","필수선수과목 : 수학1, 수학2,추천선수과목 : 기본수학",True,False
17369,공학수학1,2,1학기,3.0,전공선택,"대학 1학년에서 다루었던 수학 1과 수학 2에서 배운 미적분학의 내용을 바탕으로 공업수학을 공부한다. 공업수학은 공학의 각 분야에서 다양하게 이용될 수 있는 수학의 영역을 말한다. 공학의 각 분야에서 필수적으로 알아야 할 상미분방정식, 선형대수, 벡터, 편미분방정식, 수치해석, 복소변수중 1학기 과목인 공학수학1에서는 미분방정식의 기초, 2계 선형미분방정식, 미분방정식의 급수해, 라플라스 변환, 행렬과 행렬식, 벡터와 공간도형에 대해 배운다.",권길현 외 12인/KREYSZIC 공업수학/범한서적주식회사,,"강신민 외 16인/미분적분학/경문사,공업수학교재편찬위원회/핵심 공업수학/북스힐,김찬중/길잡이 공업수학/범한서적주식회사","필수선수과목 : 수학1, 수학2,추천선수과목 : 기본수학",True,False
17370,공학수학1,2,1학기,3.0,전공선택,"대학 1학년에서 다루었던 수학 1과 수학 2에서 배운 미적분학의 내용을 바탕으로 공업수학을 공부한다. 공업수학은 공학의 각 분야에서 다양하게 이용될 수 있는 수학의 영역을 말한다. 공학의 각 분야에서 필수적으로 알아야 할 상미분방정식, 선형대수, 벡터, 편미분방정식, 수치해석, 복소변수중 1학기 과목인 공학수학1에서는 미분방정식의 기초, 2계 선형미분방정식, 미분방정식의 급수해, 라플라스 변환, 행렬과 행렬식, 벡터와 공간도형에 대해 배운다.",권길현 외 12인/KREYSZIC 공업수학/범한서적주식회사,,"강신민 외 16인/미분적분학/경문사,공업수학교재편찬위원회/핵심 공업수학/북스힐,김찬중/길잡이 공업수학/범한서적주식회사","필수선수과목 : 수학1, 수학2,추천선수과목 : 기본수학",True,False
17372,자율형현장실습3,4,1학기,15.0,전공선택,"학부과정에서 배운 전공 내용을 산업현장에서 직접 체험 및 적용함으로써 현장실무능력을 배양할 수 있는 기회를 제공함과 동시에 취업시 별도의 교육없이 곧바로 실무를 수행할 수 있는 능력을 기른다. 지도교수와의 사전 협의를 통해 졸업 후의 진로에 따라서 취업하고 자 하는 전자공학분야의 업체를 선택하고, 선택한 업체에서는 이전 수업과정에서 취득한 수강생의 능력을 확인하는 절차를 갖게 된다. 현장실습업체에서는 현장실습담당 직원이 현장 협력교수로서 수강생의 지도를 담당하며 15주동안 4회의 현장 점검을 수행하여 이 결과를 토대로 학생의 진로 탐색에 도움이 되도록 한다.",/산업체 현장실습 교재 및 관련 자료/,,,,True,False
17373,자율형현장실습3,4,2학기,15.0,전공선택,"학부과정에서 배운 전공 내용을 산업현장에서 직접 체험 및 적용함으로써 현장실무능력을 배양할 수 있는 기회를 제공함과 동시에 취업시 별도의 교육없이 곧바로 실무를 수행할 수 있는 능력을 기른다. 지도교수와의 사전 협의를 통해 졸업 후의 진로에 따라서 취업하고 자 하는 전자공학분야의 업체를 선택하고, 선택한 업체에서는 이전 수업과정에서 취득한 수강생의 능력을 확인하는 절차를 갖게 된다. 현장실습업체에서는 현장실습담당 직원이 현장 협력교수로서 수강생의 지도를 담당하며 15주동안 4회의 현장 점검을 수행하여 이 결과를 토대로 학생의 진로 탐색에 도움이 되도록 한다.",/산업체 현장실습 교재 및 관련 자료/,,,,True,False
17374,자율형국외현장실습3,4,2학기,15.0,전공선택,"학부과정에서 배운 전공 내용을 산업현장에서 직접 체험 및 적용함으로써 현장실무능력을 배양할 수 있는 기회를 제공함과 동시에 취업시 별도의 교육없이 곧바로 실무를 수행할 수 있는 능력을 기른다. 지도교수와의 사전 협의를 통해 졸업 후의 진로에 따라서 취업하고 자 하는 전자공학분야의 업체를 선택하고, 선택한 업체에서는 이전 수업과정에서 취득한 수강생의 능력을 확인하는 절차를 갖게 된다. 현장실습업체에서는 현장실습담당 직원이 현장 협력교수로서 수강생의 지도를 담당하며 15주동안 4회의 현장 점검을 수행하여 이 결과를 토대로 학생의 진로 탐색에 도움이 되도록 한다.",/산업체 현장실습 교재 및 관련 자료/,,,,True,False
17375,자율형국외현장실습3,4,1학기,15.0,전공선택,"학부과정에서 배운 전공 내용을 산업현장에서 직접 체험 및 적용함으로써 현장실무능력을 배양할 수 있는 기회를 제공함과 동시에 취업시 별도의 교육없이 곧바로 실무를 수행할 수 있는 능력을 기른다. 지도교수와의 사전 협의를 통해 졸업 후의 진로에 따라서 취업하고 자 하는 전자공학분야의 업체를 선택하고, 선택한 업체에서는 이전 수업과정에서 취득한 수강생의 능력을 확인하는 절차를 갖게 된다. 현장실습업체에서는 현장실습담당 직원이 현장 협력교수로서 수강생의 지도를 담당하며 15주동안 4회의 현장 점검을 수행하여 이 결과를 토대로 학생의 진로 탐색에 도움이 되도록 한다.",/산업체 현장실습 교재 및 관련 자료/,,,,True,False
17376,표준형현장실습3,4,2학기,15.0,전공선택,"학부과정에서 배운 전공 내용을 산업현장에서 직접 체험 및 적용함으로써 현장실무능력을 배양할 수 있는 기회를 제공함과 동시에 취업시 별도의 교육없이 곧바로 실무를 수행할 수 있는 능력을 기른다. 지도교수와의 사전 협의를 통해 졸업 후의 진로에 따라서 취업하고 자 하는 전자공학분야의 업체를 선택하고, 선택한 업체에서는 이전 수업과정에서 취득한 수강생의 능력을 확인하는 절차를 갖게 된다. 현장실습업체에서는 현장실습담당 직원이 현장 협력교수로서 수강생의 지도를 담당하며 15주동안 4회의 현장 점검을 수행하여 이 결과를 토대로 학생의 진로 탐색에 도움이 되도록 한다.",/산업체 현장실습 교재 및 관련 자료/,,,,True,False
17377,표준형현장실습3,4,1학기,15.0,전공선택,"학부과정에서 배운 전공 내용을 산업현장에서 직접 체험 및 적용함으로써 현장실무능력을 배양할 수 있는 기회를 제공함과 동시에 취업시 별도의 교육없이 곧바로 실무를 수행할 수 있는 능력을 기른다. 지도교수와의 사전 협의를 통해 졸업 후의 진로에 따라서 취업하고 자 하는 전자공학분야의 업체를 선택하고, 선택한 업체에서는 이전 수업과정에서 취득한 수강생의 능력을 확인하는 절차를 갖게 된다. 현장실습업체에서는 현장실습담당 직원이 현장 협력교수로서 수강생의 지도를 담당하며 15주동안 4회의 현장 점검을 수행하여 이 결과를 토대로 학생의 진로 탐색에 도움이 되도록 한다.",/산업체 현장실습 교재 및 관련 자료/,,,,True,False
17378,표준형국외현장실습3,4,1학기,15.0,전공선택,"학부과정에서 배운 전공 내용을 산업현장에서 직접 체험 및 적용함으로써 현장실무능력을 배양할 수 있는 기회를 제공함과 동시에 취업시 별도의 교육없이 곧바로 실무를 수행할 수 있는 능력을 기른다. 지도교수와의 사전 협의를 통해 졸업 후의 진로에 따라서 취업하고 자 하는 전자공학분야의 업체를 선택하고, 선택한 업체에서는 이전 수업과정에서 취득한 수강생의 능력을 확인하는 절차를 갖게 된다. 현장실습업체에서는 현장실습담당 직원이 현장 협력교수로서 수강생의 지도를 담당하며 15주동안 4회의 현장 점검을 수행하여 이 결과를 토대로 학생의 진로 탐색에 도움이 되도록 한다.",/산업체 현장실습 교재 및 관련 자료/,,,,True,False
17379,표준형국외현장실습3,4,2학기,15.0,전공선택,"학부과정에서 배운 전공 내용을 산업현장에서 직접 체험 및 적용함으로써 현장실무능력을 배양할 수 있는 기회를 제공함과 동시에 취업시 별도의 교육없이 곧바로 실무를 수행할 수 있는 능력을 기른다. 지도교수와의 사전 협의를 통해 졸업 후의 진로에 따라서 취업하고 자 하는 전자공학분야의 업체를 선택하고, 선택한 업체에서는 이전 수업과정에서 취득한 수강생의 능력을 확인하는 절차를 갖게 된다. 현장실습업체에서는 현장실습담당 직원이 현장 협력교수로서 수강생의 지도를 담당하며 15주동안 4회의 현장 점검을 수행하여 이 결과를 토대로 학생의 진로 탐색에 도움이 되도록 한다.",/산업체 현장실습 교재 및 관련 자료/,,,,True,False
17380,선형대수학,3,2학기,3.0,전공선택,전자공학의 여러 분야에 활용되는 선형성에 대해 논하는 선형대수를 소개한다.아래와 같은 개념들에 대해 강의하고 이러한 개념들이 전자공학에 어떻게 활용되는지 소개한다. 1. Matrix operation2. Vector space3. Orthogonality4. Determinants,Gilbert Strang/Linear algebra and its applications/Brooks Cole,,,,True,True
17381,VerilogHDL디지털회로설계,4,1학기,3.0,전공선택,디지털 시스템의 설계 기초부터 Verilg 하드웨어 서술 언어를 이용한 설계방법을 익힌다.,"Charles Roth, Lizy Kurian John, Byeong Kil Lee/Verilog를 이용한 디지털 시스템 설계/Cengage",,,,True,True
17382,전자파환경공학,4,2학기,3.0,전공선택,전자파의 활용 증가로 인하여 기기의 오동작 및 전자파 인체유해성 등에 관한 전자파 환경 문제가 중요한 사회적 문제로 대두되고 있다. 본 교과목에서는 전자파에 대한 올바른 이해와 막연한 불안감 해소을 위하여 전자파환경공학의 기초에서 실무까지 학습한다.,"김기채, 김동일, 명로훈, 박동철, 이영훈 공저/전자파환경공학/문운당",,,,True,True
17383,추정이론,4,2학기,3.0,전공선택,"전자공학전공의 advanced class 로써 신호처리, 신호및시스템, 공업수학, 확률론, 선형대수 등의 과목을 선수과목으로 한다. Estimation 이론으로써 LS알고리즘, CRLB, minimum variance estimator, ML estimator, Baysian estimator 등을 이해하여 통신, 신호처리의 기초를 준비한다.",S. M. Kay/Fundamentals of Statistical Signal Processing Estimation Theory/Prentice Hall,,,,True,False
17384,프로그래밍실습,2,1학기,3.0,전공선택,"전자공학 분야에서 요구되는 기본적인 프로그래밍 기법들을 학습한다. 모바일 기기, 임베디드 시스템 등 프로그래밍 환경 변화에 대한 고려 사항들을 실습한다.",우재남/C언어 for Beginner (개정3판)/한빛아카데미,,,,True,True
17385,전기회로1,2,1학기,3.0,전공선택,"전기회로의 해석에 관련된 기본 개념을 파악하고, 회로해석에 필요한 법칙과 정리를 학습하며, 예제를 통하여 기본적인 회로해석 방법을 학습함으로써, 전기회로의 해석 및 설계 능력을 배양하고 현장실무능력에 필요한 기본적 회로 지식을 습득한다.",박중조/전기회로/교안,,,,True,True
17386,전기회로2,2,2학기,3.0,전공선택,"전기회로에 관련된 다양한 개념을 파악하고, 회로해석에 필요한 각종 법칙과 정리들을 학습하며, 예제를 통하여 주요한 회로의 해석법을 습득함으로써 전기회로의 해석 및 설계능력을 배양한다. 강의내용으로는 교류회로해석 및 전력, 회로망의 일반해석 밥칙, 유도회로, 3상회로, 필터회로등에 대한 전반적인 원리를 다룬다.",/자체교재/,,,추천선수과목 : 전기회로1,True,True
17387,스마트에너지공학,4,2학기,3.0,전공선택,"화석연료의 사용에 따른 이산화탄소 배출량의 증가로 지구온난화의 가속과 생태계 파괴 및 인류의 재양이 예고되고 있는 가운데 화석연료의 고갈과 지구 온난화 문제해결을 위해 최근에는 새롭고 또한 재상가능한 에너지에 대한 관심과 투자가 국내외적으로 추진되고 있다. 온실가스와 환경오염을 줄이면서 일자리도 창출하고 경제성장도 함께 달성하기 위한 “저탄소 녹색성장”이라는 국가비젼과 “신국가 발전 패러다임”을 제시하고 신재생에너지의 연구개발과 산업화를 강력하게 추진하고 있다. 그리고 국내의 여러 가지 여건을 고려하여 미래에너지원으로써 적극적으로 추진할 수 있는 태양광, 풍력, 연료전지 등에 중점적으로 다루고, 본 강좌를 통해 신재생에너지에 대한 전문지식을 제공하여 관련분야에 진출할 수 있도록 도와주고자 한다.",,,,"추천선수과목 : 제어공학, 전동기제어, 전력전자",True,False
17388,전자회로공학1,2,2학기,3.0,전공선택,"전력전자 공학은 일반가정의 전자 제품에서부터 산업용 기기 등을 구동하기 위한 전기 에너지의 효과적인 변환을 위한 전력 변환 회로기술 및 제어를 다루는 학문이다. 더욱이, 4차산업혁명과 더불어 그린에너지와 전기 자동차의 급속한 발전으로 전력전자에 대한 관심이 높아지고 있다. 본 강의에서는 다양한 전력변환기의 원리를 이해하고, 이를 바탕으로 전력변환기의 동작과 특징을  학습한다.","강문식, 신경욱/전자회로 핵심개념부터 응용까지/한빛 미디어",,"Robert Botkestad 외 1명/electronic devices and circuit theory/홍릉출판사,강영국/개념이 잡히는 디지털 전자회로/한빛미디어",,True,True
17389,전자회로공학1,2,2학기,3.0,전공선택,"전력전자 공학은 일반가정의 전자 제품에서부터 산업용 기기 등을 구동하기 위한 전기 에너지의 효과적인 변환을 위한 전력 변환 회로기술 및 제어를 다루는 학문이다. 더욱이, 4차산업혁명과 더불어 그린에너지와 전기 자동차의 급속한 발전으로 전력전자에 대한 관심이 높아지고 있다. 본 강의에서는 다양한 전력변환기의 원리를 이해하고, 이를 바탕으로 전력변환기의 동작과 특징을  학습한다.","강문식, 신경욱/전자회로 핵심개념부터 응용까지/한빛 미디어",,"Robert Botkestad 외 1명/electronic devices and circuit theory/홍릉출판사,강영국/개념이 잡히는 디지털 전자회로/한빛미디어",,True,True
17390,전자회로공학1,2,2학기,3.0,전공선택,"전력전자 공학은 일반가정의 전자 제품에서부터 산업용 기기 등을 구동하기 위한 전기 에너지의 효과적인 변환을 위한 전력 변환 회로기술 및 제어를 다루는 학문이다. 더욱이, 4차산업혁명과 더불어 그린에너지와 전기 자동차의 급속한 발전으로 전력전자에 대한 관심이 높아지고 있다. 본 강의에서는 다양한 전력변환기의 원리를 이해하고, 이를 바탕으로 전력변환기의 동작과 특징을  학습한다.","강문식, 신경욱/전자회로 핵심개념부터 응용까지/한빛 미디어",,"Robert Botkestad 외 1명/electronic devices and circuit theory/홍릉출판사,강영국/개념이 잡히는 디지털 전자회로/한빛미디어",,True,True
17391,전자회로공학2,3,1학기,3.0,전공선택,"★ 강의 소개 ★전자회로공학2(Electronic Circuits 2)에서는 전자회로공학1에서 배운 반도체기초, 다이오드 회로, BJT에 이어서 다음에 대해서 학습한다.우선 전기/전자/제어 분야에 있어서 스위칭 소자와 집적회로에 주로 사용되는 FET에 대해서 다룬다. FET의 기초인 JFET를 우선적으로 학습하며 이후 집적회로에 주로 사용되는 공핍형 MOSFET와 전력용 반도체 스위칭 소자로 사용되는 증가형 MOSFET에 대하여 다룬다. 여기서는 3가지에 대하여 모두 학습을 하지만 학과의 특성에 맞게 증가형 MOSFET에 초점을 맞춰서 수업을 진행한다.다음으로 전기/전자/제어 회로의 성능에 영향을 미치는 필터에 대하여 알아본다. 전기회로2에서 배운 수동필터를 기반으로 전자회로공학2에서는 능동필터에 대하여 다룬다. 여기에서는 공학수학1에서 배운 라플라스 변환 기법이 활용된다.이후 본 교과목을 배우는 이유 중 하나인 연산증폭기(Op. Amp.)에 대하여 다룬다. 연산증폭기의 경우 센서회로에서 가장 기본이 되는 회로이고 앞 써 배운 모든 내용을 종합적으로 고려하고 공핍형 MOSFET를 활용한 집적회로를 구성하면 연산증폭기가 되며 이를 학습함으로써 제어를 위한 센싱에 대하여 학습할 수 있다.마지막으로 연산증폭기 응용회로를 다룸으로써 본 강의를 마무리 한다.★ 학습목표 ★FET ConceptFET Bias and Amplifier AnalysisOp. Amp. Fundamental and ApplicationBJT and FET Frequency Response","Robert L. Boylestad, Louis Nashelsky (공역: 김수원 외)/전자회로 (11/e)/도서출판 홍릉",,조규형/전자회로특론/도서출판 홍릉,,True,True
17392,전자회로공학2,3,1학기,3.0,전공선택,"★ 강의 소개 ★전자회로공학2(Electronic Circuits 2)에서는 전자회로공학1에서 배운 반도체기초, 다이오드 회로, BJT에 이어서 다음에 대해서 학습한다.우선 전기/전자/제어 분야에 있어서 스위칭 소자와 집적회로에 주로 사용되는 FET에 대해서 다룬다. FET의 기초인 JFET를 우선적으로 학습하며 이후 집적회로에 주로 사용되는 공핍형 MOSFET와 전력용 반도체 스위칭 소자로 사용되는 증가형 MOSFET에 대하여 다룬다. 여기서는 3가지에 대하여 모두 학습을 하지만 학과의 특성에 맞게 증가형 MOSFET에 초점을 맞춰서 수업을 진행한다.다음으로 전기/전자/제어 회로의 성능에 영향을 미치는 필터에 대하여 알아본다. 전기회로2에서 배운 수동필터를 기반으로 전자회로공학2에서는 능동필터에 대하여 다룬다. 여기에서는 공학수학1에서 배운 라플라스 변환 기법이 활용된다.이후 본 교과목을 배우는 이유 중 하나인 연산증폭기(Op. Amp.)에 대하여 다룬다. 연산증폭기의 경우 센서회로에서 가장 기본이 되는 회로이고 앞 써 배운 모든 내용을 종합적으로 고려하고 공핍형 MOSFET를 활용한 집적회로를 구성하면 연산증폭기가 되며 이를 학습함으로써 제어를 위한 센싱에 대하여 학습할 수 있다.마지막으로 연산증폭기 응용회로를 다룸으로써 본 강의를 마무리 한다.★ 학습목표 ★FET ConceptFET Bias and Amplifier AnalysisOp. Amp. Fundamental and ApplicationBJT and FET Frequency Response","Robert L. Boylestad, Louis Nashelsky (공역: 김수원 외)/전자회로 (11/e)/도서출판 홍릉",,조규형/전자회로특론/도서출판 홍릉,,True,True
17393,제어공학1,3,1학기,3.0,전공선택,"제어공학는 제어계측공학 전공학생들이 제어공학에 대한 전공지식을 습득할 수 있도록 하기 위해 두 학기로 구성하여 강의를 진행한다.본 학기에는 제어공학의 개념, 수학적 모델링, 상태변수 모델, 궤환제어시스템의 특성 및 성능, 시스템의 상대안정도에 대해 다루고 현대제어 기술자에게 실무적인 제어공학에 대한 기초지식을 습득하고 또한 발표능력을 향상시킬 수 있도록 하여 제어계측공학 자질을  갖출 수 있도록 한다.본 강의는 학생지향형 강의방식으로 진행하여 응용능력을 향상시킴을 최대 목적으로 한다.",/미정/,,"B.C. Kuo/Automatic Control Systems/Wiley,G.F. Franklin (역)한도영/동적시스템 자동제어, 6판/한티미디어,N.S. Nise (역)박진배/제어시스템공학/홍릉과학출판사,강철구 역자/현대제어공학/사이텍미디어,김종식 외 3인/제어시스템설계/청문각,김종식/선형제어시스템공학/청문각,김종식/시스템모델링및제어/교보문고,이균경, 정은태/최신제어시스템, 11판/Pearson Education","추천선수과목 : 공학수학, 전기회로(회로이론)",True,True
17394,제어공학1,3,1학기,3.0,전공선택,"제어공학는 제어계측공학 전공학생들이 제어공학에 대한 전공지식을 습득할 수 있도록 하기 위해 두 학기로 구성하여 강의를 진행한다.본 학기에는 제어공학의 개념, 수학적 모델링, 상태변수 모델, 궤환제어시스템의 특성 및 성능, 시스템의 상대안정도에 대해 다루고 현대제어 기술자에게 실무적인 제어공학에 대한 기초지식을 습득하고 또한 발표능력을 향상시킬 수 있도록 하여 제어계측공학 자질을  갖출 수 있도록 한다.본 강의는 학생지향형 강의방식으로 진행하여 응용능력을 향상시킴을 최대 목적으로 한다.",/미정/,,"B.C. Kuo/Automatic Control Systems/Wiley,G.F. Franklin (역)한도영/동적시스템 자동제어, 6판/한티미디어,N.S. Nise (역)박진배/제어시스템공학/홍릉과학출판사,강철구 역자/현대제어공학/사이텍미디어,김종식 외 3인/제어시스템설계/청문각,김종식/선형제어시스템공학/청문각,김종식/시스템모델링및제어/교보문고,이균경, 정은태/최신제어시스템, 11판/Pearson Education","추천선수과목 : 공학수학, 전기회로(회로이론)",True,True
17395,제어공학1,3,1학기,3.0,전공선택,"제어공학는 제어계측공학 전공학생들이 제어공학에 대한 전공지식을 습득할 수 있도록 하기 위해 두 학기로 구성하여 강의를 진행한다.본 학기에는 제어공학의 개념, 수학적 모델링, 상태변수 모델, 궤환제어시스템의 특성 및 성능, 시스템의 상대안정도에 대해 다루고 현대제어 기술자에게 실무적인 제어공학에 대한 기초지식을 습득하고 또한 발표능력을 향상시킬 수 있도록 하여 제어계측공학 자질을  갖출 수 있도록 한다.본 강의는 학생지향형 강의방식으로 진행하여 응용능력을 향상시킴을 최대 목적으로 한다.",/미정/,,"B.C. Kuo/Automatic Control Systems/Wiley,G.F. Franklin (역)한도영/동적시스템 자동제어, 6판/한티미디어,N.S. Nise (역)박진배/제어시스템공학/홍릉과학출판사,강철구 역자/현대제어공학/사이텍미디어,김종식 외 3인/제어시스템설계/청문각,김종식/선형제어시스템공학/청문각,김종식/시스템모델링및제어/교보문고,이균경, 정은태/최신제어시스템, 11판/Pearson Education","추천선수과목 : 공학수학, 전기회로(회로이론)",True,True
17396,제어공학1,3,1학기,3.0,전공선택,"제어공학는 제어계측공학 전공학생들이 제어공학에 대한 전공지식을 습득할 수 있도록 하기 위해 두 학기로 구성하여 강의를 진행한다.본 학기에는 제어공학의 개념, 수학적 모델링, 상태변수 모델, 궤환제어시스템의 특성 및 성능, 시스템의 상대안정도에 대해 다루고 현대제어 기술자에게 실무적인 제어공학에 대한 기초지식을 습득하고 또한 발표능력을 향상시킬 수 있도록 하여 제어계측공학 자질을  갖출 수 있도록 한다.본 강의는 학생지향형 강의방식으로 진행하여 응용능력을 향상시킴을 최대 목적으로 한다.",/미정/,,"B.C. Kuo/Automatic Control Systems/Wiley,G.F. Franklin (역)한도영/동적시스템 자동제어, 6판/한티미디어,N.S. Nise (역)박진배/제어시스템공학/홍릉과학출판사,강철구 역자/현대제어공학/사이텍미디어,김종식 외 3인/제어시스템설계/청문각,김종식/선형제어시스템공학/청문각,김종식/시스템모델링및제어/교보문고,이균경, 정은태/최신제어시스템, 11판/Pearson Education","추천선수과목 : 공학수학, 전기회로(회로이론)",True,True
17397,제어공학1,3,1학기,3.0,전공선택,"제어공학는 제어계측공학 전공학생들이 제어공학에 대한 전공지식을 습득할 수 있도록 하기 위해 두 학기로 구성하여 강의를 진행한다.본 학기에는 제어공학의 개념, 수학적 모델링, 상태변수 모델, 궤환제어시스템의 특성 및 성능, 시스템의 상대안정도에 대해 다루고 현대제어 기술자에게 실무적인 제어공학에 대한 기초지식을 습득하고 또한 발표능력을 향상시킬 수 있도록 하여 제어계측공학 자질을  갖출 수 있도록 한다.본 강의는 학생지향형 강의방식으로 진행하여 응용능력을 향상시킴을 최대 목적으로 한다.",/미정/,,"B.C. Kuo/Automatic Control Systems/Wiley,G.F. Franklin (역)한도영/동적시스템 자동제어, 6판/한티미디어,N.S. Nise (역)박진배/제어시스템공학/홍릉과학출판사,강철구 역자/현대제어공학/사이텍미디어,김종식 외 3인/제어시스템설계/청문각,김종식/선형제어시스템공학/청문각,김종식/시스템모델링및제어/교보문고,이균경, 정은태/최신제어시스템, 11판/Pearson Education","추천선수과목 : 공학수학, 전기회로(회로이론)",True,True
17398,제어공학1,3,1학기,3.0,전공선택,"제어공학는 제어계측공학 전공학생들이 제어공학에 대한 전공지식을 습득할 수 있도록 하기 위해 두 학기로 구성하여 강의를 진행한다.본 학기에는 제어공학의 개념, 수학적 모델링, 상태변수 모델, 궤환제어시스템의 특성 및 성능, 시스템의 상대안정도에 대해 다루고 현대제어 기술자에게 실무적인 제어공학에 대한 기초지식을 습득하고 또한 발표능력을 향상시킬 수 있도록 하여 제어계측공학 자질을  갖출 수 있도록 한다.본 강의는 학생지향형 강의방식으로 진행하여 응용능력을 향상시킴을 최대 목적으로 한다.",/미정/,,"B.C. Kuo/Automatic Control Systems/Wiley,G.F. Franklin (역)한도영/동적시스템 자동제어, 6판/한티미디어,N.S. Nise (역)박진배/제어시스템공학/홍릉과학출판사,강철구 역자/현대제어공학/사이텍미디어,김종식 외 3인/제어시스템설계/청문각,김종식/선형제어시스템공학/청문각,김종식/시스템모델링및제어/교보문고,이균경, 정은태/최신제어시스템, 11판/Pearson Education","추천선수과목 : 공학수학, 전기회로(회로이론)",True,True
17399,제어공학1,3,1학기,3.0,전공선택,"제어공학는 제어계측공학 전공학생들이 제어공학에 대한 전공지식을 습득할 수 있도록 하기 위해 두 학기로 구성하여 강의를 진행한다.본 학기에는 제어공학의 개념, 수학적 모델링, 상태변수 모델, 궤환제어시스템의 특성 및 성능, 시스템의 상대안정도에 대해 다루고 현대제어 기술자에게 실무적인 제어공학에 대한 기초지식을 습득하고 또한 발표능력을 향상시킬 수 있도록 하여 제어계측공학 자질을  갖출 수 있도록 한다.본 강의는 학생지향형 강의방식으로 진행하여 응용능력을 향상시킴을 최대 목적으로 한다.",/미정/,,"B.C. Kuo/Automatic Control Systems/Wiley,G.F. Franklin (역)한도영/동적시스템 자동제어, 6판/한티미디어,N.S. Nise (역)박진배/제어시스템공학/홍릉과학출판사,강철구 역자/현대제어공학/사이텍미디어,김종식 외 3인/제어시스템설계/청문각,김종식/선형제어시스템공학/청문각,김종식/시스템모델링및제어/교보문고,이균경, 정은태/최신제어시스템, 11판/Pearson Education","추천선수과목 : 공학수학, 전기회로(회로이론)",True,True
17400,제어공학1,3,1학기,3.0,전공선택,"제어공학는 제어계측공학 전공학생들이 제어공학에 대한 전공지식을 습득할 수 있도록 하기 위해 두 학기로 구성하여 강의를 진행한다.본 학기에는 제어공학의 개념, 수학적 모델링, 상태변수 모델, 궤환제어시스템의 특성 및 성능, 시스템의 상대안정도에 대해 다루고 현대제어 기술자에게 실무적인 제어공학에 대한 기초지식을 습득하고 또한 발표능력을 향상시킬 수 있도록 하여 제어계측공학 자질을  갖출 수 있도록 한다.본 강의는 학생지향형 강의방식으로 진행하여 응용능력을 향상시킴을 최대 목적으로 한다.",/미정/,,"B.C. Kuo/Automatic Control Systems/Wiley,G.F. Franklin (역)한도영/동적시스템 자동제어, 6판/한티미디어,N.S. Nise (역)박진배/제어시스템공학/홍릉과학출판사,강철구 역자/현대제어공학/사이텍미디어,김종식 외 3인/제어시스템설계/청문각,김종식/선형제어시스템공학/청문각,김종식/시스템모델링및제어/교보문고,이균경, 정은태/최신제어시스템, 11판/Pearson Education","추천선수과목 : 공학수학, 전기회로(회로이론)",True,True
17401,제어공학1,3,1학기,3.0,전공선택,"제어공학는 제어계측공학 전공학생들이 제어공학에 대한 전공지식을 습득할 수 있도록 하기 위해 두 학기로 구성하여 강의를 진행한다.본 학기에는 제어공학의 개념, 수학적 모델링, 상태변수 모델, 궤환제어시스템의 특성 및 성능, 시스템의 상대안정도에 대해 다루고 현대제어 기술자에게 실무적인 제어공학에 대한 기초지식을 습득하고 또한 발표능력을 향상시킬 수 있도록 하여 제어계측공학 자질을  갖출 수 있도록 한다.본 강의는 학생지향형 강의방식으로 진행하여 응용능력을 향상시킴을 최대 목적으로 한다.",/미정/,,"B.C. Kuo/Automatic Control Systems/Wiley,G.F. Franklin (역)한도영/동적시스템 자동제어, 6판/한티미디어,N.S. Nise (역)박진배/제어시스템공학/홍릉과학출판사,강철구 역자/현대제어공학/사이텍미디어,김종식 외 3인/제어시스템설계/청문각,김종식/선형제어시스템공학/청문각,김종식/시스템모델링및제어/교보문고,이균경, 정은태/최신제어시스템, 11판/Pearson Education","추천선수과목 : 공학수학, 전기회로(회로이론)",True,True
17402,제어공학2,3,2학기,3.0,전공필수,"4차산업혁명 시대에의 진입에 의해 제어공학/제어시스템/자동제어 역활이 중요시 되고 있고, 산업현장에서는 제어시스템의 구성, 모델링 및 해석, 설계, 성능최적화에 대한 문제는 더욱 그 중요성을 더하고 있어 차지하는 비중도 점차 확대되고 있는 추세이다. 따라서 제어공학에 대한 기초 및 응용, 고전 및 현대제어이론 기법까지 이해하고 구현하는 기법에 대한 이해가 필요하다.제어공학에 대한 전공지식을 습득할 수 있도록 하기위해 두 학기로 구성하였고. 본 학기에는 주파수영역에서의 안정도판별법 및 현대제어공학의 기본요소을 다루어 공학인들에게 필요한 제어공학의 기초지식을 제공하고자 한다. 본 강의를 수강하기 위해서는 수학적인 기초지식과 함께 회로해석능력을 갖추는 것을 전제로 해야 한다.1. 제어공학의 중요성 인식 / 고전제어기법의 안정도판별법 및 현대제어기법의 기초지식습득2. 과제물은 주로 예습위주로 제시 / 과제물작성시, 자신이 발표할 수 있을정도로 이해하면서 작성3. 고등학교와 같이 주입방식을 탈피하며 자발적이고 발표를 통한 토론식 강의로 진행 / 능동적 자세필요",김종식 외 3인/제어시스템설계/청문각,,"Benjamin C. Kuo, Farid Golnaraghi/Automatic Control Systems 8th edition/WILEY,Richard C. Dorf, Robert H. Bishop / 이균경, 정은태 옮김/최신제어시스템(Modern Control Systems) 10판/Pearson Education,강철구 역자/현대제어공학/사이텍미디어","추천선수과목 : 전기회로 혹은 회로이론, 공학수학, 제어공학1",True,True
17403,제어공학2,3,2학기,3.0,전공필수,"4차산업혁명 시대에의 진입에 의해 제어공학/제어시스템/자동제어 역활이 중요시 되고 있고, 산업현장에서는 제어시스템의 구성, 모델링 및 해석, 설계, 성능최적화에 대한 문제는 더욱 그 중요성을 더하고 있어 차지하는 비중도 점차 확대되고 있는 추세이다. 따라서 제어공학에 대한 기초 및 응용, 고전 및 현대제어이론 기법까지 이해하고 구현하는 기법에 대한 이해가 필요하다.제어공학에 대한 전공지식을 습득할 수 있도록 하기위해 두 학기로 구성하였고. 본 학기에는 주파수영역에서의 안정도판별법 및 현대제어공학의 기본요소을 다루어 공학인들에게 필요한 제어공학의 기초지식을 제공하고자 한다. 본 강의를 수강하기 위해서는 수학적인 기초지식과 함께 회로해석능력을 갖추는 것을 전제로 해야 한다.1. 제어공학의 중요성 인식 / 고전제어기법의 안정도판별법 및 현대제어기법의 기초지식습득2. 과제물은 주로 예습위주로 제시 / 과제물작성시, 자신이 발표할 수 있을정도로 이해하면서 작성3. 고등학교와 같이 주입방식을 탈피하며 자발적이고 발표를 통한 토론식 강의로 진행 / 능동적 자세필요",김종식 외 3인/제어시스템설계/청문각,,"Benjamin C. Kuo, Farid Golnaraghi/Automatic Control Systems 8th edition/WILEY,Richard C. Dorf, Robert H. Bishop / 이균경, 정은태 옮김/최신제어시스템(Modern Control Systems) 10판/Pearson Education,강철구 역자/현대제어공학/사이텍미디어","추천선수과목 : 전기회로 혹은 회로이론, 공학수학, 제어공학1",True,True
17404,제어공학2,3,2학기,3.0,전공필수,"4차산업혁명 시대에의 진입에 의해 제어공학/제어시스템/자동제어 역활이 중요시 되고 있고, 산업현장에서는 제어시스템의 구성, 모델링 및 해석, 설계, 성능최적화에 대한 문제는 더욱 그 중요성을 더하고 있어 차지하는 비중도 점차 확대되고 있는 추세이다. 따라서 제어공학에 대한 기초 및 응용, 고전 및 현대제어이론 기법까지 이해하고 구현하는 기법에 대한 이해가 필요하다.제어공학에 대한 전공지식을 습득할 수 있도록 하기위해 두 학기로 구성하였고. 본 학기에는 주파수영역에서의 안정도판별법 및 현대제어공학의 기본요소을 다루어 공학인들에게 필요한 제어공학의 기초지식을 제공하고자 한다. 본 강의를 수강하기 위해서는 수학적인 기초지식과 함께 회로해석능력을 갖추는 것을 전제로 해야 한다.1. 제어공학의 중요성 인식 / 고전제어기법의 안정도판별법 및 현대제어기법의 기초지식습득2. 과제물은 주로 예습위주로 제시 / 과제물작성시, 자신이 발표할 수 있을정도로 이해하면서 작성3. 고등학교와 같이 주입방식을 탈피하며 자발적이고 발표를 통한 토론식 강의로 진행 / 능동적 자세필요",김종식 외 3인/제어시스템설계/청문각,,"Benjamin C. Kuo, Farid Golnaraghi/Automatic Control Systems 8th edition/WILEY,Richard C. Dorf, Robert H. Bishop / 이균경, 정은태 옮김/최신제어시스템(Modern Control Systems) 10판/Pearson Education,강철구 역자/현대제어공학/사이텍미디어","추천선수과목 : 전기회로 혹은 회로이론, 공학수학, 제어공학1",True,True
17405,제어공학2,3,2학기,3.0,전공필수,"4차산업혁명 시대에의 진입에 의해 제어공학/제어시스템/자동제어 역활이 중요시 되고 있고, 산업현장에서는 제어시스템의 구성, 모델링 및 해석, 설계, 성능최적화에 대한 문제는 더욱 그 중요성을 더하고 있어 차지하는 비중도 점차 확대되고 있는 추세이다. 따라서 제어공학에 대한 기초 및 응용, 고전 및 현대제어이론 기법까지 이해하고 구현하는 기법에 대한 이해가 필요하다.제어공학에 대한 전공지식을 습득할 수 있도록 하기위해 두 학기로 구성하였고. 본 학기에는 주파수영역에서의 안정도판별법 및 현대제어공학의 기본요소을 다루어 공학인들에게 필요한 제어공학의 기초지식을 제공하고자 한다. 본 강의를 수강하기 위해서는 수학적인 기초지식과 함께 회로해석능력을 갖추는 것을 전제로 해야 한다.1. 제어공학의 중요성 인식 / 고전제어기법의 안정도판별법 및 현대제어기법의 기초지식습득2. 과제물은 주로 예습위주로 제시 / 과제물작성시, 자신이 발표할 수 있을정도로 이해하면서 작성3. 고등학교와 같이 주입방식을 탈피하며 자발적이고 발표를 통한 토론식 강의로 진행 / 능동적 자세필요",김종식 외 3인/제어시스템설계/청문각,,"Benjamin C. Kuo, Farid Golnaraghi/Automatic Control Systems 8th edition/WILEY,Richard C. Dorf, Robert H. Bishop / 이균경, 정은태 옮김/최신제어시스템(Modern Control Systems) 10판/Pearson Education,강철구 역자/현대제어공학/사이텍미디어","추천선수과목 : 전기회로 혹은 회로이론, 공학수학, 제어공학1",True,True
17406,디지털논리회로,3,1학기,3.0,전공필수,"이진수 체계와 부울대수의 기본개념에 대해서 이해 한다. 조합논리회로, 순차논리회로 등의 디지털회로의 해석 및 설계 방법을 교육한다.본 강의의 목적을 요약하면 다음과 같다.1. 이산 수 체계 및 부울대수의 이해2. 조합논리회로의 해석 및 설계3. 순차논리회로의 해석 및 설계",임석구 외 1명/처음 만나는 디지털 논리회로/한빛아카데미,,,,True,True
17407,마이크로프로세서공학,3,2학기,3.0,전공필수,"마이크로프로세서의 기본구조와 개념을 이해하고 미이크로프로세서 시스템의 설계와 응용에 대해서 공부한다. 마이크로컴퓨터의 기본구조, ALU구조, 어드레싱기법, 디코딩회로, 디지털 및 아날로그 인터페이스에 대해서 다룬다.",/C어어로 배우는 8051 마이크로 프로세서/한빛비디어,,"Ayala/Microcontroller 8051/Thompson,K.L. Short/Microprocessors and programmed logic/청문각",필수선수과목 : 회로해석론1,True,True
17408,마이크로프로세서공학,3,2학기,3.0,전공필수,"마이크로프로세서의 기본구조와 개념을 이해하고 미이크로프로세서 시스템의 설계와 응용에 대해서 공부한다. 마이크로컴퓨터의 기본구조, ALU구조, 어드레싱기법, 디코딩회로, 디지털 및 아날로그 인터페이스에 대해서 다룬다.",/C어어로 배우는 8051 마이크로 프로세서/한빛비디어,,"Ayala/Microcontroller 8051/Thompson,K.L. Short/Microprocessors and programmed logic/청문각",필수선수과목 : 회로해석론1,True,True
17409,마이크로프로세서공학,3,2학기,3.0,전공필수,"마이크로프로세서의 기본구조와 개념을 이해하고 미이크로프로세서 시스템의 설계와 응용에 대해서 공부한다. 마이크로컴퓨터의 기본구조, ALU구조, 어드레싱기법, 디코딩회로, 디지털 및 아날로그 인터페이스에 대해서 다룬다.",/C어어로 배우는 8051 마이크로 프로세서/한빛비디어,,"Ayala/Microcontroller 8051/Thompson,K.L. Short/Microprocessors and programmed logic/청문각",필수선수과목 : 회로해석론1,True,True
17410,전자회로실험,3,1학기,2.0,전공필수,★ 강의 소개 ★전자회로실험(Electronic Circuit Lab.)은 이론 교과목인 전자회로공학 1/2에서 배운 내용을 바탕으로 실제 실험을 수행하여서 검증해보는 과목이다.본 교과목은 우선 실험에 앞 써 이론적인 부분에 대한 고찰을 하고 이를 토대로 실제 실험을 수행하여 이론적인 검증을 한다.매 실험 수업 진행에 앞 써 실험수행자는 예비레포트를 통해서 이론적인 부분에 대한 검증을 예습(이론 교과목의 복습)하고 실제 실험을 수행한 후 결과 보고서를 작성한다.본 교과목은 실험수업으로써 이론시간에 배운 지식을 바탕으로 실험을 수행하며 실험시간에는 이론적인 설명을 생략한다.(실험 수업시간에 예비 학습에 대한 공부를 하는 학생은 F학점),이정훈/전자회로실험 (2/e)/,,"Robert L. Boylestad, Louis Nashelsky (공역: 이적식 외)/전자회로실험 (11/e)/도서출판 홍릉",,True,True
17411,전자회로실험,3,1학기,2.0,전공필수,★ 강의 소개 ★전자회로실험(Electronic Circuit Lab.)은 이론 교과목인 전자회로공학 1/2에서 배운 내용을 바탕으로 실제 실험을 수행하여서 검증해보는 과목이다.본 교과목은 우선 실험에 앞 써 이론적인 부분에 대한 고찰을 하고 이를 토대로 실제 실험을 수행하여 이론적인 검증을 한다.매 실험 수업 진행에 앞 써 실험수행자는 예비레포트를 통해서 이론적인 부분에 대한 검증을 예습(이론 교과목의 복습)하고 실제 실험을 수행한 후 결과 보고서를 작성한다.본 교과목은 실험수업으로써 이론시간에 배운 지식을 바탕으로 실험을 수행하며 실험시간에는 이론적인 설명을 생략한다.(실험 수업시간에 예비 학습에 대한 공부를 하는 학생은 F학점),이정훈/전자회로실험 (2/e)/,,"Robert L. Boylestad, Louis Nashelsky (공역: 이적식 외)/전자회로실험 (11/e)/도서출판 홍릉",,True,True
17412,유공압제어,3,2학기,3.0,전공선택,"유공압시스템은 유체의 동력을 이용하여 어떤 특정한 일을 수행할 수 있도록 설계된 시스템이다. 본 강의는 크게 유공압시스템을 구성하는 부품들의 구조와 작동원리및 정적특성을 다루는 '유공압공학'과 각 구성부품들과 그 전체시스템의 동적특성을 다루는 '제어공학'으로 구성된다. 먼저 유공압의 기초지식인 유압유와 공기의 물리적 성질을 다루고, 유공압시스템의 에너지와 동력및 유공압회로의 설계와 해석을 주로 강의한다. 또한 다양한 실제 유공압회로 응용장치를 소개하고, 유공압시스템 작동상의 문제점과 그에 따른 해결절차와 방법을 다루고자 한다. 끝으로 유공압회로의 전기회로를 다룸으로써 유공압시스템 전체를 전체적으로 설계하는 절차를 마무리하고자 한다.",Anthony Esposito( 강철구 역)/유공압공학/성진미디어,,"M.Galal Rabi(홍예선 외 2명 역)/유공압시스템/학산,서용권/유압제어공학/경문사",,True,True
17413,유공압제어,3,2학기,3.0,전공선택,"유공압시스템은 유체의 동력을 이용하여 어떤 특정한 일을 수행할 수 있도록 설계된 시스템이다. 본 강의는 크게 유공압시스템을 구성하는 부품들의 구조와 작동원리및 정적특성을 다루는 '유공압공학'과 각 구성부품들과 그 전체시스템의 동적특성을 다루는 '제어공학'으로 구성된다. 먼저 유공압의 기초지식인 유압유와 공기의 물리적 성질을 다루고, 유공압시스템의 에너지와 동력및 유공압회로의 설계와 해석을 주로 강의한다. 또한 다양한 실제 유공압회로 응용장치를 소개하고, 유공압시스템 작동상의 문제점과 그에 따른 해결절차와 방법을 다루고자 한다. 끝으로 유공압회로의 전기회로를 다룸으로써 유공압시스템 전체를 전체적으로 설계하는 절차를 마무리하고자 한다.",Anthony Esposito( 강철구 역)/유공압공학/성진미디어,,"M.Galal Rabi(홍예선 외 2명 역)/유공압시스템/학산,서용권/유압제어공학/경문사",,True,True
17414,유공압제어,3,2학기,3.0,전공선택,"유공압시스템은 유체의 동력을 이용하여 어떤 특정한 일을 수행할 수 있도록 설계된 시스템이다. 본 강의는 크게 유공압시스템을 구성하는 부품들의 구조와 작동원리및 정적특성을 다루는 '유공압공학'과 각 구성부품들과 그 전체시스템의 동적특성을 다루는 '제어공학'으로 구성된다. 먼저 유공압의 기초지식인 유압유와 공기의 물리적 성질을 다루고, 유공압시스템의 에너지와 동력및 유공압회로의 설계와 해석을 주로 강의한다. 또한 다양한 실제 유공압회로 응용장치를 소개하고, 유공압시스템 작동상의 문제점과 그에 따른 해결절차와 방법을 다루고자 한다. 끝으로 유공압회로의 전기회로를 다룸으로써 유공압시스템 전체를 전체적으로 설계하는 절차를 마무리하고자 한다.",Anthony Esposito( 강철구 역)/유공압공학/성진미디어,,"M.Galal Rabi(홍예선 외 2명 역)/유공압시스템/학산,서용권/유압제어공학/경문사",,True,True
17415,로봇공학,4,1학기,3.0,전공선택,"본 교과목에서는 4차 산업혁명의 핵심부품인 지능로봇 본체 및 첨단 부품에 대해 배운다. 특히, 오늘날 산업 현장에 필수적인 메니플레이트의 정기구학을 행렬식 표현, 정기구학의 행렬의 해를 구하는 역기구학 해법등 다루므로 산업용로봇의 손(핸드)의 미소 움직임을 해석할 수 있는 능력을 배양한다. 그리고 단순한 산업용로봇이 해결하지 못하는 것을 지능을 포함하는 PC 기반 지능형 산업용 로봇에 대해 공부한다. 그리고 로봇의 정기구학식과 역기구학식을 유도하고, 소프트웨어를 이용하여 시뮬레이션을 실시한다.",문승민외5인/지능형 로봇공학/사이텍미디어,,,"필수선수과목 : 선형대수학, 공학수학",True,True
17416,전동기제어,4,1학기,3.0,전공선택,"Nowadays, industrial automations and energy savings are much intensified worldwide. To satisfy these requirements, electric motors and their controls must be absolutely lectured. This course will provide students to understand the fundamentals, operations, and application skills. Furthermore some chances to present their prepared assignments will be given to improve the speaking skills.",Chapman/Electric Machinery Fundamentals 5/E/McGraw Hill,,"안진우 외2인 공저/전기기기 (5판 번역본)/McGraw Hill,정승기/이향범 공저/전기기기(이론, 동작, 응용, 제어)/사이텍미디어,정승기/전기기계/학산미디어","추천선수과목 : circuit analysis, electromagnetic theory, control engineering",True,True
17417,전동기제어,4,1학기,3.0,전공선택,"Nowadays, industrial automations and energy savings are much intensified worldwide. To satisfy these requirements, electric motors and their controls must be absolutely lectured. This course will provide students to understand the fundamentals, operations, and application skills. Furthermore some chances to present their prepared assignments will be given to improve the speaking skills.",Chapman/Electric Machinery Fundamentals 5/E/McGraw Hill,,"안진우 외2인 공저/전기기기 (5판 번역본)/McGraw Hill,정승기/이향범 공저/전기기기(이론, 동작, 응용, 제어)/사이텍미디어,정승기/전기기계/학산미디어","추천선수과목 : circuit analysis, electromagnetic theory, control engineering",True,True
17418,전동기제어,4,1학기,3.0,전공선택,"Nowadays, industrial automations and energy savings are much intensified worldwide. To satisfy these requirements, electric motors and their controls must be absolutely lectured. This course will provide students to understand the fundamentals, operations, and application skills. Furthermore some chances to present their prepared assignments will be given to improve the speaking skills.",Chapman/Electric Machinery Fundamentals 5/E/McGraw Hill,,"안진우 외2인 공저/전기기기 (5판 번역본)/McGraw Hill,정승기/이향범 공저/전기기기(이론, 동작, 응용, 제어)/사이텍미디어,정승기/전기기계/학산미디어","추천선수과목 : circuit analysis, electromagnetic theory, control engineering",True,True
17419,전동기제어,4,1학기,3.0,전공선택,"Nowadays, industrial automations and energy savings are much intensified worldwide. To satisfy these requirements, electric motors and their controls must be absolutely lectured. This course will provide students to understand the fundamentals, operations, and application skills. Furthermore some chances to present their prepared assignments will be given to improve the speaking skills.",Chapman/Electric Machinery Fundamentals 5/E/McGraw Hill,,"안진우 외2인 공저/전기기기 (5판 번역본)/McGraw Hill,정승기/이향범 공저/전기기기(이론, 동작, 응용, 제어)/사이텍미디어,정승기/전기기계/학산미디어","추천선수과목 : circuit analysis, electromagnetic theory, control engineering",True,True
17420,전력전자,4,1학기,3.0,전공선택,"본 강좌에서는 반도체 스위칭소자를 이용한 전력제어에 이해와 함께 전력변환의 기본개념과 AC/DC, DC/AC, AC/AC, DC/DC 전력변환시스템에 대해서 이해한다. 특히 DC/DC 전력변환을 위한 기본  회로구성, 반도체 소자를 위한 스위치의 구현, 변압기를 이용한 스위칭 전원장치의 구성, 그리고 마지막으로 시뮬레이터를 이용하여 전력변환 시스템을 설계하는 설계과제를 수행한다.",정세교/POWER ELECTRONICS/자체교재,정세교 외 1인/전력전자공학의 기초I/GS인터비전,노의철 외 2인/전력전자공학/문운당,"추천선수과목 : 회로이론, 제어공학",True,True
17421,전력전자,4,1학기,3.0,전공선택,"본 강좌에서는 반도체 스위칭소자를 이용한 전력제어에 이해와 함께 전력변환의 기본개념과 AC/DC, DC/AC, AC/AC, DC/DC 전력변환시스템에 대해서 이해한다. 특히 DC/DC 전력변환을 위한 기본  회로구성, 반도체 소자를 위한 스위치의 구현, 변압기를 이용한 스위칭 전원장치의 구성, 그리고 마지막으로 시뮬레이터를 이용하여 전력변환 시스템을 설계하는 설계과제를 수행한다.",정세교/POWER ELECTRONICS/자체교재,정세교 외 1인/전력전자공학의 기초I/GS인터비전,노의철 외 2인/전력전자공학/문운당,"추천선수과목 : 회로이론, 제어공학",True,True
17422,전력전자,4,1학기,3.0,전공선택,"본 강좌에서는 반도체 스위칭소자를 이용한 전력제어에 이해와 함께 전력변환의 기본개념과 AC/DC, DC/AC, AC/AC, DC/DC 전력변환시스템에 대해서 이해한다. 특히 DC/DC 전력변환을 위한 기본  회로구성, 반도체 소자를 위한 스위치의 구현, 변압기를 이용한 스위칭 전원장치의 구성, 그리고 마지막으로 시뮬레이터를 이용하여 전력변환 시스템을 설계하는 설계과제를 수행한다.",정세교/POWER ELECTRONICS/자체교재,정세교 외 1인/전력전자공학의 기초I/GS인터비전,노의철 외 2인/전력전자공학/문운당,"추천선수과목 : 회로이론, 제어공학",True,True
17423,디지털제어공학,4,1학기,3.0,전공선택,"디지털제어공학은 디지털 특성을 이해하고, 디지털 제어기로 구성된 디지털제어시스템의 특성을 이해하여 설계하는 방법을 다루는 학문이다. 본 교과목의 주제는 ZTransform, Sampling, Discrete System, stability, Discrete PID 등에 대하여 익힌다. 또한 주어진 조건에 맞는 디지털제어기를 설계하는 능력을 배양한다.","C.L.Phillips and H.T.Nagle/Digital Control System Anlaysis and Design/PrenticeHall,박진배 외/디지털제어시스템/퍼스트북",,K.Ogata/DiscreteTime Control System/,,True,True
17424,디지털제어공학,4,1학기,3.0,전공선택,"디지털제어공학은 디지털 특성을 이해하고, 디지털 제어기로 구성된 디지털제어시스템의 특성을 이해하여 설계하는 방법을 다루는 학문이다. 본 교과목의 주제는 ZTransform, Sampling, Discrete System, stability, Discrete PID 등에 대하여 익힌다. 또한 주어진 조건에 맞는 디지털제어기를 설계하는 능력을 배양한다.","C.L.Phillips and H.T.Nagle/Digital Control System Anlaysis and Design/PrenticeHall,박진배 외/디지털제어시스템/퍼스트북",,K.Ogata/DiscreteTime Control System/,,True,True
17425,디지털제어공학,4,1학기,3.0,전공선택,"디지털제어공학은 디지털 특성을 이해하고, 디지털 제어기로 구성된 디지털제어시스템의 특성을 이해하여 설계하는 방법을 다루는 학문이다. 본 교과목의 주제는 ZTransform, Sampling, Discrete System, stability, Discrete PID 등에 대하여 익힌다. 또한 주어진 조건에 맞는 디지털제어기를 설계하는 능력을 배양한다.","C.L.Phillips and H.T.Nagle/Digital Control System Anlaysis and Design/PrenticeHall,박진배 외/디지털제어시스템/퍼스트북",,K.Ogata/DiscreteTime Control System/,,True,True
17426,전자기이론1,2,1학기,3.0,전공선택,"전자기이론1은 제어계측교과목의 기초가되는 전기 및 자기의 기본적인 원리 및 응용을 배우는 기초학문을 다룬다. 본 교과목에서는 스칼라 및 벡터량, 좌표계, 스칼라함수의 기울기, 벡터계의 발산 및 회전, Laplacian 연산자, 정리 및 계의 분류, 벡터항등식, Coulomb법칙, 전계의 세기, 전속과 전속밀도, 전기쌍극자, 경계조건, Poisson과 Laplace 방정식, Joule의 법칙, 기전력 등을 배운다. 학생들은 전자기이론의 원리 및 응용을 배움으로서, 현장에서 계측장비, 모터, 오실로스코프, 자기센서 등의 설계시 기본원리를 이용할 수 있는 능력을 키운다.",조영기외 공저/전자기학/학술정보,,이문수외 공저/전자기학/교보문고,"필수선수과목 : 수학1,추천선수과목 : 물리학1,2, 물리학실험1,2, 수학2",True,True
17427,전자기이론1,2,1학기,3.0,전공선택,"전자기이론1은 제어계측교과목의 기초가되는 전기 및 자기의 기본적인 원리 및 응용을 배우는 기초학문을 다룬다. 본 교과목에서는 스칼라 및 벡터량, 좌표계, 스칼라함수의 기울기, 벡터계의 발산 및 회전, Laplacian 연산자, 정리 및 계의 분류, 벡터항등식, Coulomb법칙, 전계의 세기, 전속과 전속밀도, 전기쌍극자, 경계조건, Poisson과 Laplace 방정식, Joule의 법칙, 기전력 등을 배운다. 학생들은 전자기이론의 원리 및 응용을 배움으로서, 현장에서 계측장비, 모터, 오실로스코프, 자기센서 등의 설계시 기본원리를 이용할 수 있는 능력을 키운다.",조영기외 공저/전자기학/학술정보,,이문수외 공저/전자기학/교보문고,"필수선수과목 : 수학1,추천선수과목 : 물리학1,2, 물리학실험1,2, 수학2",True,True
17428,전자기이론2,2,2학기,3.0,전공선택,"전자기이론2는 제어계측전공과목을 학습하기 위한 기초가 되는 전기 및 자기의 기본적인 원리 및 응용을 공부하는 것이며, 구체적으로 정상자계, 정전자계의 응용, 시변전자계, 평면파전파 등의 원리 및 응용 등을 공부한다. 학생들은 본 교과목을 공부함으로서 산업현장에서 계측장비, 직류전동기, 오실로스코프, 자기센서, 정전전압계, 전자기 펌프, 잉크젯 프린터, 등을 설계에 응용할 수 있는 전자기학의 기초이론 능력을 향상시킨다.",조영기외 7인 공저/전자기학/학술정보,,"김남외 3인 공저/전자기학/반도출판사,김세윤/전자기학/사이텍미디어,이문수외 4인 공저/응용전자기학/교보문고",추천선수과목 : 전자기학1,True,True
17429,전자기이론2,2,2학기,3.0,전공선택,"전자기이론2는 제어계측전공과목을 학습하기 위한 기초가 되는 전기 및 자기의 기본적인 원리 및 응용을 공부하는 것이며, 구체적으로 정상자계, 정전자계의 응용, 시변전자계, 평면파전파 등의 원리 및 응용 등을 공부한다. 학생들은 본 교과목을 공부함으로서 산업현장에서 계측장비, 직류전동기, 오실로스코프, 자기센서, 정전전압계, 전자기 펌프, 잉크젯 프린터, 등을 설계에 응용할 수 있는 전자기학의 기초이론 능력을 향상시킨다.",조영기외 7인 공저/전자기학/학술정보,,"김남외 3인 공저/전자기학/반도출판사,김세윤/전자기학/사이텍미디어,이문수외 4인 공저/응용전자기학/교보문고",추천선수과목 : 전자기학1,True,True
17430,전자기이론2,2,2학기,3.0,전공선택,"전자기이론2는 제어계측전공과목을 학습하기 위한 기초가 되는 전기 및 자기의 기본적인 원리 및 응용을 공부하는 것이며, 구체적으로 정상자계, 정전자계의 응용, 시변전자계, 평면파전파 등의 원리 및 응용 등을 공부한다. 학생들은 본 교과목을 공부함으로서 산업현장에서 계측장비, 직류전동기, 오실로스코프, 자기센서, 정전전압계, 전자기 펌프, 잉크젯 프린터, 등을 설계에 응용할 수 있는 전자기학의 기초이론 능력을 향상시킨다.",조영기외 7인 공저/전자기학/학술정보,,"김남외 3인 공저/전자기학/반도출판사,김세윤/전자기학/사이텍미디어,이문수외 4인 공저/응용전자기학/교보문고",추천선수과목 : 전자기학1,True,True
17431,전자기이론2,2,2학기,3.0,전공선택,"전자기이론2는 제어계측전공과목을 학습하기 위한 기초가 되는 전기 및 자기의 기본적인 원리 및 응용을 공부하는 것이며, 구체적으로 정상자계, 정전자계의 응용, 시변전자계, 평면파전파 등의 원리 및 응용 등을 공부한다. 학생들은 본 교과목을 공부함으로서 산업현장에서 계측장비, 직류전동기, 오실로스코프, 자기센서, 정전전압계, 전자기 펌프, 잉크젯 프린터, 등을 설계에 응용할 수 있는 전자기학의 기초이론 능력을 향상시킨다.",조영기외 7인 공저/전자기학/학술정보,,"김남외 3인 공저/전자기학/반도출판사,김세윤/전자기학/사이텍미디어,이문수외 4인 공저/응용전자기학/교보문고",추천선수과목 : 전자기학1,True,True
17432,계측공학,3,1학기,3.0,전공필수,"계측공학은 이론과 PBL 수업을 병행하는 수업으로서, 전기, 자기 등의 물리량을 측정하는 기술, 측정한 데이터를 처리하는 방법 및 측정기의 원리와 구조를 배우는 학문이다. 본 교과목에서는 단위와 표준기, 측정데이터와 통계처리, 다이오드와 트랜지스터의 회로, 연산증폭기, 디지털회로, 직류 및 교류 지시계기, 직류 및 교류 브리지회로, 아날로그 전자계측기, 디지털 계측기, 등을 다룬다. 학생들은 미소전압으로 출력되는 온도센서, 힘센서 등의 출력을 검출할 수 있는 브리지회로, 층폭기, 연산장치(CPU, 마이크로프로세서), 저장장치, 출력장치(LCD, LED) 등이 포함되는 계측기의 회로를 설계하여 발표하고 보고서를 제출함으로써, 현장에 적응할 수 있는 능력을 배양한다. 프로젝트 제목은 전자 측정시스템설계이고, 이것은 미소전압으로 출력되는 센서를 증폭, 신호조정 등을 통해 마이크로프로세서로 읽고 LCD에 출력하는 전자측정장치의 회로설계 및 분석하는 것이며, 결과를 보고서로 제출한다. 프로젝트는 4명 내외로 구성하는 팀별로 진행되고, 팀은 자유롭게 구성하되 문제가 발생되면 담당교수가 결정한다. 각 학생은 산업체의 연구원으로서 제품을 설계한다는 입장에서 프로젝트를 수행해야 한다.",민남기/전자측정시스템/사이텍미디어,,"W.D Cooper/전기전자계측/대영사,김상진/성락보/전기전자계측/집문당","필수선수과목 : 창의적공학설계, 공학수학1,추천선수과목 : 회로이론1,2",True,False
17433,계측공학,3,1학기,3.0,전공필수,"계측공학은 이론과 PBL 수업을 병행하는 수업으로서, 전기, 자기 등의 물리량을 측정하는 기술, 측정한 데이터를 처리하는 방법 및 측정기의 원리와 구조를 배우는 학문이다. 본 교과목에서는 단위와 표준기, 측정데이터와 통계처리, 다이오드와 트랜지스터의 회로, 연산증폭기, 디지털회로, 직류 및 교류 지시계기, 직류 및 교류 브리지회로, 아날로그 전자계측기, 디지털 계측기, 등을 다룬다. 학생들은 미소전압으로 출력되는 온도센서, 힘센서 등의 출력을 검출할 수 있는 브리지회로, 층폭기, 연산장치(CPU, 마이크로프로세서), 저장장치, 출력장치(LCD, LED) 등이 포함되는 계측기의 회로를 설계하여 발표하고 보고서를 제출함으로써, 현장에 적응할 수 있는 능력을 배양한다. 프로젝트 제목은 전자 측정시스템설계이고, 이것은 미소전압으로 출력되는 센서를 증폭, 신호조정 등을 통해 마이크로프로세서로 읽고 LCD에 출력하는 전자측정장치의 회로설계 및 분석하는 것이며, 결과를 보고서로 제출한다. 프로젝트는 4명 내외로 구성하는 팀별로 진행되고, 팀은 자유롭게 구성하되 문제가 발생되면 담당교수가 결정한다. 각 학생은 산업체의 연구원으로서 제품을 설계한다는 입장에서 프로젝트를 수행해야 한다.",민남기/전자측정시스템/사이텍미디어,,"W.D Cooper/전기전자계측/대영사,김상진/성락보/전기전자계측/집문당","필수선수과목 : 창의적공학설계, 공학수학1,추천선수과목 : 회로이론1,2",True,False
17434,계측공학,3,1학기,3.0,전공필수,"계측공학은 이론과 PBL 수업을 병행하는 수업으로서, 전기, 자기 등의 물리량을 측정하는 기술, 측정한 데이터를 처리하는 방법 및 측정기의 원리와 구조를 배우는 학문이다. 본 교과목에서는 단위와 표준기, 측정데이터와 통계처리, 다이오드와 트랜지스터의 회로, 연산증폭기, 디지털회로, 직류 및 교류 지시계기, 직류 및 교류 브리지회로, 아날로그 전자계측기, 디지털 계측기, 등을 다룬다. 학생들은 미소전압으로 출력되는 온도센서, 힘센서 등의 출력을 검출할 수 있는 브리지회로, 층폭기, 연산장치(CPU, 마이크로프로세서), 저장장치, 출력장치(LCD, LED) 등이 포함되는 계측기의 회로를 설계하여 발표하고 보고서를 제출함으로써, 현장에 적응할 수 있는 능력을 배양한다. 프로젝트 제목은 전자 측정시스템설계이고, 이것은 미소전압으로 출력되는 센서를 증폭, 신호조정 등을 통해 마이크로프로세서로 읽고 LCD에 출력하는 전자측정장치의 회로설계 및 분석하는 것이며, 결과를 보고서로 제출한다. 프로젝트는 4명 내외로 구성하는 팀별로 진행되고, 팀은 자유롭게 구성하되 문제가 발생되면 담당교수가 결정한다. 각 학생은 산업체의 연구원으로서 제품을 설계한다는 입장에서 프로젝트를 수행해야 한다.",민남기/전자측정시스템/사이텍미디어,,"W.D Cooper/전기전자계측/대영사,김상진/성락보/전기전자계측/집문당","필수선수과목 : 창의적공학설계, 공학수학1,추천선수과목 : 회로이론1,2",True,False
17435,공학수학1,2,1학기,3.0,전공선택,"공학 전반에 사용되는 기초 수학에 대하여 학습한다.세부 내용으로는 행렬과 선형대수, 1계 및 2계 미분방정식, 라플라스 변환 등의 기초 개념과 적용 방법을 배운다.",이상구 외 4명/최신 공학수학 with Sage I/한빛아카데미,,,"필수선수과목 : 수학I, 수학II",True,False
17436,공학수학2,2,2학기,3.0,전공선택,,/syllabus/,,"김철 외 7명/공업수학/청문각,수학교재편찬위원회/미분적분학(CALCULUS)/교우사,윤영진/새로운 조합수학/교우사,최기헌/응용확률론 입문/자유아카데미",필수선수과목 : 공학수학 1,True,False
17437,공학수학2,2,2학기,3.0,전공선택,,/syllabus/,,"김철 외 7명/공업수학/청문각,수학교재편찬위원회/미분적분학(CALCULUS)/교우사,윤영진/새로운 조합수학/교우사,최기헌/응용확률론 입문/자유아카데미",필수선수과목 : 공학수학 1,True,False
17438,공학수학2,2,2학기,3.0,전공선택,,/syllabus/,,"김철 외 7명/공업수학/청문각,수학교재편찬위원회/미분적분학(CALCULUS)/교우사,윤영진/새로운 조합수학/교우사,최기헌/응용확률론 입문/자유아카데미",필수선수과목 : 공학수학 1,True,False
17439,공학수학2,2,2학기,3.0,전공선택,,/syllabus/,,"김철 외 7명/공업수학/청문각,수학교재편찬위원회/미분적분학(CALCULUS)/교우사,윤영진/새로운 조합수학/교우사,최기헌/응용확률론 입문/자유아카데미",필수선수과목 : 공학수학 1,True,False
17440,공학수학2,2,2학기,3.0,전공선택,,/syllabus/,,"김철 외 7명/공업수학/청문각,수학교재편찬위원회/미분적분학(CALCULUS)/교우사,윤영진/새로운 조합수학/교우사,최기헌/응용확률론 입문/자유아카데미",필수선수과목 : 공학수학 1,True,False
17455,제어계측프로그래밍1,2,1학기,3.0,전공필수,C언어를 사용한 고급 프로그래밍 기법을 학습하고 예제와 실습 및 리포트을 통하여 프로그래밍을 훈련한다. 또한  응용 프로그래밍 능력을 배양하기 위하여 다양한 테마에 대한 응용 프로그램을 작성해 본다.,천인국/두근두근 C언어 수업/생능출판,,강환수/perfect C/인피니티북스,추천선수과목 : 공학프로그래밍언어,True,True
17456,제어계측프로그래밍1,2,1학기,3.0,전공필수,C언어를 사용한 고급 프로그래밍 기법을 학습하고 예제와 실습 및 리포트을 통하여 프로그래밍을 훈련한다. 또한  응용 프로그래밍 능력을 배양하기 위하여 다양한 테마에 대한 응용 프로그램을 작성해 본다.,천인국/두근두근 C언어 수업/생능출판,,강환수/perfect C/인피니티북스,추천선수과목 : 공학프로그래밍언어,True,True
17457,전기회로기초실험,2,2학기,2.0,전공필수,전기회로에 대한 기본 개념과 설계를 중심으로 이론적으로 배운 내용을 검증한다.,백주기/공학도를 위한 전기/전자/제어/통신 기초 회로 실험/성안당,,정학기/기초전기회로실험/인터비젼,추천선수과목 : 창의적공학설계,True,True
17458,전기회로기초실험,2,2학기,2.0,전공필수,전기회로에 대한 기본 개념과 설계를 중심으로 이론적으로 배운 내용을 검증한다.,백주기/공학도를 위한 전기/전자/제어/통신 기초 회로 실험/성안당,,정학기/기초전기회로실험/인터비젼,추천선수과목 : 창의적공학설계,True,True
17459,제어계측프로그래밍2,2,2학기,3.0,전공선택,"제어계측프로그래밍2에서는 C언어의 고급 기능을 다룬다.함수 및 포인터, 구조체, 동적메모리할당, 파일입출력등 다양한 고급 기술을 익히고 다양한 실습을 통하여 학습한다.",천인국/두근두근 C언어 수업/생능출판,,"김주호,신동준/비주얼C++300제/기전연구사",추천선수과목 : 제어계측프로그래밍1,True,True
17460,제어계측프로그래밍2,2,2학기,3.0,전공선택,"제어계측프로그래밍2에서는 C언어의 고급 기능을 다룬다.함수 및 포인터, 구조체, 동적메모리할당, 파일입출력등 다양한 고급 기술을 익히고 다양한 실습을 통하여 학습한다.",천인국/두근두근 C언어 수업/생능출판,,"김주호,신동준/비주얼C++300제/기전연구사",추천선수과목 : 제어계측프로그래밍1,True,True
17461,객체지향프로그래밍,3,1학기,3.0,전공선택,"산업체 및 기업체에서 가장 일반적으로 사용되는 객체지향 프로그래밍인 C++를 익히고 학습한다.객체지향프로그래밍은 컴퓨터프로그래밍의 새로운 패러다임의 하나로 컴퓨터 프로그램을 명령어의 목록에서 보는 시각에서 벗어나 여러 개의 독립된 단위, 즉 ""객체""들의 모임으로 파악하고자 하는 것이다. 이러한 고급 프로그래밍인 객체지향프로그래밍은 프로그램을 유연하고 변경이 용이하게 만들기 때문에 대규모 소프트웨어 개발에 많이 사용된다. 또한 프로그래밍을 더 배우기 쉽게 하고 소프트웨어 개발과 보수를 간편하게 하며, 직관적인 코드 분석을 가능하게 하는 장점을 갖고 있다.",이현창/생각하며 배우는 C++/한빛미디어,,황준하/C++ 프로그래밍 입문/카오스북,추천선수과목 : 공학프로그래밍언어,True,True
17462,객체지향프로그래밍,3,1학기,3.0,전공선택,"산업체 및 기업체에서 가장 일반적으로 사용되는 객체지향 프로그래밍인 C++를 익히고 학습한다.객체지향프로그래밍은 컴퓨터프로그래밍의 새로운 패러다임의 하나로 컴퓨터 프로그램을 명령어의 목록에서 보는 시각에서 벗어나 여러 개의 독립된 단위, 즉 ""객체""들의 모임으로 파악하고자 하는 것이다. 이러한 고급 프로그래밍인 객체지향프로그래밍은 프로그램을 유연하고 변경이 용이하게 만들기 때문에 대규모 소프트웨어 개발에 많이 사용된다. 또한 프로그래밍을 더 배우기 쉽게 하고 소프트웨어 개발과 보수를 간편하게 하며, 직관적인 코드 분석을 가능하게 하는 장점을 갖고 있다.",이현창/생각하며 배우는 C++/한빛미디어,,황준하/C++ 프로그래밍 입문/카오스북,추천선수과목 : 공학프로그래밍언어,True,True
17463,디지털회로설계,3,2학기,2.0,전공필수,"본 강좌는 전자공학 및 디지털공학에 대한 선행학습이 필요로하며, 마이크로프로세서 및 전력전자에 대한 기초지식의 기반이 된다. 디지털 회로에 대한 이해를 돕고 실습 및 실험을 통하여 관련 수업에서 배운 동작을 직접 설계함으로써 동작 및 응용력을 극대화시킬 수 있도록 수업을 진행한다. 강의 내용은 가장 기본적인 AND, OR, NOT 게이트등를 이용하여 간단한 회로를 구성해 봄으로써 관련 기기 및 동작 방식을 익히고, 점차 고급 회로인 디코더와 인코더, 플립플롭등 핵심 디지털 회로를 직접 설계한다. 또한 카운터와 클럭을 이용한 복잡한 디지털 회로를 팀을 구성하여 직접 설계도를 작성하고 최종 디지털시스템에 대한 프로젝트를 수행함으로써 응용력을 증대시키고 관련 분야 취업시 활용가능한 회로 기술을 익힐 수 있도록 수업을 진행할 예정이다.",김태웅/디지털 회로실험/,,"M.M. Mano, C.R. Kime/Logic and Computer Design Fundamentals/Pearson,박건작/기초디지털회로실험/상학당","추천선수과목 : 회로해석론, 전자회로공학, 디지털논리회로",True,True
17464,디지털회로설계,3,2학기,2.0,전공필수,"본 강좌는 전자공학 및 디지털공학에 대한 선행학습이 필요로하며, 마이크로프로세서 및 전력전자에 대한 기초지식의 기반이 된다. 디지털 회로에 대한 이해를 돕고 실습 및 실험을 통하여 관련 수업에서 배운 동작을 직접 설계함으로써 동작 및 응용력을 극대화시킬 수 있도록 수업을 진행한다. 강의 내용은 가장 기본적인 AND, OR, NOT 게이트등를 이용하여 간단한 회로를 구성해 봄으로써 관련 기기 및 동작 방식을 익히고, 점차 고급 회로인 디코더와 인코더, 플립플롭등 핵심 디지털 회로를 직접 설계한다. 또한 카운터와 클럭을 이용한 복잡한 디지털 회로를 팀을 구성하여 직접 설계도를 작성하고 최종 디지털시스템에 대한 프로젝트를 수행함으로써 응용력을 증대시키고 관련 분야 취업시 활용가능한 회로 기술을 익힐 수 있도록 수업을 진행할 예정이다.",김태웅/디지털 회로실험/,,"M.M. Mano, C.R. Kime/Logic and Computer Design Fundamentals/Pearson,박건작/기초디지털회로실험/상학당","추천선수과목 : 회로해석론, 전자회로공학, 디지털논리회로",True,True
17465,디지털회로설계,3,2학기,2.0,전공필수,"본 강좌는 전자공학 및 디지털공학에 대한 선행학습이 필요로하며, 마이크로프로세서 및 전력전자에 대한 기초지식의 기반이 된다. 디지털 회로에 대한 이해를 돕고 실습 및 실험을 통하여 관련 수업에서 배운 동작을 직접 설계함으로써 동작 및 응용력을 극대화시킬 수 있도록 수업을 진행한다. 강의 내용은 가장 기본적인 AND, OR, NOT 게이트등를 이용하여 간단한 회로를 구성해 봄으로써 관련 기기 및 동작 방식을 익히고, 점차 고급 회로인 디코더와 인코더, 플립플롭등 핵심 디지털 회로를 직접 설계한다. 또한 카운터와 클럭을 이용한 복잡한 디지털 회로를 팀을 구성하여 직접 설계도를 작성하고 최종 디지털시스템에 대한 프로젝트를 수행함으로써 응용력을 증대시키고 관련 분야 취업시 활용가능한 회로 기술을 익힐 수 있도록 수업을 진행할 예정이다.",김태웅/디지털 회로실험/,,"M.M. Mano, C.R. Kime/Logic and Computer Design Fundamentals/Pearson,박건작/기초디지털회로실험/상학당","추천선수과목 : 회로해석론, 전자회로공학, 디지털논리회로",True,True
17466,제어계측종합설계1,4,1학기,2.0,전공필수,"제어계측공학설계1은스마트공장관련교과목으로서PBL수업방식으로진행되고,전공과목에서배운기초학문과지식을바탕으로산업현장의적응능력을향상시키기위하여스마트공장에서사용되는스마트제조시스템에관한프로젝트(제품을설계및제작)를수행하는과목이다.산업현장에서연구개발하는방법과같이510명의학생이하나의팀으로구성되어프로젝트를수행하는방식으로수업이진행된다.학생들은제품의개념설계와제품설계방법,프로젝트수행방법,보고서작성방법,과제발표방법,등을프로젝트를실제수행하는과정에서배움으로서창의적인사고력을향상시키고산업현장에서재교육없이프로젝트를수행할수있는능력을향상시킨다.프로젝트명(문제정의)은스마트공장에서사용되는스마트제조시스템의부품을개발하는내용으로각조별로자유롭게경정하고,팀은자유롭게5~10명으로동일한수로구성하되문제가발생되면담당교수가결정한다.각학생은산업체의연구원으로서제품을설계한다는입장에서프로젝트를수행해야한다.",담당교수/창의적공학설계/,,,,True,True
17467,마이크로프로세서응용설계,4,1학기,2.0,전공필수,"마이크로프로세서의 기본적인 프로그래밍 방법, C 언어를 이용한 프로그래밍 방법 습득하고 PC를 이용한 통신방법, 마이크로콘트롤러를 이용한 스텝모터제어, 디스플레이장치제어, 기구제어, 계측 등의 실험을 수행한다.최종적으로 마이크로프로세서 Atmega128을 이용한 응용시스템을 설계 및 제작한다.본 강의를 통해 다음을 배울 수 있다.1. 마이크로프로세서의 구조이해2. 마이크로프로세서 명령어3. 마이크로프로세서 어셈블리프로그래밍 방법4. 마이크로프로세서 시스템 설계5. 마이크로프로세서 응용시스템 제작",자체제작/마이크로프로세서응용설계 강의노트/자체,,김진환 외/AVR Atmega128/,추천선수과목 : 마이크로프로세서공학,True,True
17468,마이크로프로세서응용설계,4,1학기,2.0,전공필수,"마이크로프로세서의 기본적인 프로그래밍 방법, C 언어를 이용한 프로그래밍 방법 습득하고 PC를 이용한 통신방법, 마이크로콘트롤러를 이용한 스텝모터제어, 디스플레이장치제어, 기구제어, 계측 등의 실험을 수행한다.최종적으로 마이크로프로세서 Atmega128을 이용한 응용시스템을 설계 및 제작한다.본 강의를 통해 다음을 배울 수 있다.1. 마이크로프로세서의 구조이해2. 마이크로프로세서 명령어3. 마이크로프로세서 어셈블리프로그래밍 방법4. 마이크로프로세서 시스템 설계5. 마이크로프로세서 응용시스템 제작",자체제작/마이크로프로세서응용설계 강의노트/자체,,김진환 외/AVR Atmega128/,추천선수과목 : 마이크로프로세서공학,True,True
17469,자동화시스템설계,4,1학기,2.0,전공선택,"자동화시스템설계는 전공과목에서 배운 기초학문 및 지식을 바탕으로 프로젝트를 진행하는 PBL 수업방식으로 진행됨.본 과목에서는 자동화시스템을 설계하기 위한 필수 요소에 대한 자료 조사 및 발표를 바탕으로, 개인별로 자동화 시스템을 설계하고 제작하여 실험적으로 검증하도록 한다.",김정은/자체 PPT 파일/,,,"필수선수과목 : 전기회로I/II, 전자회로공학I/II, 마이크로프로세서",True,False
17470,제어계측종합설계2,4,2학기,2.0,전공선택,"본 과목은 신성장산업의 맞춤형 인재양성을 목표로 ㈜한국전자기술, (주)더파워랩스, (주)유니드, (주)엠디엠, (주)엠테크놀러지, (주)티에스테크, (주)젬텍 등과 산학연게하여 로봇기술, 자동화기술, ICT기술을 바탕으로 제조 및 홍보하는 방안에 대해 산업현장과 사회에서 요구하는 문제해결과 실무능력을 갖추고 학생의 역량강화와 기업의 경쟁력재고를 주요 강의내용으로 한다. 수업방식은 PBL이고, 전공과목에서 배운 기초학문과 지식을 이용하여 산업현장의 적응능력을 향상시키기 위하여 프로젝트(제품을 설계 및 제작)를 수행하는 과목이다. 산업현장에서 연구개발하는 방법과 같이 48명의 학생이 하나의 팀으로 구성되어 프로젝트를 수행하는 방식으로 수업이 진행된다. 학생들은 제품의 개념설계와 제품설계 방법, 프로젝트 수행방법, 보고서작성방법, 과제발표 방법, 등을 프로젝트를 실제 수행하는 과정에서 배움으로서 창의적인 사고력을 향상시키고 산업현장에서 재교육없이 프로젝트를 수행할 수 있는 능력을 향상시킨다.",/제어계측 전공서적(전체)/,,,추천선수과목 : 제어계측공학설계1,True,True
17475,에너지변환공학,2,2학기,3.0,전공선택,"本 敎科目의 講義 目的은 電氣에너지工學科 학생들이 이수한 電氣와 數學 1,2 및 電磁氣理論을 基礎로 하여 필수적으로 理解하고 있어야 하는 電氣에너지와 機械에너지 사이의 變換 原理를 습득하기 위한 科目이다. 이를 위해 物理界에서의 基本 原理인 에너지 保存 法則과 電磁氣的 현상 사이의 상호 관계로 부터 發電機, 電動機 및 變壓器의 基本 原理와 特性 등에 관하여 講義한다.","M. S. Sarma, M. K. Pathak/Electric Machines, 3rd ed./Cengage Learning",,"S. A. Nasar/Electromagnetic Energy Conversion Devices and Systems/PrenticeHall, Inc.,S. D. Umans/Fitzgerald & Kingsley's Electric Machinery, 7th ed./McGrawHill,Stephen J. Chapman/Electric Machinery Fundamentals, 5th ed./McGrawHill,Vlado Ostovic/Computeraided Analysis of Electric Machines/Prentice Hall International (UK) Ltd.,穴山 武/에너지變換工學基礎論/丸善株式會社","필수선수과목 : 없음,추천선수과목 : 공학수학, 전자기 및 전자장이론, 전기기기",True,False
17476,에너지변환공학,2,2학기,3.0,전공선택,"本 敎科目의 講義 目的은 電氣에너지工學科 학생들이 이수한 電氣와 數學 1,2 및 電磁氣理論을 基礎로 하여 필수적으로 理解하고 있어야 하는 電氣에너지와 機械에너지 사이의 變換 原理를 습득하기 위한 科目이다. 이를 위해 物理界에서의 基本 原理인 에너지 保存 法則과 電磁氣的 현상 사이의 상호 관계로 부터 發電機, 電動機 및 變壓器의 基本 原理와 特性 등에 관하여 講義한다.","M. S. Sarma, M. K. Pathak/Electric Machines, 3rd ed./Cengage Learning",,"S. A. Nasar/Electromagnetic Energy Conversion Devices and Systems/PrenticeHall, Inc.,S. D. Umans/Fitzgerald & Kingsley's Electric Machinery, 7th ed./McGrawHill,Stephen J. Chapman/Electric Machinery Fundamentals, 5th ed./McGrawHill,Vlado Ostovic/Computeraided Analysis of Electric Machines/Prentice Hall International (UK) Ltd.,穴山 武/에너지變換工學基礎論/丸善株式會社","필수선수과목 : 없음,추천선수과목 : 공학수학, 전자기 및 전자장이론, 전기기기",True,False
17477,에너지변환공학,2,2학기,3.0,전공선택,"本 敎科目의 講義 目的은 電氣에너지工學科 학생들이 이수한 電氣와 數學 1,2 및 電磁氣理論을 基礎로 하여 필수적으로 理解하고 있어야 하는 電氣에너지와 機械에너지 사이의 變換 原理를 습득하기 위한 科目이다. 이를 위해 物理界에서의 基本 原理인 에너지 保存 法則과 電磁氣的 현상 사이의 상호 관계로 부터 發電機, 電動機 및 變壓器의 基本 原理와 特性 등에 관하여 講義한다.","M. S. Sarma, M. K. Pathak/Electric Machines, 3rd ed./Cengage Learning",,"S. A. Nasar/Electromagnetic Energy Conversion Devices and Systems/PrenticeHall, Inc.,S. D. Umans/Fitzgerald & Kingsley's Electric Machinery, 7th ed./McGrawHill,Stephen J. Chapman/Electric Machinery Fundamentals, 5th ed./McGrawHill,Vlado Ostovic/Computeraided Analysis of Electric Machines/Prentice Hall International (UK) Ltd.,穴山 武/에너지變換工學基礎論/丸善株式會社","필수선수과목 : 없음,추천선수과목 : 공학수학, 전자기 및 전자장이론, 전기기기",True,False
17478,에너지변환공학,2,2학기,3.0,전공선택,"本 敎科目의 講義 目的은 電氣에너지工學科 학생들이 이수한 電氣와 數學 1,2 및 電磁氣理論을 基礎로 하여 필수적으로 理解하고 있어야 하는 電氣에너지와 機械에너지 사이의 變換 原理를 습득하기 위한 科目이다. 이를 위해 物理界에서의 基本 原理인 에너지 保存 法則과 電磁氣的 현상 사이의 상호 관계로 부터 發電機, 電動機 및 變壓器의 基本 原理와 特性 등에 관하여 講義한다.","M. S. Sarma, M. K. Pathak/Electric Machines, 3rd ed./Cengage Learning",,"S. A. Nasar/Electromagnetic Energy Conversion Devices and Systems/PrenticeHall, Inc.,S. D. Umans/Fitzgerald & Kingsley's Electric Machinery, 7th ed./McGrawHill,Stephen J. Chapman/Electric Machinery Fundamentals, 5th ed./McGrawHill,Vlado Ostovic/Computeraided Analysis of Electric Machines/Prentice Hall International (UK) Ltd.,穴山 武/에너지變換工學基礎論/丸善株式會社","필수선수과목 : 없음,추천선수과목 : 공학수학, 전자기 및 전자장이론, 전기기기",True,False
17479,에너지변환공학,2,2학기,3.0,전공선택,"本 敎科目의 講義 目的은 電氣에너지工學科 학생들이 이수한 電氣와 數學 1,2 및 電磁氣理論을 基礎로 하여 필수적으로 理解하고 있어야 하는 電氣에너지와 機械에너지 사이의 變換 原理를 습득하기 위한 科目이다. 이를 위해 物理界에서의 基本 原理인 에너지 保存 法則과 電磁氣的 현상 사이의 상호 관계로 부터 發電機, 電動機 및 變壓器의 基本 原理와 特性 등에 관하여 講義한다.","M. S. Sarma, M. K. Pathak/Electric Machines, 3rd ed./Cengage Learning",,"S. A. Nasar/Electromagnetic Energy Conversion Devices and Systems/PrenticeHall, Inc.,S. D. Umans/Fitzgerald & Kingsley's Electric Machinery, 7th ed./McGrawHill,Stephen J. Chapman/Electric Machinery Fundamentals, 5th ed./McGrawHill,Vlado Ostovic/Computeraided Analysis of Electric Machines/Prentice Hall International (UK) Ltd.,穴山 武/에너지變換工學基礎論/丸善株式會社","필수선수과목 : 없음,추천선수과목 : 공학수학, 전자기 및 전자장이론, 전기기기",True,False
17480,에너지변환공학,2,2학기,3.0,전공선택,"本 敎科目의 講義 目的은 電氣에너지工學科 학생들이 이수한 電氣와 數學 1,2 및 電磁氣理論을 基礎로 하여 필수적으로 理解하고 있어야 하는 電氣에너지와 機械에너지 사이의 變換 原理를 습득하기 위한 科目이다. 이를 위해 物理界에서의 基本 原理인 에너지 保存 法則과 電磁氣的 현상 사이의 상호 관계로 부터 發電機, 電動機 및 變壓器의 基本 原理와 特性 등에 관하여 講義한다.","M. S. Sarma, M. K. Pathak/Electric Machines, 3rd ed./Cengage Learning",,"S. A. Nasar/Electromagnetic Energy Conversion Devices and Systems/PrenticeHall, Inc.,S. D. Umans/Fitzgerald & Kingsley's Electric Machinery, 7th ed./McGrawHill,Stephen J. Chapman/Electric Machinery Fundamentals, 5th ed./McGrawHill,Vlado Ostovic/Computeraided Analysis of Electric Machines/Prentice Hall International (UK) Ltd.,穴山 武/에너지變換工學基礎論/丸善株式會社","필수선수과목 : 없음,추천선수과목 : 공학수학, 전자기 및 전자장이론, 전기기기",True,False
17481,전기물성,3,1학기,3.0,전공선택,전기현상과 관련된 물질의 구조 및 성질을 물리 및 화학적 바탕 위에서 이해한다.원자 단위의 관점에서 전기의 성질을 이해한다.,남춘우/전기전자물성공학/문운당,,,,True,True
17482,전기기기1,3,1학기,3.0,전공선택,"本 敎科目의 講義 目的은 電氣에너지工學科 학생들이 이수한 電氣와 數學 1,2 및 電磁氣理論을 基礎로 하여 필수적으로 理解하고 있어야 하는 電氣에너지와 機械에너지 사이의 變換 原理를 습득하기 위한 科目이다. 이 講座에서는 2學年 2學期에 履修한 에너지變換工學에서의 磁界形 에너지變換機器에서의 현상과 變壓器에 관한 內容을 基礎로 하여 交流機의 基本 原理와 이를 應用한 同期機와 誘導機의 特性과 制御法 및 應用에 관하여 講義한다.","M. S. Sarma, M. K. Pathak/Electric Machines/Cengage Learning",,"C. I. Hubert/Electric MachinesTheory, Operation, Applications, Adjustment, and Control, 2nd ed./Pearson Education, Inc.,Stephen D. Umans/Fitzgerald &amp; Kingsley's Electric Machinery, 7th ed./McGrawHill, Inc.,Stephen J. Chapman/Electric Machinery Fundamentals, 5th ed./McGrawHill, Inc.,Vlado Ostovic/Computeraided Analysis of Electric Machines/Prentice Hall International (UK) Ltd.,穴山 武/에너지變換工學基礎論/丸善株式會社","필수선수과목 : 없음,추천선수과목 : 공학수학, 전자기 및 전자장이론, 전기기기",True,True
17483,전기기기1,3,1학기,3.0,전공선택,"本 敎科目의 講義 目的은 電氣에너지工學科 학생들이 이수한 電氣와 數學 1,2 및 電磁氣理論을 基礎로 하여 필수적으로 理解하고 있어야 하는 電氣에너지와 機械에너지 사이의 變換 原理를 습득하기 위한 科目이다. 이 講座에서는 2學年 2學期에 履修한 에너지變換工學에서의 磁界形 에너지變換機器에서의 현상과 變壓器에 관한 內容을 基礎로 하여 交流機의 基本 原理와 이를 應用한 同期機와 誘導機의 特性과 制御法 및 應用에 관하여 講義한다.","M. S. Sarma, M. K. Pathak/Electric Machines/Cengage Learning",,"C. I. Hubert/Electric MachinesTheory, Operation, Applications, Adjustment, and Control, 2nd ed./Pearson Education, Inc.,Stephen D. Umans/Fitzgerald &amp; Kingsley's Electric Machinery, 7th ed./McGrawHill, Inc.,Stephen J. Chapman/Electric Machinery Fundamentals, 5th ed./McGrawHill, Inc.,Vlado Ostovic/Computeraided Analysis of Electric Machines/Prentice Hall International (UK) Ltd.,穴山 武/에너지變換工學基礎論/丸善株式會社","필수선수과목 : 없음,추천선수과목 : 공학수학, 전자기 및 전자장이론, 전기기기",True,True
17484,전기기기1,3,1학기,3.0,전공선택,"本 敎科目의 講義 目的은 電氣에너지工學科 학생들이 이수한 電氣와 數學 1,2 및 電磁氣理論을 基礎로 하여 필수적으로 理解하고 있어야 하는 電氣에너지와 機械에너지 사이의 變換 原理를 습득하기 위한 科目이다. 이 講座에서는 2學年 2學期에 履修한 에너지變換工學에서의 磁界形 에너지變換機器에서의 현상과 變壓器에 관한 內容을 基礎로 하여 交流機의 基本 原理와 이를 應用한 同期機와 誘導機의 特性과 制御法 및 應用에 관하여 講義한다.","M. S. Sarma, M. K. Pathak/Electric Machines/Cengage Learning",,"C. I. Hubert/Electric MachinesTheory, Operation, Applications, Adjustment, and Control, 2nd ed./Pearson Education, Inc.,Stephen D. Umans/Fitzgerald &amp; Kingsley's Electric Machinery, 7th ed./McGrawHill, Inc.,Stephen J. Chapman/Electric Machinery Fundamentals, 5th ed./McGrawHill, Inc.,Vlado Ostovic/Computeraided Analysis of Electric Machines/Prentice Hall International (UK) Ltd.,穴山 武/에너지變換工學基礎論/丸善株式會社","필수선수과목 : 없음,추천선수과목 : 공학수학, 전자기 및 전자장이론, 전기기기",True,True
17485,전기기기1,3,1학기,3.0,전공선택,"本 敎科目의 講義 目的은 電氣에너지工學科 학생들이 이수한 電氣와 數學 1,2 및 電磁氣理論을 基礎로 하여 필수적으로 理解하고 있어야 하는 電氣에너지와 機械에너지 사이의 變換 原理를 습득하기 위한 科目이다. 이 講座에서는 2學年 2學期에 履修한 에너지變換工學에서의 磁界形 에너지變換機器에서의 현상과 變壓器에 관한 內容을 基礎로 하여 交流機의 基本 原理와 이를 應用한 同期機와 誘導機의 特性과 制御法 및 應用에 관하여 講義한다.","M. S. Sarma, M. K. Pathak/Electric Machines/Cengage Learning",,"C. I. Hubert/Electric MachinesTheory, Operation, Applications, Adjustment, and Control, 2nd ed./Pearson Education, Inc.,Stephen D. Umans/Fitzgerald &amp; Kingsley's Electric Machinery, 7th ed./McGrawHill, Inc.,Stephen J. Chapman/Electric Machinery Fundamentals, 5th ed./McGrawHill, Inc.,Vlado Ostovic/Computeraided Analysis of Electric Machines/Prentice Hall International (UK) Ltd.,穴山 武/에너지變換工學基礎論/丸善株式會社","필수선수과목 : 없음,추천선수과목 : 공학수학, 전자기 및 전자장이론, 전기기기",True,True
17486,전기기기1,3,1학기,3.0,전공선택,"本 敎科目의 講義 目的은 電氣에너지工學科 학생들이 이수한 電氣와 數學 1,2 및 電磁氣理論을 基礎로 하여 필수적으로 理解하고 있어야 하는 電氣에너지와 機械에너지 사이의 變換 原理를 습득하기 위한 科目이다. 이 講座에서는 2學年 2學期에 履修한 에너지變換工學에서의 磁界形 에너지變換機器에서의 현상과 變壓器에 관한 內容을 基礎로 하여 交流機의 基本 原理와 이를 應用한 同期機와 誘導機의 特性과 制御法 및 應用에 관하여 講義한다.","M. S. Sarma, M. K. Pathak/Electric Machines/Cengage Learning",,"C. I. Hubert/Electric MachinesTheory, Operation, Applications, Adjustment, and Control, 2nd ed./Pearson Education, Inc.,Stephen D. Umans/Fitzgerald &amp; Kingsley's Electric Machinery, 7th ed./McGrawHill, Inc.,Stephen J. Chapman/Electric Machinery Fundamentals, 5th ed./McGrawHill, Inc.,Vlado Ostovic/Computeraided Analysis of Electric Machines/Prentice Hall International (UK) Ltd.,穴山 武/에너지變換工學基礎論/丸善株式會社","필수선수과목 : 없음,추천선수과목 : 공학수학, 전자기 및 전자장이론, 전기기기",True,True
17487,전기기기1,3,1학기,3.0,전공선택,"本 敎科目의 講義 目的은 電氣에너지工學科 학생들이 이수한 電氣와 數學 1,2 및 電磁氣理論을 基礎로 하여 필수적으로 理解하고 있어야 하는 電氣에너지와 機械에너지 사이의 變換 原理를 습득하기 위한 科目이다. 이 講座에서는 2學年 2學期에 履修한 에너지變換工學에서의 磁界形 에너지變換機器에서의 현상과 變壓器에 관한 內容을 基礎로 하여 交流機의 基本 原理와 이를 應用한 同期機와 誘導機의 特性과 制御法 및 應用에 관하여 講義한다.","M. S. Sarma, M. K. Pathak/Electric Machines/Cengage Learning",,"C. I. Hubert/Electric MachinesTheory, Operation, Applications, Adjustment, and Control, 2nd ed./Pearson Education, Inc.,Stephen D. Umans/Fitzgerald &amp; Kingsley's Electric Machinery, 7th ed./McGrawHill, Inc.,Stephen J. Chapman/Electric Machinery Fundamentals, 5th ed./McGrawHill, Inc.,Vlado Ostovic/Computeraided Analysis of Electric Machines/Prentice Hall International (UK) Ltd.,穴山 武/에너지變換工學基礎論/丸善株式會社","필수선수과목 : 없음,추천선수과목 : 공학수학, 전자기 및 전자장이론, 전기기기",True,True
17488,전기기기2,3,2학기,3.0,전공선택,"本 敎科目은 電氣機械에너지의 發生, 變換 및 應用에 필수적으로 사용되는 각종 電氣機器의 設計, 開發 및 應用에 基礎가 되는 基本 理論을 습득시키기 위한 科目이다. 특히 이 講座는 電氣機器 1(학수번호 ELA30015)에 연속되는 講座로서 誘導電動機, 直流電動機 및 發電機, 그리고 單相 電動機 및 特殊 電動機에 관한 理論과 特性을 파악하고, 각종 電動機의 制御法에 관한 內容을 주로 다룬다. 또한 電動力 응용의 형태 및 목적에 따른 直流 및 誘導電動機의 선택, 容量 결정, 速度制御 方式 선택 및 制御裝置 設計에 관한 프로젝트를 수행하도록 한다.","M.S.Sarma, M.K.Pathak/Electric Machines, 3rd ed./Cengage Learning",,"C.M.Ong/Dynamic Simulation of Electric Machinery Using Matlab/Simulink/PrenticeHall PTR,C.I.Hubert/Electric MachinesTheory, Operation, Applications, Adjustment, and Control, 2nd/Pearson Education, Inc.,G.R.Slemon/Electric Machines and Drives/AddisonWesley,H.W.Beaty, J.L.Kirtley,Jr./Electric Motor Handbook/McGrawHill, Inc.,S.D.Umans/Fitzgerald & Kingsley's Electric Machinery, 7th ed./McGrawHill, Inc.,S.J.Chapman/Electric Machinery Fundamentals, 5th ed./McGrawHill, Inc.,V.D.Toro/Basic Electric Machines/PrenticeHall, Inc","필수선수과목 : 없음,추천선수과목 : 공학수학, 전자기이론, 회로해석론",True,True
17489,전기기기2,3,2학기,3.0,전공선택,"本 敎科目은 電氣機械에너지의 發生, 變換 및 應用에 필수적으로 사용되는 각종 電氣機器의 設計, 開發 및 應用에 基礎가 되는 基本 理論을 습득시키기 위한 科目이다. 특히 이 講座는 電氣機器 1(학수번호 ELA30015)에 연속되는 講座로서 誘導電動機, 直流電動機 및 發電機, 그리고 單相 電動機 및 特殊 電動機에 관한 理論과 特性을 파악하고, 각종 電動機의 制御法에 관한 內容을 주로 다룬다. 또한 電動力 응용의 형태 및 목적에 따른 直流 및 誘導電動機의 선택, 容量 결정, 速度制御 方式 선택 및 制御裝置 設計에 관한 프로젝트를 수행하도록 한다.","M.S.Sarma, M.K.Pathak/Electric Machines, 3rd ed./Cengage Learning",,"C.M.Ong/Dynamic Simulation of Electric Machinery Using Matlab/Simulink/PrenticeHall PTR,C.I.Hubert/Electric MachinesTheory, Operation, Applications, Adjustment, and Control, 2nd/Pearson Education, Inc.,G.R.Slemon/Electric Machines and Drives/AddisonWesley,H.W.Beaty, J.L.Kirtley,Jr./Electric Motor Handbook/McGrawHill, Inc.,S.D.Umans/Fitzgerald & Kingsley's Electric Machinery, 7th ed./McGrawHill, Inc.,S.J.Chapman/Electric Machinery Fundamentals, 5th ed./McGrawHill, Inc.,V.D.Toro/Basic Electric Machines/PrenticeHall, Inc","필수선수과목 : 없음,추천선수과목 : 공학수학, 전자기이론, 회로해석론",True,True
17490,전기기기2,3,2학기,3.0,전공선택,"本 敎科目은 電氣機械에너지의 發生, 變換 및 應用에 필수적으로 사용되는 각종 電氣機器의 設計, 開發 및 應用에 基礎가 되는 基本 理論을 습득시키기 위한 科目이다. 특히 이 講座는 電氣機器 1(학수번호 ELA30015)에 연속되는 講座로서 誘導電動機, 直流電動機 및 發電機, 그리고 單相 電動機 및 特殊 電動機에 관한 理論과 特性을 파악하고, 각종 電動機의 制御法에 관한 內容을 주로 다룬다. 또한 電動力 응용의 형태 및 목적에 따른 直流 및 誘導電動機의 선택, 容量 결정, 速度制御 方式 선택 및 制御裝置 設計에 관한 프로젝트를 수행하도록 한다.","M.S.Sarma, M.K.Pathak/Electric Machines, 3rd ed./Cengage Learning",,"C.M.Ong/Dynamic Simulation of Electric Machinery Using Matlab/Simulink/PrenticeHall PTR,C.I.Hubert/Electric MachinesTheory, Operation, Applications, Adjustment, and Control, 2nd/Pearson Education, Inc.,G.R.Slemon/Electric Machines and Drives/AddisonWesley,H.W.Beaty, J.L.Kirtley,Jr./Electric Motor Handbook/McGrawHill, Inc.,S.D.Umans/Fitzgerald & Kingsley's Electric Machinery, 7th ed./McGrawHill, Inc.,S.J.Chapman/Electric Machinery Fundamentals, 5th ed./McGrawHill, Inc.,V.D.Toro/Basic Electric Machines/PrenticeHall, Inc","필수선수과목 : 없음,추천선수과목 : 공학수학, 전자기이론, 회로해석론",True,True
17491,전기기기2,3,2학기,3.0,전공선택,"本 敎科目은 電氣機械에너지의 發生, 變換 및 應用에 필수적으로 사용되는 각종 電氣機器의 設計, 開發 및 應用에 基礎가 되는 基本 理論을 습득시키기 위한 科目이다. 특히 이 講座는 電氣機器 1(학수번호 ELA30015)에 연속되는 講座로서 誘導電動機, 直流電動機 및 發電機, 그리고 單相 電動機 및 特殊 電動機에 관한 理論과 特性을 파악하고, 각종 電動機의 制御法에 관한 內容을 주로 다룬다. 또한 電動力 응용의 형태 및 목적에 따른 直流 및 誘導電動機의 선택, 容量 결정, 速度制御 方式 선택 및 制御裝置 設計에 관한 프로젝트를 수행하도록 한다.","M.S.Sarma, M.K.Pathak/Electric Machines, 3rd ed./Cengage Learning",,"C.M.Ong/Dynamic Simulation of Electric Machinery Using Matlab/Simulink/PrenticeHall PTR,C.I.Hubert/Electric MachinesTheory, Operation, Applications, Adjustment, and Control, 2nd/Pearson Education, Inc.,G.R.Slemon/Electric Machines and Drives/AddisonWesley,H.W.Beaty, J.L.Kirtley,Jr./Electric Motor Handbook/McGrawHill, Inc.,S.D.Umans/Fitzgerald & Kingsley's Electric Machinery, 7th ed./McGrawHill, Inc.,S.J.Chapman/Electric Machinery Fundamentals, 5th ed./McGrawHill, Inc.,V.D.Toro/Basic Electric Machines/PrenticeHall, Inc","필수선수과목 : 없음,추천선수과목 : 공학수학, 전자기이론, 회로해석론",True,True
17492,전기기기2,3,2학기,3.0,전공선택,"本 敎科目은 電氣機械에너지의 發生, 變換 및 應用에 필수적으로 사용되는 각종 電氣機器의 設計, 開發 및 應用에 基礎가 되는 基本 理論을 습득시키기 위한 科目이다. 특히 이 講座는 電氣機器 1(학수번호 ELA30015)에 연속되는 講座로서 誘導電動機, 直流電動機 및 發電機, 그리고 單相 電動機 및 特殊 電動機에 관한 理論과 特性을 파악하고, 각종 電動機의 制御法에 관한 內容을 주로 다룬다. 또한 電動力 응용의 형태 및 목적에 따른 直流 및 誘導電動機의 선택, 容量 결정, 速度制御 方式 선택 및 制御裝置 設計에 관한 프로젝트를 수행하도록 한다.","M.S.Sarma, M.K.Pathak/Electric Machines, 3rd ed./Cengage Learning",,"C.M.Ong/Dynamic Simulation of Electric Machinery Using Matlab/Simulink/PrenticeHall PTR,C.I.Hubert/Electric MachinesTheory, Operation, Applications, Adjustment, and Control, 2nd/Pearson Education, Inc.,G.R.Slemon/Electric Machines and Drives/AddisonWesley,H.W.Beaty, J.L.Kirtley,Jr./Electric Motor Handbook/McGrawHill, Inc.,S.D.Umans/Fitzgerald & Kingsley's Electric Machinery, 7th ed./McGrawHill, Inc.,S.J.Chapman/Electric Machinery Fundamentals, 5th ed./McGrawHill, Inc.,V.D.Toro/Basic Electric Machines/PrenticeHall, Inc","필수선수과목 : 없음,추천선수과목 : 공학수학, 전자기이론, 회로해석론",True,True
17493,전기기기2,3,2학기,3.0,전공선택,"本 敎科目은 電氣機械에너지의 發生, 變換 및 應用에 필수적으로 사용되는 각종 電氣機器의 設計, 開發 및 應用에 基礎가 되는 基本 理論을 습득시키기 위한 科目이다. 특히 이 講座는 電氣機器 1(학수번호 ELA30015)에 연속되는 講座로서 誘導電動機, 直流電動機 및 發電機, 그리고 單相 電動機 및 特殊 電動機에 관한 理論과 特性을 파악하고, 각종 電動機의 制御法에 관한 內容을 주로 다룬다. 또한 電動力 응용의 형태 및 목적에 따른 直流 및 誘導電動機의 선택, 容量 결정, 速度制御 方式 선택 및 制御裝置 設計에 관한 프로젝트를 수행하도록 한다.","M.S.Sarma, M.K.Pathak/Electric Machines, 3rd ed./Cengage Learning",,"C.M.Ong/Dynamic Simulation of Electric Machinery Using Matlab/Simulink/PrenticeHall PTR,C.I.Hubert/Electric MachinesTheory, Operation, Applications, Adjustment, and Control, 2nd/Pearson Education, Inc.,G.R.Slemon/Electric Machines and Drives/AddisonWesley,H.W.Beaty, J.L.Kirtley,Jr./Electric Motor Handbook/McGrawHill, Inc.,S.D.Umans/Fitzgerald & Kingsley's Electric Machinery, 7th ed./McGrawHill, Inc.,S.J.Chapman/Electric Machinery Fundamentals, 5th ed./McGrawHill, Inc.,V.D.Toro/Basic Electric Machines/PrenticeHall, Inc","필수선수과목 : 없음,추천선수과목 : 공학수학, 전자기이론, 회로해석론",True,True
17494,전기기기2,3,2학기,3.0,전공선택,"本 敎科目은 電氣機械에너지의 發生, 變換 및 應用에 필수적으로 사용되는 각종 電氣機器의 設計, 開發 및 應用에 基礎가 되는 基本 理論을 습득시키기 위한 科目이다. 특히 이 講座는 電氣機器 1(학수번호 ELA30015)에 연속되는 講座로서 誘導電動機, 直流電動機 및 發電機, 그리고 單相 電動機 및 特殊 電動機에 관한 理論과 特性을 파악하고, 각종 電動機의 制御法에 관한 內容을 주로 다룬다. 또한 電動力 응용의 형태 및 목적에 따른 直流 및 誘導電動機의 선택, 容量 결정, 速度制御 方式 선택 및 制御裝置 設計에 관한 프로젝트를 수행하도록 한다.","M.S.Sarma, M.K.Pathak/Electric Machines, 3rd ed./Cengage Learning",,"C.M.Ong/Dynamic Simulation of Electric Machinery Using Matlab/Simulink/PrenticeHall PTR,C.I.Hubert/Electric MachinesTheory, Operation, Applications, Adjustment, and Control, 2nd/Pearson Education, Inc.,G.R.Slemon/Electric Machines and Drives/AddisonWesley,H.W.Beaty, J.L.Kirtley,Jr./Electric Motor Handbook/McGrawHill, Inc.,S.D.Umans/Fitzgerald & Kingsley's Electric Machinery, 7th ed./McGrawHill, Inc.,S.J.Chapman/Electric Machinery Fundamentals, 5th ed./McGrawHill, Inc.,V.D.Toro/Basic Electric Machines/PrenticeHall, Inc","필수선수과목 : 없음,추천선수과목 : 공학수학, 전자기이론, 회로해석론",True,True
17495,전기기기2,3,2학기,3.0,전공선택,"本 敎科目은 電氣機械에너지의 發生, 變換 및 應用에 필수적으로 사용되는 각종 電氣機器의 設計, 開發 및 應用에 基礎가 되는 基本 理論을 습득시키기 위한 科目이다. 특히 이 講座는 電氣機器 1(학수번호 ELA30015)에 연속되는 講座로서 誘導電動機, 直流電動機 및 發電機, 그리고 單相 電動機 및 特殊 電動機에 관한 理論과 特性을 파악하고, 각종 電動機의 制御法에 관한 內容을 주로 다룬다. 또한 電動力 응용의 형태 및 목적에 따른 直流 및 誘導電動機의 선택, 容量 결정, 速度制御 方式 선택 및 制御裝置 設計에 관한 프로젝트를 수행하도록 한다.","M.S.Sarma, M.K.Pathak/Electric Machines, 3rd ed./Cengage Learning",,"C.M.Ong/Dynamic Simulation of Electric Machinery Using Matlab/Simulink/PrenticeHall PTR,C.I.Hubert/Electric MachinesTheory, Operation, Applications, Adjustment, and Control, 2nd/Pearson Education, Inc.,G.R.Slemon/Electric Machines and Drives/AddisonWesley,H.W.Beaty, J.L.Kirtley,Jr./Electric Motor Handbook/McGrawHill, Inc.,S.D.Umans/Fitzgerald & Kingsley's Electric Machinery, 7th ed./McGrawHill, Inc.,S.J.Chapman/Electric Machinery Fundamentals, 5th ed./McGrawHill, Inc.,V.D.Toro/Basic Electric Machines/PrenticeHall, Inc","필수선수과목 : 없음,추천선수과목 : 공학수학, 전자기이론, 회로해석론",True,True
17496,전력시스템공학1,4,1학기,3.0,전공선택,"본 교과목은 전기공학을 전공하는 학생으로 하여금 미리배운 전자기학 및 회로망이론을 바탕으로하여 전력전송계통공학에 대한 구성개념을 파악하고 모델링 능력을 기른 후 계통의 해석능력을 배양시킴으로써 차후 보다 깊은 게통에 대한 연구능력의 토대를 마련함에 목적이 있다. 본 강의에서는 이를 위하여 전력계통의 구성개념을 먼저 파악하고 계통의 기본해석방법을 익힌 후 송전계통에 대한 모델링, 단위법계산, 전압제어장치의 구조 및 원리등을 터득토록한다.",JD Glover &amp; M Sarma/Power System Analysis &amp; Design/Pwr Pub,,,,True,False
17497,전력시스템공학2,4,2학기,3.0,전공선택,,Arthur R. Bergen &amp; Vijay Vittal/Power Systems Anaysis/Prentice Hall,,"G.A. Gross/Power System Anaysis/John Willy &amp; Sons,J.D. Glover &amp; M. Sarma/Power System Anaysis &amp; Design/Pws Pub. Co.,Syed A. Nasar/Electric Energy Conversion and Transmission/Macmillan,송길영/최신 송배전공학/동일출판사","필수선수과목 : 전자기학, 전기회로이론,추천선수과목 : 전력시스템공학I",True,False
17498,전력시스템공학2,4,2학기,3.0,전공선택,,Arthur R. Bergen &amp; Vijay Vittal/Power Systems Anaysis/Prentice Hall,,"G.A. Gross/Power System Anaysis/John Willy &amp; Sons,J.D. Glover &amp; M. Sarma/Power System Anaysis &amp; Design/Pws Pub. Co.,Syed A. Nasar/Electric Energy Conversion and Transmission/Macmillan,송길영/최신 송배전공학/동일출판사","필수선수과목 : 전자기학, 전기회로이론,추천선수과목 : 전력시스템공학I",True,False
17499,전력시스템공학2,4,2학기,3.0,전공선택,,Arthur R. Bergen &amp; Vijay Vittal/Power Systems Anaysis/Prentice Hall,,"G.A. Gross/Power System Anaysis/John Willy &amp; Sons,J.D. Glover &amp; M. Sarma/Power System Anaysis &amp; Design/Pws Pub. Co.,Syed A. Nasar/Electric Energy Conversion and Transmission/Macmillan,송길영/최신 송배전공학/동일출판사","필수선수과목 : 전자기학, 전기회로이론,추천선수과목 : 전력시스템공학I",True,False
17500,전력시스템공학2,4,2학기,3.0,전공선택,,Arthur R. Bergen &amp; Vijay Vittal/Power Systems Anaysis/Prentice Hall,,"G.A. Gross/Power System Anaysis/John Willy &amp; Sons,J.D. Glover &amp; M. Sarma/Power System Anaysis &amp; Design/Pws Pub. Co.,Syed A. Nasar/Electric Energy Conversion and Transmission/Macmillan,송길영/최신 송배전공학/동일출판사","필수선수과목 : 전자기학, 전기회로이론,추천선수과목 : 전력시스템공학I",True,False
17501,전력시스템공학2,4,2학기,3.0,전공선택,,Arthur R. Bergen &amp; Vijay Vittal/Power Systems Anaysis/Prentice Hall,,"G.A. Gross/Power System Anaysis/John Willy &amp; Sons,J.D. Glover &amp; M. Sarma/Power System Anaysis &amp; Design/Pws Pub. Co.,Syed A. Nasar/Electric Energy Conversion and Transmission/Macmillan,송길영/최신 송배전공학/동일출판사","필수선수과목 : 전자기학, 전기회로이론,추천선수과목 : 전력시스템공학I",True,False
17502,전력전자공학,2,1학기,3.0,전공선택,"Nowadays, industrial automations and energy savings are much intensified worldwide. To satisfy these requirements, electric motors and their controls must be absolutely lectured. This course will provide students to understand the fundamentals, operations, and application skills. Furthermore some chances to present their prepared assignments will be given to improve the speaking skills.",Chapman/Electric Machinery Fundamentals 5/E/McGraw Hill,,"안진우 외2인 공저/전기기기 (5판 번역본)/McGraw Hill,정승기/이향범 공저/전기기기(이론, 동작, 응용, 제어)/사이텍미디어,정승기/전기기계/학산미디어","추천선수과목 : circuit analysis, electromagnetic theory, control engineering",True,True
17503,전력전자공학,2,1학기,3.0,전공선택,"Nowadays, industrial automations and energy savings are much intensified worldwide. To satisfy these requirements, electric motors and their controls must be absolutely lectured. This course will provide students to understand the fundamentals, operations, and application skills. Furthermore some chances to present their prepared assignments will be given to improve the speaking skills.",Chapman/Electric Machinery Fundamentals 5/E/McGraw Hill,,"안진우 외2인 공저/전기기기 (5판 번역본)/McGraw Hill,정승기/이향범 공저/전기기기(이론, 동작, 응용, 제어)/사이텍미디어,정승기/전기기계/학산미디어","추천선수과목 : circuit analysis, electromagnetic theory, control engineering",True,True
17504,전력전자공학,2,1학기,3.0,전공선택,"Nowadays, industrial automations and energy savings are much intensified worldwide. To satisfy these requirements, electric motors and their controls must be absolutely lectured. This course will provide students to understand the fundamentals, operations, and application skills. Furthermore some chances to present their prepared assignments will be given to improve the speaking skills.",Chapman/Electric Machinery Fundamentals 5/E/McGraw Hill,,"안진우 외2인 공저/전기기기 (5판 번역본)/McGraw Hill,정승기/이향범 공저/전기기기(이론, 동작, 응용, 제어)/사이텍미디어,정승기/전기기계/학산미디어","추천선수과목 : circuit analysis, electromagnetic theory, control engineering",True,True
17505,전력전자공학,2,1학기,3.0,전공선택,"Nowadays, industrial automations and energy savings are much intensified worldwide. To satisfy these requirements, electric motors and their controls must be absolutely lectured. This course will provide students to understand the fundamentals, operations, and application skills. Furthermore some chances to present their prepared assignments will be given to improve the speaking skills.",Chapman/Electric Machinery Fundamentals 5/E/McGraw Hill,,"안진우 외2인 공저/전기기기 (5판 번역본)/McGraw Hill,정승기/이향범 공저/전기기기(이론, 동작, 응용, 제어)/사이텍미디어,정승기/전기기계/학산미디어","추천선수과목 : circuit analysis, electromagnetic theory, control engineering",True,True
17506,열역학,2,2학기,3.0,전공선택,"상태에 따른 물질의 성질변화를 이해시키고 이로부터 열역학의 기본법칙을 공식화하는 과정을 강의한다. 열역학의 제 1, 2법칙을 기본과정의 해석에 적용하는 연습을 통하여 궁극적으로는 에너지의 발생, 변환, 이용, 전달에 관련되는 실제과정의 해석능력을 배양시키고자 한다.",서정세외 4인 공역/열역학/시그마프레스(2008),,,,True,False
17507,열역학,2,2학기,3.0,전공선택,"상태에 따른 물질의 성질변화를 이해시키고 이로부터 열역학의 기본법칙을 공식화하는 과정을 강의한다. 열역학의 제 1, 2법칙을 기본과정의 해석에 적용하는 연습을 통하여 궁극적으로는 에너지의 발생, 변환, 이용, 전달에 관련되는 실제과정의 해석능력을 배양시키고자 한다.",서정세외 4인 공역/열역학/시그마프레스(2008),,,,True,False
17508,전자기이론,2,1학기,3.0,전공선택,"전기전자공학의 가장 기본이 되는 전자기의 이해는 앞으로 공부하게 될 각 과목의 해결과 활용에 중요한 밑거름이 된다. 본 교과목에서는 전기, 전자에 대한 현상에 대한 현상 및 근본이론에 대한 확립을 목표로 한다.수업은 코로나 사항에 따라 비대면으로 진행하되, 대면이 가능한 경우 대면수업으로 전환함.(시험 포함)",Sadiku/Elements of Electromagnetics/Oxford,,,"필수선수과목 : 수학 1,2",True,True
17509,전자장수치해석,2,2학기,3.0,전공선택,전자기이론 개념 이행전자장 수치해석 개념 이해수치해석 프로그램 사용 능력 배양다양한 해석모델 실습에 따른 응용 능력 배양,"P.P.Silvester,R.L.Ferrari/Finite Elements for Electrical Engineers (3rd edn.)/Cambridge Univ. Press",,"C.W.Steele/Numerical Computation of Electric and Magnetic Fields (2nd edn.)/Chapman & Hall,J.Jin/The Finite Element Method in Electromagnetics/John Wiley & Sons, Inc.",,True,True
17510,전자장수치해석,2,2학기,3.0,전공선택,전자기이론 개념 이행전자장 수치해석 개념 이해수치해석 프로그램 사용 능력 배양다양한 해석모델 실습에 따른 응용 능력 배양,"P.P.Silvester,R.L.Ferrari/Finite Elements for Electrical Engineers (3rd edn.)/Cambridge Univ. Press",,"C.W.Steele/Numerical Computation of Electric and Magnetic Fields (2nd edn.)/Chapman & Hall,J.Jin/The Finite Element Method in Electromagnetics/John Wiley & Sons, Inc.",,True,True
17511,전자장수치해석,2,2학기,3.0,전공선택,전자기이론 개념 이행전자장 수치해석 개념 이해수치해석 프로그램 사용 능력 배양다양한 해석모델 실습에 따른 응용 능력 배양,"P.P.Silvester,R.L.Ferrari/Finite Elements for Electrical Engineers (3rd edn.)/Cambridge Univ. Press",,"C.W.Steele/Numerical Computation of Electric and Magnetic Fields (2nd edn.)/Chapman & Hall,J.Jin/The Finite Element Method in Electromagnetics/John Wiley & Sons, Inc.",,True,True
17512,회로망및제어1,3,1학기,3.0,전공선택,회로의 기본 개념을 익히고 선형 제어시스템의 원리에 대하여 공부한다.,"김용권외 4이/회로이론/퍼스트북,/프린트/",,,,True,True
17513,회로망및제어1,3,1학기,3.0,전공선택,회로의 기본 개념을 익히고 선형 제어시스템의 원리에 대하여 공부한다.,"김용권외 4이/회로이론/퍼스트북,/프린트/",,,,True,True
17514,회로망및제어2,3,2학기,3.0,전공선택,제어시스템에 대하여 학습하고 시뮬레이션을 통하여 이해를 돕는다.,/프린트/,,,,True,True
17515,기계원격제어,3,2학기,3.0,전공선택,"전력기기 원격제어를 위한 프로세서, 센서, 통신방식에 대한 원리를 이해하고 SCADA와 같은 실용 전력IT기기에 대한 학습을 수행한다.",정세교 외/자체 교재/,,,,True,True
17516,메카트로닉스1,4,1학기,3.0,전공선택,메카트로닉스는 기계와 전자가 결합된 최신의 시스템이다. 오늘날 메카트로닉스 시스템의 핵심은 인공지능을 이용하여 센서로 부터 들어온 데이터를 이용하여 지능적인 메카트노닉스 시스템을 설계하고 구현하는 것이 가능해졌다. 본 과목은 바로 이러한 인공지능 관련 기술을 익히고 배운다.,이영호/모두의 인공지능 with 파이썬/길벗,,천인국/두근두근파이썬/생능출판,,True,False
17517,메카트로닉스1,4,1학기,3.0,전공선택,메카트로닉스는 기계와 전자가 결합된 최신의 시스템이다. 오늘날 메카트로닉스 시스템의 핵심은 인공지능을 이용하여 센서로 부터 들어온 데이터를 이용하여 지능적인 메카트노닉스 시스템을 설계하고 구현하는 것이 가능해졌다. 본 과목은 바로 이러한 인공지능 관련 기술을 익히고 배운다.,이영호/모두의 인공지능 with 파이썬/길벗,,천인국/두근두근파이썬/생능출판,,True,False
17518,환경공학,4,1학기,3.0,전공선택,"급속한 과학기술의 발달과 인구 문제 등으로 발생하는 대기오염, 수질오염, 토양오염, 악취와 소음, 진동은 물론 건강과 환경, 실내오염과 직업병 등 복잡 다양하게 얽혀있는 환경문제를  바르고 정확하게 이해시킨다. 또한 환경위기 의식과 더불어 환경문제의 난제들을 해결하기 위한 올바른 가치 판단과 장기적인 안목에서 환경자원을 적극적으로 관리할  수 있는 능력을 기른다.","이광래, 송근호/최신환경공학/동화기술",,정명규 외/환경공학개론/동화기술,,True,False
17519,환경공학,4,1학기,3.0,전공선택,"급속한 과학기술의 발달과 인구 문제 등으로 발생하는 대기오염, 수질오염, 토양오염, 악취와 소음, 진동은 물론 건강과 환경, 실내오염과 직업병 등 복잡 다양하게 얽혀있는 환경문제를  바르고 정확하게 이해시킨다. 또한 환경위기 의식과 더불어 환경문제의 난제들을 해결하기 위한 올바른 가치 판단과 장기적인 안목에서 환경자원을 적극적으로 관리할  수 있는 능력을 기른다.","이광래, 송근호/최신환경공학/동화기술",,정명규 외/환경공학개론/동화기술,,True,False
17520,메카트로닉스2,4,2학기,3.0,전공선택,"메카트로닉스공학은 기계, 전기, 전자, 제어, 계측, 정보통신, 컴퓨터 및 소프트웨어의 요소기술을 창의적으로 통합하여 시스템을 설계, 제작, 제어 및 지능 프로그래밍을 수행할 수 있도록 용합기술을 제공하는 학문분야이다. 따라서 현재 국내외 산업체에서 융복합기반 기술을 확장하고 있으며 이와 같은 분야에서 전공한 엔지니어를 요구하고 있는 추세에 있다.현대사회에서 요구하는 발표능력을 향상시키기 위해 학생중심적인 토론기반 강의로 진행하여 손쉽게 이해할 수 있도록 할 예정이다.메카트로닉스 시스템센서(아날로그>디지털) 사용기법구동시스템제어알고리즘프로그래밍 기법",양경모/메카트로닉스 공학/구민사,,"Bolton (노태정 번역/메카트로닉스 4판/사이텍미디어,장승호/메카트로닉스 시스템/문운당,//",,True,False
17521,메카트로닉스2,4,2학기,3.0,전공선택,"메카트로닉스공학은 기계, 전기, 전자, 제어, 계측, 정보통신, 컴퓨터 및 소프트웨어의 요소기술을 창의적으로 통합하여 시스템을 설계, 제작, 제어 및 지능 프로그래밍을 수행할 수 있도록 용합기술을 제공하는 학문분야이다. 따라서 현재 국내외 산업체에서 융복합기반 기술을 확장하고 있으며 이와 같은 분야에서 전공한 엔지니어를 요구하고 있는 추세에 있다.현대사회에서 요구하는 발표능력을 향상시키기 위해 학생중심적인 토론기반 강의로 진행하여 손쉽게 이해할 수 있도록 할 예정이다.메카트로닉스 시스템센서(아날로그>디지털) 사용기법구동시스템제어알고리즘프로그래밍 기법",양경모/메카트로닉스 공학/구민사,,"Bolton (노태정 번역/메카트로닉스 4판/사이텍미디어,장승호/메카트로닉스 시스템/문운당,//",,True,False
17522,메카트로닉스2,4,2학기,3.0,전공선택,"메카트로닉스공학은 기계, 전기, 전자, 제어, 계측, 정보통신, 컴퓨터 및 소프트웨어의 요소기술을 창의적으로 통합하여 시스템을 설계, 제작, 제어 및 지능 프로그래밍을 수행할 수 있도록 용합기술을 제공하는 학문분야이다. 따라서 현재 국내외 산업체에서 융복합기반 기술을 확장하고 있으며 이와 같은 분야에서 전공한 엔지니어를 요구하고 있는 추세에 있다.현대사회에서 요구하는 발표능력을 향상시키기 위해 학생중심적인 토론기반 강의로 진행하여 손쉽게 이해할 수 있도록 할 예정이다.메카트로닉스 시스템센서(아날로그>디지털) 사용기법구동시스템제어알고리즘프로그래밍 기법",양경모/메카트로닉스 공학/구민사,,"Bolton (노태정 번역/메카트로닉스 4판/사이텍미디어,장승호/메카트로닉스 시스템/문운당,//",,True,False
17523,메카트로닉스2,4,2학기,3.0,전공선택,"메카트로닉스공학은 기계, 전기, 전자, 제어, 계측, 정보통신, 컴퓨터 및 소프트웨어의 요소기술을 창의적으로 통합하여 시스템을 설계, 제작, 제어 및 지능 프로그래밍을 수행할 수 있도록 용합기술을 제공하는 학문분야이다. 따라서 현재 국내외 산업체에서 융복합기반 기술을 확장하고 있으며 이와 같은 분야에서 전공한 엔지니어를 요구하고 있는 추세에 있다.현대사회에서 요구하는 발표능력을 향상시키기 위해 학생중심적인 토론기반 강의로 진행하여 손쉽게 이해할 수 있도록 할 예정이다.메카트로닉스 시스템센서(아날로그>디지털) 사용기법구동시스템제어알고리즘프로그래밍 기법",양경모/메카트로닉스 공학/구민사,,"Bolton (노태정 번역/메카트로닉스 4판/사이텍미디어,장승호/메카트로닉스 시스템/문운당,//",,True,False
17532,회로해석론1,2,1학기,3.0,전공선택,"회로해석론 I은 회로소자의 동작 및 특성에 대한 가장 기초적인 지식을 수업하고 이들 회로소자들의 조합으로 구성 가능한 1, 2차회로, 전력회로 등을 공부한다. 따라서 이러한 회로들의 해석을 위한 회로해석 기법들과 교류전원 및 위상해석법 그리고 정상상태 응답 등 다양한 형태의 회로구성 및 이에 대한 해석 기법들에 대한 소개와 수업이 이루어진다.","D. E. Johnson, J. L. Hilburn, J. R. Johnson, and P. D. Scott/Basic Electric Circuit Analysis, 5th edition/John Wiley & Sons Inc.",,"R. C. Dorf and J. A. Svoboda/Intorduction to Electric Circuits, 6th edition/John Wiley & Sons Inc.,W. H. Hayt and J. E. Kemmerly/Engineering Circuit Analysis, 6th ed/McGrawHill, New York, NY,","추천선수과목 : 대학수학, 공학수학",True,True
17533,회로해석론1,2,1학기,3.0,전공선택,"회로해석론 I은 회로소자의 동작 및 특성에 대한 가장 기초적인 지식을 수업하고 이들 회로소자들의 조합으로 구성 가능한 1, 2차회로, 전력회로 등을 공부한다. 따라서 이러한 회로들의 해석을 위한 회로해석 기법들과 교류전원 및 위상해석법 그리고 정상상태 응답 등 다양한 형태의 회로구성 및 이에 대한 해석 기법들에 대한 소개와 수업이 이루어진다.","D. E. Johnson, J. L. Hilburn, J. R. Johnson, and P. D. Scott/Basic Electric Circuit Analysis, 5th edition/John Wiley & Sons Inc.",,"R. C. Dorf and J. A. Svoboda/Intorduction to Electric Circuits, 6th edition/John Wiley & Sons Inc.,W. H. Hayt and J. E. Kemmerly/Engineering Circuit Analysis, 6th ed/McGrawHill, New York, NY,","추천선수과목 : 대학수학, 공학수학",True,True
17534,회로해석론1,2,1학기,3.0,전공선택,"회로해석론 I은 회로소자의 동작 및 특성에 대한 가장 기초적인 지식을 수업하고 이들 회로소자들의 조합으로 구성 가능한 1, 2차회로, 전력회로 등을 공부한다. 따라서 이러한 회로들의 해석을 위한 회로해석 기법들과 교류전원 및 위상해석법 그리고 정상상태 응답 등 다양한 형태의 회로구성 및 이에 대한 해석 기법들에 대한 소개와 수업이 이루어진다.","D. E. Johnson, J. L. Hilburn, J. R. Johnson, and P. D. Scott/Basic Electric Circuit Analysis, 5th edition/John Wiley & Sons Inc.",,"R. C. Dorf and J. A. Svoboda/Intorduction to Electric Circuits, 6th edition/John Wiley & Sons Inc.,W. H. Hayt and J. E. Kemmerly/Engineering Circuit Analysis, 6th ed/McGrawHill, New York, NY,","추천선수과목 : 대학수학, 공학수학",True,True
17535,회로해석론2,2,2학기,3.0,전공필수,페이저를 이용한 교류 정상상태 해석의 이해라플라스 변환과 이를 이용한 전기회로 해석주파수응답과 푸리에 변환에 대한 이해 및 회로해석에의 활용 능력 제고,"D. E. Johnson 외 3인/Basic Electric Circuit Analysis, 5th ed/John Wiley and Sons",,"R. C. Dorf 외 1인/Introduction to  Electric Circuits, 6th ed./John Wiley and Sons,W. H. Hayt 외 1인/Engineering Circuit Analysis, 6th ed./McGrawHill","필수선수과목 : 회로해석론I,추천선수과목 : 공학수학I",True,True
17536,회로해석론2,2,2학기,3.0,전공필수,페이저를 이용한 교류 정상상태 해석의 이해라플라스 변환과 이를 이용한 전기회로 해석주파수응답과 푸리에 변환에 대한 이해 및 회로해석에의 활용 능력 제고,"D. E. Johnson 외 3인/Basic Electric Circuit Analysis, 5th ed/John Wiley and Sons",,"R. C. Dorf 외 1인/Introduction to  Electric Circuits, 6th ed./John Wiley and Sons,W. H. Hayt 외 1인/Engineering Circuit Analysis, 6th ed./McGrawHill","필수선수과목 : 회로해석론I,추천선수과목 : 공학수학I",True,True
17537,회로해석론2,2,2학기,3.0,전공필수,페이저를 이용한 교류 정상상태 해석의 이해라플라스 변환과 이를 이용한 전기회로 해석주파수응답과 푸리에 변환에 대한 이해 및 회로해석에의 활용 능력 제고,"D. E. Johnson 외 3인/Basic Electric Circuit Analysis, 5th ed/John Wiley and Sons",,"R. C. Dorf 외 1인/Introduction to  Electric Circuits, 6th ed./John Wiley and Sons,W. H. Hayt 외 1인/Engineering Circuit Analysis, 6th ed./McGrawHill","필수선수과목 : 회로해석론I,추천선수과목 : 공학수학I",True,True
17538,전자기이론1,2,1학기,3.0,전공선택,"전기전자공학의 기초 개념을 이해하기에 필요한 지식을 습득하기 위한 강의로 우선 정전계에 대하여 공부한다. 먼저 전자기장의 해석및 기술에 필요한 벡터의 개념, 연산 및 좌표계에 대하여 공부하고 자유공간에서의 전계, 전위에 관한 개념과 기본이론을 습득한다. 이를 기초로 유전체의 전기적 현상, 정전용량, 전계의 해석에 필요한 가우스 법칙, 도체내에서의 전류의 흐름, 두 매질의 경계조건 및 연속 방정식에 대하여 공부한다. 본 강의는 영어로 진행되며 용어와 이해를 돕기위해 한국어를 일부 병행한다.",F. T. Ulaby 외 2인/Fundamentals of Applied Electromagnetics/Pearson,,이문수 외 4인/전자기학/도서출판 Young,필수선수과목 : 기초물리,True,True
17539,전자기이론1,2,1학기,3.0,전공선택,"전기전자공학의 기초 개념을 이해하기에 필요한 지식을 습득하기 위한 강의로 우선 정전계에 대하여 공부한다. 먼저 전자기장의 해석및 기술에 필요한 벡터의 개념, 연산 및 좌표계에 대하여 공부하고 자유공간에서의 전계, 전위에 관한 개념과 기본이론을 습득한다. 이를 기초로 유전체의 전기적 현상, 정전용량, 전계의 해석에 필요한 가우스 법칙, 도체내에서의 전류의 흐름, 두 매질의 경계조건 및 연속 방정식에 대하여 공부한다. 본 강의는 영어로 진행되며 용어와 이해를 돕기위해 한국어를 일부 병행한다.",F. T. Ulaby 외 2인/Fundamentals of Applied Electromagnetics/Pearson,,이문수 외 4인/전자기학/도서출판 Young,필수선수과목 : 기초물리,True,True
17540,전자기이론2,2,2학기,3.0,전공선택,"1. 정자계에 대한 현상을 이해한다.2. 전자기 유도에 대한 Faraday 법칙을 이해하고 발전기와 모터의 동작을 공부한다.3. 시변전자계에 대한 이해를 통하여 전자기파의 파동방정식, 전자기파의 전파를 공부한다.",FAWWAZ T. ULABY/Fundamentals of Applied Electromagnetics(Fifth Edition)/Pearson Prentice Hall,,"W. H. Hayt/Engineering Electromagnetics(6판)/McGrawHill,이문수 외/전자기학/도서출판 YOUNG","필수선수과목 : 전자기이론 I,추천선수과목 : 기초물리, 공학수학",True,True
17541,전자기이론2,2,2학기,3.0,전공선택,"1. 정자계에 대한 현상을 이해한다.2. 전자기 유도에 대한 Faraday 법칙을 이해하고 발전기와 모터의 동작을 공부한다.3. 시변전자계에 대한 이해를 통하여 전자기파의 파동방정식, 전자기파의 전파를 공부한다.",FAWWAZ T. ULABY/Fundamentals of Applied Electromagnetics(Fifth Edition)/Pearson Prentice Hall,,"W. H. Hayt/Engineering Electromagnetics(6판)/McGrawHill,이문수 외/전자기학/도서출판 YOUNG","필수선수과목 : 전자기이론 I,추천선수과목 : 기초물리, 공학수학",True,True
17542,전자기이론2,2,2학기,3.0,전공선택,"1. 정자계에 대한 현상을 이해한다.2. 전자기 유도에 대한 Faraday 법칙을 이해하고 발전기와 모터의 동작을 공부한다.3. 시변전자계에 대한 이해를 통하여 전자기파의 파동방정식, 전자기파의 전파를 공부한다.",FAWWAZ T. ULABY/Fundamentals of Applied Electromagnetics(Fifth Edition)/Pearson Prentice Hall,,"W. H. Hayt/Engineering Electromagnetics(6판)/McGrawHill,이문수 외/전자기학/도서출판 YOUNG","필수선수과목 : 전자기이론 I,추천선수과목 : 기초물리, 공학수학",True,True
17545,반도체공학개론,1,2학기,2.0,전공선택,,정학기/쉽게배우는 반도체/21세기사,,,,True,True
17547,차세대디스플레이챌린지PBL,4,1학기,3.0,전공선택,"PBL이란 Project Based Learning (또는 Problem Based Learning) 으로, 어떠한 문제를 해결하기 위해서 학생들 스스로 학습을 하며 진행하는 수업이다본 수업은, PBL수업을 기반으로, 교수는 문제를 제시하고, 학생을 문제를 해결하기 위한 프로젝트를 수행하며 스스로 학습하고 발표하는 방식으로 운영을 한다.문제 또는 프로젝트의 주제는 차세대 디스플레이 관련된 것으로 한다",,,"이준신, 김도영/디스플레이공학개론/홍릉과학출판사",필수선수과목 : 디스플레이공학1,True,False
17548,PBL창의융합설계,4,2학기,3.0,전공선택,창의융합에 대한 정의와 창의융합적 사고에 대한 이해창의융합적 사고에 기반한 시스템 설계 능력 배양,"B.A.Forouzan/ataCommunicationsandNetworking,3rded./McGrawHill,NewYork,NY",,"구자광외2인/정보통신개론/내하출판사,김응석/비주얼베이직6/대림출판사,정경환/비주얼베이직사용자를위한클라이언트/서버프로그래밍/정익사",추천선수과목 : 통신공학,True,False
17549,PBL창의융합설계,4,2학기,3.0,전공선택,창의융합에 대한 정의와 창의융합적 사고에 대한 이해창의융합적 사고에 기반한 시스템 설계 능력 배양,"B.A.Forouzan/ataCommunicationsandNetworking,3rded./McGrawHill,NewYork,NY",,"구자광외2인/정보통신개론/내하출판사,김응석/비주얼베이직6/대림출판사,정경환/비주얼베이직사용자를위한클라이언트/서버프로그래밍/정익사",추천선수과목 : 통신공학,True,False
17550,PBL창의융합설계,4,2학기,3.0,전공선택,창의융합에 대한 정의와 창의융합적 사고에 대한 이해창의융합적 사고에 기반한 시스템 설계 능력 배양,"B.A.Forouzan/ataCommunicationsandNetworking,3rded./McGrawHill,NewYork,NY",,"구자광외2인/정보통신개론/내하출판사,김응석/비주얼베이직6/대림출판사,정경환/비주얼베이직사용자를위한클라이언트/서버프로그래밍/정익사",추천선수과목 : 통신공학,True,False
17551,PBL창의융합설계,4,2학기,3.0,전공선택,창의융합에 대한 정의와 창의융합적 사고에 대한 이해창의융합적 사고에 기반한 시스템 설계 능력 배양,"B.A.Forouzan/ataCommunicationsandNetworking,3rded./McGrawHill,NewYork,NY",,"구자광외2인/정보통신개론/내하출판사,김응석/비주얼베이직6/대림출판사,정경환/비주얼베이직사용자를위한클라이언트/서버프로그래밍/정익사",추천선수과목 : 통신공학,True,False
17552,PBL공학입문,2,2학기,3.0,전공선택,,양영일/PBL 기반 창의적 공학 입문/,,,,True,False
17553,반도체소자,3,1학기,3.0,전공필수,"반도체소자를 이해하기위하여  반도체재료의 기본물성과 반도체소자의 기본인 PN접합과 다이오드의 동작과 기본특성을 다시 복습한다.  그리고 다이오드를 만들어가는 과정을 통해 반도체의 기본제조공정도 배운다. 이를 바탕으로 JFET,(junction field effect transistor), BJT(bipolar junction transistor) 의 동작특성 그리고 MOS(Metal Oxide Semiconductor) 커패시터의 동작특성과  MOSFET(MOS Field Effect Transistor)의 동작특성에 대하여 배우고 IC소자로서의 MOSFET를 공부한다.","Chenming Hu/현대반도체소자공학 2판/Pearson(한빛출판사),박기철/강의자료/자체유인물",,Streetman/고체전자공학/Pearson(도서출판영),"필수선수과목 : 물리전자 2,추천선수과목 : 물리전자 1",True,True
17554,반도체소자,3,1학기,3.0,전공필수,"반도체소자를 이해하기위하여  반도체재료의 기본물성과 반도체소자의 기본인 PN접합과 다이오드의 동작과 기본특성을 다시 복습한다.  그리고 다이오드를 만들어가는 과정을 통해 반도체의 기본제조공정도 배운다. 이를 바탕으로 JFET,(junction field effect transistor), BJT(bipolar junction transistor) 의 동작특성 그리고 MOS(Metal Oxide Semiconductor) 커패시터의 동작특성과  MOSFET(MOS Field Effect Transistor)의 동작특성에 대하여 배우고 IC소자로서의 MOSFET를 공부한다.","Chenming Hu/현대반도체소자공학 2판/Pearson(한빛출판사),박기철/강의자료/자체유인물",,Streetman/고체전자공학/Pearson(도서출판영),"필수선수과목 : 물리전자 2,추천선수과목 : 물리전자 1",True,True
17555,반도체소자,3,1학기,3.0,전공필수,"반도체소자를 이해하기위하여  반도체재료의 기본물성과 반도체소자의 기본인 PN접합과 다이오드의 동작과 기본특성을 다시 복습한다.  그리고 다이오드를 만들어가는 과정을 통해 반도체의 기본제조공정도 배운다. 이를 바탕으로 JFET,(junction field effect transistor), BJT(bipolar junction transistor) 의 동작특성 그리고 MOS(Metal Oxide Semiconductor) 커패시터의 동작특성과  MOSFET(MOS Field Effect Transistor)의 동작특성에 대하여 배우고 IC소자로서의 MOSFET를 공부한다.","Chenming Hu/현대반도체소자공학 2판/Pearson(한빛출판사),박기철/강의자료/자체유인물",,Streetman/고체전자공학/Pearson(도서출판영),"필수선수과목 : 물리전자 2,추천선수과목 : 물리전자 1",True,True
17556,물리전자1,2,1학기,3.0,전공필수,"다이오드, 트랜지스터 및 집적회로와 같은 반도체소자들의 동작원리와 특성을 이해하는 데 필요한 기본지식을 갖추도록 한다. 이를 위해 기초양자역학과  반도체 재료의 결정구조와 함께 기초적인 물리적인 특성을 공부한다.  반도체내 도핑과 에너지밴드 이론 그리고 전하캐리어의 물리적 특성을 공부하며 반도체내 전류에 대하여 배운다. 이를 기초로   반도체 PN접합에서의 물리적 특성에 대하여 공부하고 PN접합다이오드의 기초적인 동작과 특성도 배운다.","Streetman 외/고체전자공학 6판/Prentice Hall(도서출판영),박기철/물리전자 1(자체유인물)/자체유인물",,Pirret/반도체소자공학/Pearson(퍼스트북),"필수선수과목 : 반도체공학개론,추천선수과목 : 물리I,물리II",True,True
17557,물리전자1,2,1학기,3.0,전공필수,"다이오드, 트랜지스터 및 집적회로와 같은 반도체소자들의 동작원리와 특성을 이해하는 데 필요한 기본지식을 갖추도록 한다. 이를 위해 기초양자역학과  반도체 재료의 결정구조와 함께 기초적인 물리적인 특성을 공부한다.  반도체내 도핑과 에너지밴드 이론 그리고 전하캐리어의 물리적 특성을 공부하며 반도체내 전류에 대하여 배운다. 이를 기초로   반도체 PN접합에서의 물리적 특성에 대하여 공부하고 PN접합다이오드의 기초적인 동작과 특성도 배운다.","Streetman 외/고체전자공학 6판/Prentice Hall(도서출판영),박기철/물리전자 1(자체유인물)/자체유인물",,Pirret/반도체소자공학/Pearson(퍼스트북),"필수선수과목 : 반도체공학개론,추천선수과목 : 물리I,물리II",True,True
17558,물리전자1,2,1학기,3.0,전공필수,"다이오드, 트랜지스터 및 집적회로와 같은 반도체소자들의 동작원리와 특성을 이해하는 데 필요한 기본지식을 갖추도록 한다. 이를 위해 기초양자역학과  반도체 재료의 결정구조와 함께 기초적인 물리적인 특성을 공부한다.  반도체내 도핑과 에너지밴드 이론 그리고 전하캐리어의 물리적 특성을 공부하며 반도체내 전류에 대하여 배운다. 이를 기초로   반도체 PN접합에서의 물리적 특성에 대하여 공부하고 PN접합다이오드의 기초적인 동작과 특성도 배운다.","Streetman 외/고체전자공학 6판/Prentice Hall(도서출판영),박기철/물리전자 1(자체유인물)/자체유인물",,Pirret/반도체소자공학/Pearson(퍼스트북),"필수선수과목 : 반도체공학개론,추천선수과목 : 물리I,물리II",True,True
17559,물리전자2,2,2학기,3.0,전공필수,반도체의 물성에 기초를 둔 반도체소자의 동작원리와 동작특성을 이해한다.,Neamen/반도체물성과 소자/McGrawHill,,"Pirret/반도체소자공학/피어슨에듀케이션,Streetman/고체전자공학 6판/피어슨에듀케이션","필수선수과목 : 물리전자1,추천선수과목 : 공학수학, 전자기학",True,True
17560,물리전자2,2,2학기,3.0,전공필수,반도체의 물성에 기초를 둔 반도체소자의 동작원리와 동작특성을 이해한다.,Neamen/반도체물성과 소자/McGrawHill,,"Pirret/반도체소자공학/피어슨에듀케이션,Streetman/고체전자공학 6판/피어슨에듀케이션","필수선수과목 : 물리전자1,추천선수과목 : 공학수학, 전자기학",True,True
17561,물리전자2,2,2학기,3.0,전공필수,반도체의 물성에 기초를 둔 반도체소자의 동작원리와 동작특성을 이해한다.,Neamen/반도체물성과 소자/McGrawHill,,"Pirret/반도체소자공학/피어슨에듀케이션,Streetman/고체전자공학 6판/피어슨에듀케이션","필수선수과목 : 물리전자1,추천선수과목 : 공학수학, 전자기학",True,True
17562,디지털논리회로,3,1학기,3.0,전공선택,"디지털 개념 및 수의 체계, 연산 및 코드에 대해서 학습한다. 디지털 코드에서 시작해 논리게이트, 부울대수와 논리 간략화에 방법에 대해서 학습한다.","임석구, 홍경호/디지털 논리회로/한빛아카데미",,,,True,True
17563,전자회로1,3,1학기,3.0,전공선택,"전자회로의 이해와 설계를 위하여 다이오드, 트랜지스터및 수동 소자의 동작을 공부한다.다이오드를 이용한 정류회로, 파형변환회로, 증배기 등에 대하여 공부하고 트랜지스터를 이용하여 여러 회로 구성에 대한 스위칭 특성, 가청신호 증폭기, 증폭기의 주파수 특성에 대하여 공부한다.",정규범/알기쉽게 풀어쓴 전자회로/문운당,,Malvino/일렉트로닉스/보성문화사,"필수선수과목 : 회로이론, 물리전자",True,True
17564,전자회로1,3,1학기,3.0,전공선택,"전자회로의 이해와 설계를 위하여 다이오드, 트랜지스터및 수동 소자의 동작을 공부한다.다이오드를 이용한 정류회로, 파형변환회로, 증배기 등에 대하여 공부하고 트랜지스터를 이용하여 여러 회로 구성에 대한 스위칭 특성, 가청신호 증폭기, 증폭기의 주파수 특성에 대하여 공부한다.",정규범/알기쉽게 풀어쓴 전자회로/문운당,,Malvino/일렉트로닉스/보성문화사,"필수선수과목 : 회로이론, 물리전자",True,True
17565,전자회로2,3,2학기,3.0,전공필수,"1. 바이폴라, MOS 트랜지스터 다단증폭기의 동작을 이해하고 증폭도가 큰 증폭기를 공부한다.2. 증폭기회로의 성는을 개선하기 위한 정전류원회로를 공부한다.3. 연산증폭기를 이용한 여파기, 미분기, 적분기를 공부한다.4. 연산증폭기를 이용한 발진회로를 공부한다.",정규범/알기쉽게 풀어쓴 전자회로/문운당,,Malvino/일렉트로닉스/보성문화사,필수선수과목 : 전자회로 1,True,True
17566,전자회로2,3,2학기,3.0,전공필수,"1. 바이폴라, MOS 트랜지스터 다단증폭기의 동작을 이해하고 증폭도가 큰 증폭기를 공부한다.2. 증폭기회로의 성는을 개선하기 위한 정전류원회로를 공부한다.3. 연산증폭기를 이용한 여파기, 미분기, 적분기를 공부한다.4. 연산증폭기를 이용한 발진회로를 공부한다.",정규범/알기쉽게 풀어쓴 전자회로/문운당,,Malvino/일렉트로닉스/보성문화사,필수선수과목 : 전자회로 1,True,True
17567,반도체소자설계,3,2학기,3.0,전공필수,"반도체 소자(PN diode, MOSFET 등)의 공정 변수에 따른 소자의 동작 특성과의 상관관계를 이해하여 전기적 특성을 예측할 수 있는 능력을 기른다.","D. A. Neamen/반도체 물성과 소자/Mc Graw Hill,김동명/반도체공학/한빛아카데미",,,"필수선수과목 : 반도체소자,추천선수과목 : 물리전자, 전자기이론",True,True
17568,반도체소자설계,3,2학기,3.0,전공필수,"반도체 소자(PN diode, MOSFET 등)의 공정 변수에 따른 소자의 동작 특성과의 상관관계를 이해하여 전기적 특성을 예측할 수 있는 능력을 기른다.","D. A. Neamen/반도체 물성과 소자/Mc Graw Hill,김동명/반도체공학/한빛아카데미",,,"필수선수과목 : 반도체소자,추천선수과목 : 물리전자, 전자기이론",True,True
17569,통신공학,3,1학기,3.0,전공선택,"본 교과목에서는 아날로그 통신시스템의 동작과 특성에 대한 이해를 목표로 한다. 이를 위하여 우선 신호의 종류와 특성을 분석한다. 그리고 이러한 신호들의 주파수영역 해석을 위하여 푸리에 급수전개와 푸리에 변환을 공부한다. 더불어 신호의 효과적인 전달을 위한 변조방식들에 대하여 살펴보고 이들의 특성과 동작원리, 장단점 등을 구체적으로 학습한다.코로나19 확산으로 인하여 2021년도 1학기에는 비대면 동영상 강의로 진행한다.",강석근/통신공학I/네오디자인,,"R. E. Ziemer and W. H. Tranter/Principles of Communications, 5th ed/Wiley, Hoboken, NJ,,S. Haykin/Communication Systems, 4th ed/Wiley, New York, NY",추천선수과목 : 공학수학2,True,True
17570,통신공학,3,1학기,3.0,전공선택,"본 교과목에서는 아날로그 통신시스템의 동작과 특성에 대한 이해를 목표로 한다. 이를 위하여 우선 신호의 종류와 특성을 분석한다. 그리고 이러한 신호들의 주파수영역 해석을 위하여 푸리에 급수전개와 푸리에 변환을 공부한다. 더불어 신호의 효과적인 전달을 위한 변조방식들에 대하여 살펴보고 이들의 특성과 동작원리, 장단점 등을 구체적으로 학습한다.코로나19 확산으로 인하여 2021년도 1학기에는 비대면 동영상 강의로 진행한다.",강석근/통신공학I/네오디자인,,"R. E. Ziemer and W. H. Tranter/Principles of Communications, 5th ed/Wiley, Hoboken, NJ,,S. Haykin/Communication Systems, 4th ed/Wiley, New York, NY",추천선수과목 : 공학수학2,True,True
17571,통신공학,3,1학기,3.0,전공선택,"본 교과목에서는 아날로그 통신시스템의 동작과 특성에 대한 이해를 목표로 한다. 이를 위하여 우선 신호의 종류와 특성을 분석한다. 그리고 이러한 신호들의 주파수영역 해석을 위하여 푸리에 급수전개와 푸리에 변환을 공부한다. 더불어 신호의 효과적인 전달을 위한 변조방식들에 대하여 살펴보고 이들의 특성과 동작원리, 장단점 등을 구체적으로 학습한다.코로나19 확산으로 인하여 2021년도 1학기에는 비대면 동영상 강의로 진행한다.",강석근/통신공학I/네오디자인,,"R. E. Ziemer and W. H. Tranter/Principles of Communications, 5th ed/Wiley, Hoboken, NJ,,S. Haykin/Communication Systems, 4th ed/Wiley, New York, NY",추천선수과목 : 공학수학2,True,True
17572,집적회로설계,4,1학기,3.0,전공필수,"“회로이론, 논리회로, 반도체소자, 메모리”에서 회로설계에 필요한 핵심 이론들을 학습한다.",신경욱/CMOS디지털집적회로설계/한빛아카데미,,,"필수선수과목 : 회로이론, 디지털논리회로, 반도체소자, 전자회로",True,True
17573,디스플레이공학,3,2학기,3.0,전공선택,"디스플레이의 기본개념과 용어에 대해서 학습한다. 그리고 현재 디스플레이의 많은 부분을 차지하는 LCD, OLED에 대해서 자세히 배우며, 현재 디스플레이 흐름에 대응하기 위해서 중요한 기사를 리뷰하며 학습한다.",,,이준신/디스플레이공학개론/홍릉과학출판사,,True,False
17574,공학수학1,2,1학기,3.0,전공선택,공학의 다방면에 활용할 수 있는 수학을 교수,조재경/공학수학이라면 만화로 공부하세요/,,/Erwin Kreyzig 9판/(범한서적),"추천선수과목 : 수학1,2",True,False
17575,공학수학1,2,1학기,3.0,전공선택,공학의 다방면에 활용할 수 있는 수학을 교수,조재경/공학수학이라면 만화로 공부하세요/,,/Erwin Kreyzig 9판/(범한서적),"추천선수과목 : 수학1,2",True,False
17576,공학수학2,2,2학기,3.0,전공선택,라플라스변환의 이해 및 응용 능력 제고푸리에 변환의 이해 및 응용 능력 제고라플라스 변환과 푸리에 변환을 이용한 미분방정식 풀이 능력 제고,조재경/공업수학이라면 이제 만화로 공부하세요/교우사,,,추천선수과목 : 공학수학1,True,False
17577,국외현장실습3,4,2학기,15.0,전공선택,"학사과정에서 배운 전공 내용을 산업현자에서 직접 체험 및 적용함으로써 현장실무능력을 배양할 수 있는 기회를 제공함과 동시에 취업시 별도의 교육없이 곧바로 실무를 수행할 수 있는 능력을 기른다. 지도교수와의 사전 협의를 통해 졸업 후의 진로에 따라서 취업하고자 하는 정보과학분야의 업체를 선택하고, 선택한 업체에서는 이전 수업과정에서 취득한 수강생의 능력을 확인하는 절차를 갖게 된다. 현장실습업체에서는 현장실습담당 직원이 현장 협력교수로서 수강생의 지도를 담당하며 15주동안 4회의 현장 점검을 수행하여 이 결과를 토대로 학생의 진로 탐색에 도움이 되도록 한다.",/산업체 현장실습 교재 및 관련 자료/,,,,True,False
17581,자율형현장실습3,4,2학기,15.0,전공선택,"학사과정에서 배운 전공 내용을 산업현자에서 직접 체험 및 적용함으로써 현장실무능력을 배양할 수 있는 기회를 제공함과 동시에 취업시 별도의 교육없이 곧바로 실무를 수행할 수 있는 능력을 기른다. 지도교수와의 사전 협의를 통해 졸업 후의 진로에 따라서 취업하고자 하는 정보과학분야의 업체를 선택하고, 선택한 업체에서는 이전 수업과정에서 취득한 수강생의 능력을 확인하는 절차를 갖게 된다. 현장실습업체에서는 현장실습담당 직원이 현장 협력교수로서 수강생의 지도를 담당하며 15주동안 4회의 현장 점검을 수행하여 이 결과를 토대로 학생의 진로 탐색에 도움이 되도록 한다.",/산업체 현장실습 교재 및 관련 자료/,,,,True,False
17582,자율형국외현장실습3,4,2학기,15.0,전공선택,"학사과정에서 배운 전공 내용을 산업현자에서 직접 체험 및 적용함으로써 현장실무능력을 배양할 수 있는 기회를 제공함과 동시에 취업시 별도의 교육없이 곧바로 실무를 수행할 수 있는 능력을 기른다. 지도교수와의 사전 협의를 통해 졸업 후의 진로에 따라서 취업하고자 하는 정보과학분야의 업체를 선택하고, 선택한 업체에서는 이전 수업과정에서 취득한 수강생의 능력을 확인하는 절차를 갖게 된다. 현장실습업체에서는 현장실습담당 직원이 현장 협력교수로서 수강생의 지도를 담당하며 15주동안 4회의 현장 점검을 수행하여 이 결과를 토대로 학생의 진로 탐색에 도움이 되도록 한다.",/산업체 현장실습 교재 및 관련 자료/,,,,True,False
17583,표준형현장실습3,4,2학기,15.0,전공필수,"학사과정에서 배운 전공 내용을 산업현자에서 직접 체험 및 적용함으로써 현장실무능력을 배양할 수 있는 기회를 제공함과 동시에 취업시 별도의 교육없이 곧바로 실무를 수행할 수 있는 능력을 기른다. 지도교수와의 사전 협의를 통해 졸업 후의 진로에 따라서 취업하고자 하는 정보과학분야의 업체를 선택하고, 선택한 업체에서는 이전 수업과정에서 취득한 수강생의 능력을 확인하는 절차를 갖게 된다. 현장실습업체에서는 현장실습담당 직원이 현장 협력교수로서 수강생의 지도를 담당하며 15주동안 4회의 현장 점검을 수행하여 이 결과를 토대로 학생의 진로 탐색에 도움이 되도록 한다.",/산업체 현장실습 교재 및 관련 자료/,,,,True,False
17584,표준형국외현장실습3,4,2학기,15.0,전공선택,"학사과정에서 배운 전공 내용을 산업현자에서 직접 체험 및 적용함으로써 현장실무능력을 배양할 수 있는 기회를 제공함과 동시에 취업시 별도의 교육없이 곧바로 실무를 수행할 수 있는 능력을 기른다. 지도교수와의 사전 협의를 통해 졸업 후의 진로에 따라서 취업하고자 하는 정보과학분야의 업체를 선택하고, 선택한 업체에서는 이전 수업과정에서 취득한 수강생의 능력을 확인하는 절차를 갖게 된다. 현장실습업체에서는 현장실습담당 직원이 현장 협력교수로서 수강생의 지도를 담당하며 15주동안 4회의 현장 점검을 수행하여 이 결과를 토대로 학생의 진로 탐색에 도움이 되도록 한다.",/산업체 현장실습 교재 및 관련 자료/,,,,True,False
17585,기초회로실험1,2,1학기,2.0,전공필수,"기초회로이론의 기초가 되는 저항성회로의 설계와 동작원리를 통하여 실험을 통하여 이해하기위하여 기본적인 계측장비의 사용법을 익히고 저항성 회로의 구성방법을 배운다. 그리고 PSpice를 배워  설계후 회로를 시뮬레이션하며, 구성된 저항회로의 전류전압특성을 실험을 통하여 측정하여 회로해석론에서 배운 이론적인 내용과 비교 분석하는 능력을 기른다.  이를 토대로 주어진 조건에 적합한 회로설계 기법과 능력을 배양한다.코로나19 확산으로 인하여 2021년도 1학기에는 비대면 동영상 강의로 진행한다.",P. B. Zbar/Basic Electricity/McGrawHill,,D.E. Jhonson/Basice Electric Circuit Analysis/Wiley,추천선수과목 : 물리학 II,True,True
17586,기초회로실험1,2,1학기,2.0,전공필수,기초회로이론의 기초가 되는 저항회로의 설계와 동작원리를  실험을 통하여 이해한다. 이를 위해 기본적인 계측장비의 사용법을 익히고 저항회로의 구성방법을 배운다. 그리고 저항회로를 응용한 회로를 설계하고 시뮬레이션하는 방법을 배우고 이를 통하여 공학설계능력을 기른다.  이를 토대로 저항회로를 분석하고 설계하는 기법과 능력을  배양한다.,P. B. Zbar/Basic Electricity/McGrawHill,,D.E. Jhonson/Basice Electric Circuit Analysis/Wiley,추천선수과목 : 물리학 II,True,True
17587,기초회로실험1,2,1학기,2.0,전공필수,기초회로이론의 기초가 되는 저항회로의 설계와 동작원리를  실험을 통하여 이해한다. 이를 위해 기본적인 계측장비의 사용법을 익히고 저항회로의 구성방법을 배운다. 그리고 저항회로를 응용한 회로를 설계하고 시뮬레이션하는 방법을 배우고 이를 통하여 공학설계능력을 기른다.  이를 토대로 저항회로를 분석하고 설계하는 기법과 능력을  배양한다.,P. B. Zbar/Basic Electricity/McGrawHill,,D.E. Jhonson/Basice Electric Circuit Analysis/Wiley,추천선수과목 : 물리학 II,True,True
17588,기초회로실험1,2,1학기,2.0,전공필수,"기초회로이론의 기초가 되는 저항성회로의 설계와 동작원리를 통하여 실험을 통하여 이해하기위하여 기본적인 계측장비의 사용법을 익히고 저항성 회로의 구성방법을 배운다. 그리고 PSpice를 배워  설계후 회로를 시뮬레이션하며, 구성된 저항회로의 전류전압특성을 실험을 통하여 측정하여 회로해석론에서 배운 이론적인 내용과 비교 분석하는 능력을 기른다.  이를 토대로 주어진 조건에 적합한 회로설계 기법과 능력을 배양한다.코로나19 확산으로 인하여 2021년도 1학기에는 비대면 동영상 강의로 진행한다.",P. B. Zbar/Basic Electricity/McGrawHill,,D.E. Jhonson/Basice Electric Circuit Analysis/Wiley,추천선수과목 : 물리학 II,True,True
17589,기초회로실험2,2,2학기,2.0,전공필수,전기회로의 구성과 해석방법에 대한 이해RLC 소자의 특성 이해RLC 소자를 이용한 필터회로 설계 능력 배양,"Zbar 외 2인/Basic Electricity: A TextLab Manual, 7th ed./McGrawHill",,"D.E. Jhonson 외 3인/Basic Electric Circuit Analysis, 5th ed./Wiley,R.C. Dorf 외 1인/Introduction to Electric Circuits, 6th ed./Wiley,/그 외 각종 전기회로 및 전기회로실험 관련 서적/",,True,True
17590,기초회로실험2,2,2학기,2.0,전공필수,전기회로의 구성과 해석방법에 대한 이해RLC 소자의 특성 이해RLC 소자를 이용한 필터회로 설계 능력 배양,"Zbar 외 2인/Basic Electricity: A TextLab Manual, 7th ed./McGrawHill",,"D.E. Jhonson 외 3인/Basic Electric Circuit Analysis, 5th ed./Wiley,R.C. Dorf 외 1인/Introduction to Electric Circuits, 6th ed./Wiley,/그 외 각종 전기회로 및 전기회로실험 관련 서적/",,True,True
17591,기초회로실험2,2,2학기,2.0,전공필수,수동소자 회로의 교류 동작 특성을 이해하고 실습을 통해 회로를 설계하고 동작 특성을 측정 및 분석하는 방법을 체득한다.,"Zbar 외 2인/Basic Electricity: A TextLab Manual, 7th ed./McGrawHill",,"D.E. Jhonson 외 3인/Basic Electric Circuit Analysis, 5th ed./Wiley,R.C. Dorf 외 1인/Introduction to Electric Circuits, 6th ed./Wiley,/그 외 각종 전기회로 및 전기회로실험 관련 서적/",,True,True
17592,기초회로실험2,2,2학기,2.0,전공필수,수동소자 회로의 교류 동작 특성을 이해하고 실습을 통해 회로를 설계하고 동작 특성을 측정 및 분석하는 방법을 체득한다.,"Zbar 외 2인/Basic Electricity: A TextLab Manual, 7th ed./McGrawHill",,"D.E. Jhonson 외 3인/Basic Electric Circuit Analysis, 5th ed./Wiley,R.C. Dorf 외 1인/Introduction to Electric Circuits, 6th ed./Wiley,/그 외 각종 전기회로 및 전기회로실험 관련 서적/",,True,True
17593,기초회로실험2,2,2학기,2.0,전공필수,전기회로의 구성과 해석방법에 대한 이해RLC 소자의 특성 이해RLC 소자를 이용한 필터회로 설계 능력 배양,"Zbar 외 2인/Basic Electricity: A TextLab Manual, 7th ed./McGrawHill",,"D.E. Jhonson 외 3인/Basic Electric Circuit Analysis, 5th ed./Wiley,R.C. Dorf 외 1인/Introduction to Electric Circuits, 6th ed./Wiley,/그 외 각종 전기회로 및 전기회로실험 관련 서적/",,True,True
17594,기초회로실험2,2,2학기,2.0,전공필수,전기회로의 구성과 해석방법에 대한 이해RLC 소자의 특성 이해RLC 소자를 이용한 필터회로 설계 능력 배양,"Zbar 외 2인/Basic Electricity: A TextLab Manual, 7th ed./McGrawHill",,"D.E. Jhonson 외 3인/Basic Electric Circuit Analysis, 5th ed./Wiley,R.C. Dorf 외 1인/Introduction to Electric Circuits, 6th ed./Wiley,/그 외 각종 전기회로 및 전기회로실험 관련 서적/",,True,True
17595,기초회로실험2,2,2학기,2.0,전공필수,수동소자 회로의 교류 동작 특성을 이해하고 실습을 통해 회로를 설계하고 동작 특성을 측정 및 분석하는 방법을 체득한다.,"Zbar 외 2인/Basic Electricity: A TextLab Manual, 7th ed./McGrawHill",,"D.E. Jhonson 외 3인/Basic Electric Circuit Analysis, 5th ed./Wiley,R.C. Dorf 외 1인/Introduction to Electric Circuits, 6th ed./Wiley,/그 외 각종 전기회로 및 전기회로실험 관련 서적/",,True,True
17596,기초회로실험2,2,2학기,2.0,전공필수,수동소자 회로의 교류 동작 특성을 이해하고 실습을 통해 회로를 설계하고 동작 특성을 측정 및 분석하는 방법을 체득한다.,"Zbar 외 2인/Basic Electricity: A TextLab Manual, 7th ed./McGrawHill",,"D.E. Jhonson 외 3인/Basic Electric Circuit Analysis, 5th ed./Wiley,R.C. Dorf 외 1인/Introduction to Electric Circuits, 6th ed./Wiley,/그 외 각종 전기회로 및 전기회로실험 관련 서적/",,True,True
17597,전자회로실험1,3,1학기,2.0,전공필수,접합 다이오드의 특성을 이해하고 다이오드의 기본회로를 익히며 바이폴라 트랜지스터와 FET의 특성을 실험을 통하여 배운다. 증폭기의 원리와 특성 및 주파수 응답에 대해 공부한다.,"김정규, 박기철/반도체 공학도를 위한 전자회로/문운당",,Zbar 외/Basic Electronics/McGrawHill,"필수선수과목 : 회로이론,추천선수과목 : 전자회로, 물리전자",True,True
17598,전자회로실험1,3,1학기,2.0,전공필수,접합 다이오드의 특성을 이해하고 다이오드의 기본회로를 익히며 바이폴라 트랜지스터와 FET의 특성을 실험을 통하여 배운다. 증폭기의 원리와 특성 및 주파수 응답에 대해 공부한다.,"김정규, 박기철/반도체 공학도를 위한 전자회로/문운당",,Zbar 외/Basic Electronics/McGrawHill,"필수선수과목 : 회로이론,추천선수과목 : 전자회로, 물리전자",True,True
17599,전자회로실험1,3,1학기,2.0,전공필수,접합 다이오드의 특성을 이해하고 다이오드의 기본회로를 익히며 바이폴라 트랜지스터와 FET의 특성을 실험을 통하여 배운다. 증폭기의 원리와 특성 및 주파수 응답에 대해 공부한다.,"김정규, 박기철/반도체 공학도를 위한 전자회로/문운당",,Zbar 외/Basic Electronics/McGrawHill,"필수선수과목 : 회로이론,추천선수과목 : 전자회로, 물리전자",True,True
17600,전자회로실험1,3,1학기,2.0,전공필수,접합 다이오드의 특성을 이해하고 다이오드의 기본회로를 익히며 바이폴라 트랜지스터와 FET의 특성을 실험을 통하여 배운다. 증폭기의 원리와 특성 및 주파수 응답에 대해 공부한다.,"김정규, 박기철/반도체 공학도를 위한 전자회로/문운당",,Zbar 외/Basic Electronics/McGrawHill,"필수선수과목 : 회로이론,추천선수과목 : 전자회로, 물리전자",True,True
17601,전자회로실험2,3,2학기,2.0,전공필수,"1. 전자회로에서 배운 회로들의 동작을 파형의 관찰을 통해 검증한다.2. 함수발생기, 정전압원, 오실로스코프 등의 전자회로 검증에 필요한 장비의 사용에 익숙해진다.3. 설계를 통해 회로를 설계하고, 검증하고 구현하는 과정을 공부한다.4. 설계발표를 통해 발표와 경청에 대하여 경험하고 기술을 익힌다.","김정규, 박기철/반도체 공학도를 위한 전자회로실험/문운당",,Bogart and Brown/Experiments in Electronic Device and Circuits(6Th ed.)/Prentice Hill,"필수선수과목 : 전자회로실험1,추천선수과목 : 전자회로1",True,True
17602,전자회로실험2,3,2학기,2.0,전공필수,"1. 전자회로에서 배운 회로들의 동작을 파형의 관찰을 통해 검증한다.2. 함수발생기, 정전압원, 오실로스코프 등의 전자회로 검증에 필요한 장비의 사용에 익숙해진다.3. 설계를 통해 회로를 설계하고, 검증하고 구현하는 과정을 공부한다.4. 설계발표를 통해 발표와 경청에 대하여 경험하고 기술을 익힌다.","김정규, 박기철/반도체 공학도를 위한 전자회로실험/문운당",,Bogart and Brown/Experiments in Electronic Device and Circuits(6Th ed.)/Prentice Hill,"필수선수과목 : 전자회로실험1,추천선수과목 : 전자회로1",True,True
17603,전자회로실험2,3,2학기,2.0,전공필수,"1. 전자회로에서 배운 회로들의 동작을 파형의 관찰을 통해 검증한다.2. 함수발생기, 정전압원, 오실로스코프 등의 전자회로 검증에 필요한 장비의 사용에 익숙해진다.3. 설계를 통해 회로를 설계하고, 검증하고 구현하는 과정을 공부한다.4. 설계발표를 통해 발표와 경청에 대하여 경험하고 기술을 익힌다.","김정규, 박기철/반도체 공학도를 위한 전자회로실험/문운당",,Bogart and Brown/Experiments in Electronic Device and Circuits(6Th ed.)/Prentice Hill,"필수선수과목 : 전자회로실험1,추천선수과목 : 전자회로1",True,True
17604,전자회로실험2,3,2학기,2.0,전공필수,"1. 전자회로에서 배운 회로들의 동작을 파형의 관찰을 통해 검증한다.2. 함수발생기, 정전압원, 오실로스코프 등의 전자회로 검증에 필요한 장비의 사용에 익숙해진다.3. 설계를 통해 회로를 설계하고, 검증하고 구현하는 과정을 공부한다.4. 설계발표를 통해 발표와 경청에 대하여 경험하고 기술을 익힌다.","김정규, 박기철/반도체 공학도를 위한 전자회로실험/문운당",,Bogart and Brown/Experiments in Electronic Device and Circuits(6Th ed.)/Prentice Hill,"필수선수과목 : 전자회로실험1,추천선수과목 : 전자회로1",True,True
17605,컴퓨터프로그래밍언어,3,1학기,3.0,전공선택,"아두이노를 사용하여 임베디드 시스템의 기본구조 및 입출력, 인터럽트,타이머/카운터 인터페이스, A/D 변환기 등을 강의한다. 또한 실습보드 상에서 C 언어를 사용하여 인터페이스 프로그램을 작성하고 실습 한다.",양영일/AVR Studio를 이용한 AVR 활용/도서출판 디자인필,,양영일/AVR Studio를 이용한 AVR 응용/도서출판 디자인필,추천선수과목 : 공학프로그래밍언어,True,True
17606,컴퓨터프로그래밍언어,3,1학기,3.0,전공선택,"아두이노를 사용하여 임베디드 시스템의 기본구조 및 입출력, 인터럽트,타이머/카운터 인터페이스, A/D 변환기 등을 강의한다. 또한 실습보드 상에서 C 언어를 사용하여 인터페이스 프로그램을 작성하고 실습 한다.",양영일/AVR Studio를 이용한 AVR 활용/도서출판 디자인필,,양영일/AVR Studio를 이용한 AVR 응용/도서출판 디자인필,추천선수과목 : 공학프로그래밍언어,True,True
17607,디지털시스템설계,3,2학기,3.0,전공선택,,양영일/FPGA VHDL 디지털 회로설계/뉴티씨,,,필수선수과목 : 디지털논리회로,True,True
17608,반도체제조공정,3,2학기,3.0,전공선택,반도체 단결정성장부터 반도체 집적회로의 제조까지를 배우고 이해하며 덧붙여 집적회로가 만들어지면 사용자가 시스템에 적용할 수 있도록 반도체칩의 조립 및 포장기술까지 배운다. 최소선폭을 줄이기 위한 현대의 공정기술을 EUV공정까지 조명하여 살펴 본다.,Richard C. Jaeger/Introduction to Microelectronic Fabrication/Addisonwesley,,"Franssila/Introduction to Microfabrication/Wiley,Gary S. May/Fundmentals of Semiconductor Fabrication/Wiley","필수선수과목 : 반도체소자,추천선수과목 : 물리전자1, 2",True,True
17609,반도체제조공정,3,2학기,3.0,전공선택,반도체 단결정성장부터 반도체 집적회로의 제조까지를 배우고 이해하며 덧붙여 집적회로가 만들어지면 사용자가 시스템에 적용할 수 있도록 반도체칩의 조립 및 포장기술까지 배운다. 최소선폭을 줄이기 위한 현대의 공정기술을 EUV공정까지 조명하여 살펴 본다.,Richard C. Jaeger/Introduction to Microelectronic Fabrication/Addisonwesley,,"Franssila/Introduction to Microfabrication/Wiley,Gary S. May/Fundmentals of Semiconductor Fabrication/Wiley","필수선수과목 : 반도체소자,추천선수과목 : 물리전자1, 2",True,True
17610,반도체제조공정,3,2학기,3.0,전공선택,반도체 단결정성장부터 반도체 집적회로의 제조까지를 배우고 이해하며 덧붙여 집적회로가 만들어지면 사용자가 시스템에 적용할 수 있도록 반도체칩의 조립 및 포장기술까지 배운다. 최소선폭을 줄이기 위한 현대의 공정기술을 EUV공정까지 조명하여 살펴 본다.,Richard C. Jaeger/Introduction to Microelectronic Fabrication/Addisonwesley,,"Franssila/Introduction to Microfabrication/Wiley,Gary S. May/Fundmentals of Semiconductor Fabrication/Wiley","필수선수과목 : 반도체소자,추천선수과목 : 물리전자1, 2",True,True
17611,반도체제조실험,4,1학기,2.0,전공선택,"반도체 소자제작에 요구되는 반도체 제조장비의 기초가 되는 진공기술과 각 종 박막제조장비의 동작을 실험실습을 통하여 배우며, 이들 장비를 응용하여 금속박막, 투명도전막 등 각종 반도체 박막을 제조하고 이들의 동작특성을 측정한다. 설계과제로 박막저항소자를 설계하고 제조하여 이에 대한  마스크 설계와 제조공정을 이해하고 체득한다.",박기철/디스플레이제조공정실험/자체유인물,,Jaeger/반도체공정개론 2판/Pearson(교보문고),"필수선수과목 : 디스플레이제조공정,추천선수과목 : 물리전자, 반도체소자",True,True
17612,반도체제조실험,4,1학기,2.0,전공선택,"반도체 소자제작에 요구되는 반도체 제조장비의 기초가 되는 진공기술과 각 종 박막제조장비의 동작을 실험실습을 통하여 배우며, 이들 장비를 응용하여 금속박막, 투명도전막 등 각종 반도체 박막을 제조하고 이들의 동작특성을 측정한다. 설계과제로 박막저항소자를 설계하고 제조하여 이에 대한  마스크 설계와 제조공정을 이해하고 체득한다.",박기철/디스플레이제조공정실험/자체유인물,,Jaeger/반도체공정개론 2판/Pearson(교보문고),"필수선수과목 : 디스플레이제조공정,추천선수과목 : 물리전자, 반도체소자",True,True
17615,데이터베이스처리,3,1학기,3.0,전공필수,본 과목에서는 산업체의 정보시스템 구축에 있어서 효과적인 데이터 관리와 프로세스 통합의 근간이 되는 Database System의 설계와 응용 프로그램 개발에 필요한 이론을 강의하고 상용 DBMS를 이용한 실습을 한다. 또한 데이터베이스 기술에 기반한 온라인 분석 처리를 강의하고 엑셀을 통한 실습을 진행한다. 관계형 데이터 모델과 RDBMS 및 DB 응용 프로그램 작성기법을 주된 주제로 다룬다. 수강 학생들은 실무용 DB 시스템 구축 및 응용 프로그램 개발과 관련한 조별 Project를 수행한다.,도남철/데이터베이스 처리[개정판]/퍼플,,,추천선수과목 : 정보통신개론,False,True
17616,데이터베이스처리,3,1학기,3.0,전공필수,본 과목에서는 산업체의 정보시스템 구축에 있어서 효과적인 데이터 관리와 프로세스 통합의 근간이 되는 Database System의 설계와 응용 프로그램 개발에 필요한 이론을 강의하고 상용 DBMS를 이용한 실습을 한다. 관계형 데이터 모델과 RDBMS 및 DB 응용 프로그램 작성기법을 주된 주제로 다룬다. 수강 학생들은 실무용 DB 시스템 구축 및 응용 프로그램 개발과 관련한 조별 Project를 수행한다.,도남철/데이터베이스 처리[개정판]/퍼플,,,추천선수과목 : 정보통신개론,False,True
17641,산업통계1,2,1학기,3.0,전공필수,"본 강좌에서는 정량적 데이타 분석에 필요한 통계학의 기초에 대해 공부한다. 강의내용은 통계자료의 정리 및 확률론 기초, 통계량 계산, 분포론, 추정 및 검정에 관한 통계학의 기초이론과 응용에 중점을 둔다. 본과정은 이후 품질관리, 실험계획법, 신뢰도 공학등의 상위 산업공학 학문에 필수적인 선수과목의 의미도 가진다.",김우철 외 7인/현대통계학/영지문화사,,"Ross/Introduction to Probability Model/Academic Press,김상익 외/Minitab(Ver. 14)을 이용한 통계학의 이해와 응용/민영사,김우철 외/통계학 개론/영지문화사",,False,True
17642,산업통계1,2,1학기,3.0,전공필수,"본 강좌에서는 정량적 데이타 분석에 필요한 통계학의 기초에 대해 공부한다. 강의내용은 통계자료의 정리 및 확률론 기초, 통계량 계산, 분포론, 추정 및 검정에 관한 통계학의 기초이론과 응용에 중점을 둔다. 본과정은 이후 품질관리, 실험계획법, 신뢰도 공학등의 상위 산업공학 학문에 필수적인 선수과목의 의미도 가진다.",김우철 외 7인/현대통계학/영지문화사,,안기수/생활속의 통계학/생능출판사,,False,True
17643,산업통계1,2,1학기,3.0,전공필수,"본 강좌에서는 정량적 데이타 분석에 필요한 통계학의 기초에 대해 공부한다. 강의내용은 통계자료의 정리 및 확률론 기초, 통계량 계산, 분포론, 추정 및 검정에 관한 통계학의 기초이론과 응용에 중점을 둔다. 본과정은 이후 품질관리, 실험계획법, 신뢰도 공학등의 상위 산업공학 학문에 필수적인 선수과목의 의미도 가진다.",김우철 외 7인/현대통계학/영지문화사,,안기수/생활속의 통계학/생능출판사,,False,True
17644,산업통계1,2,1학기,3.0,전공필수,"본 강좌에서는 정량적 데이타 분석에 필요한 통계학의 기초에 대해 공부한다. 강의내용은 통계자료의 정리 및 확률론 기초, 통계량 계산, 분포론, 추정 및 검정에 관한 통계학의 기초이론과 응용에 중점을 둔다. 본과정은 이후 품질관리, 실험계획법, 신뢰도 공학등의 상위 산업공학 학문에 필수적인 선수과목의 의미도 가진다.",김우철 외 7인/현대통계학/영지문화사,,"Ross/Introduction to Probability Model/Academic Press,김상익 외/Minitab(Ver. 14)을 이용한 통계학의 이해와 응용/민영사,김우철 외/통계학 개론/영지문화사",,False,True
17645,산업통계1,2,1학기,3.0,전공필수,"본 강좌에서는 정량적 데이타 분석에 필요한 통계학의 기초에 대해 공부한다. 강의내용은 통계자료의 정리 및 확률론 기초, 통계량 계산, 분포론, 추정 및 검정에 관한 통계학의 기초이론과 응용에 중점을 둔다. 본과정은 이후 품질관리, 실험계획법, 신뢰도 공학등의 상위 산업공학 학문에 필수적인 선수과목의 의미도 가진다.",김우철 외 7인/현대통계학/영지문화사,,"Ross/Introduction to Probability Model/Academic Press,김상익 외/Minitab(Ver. 14)을 이용한 통계학의 이해와 응용/민영사,김우철 외/통계학 개론/영지문화사",,False,True
17646,산업통계1,2,1학기,3.0,전공필수,"본 강좌에서는 정량적 데이타 분석에 필요한 통계학의 기초에 대해 공부한다. 강의내용은 통계자료의 정리 및 확률론 기초, 통계량 계산, 분포론, 추정 및 검정에 관한 통계학의 기초이론과 응용에 중점을 둔다. 본과정은 이후 품질관리, 실험계획법, 신뢰도 공학등의 상위 산업공학 학문에 필수적인 선수과목의 의미도 가진다.",김우철 외 7인/현대통계학/영지문화사,,"Ross/Introduction to Probability Model/Academic Press,김상익 외/Minitab(Ver. 14)을 이용한 통계학의 이해와 응용/민영사,김우철 외/통계학 개론/영지문화사",,False,True
17647,산업통계2,2,2학기,3.0,전공선택,"1. 추론 통계학의 기초인 확률변수, 확률론, 분포론 등 수리적 이론의 이해능력을 갖추게 한다.2. 두 정규모집단의 추론, 분산분석, 회귀분석, 상관분석의 다변량 통계 분석의 이해 능력을 갖추게 한다.3. Excel, R 등 통계 패키지를 활용하여 추론 통게학의 응용문제를 해결하는 능력을 갖추게 한다.",/syllabus/,,"김철 외 7명/공업수학/청문각,수학교재편찬위원회/미분적분학(CALCULUS)/교우사,윤영진/새로운 조합수학/교우사,최기헌/응용확률론 입문/자유아카데미",필수선수과목 : 산업통계 1,False,True
17648,산업통계2,2,2학기,3.0,전공선택,"1. 추론 통계학의 기초인 확률변수, 확률론, 분포론 등 수리적 이론의 이해능력을 갖추게 한다.2. 두 정규모집단의 추론, 분산분석, 회귀분석, 상관분석의 다변량 통계 분석의 이해 능력을 갖추게 한다.3. Excel, R 등 통계 패키지를 활용하여 추론 통게학의 응용문제를 해결하는 능력을 갖추게 한다.",/syllabus/,,"김철 외 7명/공업수학/청문각,수학교재편찬위원회/미분적분학(CALCULUS)/교우사,윤영진/새로운 조합수학/교우사,최기헌/응용확률론 입문/자유아카데미",필수선수과목 : 산업통계 1,False,True
17649,산업통계2,2,2학기,3.0,전공선택,"1. 추론 통계학의 기초인 확률변수, 확률론, 분포론 등 수리적 이론의 이해능력을 갖추게 한다.2. 두 정규모집단의 추론, 분산분석, 회귀분석, 상관분석의 다변량 통계 분석의 이해 능력을 갖추게 한다.3. Excel, R 등 통계 패키지를 활용하여 추론 통게학의 응용문제를 해결하는 능력을 갖추게 한다.",/syllabus/,,"김철 외 7명/공업수학/청문각,수학교재편찬위원회/미분적분학(CALCULUS)/교우사,윤영진/새로운 조합수학/교우사,최기헌/응용확률론 입문/자유아카데미",필수선수과목 : 산업통계 1,False,True
17650,산업통계2,2,2학기,3.0,전공선택,"1. 추론 통계학의 기초인 확률변수, 확률론, 분포론 등 수리적 이론의 이해능력을 갖추게 한다.2. 두 정규모집단의 추론, 분산분석, 회귀분석, 상관분석의 다변량 통계 분석의 이해 능력을 갖추게 한다.3. Excel, R 등 통계 패키지를 활용하여 추론 통게학의 응용문제를 해결하는 능력을 갖추게 한다.",/syllabus/,,"김철 외 7명/공업수학/청문각,수학교재편찬위원회/미분적분학(CALCULUS)/교우사,윤영진/새로운 조합수학/교우사,최기헌/응용확률론 입문/자유아카데미",필수선수과목 : 산업통계 1,False,True
17651,산업통계2,2,2학기,3.0,전공선택,"1. 추론 통계학의 기초인 확률변수, 확률론, 분포론 등 수리적 이론의 이해능력을 갖추게 한다.2. 두 정규모집단의 추론, 분산분석, 회귀분석, 상관분석의 다변량 통계 분석의 이해 능력을 갖추게 한다.3. Excel, R 등 통계 패키지를 활용하여 추론 통게학의 응용문제를 해결하는 능력을 갖추게 한다.",/syllabus/,,"김철 외 7명/공업수학/청문각,수학교재편찬위원회/미분적분학(CALCULUS)/교우사,윤영진/새로운 조합수학/교우사,최기헌/응용확률론 입문/자유아카데미",필수선수과목 : 산업통계 1,False,True
17652,산업통계2,2,2학기,3.0,전공선택,"1. 추론 통계학의 기초인 확률변수, 확률론, 분포론 등 수리적 이론의 이해능력을 갖추게 한다.2. 두 정규모집단의 추론, 분산분석, 회귀분석, 상관분석의 다변량 통계 분석의 이해 능력을 갖추게 한다.3. Excel, R 등 통계 패키지를 활용하여 추론 통게학의 응용문제를 해결하는 능력을 갖추게 한다.",/syllabus/,,"김철 외 7명/공업수학/청문각,수학교재편찬위원회/미분적분학(CALCULUS)/교우사,윤영진/새로운 조합수학/교우사,최기헌/응용확률론 입문/자유아카데미",필수선수과목 : 산업통계 1,False,True
17653,산업통계2,2,2학기,3.0,전공선택,"1. 추론 통계학의 기초인 확률변수, 확률론, 분포론 등 수리적 이론의 이해능력을 갖추게 한다.2. 두 정규모집단의 추론, 분산분석, 회귀분석, 상관분석의 다변량 통계 분석의 이해 능력을 갖추게 한다.3. Excel, R 등 통계 패키지를 활용하여 추론 통게학의 응용문제를 해결하는 능력을 갖추게 한다.",/syllabus/,,"김철 외 7명/공업수학/청문각,수학교재편찬위원회/미분적분학(CALCULUS)/교우사,윤영진/새로운 조합수학/교우사,최기헌/응용확률론 입문/자유아카데미",필수선수과목 : 산업통계 1,False,True
17654,산업통계2,2,2학기,3.0,전공선택,"1. 추론 통계학의 기초인 확률변수, 확률론, 분포론 등 수리적 이론의 이해능력을 갖추게 한다.2. 두 정규모집단의 추론, 분산분석, 회귀분석, 상관분석의 다변량 통계 분석의 이해 능력을 갖추게 한다.3. Excel, R 등 통계 패키지를 활용하여 추론 통게학의 응용문제를 해결하는 능력을 갖추게 한다.",/syllabus/,,"김철 외 7명/공업수학/청문각,수학교재편찬위원회/미분적분학(CALCULUS)/교우사,윤영진/새로운 조합수학/교우사,최기헌/응용확률론 입문/자유아카데미",필수선수과목 : 산업통계 1,False,True
17655,산업통계2,2,2학기,3.0,전공선택,"1. 추론 통계학의 기초인 확률변수, 확률론, 분포론 등 수리적 이론의 이해능력을 갖추게 한다.2. 두 정규모집단의 추론, 분산분석, 회귀분석, 상관분석의 다변량 통계 분석의 이해 능력을 갖추게 한다.3. Excel, R 등 통계 패키지를 활용하여 추론 통게학의 응용문제를 해결하는 능력을 갖추게 한다.",/syllabus/,,"김철 외 7명/공업수학/청문각,수학교재편찬위원회/미분적분학(CALCULUS)/교우사,윤영진/새로운 조합수학/교우사,최기헌/응용확률론 입문/자유아카데미",필수선수과목 : 산업통계 1,False,True
17656,산업통계2,2,2학기,3.0,전공선택,"1. 추론 통계학의 기초인 확률변수, 확률론, 분포론 등 수리적 이론의 이해능력을 갖추게 한다.2. 두 정규모집단의 추론, 분산분석, 회귀분석, 상관분석의 다변량 통계 분석의 이해 능력을 갖추게 한다.3. Excel, R 등 통계 패키지를 활용하여 추론 통게학의 응용문제를 해결하는 능력을 갖추게 한다.",/syllabus/,,"김철 외 7명/공업수학/청문각,수학교재편찬위원회/미분적분학(CALCULUS)/교우사,윤영진/새로운 조합수학/교우사,최기헌/응용확률론 입문/자유아카데미",필수선수과목 : 산업통계 1,False,True
17657,비쥬얼프로그래밍,2,1학기,3.0,전공필수,"본 과목은 Window 기반 Application 개발을 위한 C  프로그래밍 언어를 습득하고 응용능력을 배양하기 위한 과정이다. 최근 MES 소프트웨어 시스템 개발도구로 널리 활용되고 있는 C  언어를 활용하여 콘솔 응용프로그램과 윈도우즈 폼 응용프로그램 개발을 위한 객체지향 코딩 개념 및 문법, Control 도구를 이용한 사용자 GUI(graphic user interface) 설계 및 이벤트 기반 프로그래밍 기법을 강의하고, 응용 프로그램의 작성 및 설계에 관한 이론강의와 실습을 통하여 실제문제에 대한 활용능력을 배양한다.",윤인성/C  프로그래밍/한빛아카데미,,오세만 외 4인/C  프로그래밍 입문/생능출판사,,False,True
17658,비쥬얼프로그래밍,2,1학기,3.0,전공필수,"본 과목은 Window 기반 Application 개발을 위한 C  프로그래밍 언어를 습득하고 응용능력을 배양하기 위한 과정이다. 최근 MES 소프트웨어 시스템 개발도구로 널리 활용되고 있는 C  언어를 활용하여 콘솔 응용프로그램과 윈도우즈 폼 응용프로그램 개발을 위한 객체지향 코딩 개념 및 문법, Control 도구를 이용한 사용자 GUI(graphic user interface) 설계 및 이벤트 기반 프로그래밍 기법을 강의하고, 응용 프로그램의 작성 및 설계에 관한 이론강의와 실습을 통하여 실제문제에 대한 활용능력을 배양한다.",윤인성/C  프로그래밍/한빛아카데미,,오세만 외 4인/C  프로그래밍 입문/생능출판사,,False,True
17659,비쥬얼프로그래밍,2,1학기,3.0,전공필수,"본 과목은 Window 기반 Application 개발을 위한 C  프로그래밍 언어를 습득하고 응용능력을 배양하기 위한 과정이다. 최근 MES 소프트웨어 시스템 개발도구로 널리 활용되고 있는 C  언어를 활용하여 콘솔 응용프로그램과 윈도우즈 폼 응용프로그램 개발을 위한 객체지향 코딩 개념 및 문법, Control 도구를 이용한 사용자 GUI(graphic user interface) 설계 및 이벤트 기반 프로그래밍 기법을 강의하고, 응용 프로그램의 작성 및 설계에 관한 이론강의와 실습을 통하여 실제문제에 대한 활용능력을 배양한다.",윤인성/C  프로그래밍/한빛아카데미,,오세만 외 4인/C  프로그래밍 입문/생능출판사,,False,True
17660,비쥬얼프로그래밍,2,1학기,3.0,전공필수,"본 과목은 Window 기반 Application 개발을 위한 C  프로그래밍 언어를 습득하고 응용능력을 배양하기 위한 과정이다. 최근 MES 소프트웨어 시스템 개발도구로 널리 활용되고 있는 C  언어를 활용하여 콘솔 응용프로그램과 윈도우즈 폼 응용프로그램 개발을 위한 객체지향 코딩 개념 및 문법, Control 도구를 이용한 사용자 GUI(graphic user interface) 설계 및 이벤트 기반 프로그래밍 기법을 강의하고, 응용 프로그램의 작성 및 설계에 관한 이론강의와 실습을 통하여 실제문제에 대한 활용능력을 배양한다.",윤인성/C  프로그래밍/한빛아카데미,,오세만 외 4인/C  프로그래밍 입문/생능출판사,,False,True
17675,정보통신개론,2,2학기,3.0,전공선택,"컴퓨터 시스템 관련 전공 수업을 위한 컴퓨터 하드웨어, 소프트웨어 그리고 네트워크 기본 지식을 익힌다. 특히 소프트웨어의 경우, 데이터 분석과 인공지능에 필요한 기본 요소인 데이터베이스, 온라인 분석 처리 그리고 데이터 마이닝의 기본 원리를 학습한다.수업의 후반부는 공학 분야와 최신 정보 통신 트랜드에 대한 사례 중심 강의를 제공한다.","강의 웹 문서, 배포 인쇄물//",,,,False,True
17721,객체지향기술,3,1학기,3.0,전공필수,"객체지향 프로그래밍 언어인 자바(JAVA)를 학습하고, 이를 응용한 프로그램을 작성하는 것을 배운다. 자바의 기본 문법을 이해하고, 프로그램의 새로운 패러다임인 객체지향 개념을 습득한다. 실생활의 문제를 해결하기 위한 프로그램을 프로젝트로 설정하고 이를 팀을 이루어 공동으로 수행한다.","황기태, 김효수/명품 JAVA Essential(개정판)/생능출판사",,"김승현/열혈강의 자바 프로그래밍 Java Programming/프리렉(이한디지털리),서환수 역 (케이시 시에라, 버트 베이츠 공저)/Head First Java/한빛미디어",,False,True
17722,객체지향기술,3,1학기,3.0,전공필수,"객체지향 프로그래밍 언어인 자바(JAVA)를 학습하고, 이를 응용한 프로그램을 작성하는 것을 배운다. 자바의 기본 문법을 이해하고, 프로그램의 새로운 패러다임인 객체지향 개념을 습득한다. 실생활의 문제를 해결하기 위한 프로그램을 프로젝트로 설정하고 이를 팀을 이루어 공동으로 수행한다.","황기태, 김효수/명품 JAVA Essential(개정판)/생능출판사",,"김승현/열혈강의 자바 프로그래밍 Java Programming/프리렉(이한디지털리),서환수 역 (케이시 시에라, 버트 베이츠 공저)/Head First Java/한빛미디어",,False,True
17723,객체지향기술,3,1학기,3.0,전공필수,"객체지향 프로그래밍 언어인 자바(JAVA)를 학습하고, 이를 응용한 프로그램을 작성하는 것을 배운다. 자바의 기본 문법을 이해하고, 프로그램의 새로운 패러다임인 객체지향 개념을 습득한다. 실생활의 문제를 해결하기 위한 프로그램을 프로젝트로 설정하고 이를 팀을 이루어 공동으로 수행한다.","황기태, 김효수/명품 JAVA Essential(개정판)/생능출판사",,"김승현/열혈강의 자바 프로그래밍 Java Programming/프리렉(이한디지털리),서환수 역 (케이시 시에라, 버트 베이츠 공저)/Head First Java/한빛미디어",,False,True
17724,객체지향기술,3,1학기,3.0,전공필수,"객체지향 프로그래밍 언어인 자바(JAVA)를 학습하고, 이를 응용한 프로그램을 작성하는 것을 배운다. 자바의 기본 문법을 이해하고, 프로그램의 새로운 패러다임인 객체지향 개념을 습득한다. 실생활의 문제를 해결하기 위한 프로그램을 프로젝트로 설정하고 이를 팀을 이루어 공동으로 수행한다.","황기태, 김효수/명품 JAVA Essential(개정판)/생능출판사",,"김승현/열혈강의 자바 프로그래밍 Java Programming/프리렉(이한디지털리),서환수 역 (케이시 시에라, 버트 베이츠 공저)/Head First Java/한빛미디어",,False,True
17725,객체지향기술,3,1학기,3.0,전공필수,"객체지향 프로그래밍 언어인 자바(JAVA)를 학습하고, 이를 응용한 프로그램을 작성하는 것을 배운다. 자바의 기본 문법을 이해하고, 프로그램의 새로운 패러다임인 객체지향 개념을 습득한다. 실생활의 문제를 해결하기 위한 프로그램을 프로젝트로 설정하고 이를 팀을 이루어 공동으로 수행한다.","황기태, 김효수/명품 JAVA Essential(개정판)/생능출판사",,"김승현/열혈강의 자바 프로그래밍 Java Programming/프리렉(이한디지털리),서환수 역 (케이시 시에라, 버트 베이츠 공저)/Head First Java/한빛미디어",,False,True
17726,객체지향기술,3,1학기,3.0,전공필수,"객체지향 프로그래밍 언어인 자바(JAVA)를 학습하고, 이를 응용한 프로그램을 작성하는 것을 배운다. 자바의 기본 문법을 이해하고, 프로그램의 새로운 패러다임인 객체지향 개념을 습득한다. 실생활의 문제를 해결하기 위한 프로그램을 프로젝트로 설정하고 이를 팀을 이루어 공동으로 수행한다.","황기태, 김효수/명품 JAVA Essential(개정판)/생능출판사",,"김승현/열혈강의 자바 프로그래밍 Java Programming/프리렉(이한디지털리),서환수 역 (케이시 시에라, 버트 베이츠 공저)/Head First Java/한빛미디어",,False,True
17760,제품빅데이터분석,3,2학기,3.0,전공선택,본 과목은 수업 참가자가 컴퓨터 기반 정보시스템에 통합 표현된 제품정보를 기반으로  제품 설계와 개발 과정 동안 적용 가능한 빅데이터 분석 방법과 그 가치를 경험하도록 한다. 제품 빅데이터 이해로 신제품 개발과 설계변경으로 구별되는 제품개발에서 빅데이터 분석을 통한 제품개발 평가와 설계변경 자동화 등의 빅데이터 응용을 다룬다. 미래 제품 빅데이터 이해로 스마트 커넥티드 제품의 제품개발과 서비스 통합 환경에서 빅데이터 분석과 응용을 소개한다.,도남철/제품 빅데이터 분석/자체 출력물,,,,False,True
17763,품질빅데이터이해,3,2학기,3.0,전공선택,"본 강좌는 수강자들이 다양한 형태로 발생하는 빅데이터를 활용하여 제품과 프로세스의 품질을 높일 수 있도록, 품질공학 기초, 품질 데이터 전처리, 품질 빅데이터 분석 알고리즘 소개, 다양한 품질빅데이터 분석과 결과의 해석에 관한 내용을 다루어 품질 빅데이터 전문인력 양성에 이바지하고자 한다.",변재현/별도 배부/,,,,False,True
17784,화학공정제어1,3,1학기,3.0,전공필수,화학공정을 제어하기 위한 이론과 제어요소 기기에 대하여 수업한다. 공정제어의 필요성과 공정의 수식화에 대한 기본 이론을 강의하고 Laplace변화에 의한 모델식의 해를 얻어 공정의 동특성을 파악한다.기본제어계인 Feedback 제어계의 전체 구성과 각 구성 요소에 대한 세부 사항에 대하여 상세히 파악한다.,"Seborg, Edgar, Mellichamp/Process Dynamics and Control(4rd. ed.)/John Wiley &amp; Sons",,"Luyben/Process Modeling, Simulation and Control for Chemical Engineers/McGRAWHILL,Stephanopoulos/Chemical Process Control/PrenticeHall,여영구 외 6인/최신공정제어공학/사이플러스",필수선수과목 : 화공 수학,False,True
17785,화학공정제어1,3,1학기,3.0,전공필수,화학공정을 제어하기 위한 이론과 제어요소 기기에 대하여 수업한다. 공정제어의 필요성과 공정의 수식화에 대한 기본 이론을 강의하고 Laplace변화에 의한 모델식의 해를 얻어 공정의 동특성을 파악한다.기본제어계인 Feedback 제어계의 전체 구성과 각 구성 요소에 대한 세부 사항에 대하여 상세히 파악한다.,"Seborg, Edgar, Mellichamp/Process Dynamics and Control(4rd. ed.)/John Wiley &amp; Sons",,"Luyben/Process Modeling, Simulation and Control for Chemical Engineers/McGRAWHILL,Stephanopoulos/Chemical Process Control/PrenticeHall,여영구 외 6인/최신공정제어공학/사이플러스",필수선수과목 : 화공 수학,False,True
17786,화학공정제어1,3,1학기,3.0,전공필수,화학공정을 제어하기 위한 이론과 제어요소 기기에 대하여 수업한다. 공정제어의 필요성과 공정의 수식화에 대한 기본 이론을 강의하고 Laplace변화에 의한 모델식의 해를 얻어 공정의 동특성을 파악한다.기본제어계인 Feedback 제어계의 전체 구성과 각 구성 요소에 대한 세부 사항에 대하여 상세히 파악한다.,"Seborg, Edgar, Mellichamp/Process Dynamics and Control(4rd. ed.)/John Wiley &amp; Sons",,"Luyben/Process Modeling, Simulation and Control for Chemical Engineers/McGRAWHILL,Stephanopoulos/Chemical Process Control/PrenticeHall,여영구 외 6인/최신공정제어공학/사이플러스",필수선수과목 : 화공 수학,False,True
17787,화학공정제어1,3,1학기,3.0,전공필수,화학공정을 제어하기 위한 이론과 제어요소 기기에 대하여 수업한다. 공정제어의 필요성과 공정의 수식화에 대한 기본 이론을 강의하고 Laplace변화에 의한 모델식의 해를 얻어 공정의 동특성을 파악한다.기본제어계인 Feedback 제어계의 전체 구성과 각 구성 요소에 대한 세부 사항에 대하여 상세히 파악한다.,"Seborg, Edgar, Mellichamp/Process Dynamics and Control(4rd. ed.)/John Wiley &amp; Sons",,"Luyben/Process Modeling, Simulation and Control for Chemical Engineers/McGRAWHILL,Stephanopoulos/Chemical Process Control/PrenticeHall,여영구 외 6인/최신공정제어공학/사이플러스",필수선수과목 : 화공 수학,False,True
17805,화학공정제어2,3,2학기,3.0,전공선택,화학공정제어1에서 수강한 수학적인 모델링 기법과 Laplace변환을 바탕으로 공정과 제어계를 결합하여Feedback control loop를 형성하고 이 제어계의 안정성을 판단하는 기법을 강의한다.또한 Frequency response methods를 사용한 공정 해석 기법의 적용에 관하여도 강의한다. 이러한 제어이론을 바탕으로 MATLAB을 활용한 해석 기법도 강의한다.,"Seborg, Edgar, Mellichamp/Process Dynamics and Control 4th. ed./John Wiley & Sons",,"Stephanopoulous/Chemical Process Control/PrenticeHall,여영구/최신공정제어공학/McGraw Hill,//",추천선수과목 : 화학공정제어1,False,True
17806,화학공정제어2,3,2학기,3.0,전공선택,화학공정제어1에서 수강한 수학적인 모델링 기법과 Laplace변환을 바탕으로 공정과 제어계를 결합하여Feedback control loop를 형성하고 이 제어계의 안정성을 판단하는 기법을 강의한다.또한 Frequency response methods를 사용한 공정 해석 기법의 적용에 관하여도 강의한다. 이러한 제어이론을 바탕으로 MATLAB을 활용한 해석 기법도 강의한다.,"Seborg, Edgar, Mellichamp/Process Dynamics and Control 4th. ed./John Wiley & Sons",,"Stephanopoulous/Chemical Process Control/PrenticeHall,여영구/최신공정제어공학/McGraw Hill,//",추천선수과목 : 화학공정제어1,False,True
17807,화학공정제어2,3,2학기,3.0,전공선택,화학공정제어1에서 수강한 수학적인 모델링 기법과 Laplace변환을 바탕으로 공정과 제어계를 결합하여Feedback control loop를 형성하고 이 제어계의 안정성을 판단하는 기법을 강의한다.또한 Frequency response methods를 사용한 공정 해석 기법의 적용에 관하여도 강의한다. 이러한 제어이론을 바탕으로 MATLAB을 활용한 해석 기법도 강의한다.,"Seborg, Edgar, Mellichamp/Process Dynamics and Control 4th. ed./John Wiley & Sons",,"Stephanopoulous/Chemical Process Control/PrenticeHall,여영구/최신공정제어공학/McGraw Hill,//",추천선수과목 : 화학공정제어1,False,True
17808,화학공정제어2,3,2학기,3.0,전공선택,화학공정제어1에서 수강한 수학적인 모델링 기법과 Laplace변환을 바탕으로 공정과 제어계를 결합하여Feedback control loop를 형성하고 이 제어계의 안정성을 판단하는 기법을 강의한다.또한 Frequency response methods를 사용한 공정 해석 기법의 적용에 관하여도 강의한다. 이러한 제어이론을 바탕으로 MATLAB을 활용한 해석 기법도 강의한다.,"Seborg, Edgar, Mellichamp/Process Dynamics and Control 4th. ed./John Wiley & Sons",,"Stephanopoulous/Chemical Process Control/PrenticeHall,여영구/최신공정제어공학/McGraw Hill,//",추천선수과목 : 화학공정제어1,False,True
17879,연구참여1,4,1학기,1.0,전공선택,"본 과목은 학생들에게 교수님들과의 연구에 참여할 수 있는 기회를 제공하고, 이를 통해 학생들의 진로개발에 도움으로 주고자 한다.",/해당 실험실별 과제/,,,,True,False
17880,정역학,1,2학기,3.0,전공선택,"정역학은 기계 및 항공우주공학 분야의 주요 역학과목을 이수하기 위한 가장 기본적인 과목으로서, 정적인 상태에서 물체에 작용하는 힘과 이의 평형관계를 이해할수 있는 역학적 지식을 교육하는 과목이다. 특히 시스템 형태로 발생하는 공학적 문제를 관심 대상에 국한하여 이상화할 수 있는 능력 즉 자유물체도를 그릴 수 있는 능력을 갖출 수 있도록 하는 것이 가장 중요한 목표이다. 또한 실제 생활에서 접하는 많은 문제들을 예제로 하여, 힘의 평형에 대한 안목을 가질 수 있도록 해준다. 본 과목은 신성장 산업의 맞춤형 인재 양성을 목표로 한국항공우주산업 등과 산학 연계하여 산업현장과 사회에서 요구하는 문제해결·협업·실무 능력 등을 갖추고 학생의 역량강화와 기업의 경쟁력 제고를 위한 정역학 내용을 강의한다.",J.L. Meriam 외 1명/Engineering Mechanics: Statics (7th edition)/Wiley,,,"추천선수과목 : 물리학1, 물리학실험1",True,False
17881,정역학,1,2학기,3.0,전공선택,"* 항공우주공학 및 기계공학 전공과목 이수를 위해 필요한 역학적 기초 구축  힘와 모멘트에 대한 이해  힘과 모멘트의 평형과 이를 이용한 자유물체도 그리기  트러스, 프레임, 기계 구조물에 대한 힘과 모멘트 평형방정식 적용방법 이해* 본 과목은 신성장 산업의 맞춤형 인재 양성을 목표로 한국항공우주산업 등과 산학 연계하여 산업현장과 사회에서 요구하는 문제해결·협업·실무 능력 등을 갖추고 학생의 역량강화와 기업의 경쟁력 제고를 위한 정역학 내용을 강의한다.",J.L. Meriam 외 1명/Engineering Mechanics: Statics (7th edition)/Wiley,,,,True,False
17882,항공전자기초,2,2학기,3.0,전공선택,항공우주및소프트웨어 공학분야에서 사용되는 항공전자 시스템의 구조 및 동작 원리를 이해하기 위하여 항공전자 관련 기초 개념 및 이론을 학습하고 관련 소자 및 모듈의 응용에 대하여 알아본다. 또한 본 과목은 신성장 산업의 맞춤형 인재 양성을 목표로 한국항공우주산업 등과 산학 연계하여 산업현장과 사회에서 요구하는 문제해결·협업·실무 능력 등을 갖추고 학생의 역량강화와 기업의 경쟁력 제고를 위한 항공전자 관련 내용을 강의한다.,현승엽/전기전자통신공학 개론/생능출판사,,"M. Mano/Logic and Computer Design Fundamentals/Prentice Hall,권기영(역)/전기전자공학개론(6판)/한빛아카데미,김찬웅(역)/익스플로링 아두이노/한빛아카데미","필수선수과목 : 없음.,추천선수과목 : 물리학, 물리학및실험",True,True
17883,항공전자기초,2,2학기,3.0,전공선택,항공우주및소프트웨어 공학분야에서 사용되는 항공전자 시스템의 구조 및 동작 원리를 이해하기 위하여 항공전자 관련 기초 개념 및 이론을 학습하고 관련 소자 및 모듈의 응용에 대하여 알아본다. 또한 본 과목은 신성장 산업의 맞춤형 인재 양성을 목표로 한국항공우주산업 등과 산학 연계하여 산업현장과 사회에서 요구하는 문제해결·협업·실무 능력 등을 갖추고 학생의 역량강화와 기업의 경쟁력 제고를 위한 항공전자 관련 내용을 강의한다.,현승엽/전기전자통신공학 개론/생능출판사,,"M. Mano/Logic and Computer Design Fundamentals/Prentice Hall,권기영(역)/전기전자공학개론(6판)/한빛아카데미,김찬웅(역)/익스플로링 아두이노/한빛아카데미","필수선수과목 : 없음.,추천선수과목 : 물리학, 물리학및실험",True,True
17884,항공전자기초,2,2학기,3.0,전공선택,항공우주및소프트웨어 공학분야에서 사용되는 항공전자 시스템의 구조 및 동작 원리를 이해하기 위하여 항공전자 관련 기초 개념 및 이론을 학습하고 관련 소자 및 모듈의 응용에 대하여 알아본다. 또한 본 과목은 신성장 산업의 맞춤형 인재 양성을 목표로 한국항공우주산업 등과 산학 연계하여 산업현장과 사회에서 요구하는 문제해결·협업·실무 능력 등을 갖추고 학생의 역량강화와 기업의 경쟁력 제고를 위한 항공전자 관련 내용을 강의한다.,현승엽/전기전자통신공학 개론/생능출판사,,"M. Mano/Logic and Computer Design Fundamentals/Prentice Hall,권기영(역)/전기전자공학개론(6판)/한빛아카데미,김찬웅(역)/익스플로링 아두이노/한빛아카데미","필수선수과목 : 없음.,추천선수과목 : 물리학, 물리학및실험",True,True
17885,항공전자기초,2,2학기,3.0,전공선택,항공우주및소프트웨어 공학분야에서 사용되는 항공전자 시스템의 구조 및 동작 원리를 이해하기 위하여 항공전자 관련 기초 개념 및 이론을 학습하고 관련 소자 및 모듈의 응용에 대하여 알아본다. 또한 본 과목은 신성장 산업의 맞춤형 인재 양성을 목표로 한국항공우주산업 등과 산학 연계하여 산업현장과 사회에서 요구하는 문제해결·협업·실무 능력 등을 갖추고 학생의 역량강화와 기업의 경쟁력 제고를 위한 항공전자 관련 내용을 강의한다.,현승엽/전기전자통신공학 개론/생능출판사,,"M. Mano/Logic and Computer Design Fundamentals/Prentice Hall,권기영(역)/전기전자공학개론(6판)/한빛아카데미,김찬웅(역)/익스플로링 아두이노/한빛아카데미","필수선수과목 : 없음.,추천선수과목 : 물리학, 물리학및실험",True,True
17886,전산기계제도,1,1학기,2.0,전공필수,"기계, 항공기, 자동차 등의 제조산업에서 제품 개발 및 설계 툴로 널리 사용되고 있는 CATIA를 이용하여 CAD/CAM의 기본 지식을 체계적으로 습득하고 응용할 수 있도록 한다.이를 위하여 2차원 및 3차원 CAD정보 생성을 위한 CATIA의 세부 function을 익하고, 항공기 자동차 등의 기계구조물에 대한 형상 모델링 구축 응용력을 높인다.",이석순 외 2인/CATIA V5 입문/경상대학교 출판부,,이건우 외 7인/CAD/CAM/CAE 시스템/Pearson Education Korea,,True,False
17887,전산기계제도,1,1학기,2.0,전공필수,"기계, 항공기, 자동차 등의 제조산업에서 제품 개발 및 설계 툴로 널리 사용되고 있는 CATIA를 이용하여 CAD/CAM의 기본 지식을 체계적으로 습득하고 응용할 수 있도록 한다.이를 위하여 2차원 및 3차원 CAD정보 생성을 위한 CATIA의 세부 function을 익하고, 항공기 자동차 등의 기계구조물에 대한 형상 모델링 구축 응용력을 높인다.",이석순 외 2인/CATIA V5 입문/경상대학교 출판부,,이건우 외 7인/CAD/CAM/CAE 시스템/Pearson Education Korea,,True,False
17888,전산기계제도,1,1학기,2.0,전공필수,"기계, 항공기, 자동차 등의 제조산업에서 제품 개발 및 설계 툴로 널리 사용되고 있는 CATIA를 이용하여 CAD/CAM의 기본 지식을 체계적으로 습득하고 응용할 수 있도록 한다.이를 위하여 2차원 및 3차원 CAD정보 생성을 위한 CATIA의 세부 function을 익하고, 항공기 자동차 등의 기계구조물에 대한 형상 모델링 구축 응용력을 높인다.",이석순 외 2인/CATIA V5 입문/경상대학교 출판부,,이건우 외 7인/CAD/CAM/CAE 시스템/Pearson Education Korea,,True,False
17889,전산기계제도,1,1학기,2.0,전공필수,"기계, 항공기, 자동차 등의 제조산업에서 제품 개발 및 설계 툴로 널리 사용되고 있는 CATIA를 이용하여 CAD/CAM의 기본 지식을 체계적으로 습득하고 응용할 수 있도록 한다.이를 위하여 2차원 및 3차원 CAD정보 생성을 위한 CATIA의 세부 function을 익하고, 항공기 자동차 등의 기계구조물에 대한 형상 모델링 구축 응용력을 높인다.",이석순 외 2인/CATIA V5 입문/경상대학교 출판부,,이건우 외 7인/CAD/CAM/CAE 시스템/Pearson Education Korea,,True,False
17890,CAD응용,3,1학기,3.0,전공선택,"기계, 항공기, 자동차 등의 설계 및 개발에서 널리 사용되고 있는 CATIA를 이용하여 CAD/CAM의 기본지식을 충분히 응용할 수 있도록 한다.이를 위하여 2차 및 3차원 CAD정보 생성을 위한 CATIA의 세부 function을 익히고, 항공기, 자동차, 선박등의 모델을 대상으로 자유곡면을 포함한 3D 형상모델링 구축 가능하도록 한다.",이석순외 2인/CATIA V5/경상대학교출판부,,이건우외 7인/CAD/CAM/CAE 시스템/Pearson Education Korea,"필수선수과목 : 전산기계제도,추천선수과목 : 창의적기초공학설계",True,False
17891,CAD응용,3,1학기,3.0,전공선택,"기계, 항공기, 자동차 등의 설계 및 개발에서 널리 사용되고 있는 CATIA를 이용하여 CAD/CAM의 기본지식을 충분히 응용할 수 있도록 한다.이를 위하여 2차 및 3차원 CAD정보 생성을 위한 CATIA의 세부 function을 익히고, 항공기, 자동차, 선박등의 모델을 대상으로 자유곡면을 포함한 3D 형상모델링 구축 가능하도록 한다.",이석순외 2인/CATIA V5/경상대학교출판부,,이건우외 7인/CAD/CAM/CAE 시스템/Pearson Education Korea,"필수선수과목 : 전산기계제도,추천선수과목 : 창의적기초공학설계",True,False
17892,우주비행역학및위성제어,4,1학기,3.0,전공선택,1. 우주공간상 두 물체 사이에 작용하는 힘에 의해 발생하는 운동에 대해 설명할 수 있다.2. 두 물체 중 한 물체를 기준으로 운동하는 다른 물체의 궤적(궤도)을 6개의 요소(six orbital elements)로 기술할 수 있다. 3. 인공위성의 관성모멘트와 운동의 안정성 사이의 관계를 수학적으로 유도하고 그 의미를 설명할 수 있다.4. 인공위성의 자세를 제어하는 다양한 방법들과 그 원리를 설명할 수 있다.,Howard D. Curtis/Orbital Mechanics (2005년판)/Elsevier,,J. L. Meriam/Dynamics (9판)/Wiley,,True,True
17893,우주비행역학및위성제어,4,1학기,3.0,전공선택,1. 우주공간상 두 물체 사이에 작용하는 힘에 의해 발생하는 운동에 대해 설명할 수 있다.2. 두 물체 중 한 물체를 기준으로 운동하는 다른 물체의 궤적(궤도)을 6개의 요소(six orbital elements)로 기술할 수 있다. 3. 인공위성의 관성모멘트와 운동의 안정성 사이의 관계를 수학적으로 유도하고 그 의미를 설명할 수 있다.4. 인공위성의 자세를 제어하는 다양한 방법들과 그 원리를 설명할 수 있다.,Howard D. Curtis/Orbital Mechanics (2005년판)/Elsevier,,J. L. Meriam/Dynamics (9판)/Wiley,,True,True
17894,컴퓨터네트워크,3,2학기,3.0,전공선택,"The subject of computer networking is enormously complex, involving many concepts, protocols, and technologies that are woven together in an intricate manner. To cope with this scope and complexity, many computer networking texts are organized around the “layers” of a network architecture. With a layered organization, students can see through the complexity of computer networkingthey learn about the distinct concepts and protocols in one part of the architecture while seeing the big picture of how all parts fit together.First, it places emphasis on the application layer (a “high growth area” in networking). Second,  teaching networking applications  such as email and the Web, which most students use on a daily basis. Third, it introduces network application development at an early stage. Students not only see how popular applications and protocols work, but also learn how easy it is to create their own network applications and applicationlevel protocols.",J. F. Kurose and K. W. Ross/Computer Networks: A TopDown Approach/Pearson,,,"필수선수과목 : Programming language (Python, Java, or C),추천선수과목 : Datastructure and Algorithm, Data Communication",True,True
17895,운영체제커널,3,1학기,3.0,전공선택,CPU의 스케줄링의 동작과 스케줄러의 정책에 따라 어떤 요청이 먼저 처리 되는지 계산할 수 있다.쓰레드 프로그래밍에서 공유자원을 보호하기 위한 락 메커니즘들을 용도에 맞게 적용할 수 있다.파일시스템의 동작 방식을 이해하고 각 파일시스템을 마운트하여 성능을 측정할 수 있다.,"원유집, 박민규, 이성진/운영체제 아주 쉬운 세 가지 이야기/도서출판 홍릉",,,"필수선수과목 : 컴퓨터프로그래밍, 항공우주및소프트웨어공학개론, 자료구조및알고리즘, Linux시스템프로그래밍,추천선수과목 : 객체지향프로그래밍, 이산수학, 컴퓨터구조",True,True
17896,컴퓨터프로그래밍기초PBL,1,2학기,2.0,전공선택,적극적 참여를 유도하고 학습한 내용을 적용하여 코딩을 활용하여 문제를 해결컴퓨터 기반의 논리적 사고체계를 적용하여 코딩으로 문제를 해결C언어의 기본 문법을 활용하여 주어진 문제를 코딩으로 해결코딩 중에 발생한 오류를 분석하고 해결동료가 작성한 코드를 읽고 발생가능한 문제점을 지적하고 더 좋은 코드로 변경더 좋은 코드를 작성하기 위해 동료와 소통하고 장단점 파악,"K.N. King/C Programming: A Modern Approach/Norton,그레그 페리 , 딘 밀러 지음 | 천인국 옮김/어서와 C언어는 처음이지! 초보자를 위한 C 프로그래밍 완벽가이드/인피니티북스",,"Brian W. Kernighan, Dennis M. Ritchie/C Programming Language/Prentice Hall,Stephen G. Kochan/Programming in C/Pearson Education","필수선수과목 : None,추천선수과목 : None",True,True
17897,컴퓨터프로그래밍기초PBL,1,2학기,2.0,전공선택,적극적 참여를 유도하고 학습한 내용을 적용하여 코딩을 활용하여 문제를 해결컴퓨터 기반의 논리적 사고체계를 적용하여 코딩으로 문제를 해결C언어의 기본 문법을 활용하여 주어진 문제를 코딩으로 해결코딩 중에 발생한 오류를 분석하고 해결동료가 작성한 코드를 읽고 발생가능한 문제점을 지적하고 더 좋은 코드로 변경더 좋은 코드를 작성하기 위해 동료와 소통하고 장단점 파악,"K.N. King/C Programming: A Modern Approach/Norton,그레그 페리 , 딘 밀러 지음 | 천인국 옮김/어서와 C언어는 처음이지! 초보자를 위한 C 프로그래밍 완벽가이드/인피니티북스",,"Brian W. Kernighan, Dennis M. Ritchie/C Programming Language/Prentice Hall,Stephen G. Kochan/Programming in C/Pearson Education","필수선수과목 : None,추천선수과목 : None",True,True
17898,컴퓨터프로그래밍기초PBL,1,2학기,2.0,전공선택,적극적 참여를 유도하고 학습한 내용을 적용하여 코딩을 활용하여 문제를 해결컴퓨터 기반의 논리적 사고체계를 적용하여 코딩으로 문제를 해결C언어의 기본 문법을 활용하여 주어진 문제를 코딩으로 해결코딩 중에 발생한 오류를 분석하고 해결동료가 작성한 코드를 읽고 발생가능한 문제점을 지적하고 더 좋은 코드로 변경더 좋은 코드를 작성하기 위해 동료와 소통하고 장단점 파악,"K.N. King/C Programming: A Modern Approach/Norton,그레그 페리 , 딘 밀러 지음 | 천인국 옮김/어서와 C언어는 처음이지! 초보자를 위한 C 프로그래밍 완벽가이드/인피니티북스",,"Brian W. Kernighan, Dennis M. Ritchie/C Programming Language/Prentice Hall,Stephen G. Kochan/Programming in C/Pearson Education","필수선수과목 : None,추천선수과목 : None",True,True
17899,컴퓨터프로그래밍기초PBL,1,2학기,2.0,전공선택,적극적 참여를 유도하고 학습한 내용을 적용하여 코딩을 활용하여 문제를 해결컴퓨터 기반의 논리적 사고체계를 적용하여 코딩으로 문제를 해결C언어의 기본 문법을 활용하여 주어진 문제를 코딩으로 해결코딩 중에 발생한 오류를 분석하고 해결동료가 작성한 코드를 읽고 발생가능한 문제점을 지적하고 더 좋은 코드로 변경더 좋은 코드를 작성하기 위해 동료와 소통하고 장단점 파악,"K.N. King/C Programming: A Modern Approach/Norton,그레그 페리 , 딘 밀러 지음 | 천인국 옮김/어서와 C언어는 처음이지! 초보자를 위한 C 프로그래밍 완벽가이드/인피니티북스",,"Brian W. Kernighan, Dennis M. Ritchie/C Programming Language/Prentice Hall,Stephen G. Kochan/Programming in C/Pearson Education","필수선수과목 : None,추천선수과목 : None",True,True
17900,컴퓨터프로그래밍기초PBL,1,2학기,2.0,전공선택,c언어 프로그래밍 문법을 이해한다.c언어 프로그래밍으로 다양한 문제를 해결할 수 있다.,"K.N.KING/C Programming: A Modern Approach, 2nd Edition/,천인국/쉽게 풀어쓴 C언어 EXPRESS/생능출판사",,,,True,True
17901,컴퓨터프로그래밍기초PBL,1,2학기,2.0,전공선택,c언어 프로그래밍 문법을 이해한다.c언어 프로그래밍으로 다양한 문제를 해결할 수 있다.,"K.N.KING/C Programming: A Modern Approach, 2nd Edition/,천인국/쉽게 풀어쓴 C언어 EXPRESS/생능출판사",,,,True,True
17902,컴퓨터프로그래밍기초실습PBL,1,2학기,1.0,전공선택,적극적 참여를 유도하고 학습한 내용을 적용하여 코딩을 활용하여 문제를 해결컴퓨터 기반의 논리적 사고체계를 적용하여 코딩으로 문제를 해결C언어의 기본 문법을 활용하여 주어진 문제를 코딩으로 해결코딩 중에 발생한 오류를 분석하고 해결동료가 작성한 코드를 읽고 발생가능한 문제점을 지적하고 더 좋은 코드로 변경더 좋은 코드를 작성하기 위해 동료와 소통하고 장단점 파악,"K.N. King/C Programming: A Modern Approach/Norton,그레그 페리 , 딘 밀러 지음 | 천인국 옮김/어서와 C언어는 처음이지! 초보자를 위한 C 프로그래밍 완벽가이드/인피니티북스",,"Brian W. Kernighan, Dennis M. Ritchie/C Programming Language/Prentice Hall,Stephen G. Kochan/Programming in C/Pearson Education","필수선수과목 : None,추천선수과목 : None",True,True
17903,컴퓨터프로그래밍기초실습PBL,1,2학기,1.0,전공선택,c언어 프로그래밍 문법을 이해한다.c언어 프로그래밍으로 다양한 문제를 해결할 수 있다.,K. N. King/C Programming: A Modern Approach/W. W. Norton,,,,True,True
17904,컴퓨터프로그래밍기초실습PBL,1,2학기,1.0,전공선택,적극적 참여를 유도하고 학습한 내용을 적용하여 코딩을 활용하여 문제를 해결컴퓨터 기반의 논리적 사고체계를 적용하여 코딩으로 문제를 해결C언어의 기본 문법을 활용하여 주어진 문제를 코딩으로 해결코딩 중에 발생한 오류를 분석하고 해결동료가 작성한 코드를 읽고 발생가능한 문제점을 지적하고 더 좋은 코드로 변경더 좋은 코드를 작성하기 위해 동료와 소통하고 장단점 파악,"K.N. King/C Programming: A Modern Approach/Norton,그레그 페리 , 딘 밀러 지음 | 천인국 옮김/어서와 C언어는 처음이지! 초보자를 위한 C 프로그래밍 완벽가이드/인피니티북스",,"Brian W. Kernighan, Dennis M. Ritchie/C Programming Language/Prentice Hall,Stephen G. Kochan/Programming in C/Pearson Education","필수선수과목 : None,추천선수과목 : None",True,True
17905,컴퓨터프로그래밍기초실습PBL,1,2학기,1.0,전공선택,적극적 참여를 유도하고 학습한 내용을 적용하여 코딩을 활용하여 문제를 해결컴퓨터 기반의 논리적 사고체계를 적용하여 코딩으로 문제를 해결C언어의 기본 문법을 활용하여 주어진 문제를 코딩으로 해결코딩 중에 발생한 오류를 분석하고 해결동료가 작성한 코드를 읽고 발생가능한 문제점을 지적하고 더 좋은 코드로 변경더 좋은 코드를 작성하기 위해 동료와 소통하고 장단점 파악,"K.N. King/C Programming: A Modern Approach/Norton,그레그 페리 , 딘 밀러 지음 | 천인국 옮김/어서와 C언어는 처음이지! 초보자를 위한 C 프로그래밍 완벽가이드/인피니티북스",,"Brian W. Kernighan, Dennis M. Ritchie/C Programming Language/Prentice Hall,Stephen G. Kochan/Programming in C/Pearson Education","필수선수과목 : None,추천선수과목 : None",True,True
17906,컴퓨터프로그래밍기초실습PBL,1,2학기,1.0,전공선택,적극적 참여를 유도하고 학습한 내용을 적용하여 코딩을 활용하여 문제를 해결컴퓨터 기반의 논리적 사고체계를 적용하여 코딩으로 문제를 해결C언어의 기본 문법을 활용하여 주어진 문제를 코딩으로 해결코딩 중에 발생한 오류를 분석하고 해결동료가 작성한 코드를 읽고 발생가능한 문제점을 지적하고 더 좋은 코드로 변경더 좋은 코드를 작성하기 위해 동료와 소통하고 장단점 파악,"K.N. King/C Programming: A Modern Approach/Norton,그레그 페리 , 딘 밀러 지음 | 천인국 옮김/어서와 C언어는 처음이지! 초보자를 위한 C 프로그래밍 완벽가이드/인피니티북스",,"Brian W. Kernighan, Dennis M. Ritchie/C Programming Language/Prentice Hall,Stephen G. Kochan/Programming in C/Pearson Education","필수선수과목 : None,추천선수과목 : None",True,True
17907,자료구조및알고리즘PBL,2,1학기,3.0,전공필수,"A good algorithm usually comes together with a set of good data structures that allow the algorithm to manipulate the data efficiently. In this course, we consider the common data structures that are used in various computational problems.We are going to cover basic data structures such as arrays, singlylinked lists, doublylinked lists, stack, queues, and trees. We also cover algorithm topics such as binary trees priority queues, heap, disjoint sets, hash tables, and various search algorithms.",,,"Ellis Horowitz, Sartaj Sahni, and Susan AndersonFreed/Fundamentals of Data Structures in C,/Silicon Press,Udi Manber/Introduction to Algorithms: A Creative Approach/AddisonWesley","필수선수과목 : 컴퓨터프로그래밍기초, 컴퓨터프로그래밍기초실습",True,True
17908,자료구조및알고리즘PBL,2,1학기,3.0,전공필수,"A good algorithm usually comes together with a set of good data structures that allow the algorithm to manipulate the data efficiently. In this course, we consider the common data structures that are used in various computational problems.We are going to cover basic data structures such as arrays, singlylinked lists, doublylinked lists, stack, queues, and trees. We also cover algorithm topics such as binary trees priority queues, heap, disjoint sets, hash tables, and various search algorithms.",,,"Ellis Horowitz, Sartaj Sahni, and Susan AndersonFreed/Fundamentals of Data Structures in C,/Silicon Press,Udi Manber/Introduction to Algorithms: A Creative Approach/AddisonWesley","필수선수과목 : 컴퓨터프로그래밍기초, 컴퓨터프로그래밍기초실습",True,True
17909,자료구조및알고리즘PBL,2,1학기,3.0,전공필수,"A good algorithm usually comes together with a set of good data structures that allow the algorithm to manipulate the data efficiently. In this course, we consider the common data structures that are used in various computational problems.We are going to cover basic data structures such as arrays, singlylinked lists, doublylinked lists, stacks, queues, and trees. We also cover algorithm topics such as binary trees priority queues, heap, hash tables, and various search algorithms.","Ellis Horowitz/Fundamentals of Data Structures in C, 2/E/Silicon Valley Publishers Group,천인국/C언어로 쉽게 풀어쓴 자료구조/생능출판사",,Udi Manber/Introduction to Algorithms: A Creative Approach/AddisonWesley,"필수선수과목 : 컴퓨터프로그래밍기초, 컴퓨터프로그래밍기초실습",True,True
17910,자료구조및알고리즘PBL,2,1학기,3.0,전공필수,"A good algorithm usually comes together with a set of good data structures that allow the algorithm to manipulate the data efficiently. In this course, we consider the common data structures that are used in various computational problems.We are going to cover basic data structures such as arrays, singlylinked lists, doublylinked lists, stacks, queues, and trees. We also cover algorithm topics such as binary trees priority queues, heap, hash tables, and various search algorithms.","Ellis Horowitz/Fundamentals of Data Structures in C, 2/E/Silicon Valley Publishers Group,천인국/C언어로 쉽게 풀어쓴 자료구조/생능출판사",,Udi Manber/Introduction to Algorithms: A Creative Approach/AddisonWesley,"필수선수과목 : 컴퓨터프로그래밍기초, 컴퓨터프로그래밍기초실습",True,True
17911,자료구조및알고리즘PBL,2,1학기,3.0,전공필수,"A good algorithm usually comes together with a set of good data structures that allow the algorithm to manipulate the data efficiently. In this course, we consider the common data structures that are used in various computational problems.We are going to cover basic data structures such as arrays, singlylinked lists, doublylinked lists, stacks, queues, and trees. We also cover algorithm topics such as binary trees priority queues, heap, hash tables, and various search algorithms.","Ellis Horowitz/Fundamentals of Data Structures in C, 2/E/Silicon Valley Publishers Group,천인국/C언어로 쉽게 풀어쓴 자료구조/생능출판사",,Udi Manber/Introduction to Algorithms: A Creative Approach/AddisonWesley,"필수선수과목 : 컴퓨터프로그래밍기초, 컴퓨터프로그래밍기초실습",True,True
17912,소프트웨어개발론PBL,3,2학기,3.0,전공필수,소프트웨어 개발을 위한 공학적 접근 방법에 대하여 다음 주제를 이해하고 개발 프로젝트에 적용한다.,홍장의/소프트웨어공학이론과실제/한빛아카데미,최은만/소프트웨어공학의모든것/생능출판,,"필수선수과목 : 객체지향프로그래밍,추천선수과목 : 프로그래밍기초",True,False
17913,소프트웨어개발론PBL,3,2학기,3.0,전공필수,소프트웨어 개발을 위한 공학적 접근 방법에 대하여 다음 주제를 이해하고 개발 프로젝트에 적용한다.,홍장의/소프트웨어공학이론과실제/한빛아카데미,최은만/소프트웨어공학의모든것/생능출판,,"필수선수과목 : 객체지향프로그래밍,추천선수과목 : 프로그래밍기초",True,False
17914,소프트웨어개발론PBL,3,2학기,3.0,전공필수,소프트웨어 개발을 위한 공학적 접근 방법에 대하여 다음 주제를 이해하고 개발 프로젝트에 적용한다.,홍장의/소프트웨어공학이론과실제/한빛아카데미,최은만/소프트웨어공학의모든것/생능출판,,"필수선수과목 : 객체지향프로그래밍,추천선수과목 : 프로그래밍기초",True,False
17915,소프트웨어개발론PBL,3,2학기,3.0,전공필수,소프트웨어 개발을 위한 공학적 접근 방법에 대하여 다음 주제를 이해하고 개발 프로젝트에 적용한다.,홍장의/소프트웨어공학이론과실제/한빛아카데미,최은만/소프트웨어공학의모든것/생능출판,,"필수선수과목 : 객체지향프로그래밍,추천선수과목 : 프로그래밍기초",True,False
17919,기계공작실습,2,1학기,2.0,전공선택,"기계, 항공기, 자동차 등의 설계 및 개발에서 널리 사용되고 있는 CATIA를 이용하여 CAD/CAM의 기본지식을 충분히 응용할 수 있도록 한다.이를 위하여 2차 및 3차원 CAD정보 생성을 위한 CATIA의 세부 function을 익히고, 항공기, 자동차, 선박등의 모델을 대상으로 자유곡면을 포함한 3D 형상모델링 구축 가능하도록 한다.",/선반 및 밀링 사용 설명서/,,,"필수선수과목 : 전산기계제도,추천선수과목 : 창의적기초공학설계",True,False
17920,종합설계,4,1학기,3.0,전공필수,"본 강좌는 항공우주공학전공 소속 교수의 지도에 따라 조별로 주제를 정해서 시스템에 대한 종합설계를 수행하며 종합설계 I의 연속되는 과정으로 본 과정의 궁극적인 목표는 시스템 제작의 완성이다. 본 과정에서는 지도교수의 지도 하에 과제에 대한 기본개념을 파악한 후 자료조사와 실현성에 대한 검토를 충분히 한다.  선정된  종합 설계 과제에 대해서는 조별로 계획된 단계를 각 지도교수님들의 지도 하에 진행하며 그에 따라 기본설계, 상세설계 등 도면 작업들이 수행된다. 그리고 완성된 도면에 따라 시스템이 제작된다. 제품의 설계는 CAD 및 해석 프로그램을 활용하고, 제작은 각자 분담된 부품별로 제작하고 최종 조립은 공동으로 수행한다. 설계, 제작, 시험 진행절차 및 문서화 정도와 최종 결과물에 대한 발표를 통해 평가가 이루어진다.",,/전공관련 서적/,,"필수선수과목 : 항공기설계, 비행역학해석, 항공기구조역학",True,False
17921,종합설계,4,1학기,3.0,전공필수,"미래의 정보처리시스템 및 항공전자시스템에 관련된 기술을 연구 및 개발할 수 있는 능력을 배양하기 위해서 지도교수의 지도에 따라 조별로 특정한 주제를 기획, 설계, 제작, 관리, 분석하는 종합적인 과정을 경험하고 이를 발표한다. 아울러 최종 결과물을 논문 형식으로 기술한다.",/임베디드 시스템 관련 전공서적/,,"김시중/과학논문 작성법/고려대학교 출판부,박준영외/보고서작성 및 프리젠테이션 기법/인터비전",,True,False
17922,종합설계,4,1학기,3.0,전공필수,"미래의 정보처리시스템 및 항공전자시스템에 관련된 기술을 연구 및 개발할 수 있는 능력을 배양하기 위해서 지도교수의 지도에 따라 조별로 특정한 주제를 기획, 설계, 제작, 관리, 분석하는 종합적인 과정을 경험하고 이를 발표한다. 아울러 최종 결과물을 논문 형식으로 기술한다.",/임베디드 시스템 관련 전공서적/,,"김시중/과학논문 작성법/고려대학교 출판부,박준영외/보고서작성 및 프리젠테이션 기법/인터비전",,True,False
17923,종합설계,4,1학기,3.0,전공필수,"미래의 정보처리시스템 및 항공전자시스템에 관련된 기술을 연구 및 개발할 수 있는 능력을 배양하기 위해서 지도교수의 지도에 따라 조별로 특정한 주제를 기획, 설계, 제작, 관리, 분석하는 종합적인 과정을 경험하고 이를 발표한다. 아울러 최종 결과물을 논문 형식으로 기술한다.",/임베디드 시스템 관련 전공서적/,,"김시중/과학논문 작성법/고려대학교 출판부,박준영외/보고서작성 및 프리젠테이션 기법/인터비전",,True,False
17924,소프트웨어기초,1,1학기,3.0,전공선택,소프웨어 학습 경험이 없는 학생이 소프트웨어 문법을 학습하고 주어진 문제를 해결할 수 있는 능력을 배양한다.소프트웨어 관련과목인 컴퓨터프로그래밍과 자료구조등 소프트웨어 학습을 위한 기초를 다진다.소프트웨어의 개발 절차와 동작 방식을 이해한다.,"송석리/모두의 데이터분석 with 파이썬/길벗,천인국/시간순삭 파이썬/생능",,천인국/어서와 파이썬은 처음이지/생능,,True,False
17925,소프트웨어기초,1,1학기,3.0,전공선택,소프웨어 학습 경험이 없는 학생이 소프트웨어 문법을 학습하고 주어진 문제를 해결할 수 있는 능력을 배양한다.소프트웨어 관련과목인 컴퓨터프로그래밍과 자료구조등 소프트웨어 학습을 위한 기초를 다진다.소프트웨어의 개발 절차와 동작 방식을 이해한다.,"송석리/모두의 데이터분석 with 파이썬/길벗,천인국/시간순삭 파이썬/생능",,천인국/어서와 파이썬은 처음이지/생능,,True,False
17926,소프트웨어기초,1,1학기,3.0,전공선택,소프웨어 학습 경험이 없는 학생이 소프트웨어 문법을 학습하고 주어진 문제를 해결할 수 있는 능력을 배양한다.소프트웨어 관련과목인 컴퓨터프로그래밍과 자료구조등 소프트웨어 학습을 위한 기초를 다진다.소프트웨어의 개발 절차와 동작 방식을 이해한다.,"송석리/모두의 데이터분석 with 파이썬/길벗,천인국/시간순삭 파이썬/생능",,천인국/어서와 파이썬은 처음이지/생능,,True,False
17927,고체역학2,2,2학기,3.0,전공선택,"고체역학은 힘의 평형을 다루는 정역학 기초 지식을 바탕으로 하중을 받는 부재의 내부에 발생하는 응력 및 변형률에 대해 다루는 과목이다. 본 강의는 고체역학2 과목으로 보, 응력과 변형률의 해석, 평면응력, 처짐 및 좌굴에 대한 이론을 전달하여 학생들의 하중을 받는 구조의 해석 및 이의 역과정인 설계에 대한 능력을 배양하고자 한다. 본 과목은 신성장 산업의 맞춤형 인재 양성을 목표로 한국항공우주산업 등과 산학 연계하여 산업현장과 사회에서 요구하는 문제해결·협업·실무 능력 등을 갖추고 학생의 역량강화와 기업의 경쟁력 제고를 위한 고체역학2 내용을 강의한다.",James M. Gere 외/SI재료역학 8판/CENGAGE,,,,True,False
17928,수직이착륙기항공역학,4,1학기,3.0,전공선택,"수직이착륙기는 로터 시스템을 이용하여 수직으로 이착륙 비행을 할 수 있는 항공기를 의미한다. 본 강의에서는 공기역학의 기본적인 지식을 바탕으로 회전익 날개에서 발생하는 양력과 항력의 발생 원리에 대한 핵심적인 이론을 학습한다. 이를 기반으로 수직이착륙기 주위의 물리적 현상을 고찰하고 성능 예측, 후류, 비행 안정성 및 소음에 대해 학습함으로써 비행체 해석 및 설계에 필요한 기본적인 비행 원리를 습득한다. 또한 본 강의에서는 수직이착륙기에 적용된 최신의 핵심 기술들을 소개하고 틸트 로터(tilt rotor), 덕티드 팬(ducted fan), 드론(drone), 개인용 항공기(PAV), 도심 항공 모빌리티(UAM)를 등 다양한 수직이착륙기의 개발 동향을 학습한다.",/Lecture note/,,"J. G. Leishman/Principles of Helicopter Aerodynamics/Cambridge Aerospace,M. O. L. Hansen/Aerodynamics of Wind Turbines/Routledge,R. W. Prouty et al./Helicopter Performance, Stability, and Control/Krieger Pub Co.,W. Johnson/Rotorcraft Aeromechanics/Cambridge Aerospace",,True,False
17929,수직이착륙기항공역학,4,1학기,3.0,전공선택,"수직이착륙기는 로터 시스템을 이용하여 수직으로 이착륙 비행을 할 수 있는 항공기를 의미한다. 본 강의에서는 공기역학의 기본적인 지식을 바탕으로 회전익 날개에서 발생하는 양력과 항력의 발생 원리에 대한 핵심적인 이론을 학습한다. 이를 기반으로 수직이착륙기 주위의 물리적 현상을 고찰하고 성능 예측, 후류, 비행 안정성 및 소음에 대해 학습함으로써 비행체 해석 및 설계에 필요한 기본적인 비행 원리를 습득한다. 또한 본 강의에서는 수직이착륙기에 적용된 최신의 핵심 기술들을 소개하고 틸트 로터(tilt rotor), 덕티드 팬(ducted fan), 드론(drone), 개인용 항공기(PAV), 도심 항공 모빌리티(UAM)를 등 다양한 수직이착륙기의 개발 동향을 학습한다.",/Lecture note/,,"J. G. Leishman/Principles of Helicopter Aerodynamics/Cambridge Aerospace,M. O. L. Hansen/Aerodynamics of Wind Turbines/Routledge,R. W. Prouty et al./Helicopter Performance, Stability, and Control/Krieger Pub Co.,W. Johnson/Rotorcraft Aeromechanics/Cambridge Aerospace",,True,False
17930,수직이착륙기항공역학,4,1학기,3.0,전공선택,"수직이착륙기는 로터 시스템을 이용하여 수직으로 이착륙 비행을 할 수 있는 항공기를 의미한다. 본 강의에서는 공기역학의 기본적인 지식을 바탕으로 회전익 날개에서 발생하는 양력과 항력의 발생 원리에 대한 핵심적인 이론을 학습한다. 이를 기반으로 수직이착륙기 주위의 물리적 현상을 고찰하고 성능 예측, 후류, 비행 안정성 및 소음에 대해 학습함으로써 비행체 해석 및 설계에 필요한 기본적인 비행 원리를 습득한다. 또한 본 강의에서는 수직이착륙기에 적용된 최신의 핵심 기술들을 소개하고 틸트 로터(tilt rotor), 덕티드 팬(ducted fan), 드론(drone), 개인용 항공기(PAV), 도심 항공 모빌리티(UAM)를 등 다양한 수직이착륙기의 개발 동향을 학습한다.",/Lecture note/,,"J. G. Leishman/Principles of Helicopter Aerodynamics/Cambridge Aerospace,M. O. L. Hansen/Aerodynamics of Wind Turbines/Routledge,R. W. Prouty et al./Helicopter Performance, Stability, and Control/Krieger Pub Co.,W. Johnson/Rotorcraft Aeromechanics/Cambridge Aerospace",,True,False
17931,수직이착륙기항공역학,4,1학기,3.0,전공선택,"수직이착륙기는 로터 시스템을 이용하여 수직으로 이착륙 비행을 할 수 있는 항공기를 의미한다. 본 강의에서는 공기역학의 기본적인 지식을 바탕으로 회전익 날개에서 발생하는 양력과 항력의 발생 원리에 대한 핵심적인 이론을 학습한다. 이를 기반으로 수직이착륙기 주위의 물리적 현상을 고찰하고 성능 예측, 후류, 비행 안정성 및 소음에 대해 학습함으로써 비행체 해석 및 설계에 필요한 기본적인 비행 원리를 습득한다. 또한 본 강의에서는 수직이착륙기에 적용된 최신의 핵심 기술들을 소개하고 틸트 로터(tilt rotor), 덕티드 팬(ducted fan), 드론(drone), 개인용 항공기(PAV), 도심 항공 모빌리티(UAM)를 등 다양한 수직이착륙기의 개발 동향을 학습한다.",/Lecture note/,,"J. G. Leishman/Principles of Helicopter Aerodynamics/Cambridge Aerospace,M. O. L. Hansen/Aerodynamics of Wind Turbines/Routledge,R. W. Prouty et al./Helicopter Performance, Stability, and Control/Krieger Pub Co.,W. Johnson/Rotorcraft Aeromechanics/Cambridge Aerospace",,True,False
17932,수직이착륙기항공역학,4,1학기,3.0,전공선택,"수직이착륙기는 로터 시스템을 이용하여 수직으로 이착륙 비행을 할 수 있는 항공기를 의미한다. 본 강의에서는 공기역학의 기본적인 지식을 바탕으로 회전익 날개에서 발생하는 양력과 항력의 발생 원리에 대한 핵심적인 이론을 학습한다. 이를 기반으로 수직이착륙기 주위의 물리적 현상을 고찰하고 성능 예측, 후류, 비행 안정성 및 소음에 대해 학습함으로써 비행체 해석 및 설계에 필요한 기본적인 비행 원리를 습득한다. 또한 본 강의에서는 수직이착륙기에 적용된 최신의 핵심 기술들을 소개하고 틸트 로터(tilt rotor), 덕티드 팬(ducted fan), 드론(drone), 개인용 항공기(PAV), 도심 항공 모빌리티(UAM)를 등 다양한 수직이착륙기의 개발 동향을 학습한다.",/Lecture note/,,"J. G. Leishman/Principles of Helicopter Aerodynamics/Cambridge Aerospace,M. O. L. Hansen/Aerodynamics of Wind Turbines/Routledge,R. W. Prouty et al./Helicopter Performance, Stability, and Control/Krieger Pub Co.,W. Johnson/Rotorcraft Aeromechanics/Cambridge Aerospace",,True,False
17933,고체역학1,2,1학기,3.0,전공필수,"항공우주공학전공자가 반드시 갖추어야 하는 역학의 기본지식과 응용능력을 갖추도록 한다.이를 위하여 고체역학의 접근방법, 힘의 평형, 변형, 변형율, 응력, 평형방정식 등에 관련되는 이론을 공부하고 이를 응용할 수 있도록 한다.본과목은 기계항공분야의 전과목을 공부하는데 필요한 역학적 기초이론을 다루므로 타 전공 과목을 수강하기 위한 선수과목의 의미에서 필수적 과목이다.",JamesM.Gere/Mechanics of Materials 8판 재료역학/CENGAGElearning,,,"필수선수과목 : 물리학1,추천선수과목 : 정역학",True,False
17934,고체역학1,2,1학기,3.0,전공필수,"항공우주공학전공자가 반드시 갖추어야 하는 역학의 기본지식과 응용능력을 갖추도록 한다.이를 위하여 고체역학의 접근방법, 힘의 평형, 변형, 변형율, 응력, 평형방정식 등에 관련되는 이론을 공부하고 이를 응용할 수 있도록 한다.본과목은 기계항공분야의 전과목을 공부하는데 필요한 역학적 기초이론을 다루므로 타 전공 과목을 수강하기 위한 선수과목의 의미에서 필수적 과목이다.",JamesM.Gere/Mechanics of Materials 8판 재료역학/CENGAGElearning,,,"필수선수과목 : 물리학1,추천선수과목 : 정역학",True,False
17935,자동제어,3,1학기,3.0,전공선택,"본 교과목은 기계 항공 시스템의 동역학 모델에 대한 기본적인 제어기 설계 기법을 학습한다. 시간영역 및 주파수영역에서 표현된 동역학 모델에 대해 Bode, Nyquist 선도를 활용한 성능 및 안정성 해석 방법을 익히고, 아울러 주어진 모델에 대한 PID, Leadlag 제어기 설계 기법을 학습한다. 모든 모델링 및 제어기 설계는 MATLAB 소프트웨어를 사용해 수행한다.",이재원외 7인/동적시스템 자동제어(8판)/Pearson,,"김영탁외 3인/시스템 해석(4판)/Pearson,정길도외 5인/KUO의 자동제어(10판)/Mc Graw Hill",,True,True
17936,자동제어,3,1학기,3.0,전공선택,"본 교과목은 기계 항공 시스템의 동역학 모델에 대한 기본적인 제어기 설계 기법을 학습한다. 시간영역 및 주파수영역에서 표현된 동역학 모델에 대해 Bode, Nyquist 선도를 활용한 성능 및 안정성 해석 방법을 익히고, 아울러 주어진 모델에 대한 PID, Leadlag 제어기 설계 기법을 학습한다. 모든 모델링 및 제어기 설계는 MATLAB 소프트웨어를 사용해 수행한다.",이재원외 7인/동적시스템 자동제어(8판)/Pearson,,"김영탁외 3인/시스템 해석(4판)/Pearson,정길도외 5인/KUO의 자동제어(10판)/Mc Graw Hill",,True,True
17937,자동제어,3,2학기,3.0,전공선택,"This course's objective is control system design and analysis mainly for singleinputsingleoutput dynamical systems to improve their stability and performance. This course covers basic control engineering topics including mathematical modelling (using transfer function and state variables), principles of control system design, Laplace transform, system's transient and steady state responses, PID control, Rootlocus, Bode diagram, Polarplot (Nyquist) diagram, stability criteria, frequency response, and control design and analysis in frequency domain. Students are also expected to write technical English reports and work with MATLAB/SIMULINK. Here is a summary of course objectives: 1) Students are able to write equations (differential equation and transfer function) of motion for various dynamical systems; 2) Students are able to simulate the equations of motion using MATLAB/SIMULINK; 3) Students are able to do stability and performance analysis for a control system using Rootlocus, Bode plot and Nyquist plot; and 4) Students are able to do PID control design and analysis.본 과목은 신성장 산업의 맞춤형 인재 양성을 목표로 한국항공우주산업 등과 산학 연계하여 산업현장과 사회에서 요구하는 문제해결·협업·실무 능력 등을 갖추고 학생의 역량강화와 기업의 경쟁력 제고를 위한 자동제어 내용을 강의한다.",G.F. Franklin 외 2명/Feedback Control of Dynamic System (8th edition)/Prentice Hall,,,추천선수과목 : 공업수학; 동역학,True,True
17938,자동제어,3,1학기,3.0,전공선택,"본 교과목은 기계 항공 시스템의 동역학 모델에 대한 기본적인 제어기 설계 기법을 학습한다. 시간영역 및 주파수영역에서 표현된 동역학 모델에 대해 Bode, Nyquist 선도를 활용한 성능 및 안정성 해석 방법을 익히고, 아울러 주어진 모델에 대한 PID, Leadlag 제어기 설계 기법을 학습한다. 모든 모델링 및 제어기 설계는 MATLAB 소프트웨어를 사용해 수행한다.",이재원외 7인/동적시스템 자동제어(8판)/Pearson,,"김영탁외 3인/시스템 해석(4판)/Pearson,정길도외 5인/KUO의 자동제어(10판)/Mc Graw Hill",,True,True
17939,비행역학,3,2학기,3.0,전공필수,"본 과목은 항공기 개발시 비행역학 분야가 담당하는  역할과 비중을 이해하고 비행성능 해석과 정적 안정성 및 조종성 해석 및 설계에 필요한 기본 지식과 응용 능력을 함양하는데 목적이 있다. 본 과목에서는 항공기의 비행성능 및 해석을 위해 필수적인 공기역학 기본 이론과 항공기 날개이론을 복습하며, 설계된 항공기의 비행성능 해석 및 정적 안정성과 조종성 해석 능력을 배양하고 이를 바탕으로 비행성능과 조종/안정성 분야 설계 프로젝트를 수행한다. 이를 통하여 항공기 설계과정에서 비행성능 및 조종/안정성 해석이 어떻게 관련되는가를 이해함으로써 항공기 설계 능력을 배양한다.* 본 과목은 신성장 산업의 맞춤형 인재 양성을 목표로 한국항공우주산업 등과 산학 연계하여 산업현장과 사회에서 요구하는 문제해결·협업·실무 능력 등을 갖추고 학생의 역량강화와 기업의 경쟁력 제고를 위한 비행역학 내용을 강의한다.",윤용현/비행역학(개정판)/경문사,,"Bernard Etkin/Dynamics of Flight, 3rd Ed./JohnWley &amp; Sons,Jan Roskam/Airplane Flight Dynamics and Automatic Flight Control/DAR Corporation","필수선수과목 : 동역학, 공기역학,추천선수과목 : 항공우주공학개론, 정역학, 동역학, 공기역학",True,False
17940,비행역학,3,2학기,3.0,전공필수,"본 과목은 항공기 개발시 비행역학 분야가 담당하는  역할과 비중을 이해하고 비행성능 해석과 정적 안정성 및 조종성 해석 및 설계에 필요한 기본 지식과 응용 능력을 함양하는데 목적이 있다. 본 과목에서는 항공기의 비행성능 및 해석을 위해 필수적인 공기역학 기본 이론과 항공기 날개이론을 복습하며, 설계된 항공기의 비행성능 해석 및 정적 안정성과 조종성 해석 능력을 배양하고 이를 바탕으로 비행성능과 조종/안정성 분야 설계 프로젝트를 수행한다. 이를 통하여 항공기 설계과정에서 비행성능 및 조종/안정성 해석이 어떻게 관련되는가를 이해함으로써 항공기 설계 능력을 배양한다.* 본 과목은 신성장 산업의 맞춤형 인재 양성을 목표로 한국항공우주산업 등과 산학 연계하여 산업현장과 사회에서 요구하는 문제해결·협업·실무 능력 등을 갖추고 학생의 역량강화와 기업의 경쟁력 제고를 위한 비행역학 내용을 강의한다.",윤용현/비행역학(개정판)/경문사,,"Bernard Etkin/Dynamics of Flight, 3rd Ed./JohnWley &amp; Sons,Jan Roskam/Airplane Flight Dynamics and Automatic Flight Control/DAR Corporation","필수선수과목 : 동역학, 공기역학,추천선수과목 : 항공우주공학개론, 정역학, 동역학, 공기역학",True,False
17941,비행역학,3,2학기,3.0,전공필수,"본 과목은 항공기 개발시 비행역학 분야가 담당하는  역할과 비중을 이해하고 비행성능 해석과 정적 안정성 및 조종성 해석 및 설계에 필요한 기본 지식과 응용 능력을 함양하는데 목적이 있다. 본 과목에서는 항공기의 비행성능 및 해석을 위해 필수적인 공기역학 기본 이론과 항공기 날개이론을 복습하며, 설계된 항공기의 비행성능 해석 및 정적 안정성과 조종성 해석 능력을 배양하고 이를 바탕으로 비행성능과 조종/안정성 분야 설계 프로젝트를 수행한다. 이를 통하여 항공기 설계과정에서 비행성능 및 조종/안정성 해석이 어떻게 관련되는가를 이해함으로써 항공기 설계 능력을 배양한다.* 본 과목은 신성장 산업의 맞춤형 인재 양성을 목표로 한국항공우주산업 등과 산학 연계하여 산업현장과 사회에서 요구하는 문제해결·협업·실무 능력 등을 갖추고 학생의 역량강화와 기업의 경쟁력 제고를 위한 비행역학 내용을 강의한다.",윤용현/비행역학(개정판)/경문사,,"Bernard Etkin/Dynamics of Flight, 3rd Ed./JohnWley &amp; Sons,Jan Roskam/Airplane Flight Dynamics and Automatic Flight Control/DAR Corporation","필수선수과목 : 동역학, 공기역학,추천선수과목 : 항공우주공학개론, 정역학, 동역학, 공기역학",True,False
17942,비행역학,3,2학기,3.0,전공필수,"본 과목은 항공기 개발시 비행역학 분야가 담당하는  역할과 비중을 이해하고 비행성능 해석과 정적 안정성 및 조종성 해석 및 설계에 필요한 기본 지식과 응용 능력을 함양하는데 목적이 있다. 본 과목에서는 항공기의 비행성능 및 해석을 위해 필수적인 공기역학 기본 이론과 항공기 날개이론을 복습하며, 설계된 항공기의 비행성능 해석 및 정적 안정성과 조종성 해석 능력을 배양하고 이를 바탕으로 비행성능과 조종/안정성 분야 설계 프로젝트를 수행한다. 이를 통하여 항공기 설계과정에서 비행성능 및 조종/안정성 해석이 어떻게 관련되는가를 이해함으로써 항공기 설계 능력을 배양한다.* 본 과목은 신성장 산업의 맞춤형 인재 양성을 목표로 한국항공우주산업 등과 산학 연계하여 산업현장과 사회에서 요구하는 문제해결·협업·실무 능력 등을 갖추고 학생의 역량강화와 기업의 경쟁력 제고를 위한 비행역학 내용을 강의한다.",윤용현/비행역학(개정판)/경문사,,"Bernard Etkin/Dynamics of Flight, 3rd Ed./JohnWley &amp; Sons,Jan Roskam/Airplane Flight Dynamics and Automatic Flight Control/DAR Corporation","필수선수과목 : 동역학, 공기역학,추천선수과목 : 항공우주공학개론, 정역학, 동역학, 공기역학",True,False
17943,비행역학,3,2학기,3.0,전공필수,"본 과목은 항공기 개발시 비행역학 분야가 담당하는  역할과 비중을 이해하고 비행성능 해석과 정적 안정성 및 조종성 해석 및 설계에 필요한 기본 지식과 응용 능력을 함양하는데 목적이 있다. 본 과목에서는 항공기의 비행성능 및 해석을 위해 필수적인 공기역학 기본 이론과 항공기 날개이론을 복습하며, 설계된 항공기의 비행성능 해석 및 정적 안정성과 조종성 해석 능력을 배양하고 이를 바탕으로 비행성능과 조종/안정성 분야 설계 프로젝트를 수행한다. 이를 통하여 항공기 설계과정에서 비행성능 및 조종/안정성 해석이 어떻게 관련되는가를 이해함으로써 항공기 설계 능력을 배양한다.* 본 과목은 신성장 산업의 맞춤형 인재 양성을 목표로 한국항공우주산업 등과 산학 연계하여 산업현장과 사회에서 요구하는 문제해결·협업·실무 능력 등을 갖추고 학생의 역량강화와 기업의 경쟁력 제고를 위한 비행역학 내용을 강의한다.",윤용현/비행역학(개정판)/경문사,,"Bernard Etkin/Dynamics of Flight, 3rd Ed./JohnWley &amp; Sons,Jan Roskam/Airplane Flight Dynamics and Automatic Flight Control/DAR Corporation","필수선수과목 : 동역학, 공기역학,추천선수과목 : 항공우주공학개론, 정역학, 동역학, 공기역학",True,False
17944,비행역학,3,2학기,3.0,전공필수,"본 과목은 항공기 개발시 비행역학 분야가 담당하는  역할과 비중을 이해하고 비행성능 해석과 정적 안정성 및 조종성 해석 및 설계에 필요한 기본 지식과 응용 능력을 함양하는데 목적이 있다. 본 과목에서는 항공기의 비행성능 및 해석을 위해 필수적인 공기역학 기본 이론과 항공기 날개이론을 복습하며, 설계된 항공기의 비행성능 해석 및 정적 안정성과 조종성 해석 능력을 배양하고 이를 바탕으로 비행성능과 조종/안정성 분야 설계 프로젝트를 수행한다. 이를 통하여 항공기 설계과정에서 비행성능 및 조종/안정성 해석이 어떻게 관련되는가를 이해함으로써 항공기 설계 능력을 배양한다.* 본 과목은 신성장 산업의 맞춤형 인재 양성을 목표로 한국항공우주산업 등과 산학 연계하여 산업현장과 사회에서 요구하는 문제해결·협업·실무 능력 등을 갖추고 학생의 역량강화와 기업의 경쟁력 제고를 위한 비행역학 내용을 강의한다.",윤용현/비행역학(개정판)/경문사,,"Bernard Etkin/Dynamics of Flight, 3rd Ed./JohnWley &amp; Sons,Jan Roskam/Airplane Flight Dynamics and Automatic Flight Control/DAR Corporation","필수선수과목 : 동역학, 공기역학,추천선수과목 : 항공우주공학개론, 정역학, 동역학, 공기역학",True,False
17945,항공우주SW표준과테스팅,4,1학기,3.0,전공선택,항공전자SW의 필수 인증 항목인 DO178 인증을 이해하고 실무에 적용하는 방법을 학습한다.소프트웨어의 안전성을 확보하기 위한 테스팅 실무의 기본 개념을 전달한다. 산업에서 실제 수행되는 소프트웨어 테스팅의 프로세스를 이해하고 소프트웨어 공학 기반의 실무 특성을 학습한다.,"Leanna Rierson (정수영 역)/항공전자 소프트웨어 DO178 인증 실무 가이드/도서출판 청람,권원일외 5명/개발자도 알아야 할 소프트웨어 테스팅 실무/STA",,,,True,False
17946,항공우주SW표준과테스팅,4,1학기,3.0,전공선택,항공전자SW의 필수 인증 항목인 DO178 인증을 이해하고 실무에 적용하는 방법을 학습한다.소프트웨어의 안전성을 확보하기 위한 테스팅 실무의 기본 개념을 전달한다. 산업에서 실제 수행되는 소프트웨어 테스팅의 프로세스를 이해하고 소프트웨어 공학 기반의 실무 특성을 학습한다.,"Leanna Rierson (정수영 역)/항공전자 소프트웨어 DO178 인증 실무 가이드/도서출판 청람,권원일외 5명/개발자도 알아야 할 소프트웨어 테스팅 실무/STA",,,,True,False
17947,기계학습,4,2학기,3.0,전공선택,"본 교과 과정에서는 기계학습의 핵심 개념과 구현 기술을 학습합니다. 데이터를 수집하고 전처리하기 위한 python 라이브러리 사용법을 학습합니다.회귀 문제, 분류 문제, 군집 문제를 데이터를 기반으로 해결하는 머신러닝 알고리즘을 이해하고 구현합니다.",권철민/파이썬 머신러닝 완벽 가이드/위키북스,,,,True,True
17948,데이터베이스,3,1학기,3.0,전공선택,문제가 의도하는 쿼리를 작성하여 원하는 정보를 추출할 수 있다.서버에 접속하여 쿼리를 요청하고 정보를 획득하여 가공할 수 있다.시스템에서 요구하는 DB를 설계하여 스키마를 생성할 수 있다.,Gehrek Ramakrishnan/Database Management Systems/McGrawHill,,"C.J. Date/An Introduction to Database Systems/Pearson,Hector GarciaMolina, Jeff Ullman, and Jennifer Widom/Database Systems: The Complete book/Pearson,Takahashi Mana 지음 홍희정 옮김/만화로 쉽게 배우는 데이터베이스/성안당","추천선수과목 : Data Structure, C",True,True
17949,데이터베이스,3,1학기,3.0,전공선택,문제가 의도하는 쿼리를 작성하여 원하는 정보를 추출할 수 있다.서버에 접속하여 쿼리를 요청하고 정보를 획득하여 가공할 수 있다.시스템에서 요구하는 DB를 설계하여 스키마를 생성할 수 있다.,Gehrek Ramakrishnan/Database Management Systems/McGrawHill,,"C.J. Date/An Introduction to Database Systems/Pearson,Hector GarciaMolina, Jeff Ullman, and Jennifer Widom/Database Systems: The Complete book/Pearson,Takahashi Mana 지음 홍희정 옮김/만화로 쉽게 배우는 데이터베이스/성안당","추천선수과목 : Data Structure, C",True,True
17950,데이터베이스,3,1학기,3.0,전공선택,문제가 의도하는 쿼리를 작성하여 원하는 정보를 추출할 수 있다.서버에 접속하여 쿼리를 요청하고 정보를 획득하여 가공할 수 있다.시스템에서 요구하는 DB를 설계하여 스키마를 생성할 수 있다.,Gehrek Ramakrishnan/Database Management Systems/McGrawHill,,"C.J. Date/An Introduction to Database Systems/Pearson,Hector GarciaMolina, Jeff Ullman, and Jennifer Widom/Database Systems: The Complete book/Pearson,Takahashi Mana 지음 홍희정 옮김/만화로 쉽게 배우는 데이터베이스/성안당","추천선수과목 : Data Structure, C",True,True
17951,데이터베이스,3,1학기,3.0,전공선택,문제가 의도하는 쿼리를 작성하여 원하는 정보를 추출할 수 있다.서버에 접속하여 쿼리를 요청하고 정보를 획득하여 가공할 수 있다.시스템에서 요구하는 DB를 설계하여 스키마를 생성할 수 있다.,Gehrek Ramakrishnan/Database Management Systems/McGrawHill,,"C.J. Date/An Introduction to Database Systems/Pearson,Hector GarciaMolina, Jeff Ullman, and Jennifer Widom/Database Systems: The Complete book/Pearson,Takahashi Mana 지음 홍희정 옮김/만화로 쉽게 배우는 데이터베이스/성안당","추천선수과목 : Data Structure, C",True,True
17952,열역학,2,1학기,3.0,전공선택,"This lecture covers basic concepts in thermodynamics. Before midterm exam, we will study thermodynamic properties, phase change, 1st law of thermodynamics (conservation of energy). After the midterm exam, the lecture mainly focuses on the entropy and 2nd law of thermodynamics, excery and useful energy, various thermodynamic cycles",Yunas A. Cengel and Michael A. Boles/Thermodynamics: An Engineering Approach/ McGrawHill,,,,True,False
17953,열역학,2,1학기,3.0,전공선택,"This lecture covers basic concepts in thermodynamics. Before midterm exam, we will study about thermodynamic properties, phase change, 1st law of thermodynamics (conservation of energy). After midterm exam, the lecture mainly focuses on the entropy and 2nd law of thermodynamics, excery and useful energy, various thermodynamic cycles",Yunas A. Cengel and Michael A. Boles/Thermodynamics: An Engineering Approach/McGrawHill,,,"추천선수과목 : 물리I, 물리II",True,False
17954,동역학,2,2학기,3.0,전공선택,"동역학(Dynamics)은 물체의 운동을 기술하는 기구학(Kinematics)과 물체에 가해진 힘과 물체의 운동간의 관계를 나타내는 운동학(Kinetics)에 관한 것으로, 본 교과목은 아래의 학습목표를 갖는다.1. 기구학과 운동학의 차이, 질점과 강체의 차이를 이해하고 설명할 수 있다.2. 질점의 기구학과 운동학과 관련 문제를 정의하고 해를 도출한 후 그 결과를 분석할 수 있다. 3. 강체의 기구학과 운동학과 관련 문제를 정의하고 해를 도출한 후 그 결과를 분석할 수 있다. 4. 학습내용을 토대로 각종 물체(유체, 로켓 등을 포함)의 운동을 수식화하고 컴퓨터를 활용해 그 운동을 그래프로 도식화할 수 있다. 5. 자이로스코프 효과를 이해하고 설명할 수 있다.본 과목은 신성장 산업의 맞춤형 인재 양성을 목표로 한국항공우주산업 등과 산학 연계하여 산업현장과 사회에서 요구하는 문제해결·협업·실무 능력 등을 갖추고 학생의 역량강화와 기업의 경쟁력 제고를 위한 동역학 내용을 강의한다.",JL Meriam et. al./Dynamics/Wiley,,,"추천선수과목 : 정역학, 고체역학, 공학수학 1",True,False
17955,동역학,2,2학기,3.0,전공선택,"* 동역학은 운동 중인 물체를 해석하고 다루는 역학 중의 한 분야이다. 동역학은 두 분야 즉, 운동의 기하학을 연구하는 운동학(Kinematics)과 물체에 작용하는 힘, 물체의 질량, 그리고 물체의 운동간에 존재하는 관계를 연구하는 운동역학(Kinetics)으로 구분된다. 본 교과목은 질점(Particles)과 강체(Rigid bodies)에 대한 Newton 운동역학 내용을 중점적으로 교육함으로써 동역학적 구동 기계시스템의 이해와 해석, 설계능력을 갖추게 하는데 그 교육목표를 두고 있다. 이를 통하여 기구학, 진동학, 기계제어 분야의 전문지식을 이해하는데 필요한 기본적인 전공지식을 갖추도록 한다. 또한 수강의생의 이해정도에 따라 Matlab/Mathmatica와 같은 고급 프로그램 언어를 이용한 동역학 운동특성 모사에 대한 전산모사 기법 설명 및 실습 시간을 통해 학부생들에게 실무 응용능력을 배양하고자 한다.* 본 과목은 신성장 산업의 맞춤형 인재 양성을 목표로 한국항공우주산업 등과 산학 연계하여 산업현장과 사회에서 요구하는 문제해결·협업·실무 능력 등을 갖추고 학생의 역량강화와 기업의 경쟁력 제고를 위한 동역학 내용을 강의한다.",김동현/전산동역학/,,이장무 역 (Beer/Johnston)/Vector 동역학/희중당,"필수선수과목 : 공학수학1,추천선수과목 : 정역학",True,False
17956,동역학,2,2학기,3.0,전공선택,"* 동역학은 운동 중인 물체를 해석하고 다루는 역학 중의 한 분야이다. 동역학은 두 분야 즉, 운동의 기하학을 연구하는 운동학(Kinematics)과 물체에 작용하는 힘, 물체의 질량, 그리고 물체의 운동간에 존재하는 관계를 연구하는 운동역학(Kinetics)으로 구분된다. 본 교과목은 질점(Particles)과 강체(Rigid bodies)에 대한 Newton 운동역학 내용을 중점적으로 교육함으로써 동역학적 구동 기계시스템의 이해와 해석, 설계능력을 갖추게 하는데 그 교육목표를 두고 있다. 이를 통하여 기구학, 진동학, 기계제어 분야의 전문지식을 이해하는데 필요한 기본적인 전공지식을 갖추도록 한다. 또한 수강의생의 이해정도에 따라 Matlab/Mathmatica와 같은 고급 프로그램 언어를 이용한 동역학 운동특성 모사에 대한 전산모사 기법 설명 및 실습 시간을 통해 학부생들에게 실무 응용능력을 배양하고자 한다.* 본 과목은 신성장 산업의 맞춤형 인재 양성을 목표로 한국항공우주산업 등과 산학 연계하여 산업현장과 사회에서 요구하는 문제해결·협업·실무 능력 등을 갖추고 학생의 역량강화와 기업의 경쟁력 제고를 위한 동역학 내용을 강의한다.",김동현/전산동역학/,,이장무 역 (Beer/Johnston)/Vector 동역학/희중당,"필수선수과목 : 공학수학1,추천선수과목 : 정역학",True,False
17957,유체역학,2,2학기,3.0,전공필수,"This lecture covers basic concepts in fluid mechanics for undergraduate students in Aerospace and Software Engineering. After covering thefundamental knowledge about fluid (continuum model, pressure, viscosity, thermodynamics properties, etc.), we derive the integral and differential formulations for fluid transport. The dimensional analysis will be also followed. Then, we will consider the simple flow phenomena such as potential flow, internal flow, and external flow.본 과목은 신성장 산업의 맞춤형 인재 양성을 목표로 한국항공우주산업 등과 산학 연계하여 산업현장과 사회에서 요구하는 문제해결·협업·실무 능력 등을 갖추고 학생의 역량강화와 기업의 경쟁력 제고를 위한 유체역학 내용을 강의한다.",Frank M. White/Fluid Mechanics (8th edition)/McGrawHill,,,추천선수과목 : 열역학,True,False
17958,유체역학,2,2학기,3.0,전공필수,"This lecture covers basic concepts in fluid mechanics for the undergraduate students in Aerospace and Software Engineering. After covering the fundamental knowledge about fluid (continuum model, pressure, viscosity, thermodynamics properties, etc.), we derive the integral and differential formulations for fluid transport. The dimensional analysis will be also followed. Then, we will consider the simple flow phenomena such as such as potential flow, internal flow, and external flow.본 과목은 신성장 산업의 맞춤형 인재 양성을 목표로 한국항공우주산업 등과 산학 연계하여 산업현장과 사회에서 요구하는 문제해결·협업·실무 능력 등을 갖추고 학생의 역량강화와 기업의 경쟁력 제고를 위한 유체역학 내용을 강의한다.",Frank M. White/Fluid Mechanics (8th edition)/McGrawHill,,,"필수선수과목 : 공학수학1,추천선수과목 : 열역학",True,False
17959,수치해석,2,2학기,3.0,전공선택,"컴퓨터언어 Python을 사용하여 프로그램을 작성, 수정 및 결과를 분석할 수 있는 능력을 양성한다.기본적 공학 문제의 해를 컴퓨터를 사용하여 구하는 방법론을 이해하고 이를 자신의 힘으로 응용할 수 있는 능력을 양성한다.본 과목은 신성장 산업의 맞춤형 인재 양성을 목표로 한국항공우주산업 등과 산학 연계하여 산업현장과 사회에서 요구하는 문제해결·협업·실무 능력 등을 갖추고 학생의 역량강화와 기업의 경쟁력 제고를 위한 수치해석 내용을 강의한다.",구본용 김상철 박찬우/Python을 이용한 공학수치해석/학산미디어,,,추천선수과목 : 공학수학,True,True
17960,항공기구조역학,3,1학기,3.0,전공선택,"본 과목에서는 항공기 구조설계 및 해석을 위한 기본적인 역학적 원리와 방법을 교육한다. 특히 본 과목을 통해 단순 부품의 설계를 넘어, 항공기 구조물에서의 하중전달 원리와 구조물 치수화의 방법을 익힐 수 있도록 한다. 또한 항공기 각 구조물에 대한 역학적 설계 원리와 방법을, 수학적 접근이 아닌, 하중전달 원리의 측면에서 다루는 것이 기존의 교육과 크게 다른 점이다. 동시에 항공기 구조설계의 원리를 실제 사례를 사용하여 교육하므로 항공기 구조설계에 필요한 실질적 지식을 습득할 수 있다. 이를 위해서는 먼저 하중과 응력에 대한 고체역학적 기본지식을 갖추고 있어야 하며, 항공기의 비행원리 등에 대한 기본적인 학습이 필요하다.",C.T.SUN/Mechanics of Aircraft Structures/WILEY,,권진회 외/항공기 구조설계/경문사,"필수선수과목 : 고체역학,추천선수과목 : 항공우주및소프트웨어공학개론",True,False
17961,항공기구조역학,3,1학기,3.0,전공선택,"본 과목에서는 항공기 구조설계 및 해석을 위한 기본적인 역학적 원리와 방법을 교육한다. 특히 본 과목을 통해 단순 부품의 설계를 넘어, 항공기 구조물에서의 하중전달 원리와 구조물 치수화의 방법을 익힐 수 있도록 한다. 또한 항공기 각 구조물에 대한 역학적 설계 원리와 방법을, 수학적 접근이 아닌, 하중전달 원리의 측면에서 다루는 것이 기존의 교육과 크게 다른 점이다. 동시에 항공기 구조설계의 원리를 실제 사례를 사용하여 교육하므로 항공기 구조설계에 필요한 실질적 지식을 습득할 수 있다. 이를 위해서는 먼저 하중과 응력에 대한 고체역학적 기본지식을 갖추고 있어야 하며, 항공기의 비행원리 등에 대한 기본적인 학습이 필요하다.",권진회/항공기구조역학 강의노트/해당사항없음,,권진회 외/항공기 구조설계/경문사,"필수선수과목 : 고체역학,추천선수과목 : 항공우주및소프트웨어공학개론",True,False
17962,항공기구조역학,3,1학기,3.0,전공선택,"본 과목에서는 항공기 구조설계 및 해석을 위한 기본적인 역학적 원리와 방법을 교육한다. 특히 본 과목을 통해 단순 부품의 설계를 넘어, 항공기 구조물에서의 하중전달 원리와 구조물 치수화의 방법을 익힐 수 있도록 한다. 또한 항공기 각 구조물에 대한 역학적 설계 원리와 방법을, 수학적 접근이 아닌, 하중전달 원리의 측면에서 다루는 것이 기존의 교육과 크게 다른 점이다. 동시에 항공기 구조설계의 원리를 실제 사례를 사용하여 교육하므로 항공기 구조설계에 필요한 실질적 지식을 습득할 수 있다. 이를 위해서는 먼저 하중과 응력에 대한 고체역학적 기본지식을 갖추고 있어야 하며, 항공기의 비행원리 등에 대한 기본적인 학습이 필요하다.",C.T.SUN/Mechanics of Aircraft Structures/WILEY,,권진회 외/항공기 구조설계/경문사,"필수선수과목 : 고체역학,추천선수과목 : 항공우주및소프트웨어공학개론",True,False
17963,항공기구조역학,3,1학기,3.0,전공선택,"본 과목에서는 항공기 구조설계 및 해석을 위한 기본적인 역학적 원리와 방법을 교육한다. 특히 본 과목을 통해 단순 부품의 설계를 넘어, 항공기 구조물에서의 하중전달 원리와 구조물 치수화의 방법을 익힐 수 있도록 한다. 또한 항공기 각 구조물에 대한 역학적 설계 원리와 방법을, 수학적 접근이 아닌, 하중전달 원리의 측면에서 다루는 것이 기존의 교육과 크게 다른 점이다. 동시에 항공기 구조설계의 원리를 실제 사례를 사용하여 교육하므로 항공기 구조설계에 필요한 실질적 지식을 습득할 수 있다. 이를 위해서는 먼저 하중과 응력에 대한 고체역학적 기본지식을 갖추고 있어야 하며, 항공기의 비행원리 등에 대한 기본적인 학습이 필요하다.",권진회/항공기구조역학 강의노트/해당사항없음,,권진회 외/항공기 구조설계/경문사,"필수선수과목 : 고체역학,추천선수과목 : 항공우주및소프트웨어공학개론",True,False
17964,공기역학,3,1학기,3.0,전공선택,"항공기, 미사일 등의 항공우주비행체나 자동차, 풍력의 운동특성은 공기흐름에 지대한 영향을 받으므로 이에 관한 기본 역학 지식을 배운다. 공기와 대기의 물리적 성질, 양력 및 항력 발생원리를 다루고 비행체 설계에 필요한 공기력 기본 관계식을 소개한다. 에어포일의 공기역학적 특성을 중점적으로 다루어 항공기 외형 설계에 관한 지식을 배운다. 나아가 고속 자동차 공력 특성, 풍력 블레이드 공력, 항공역학에 관련된 주제도 소개한다.","조태환,변영환,이경태/공기역학의기초/테스틉북스",,"고경남,허종철/풍력공학입문/문운당",필수선수과목 : 유체역학,True,False
17965,공기역학,3,1학기,3.0,전공선택,"유체역학의 기본적인 지식을 바탕으로 공기 중의 비행체 주위에서 발생하는 양력과 항력의 발생에 대한 핵심적인 이론을 학습한다. 이를 기반으로, 공기와 대기의 물리적 성질을 학습하고 2차원 에어포일 및 3차원 유한 날개 주위에서 발생하는 양력, 항력 및 모멘트의 공기역학적 특성을 이해하며, 향후 비행체 해석 및 설계에 필요한 기본적인 비행 원리를 습득한다. 나아가 고속 공기역학, 풍력터빈 공기역학과 관련된 주제도 소개한다.","조태환, 변영환, 이경태/공기역학의 기초/텍스트북스",,"John Bertin, Russell Cummings/Aerodynamics for Engineers/Pearson,John D. Anderson/Fundamentals of Aerodynamics/McGrawHill Education,고경남, 허종철/풍력공학 입문/문운당",,True,False
17966,공기역학,3,1학기,3.0,전공선택,"유체역학의 기본적인 지식을 바탕으로 공기 중의 비행체 주위에서 발생하는 양력과 항력의 발생에 대한 핵심적인 이론을 학습한다. 이를 기반으로, 공기와 대기의 물리적 성질을 학습하고 2차원 에어포일 및 3차원 유한 날개 주위에서 발생하는 양력, 항력 및 모멘트의 공기역학적 특성을 이해하며, 향후 비행체 해석 및 설계에 필요한 기본적인 비행 원리를 습득한다. 나아가 고속 공기역학, 풍력터빈 공기역학과 관련된 주제도 소개한다.","조태환, 변영환, 이경태/공기역학의 기초/텍스트북스",,"John Bertin, Russell Cummings/Aerodynamics for Engineers/Pearson,John D. Anderson/Fundamentals of Aerodynamics/McGrawHill Education,고경남, 허종철/풍력공학 입문/문운당",,True,False
17967,공기역학,3,1학기,3.0,전공선택,"항공기, 미사일 등의 항공우주비행체나 자동차, 풍력의 운동특성은 공기흐름에 지대한 영향을 받으므로 이에 관한 기본 역학 지식을 배운다. 공기와 대기의 물리적 성질, 양력 및 항력 발생원리를 다루고 비행체 설계에 필요한 공기력 기본 관계식을 소개한다. 에어포일의 공기역학적 특성을 중점적으로 다루어 항공기 외형 설계에 관한 지식을 배운다. 나아가 고속 자동차 공력 특성, 풍력 블레이드 공력, 항공역학에 관련된 주제도 소개한다.","조태환,변영환,이경태/공기역학의기초/테스틉북스",,"고경남,허종철/풍력공학입문/문운당",필수선수과목 : 유체역학,True,False
17968,공기역학,3,1학기,3.0,전공선택,"유체역학의 기본적인 지식을 바탕으로 공기 중의 비행체 주위에서 발생하는 양력과 항력의 발생에 대한 핵심적인 이론을 학습한다. 이를 기반으로, 공기와 대기의 물리적 성질을 학습하고 2차원 에어포일 및 3차원 유한 날개 주위에서 발생하는 양력, 항력 및 모멘트의 공기역학적 특성을 이해하며, 향후 비행체 해석 및 설계에 필요한 기본적인 비행 원리를 습득한다. 나아가 고속 공기역학, 풍력터빈 공기역학과 관련된 주제도 소개한다.","조태환, 변영환, 이경태/공기역학의 기초/텍스트북스",,"John Bertin, Russell Cummings/Aerodynamics for Engineers/Pearson,John D. Anderson/Fundamentals of Aerodynamics/McGrawHill Education,고경남, 허종철/풍력공학 입문/문운당",,True,False
17969,공기역학,3,1학기,3.0,전공선택,"유체역학의 기본적인 지식을 바탕으로 공기 중의 비행체 주위에서 발생하는 양력과 항력의 발생에 대한 핵심적인 이론을 학습한다. 이를 기반으로, 공기와 대기의 물리적 성질을 학습하고 2차원 에어포일 및 3차원 유한 날개 주위에서 발생하는 양력, 항력 및 모멘트의 공기역학적 특성을 이해하며, 향후 비행체 해석 및 설계에 필요한 기본적인 비행 원리를 습득한다. 나아가 고속 공기역학, 풍력터빈 공기역학과 관련된 주제도 소개한다.","조태환, 변영환, 이경태/공기역학의 기초/텍스트북스",,"John Bertin, Russell Cummings/Aerodynamics for Engineers/Pearson,John D. Anderson/Fundamentals of Aerodynamics/McGrawHill Education,고경남, 허종철/풍력공학 입문/문운당",,True,False
17970,기계진동학,3,1학기,3.0,전공선택,"This subject is intended for undergraduate vibration course in aerospace and mechanical engineering at the junior level. Vibration is the branch of engineering that deals with repetitive motions of mechanical systems from machine parts to large elastic structures. A goal and motivation of this subject is to learn related theories, computational methods for fundamental vibration phenomona of mechanical systems. In addition, student will have computational practice using Matlab, MathCAD, and CAE softwares.",D.H. Kim/Computational Vibration Analysis Using SAMCEF/자체제작,,"Daniel J. Inman/Engineering Vibration/Prentce Hall,S. Graham Kelly/Fundamentals of Mechanical Vibrations/McGrawHill,William T. Thomson/Theory of Vibration with Applications/Prentice Hall","추천선수과목 : 정역학 (Statics), 고체역학 (Solid Mechanics), 동역학 (Dynamics)",True,False
17971,기계진동학,3,1학기,3.0,전공선택,"This subject is intended for undergraduate vibration course in aerospace and mechanical engineering at the junior level. Vibration is the branch of engineering that deals with repetitive motions of mechanical systems from machine parts to large elastic structures. A goal and motivation of this subject is to learn related theories, computational methods for fundamental vibration phenomona of mechanical systems. In addition, student will have computational practice using Matlab, MathCAD, and CAE softwares.",D.H. Kim/Computational Vibration Analysis Using SAMCEF/자체제작,,"Daniel J. Inman/Engineering Vibration/Prentce Hall,S. Graham Kelly/Fundamentals of Mechanical Vibrations/McGrawHill,William T. Thomson/Theory of Vibration with Applications/Prentice Hall","추천선수과목 : 정역학 (Statics), 고체역학 (Solid Mechanics), 동역학 (Dynamics)",True,False
17972,기계진동학,3,1학기,3.0,전공선택,"This subject is intended for undergraduate vibration course in aerospace and mechanical engineering at the junior level. Vibration is the branch of engineering that deals with repetitive motions of mechanical systems from machine parts to large elastic structures. A goal and motivation of this subject is to learn related theories, computational methods for fundamental vibration phenomona of mechanical systems. In addition, student will have computational practice using Matlab, MathCAD, and CAE softwares.",D.H. Kim/Computational Vibration Analysis Using SAMCEF/자체제작,,"Daniel J. Inman/Engineering Vibration/Prentce Hall,S. Graham Kelly/Fundamentals of Mechanical Vibrations/McGrawHill,William T. Thomson/Theory of Vibration with Applications/Prentice Hall","추천선수과목 : 정역학 (Statics), 고체역학 (Solid Mechanics), 동역학 (Dynamics)",True,False
17973,기계진동학,3,1학기,3.0,전공선택,"This subject is intended for undergraduate vibration course in aerospace and mechanical engineering at the junior level. Vibration is the branch of engineering that deals with repetitive motions of mechanical systems from machine parts to large elastic structures. A goal and motivation of this subject is to learn related theories, computational methods for fundamental vibration phenomona of mechanical systems. In addition, student will have computational practice using Matlab, MathCAD, and CAE softwares.",D.H. Kim/Computational Vibration Analysis Using SAMCEF/자체제작,,"Daniel J. Inman/Engineering Vibration/Prentce Hall,S. Graham Kelly/Fundamentals of Mechanical Vibrations/McGrawHill,William T. Thomson/Theory of Vibration with Applications/Prentice Hall","추천선수과목 : 정역학 (Statics), 고체역학 (Solid Mechanics), 동역학 (Dynamics)",True,False
17974,이산신호처리,2,2학기,3.0,전공선택,,J. Proakis and D. K. Manolakis/Digital Signal processing/Pearson New International edition,,하석운/매트랩으로 배우는 디지털 신호처리/생능출판사,,True,True
17975,이산신호처리,2,2학기,3.0,전공선택,,J. Proakis and D. K. Manolakis/Digital Signal processing/Pearson New International edition,,하석운/매트랩으로 배우는 디지털 신호처리/생능출판사,,True,True
17976,압축성유체역학,3,2학기,3.0,전공선택,"고속 항공기, 유도무기 비행체, 로켓 엔진 관련 고속 압축성 기체에 대한 기본개념, 이론 및 수치해석 기법, 설계능력 및 종합적 사고력에 관한 강의",Anderson/Modern Compressible Flowwith Historical Perspective/McGraw Hill,,"Kuethe & Chow/Foundations of Aerodynamics: Bases of Aerodynamic Design/Wiley &amp; Sons,노오현/압축성 유체 유동/박영사",추천선수과목 : 공기역학,True,False
17977,압축성유체역학,3,2학기,3.0,전공선택,"고속 항공기, 유도무기 비행체, 로켓 엔진 관련 고속 압축성 기체에 대한 기본개념, 이론 및 수치해석 기법, 설계능력 및 종합적 사고력에 관한 강의",Anderson/Modern Compressible Flowwith Historical Perspective/McGraw Hill,,"Kuethe & Chow/Foundations of Aerodynamics: Bases of Aerodynamic Design/Wiley &amp; Sons,노오현/압축성 유체 유동/박영사",추천선수과목 : 공기역학,True,False
17978,압축성유체역학,3,2학기,3.0,전공선택,"고속 항공기, 유도무기 비행체, 로켓 엔진 관련 고속 압축성 기체에 대한 기본개념, 이론 및 수치해석 기법, 설계능력 및 종합적 사고력에 관한 강의",Anderson/Modern Compressible Flowwith Historical Perspective/McGraw Hill,,"Kuethe & Chow/Foundations of Aerodynamics: Bases of Aerodynamic Design/Wiley &amp; Sons,노오현/압축성 유체 유동/박영사",추천선수과목 : 공기역학,True,False
17979,항공기설계,3,2학기,3.0,전공선택,"항공기 설계는 개념설계, 기본설계, 상세설계로 구분할 수 있으며 본 강의에서는 항공기의 개념설계에 대해 다루고자 한다. 설계 요구도 작성 및 중량 예측의 단계부터, 항공기 형상설계 및 설계해석에 이르는 개념설계 전과정에 대한 지식을 전달하여 학생들의 항공기설계 관련 역량을 배양하고자 한다. 본 과목은 신성장 산업의 맞춤형 인재 양성을 목표로 한국항공우주산업 등과 산학 연계하여 산업현장과 사회에서 요구하는 문제해결·협업·실무 능력 등을 갖추고 학생의 역량강화와 기업의 경쟁력 제고를 위한 항공기설계 내용을 강의한다.",박찬우 외/항공기 개념설계/경문사,,,,True,False
17980,비행제어설계,4,1학기,3.0,전공선택,"본 과목은 항공기 개발 시 비행역학 및 비행제어 분야가 담당하는 역할과 비중을 이해하고, 항공기 운동방정식 유도 및 분석을 통한 비행 조종/안정성 해석 능력을 배양하고, 항공기 자동비행조종장치 설계에 필요한 기본지식 및 응용 능력을 함양하는데 목적이 있다.  본 과목에서는 항공기의 비행특성 해석 및 정적 안정성과 조종성 해석 능력을 배양하고 이를 바탕으로 자동비행조종장치 설계 프로젝트를 수행한다.  이를 통해 항공기 설계 과정에서 비행제어분야의 역할을 이해하고 항공기 설계능력을 배양한다.","김병수, 김유단, 방효충, 탁민제, 홍성경/비행역학 및 제어/경문사",,"JanRoskam/Airplane Flight Dynamics and Automatic Flight Controls/DAR Corporation,John H. Blakelock/Automatic Control of Aircraft and Missiles,/ohn Wiley & Sons, Inc,Robert C. Nelson/FLIGHT STABILITY AND AUTOMATIC CONTROL/McGrawHill Book Company",추천선수과목 : 공학수학1; 동역학; 공기역학; 비행역학; 제어공학,True,True
17981,비행제어설계,4,1학기,3.0,전공선택,"본 과목은 항공기 개발 시 비행역학 및 비행제어 분야가 담당하는 역할과 비중을 이해하고, 항공기 운동방정식 유도 및 분석을 통한 비행 조종/안정성 해석 능력을 배양하고, 항공기 자동비행조종장치 설계에 필요한 기본지식 및 응용 능력을 함양하는데 목적이 있다.  본 과목에서는 항공기의 비행특성 해석 및 정적 안정성과 조종성 해석 능력을 배양하고 이를 바탕으로 자동비행조종장치 설계 프로젝트를 수행한다.  이를 통해 항공기 설계 과정에서 비행제어분야의 역할을 이해하고 항공기 설계능력을 배양한다.","김병수, 김유단, 방효충, 탁민제, 홍성경/비행역학 및 제어/경문사",,"JanRoskam/Airplane Flight Dynamics and Automatic Flight Controls/DAR Corporation,John H. Blakelock/Automatic Control of Aircraft and Missiles,/ohn Wiley & Sons, Inc,Robert C. Nelson/FLIGHT STABILITY AND AUTOMATIC CONTROL/McGrawHill Book Company",추천선수과목 : 공학수학1; 동역학; 공기역학; 비행역학; 제어공학,True,True
17982,비행제어설계,4,1학기,3.0,전공선택,"본 과목은 항공기 개발 시 비행역학 및 비행제어 분야가 담당하는 역할과 비중을 이해하고, 항공기 운동방정식 유도 및 분석을 통한 비행 조종/안정성 해석 능력을 배양하고, 항공기 자동비행조종장치 설계에 필요한 기본지식 및 응용 능력을 함양하는데 목적이 있다.  본 과목에서는 항공기의 비행특성 해석 및 정적 안정성과 조종성 해석 능력을 배양하고 이를 바탕으로 자동비행조종장치 설계 프로젝트를 수행한다.  이를 통해 항공기 설계 과정에서 비행제어분야의 역할을 이해하고 항공기 설계능력을 배양한다.","김병수, 김유단, 방효충, 탁민제, 홍성경/비행역학 및 제어/경문사",,"JanRoskam/Airplane Flight Dynamics and Automatic Flight Controls/DAR Corporation,John H. Blakelock/Automatic Control of Aircraft and Missiles,/ohn Wiley & Sons, Inc,Robert C. Nelson/FLIGHT STABILITY AND AUTOMATIC CONTROL/McGrawHill Book Company",추천선수과목 : 공학수학1; 동역학; 공기역학; 비행역학; 제어공학,True,True
17983,비행제어설계,4,1학기,3.0,전공선택,"본 과목은 항공기 개발 시 비행역학 및 비행제어 분야가 담당하는 역할과 비중을 이해하고, 항공기 운동방정식 유도 및 분석을 통한 비행 조종/안정성 해석 능력을 배양하고, 항공기 자동비행조종장치 설계에 필요한 기본지식 및 응용 능력을 함양하는데 목적이 있다.  본 과목에서는 항공기의 비행특성 해석 및 정적 안정성과 조종성 해석 능력을 배양하고 이를 바탕으로 자동비행조종장치 설계 프로젝트를 수행한다.  이를 통해 항공기 설계 과정에서 비행제어분야의 역할을 이해하고 항공기 설계능력을 배양한다.","김병수, 김유단, 방효충, 탁민제, 홍성경/비행역학 및 제어/경문사",,"JanRoskam/Airplane Flight Dynamics and Automatic Flight Controls/DAR Corporation,John H. Blakelock/Automatic Control of Aircraft and Missiles,/ohn Wiley & Sons, Inc,Robert C. Nelson/FLIGHT STABILITY AND AUTOMATIC CONTROL/McGrawHill Book Company",추천선수과목 : 공학수학1; 동역학; 공기역학; 비행역학; 제어공학,True,True
17984,전산역학입문,4,2학기,3.0,전공선택,전산구조해석 및 전산유체해석의 기초지식 교육 및 실무능력 함양수치해석기법 기초 교육 및 이를 이용한 유체역학 해석유한요소법 기초교육 및 이를 이용한 전산구조해석,,,"Blazek/Computational Fluid Dynamics/Elsevier,권진회/나스트란으로 배우는 전산구조해석/경문사,이관수/공학도를 위한 수치해석/원화","추천선수과목 : 공기역학, 항공구조역학",True,False
17985,전산역학입문,4,2학기,3.0,전공선택,전산구조해석 및 전산유체해석의 기초지식 교육 및 실무능력 함양수치해석기법 기초 교육 및 이를 이용한 유체역학 해석유한요소법 기초교육 및 이를 이용한 전산구조해석,,,"Blazek/Computational Fluid Dynamics/Elsevier,권진회/나스트란으로 배우는 전산구조해석/경문사,이관수/공학도를 위한 수치해석/원화","추천선수과목 : 공기역학, 항공구조역학",True,False
17986,전산역학입문,4,2학기,3.0,전공선택,전산구조해석 및 전산유체해석의 기초지식 교육 및 실무능력 함양수치해석기법 기초 교육 및 이를 이용한 유체역학 해석유한요소법 기초교육 및 이를 이용한 전산구조해석,,,"Blazek/Computational Fluid Dynamics/Elsevier,권진회/나스트란으로 배우는 전산구조해석/경문사,이관수/공학도를 위한 수치해석/원화","추천선수과목 : 공기역학, 항공구조역학",True,False
17987,공학수학1/이산수학,2,1학기,3.0,전공선택,"Dear all students, welcome and we will discuss some topics/elements/issues and mathematics in this class (Nonfacetoface). Evaluation will be a continuous process for benefit of students.",/Print/,,,,True,True
17988,항공우주및소프트웨어공학개론,2,1학기,3.0,전공선택,"항공우주및소프트웨어공학에 입문하는 학생이 (1) 항공우주공학 및 소프트웨어공학 각각의 주요 분야를 개략적으로 이해하고 (2) 두 분야의 공통적 영역에 해당되는 현대적 항공우주소프트웨어 공학의 성격, 내용, 중요성 등을 이해할 수 있도록 한다.","전용기/Introduction to Airborne Software/InHouse Copy,한국항공우주학회/항공우주학개론/경문사",,,"필수선수과목 : 컴퓨터프로그래밍기초,추천선수과목 : 없음",True,True
17989,항공우주및소프트웨어공학개론,2,1학기,3.0,전공선택,"항공우주및소프트웨어공학에 입문하는 학생이 (1) 항공우주공학 및 소프트웨어공학 각각의 주요 분야를 개략적으로 이해하고 (2) 두 분야의 공통적 영역에 해당되는 현대적 항공우주소프트웨어 공학의 성격, 내용, 중요성 등을 이해할 수 있도록 한다.","전용기/Introduction to Airborne Software/InHouse Copy,한국항공우주학회/항공우주학개론/경문사",,,"필수선수과목 : 컴퓨터프로그래밍기초,추천선수과목 : 없음",True,True
17990,항공우주및소프트웨어공학개론,2,1학기,3.0,전공선택,"항공우주및소프트웨어공학에 입문하는 학생이 (1) 항공우주공학 및 소프트웨어공학 각각의 주요 분야를 개략적으로 이해하고 (2) 두 분야의 공통적 영역에 해당되는 현대적 항공우주소프트웨어 공학의 성격, 내용, 중요성 등을 이해할 수 있도록 한다.","전용기/Introduction to Airborne Software/,한국항공우주학회/항공우주공학개론/한국항공우주학회",,,,True,True
17991,항공우주및소프트웨어공학개론,2,1학기,3.0,전공선택,"항공우주및소프트웨어공학에 입문하는 학생이 (1) 항공우주공학 및 소프트웨어공학 각각의 주요 분야를 개략적으로 이해하고 (2) 두 분야의 공통적 영역에 해당되는 현대적 항공우주소프트웨어 공학의 성격, 내용, 중요성 등을 이해할 수 있도록 한다.","전용기/Introduction to Airborne Software/,한국항공우주학회/항공우주공학개론/한국항공우주학회",,,,True,True
17992,Linux시스템프로그래밍,2,2학기,3.0,전공필수,,Marc Mitchell/Advanced Linux Programming/New Riders,,,,True,True
17993,Linux시스템프로그래밍,2,2학기,3.0,전공필수,,Marc Mitchell/Advanced Linux Programming/New Riders,,,,True,True
17994,컴퓨터구조,3,1학기,3.0,전공선택,"프로세서내 각 구성 요소의 구조 및 기능, 명령어 구조, 그리고 주변 장치들과의 인터페이스를 학습함으로써 임베디드 시스템에서의 하드웨어 및 소프트웨어의 연관성과 상호작용에 대한 지식을 배양한다.   프로세서의 하드웨어 구성과 각 구성요소의 내부 구조 및 동작 원리를 학습한다.  프로세서의 명령어 구조와 각 구성요소간의 관계를 이해한다.  프로세서 구조에 효과적인 프로그램 작성 능력을 배양한다.  Verilog HDL을 이용한 기본 시스템 설계를 실습한다.",D. A. Patterson/Computer Organization and Design/Morgan Kaufmann,,"J. Hayes/Computer Architecture and Organization/McGrawHill,S. Furber/ARM SystemonChip Architecture/AddisonWesley,S. Palnitkar/Verilog HDLA guide to Digital Design and Synthesis/PrenticeHall,W. Stallings/Computer Organization &amp; ArchitectureDesign for Performance/Pearson Education","추천선수과목 : 항공우주및소프트웨어공학개론, 항공전자기초, 컴퓨터프로그래밍기초",True,True
17995,컴퓨터구조,3,1학기,3.0,전공선택,"프로세서내 각 구성 요소의 구조 및 기능, 명령어 구조, 그리고 주변 장치들과의 인터페이스를 학습함으로써 임베디드 시스템에서의 하드웨어 및 소프트웨어의 연관성과 상호작용에 대한 지식을 배양한다.   프로세서의 하드웨어 구성과 각 구성요소의 내부 구조 및 동작 원리를 학습한다.  프로세서의 명령어 구조와 각 구성요소간의 관계를 이해한다.  프로세서 구조에 효과적인 프로그램 작성 능력을 배양한다.  Verilog HDL을 이용한 기본 시스템 설계를 실습한다.",D. A. Patterson/Computer Organization and Design/Morgan Kaufmann,,"J. Hayes/Computer Architecture and Organization/McGrawHill,S. Furber/ARM SystemonChip Architecture/AddisonWesley,S. Palnitkar/Verilog HDLA guide to Digital Design and Synthesis/PrenticeHall,W. Stallings/Computer Organization &amp; ArchitectureDesign for Performance/Pearson Education","추천선수과목 : 항공우주및소프트웨어공학개론, 항공전자기초, 컴퓨터프로그래밍기초",True,True
17996,컴퓨터구조,3,1학기,3.0,전공선택,"프로세서내 각 구성 요소의 구조 및 기능, 명령어 구조, 그리고 주변 장치들과의 인터페이스를 학습함으로써 임베디드 시스템에서의 하드웨어 및 소프트웨어의 연관성과 상호작용에 대한 지식을 배양한다.   프로세서의 하드웨어 구성과 각 구성요소의 내부 구조 및 동작 원리를 학습한다.  프로세서의 명령어 구조와 각 구성요소간의 관계를 이해한다.  프로세서 구조에 효과적인 프로그램 작성 능력을 배양한다.  Verilog HDL을 이용한 기본 시스템 설계를 실습한다.",D. A. Patterson/Computer Organization and Design/Morgan Kaufmann,,"J. Hayes/Computer Architecture and Organization/McGrawHill,S. Furber/ARM SystemonChip Architecture/AddisonWesley,S. Palnitkar/Verilog HDLA guide to Digital Design and Synthesis/PrenticeHall,W. Stallings/Computer Organization &amp; ArchitectureDesign for Performance/Pearson Education","추천선수과목 : 항공우주및소프트웨어공학개론, 항공전자기초, 컴퓨터프로그래밍기초",True,True
17997,컴퓨터구조,3,1학기,3.0,전공선택,"프로세서내 각 구성 요소의 구조 및 기능, 명령어 구조, 그리고 주변 장치들과의 인터페이스를 학습함으로써 임베디드 시스템에서의 하드웨어 및 소프트웨어의 연관성과 상호작용에 대한 지식을 배양한다.   프로세서의 하드웨어 구성과 각 구성요소의 내부 구조 및 동작 원리를 학습한다.  프로세서의 명령어 구조와 각 구성요소간의 관계를 이해한다.  프로세서 구조에 효과적인 프로그램 작성 능력을 배양한다.  Verilog HDL을 이용한 기본 시스템 설계를 실습한다.",D. A. Patterson/Computer Organization and Design/Morgan Kaufmann,,"J. Hayes/Computer Architecture and Organization/McGrawHill,S. Furber/ARM SystemonChip Architecture/AddisonWesley,S. Palnitkar/Verilog HDLA guide to Digital Design and Synthesis/PrenticeHall,W. Stallings/Computer Organization &amp; ArchitectureDesign for Performance/Pearson Education","추천선수과목 : 항공우주및소프트웨어공학개론, 항공전자기초, 컴퓨터프로그래밍기초",True,True
17998,컴퓨터구조,3,1학기,3.0,전공선택,"프로세서내 각 구성 요소의 구조 및 기능, 명령어 구조, 그리고 주변 장치들과의 인터페이스를 학습함으로써 임베디드 시스템에서의 하드웨어 및 소프트웨어의 연관성과 상호작용에 대한 지식을 배양한다.   프로세서의 하드웨어 구성과 각 구성요소의 내부 구조 및 동작 원리를 학습한다.  프로세서의 명령어 구조와 각 구성요소간의 관계를 이해한다.  프로세서 구조에 효과적인 프로그램 작성 능력을 배양한다.  Verilog HDL을 이용한 기본 시스템 설계를 실습한다.",D. A. Patterson/Computer Organization and Design/Morgan Kaufmann,,"J. Hayes/Computer Architecture and Organization/McGrawHill,S. Furber/ARM SystemonChip Architecture/AddisonWesley,S. Palnitkar/Verilog HDLA guide to Digital Design and Synthesis/PrenticeHall,W. Stallings/Computer Organization &amp; ArchitectureDesign for Performance/Pearson Education","추천선수과목 : 항공우주및소프트웨어공학개론, 항공전자기초, 컴퓨터프로그래밍기초",True,True
17999,항공기추진시스템,3,2학기,3.0,전공선택,"* 항공기의 추진이 어떻게 이루어지는지를 이해한다. 항공기에 따른 최소한의 추진력에 대한 개념과 모멘틈의 원리를 파악한다. 최근 가장 많이 사용되어지는 추진기관인 가스터빈에 대하여 기본적인 원리를 파악한다. 항공기 및 산업용으로 사용되어지는 가스터빈의 차이점을 공부하고 가스터빈을 하나의 시스템으로 파악하여 이 시스템이 어떻게 작동하는가를 열역학적 개념을 바탕으로 에너지의 전달 개념을 이해한다. 전체 시스템의 작동 원리 파악 후에는 각각의 핵심부품인 압축기, 연소기, 터빈에 대한 열역학적 사이클에 대한 이해를 돕고, 이들이 전체 사이클과의 관계가 어떻게 형성되는지에 대한 이해를 도모한다. 그리고 기타 추진장치의 작동에 대한 지식을 습득하도록 하여 관련 분야의 업무에 응용할 수 있도록 한다.* 본 과목은 신성장 산업의 맞춤형 인재 양성을 목표로 한국항공우주산업 등과 산학 연계하여 산업현장과 사회에서 요구하는 문제해결·협업·실무 능력 등을 갖추고 학생의 역량강화와 기업의 경쟁력 제고를 위한 항공기추진시스템 내용을 강의한다.",,,"Ganesan/Gas turbines/,부준흥 외 4인/분사추진기관/청문각,이상직, 윤영빈/항공우주용 추진시스템/청문각,홍용식/가스터빈 기초이론/",필수선수과목 : 열역학,True,False
18000,항공기추진시스템,3,2학기,3.0,전공선택,"* 항공기의 추진이 어떻게 이루어지는지를 이해한다. 항공기에 따른 최소한의 추진력에 대한 개념과 모멘틈의 원리를 파악한다. 최근 가장 많이 사용되어지는 추진기관인 가스터빈에 대하여 기본적인 원리를 파악한다. 항공기 및 산업용으로 사용되어지는 가스터빈의 차이점을 공부하고 가스터빈을 하나의 시스템으로 파악하여 이 시스템이 어떻게 작동하는가를 열역학적 개념을 바탕으로 에너지의 전달 개념을 이해한다. 전체 시스템의 작동 원리 파악 후에는 각각의 핵심부품인 압축기, 연소기, 터빈에 대한 열역학적 사이클에 대한 이해를 돕고, 이들이 전체 사이클과의 관계가 어떻게 형성되는지에 대한 이해를 도모한다. 그리고 기타 추진장치의 작동에 대한 지식을 습득하도록 하여 관련 분야의 업무에 응용할 수 있도록 한다.* 본 과목은 신성장 산업의 맞춤형 인재 양성을 목표로 한국항공우주산업 등과 산학 연계하여 산업현장과 사회에서 요구하는 문제해결·협업·실무 능력 등을 갖추고 학생의 역량강화와 기업의 경쟁력 제고를 위한 항공기추진시스템 내용을 강의한다.",,,"Ganesan/Gas turbines/,부준흥 외 4인/분사추진기관/청문각,이상직, 윤영빈/항공우주용 추진시스템/청문각,홍용식/가스터빈 기초이론/",필수선수과목 : 열역학,True,False
18001,항공기추진시스템,3,2학기,3.0,전공선택,"* 항공기의 추진이 어떻게 이루어지는지를 이해한다. 항공기에 따른 최소한의 추진력에 대한 개념과 모멘틈의 원리를 파악한다. 최근 가장 많이 사용되어지는 추진기관인 가스터빈에 대하여 기본적인 원리를 파악한다. 항공기 및 산업용으로 사용되어지는 가스터빈의 차이점을 공부하고 가스터빈을 하나의 시스템으로 파악하여 이 시스템이 어떻게 작동하는가를 열역학적 개념을 바탕으로 에너지의 전달 개념을 이해한다. 전체 시스템의 작동 원리 파악 후에는 각각의 핵심부품인 압축기, 연소기, 터빈에 대한 열역학적 사이클에 대한 이해를 돕고, 이들이 전체 사이클과의 관계가 어떻게 형성되는지에 대한 이해를 도모한다. 그리고 기타 추진장치의 작동에 대한 지식을 습득하도록 하여 관련 분야의 업무에 응용할 수 있도록 한다.* 본 과목은 신성장 산업의 맞춤형 인재 양성을 목표로 한국항공우주산업 등과 산학 연계하여 산업현장과 사회에서 요구하는 문제해결·협업·실무 능력 등을 갖추고 학생의 역량강화와 기업의 경쟁력 제고를 위한 항공기추진시스템 내용을 강의한다.",,,"Ganesan/Gas turbines/,부준흥 외 4인/분사추진기관/청문각,이상직, 윤영빈/항공우주용 추진시스템/청문각,홍용식/가스터빈 기초이론/",필수선수과목 : 열역학,True,False
18002,항공기추진시스템,3,2학기,3.0,전공선택,"* 항공기의 추진이 어떻게 이루어지는지를 이해한다. 항공기에 따른 최소한의 추진력에 대한 개념과 모멘틈의 원리를 파악한다. 최근 가장 많이 사용되어지는 추진기관인 가스터빈에 대하여 기본적인 원리를 파악한다. 항공기 및 산업용으로 사용되어지는 가스터빈의 차이점을 공부하고 가스터빈을 하나의 시스템으로 파악하여 이 시스템이 어떻게 작동하는가를 열역학적 개념을 바탕으로 에너지의 전달 개념을 이해한다. 전체 시스템의 작동 원리 파악 후에는 각각의 핵심부품인 압축기, 연소기, 터빈에 대한 열역학적 사이클에 대한 이해를 돕고, 이들이 전체 사이클과의 관계가 어떻게 형성되는지에 대한 이해를 도모한다. 그리고 기타 추진장치의 작동에 대한 지식을 습득하도록 하여 관련 분야의 업무에 응용할 수 있도록 한다.* 본 과목은 신성장 산업의 맞춤형 인재 양성을 목표로 한국항공우주산업 등과 산학 연계하여 산업현장과 사회에서 요구하는 문제해결·협업·실무 능력 등을 갖추고 학생의 역량강화와 기업의 경쟁력 제고를 위한 항공기추진시스템 내용을 강의한다.",,,"Ganesan/Gas turbines/,부준흥 외 4인/분사추진기관/청문각,이상직, 윤영빈/항공우주용 추진시스템/청문각,홍용식/가스터빈 기초이론/",필수선수과목 : 열역학,True,False
18003,임베디드하드웨어,4,2학기,3.0,전공선택,VerilogHDL을 이용한 내장형 시스템 설계 방법론에 대하여 학습하고 SoC 설계 및 HW/SW CoDesign을 위한 기초 능력을 배양한다.    VerilogHDL을 습득하고 이를 이용한 시스템 설계 방식을 학습한다.   데이터 북의 타이밍 분석 및 설계 방식을 학습한다.     SoC 설계 기술에 대한 전체적인 개념을 이해한다.,"S. Brown, Z. Vranesic/Fundamentals of Digital Logic with Verilog/McGrawHill",,"D. Smith/HDL Chip Design/,M. D. Ciletti/Advanced Dignal Design with Verilog HDL/PrenticeHall,S. Palnitkar/Verilog HDLA guide to Digital Design and Synthesis/PrenticeHall,송태훈/Verilog HDL을 이용한 FPGA 설계 이론 및 실습/","필수선수과목 : 항공전자기초, 컴퓨터구조,추천선수과목 : 이산신호처리, 회로및신호, 컴퓨터프로그래밍",True,True
18004,임베디드하드웨어,4,2학기,3.0,전공선택,VerilogHDL을 이용한 내장형 시스템 설계 방법론에 대하여 학습하고 SoC 설계 및 HW/SW CoDesign을 위한 기초 능력을 배양한다.    VerilogHDL을 습득하고 이를 이용한 시스템 설계 방식을 학습한다.   데이터 북의 타이밍 분석 및 설계 방식을 학습한다.     SoC 설계 기술에 대한 전체적인 개념을 이해한다.,"S. Brown, Z. Vranesic/Fundamentals of Digital Logic with Verilog/McGrawHill",,"D. Smith/HDL Chip Design/,M. D. Ciletti/Advanced Dignal Design with Verilog HDL/PrenticeHall,S. Palnitkar/Verilog HDLA guide to Digital Design and Synthesis/PrenticeHall,송태훈/Verilog HDL을 이용한 FPGA 설계 이론 및 실습/","필수선수과목 : 항공전자기초, 컴퓨터구조,추천선수과목 : 이산신호처리, 회로및신호, 컴퓨터프로그래밍",True,True
18005,임베디드하드웨어,4,2학기,3.0,전공선택,VerilogHDL을 이용한 내장형 시스템 설계 방법론에 대하여 학습하고 SoC 설계 및 HW/SW CoDesign을 위한 기초 능력을 배양한다.    VerilogHDL을 습득하고 이를 이용한 시스템 설계 방식을 학습한다.   데이터 북의 타이밍 분석 및 설계 방식을 학습한다.     SoC 설계 기술에 대한 전체적인 개념을 이해한다.,"S. Brown, Z. Vranesic/Fundamentals of Digital Logic with Verilog/McGrawHill",,"D. Smith/HDL Chip Design/,M. D. Ciletti/Advanced Dignal Design with Verilog HDL/PrenticeHall,S. Palnitkar/Verilog HDLA guide to Digital Design and Synthesis/PrenticeHall,송태훈/Verilog HDL을 이용한 FPGA 설계 이론 및 실습/","필수선수과목 : 항공전자기초, 컴퓨터구조,추천선수과목 : 이산신호처리, 회로및신호, 컴퓨터프로그래밍",True,True
18006,임베디드하드웨어,4,2학기,3.0,전공선택,VerilogHDL을 이용한 내장형 시스템 설계 방법론에 대하여 학습하고 SoC 설계 및 HW/SW CoDesign을 위한 기초 능력을 배양한다.    VerilogHDL을 습득하고 이를 이용한 시스템 설계 방식을 학습한다.   데이터 북의 타이밍 분석 및 설계 방식을 학습한다.     SoC 설계 기술에 대한 전체적인 개념을 이해한다.,"S. Brown, Z. Vranesic/Fundamentals of Digital Logic with Verilog/McGrawHill",,"D. Smith/HDL Chip Design/,M. D. Ciletti/Advanced Dignal Design with Verilog HDL/PrenticeHall,S. Palnitkar/Verilog HDLA guide to Digital Design and Synthesis/PrenticeHall,송태훈/Verilog HDL을 이용한 FPGA 설계 이론 및 실습/","필수선수과목 : 항공전자기초, 컴퓨터구조,추천선수과목 : 이산신호처리, 회로및신호, 컴퓨터프로그래밍",True,True
18007,임베디드하드웨어,4,2학기,3.0,전공선택,VerilogHDL을 이용한 내장형 시스템 설계 방법론에 대하여 학습하고 SoC 설계 및 HW/SW CoDesign을 위한 기초 능력을 배양한다.    VerilogHDL을 습득하고 이를 이용한 시스템 설계 방식을 학습한다.   데이터 북의 타이밍 분석 및 설계 방식을 학습한다.     SoC 설계 기술에 대한 전체적인 개념을 이해한다.,"S. Brown, Z. Vranesic/Fundamentals of Digital Logic with Verilog/McGrawHill",,"D. Smith/HDL Chip Design/,M. D. Ciletti/Advanced Dignal Design with Verilog HDL/PrenticeHall,S. Palnitkar/Verilog HDLA guide to Digital Design and Synthesis/PrenticeHall,송태훈/Verilog HDL을 이용한 FPGA 설계 이론 및 실습/","필수선수과목 : 항공전자기초, 컴퓨터구조,추천선수과목 : 이산신호처리, 회로및신호, 컴퓨터프로그래밍",True,True
18014,객체지향프로그래밍,2,1학기,2.0,전공선택,"Java 언어를 기반으로 객체지향 프로그래밍의 주요 개념인 객체 모델, 클래스, 상속, 다형성, 재사용, 예외처리 등을 배우고 익힌다. 이를 바탕으로 복잡한 문제를 Java 프로그래밍을 사용해서 해결할 수 있는 능력을 배양한다. (프로그래밍을 처음 배우거나, 복학 등의 이유로 기억이 잘 나지 않는 경우, 1학년 프로그래밍 기초에서 B학점 이하인 경우 해당반을 들어주세요. 자바 기초부터 시작할 예정입니다.) 과거 강의 내용은 다음 싸이트를 참조 부탁드려요 (수업 중 수시 갱신할 수 있습니다.) http://selab.gnu.ac.kr/index.php/courses/objectorientedprogramming","MIT OpenCourseWare/Introduction to Programming in Java/,심재연/든든한 Java Programming/연두에디션",,,추천선수과목 : 컴퓨터프로그래밍기초,True,True
18015,객체지향프로그래밍,2,1학기,2.0,전공선택,"Java 언어를 기반으로 객체지향 프로그래밍의 주요 개념인 객체 모델, 클래스, 상속, 다형성, 재사용, 예외처리 등을 배우고 익힌다. 이를 바탕으로 복잡한 문제를 Java 프로그래밍을 사용해서 해결할 수 있는 능력을 배양한다. (해당 반은 영어반으로 002반보다 영어와 프로그래밍 모두 인텐시브하게 진행할 예정입니다. 과거 강의 내용은 다음 싸이트를 참조 부탁드려요 (수업 중 수시 갱신할 수 있습니다.) http://selab.gnu.ac.kr/index.php/courses/objectorientedprogramming)","MIT OpenCourseWare/Introduction to Programming in Java/,심재연/든든한 Java Programming/연두에디션",,,추천선수과목 : 컴퓨터프로그래밍기초,True,True
18016,객체지향프로그래밍,2,1학기,2.0,전공선택,"Java 언어를 기반으로 객체지향 프로그래밍의 주요 개념인 객체 모델, 클래스, 상속, 다형성, 재사용, 예외처리 등을 배우고 익힌다. 이를 바탕으로 복잡한 문제를 Java 프로그래밍을 사용해서 해결할 수 있는 능력을 배양한다. (해당 반은 영어반으로 002반보다 영어와 프로그래밍 모두 인텐시브하게 진행할 예정입니다. 과거 강의 내용은 다음 싸이트를 참조 부탁드려요 (수업 중 수시 갱신할 수 있습니다.) http://selab.gnu.ac.kr/index.php/courses/objectorientedprogramming)","MIT OpenCourseWare/Introduction to Programming in Java/,심재연/든든한 Java Programming/연두에디션",,,추천선수과목 : 컴퓨터프로그래밍기초,True,True
18017,객체지향프로그래밍,2,1학기,2.0,전공선택,"Java 언어를 기반으로 객체지향 프로그래밍의 주요 개념인 객체 모델, 클래스, 상속, 다형성, 재사용, 예외처리 등을 배우고 익힌다. 이를 바탕으로 복잡한 문제를 Java 프로그래밍을 사용해서 해결할 수 있는 능력을 배양한다. (프로그래밍을 처음 배우거나, 복학 등의 이유로 기억이 잘 나지 않는 경우, 1학년 프로그래밍 기초에서 B학점 이하인 경우 해당반을 들어주세요. 자바 기초부터 시작할 예정입니다.) 과거 강의 내용은 다음 싸이트를 참조 부탁드려요 (수업 중 수시 갱신할 수 있습니다.) http://selab.gnu.ac.kr/index.php/courses/objectorientedprogramming","MIT OpenCourseWare/Introduction to Programming in Java/,심재연/든든한 Java Programming/연두에디션",,,추천선수과목 : 컴퓨터프로그래밍기초,True,True
18018,객체지향프로그래밍실습,2,1학기,1.0,전공선택,"Java 언어를 기반으로 객체지향 프로그래밍의 주요 개념인 객체 모델, 클래스, 상속, 다형성, 재사용, 예외처리 등을 배우고 익힌다. 이를 바탕으로 복잡한 문제를 Java 프로그래밍을 사용해서 해결할 수 있는 능력을 배양한다.(프로그래밍을 처음 배우거나, 복학 등의 이유로 기억이 잘 나지 않는 경우, 1학년 프로그래밍 기초에서 B학점 이하인 경우 해당반을 들어주세요. 자바 기초부터 시작할 예정입니다.) 과거 강의 내용은 다음 싸이트를 참조 부탁드려요 (수업 중 수시 갱신할 수 있습니다.) http://selab.gnu.ac.kr/index.php/courses/objectorientedprogramming","MIT OpenCourseWare/Introduction to Programming in Java/,심재연/든든한 Java Programming/연두에디션",,,추천선수과목 : 컴퓨터프로그래밍기초,True,True
18019,객체지향프로그래밍실습,2,1학기,1.0,전공선택,"Java 언어를 기반으로 객체지향 프로그래밍의 주요 개념인 객체 모델, 클래스, 상속, 다형성, 재사용, 예외처리 등을 배우고 익힌다. 이를 바탕으로 복잡한 문제를 Java 프로그래밍을 사용해서 해결할 수 있는 능력을 배양한다.(프로그래밍을 처음 배우거나, 복학 등의 이유로 기억이 잘 나지 않는 경우, 1학년 프로그래밍 기초에서 B학점 이하인 경우 해당반을 들어주세요. 자바 기초부터 시작할 예정입니다.) 과거 강의 내용은 다음 싸이트를 참조 부탁드려요 (수업 중 수시 갱신할 수 있습니다.) http://selab.gnu.ac.kr/index.php/courses/objectorientedprogramming","MIT OpenCourseWare/Introduction to Programming in Java/,심재연/든든한 Java Programming/연두에디션",,,추천선수과목 : 컴퓨터프로그래밍기초,True,True
18020,객체지향프로그래밍실습,2,1학기,1.0,전공선택,"Java 언어를 기반으로 객체지향 프로그래밍의 주요 개념인 객체 모델, 클래스, 상속, 다형성, 재사용, 예외처리 등을 배우고 익힌다. 이를 바탕으로 복잡한 문제를 Java 프로그래밍을 사용해서 해결할 수 있는 능력을 배양한다.(프로그래밍을 처음 배우거나, 복학 등의 이유로 기억이 잘 나지 않는 경우, 1학년 프로그래밍 기초에서 B학점 이하인 경우 해당반을 들어주세요. 자바 기초부터 시작할 예정입니다.) 과거 강의 내용은 다음 싸이트를 참조 부탁드려요 (수업 중 수시 갱신할 수 있습니다.) http://selab.gnu.ac.kr/index.php/courses/objectorientedprogramming","MIT OpenCourseWare/Introduction to Programming in Java/,심재연/든든한 Java Programming/연두에디션",,,추천선수과목 : 컴퓨터프로그래밍기초,True,True
18021,객체지향프로그래밍실습,2,1학기,1.0,전공선택,"Java 언어를 기반으로 객체지향 프로그래밍의 주요 개념인 객체 모델, 클래스, 상속, 다형성, 재사용, 예외처리 등을 배우고 익힌다. 이를 바탕으로 복잡한 문제를 Java 프로그래밍을 사용해서 해결할 수 있는 능력을 배양한다.(프로그래밍을 처음 배우거나, 복학 등의 이유로 기억이 잘 나지 않는 경우, 1학년 프로그래밍 기초에서 B학점 이하인 경우 해당반을 들어주세요. 자바 기초부터 시작할 예정입니다.) 과거 강의 내용은 다음 싸이트를 참조 부탁드려요 (수업 중 수시 갱신할 수 있습니다.) http://selab.gnu.ac.kr/index.php/courses/objectorientedprogramming","MIT OpenCourseWare/Introduction to Programming in Java/,심재연/든든한 Java Programming/연두에디션",,,추천선수과목 : 컴퓨터프로그래밍기초,True,True
18022,항공우주및소프트웨어공학실험,4,1학기,1.0,전공선택,"항공우주공학 업무와 관련한 물리량의 측정 (속도, 압력, 온도, 힘 등) 에 대한 기초적인 이론을 바탕으로 아날로그의 장치부터 디지털장치를 사용하여 측정에 대한 결과를 비교하는 실험에서의 불확실성을 이해한다. 또한, 이론과 실습과정에 병행하여 조별 실험을 수행한다. 실험에는 공기역학, 비행역학, 구조역학, 추진공학 등으로 구분되는 풍동실험, 재료실험, 터빈실험, 유동측정실험을 통하여 학생들이 항공우주공학의 실제현상과 연관관계를 학습하게 되고, 각종 시험 및 계측장비의 기본적인 사용법을 익히게 된다.",경상대항공특성화/항공기계 실험/,,,,True,True
18023,공학수학2,2,2학기,3.0,전공선택,"As a second part of “Engineering Mathematics” at the undergraduate level in the department of “Aerospace and System Engineering”, “Engineering Mathematics II” covers diverse mathematical techniques which can help various courses in aerospace engineering. It includes vector calculus (multivariable derivatives and integrals), Fourier transform, partial differential equations, etc. The purpose of this course is to make the students have concrete mathematical backgrounds as aerospace engineers.* 본 과목은 신성장 산업의 맞춤형 인재 양성을 목표로 한국항공우주산업 등과 산학 연계하여 산업현장과 사회에서 요구하는 문제해결·협업·실무 능력 등을 갖추고 학생의 역량강화와 기업의 경쟁력 제고를 위한 공학수학2 내용을 강의한다.",Erwin Kreyszig/Advanced Engineering Mathematics (10th edition)/Wiley,,"김찬중/길잡이공업수학/문운당,서진원 외/KREYSZIG 공업수학 (개정 10판)/범한서적",추천선수과목 : 공학수학1,True,False
18024,공학수학2,2,2학기,3.0,전공선택,"As a second part of “Engineering Mathematics” at the undergraduate level in the department of “Aerospace and System Engineering”, “Engineering Mathematics II” covers diverse mathematical techniques which can help various courses in aerospace engineering. It includes vector calculus (multivariable derivatives and integrals), Fourier transform, partial differential equations, etc. The purpose of this course is to make the students have concrete mathematical backgrounds as aerospace engineers.* 본 과목은 신성장 산업의 맞춤형 인재 양성을 목표로 한국항공우주산업 등과 산학 연계하여 산업현장과 사회에서 요구하는 문제해결·협업·실무 능력 등을 갖추고 학생의 역량강화와 기업의 경쟁력 제고를 위한 공학수학2 내용을 강의한다.",Erwin Kreyszig/Advanced Engineering Mathematics (10th edition)/Wiley,,"김찬중/길잡이공업수학/문운당,서진원 외/KREYSZIG 공업수학 (개정 10판)/범한서적",추천선수과목 : 공학수학1,True,False
18025,공학수학2,2,2학기,3.0,전공선택,"As a second part of “Engineering Mathematics” at the undergraduate level in the department of “Aerospace and System Engineering”, “Engineering Mathematics II” covers diverse mathematical techniques which can help various courses in aerospace engineering. It includes vector calculus (multivariable derivatives and integrals), Fourier transform, partial differential equations, etc. The purpose of this course is to make the students have concrete mathematical backgrounds as aerospace engineers.* 본 과목은 신성장 산업의 맞춤형 인재 양성을 목표로 한국항공우주산업 등과 산학 연계하여 산업현장과 사회에서 요구하는 문제해결·협업·실무 능력 등을 갖추고 학생의 역량강화와 기업의 경쟁력 제고를 위한 공학수학2 내용을 강의한다.",Erwin Kreyszig/Advanced Engineering Mathematics (10th edition)/Wiley,,"김찬중/길잡이공업수학/문운당,서진원 외/KREYSZIG 공업수학 (개정 10판)/범한서적",추천선수과목 : 공학수학1,True,False
18026,창의적기초공학설계,1,2학기,3.0,전공필수,* 본 강의는 공학설계와 관련된 문제의 인식과 정의로 부터 시작하여 개념화를 거쳐 상상한 것을 제품으로 만들기 위한 계획으로 바꾸는 과정과 제품이 사용되는 동안 유지/보수하는 과정에 이르기까지 설계과정의 핵심적인 내용들을 다룬다. 공학 강의시간에 접한 순수 해석적 관점의 문제와는 달리 설계와 관련된 개방형 문제들을 해결하기 위한 기본 공학설계 능력을 배양하는데 목적을 두고 있다.*  본 과목은 신성장 산업의 맞춤형 인재 양성을 목표로 한국항공우주산업 등과 산학 연계하여 산업현장과 사회에서 요구하는 문제해결·협업·실무 능력 등을 갖추고 학생의 역량강화와 기업의 경쟁력 제고를 위한 창의적기초공학설계 내용을 강의한다.,"서영성, 박문식 등 역./창의적 공학설계(1)/피어슨 에듀케이션 코리아",,Brian S. Thompson/Creative Engineering Design/Okemos Press,추천선수과목 : 전산기계제도,True,False
18027,창의적기초공학설계,1,2학기,3.0,전공필수,공학설계에 대하여 이해한다.공학적 설계 방식으로 시스템을 디자인하고 구현한다.아두이노 키트 동작을 이해하고 활용한다.* 본 과목은 신성장 산업의 맞춤형 인재 양성을 목표로 한국항공우주산업 등과 산학 연계하여 산업현장과 사회에서 요구하는 문제해결·협업·실무 능력 등을 갖추고 학생의 역량강화와 기업의 경쟁력 제고를 위한 창의적기초공학설계 내용을 강의한다.,/창의적공학설계/,,,,True,False
18028,창의적기초공학설계,1,2학기,3.0,전공필수,* 본 강의는 공학설계와 관련된 문제의 인식과 정의로 부터 시작하여 개념화를 거쳐 상상한 것을 제품으로 만들기 위한 계획으로 바꾸는 과정과 제품이 사용되는 동안 유지/보수하는 과정에 이르기까지 설계과정의 핵심적인 내용들을 다룬다. 공학 강의시간에 접한 순수 해석적 관점의 문제와는 달리 설계와 관련된 개방형 문제들을 해결하기 위한 기본 공학설계 능력을 배양하는데 목적을 두고 있다.*  본 과목은 신성장 산업의 맞춤형 인재 양성을 목표로 한국항공우주산업 등과 산학 연계하여 산업현장과 사회에서 요구하는 문제해결·협업·실무 능력 등을 갖추고 학생의 역량강화와 기업의 경쟁력 제고를 위한 창의적기초공학설계 내용을 강의한다.,"서영성, 박문식 등 역./창의적 공학설계(1)/피어슨 에듀케이션 코리아",,Brian S. Thompson/Creative Engineering Design/Okemos Press,추천선수과목 : 전산기계제도,True,False
18036,자율형현장실습3,4,1학기,15.0,전공선택,"학사과정에서 배운 전공 내용을 산업현장에서 직접 체험 및 적용함으로써 현장실무능력을 배양할 수 있는 기회를 제공함과 동시에 취업시 별도의 교육없이 곧바로 실무를 수행할 수 있는 능력을 기른다. 지도교수와의 사전 협의를 통해 졸업 후의 진로에 따라서 취업하고자 하는 정보과학분야의 업체를 선택하고, 선택한 업체에서는 이전 수업과정에서 취득한 수강생의 능력을 확인하는 절차를 갖게 된다. 현장실습업체에서는 현장실습담당 직원이 현장 협력교수로서 수강생의 지도를 담당하며 15주동안 4회의 현장 점검을 수행하여 이 결과를 토대로 학생의 진로 탐색에 도움이 되도록 한다.",/산업체 현장실습 교재 및 관련 자료/,,,,True,False
18037,자율형현장실습3,4,2학기,15.0,전공선택,"학사과정에서 배운 전공 내용을 산업현장에서 직접 체험 및 적용함으로써 현장실무능력을 배양할 수 있는 기회를 제공함과 동시에 취업시 별도의 교육없이 곧바로 실무를 수행할 수 있는 능력을 기른다. 지도교수와의 사전 협의를 통해 졸업 후의 진로에 따라서 취업하고자 하는 정보과학분야의 업체를 선택하고, 선택한 업체에서는 이전 수업과정에서 취득한 수강생의 능력을 확인하는 절차를 갖게 된다. 현장실습업체에서는 현장실습담당 직원이 현장 협력교수로서 수강생의 지도를 담당하며 15주동안 4회의 현장 점검을 수행하여 이 결과를 토대로 학생의 진로 탐색에 도움이 되도록 한다.",/산업체 현장실습 교재 및 관련 자료/,,,,True,False
18038,자율형국외현장실습3,4,2학기,15.0,전공선택,"학사과정에서 배운 전공 내용을 해외에 있는 교포 및 외국 기업에서 직접 체험 및 적용함으로써 현장실무능력을 배양할 수 있는 기회를 제공함과 동시에 취업시 별도의 교육없이 곧바로 실무를 수행할 수 있는 능력을 기른다. 지도교수와의 사전 협의를 통해 졸업 후의 진로에 따라서 취업하고자 하는 정보과학분야의 업체를 선택하고, 선택한 업체에서는 이전 수업과정에서 취득한 수강생의 능력을 확인하는 절차를 갖게 된다. 현장실습업체에서는 현장실습담당 직원이 현장 협력교수로서 수강생의 지도를 담당하며 15주동안 4회의 현장 점검을 수행하여 이 결과를 토대로 학생의 진로 탐색에 도움이 되도록 한다.",/산업체 현장실습 교재 및 관련 자료/,,,,True,False
18039,자율형국외현장실습3,4,1학기,15.0,전공선택,"학사과정에서 배운 전공 내용을 해외에 있는 교포 및 외국 기업에서 직접 체험 및 적용함으로써 현장실무능력을 배양할 수 있는 기회를 제공함과 동시에 취업시 별도의 교육없이 곧바로 실무를 수행할 수 있는 능력을 기른다. 지도교수와의 사전 협의를 통해 졸업 후의 진로에 따라서 취업하고자 하는 정보과학분야의 업체를 선택하고, 선택한 업체에서는 이전 수업과정에서 취득한 수강생의 능력을 확인하는 절차를 갖게 된다. 현장실습업체에서는 현장실습담당 직원이 현장 협력교수로서 수강생의 지도를 담당하며 15주동안 4회의 현장 점검을 수행하여 이 결과를 토대로 학생의 진로 탐색에 도움이 되도록 한다.",/산업체 현장실습 교재 및 관련 자료/,,,,True,False
18040,표준형현장실습3,4,1학기,15.0,전공선택,"학사과정에서 배운 전공 내용을 산업현장에서 직접 체험 및 적용함으로써 현장실무능력을 배양할 수 있는 기회를 제공함과 동시에 취업시 별도의 교육없이 곧바로 실무를 수행할 수 있는 능력을 기른다. 지도교수와의 사전 협의를 통해 졸업 후의 진로에 따라서 취업하고자 하는 정보과학분야의 업체를 선택하고, 선택한 업체에서는 이전 수업과정에서 취득한 수강생의 능력을 확인하는 절차를 갖게 된다. 현장실습업체에서는 현장실습담당 직원이 현장 협력교수로서 수강생의 지도를 담당하며 15주동안 4회의 현장 점검을 수행하여 이 결과를 토대로 학생의 진로 탐색에 도움이 되도록 한다.",/산업체 현장실습 교재 및 관련 자료/,,,,True,False
18041,표준형현장실습3,4,2학기,15.0,전공선택,"학사과정에서 배운 전공 내용을 산업현장에서 직접 체험 및 적용함으로써 현장실무능력을 배양할 수 있는 기회를 제공함과 동시에 취업시 별도의 교육없이 곧바로 실무를 수행할 수 있는 능력을 기른다. 지도교수와의 사전 협의를 통해 졸업 후의 진로에 따라서 취업하고자 하는 정보과학분야의 업체를 선택하고, 선택한 업체에서는 이전 수업과정에서 취득한 수강생의 능력을 확인하는 절차를 갖게 된다. 현장실습업체에서는 현장실습담당 직원이 현장 협력교수로서 수강생의 지도를 담당하며 15주동안 4회의 현장 점검을 수행하여 이 결과를 토대로 학생의 진로 탐색에 도움이 되도록 한다.",/산업체 현장실습 교재 및 관련 자료/,,,,True,False
18042,표준형국외현장실습3,4,2학기,15.0,전공선택,"학사과정에서 배운 전공 내용을 해외에 있는 교포 및 외국 기업에서 직접 체험 및 적용함으로써 현장실무능력을 배양할 수 있는 기회를 제공함과 동시에 취업시 별도의 교육없이 곧바로 실무를 수행할 수 있는 능력을 기른다. 지도교수와의 사전 협의를 통해 졸업 후의 진로에 따라서 취업하고자 하는 정보과학분야의 업체를 선택하고, 선택한 업체에서는 이전 수업과정에서 취득한 수강생의 능력을 확인하는 절차를 갖게 된다. 현장실습업체에서는 현장실습담당 직원이 현장 협력교수로서 수강생의 지도를 담당하며 15주동안 4회의 현장 점검을 수행하여 이 결과를 토대로 학생의 진로 탐색에 도움이 되도록 한다.",/산업체 현장실습 교재 및 관련 자료/,,,,True,False
18043,표준형국외현장실습3,4,1학기,15.0,전공선택,"학사과정에서 배운 전공 내용을 해외에 있는 교포 및 외국 기업에서 직접 체험 및 적용함으로써 현장실무능력을 배양할 수 있는 기회를 제공함과 동시에 취업시 별도의 교육없이 곧바로 실무를 수행할 수 있는 능력을 기른다. 지도교수와의 사전 협의를 통해 졸업 후의 진로에 따라서 취업하고자 하는 정보과학분야의 업체를 선택하고, 선택한 업체에서는 이전 수업과정에서 취득한 수강생의 능력을 확인하는 절차를 갖게 된다. 현장실습업체에서는 현장실습담당 직원이 현장 협력교수로서 수강생의 지도를 담당하며 15주동안 4회의 현장 점검을 수행하여 이 결과를 토대로 학생의 진로 탐색에 도움이 되도록 한다.",/산업체 현장실습 교재 및 관련 자료/,,,,True,False
18126,고분자전자재료,4,1학기,2.0,전공선택,"전기공학을 응용한 대부분의 전기전자소자들은 기본적으로 전기전자재료에 의해서 만들어진 것들로서 동작특성은 재료의 성능이나 품질에 크게 영향을 받고 있습니다. 인류 과학기술의 발전을 불러왔던 반도체는 무기재료를 벗어나 최근에는 유기재료로 그 영역을 확장하고 있습니다. 본 과목에서는 포토레지스터나 패키징 재료와 같은 전자재료와 광전기능성을 가지는 유기재료들에 대해 알아봅니다. 특히, 그 구조와 응용에 필요한 성질 사이의 관계에 대해 고찰하고, 이를 응용한 다양한 유기전자소자에 대해 이해해봅니다.학습목표: 차세대 유연전자소자를 이해하기 위한 반도체 기초내용을 학습한다.특이사항: 본 과목은 선수과목이 없는 과목으로 전학년 대상의 강의 과목입니다. (학년구분없음)",파워포인트//,,,,False,True
18169,전기전자재료,4,1학기,3.0,전공선택,"전기, 전자산업에 사용되는 재료의 특성을 이해하고, 활용할 수 있는 기본지식을 습득한다. 이를 위해 양자역학적인 기본개념에 대하여 강의하고,  고체내의 전자의 특성, 전기적 성질, 자기적특성, 광학적특성에 대하여 설명한다. 전자기적 특성을 이용한 재료나 부품의 원리에 대하여 강의한다.","유상임, 김미영/재료공학개론/자유아카데미,주창식/전자재료/광문각",,"A.Beiser/Concepts of Modern Physics/McGraw Hill,C.R.Barrett, W.D.Nix, A.S.Tetelman/The Principles of Engineering Materials/Prentice Hall,이주신, 권해웅, 신무환, 이병우/전자재료물성학/희중당",,False,True
18170,전기전자재료,4,1학기,3.0,전공선택,"전기, 전자산업에 사용되는 재료의 특성을 이해하고, 활용할 수 있는 기본지식을 습득한다. 이를 위해 양자역학적인 기본개념에 대하여 강의하고,  고체내의 전자의 특성, 전기적 성질, 자기적특성, 광학적특성에 대하여 설명한다. 전자기적 특성을 이용한 재료나 부품의 원리에 대하여 강의한다.","유상임, 김미영/재료공학개론/자유아카데미,주창식/전자재료/광문각",,"A.Beiser/Concepts of Modern Physics/McGraw Hill,C.R.Barrett, W.D.Nix, A.S.Tetelman/The Principles of Engineering Materials/Prentice Hall,이주신, 권해웅, 신무환, 이병우/전자재료물성학/희중당",,False,True
18171,전기전자재료,4,1학기,3.0,전공선택,"전기, 전자산업에 사용되는 재료의 특성을 이해하고, 활용할 수 있는 기본지식을 습득한다. 이를 위해 양자역학적인 기본개념에 대하여 강의하고,  고체내의 전자의 특성, 전기적 성질, 자기적특성, 광학적특성에 대하여 설명한다. 전자기적 특성을 이용한 재료나 부품의 원리에 대하여 강의한다.","유상임, 김미영/재료공학개론/자유아카데미,주창식/전자재료/광문각",,"A.Beiser/Concepts of Modern Physics/McGraw Hill,C.R.Barrett, W.D.Nix, A.S.Tetelman/The Principles of Engineering Materials/Prentice Hall,이주신, 권해웅, 신무환, 이병우/전자재료물성학/희중당",,False,True
18172,전기전자재료,4,1학기,3.0,전공선택,"전기, 전자산업에 사용되는 재료의 특성을 이해하고, 활용할 수 있는 기본지식을 습득한다. 이를 위해 양자역학적인 기본개념에 대하여 강의하고,  고체내의 전자의 특성, 전기적 성질, 자기적특성, 광학적특성에 대하여 설명한다. 전자기적 특성을 이용한 재료나 부품의 원리에 대하여 강의한다.","유상임, 김미영/재료공학개론/자유아카데미,주창식/전자재료/광문각",,"A.Beiser/Concepts of Modern Physics/McGraw Hill,C.R.Barrett, W.D.Nix, A.S.Tetelman/The Principles of Engineering Materials/Prentice Hall,이주신, 권해웅, 신무환, 이병우/전자재료물성학/희중당",,False,True
18173,전기전자재료,4,1학기,3.0,전공선택,"전기, 전자산업에 사용되는 재료의 특성을 이해하고, 활용할 수 있는 기본지식을 습득한다. 이를 위해 양자역학적인 기본개념에 대하여 강의하고,  고체내의 전자의 특성, 전기적 성질, 자기적특성, 광학적특성에 대하여 설명한다. 전자기적 특성을 이용한 재료나 부품의 원리에 대하여 강의한다.","유상임, 김미영/재료공학개론/자유아카데미,주창식/전자재료/광문각",,"A.Beiser/Concepts of Modern Physics/McGraw Hill,C.R.Barrett, W.D.Nix, A.S.Tetelman/The Principles of Engineering Materials/Prentice Hall,이주신, 권해웅, 신무환, 이병우/전자재료물성학/희중당",,False,True
18213,머신러닝,3,2학기,3.0,전공선택,,,,"1. Bishop, C. M/Neural Networks for Pattern Recognition/Oxford University Press,2. Ian Goodfellow/Deep Learning/,N. S. Reddy/Artificial Neural Networks in Materials Science/,/Neural networks in materials science/,Prof. HKDH Bhadeshia/Machine Learning in Materials Science/,W. Sha and K.L. Edwards/The use of artificial neural networks in materials sciencebased/","필수선수과목 : 없음,추천선수과목 : 없음",False,True
18214,머신러닝,3,2학기,3.0,전공선택,,,,"1. Bishop, C. M/Neural Networks for Pattern Recognition/Oxford University Press,2. Ian Goodfellow/Deep Learning/,N. S. Reddy/Artificial Neural Networks in Materials Science/,/Neural networks in materials science/,Prof. HKDH Bhadeshia/Machine Learning in Materials Science/,W. Sha and K.L. Edwards/The use of artificial neural networks in materials sciencebased/","필수선수과목 : 없음,추천선수과목 : 없음",False,True
18215,머신러닝,3,2학기,3.0,전공선택,,,,"1. Bishop, C. M/Neural Networks for Pattern Recognition/Oxford University Press,2. Ian Goodfellow/Deep Learning/,N. S. Reddy/Artificial Neural Networks in Materials Science/,/Neural networks in materials science/,Prof. HKDH Bhadeshia/Machine Learning in Materials Science/,W. Sha and K.L. Edwards/The use of artificial neural networks in materials sciencebased/","필수선수과목 : 없음,추천선수과목 : 없음",False,True
18216,머신러닝,3,2학기,3.0,전공선택,,,,"1. Bishop, C. M/Neural Networks for Pattern Recognition/Oxford University Press,2. Ian Goodfellow/Deep Learning/,N. S. Reddy/Artificial Neural Networks in Materials Science/,/Neural networks in materials science/,Prof. HKDH Bhadeshia/Machine Learning in Materials Science/,W. Sha and K.L. Edwards/The use of artificial neural networks in materials sciencebased/","필수선수과목 : 없음,추천선수과목 : 없음",False,True
18217,머신러닝,3,2학기,3.0,전공선택,,,,"1. Bishop, C. M/Neural Networks for Pattern Recognition/Oxford University Press,2. Ian Goodfellow/Deep Learning/,N. S. Reddy/Artificial Neural Networks in Materials Science/,/Neural networks in materials science/,Prof. HKDH Bhadeshia/Machine Learning in Materials Science/,W. Sha and K.L. Edwards/The use of artificial neural networks in materials sciencebased/","필수선수과목 : 없음,추천선수과목 : 없음",False,True
18218,머신러닝,3,2학기,3.0,전공선택,,,,"1. Bishop, C. M/Neural Networks for Pattern Recognition/Oxford University Press,2. Ian Goodfellow/Deep Learning/,N. S. Reddy/Artificial Neural Networks in Materials Science/,/Neural networks in materials science/,Prof. HKDH Bhadeshia/Machine Learning in Materials Science/,W. Sha and K.L. Edwards/The use of artificial neural networks in materials sciencebased/","필수선수과목 : 없음,추천선수과목 : 없음",False,True
18278,데이터통계분석,2,2학기,3.0,전공선택,"본강의는 과학적 실험데이터의 올바른 수집과 생성을 바탕으로 신소재의 특성해석, 변수제어, 분석방법론, 실험기획요소 등을 학습하고, 이를 통해 융합공학적 능력을 갖추는 것을 목표로 함. 신뢰성 있는 데이터 획득, 오차의 근본원인과 계산원리 및 측정데이터로부터 과학적정보를 얻을 수 있는 분석 방법 등을 교수함.(1) 데이터를 과학적이고 신뢰성 있도록 산출하고 표현할수 있는 능력을 배양(2) 데이터를 과학적이론과 접근 시킬 수 있는 분석 방법과 분석에 대한 신뢰성을 부여하는 기법을 습득시켜 보다 과학적이며 체계적인 데이터를 산출시킬 수 있는 공학자가 되는 바탕을 마련(3) 보고된 데이터에 대한 이해, 문제점 파악 및 이를 보완 할 수 있는 능력도 가질 수 있도록 수강자의 기초를 튼튼하게 하고자 함.","박용태, 금영정/데이터 통계학 이론과 응용/생능출판사",,"박성현/현대실험설계법/민영사,성내경/실험설계와 분석/자유아카데미",추천선수과목 : 공학수학1,False,True
18279,데이터통계분석,2,2학기,3.0,전공선택,"본강의는 과학적 실험데이터의 올바른 수집과 생성을 바탕으로 신소재의 특성해석, 변수제어, 분석방법론, 실험기획요소 등을 학습하고, 이를 통해 융합공학적 능력을 갖추는 것을 목표로 함. 신뢰성 있는 데이터 획득, 오차의 근본원인과 계산원리 및 측정데이터로부터 과학적정보를 얻을 수 있는 분석 방법 등을 교수함.(1) 데이터를 과학적이고 신뢰성 있도록 산출하고 표현할수 있는 능력을 배양(2) 데이터를 과학적이론과 접근 시킬 수 있는 분석 방법과 분석에 대한 신뢰성을 부여하는 기법을 습득시켜 보다 과학적이며 체계적인 데이터를 산출시킬 수 있는 공학자가 되는 바탕을 마련(3) 보고된 데이터에 대한 이해, 문제점 파악 및 이를 보완 할 수 있는 능력도 가질 수 있도록 수강자의 기초를 튼튼하게 하고자 함.","박용태, 금영정/데이터 통계학 이론과 응용/생능출판사",,"박성현/현대실험설계법/민영사,성내경/실험설계와 분석/자유아카데미",추천선수과목 : 공학수학1,False,True
18280,데이터통계분석,2,2학기,3.0,전공선택,"본강의는 과학적 실험데이터의 올바른 수집과 생성을 바탕으로 신소재의 특성해석, 변수제어, 분석방법론, 실험기획요소 등을 학습하고, 이를 통해 융합공학적 능력을 갖추는 것을 목표로 함. 신뢰성 있는 데이터 획득, 오차의 근본원인과 계산원리 및 측정데이터로부터 과학적정보를 얻을 수 있는 분석 방법 등을 교수함.(1) 데이터를 과학적이고 신뢰성 있도록 산출하고 표현할수 있는 능력을 배양(2) 데이터를 과학적이론과 접근 시킬 수 있는 분석 방법과 분석에 대한 신뢰성을 부여하는 기법을 습득시켜 보다 과학적이며 체계적인 데이터를 산출시킬 수 있는 공학자가 되는 바탕을 마련(3) 보고된 데이터에 대한 이해, 문제점 파악 및 이를 보완 할 수 있는 능력도 가질 수 있도록 수강자의 기초를 튼튼하게 하고자 함.","박용태, 금영정/데이터 통계학 이론과 응용/생능출판사",,"박성현/현대실험설계법/민영사,성내경/실험설계와 분석/자유아카데미",추천선수과목 : 공학수학1,False,True
18298,재료전기화학,3,2학기,3.0,전공선택,,오승모/전기화학/자유아카데미,,"C. Lefrou, P. Fabry, J.C. Poignet/Electrochemistry, The Basics, with Examples/Grenoble Sciences,D. B. Hibbert/Introduction to Electrochemistry/Macmillan,T. F. Fuller, J. N. Harb/Electrochemical Engineering/Wiley,William D. Callister, JR. David G. Rethwisch/재료과학과 공학/시그마프레스,박정기/리튬이차전지의 원리 및 응용/홍릉과학출판사,오은석/전기화학공학 강의자료/울산대학교",추천선수과목 : 재료반응속도론,False,True
18299,재료전기화학,3,2학기,3.0,전공선택,,오승모/전기화학/자유아카데미,,"C. Lefrou, P. Fabry, J.C. Poignet/Electrochemistry, The Basics, with Examples/Grenoble Sciences,D. B. Hibbert/Introduction to Electrochemistry/Macmillan,T. F. Fuller, J. N. Harb/Electrochemical Engineering/Wiley,William D. Callister, JR. David G. Rethwisch/재료과학과 공학/시그마프레스,박정기/리튬이차전지의 원리 및 응용/홍릉과학출판사,오은석/전기화학공학 강의자료/울산대학교",추천선수과목 : 재료반응속도론,False,True
18300,재료전기화학,3,2학기,3.0,전공선택,,오승모/전기화학/자유아카데미,,"C. Lefrou, P. Fabry, J.C. Poignet/Electrochemistry, The Basics, with Examples/Grenoble Sciences,D. B. Hibbert/Introduction to Electrochemistry/Macmillan,T. F. Fuller, J. N. Harb/Electrochemical Engineering/Wiley,William D. Callister, JR. David G. Rethwisch/재료과학과 공학/시그마프레스,박정기/리튬이차전지의 원리 및 응용/홍릉과학출판사,오은석/전기화학공학 강의자료/울산대학교",추천선수과목 : 재료반응속도론,False,True
18301,재료전기화학,3,2학기,3.0,전공선택,,오승모/전기화학/자유아카데미,,"C. Lefrou, P. Fabry, J.C. Poignet/Electrochemistry, The Basics, with Examples/Grenoble Sciences,D. B. Hibbert/Introduction to Electrochemistry/Macmillan,T. F. Fuller, J. N. Harb/Electrochemical Engineering/Wiley,William D. Callister, JR. David G. Rethwisch/재료과학과 공학/시그마프레스,박정기/리튬이차전지의 원리 및 응용/홍릉과학출판사,오은석/전기화학공학 강의자료/울산대학교",추천선수과목 : 재료반응속도론,False,True
18302,재료전기화학,3,2학기,3.0,전공선택,,오승모/전기화학/자유아카데미,,"C. Lefrou, P. Fabry, J.C. Poignet/Electrochemistry, The Basics, with Examples/Grenoble Sciences,D. B. Hibbert/Introduction to Electrochemistry/Macmillan,T. F. Fuller, J. N. Harb/Electrochemical Engineering/Wiley,William D. Callister, JR. David G. Rethwisch/재료과학과 공학/시그마프레스,박정기/리튬이차전지의 원리 및 응용/홍릉과학출판사,오은석/전기화학공학 강의자료/울산대학교",추천선수과목 : 재료반응속도론,False,True
18303,재료전기화학,3,2학기,3.0,전공선택,,오승모/전기화학/자유아카데미,,"C. Lefrou, P. Fabry, J.C. Poignet/Electrochemistry, The Basics, with Examples/Grenoble Sciences,D. B. Hibbert/Introduction to Electrochemistry/Macmillan,T. F. Fuller, J. N. Harb/Electrochemical Engineering/Wiley,William D. Callister, JR. David G. Rethwisch/재료과학과 공학/시그마프레스,박정기/리튬이차전지의 원리 및 응용/홍릉과학출판사,오은석/전기화학공학 강의자료/울산대학교",추천선수과목 : 재료반응속도론,False,True
18304,재료전기화학,3,2학기,3.0,전공선택,,오승모/전기화학/자유아카데미,,"C. Lefrou, P. Fabry, J.C. Poignet/Electrochemistry, The Basics, with Examples/Grenoble Sciences,D. B. Hibbert/Introduction to Electrochemistry/Macmillan,T. F. Fuller, J. N. Harb/Electrochemical Engineering/Wiley,William D. Callister, JR. David G. Rethwisch/재료과학과 공학/시그마프레스,박정기/리튬이차전지의 원리 및 응용/홍릉과학출판사,오은석/전기화학공학 강의자료/울산대학교",추천선수과목 : 재료반응속도론,False,True
18313,광전자정보재료,3,2학기,3.0,전공선택,"전기전자 수동 소자에 사용되는 재료 (LCR) 에 대한 이론과 응용, 미세구조 설계에 대해 학습.","문경석/강의 자료/문경석,아오야기 미노루 외 저, 김봉환 외 역/기본부터 알아가는 전기전자재료/홍릉출판사",,"James D. Livingston/Electronic Properties of Engineering Materials/John Willey &amp; Sins, Inc.,조육/자성재료학 자성의 원리와 응용/북스힐","추천선수과목 : 공학수학, 기초물리, 재료공학1, 재료공학2",False,True
18314,광전자정보재료,3,2학기,3.0,전공선택,"전기전자 수동 소자에 사용되는 재료 (LCR) 에 대한 이론과 응용, 미세구조 설계에 대해 학습.","문경석/강의 자료/문경석,아오야기 미노루 외 저, 김봉환 외 역/기본부터 알아가는 전기전자재료/홍릉출판사",,"James D. Livingston/Electronic Properties of Engineering Materials/John Willey &amp; Sins, Inc.,조육/자성재료학 자성의 원리와 응용/북스힐","추천선수과목 : 공학수학, 기초물리, 재료공학1, 재료공학2",False,True
18315,광전자정보재료,3,2학기,3.0,전공선택,"전기전자 수동 소자에 사용되는 재료 (LCR) 에 대한 이론과 응용, 미세구조 설계에 대해 학습.","문경석/강의 자료/문경석,아오야기 미노루 외 저, 김봉환 외 역/기본부터 알아가는 전기전자재료/홍릉출판사",,"James D. Livingston/Electronic Properties of Engineering Materials/John Willey &amp; Sins, Inc.,조육/자성재료학 자성의 원리와 응용/북스힐","추천선수과목 : 공학수학, 기초물리, 재료공학1, 재료공학2",False,True
18316,광전자정보재료,3,2학기,3.0,전공선택,"전기전자 수동 소자에 사용되는 재료 (LCR) 에 대한 이론과 응용, 미세구조 설계에 대해 학습.","문경석/강의 자료/문경석,아오야기 미노루 외 저, 김봉환 외 역/기본부터 알아가는 전기전자재료/홍릉출판사",,"James D. Livingston/Electronic Properties of Engineering Materials/John Willey &amp; Sins, Inc.,조육/자성재료학 자성의 원리와 응용/북스힐","추천선수과목 : 공학수학, 기초물리, 재료공학1, 재료공학2",False,True
18322,광전자기물성,3,1학기,3.0,전공필수,"전기전자래료의 기본 물성이 되는 반도체 재료의 전자기적 및 광학적인 특성의 원리에 대하여 강의한다. 이들 특성을 공부하기 위하여, 반도체 재료의 결정구조, 결함에 대한 기초적인 지식을 기본으로, 불순물 첨가에 따른 p형, n형 반도체 재료의 특성 그리고 pn 접합시 반도체 소자의 전자기적 특성의 원리와 응용에 대해 학습한다.",B.G. Streetman/Solid State Electronics Devices/Pearson,,,,False,True
18327,재료전기전자회로,2,2학기,3.0,전공선택,"재료공학도가 재료에 관한 기본 지식을 토대로 회로소자로의 응용위한 기본 개념을 이해하기 위해 전기전자회로에 대해 학습한다. 전기의 실체인 전하에 대해 학습하고, 전기회로의 근간을 이루는 오옴의 법칙, 키르호프의 법칙에 대해 학습하고, 전압, 전류, 전력에 대해 물리적, 수학적 개념을 공부한다. 간단하 저항회로 해석법을 기본으로 하여, 교류, 커패시커, 인덕터 등에 대해 공부한다.",이상희/회로이론/생능출판,,,,False,True
18333,박막및반도체재료,3,2학기,3.0,전공선택,"물리전자에 대한 기본 개념과 지식을 바탕으로 다이오드, 트랜지스터 소자에 대한 기본 동작원리와 응용 분야에 대해 학습한다. 그리고 반도체 소자 제작의 핵심이 되는 제조 공정에 대해 소재, 증착, 산화, 에칭, 페케이징 및 분석 등에 대해 학습한다.",B.G. Streetman/Solid State Electronic Devices/Pearson,,"최시영, 김진섭 외/박막공학의 기초/일진사",,False,True
18334,박막및반도체재료,3,2학기,3.0,전공선택,"물리전자에 대한 기본 개념과 지식을 바탕으로 다이오드, 트랜지스터 소자에 대한 기본 동작원리와 응용 분야에 대해 학습한다. 그리고 반도체 소자 제작의 핵심이 되는 제조 공정에 대해 소재, 증착, 산화, 에칭, 페케이징 및 분석 등에 대해 학습한다.",B.G. Streetman/Solid State Electronic Devices/Pearson,,"최시영, 김진섭 외/박막공학의 기초/일진사",,False,True
30226,공학확률과통계,2,2학기,3.0,전공기초,"통계학의 기초개념을 이론과 응용을 중심으로 학습하여, 향후 학생 전공의 연구를 진행함에 있어 연구주제에 맞는 통계학 적 방법론 선정부터 통계분석 결과 해석 및 함의 도출까지에 도움이 되도록 한다.","이재원, 이욱기, 공학인증을 위한 확률과 통계(제4판), 북스힐, 2019.",,"김진경 외 5인 공저, 통계학: 파이썬을 이용한 분석, 자유아카데미, 2018. 김동희 외 8인 공저, R을 활용한 통계학(이론과 응용), 자유아카데미, 2015.",,False,True
30229,컴퓨터프로그래밍,1,2학기,3.0,전공기초,"This class aims to cultivate students' programming ability and learn problemsolving ability with computer. In this lecture, students will learn basic program command and the method of making simple algorithm.",,,"유태훈 옮김, 문제해결 중심의 공학도를 위한 매트랩",,False,True
30230,컴퓨터프로그래밍,1,2학기,3.0,전공기초,"This class aims to cultivate students' programming ability and learn problemsolving ability with computer. In this lecture, students will learn basic program command and the method of making simple algorithm.",,,"유태훈 옮김, 문제해결 중심의 공학도를 위한 매트랩",,False,True
30287,건축프로그래밍,2,1학기,3.0,전공필수,"건축설계에 필요한 다양한 협력분야 인지, 물리적 환경과 인간행동 상호관계의 이해, 다양한 정보의 수짐과 분석을 통한 종합적인 프로그래밍 능력을 배양한다. 설계에 필요한 자료 수집과 분석을 통한 건축 프로그램을 구성할 수 있는 능력을 지원하기 위한 과정이다.  이 과정에는 다양한 자료수집과 분석, 시설물별 기능과 건축계획각론적인 지식의 습득, 기초적인 물리적 환경과 인간 행동 상호관계의 이해, 건축을 위한 다양한 전문분야에 대한 이해와 협력, 기획에서 설계 프로세스의 작성, 다양한 정보와 수집에 대한 이해, 종합적인 프로그램 구성 능력을 갖추기 위한 과정을 포함한다.","안영배 외 4인, 『건축계획론』, 2002, 기문당",,"Henry Sanoff, 『Method of Architectural Programming, 건축계획방법론』, 윤장섭역, 1997, 태림문화사 김철주, 『단지계획, 주거환경계획의 이론과 기법』, 1996, 기문당 김진원 외 2인,『건축계획 설계론』, 2004, 도서출판 서우 Edi. by Cherry, FAIA저, 건축설계 프로그래밍, 기문당, 2009",,False,True
30372,수치해석,2,2학기,3.0,전공필수,,,,,,False,True
30373,수치해석,2,2학기,3.0,전공필수,,,,,,False,True
30375,전기전자공학개론,2,2학기,3.0,전공선택,,,,,,False,True
30391,자동제어,3,2학기,3.0,전공필수,,,,,,False,True
30403,IoT기반디지털트윈개론,4,2학기,3.0,전공선택,,,,,,False,True
30404,AI프로그래밍,2,1학기,3.0,전공선택,"대한민국을 비롯한 전 세계에서는 4차산업 혁명이라는 키워드가 대두되고 있다. 이러한 시대적 요구에 발맞추어 항공우주공학과 학부생들이 본 교과목을 통해 MATLAB을 활용한 프로그래밍 능력을 강화하고 이를 바탕으로 간단한 오픈소스 AI 소프트웨어를 체험해 봄으로써, AI 기술에 대한 전반적인 개념과 무인기 시스템에 AI가 어떤 방식으로 적용되는지 이해할 수 있도록 한다.  최종적으로, 학생들이 이후 교과과정에서 습득하게 될 항공우주공학의 다양한 분야(구조, 공력, 추진, 제어 등)에서 AI를 다양한 방법으로 접목할 수 있는 안목을 기르고자 한다. 이에 더불어 이후 교과과정인 수치해석, 항공IT융합실험 등 코딩능력이 필요한 수업에 기본 프로그래밍 지식을 탑재하고자 한다.",,,(알기 쉽게 배우는) MATLAB :an easy introdution,프로그래밍 기초,False,True
30405,머신러닝및AI기반모델링,4,1학기,3.0,전공선택,머신러닝 기법을 소개하고 항공우주분야 적용 사례를 제시,Pattern recognition and machine learning by C Bishop,,Neural Networks for Pattern Recognition by C Bishop,"선형대수, 확률과 통계, 최적화 이론",False,True
30433,공학선형대수학,1,2학기,3.0,전공기초,"This course introduces definitions and properties of basic facts about Linear Algebra to the students in engineering departments who have already taken Calculus courses, and induce them to examples and problems related to applications in engineering area so that they acquire basic concepts and fundamental knowledge of linear algebra and build up the ability to deal with various problems which they will encounter in their major fields.","(9th Ed.) 선형대수와 응용: 윤복식, 한광희 옮김, 텍스트북스",,,,False,True
30434,공학선형대수학,1,2학기,3.0,전공기초,"This course introduces definitions and properties of basic facts about Linear Algebra to the students in engineering departments who have already taken Calculus courses, and induce them to examples and problems related to applications in engineering area so that they acquire basic concepts and fundamental knowledge of linear algebra and build up the ability to deal with various problems which they will encounter in their major fields.","(9th Ed.) 선형대수와 응용: 윤복식, 한광희 옮김, 텍스트북스",,,,False,True
30452,수치해석,3,1학기,3.0,전공필수,1.Enable students to evaluate mathematical models with computer programming(Python) 2.Enable students to understand mathematical structure of numerical scheme,강의 자료 참고,,"[MDGreenberg] FoundationsofAppliedMathematics,Dover [KE Atkinson] An Introduction to Numerical Analysis, Wiley [J Kiusalaas] Numerical Methods in Engineering with MATLAB, Cambridge [WY Yang] Applied Numerical Methods Using MATLAB, Wiley [E Kreysizig] 공업수학, Wiley.",공학미적분학.,False,True
30453,수치해석,3,1학기,3.0,전공필수,1.Enablestudentstoevaluatemathematicalmodelswithcomputerprogramming(Python) 2.Enablestudentstounderstandmathematicalstructureofnumericalscheme,강의 자료 참고,,"[MDGreenberg] FoundationsofAppliedMathematics,Dover [KE Atkinson] An Introduction to Numerical Analysis, Wiley [J Kiusalaas] Numerical Methods in Engineering with MATLAB, Cambridge [WY Yang] Applied Numerical Methods Using MATLAB, Wiley [E Kreysizig] 공업수학, Wiley.",공학미적분학,False,True
30464,확률통계론,2,2학기,3.0,전공선택,"This course will cover descriptive statistics, elements of probability, random variables and expectation, distribution of sampling statistics, parameter estimation, and hypothesis test. This course will cover descriptive statistics, elements of probability, random variables and expectation, distribution of sampling statistics, parameter estimation, and hypothesis test. Statistics is the science of turning data into insights and ultimately decisions. Behind recent advances in machine learning, data science and artificial intelligence are fundamental statistical principles. The purpose of this class is to develop and understand these core ideas on firm mathematical grounds starting from the construction of estimators and tests, as well as an analysis of their asymptotic performance.","Anthony J. Hayter 지음, 배석주 옮김, 이공학도를 위한 확률과 통계 제4판, 센게이지러닝코리아(주), 2013",,"Anthony J. Hayter, Probability and Statistics for Engineers and Scientists, 4th Edition, Brooks Cole, a part of Cengage Learning, 2013",,False,True
30493,전기공학개론,2,1학기,3.0,전공선택,"전기 공학의 기초개념과 기본적인 전기회로, 전자부품에 대한 해석 능력, 구성방법 등을 학습함으로써 실제 산업현장에 적용되고 있는 전기 공학 분야의 실무기술의 접근과 이해가 가능하도록 한다.","전기전자통신공학개론, 현승엽지음, 2021",,"전기전자공학개론: 한빛 미디어 조선해양 전기 및 전자원리: 인터비전 알기쉬운 선박 전기 전자: 해광출판사 전기기기: 동일출판사 기초전기전자공학(Electronics Fundamentals: Circuits, Devices, and Applications) 저자: THOMAS L. FLOYD, DAVID M. BUCHLA 손상희, 송홍복, 이규철, 이서영, 이순걸, 장주섭 옮김 출판사: 시그마프레스 역자: 이근호, 이중호, 최홍순, 홍정표 공역 출판사: 시그마프레스","수학, 기초과학, 공학지식",False,True
30516,파이썬프로그래밍,2,1학기,2.0,전공기초,1.Programming for basic numerical analysis 2.Basic concept of programming 3.Practice advanced programming skill 4.Learn some tools like ‘compiler’ 5.Increase Programming ability,"두근두근 파이썬(생능출판, 천인국 지음)",,"파이썬 for Beginner (한빛 아카데미, 우재남 지음)",,False,True
30517,파이썬프로그래밍,2,1학기,2.0,전공기초,1.Programming for basic numerical analysis 2.Basic concept of programming 3.Practice advanced programming skill 4.Learn some tools like ‘compiler’ 5.Increase Programming ability,"두근두근 파이썬(생능출판, 천인국 지음)",,"파이썬 for Beginner (한빛 아카데미, 우재남 지음)",,False,True
30518,파이썬프로그래밍,2,1학기,2.0,전공기초,1.Programming for basic numerical analysis 2.Basic concept of programming 3.Practice advanced programming skill 4.Learn some tools like ‘compiler’ 5.Increase Programming ability,"두근두근 파이썬(생능출판, 천인국 지음)",,"파이썬 for Beginner (한빛 아카데미, 우재남 지음)",,False,True
30574,컴퓨터프로그래밍,1,1학기,3.0,전공기초,,,,,,False,True
30670,공학선형대수학,2,2학기,3.0,전공필수,,,,,,False,True
30671,공학선형대수학,2,2학기,3.0,전공필수,,,,,,False,True
30672,공학선형대수학,2,2학기,3.0,전공필수,,,,,,False,True
30673,공학선형대수학,2,2학기,3.0,전공필수,,,,,,False,True
30674,공학선형대수학,2,2학기,3.0,전공필수,,,,,,False,True
30675,공학선형대수학,2,2학기,3.0,전공필수,,,,,,False,True
30676,공학선형대수학,2,2학기,3.0,전공필수,,,,,,False,True
30677,공학선형대수학,2,2학기,3.0,전공필수,,,,,,False,True
30678,시스템모델링및제어,3,1학기,3.0,전공필수,,,,,,False,True
30679,시스템모델링및제어,3,1학기,3.0,전공필수,,,,,,False,True
30680,시스템모델링및제어,3,1학기,3.0,전공필수,,,,,,False,True
30681,시스템모델링및제어,3,1학기,3.0,전공필수,,,,,,False,True
30682,시스템모델링및제어,3,1학기,3.0,전공필수,,,,,,False,True
30683,시스템모델링및제어,3,1학기,3.0,전공필수,,,,,,False,True
30684,시스템모델링및제어,3,1학기,3.0,전공필수,,,,,,False,True
30685,시스템모델링및제어,3,1학기,3.0,전공필수,,,,,,False,True
30742,수치해석,2,1학기,3.0,전공선택,,,,,,False,True
30743,수치해석,2,1학기,3.0,전공선택,,,,,,False,True
30744,수치해석,2,1학기,3.0,전공선택,,,,,,False,True
30745,수치해석,2,1학기,3.0,전공선택,,,,,,False,True
30746,수치해석,2,1학기,3.0,전공선택,,,,,,False,True
30747,수치해석,2,1학기,3.0,전공선택,,,,,,False,True
30748,수치해석,2,1학기,3.0,전공선택,,,,,,False,True
30749,수치해석,2,1학기,3.0,전공선택,,,,,,False,True
30780,로봇공학,4,2학기,3.0,전공선택,,,,,,False,True
30823,제어시스템,3,2학기,3.0,전공선택,,,,,,False,True
30824,제어시스템,3,2학기,3.0,전공선택,,,,,,False,True
30825,제어시스템,3,2학기,3.0,전공선택,,,,,,False,True
30826,제어시스템,3,2학기,3.0,전공선택,,,,,,False,True
30827,공학통계,3,1학기,3.0,전공선택,,,,,,False,True
30828,공학통계,3,1학기,3.0,전공선택,,,,,,False,True
30829,공학통계,3,1학기,3.0,전공선택,,,,,,False,True
30830,공학통계,3,1학기,3.0,전공선택,,,,,,False,True
30861,인공지능시스템,4,2학기,3.0,전공선택,,,,,,False,True
30893,로봇기구학,4,1학기,3.0,전공선택,,,,,,False,True
30895,전기전자공학개론,2,2학기,3.0,전공필수,,,,,,False,True
30896,전기전자공학개론,2,2학기,3.0,전공필수,,,,,,False,True
30897,전기전자공학개론,2,2학기,3.0,전공필수,,,,,,False,True
30898,전기전자공학개론,2,2학기,3.0,전공필수,,,,,,False,True
30899,전기전자공학개론,2,2학기,3.0,전공필수,,,,,,False,True
30900,전기전자공학개론,2,2학기,3.0,전공필수,,,,,,False,True
30901,전기전자공학개론,2,2학기,3.0,전공필수,,,,,,False,True
30902,전기전자공학개론,2,2학기,3.0,전공필수,,,,,,False,True
30921,일반물리학실험(I),1,1학기,1.0,전공기초,,,,,,True,False
30922,일반물리학실험(I),1,1학기,1.0,전공기초,,,,,,True,False
30923,일반물리학실험(I),1,1학기,1.0,전공기초,,,,,,True,False
30924,일반물리학실험(I),1,1학기,1.0,전공기초,,,,,,True,False
30925,일반물리학실험(I),1,1학기,1.0,전공기초,,,,,,True,False
30926,일반물리학실험(I),1,1학기,1.0,전공기초,,,,,,True,False
30927,일반물리학(I),1,1학기,3.0,전공기초,"일반물리학은 두 학기 과정으로, 본 강의의 목표는 자연과학과 공학 전공에 필요한 역학, 열물리, 진동과 파동 등의 기본 개념과 원리를 배우는 것이다.  일반물리학에서 배운 기본 원리들을 실험을 통해 확인할 수 있도록 일반물리학 실험을 함께 수강할 것을 권한다.","Physics for Scientists and Engineers with Modern Physics Raymond A. Serway, John W. Jewett (10판, 번역본)",,교과목 진행 관련 안내문 및 정보는 http://www.phys.pusan.ac.kr에 연결하여‘교육/강의자료/일반물리학’페이지를 참고하기 바람.,고전역학과 열물리 등에 대한 물리 기초지식,True,False
30928,일반물리학(I),1,1학기,3.0,전공기초,"일반물리학은 두 학기 과정으로, 본 강의의 목표는 자연과학과 공학 전공에 필요한 역학, 열물리, 진동과 파동 등의 기본 개념과 원리를 배우는 것이다.  일반물리학에서 배운 기본 원리들을 실험을 통해 확인할 수 있도록 일반물리학 실험을 함께 수강할 것을 권한다.","Physics for Scientists and Engineers with Modern Physics Raymond A. Serway, John W. Jewett (10판, 번역본)",,1.PLATO  2. 교과목 진행 관련 안내문 및 정보는 http://www.phys.pusan.ac.kr에 연결하여‘교육/강의자료/일반물리학’페이지를 참고하기 바람.,고전역학과 열물리 등에 대한 물리 기초지식,True,False
30929,일반물리학(II),1,2학기,3.0,전공기초,"일반물리학은 두 학기 과정으로, 본 강의의 목표는 자연과학과 공학 전공에 필요한 전자기학 및 광학의 기본 개념과 원리를 배우는 것이다.  일반물리학에서 배운 기본 원리들을 실험을 통해 확인할 수 있도록 일반물리학 실험을 함께 수강할 것을 권장한다.","Physics for Scientists and Engineers with Modern PhysicsRaymond A. Serway, John W. Jewett (10판, 번역본)",,교과목 진행 관련 안내문 및 정보는 http://www.phys.pusan.ac.kr에 연결하여‘교육/강의자료/일반물리학’페이지를 참고하기 바람.,고전역학에 대한 물리 기초지식,True,False
30930,일반물리학(II),1,2학기,3.0,전공기초,"일반물리학은 두 학기 과정으로, 본 강의의 목표는 자연과학과 공학 전공에 필요한 전자기학 및 광학의 기본 개념과 원리를 배우는 것이다.  일반물리학에서 배운 기본 원리들을 실험을 통해 확인할 수 있도록 일반물리학 실험을 함께 수강할 것을 권장한다.","Physics for Scientists and Engineers with Modern PhysicsRaymond A. Serway, John W. Jewett (10판, 번역본)",,교과목 진행 관련 안내문 및 정보는 http://www.phys.pusan.ac.kr에 연결하여‘교육/강의자료/일반물리학’페이지를 참고하기 바람.,고전역학에 대한 물리 기초지식,True,False
30931,일반물리학실험(II),1,2학기,1.0,전공기초,"1. 물리학에 관한 기초적인 실험 방법, 측정결과를 분석하는 방법 그리고 보고서 작성법을 배운다. 2. 일반물리학(II) 강의에서 배운 지식을 실험으로 확인하거나 강의에 보다 깊은 관심을 가질 동기를 제공한다.","부산대학교 물리학교재편찬위원회, 일반물리학실험, 제5판(청문각)",,"1) 심경무 외(Randall. R. Knight 원저), 대학물리학 4판, 청문각 2) D.HallidayR.ResnickJ.Walker 원저, 일반물리학 9판, 범한서적",일반물리학(II),True,False
30932,일반물리학실험(II),1,2학기,1.0,전공기초,"1. 물리학에 관한 기초적인 실험 방법, 측정결과를 분석하는 방법 그리고 보고서 작성법을 배운다. 2. 일반물리학(II) 강의에서 배운 지식을 실험으로 확인하거나 강의에 보다 깊은 관심을 가질 동기를 제공한다.","부산대학교 물리학교재편찬위원회, 일반물리학실험, 제5판(청문각)",,"1) 심경무 외(Randall. R. Knight 원저), 대학물리학 4판, 청문각 2) D.HallidayR.ResnickJ.Walker 원저, 일반물리학 9판, 범한서적",일반물리학(II),True,False
30933,일반물리학실험(II),1,2학기,1.0,전공기초,"1. 물리학에 관한 기초적인 실험 방법, 측정결과를 분석하는 방법 그리고 보고서 작성법을 배운다. 2. 일반물리학(II) 강의에서 배운 지식을 실험으로 확인하거나 강의에 보다 깊은 관심을 가질 동기를 제공한다.","부산대학교 물리학교재편찬위원회, 일반물리학실험, 제5판(청문각)",,"1) 심경무 외(Randall. R. Knight 원저), 대학물리학 4판, 청문각 2) D.HallidayR.ResnickJ.Walker 원저, 일반물리학 9판, 범한서적",일반물리학(II),True,False
30934,일반물리학실험(II),1,2학기,1.0,전공기초,"1. 물리학에 관한 기초적인 실험 방법, 측정결과를 분석하는 방법 그리고 보고서 작성법을 배운다. 2. 일반물리학(II) 강의에서 배운 지식을 실험으로 확인하거나 강의에 보다 깊은 관심을 가질 동기를 제공한다.","부산대학교 물리학교재편찬위원회, 일반물리학실험, 제5판(청문각)",,"1) 심경무 외(Randall. R. Knight 원저), 대학물리학 4판, 청문각 2) D.HallidayR.ResnickJ.Walker 원저, 일반물리학 9판, 범한서적",일반물리학(II),True,False
30935,일반물리학실험(II),1,2학기,1.0,전공기초,"1. 물리학에 관한 기초적인 실험 방법, 측정결과를 분석하는 방법 그리고 보고서 작성법을 배운다. 2. 일반물리학(II) 강의에서 배운 지식을 실험으로 확인하거나 강의에 보다 깊은 관심을 가질 동기를 제공한다.","부산대학교 물리학교재편찬위원회, 일반물리학실험, 제5판(청문각)",,"1) 심경무 외(Randall. R. Knight 원저), 대학물리학 4판, 청문각 2) D.HallidayR.ResnickJ.Walker 원저, 일반물리학 9판, 범한서적",일반물리학(II),True,False
30936,일반물리학실험(II),1,2학기,1.0,전공기초,"1. 물리학에 관한 기초적인 실험 방법, 측정결과를 분석하는 방법 그리고 보고서 작성법을 배운다. 2. 일반물리학(II) 강의에서 배운 지식을 실험으로 확인하거나 강의에 보다 깊은 관심을 가질 동기를 제공한다.","부산대학교 물리학교재편찬위원회, 일반물리학실험, 제5판(청문각)",,"1) 심경무 외(Randall. R. Knight 원저), 대학물리학 4판, 청문각 2) D.HallidayR.ResnickJ.Walker 원저, 일반물리학 9판, 범한서적",일반물리학(II),True,False
30937,공학미적분학(I),1,1학기,3.0,전공기초,"고등학교에서 배운 수학의 내용에 관한 정확한 개념과 이해를 바탕으로 수학의 원리와 계산, 응용 등을 더욱 심도 있게 학습하여 다양한 전공에서 요구하는 상위의 수학을 다루는 데 도움을 주고 논리적인 사고와 응용할 수 있는 능력을 키우도록 한다.","제목: 미분적분학 제 9판 , 저자: 제임스 스튜어트 지음.  옮김:수학교재편찬위원회,  출판사: 경문사",,"제목: 미분적분학, 저자: 수학교재편찬위원회(2019), 출판사: 보성각",고등학교의 미적분학이 선수학습 되어 있어야 한다.,True,False
30938,공학미적분학(I),1,1학기,3.0,전공기초,"고등학교에서 배운 수학의 내용에 관한 정확한 개념과 이해를 바탕으로 수학의 원리와 계산, 응용 등을 더욱 심도 있게 학습하여 다양한 전공에서 요구하는 상위의 수학을 다루는 데 도움을 주고 논리적인 사고와 응용할 수 있는 능력을 키우도록 한다.","제목: 미분적분학 제 9판 , 저자: 제임스 스튜어트 지음.  옮김:수학교재편찬위원회,  출판사: 경문사",,"제목: 미분적분학, 저자: 수학교재편찬위원회(2019), 출판사: 보성각",고등학교의 미적분학이 선수학습 되어 있어야 한다.,True,False
30939,공학미적분학(II),1,1학기,3.0,전공기초,선형대수학 및 벡터미분적분학의 지식을 함양하여 공학도의 공학의 효과적 이해를 위해 필수적이고 기본적인 수학적 역량를 개발한다.,"Advanced Engineering Mathematics, 7th edition, Dennis G. Zill, Jones&Bartlett Learning 공학수학1, 개정7판, Dennis G. Zill, 텍스트븍스",,"미적분학 바이블, 한빛교재편찬위원회, 한빛아카데미 미분적분학 9판, James Stewart, 수학교재편찬위원회 옮김, 경문사",,True,False
30940,공학미적분학(II),1,2학기,3.0,전공기초,"먼저, 행렬식과 연관하여 행렬의 여러가지 성질을 다루고, 지금까지 공부했던 일변수 실함수의 개념을 다변수 실함수 및 다변수 벡터 값 함수로 확장하여 미분과 적분이 성립하는 의미와 실생활에서의 응용에 관한 이론들을 공부한다. 학생들은 일변수 함수와 다변수 함수 사이의 차이점을 익히고, 아울러 수학적 이론의 정립 과정을 통하여 논리적 사고의 함양과 추론의 근거를 합리적으로 제시할 수 있도록 하는 능력을 키운다. 3차원 공간에서 곡선과 곡면, 입체를 대상으로 하는 이론의 전개를 통하여 기하학적인 개념을 확립하여 학생 개인의 전공을 공부할 때에 새로운 이론의 습득과 정립에 논리적 타당성을 검증하는데에 기여하도록 한다.",(1)교재명: 미분적분학 제9판 저자: James Stewart.수학교재편찬위원회 옮김 출판사: 경문사 (2)공학수학 I 저자: Dennis G.Zill 출판사:텍스트북스,,"(1)Calculus (Schaum outline series)Lipschutz 저, MaGrawHill 출판사 (2)Advanced Calculus (Schaum outline series )Spiegel 저, MacGraw Hill 출판사 (3)미분적분학(5판) Ediwin J. Purcell/ Dale Varberg",미분적분학(I)의 일변수 함수 개념을 숙지하고 있어야 한다.,True,False
30941,공학미적분학(II),1,2학기,3.0,전공기초,"먼저, 행렬식과 연관하여 행렬의 여러가지 성질을 다루고, 지금까지 공부했던 일변수 실함수의 개념을 다변수 실함수 및 다변수 벡터 값 함수로 확장하여 미분과 적분이 성립하는 의미와 실생활에서의 응용에 관한 이론들을 공부한다. 학생들은 일변수 함수와 다변수 함수 사이의 차이점을 익히고, 아울러 수학적 이론의 정립 과정을 통하여 논리적 사고의 함양과 추론의 근거를 합리적으로 제시할 수 있도록 하는 능력을 키운다. 3차원 공간에서 곡선과 곡면, 입체를 대상으로 하는 이론의 전개를 통하여 기하학적인 개념을 확립하여 학생 개인의 전공을 공부할 때에 새로운 이론의 습득과 정립에 논리적 타당성을 검증하는데에 기여하도록 한다.",(1)교재명: 미분적분학 제9판 저자: James Stewart.수학교재편찬위원회 옮김 출판사: 경문사 (2)공학수학 I 저자: Dennis G.Zill 출판사:텍스트북스,,"(1)Calculus (Schaum outline series)Lipschutz 저, MaGrawHill 출판사 (2)Advanced Calculus (Schaum outline series )Spiegel 저, MacGraw Hill 출판사 (3)미분적분학(5판) Ediwin J. Purcell/ Dale Varberg",미분적분학(I)의 일변수 함수 개념을 숙지하고 있어야 한다.,True,False
30942,일반화학,1,1학기,3.0,전공기초,화학은 물질의 성질과 그 변화를 관찰하는 학문이다. 본 강의에서는 수강생들에게 고등학교 화학지식을 바탕으로 물질의 성질과 변화를 분자적 수준에서 이해 및 습득시켜서 자연과학 및 관련공학분야의 전공공부에 도움이 되고자 한다.,"레이몬드창의 일반화학 제12판 번역본, 사이플러스(2018)",,"1) 일반화학, Zumdahl & Zumdahl(일반화학교재연구회)제8판, 한글번역본, 사이플러스(2010) 2) 현대일반화학 Oxtoby, Gillis, and Nachtriede, 자유아카데미(2003) 3) 일반화학 미국화학학회(Freeman), 교보문고(2006)",고등학교 화학,True,False
30943,일반화학,1,1학기,3.0,전공기초,화학은 물질의 성질과 그 변화를 관찰하는 학문이다. 본 강의에서는 수강생들에게 고등학교 화학지식을 바탕으로 물질의 성질과 변화를 분자적 수준에서 이해 및 습득시켜서 자연과학 및 관련공학분야의 전공공부에 도움이 되고자 한다.,"레이몬드창의 일반화학 제12판 번역본, 사이플러스(2018)",,"1) 일반화학, Zumdahl & Zumdahl(일반화학교재연구회)제8판, 한글번역본, 사이플러스(2010) 2) 현대일반화학 Oxtoby, Gillis, and Nachtriede, 자유아카데미(2003) 3) 일반화학 미국화학학회(Freeman), 교보문고(2006)",고등학교 화학,True,False
30944,일반화학,1,1학기,3.0,전공기초,화학은 물질의 성질과 그 변화를 관찰하는 학문이다. 본 강의에서는 수강생들에게 고등학교 화학지식을 바탕으로 물질의 성질과 변화를 분자적 수준에서 이해 및 습득시켜서 자연과학 및 관련공학분야의 전공공부에 도움이 되고자 한다.,"레이몬드창의 일반화학 제12판 번역본, 사이플러스(2018)",,"1) 일반화학, Zumdahl & Zumdahl(일반화학교재연구회)제8판, 한글번역본, 사이플러스(2010) 2) 현대일반화학 Oxtoby, Gillis, and Nachtriede, 자유아카데미(2003) 3) 일반화학 미국화학학회(Freeman), 교보문고(2006)",고등학교 화학,True,False
30945,논리회로및설계,2,1학기,3.0,전공기초,"본 교과목에서 다음의 내용을 주요 교과목목표로 하고 있다: Understanding basic knowledge for designing digital logic circuit, Boolean algebra and understanding applications to combinational logic circuit, combinational logic gates and designing combinational logic circuit, learning and developing abilities of designing sequential circuit and finite state machine, programmable logic device and understanding applications to designing logic circuit.","Introduction to Logic Design, Alan B. Marcovitz, McGraw Hill, 3rd edition, 2010",,"M. Morris Mano and Charles R. Kime, Logic and Computer Design Fundamentals, 3rd",없음,True,True
30946,논리회로및설계,2,1학기,3.0,전공기초,Learning and understanding basic knowledge for designing digital logic  circuit Learning Boolean algebra and understanding applications to combinational logic  circuit Learning combinational logic gates and designing combinational logic  circuit Learning and developing abilities of designing sequential circuit and finite state  machine Learning programmable logic device and understanding applications to designing logic  circuit,"Introduction to Logic Design, Alan B. Marcovitz, McGraw Hill, 3rd edition,  2010.",,"M. Morris Mano and Charles R. Kime, Logic and Computer Design Fundamentals, 3rd",,True,True
30947,프로그래밍언어,1,1학기,2.0,전공기초,"컴퓨터 프로그래밍이란 프로그램을 작성하는 것을 말한다. 즉 실생활의 문제를 분석하고 알고리즘을 개발한 후, 컴퓨터가 이해할 수 있는 언어를 이용해 프로그램을 작성하여 문제를 해결하는 것이다. 본 교과목에서도 마찬가지 로 컴퓨터를 통해 문제를 해결하기 위해 컴퓨터 프로그래밍 언어 중 하나 인 C언어를 사용한다. C언어의 기초적인 문법과 활용을 이해하고, 프로그램의 설계, 알고리즘 개발을 통해 프로그램을 개발하는 것을 목표로 한다","컴퓨터 비전공자를 위한 C언어를 활용한 기초컴퓨터 프로그래밍, 최윤호.홍기진.신정화.문정욱. 부산대학교 출판부",,,,True,True
30948,프로그래밍언어,1,1학기,2.0,전공기초,"컴퓨터 프로그래밍이란 프로그램을 작성하는 것을 말한다. 즉 실생활의 문제를 분석하고 알고리즘을 개발한 후, 컴퓨터가 이해할 수 있는 언어를 이용해 프로그램을 작성하여 문제를 해결하는 것이다. 본 교과목에서도 마찬가지 로 컴퓨터를 통해 문제를 해결하기 위해 컴퓨터 프로그래밍 언어 중 하나 인 C언어를 사용한다. C언어의 기초적인 문법과 활용을 이해하고, 프로그램의 설계, 알고리즘 개발을 통해 프로그램을 개발하는 것을 목표로 한다","컴퓨터 비전공자를 위한 C언어를 활용한 기초컴퓨터 프로그래밍, 최윤호.홍기진.신정화.문정욱. 부산대학교 출판부",,,,True,True
30949,프로그래밍언어,1,1학기,2.0,전공기초,"컴퓨터 프로그래밍이란 프로그램을 작성하는 것을 말한다. 즉 실생활의 문제를 분석하고 알고리즘을 개발한 후, 컴퓨터가 이해할 수 있는 언어를 이용해 프로그램을 작성하여 문제를 해결하는 것이다. 본 교과목에서도 마찬가지 로 컴퓨터를 통해 문제를 해결하기 위해 컴퓨터 프로그래밍 언어 중 하나 인 C언어를 사용한다. C언어의 기초적인 문법과 활용을 이해하고, 프로그램의 설계, 알고리즘 개발을 통해 프로그램을 개발하는 것을 목표로 한다","컴퓨터 비전공자를 위한 C언어를 활용한 기초컴퓨터 프로그래밍, 최윤호.홍기진.신정화.문정욱. 부산대학교 출판부",,,,True,True
30950,AI프로그래밍,1,2학기,3.0,전공기초,"C와 MATLAB의 다양한 프로그래밍 기법들을 학습하고, 프로젝트 수행을 통하여 전기공학 분야의 문제 해결에 필요한 C 프로그램을 구현하는 방법을 습득하고 MATLAB을 이용한 인공지능 응용 프로그램 구현 능력을 기르는 것을 목표로 한다",,,,프로그래밍 언어,True,True
30951,AI프로그래밍,1,2학기,3.0,전공기초,"C와 MATLAB의 다양한 프로그래밍 기법들을 학습하고, 프로젝트 수행을 통하여 전기공학 분야의 문제 해결에 필요한 C 프로그램을 구현하는 방법을 습득하고 MATLAB을 이용한 인공지능 응용 프로그램 구현 능력을 기르는 것을 목표로 한다.",,,,프로그래밍 언어,True,True
30952,AI프로그래밍,1,2학기,3.0,전공기초,"C와 MATLAB의 다양한 프로그래밍 기법들을 학습하고, 프로젝트 수행을 통하여 전기공학 분야의 문제 해결에 필요한 C 프로그램을 구현하는 방법을 습득하고 MATLAB을 이용한 인공지능 응용 프로그램 구현 능력을 기르는 것을 목표로 한다.",,,,프로그래밍 언어,True,True
30953,컴퓨터구조,3,1학기,3.0,전공선택,"● 현재 전세계는 4차 산업혁명의 영향으로 빅데이터, 인공지능, 사물인터넷 등이 핵심 기술로 부각되고 있다. 이러한 기술들은 모두 컴퓨터 시스템을 근간으로 하기 때문에 컴퓨터 시스템의 구조를 이해하는 것은 이러한 기술들을 이해하는 데 필수적이다. 이 과목에서는 컴퓨터 하드웨어의 구조를 중심으로 전체적인 컴퓨터 시스템의 구조를 배우게 될 것이다.","“컴퓨터구조론”(개정5판) 생능출판사, 2019년 김종현",,"1. D. A. Patternson and J. L. Hennessy, Computer Organization and Design  2. William Stallings, Computer Organization & Architecture Designing for Performance,  3. 신종흥  컴퓨터 구조와 원리 2.0  4. M. Moris Mano, Charles R. Kime, Logic & Computer Design Fundamentals, 4th Ed., Pearson Education, 2007",,True,True
30954,공학수학(I),2,1학기,3.0,전공필수,공학에 응용되는 미분방정식의 제반이론과 유형별 해법을 교수하여 공학에 연계된 응용문제 해결을 위한 분석 및 해석 능력을 배양한다.,"공학수학1, 개정7판, Dennis G. Zill, 텍스트븍스",,"Advanced Engineering Mathematics, 7th edition, Dennis G. Zill, Jones&Bartlett Learning, 텍스트븍스 Kreyszig 공업수학, Kreyszig, 텍스트북스",,True,False
30955,전기기기(I),3,1학기,3.0,전공필수,"본 강좌에서는 산업체의 전동기/발전기 뿐만 아니라 풍력발전, 에너지하비스트시스템, 및 전기자동차에 이르기까지 사용되는 전기기기를 학습한다. 본 강좌는 전기공학 전공자들을 위한 내용으로 구성되어있다.","Sarma, ""Electric Machines"", 2nd ed. PWS Pub. 2011",,"정승기, ""전기기계"", 학산미디어, 2018 Hubert, ""Electric Machines"", 2nd ed. Prentice Hall, 2002  Cathey, ""Electric Machines"", McGrawHill. 2001  Chapman, ""Electric Machinery Fundamentals"", 4th ed. McGraw Hill, 2003","전자기학, 전기회로",True,True
30956,전기기기(I),3,1학기,3.0,전공필수,"본 강좌에서는 산업체의 전동기/발전기 뿐만 아니라 풍력발전, 에너지하비스트시스템, 및 전기자동차에 이르기까지 사용되는 전기기기를 학습한다. 본 강좌는 전기공학 전공자들을 위한 내용으로 구성되어있다.","Sarma, ""Electric Machines"", 2nd ed. PWS Pub. 2011",,"정승기, ""전기기계"", 학산미디어, 2018 Hubert, ""Electric Machines"", 2nd ed. Prentice Hall, 2002  Cathey, ""Electric Machines"", McGrawHill. 2001  Chapman, ""Electric Machinery Fundamentals"", 4th ed. McGraw Hill, 2003","전자기학, 전기회로",True,True
30957,제어공학(I),3,1학기,3.0,전공필수,"제어공학은 시스템 출력이 원하는 출력과 가능한 한 동일하게 되게 만드는 방법론이다. 전기전자, 기계 및 화공 분야에서 폭넓 게 쓰이는 제어공학에 대한 기본개념과 세부적 해석방법을 학습한다.","Norman S. Nise, Control Systems Engineering: 7th Edition, John Wiley & Sons, Inc., 2015",,,,True,True
30958,제어공학(I),3,1학기,3.0,전공필수,"제어공학은 시스템 출력이 원하는 출력과 가능한 한 동일하게 되게 만드는 방법론이다. 전기전자, 기계 및 화공 분야에서 폭넓게 쓰이는 제어공학에 대한 기본개념과 세부적 해석방법을 학습한다.","Norman S. Nise, Control Systems Engineering: 6th Edition, John Wiley & Sons, Inc., 2011",,"Robert D. Strum and Donald E. Kirk, Contemporary Linear Systems Using Matlab (Pws Bookware Companion Series.)",Matlab 프로그래밍,True,True
30959,전력전자,3,2학기,3.0,전공필수,"본 강좌는 전력전자의 관련 이론 및 응용 기술의 습득을 목표로 한다. 최근 반도체 및 프로세서 기술의 향상으로 인해 여러 산업에서 전력전자의 응용이 더욱 확장되고 있으며, 전력산업에서 필수적인 기술로서 본 강좌의 중요성은 매우 크다.","전력전자공학 (저자 노의철 외, 문운당)",,,,True,True
30960,전력전자,3,2학기,3.0,전공필수,"본 강좌는 전력전자의 관련 이론 및 응용 기술의 습득을 목표로 한다. 최근 반도체 및 프로세서 기술의 향상으로 인해 여러 산업에서 전력전자의 응용이 더욱 확장되고 있으며, 전력산업에서 필수적인 기술로서 본 강좌의 중요성은 매우 크다.","전력전자공학 (저자 노의철 외, 문운당)",,,,True,True
30961,전기기기(II),3,2학기,3.0,전공선택,"본 강좌의 목표는 현대사회에서 발전기, 모터 등에 사용되는 주요 전기기기인 전동기, 발전기의 원리와 종류, 구조, 이론 및 응용 예 등을 학습하는 것이다.","Sarma, ""Electric Machines"", 2nd ed. PWS Pub. 2011",,"Cathey, ""Electric Machines"", McGrawHill. 2001 Chapman, ""Electric Machinery Fundamentals"", McGraw Hill, 2003",전기기기(I),True,True
30962,전기기기(II),3,2학기,3.0,전공선택,"본 강좌에서는 산업체에서 사용되는 전동기/발전기의 원리와 종류 및 구조, 그리고 관련이론과 응용예를 포함하며 풍력발전, 에너지하비스트시스템, 및 전기자동차에 이르기까지 사용되는 전기기기를 학습한다. 본 강좌는 전기공학 전공자들을 위한 내용으로 구성되어있다.","Sarma, ""Electric Machines"", 2nd ed. PWS Pub. 2011",,"Cathey, ""Electric Machines"", McGrawHill. 2001 Chapman, ""Electric Machinery Fundamentals"", McGraw Hill, 2003",전기기기(I),True,True
30963,고전압공학,4,1학기,3.0,전공선택,,,,,,True,False
30964,물리전자,3,1학기,3.0,전공선택,"본 강의는 반도체 공학의 선수과목으로 반도체를 이해하기 위한 기본 개념에 대해 학습한다. 원자 구조, 양자 물리학에 대한 기초를 알고  물질의 구조에 따라 특성이 어떻게 달라지는지 학습한다. 이를 통해 반도체의 기본 특성을 이해하고, 반도체를 이용한 전자소자에 대해 학습한다.",Principle of Electronic Materials and Devices 3rd Edition by S. O. Kasap,,다양한 고체물리학 및 전자재료 교재,,True,True
30965,물리전자,3,1학기,3.0,전공선택,,,,,,True,True
30966,제어공학(II),3,2학기,3.0,전공선택,1. 제어시스템 분석 2. 제어시스템 설계 개념 확립 3. 확립된 설계 개념의 알고리즘적 표현 4. 표현된 알고리즘을 프로그래밍 언어로 구현 5. 실제 제어문제를 해결할 수 있는 능력 개발,"Norman S. Nise, Control Systems Engineering, 8th edition, John Wiley & Sons, INC., 2021",,,"제어공학(I), Matlab",True,True
30967,반도체공학,4,1학기,3.0,전공선택,,,,,,True,True
30968,플라즈마공학,4,1학기,3.0,전공선택,The students will have indepth understanding on basic theory and application aspect of plasma physics and engineering,Lecture notes provided by instructor,,Plasma Physics and Controlled Fusion by F. Chen,"Electromangetics I, II",True,False
30969,전자기학(I),2,1학기,3.0,전공필수,정전계와 정자계에 관한 기본 이론 및 응용분야에 대한 깊이 있는 지식을 습득한다.,"W. H. Hayt and J. A. Buck, ""Engineering Electromagnetics. 9th edition"", McGraw Hill",,Fundamentals of Engineering Electromagnetics (D.K.Cheng),,True,True
30970,전자기학(I),2,1학기,3.0,전공필수,정전계와 정자계에 관한 기본 이론 및 응용분야에 대한 깊이 있는 지식을 습득한다.,Engineering Electromagnetics (Hyat),,,,True,True
30971,전자기학(II),2,2학기,3.0,전공필수,"자기장의 물리적특성을 이해하고 이와 관련된 수학및 공학적기초를 배양한다. 시변전자계의 특성과 상호관계를 이해한다. 평면파의 수학적 해를 도출한다. 표현력, 커뮤니케이션 및 논리의 일반화에 대한 기술습득을 강조한다. 이를 통해 체계적이고 논리적인 사고력을 증대시키고 이를 다른 분야에 적용할 수 있도록 한다.","Engineering Electromagnetics, Hayt & Buck, 8th edition, McGraw Hill",,"1. Field and wave electromagnetics, David K. Cheng, 2nd edition, Addison Wesley  2. Elements of Electromagnetics, Sadiku, 2nd edition, Saunders College Publishing",전자기학(I),True,True
30972,전자기학(II),2,2학기,3.0,전공필수,"자기장의 물리적특성을 이해하고 이와 관련된 수학및 공학적기초를 배양한다. 시변전자계의 특성과 상호관계를 이해한다. 평면파의 수학적 해를 도출한다. 표현력, 커뮤니케이션 및 논리의 일반화에 대한 기술습득을 강조한다. 이를 통해 체계적이고 논리적인 사고력을 증대시키고 이를 다른 분야에 적용할 수 있도록 한다.","Engineering Electromagnetics, Hayt & Buck, 8th edition, McGraw Hill",,"1. Field and wave electromagnetics, David K. Cheng, 2nd edition, Addison Wesley 2. Elements of Electromagnetics, Sadiku, 2nd edition, Saunders College Publishing",,True,True
30973,확률통계,2,2학기,3.0,전공선택,"본 강좌의 목표는 공학 시스템에서 불확실한 입력과 노이즈를 모형화하는데 널리 사용되는 확률, 확률변수, 확률 프로세스와 추정과 관련된 수학적인 개념을 이해하는데 있다.","D. P. Bertsekas and J. N. Tsitsiklis, Introduction to Probability, 2nd Ed. Athena Scientific 2008",,"P. Z. Peebles, Jr. and B. Shi, Probability, Random Variables, and Random Signal Principles, Mc Graw Hill, 2015",없음,True,True
30974,신호및시스템,3,1학기,3.0,전공필수,"신호및시스템은 전기전자공학 기초 과목 중 하나로, 연속시간 신호와 시스템, 라플라스 변환과 푸리에 변환에 관한 기본 지식과 응용을 공부한다. 이를 통해 신호처리, 통신, 제어공학 등에 대한 기초를 쌓도록 한다.","Luis F Chaparro, Signals and Systems Using MATLAB, Academic Press, 2015.",,,공학수학 회로이론,True,True
30975,신호및시스템,3,1학기,3.0,전공필수,"신호및시스템은 전기전자공학 기초 과목 중 하나로, 주로 연속시간 신호와 연속시간 시스템에 대한 기본 지식과 응용을 공부한 다. 이를 통해 신호처리, 통신, 제어공학 등에 대한 기초를 쌓도록 한다.","Luis F Chaparro, Signals and Systems Using MATLAB, 2nd Edition, Academic Press, 2015.",,,,True,True
30976,디지탈신호처리,3,2학기,3.0,전공선택,본과목의 목표는 디지털신호처리 이론의 기본적인 기초를 제공하는 데 있다. 이 과정을 통하여 다양한 디지털신호처리 응용 시스템에 대한 이해와 개발 능력을 가질 수 있도록 한다.,"Oktay Alkin, Signals and Sytems, 2nd edition, CRC Press",,,신호및시스템,True,True
30977,마이크로프로세서응용,3,1학기,3.0,전공선택,"최근 산업체의 기술은 날마다 눈부시게 성장하고 있다. 특히 VR, AR 그리고 최근 AI(인공지능) 등은 최근 기술의 주요한 흐름으로 되었다. 하지만 이러한 기술적 흐름에 있어 가장 중요한 기초를 형성하고 있는 기술은 파이크로프로세스이다. 마이크로프로세스 그 자체는 단순한 계산을 빨리 할 수있는 연잔장치에 불과하지만 여기에 다양한 위치 및 시간 센스등이 부착되면 전혀 다른 형태로 변할 수 있다. 그래서 전기자동차, 드론, 그리고 최근 도로에 다니는 개인용 운반 장치등은 모두 마이크로프로세스를 바탕으로 동작되고 있다. 이러한 마이크로프로세스는 전기공학 전자공학 그리고 컴퓨터공학 전공자에게는 필수적으로 필요한 과목이다. 본 강좌에서 개설하게 될 마이크로프로세스는 TI 계열의 고성능 마이크로프로세스로서 우리 실험실에서 오랫동안 사용하였고 신뢰성이 획보된 기술을 바탕으로  수업에서 활용될 것입니다. 따라서 본 강좌의 목표는 마이크로프로세서의 이해 및 다양한 으용분야에 활용 가능한 지식을 습득하는 것을 목표로한다.",1. 직접 TI 응용 메뉴얼을 한글로 발취하여 번역한 책자(수업중 전자파일로 분배할 것임) 2. 앞의 메뉴얼을 바탕으로 발표원고 자료,,"어셈블리어로 배우는 PIC 마이컴 차영배, AVR 마이크로컨트롤러 ATmega 128, 차영배 Gilmore, ""Microprocessor Principles and Applications"", McGraw Alexandridis, ""Design of Microprocessor Based Systems"", Prentice Hall",논리회로,True,True
30978,수치해석,3,2학기,3.0,전공선택,"이 수업은 컴퓨터를 이용하여 공학적인 문제를 해석할 수 있는 능력을 키우는 데 필요한 기초적인 요소를 학습하는 것을 목표로 한다. 데이터의 가시화, 방정식의 풀이, 수치 미분 및 적분, 근사식 구하기 등의 다양한 능력을 배양하여 공학적인 문제풀이 능력을 증대시키고, 나아가서 간단한 물리, 공학적인 문제를 수치해석을 이용하여 풀이하고 해석하는 사례를 통해 과학적 사고 능력을 배양한다.",Handout,,"Applied Numerical Methods for Engineers and Scientists, S. S. Rao, 2002  Applied Numerical Methods with MATLAB for Engineers and Scientists, S.C. Chapra, 2005",,True,True
30979,공학수학(II),2,2학기,3.0,전공필수,공학전공과목의 효과적 이해를 위한 공학수학을 응용할 수 있는 학생들의 능력향상을 추구한다.  퓨리에 해석학과 복소 해석학에 관한 여러 정리들을 강의하여 학생들의 공학수학적 지식의 영역을 넓힌다.  관련 영역별 예제의 분석 및 해석을 통하여 공학적 문제해결을 위한 기본 원리의 이해능력을 함양한다.,"공학수학 2,개정7판, Zill&Wright,텍스트북스",,"공학수학2, Advanced Engineering Marhematics,7th edition, Zill & Wright, Text Books  Advanced Engineering Mathematics, Erwin Kreyszig, John Wiley & Sons, Inc.",,True,False
30980,공학수학(II),2,2학기,3.0,전공필수,공학전공과목의 효과적 이해를 위한 공학수학을 응용할 수 있는 학생들의 능력향상을 추구한다.  퓨리에 해석학과 복소 해석학에 관한 여러 정리들을 강의하여 학생들의 공학수학적 지식의 영역을 넓힌다.  관련 영역별 예제의 분석 및 해석을 통하여 공학적 문제해결을 위한 기본 원리의 이해능력을 함양한다.,"공학수학 2,개정7판, Zill&Wright,텍스트북스",,"공학수학2, Advanced Engineering Marhematics,7th edition, Zill & Wright, Text Books  Advanced Engineering Mathematics, Erwin Kreyszig, John Wiley & Sons, Inc.",,True,False
30981,공학설계과제(I),4,1학기,2.0,전공필수,"설계 및 분석능력, 공학 영향에 대한 이해를 바탕으로 한 문제 해결 능력을 키우고 학제 팀원으로서의 역할을 수행하며 팀웍과 표현력을 키우고 공학도구 사용 능력, 전공응용 능력을 배양한다.",과제의 주제 및 지도 교수에 따라 자유롭게 정함,,,,True,False
30982,공학설계과제(I),4,1학기,2.0,전공필수,"설계 및 분석능력, 공학 영향에 대한 이해를 바탕으로 한 문제 해결 능력을 키우고 학제 팀원으로서의 역할을 수행하며 팀웍과 표현력을 키우고 공학도구 사용 능력, 전공응용 능력을 배양한다.",과제의 주제 및 지도 교수에 따라 자유롭게 정함,,,,True,False
30983,공학설계과제(I),4,1학기,2.0,전공필수,"설계 및 분석능력, 공학 영향에 대한 이해를 바탕으로 한 문제 해결 능력을 키우고 학제 팀원으로서의 역할을 수행하며 팀웍과 표현력을 키우고 공학도구 사용 능력, 전공응용 능력을 배양한다.",과제의 주제 및 지도 교수에 따라 자유롭게 정함,,,,True,False
30984,공학설계과제(I),4,1학기,2.0,전공필수,"설계 및 분석능력, 공학 영향에 대한 이해를 바탕으로 한 문제 해결 능력을 키우고 학제 팀원으로서의 역할을 수행하며 팀웍과 표현력을 키우고 공학도구 사용 능력, 전공응용 능력을 배양한다.",과제의 주제 및 지도 교수에 따라 자유롭게 정함,,,,True,False
30985,공학설계과제(I),4,1학기,2.0,전공필수,"설계 및 분석능력, 공학 영향에 대한 이해를 바탕으로 한 문제 해결 능력을 키우고 학제 팀원으로서의 역할을 수행하며 팀웍과 표현력을 키우고 공학도구 사용 능력, 전공응용 능력을 배양한다.",필요에 따라 국내 및 국외 논문 등 문헌 참조,,필요에 따라 국내 및 국외 논문 등 문헌 참조,"전기회로, 전자기학, 전기기기",True,False
30986,공학설계과제(II),4,2학기,2.0,전공필수,"설계 및 분석능력, 공학 영향에 대한 이해를 바탕으로 한 문제 해결 능력을 키우고 학제 팀원으로서의 역할을 수행하며 팀웍과 표현력을 키우고 공학도구 사용 능력, 전공응용 능력을 배양한다.",과제의 주제 및 지도 교수에 따라 자유롭게 정함,,,,True,False
30987,공학설계과제(II),4,2학기,2.0,전공필수,"설계 및 분석능력, 공학 영향에 대한 이해를 바탕으로 한 문제 해결 능력을 키우고 학제 팀원으로서의 역할을 수행하며 팀웍과 표현력을 키우고 공학도구 사용 능력, 전공응용 능력을 배양한다.",과제의 주제 및 지도 교수에 따라 자유롭게 정함,,,,True,False
30988,공학설계과제(II),4,2학기,2.0,전공필수,"설계 및 분석능력, 공학 영향에 대한 이해를 바탕으로 한 문제 해결 능력을 키우고 학제 팀원으로서의 역할을 수행하며 팀웍과 표현력을 키우고 공학도구 사용 능력, 전공응용 능력을 배양한다.",과제의 주제 및 지도 교수에 따라 자유롭게 정함,,,,True,False
30989,공학설계과제(II),4,2학기,2.0,전공필수,"설계 및 분석능력, 공학 영향에 대한 이해를 바탕으로 한 문제 해결 능력을 키우고 학제 팀원으로서의 역할을 수행하며 팀웍과 표현력을 키우고 공학도구 사용 능력, 전공응용 능력을 배양한다.",과제의 주제 및 지도 교수에 따라 자유롭게 정함,,,,True,False
30990,공학설계과제(II),4,2학기,2.0,전공필수,"설계 및 분석능력, 공학 영향에 대한 이해를 바탕으로 한 문제 해결 능력을 키우고 학제 팀원으로서의 역할을 수행하며 팀웍과 표현력을 키우고 공학도구 사용 능력, 전공응용 능력을 배양한다.",과제의 주제 및 지도 교수에 따라 자유롭게 정함,,,,True,False
30991,기초전기전자실험(I),2,1학기,2.0,전공필수,실험과 개념이해를 통한 회로이론의 기본 원리를 확인한다,기초전기전자실험(I),,,"전기회로, 전자회로",True,True
30992,기초전기전자실험(I),2,1학기,2.0,전공필수,실험과 개념이해를 통한 회로이론의 기본 원리를 확인한다,기초전기전자실험(I),,,"전기회로, 전자회로",True,True
30993,기초전기전자실험(I),2,1학기,2.0,전공필수,실험과 개념이해를 통한 회로이론의 기본 원리를 확인한다,기초전기전자실험(I),,,"전기회로, 전자회로",True,True
30994,전자회로(I),3,1학기,3.0,전공필수,"전자회로에 대한 기본개념 숙지, 연산증폭기를 이용한 회로의 해석 및 설계능력 배양, 다이오드에 대한 이해 및 응용, MOSFET의 동작원리이해 및 증폭기의 설계",Microelectronics by Behzad Razavi (second edition),,,전기회로I/II (필수),True,True
30995,전자회로(I),3,2학기,3.0,전공필수,"전자회로에 대한 기본개념 숙지, 연산증폭기를 이용한 회로의 해석 및 설계능력 배양, 다이오드에 대한 이해 및 응용, MOSFET의 동작원리이해 및 증폭기의 설계, BJT의 동작원리이해 및 증폭기의 설계",Microelectronics by Behzad Razavi (second edition),,Microelectronic Circuits 6th edition by Sedra/Smith,전기회로 및 회로이론,True,True
30996,응용전기전자실험(I),3,1학기,2.0,전공필수,전기공학의 기초 및 응용회로의 특성해석 및 설계능력을 배양한다,응용전기전자실험(I),,,"전기회로, 전자회로",True,True
30997,응용전기전자실험(I),3,1학기,2.0,전공필수,전기공학의 기초 및 응용회로의 특성해석 및 설계능력을 배양한다,응용전기전자실험(I),,,"전기회로, 전자회로",True,True
30998,응용전기전자실험(I),3,1학기,2.0,전공필수,전기공학의 기초 및 응용회로의 특성해석 및 설계능력을 배양한다,응용전기전자실험(I),,,"전기회로, 전자회로",True,True
30999,응용전기전자실험(II),3,2학기,2.0,전공필수,"전기공학의 중요한 과목인 전기기기, 전력계통, 전력전자를 실험을 통해 개념 이해 및 기본 원리를 확인한다.",응용전기전자실험(II),,,"전력전자, 전력공학, 전기기기, 제어공학",True,True
31000,응용전기전자실험(II),3,2학기,2.0,전공필수,"전기공학의 중요한 과목인 전기기기, 전력계통, 전력전자를 실험을 통해 개념 이해 및 기본 원리를 확인한다.",응용전기전자실험(II),,,"전력전자, 전력공학, 전기기기, 제어공학",True,True
31001,응용전기전자실험(II),3,2학기,2.0,전공필수,"전기공학의 중요한 과목인 전기기기, 전력계통, 전력전자를 실험을 통해 개념 이해 및 기본 원리를 확인한다.",응용전기전자실험(II),,,"전력전자, 전력공학, 전기기기, 제어공학",True,True
31002,전자회로(II),3,2학기,3.0,전공선택,Understanding of differential and multistage amplifiers Understanding of frequency response and frequency response improvement for various amplifiers Analysis of feedback circuits and understanding of stability for feedback system Understanding and design of active filter Understanding and design of signal generator and waveshaping circuits,"Behzad Razavi, Fundamentals of Microelectronics, 2nd Edition, Wiley.",,,"회로이론, 전자회로I 필수",True,True
31003,광전자공학,4,2학기,3.0,전공선택,"광학의 기본원리와 waveguide, 광소자의 동작 원리, 응용분야에 대해 알아본다.","Optoelectronics and Photonics, Kasap (2nd edition)",,,물리전자,True,True
31004,전동기제어공학,4,2학기,3.0,전공선택,"본 강좌의 목표는 전자기학, 전기회로 및 관련 수업에서 배운 기본적인 전자에너지변환 수식을 바탕으로 기본적인 전기기 기의 이론을 익히며 전자기적인 현상을 이용하여 Actuator의 이론적 기초 및 제어 분야에서 수학적 모델링, 좌표변환, 전류제 어기 설계, PWM 구현등에 관한 내용을 학습하여 전자에너지변환 시스템을 설계 및 제작할 수 있는 역량을 배양하는데 이 강좌의 학습목표이다.",파워포인터를 활용한 교수 직접 강의 본문의 이론적 내용을 실험실습을 통하여 검정 및 내용 복습확인,,,회로이론 기초 논리회로 기초 학부 전동기 기초 이론,True,True
31005,공학경제,4,1학기,3.0,전공선택,엔지니어가 프로젝트를 수행하거나 제품개발을 하는 과정에서 직면하는 다양한 경제문제와 의사결정을 하는데 반드시 알아야 하는 경영/경제 관련 이론을 이해하고 이를 실제 적용하는 방법에 관하여 다룬다.,"공학경제, 김욱 외, 부산대학교 출판부, 2015",,"공학경제개론, 박찬석 외, 도서출판 청람, 2014 Fundamentals of Engineering Economics, 2nd Ed., CS Park, Pearson Engineering Economic Analysis, 9th Ed., Newnan 외, Oxford","사전 이수과목이나 기초과목이 불필요하므로 2~4학년 누구나 수강이 가능하나, Microsoft Excel에 대한 지식이 필요함에 유의",True,False
31006,전력공학(I),3,2학기,3.0,전공필수,1. Understanding merits and circuits analysis for balanced 3phase power systems  2. Analyzing the economics of various systems for power transmission and understanding the concepts of active power and reactive power  3. Understanding the concepts and calculation methods of the perunit system  4. Finding the transmission line parameters such as inductance and capacitance  5. Analyzing the equivalent circuits of medium and long transmission lines 6. Understanding the concepts and calculation methods of the power flow,"J.Glover, S.Sarma, and J. Overbye, ""Power System Analysis and Design"", (6th edition)",,"1)문영현, 김홍래, 남해곤, 박준호, 백영식, "" 전력시스템공학 "", 사이텍미디어, 1998  2)Charles A. Gross, ""Power System Analysis"", John Wiley & Sons. 3) William D. Stevenson, ""Element of Power System Analysis"", McGrawHill.","전기회로, 회로이론, 전자기학을 수강한 후 수강신청하여야 함.",True,False
31007,전력공학(I),3,2학기,3.0,전공필수,1. Understanding merits and circuits analysis for balanced 3phase power systems and analyzing the advantage and disadvantages of DC transmission system 2. Analyzing the economics of various systems for power transmission and understanding the concepts of active power and reactive power 3. Understanding the concepts and calculation methods of the perunit system 4. Finding the transmission line parameters such as inductance and capacitance 5. Analyzing the equivalent circuits of medium and long transmission lines,"J.Glover, S.Sarma, and J. Overbye, ""Power System Analysis and Design"", (6th edition)",,"1)문영현, 김홍래, 남해곤, 박준호, 백영식, "" 전력시스템공학 "", 사이텍미디어, 1998  2)Charles A. Gross, ""Power System Analysis"", John Wiley & Sons. 3) William D. Stevenson, ""Element of Power System Analysis"", McGrawHill.","전기회로, 회로이론, 전자기학을 수강한 후 수강신청하여야 함.",True,False
31008,전력공학(II),4,1학기,3.0,전공선택,"본 교과목에서는 “전력공학(I)”에 이어 전력시스템을 안정적으로 운영하기 위한 다양한 이론과 그 활용사례에 대해 학습한다. 구체적으로 고장해석, 계통보호, 전압 및 주파수 제어, 과도 안정도, 배전계통에 대해 다룬다.","Glover and Sarma, ""Power System Analysis and Design(6th Ed.)""",,"Hadi Saadat, “Power System Analysis(2nd Ed.)”",전력공학(I),True,False
31009,집적회로및시스템설계,4,1학기,3.0,전공선택,학생들에게 일반 전자회로와 집적회로의 차이점을 이해시키고 집적회로 설계에 대한 기본적인 지식을 갖추게 하여 아날로 그 IC를 설계할 수 있는 능력을 갖추게 하는 것을 목표로 하고 있다.,"“Design of Analog CMOS Integrated Circuits"", Behzad Razavi, McGrawHill (Optional)",,,"전자회로(I), 전자회로(II)",True,True
31010,컴퓨터네트워크,4,1학기,3.0,전공선택,"본 강의의 목표는 인터넷, WiFi, 이동통신망 등의 데이터 통신망의 구조와 동작 원리를 이해하는데 있다.","James F. Kurose and Keith W. Ross, Computer Networking: A TopDown Approach, 8th Edition",,,C 언어 또는 객체지향프로그래밍,True,True
31011,머신러닝,3,2학기,3.0,전공선택,"4차산업혁명의 필수 요소인 기계학습 및 인공지능에 관련된 기본적인 내용을 학습한다. 인공신경망, 퍼지논리와 최적화 방법 등의 알고리즘을 학습한다. 인공신경망의 발전 형태인 딥러닝에 대하여 활용 예를 이해하고 알고리즘의 구현과 프로그램 방법을 배운다. 산업현장과 실생활에서 인공지능 방법을 적용할 수 있는 능력을 기른다.","인공지능을 위한 기초수학 입문, 이상구 외 3인, 경문사, 2020  딥러닝 첫걸음머신러닝에서 컨벌루션 신경망까지, 김성필, 한빛미디어, 2016    (MATLAB Deep Learning: With Machine Learning, NNs and AI, Phil Kim, Apress, 2017)",,"인공지능을 위한 기초수학, 빅북, 이상구, 이재화, 2019 http://matrix.skku.ac.kr/math4ai/ 인공지능개론, M. Negnevitsky, Artificial Intelligence, 김용혁 옮김, 한빛아카데미, 2013","컴퓨터프로그래밍(Matlab, Python)",True,True
31012,전기회로(I),2,1학기,3.0,전공필수,"이 과목에서 우리는 기본적인 회로 해석 방법 및 관련 이론들을 배운다. 마디전압법, 망전류법, 오피 앰프, 1계 및 2계 선형동차 회로들을 이해하고 해석할 수 있는 능력을 갖추도록 한다.","C. Alxander and M. Sadiku, ""Fundamentals of Electric Circuits 7th ed."", McGrew Hill",,,,True,True
31013,전기회로(I),2,1학기,3.0,전공필수,"이 과목에서 우리는 기본적인 회로 해석 방법 및 관련 이론들을 배운다. 마디전압법, 망전류법, 오피 앰프, 1계 및 2계 선형동차 회로들을 이해하고 해석할 수 있는 능력을 갖추도록 한다.",Fundamentals of Electric Circuits (Alxander & Sadiku) MacGrew Hill Book,,,,True,True
31014,전기회로(II),2,2학기,3.0,전공필수,1. Understanding the principles of AC(Alternative Current) power 2. Understanding the principles & design of threephase circuits 3. Improvement of the analysisability in the frequency region 4. Finding for the solution of differentialequations using Laplace Transformation 5. Improvement of the ability of analyzing AC circuits,"Fundamentals of Electric Circuits, by Alexander and Sadiku",,,전기회로(I),True,True
31015,전기회로(II),2,1학기,3.0,전공필수,1. Understanding the principles of AC(Alternative Current) power 2. Understanding the principles & design of threephase circuits 3. Improvement of the analysisability in the frequency region 4. Finding for the solution of differentialequations using Laplace Transformation 5. Improvement of the ability of analyzing AC circuits,Fundamentals of Electric Circuits by Alexander and Sadiku from McGrawHill,,,전기회로(I),True,True
31019,지능형로봇공학,4,1학기,3.0,전공선택,"본 강좌에서는 로봇의 이론적 기초개념에 대해 학습하고, 이들이 외부환경을 인식하고 스스로 상황을 판단하여 자율적으로 동작하는 지능형 로봇 시스템에  어떻게 활용되는지 알아본다.","Craig,“Introduction to Robotics: Mechanics and Control”,4th ed, Pearson Pub 2017",,"Sigwart, “Introduction to Autonomous Mobile Robots”, 2nd ed, MIT press 2011.",기본 프로그래밍 능력 (MATLAB),True,True
31023,일반물리학실험(I),1,1학기,1.0,전공기초,,,,,,True,False
31024,일반물리학실험(I),1,1학기,1.0,전공기초,,,,,,True,False
31025,일반물리학실험(I),1,1학기,1.0,전공기초,,,,,,True,False
31026,일반물리학실험(I),1,1학기,1.0,전공기초,,,,,,True,False
31027,일반물리학실험(I),1,1학기,1.0,전공기초,,,,,,True,False
31028,일반물리학실험(I),1,1학기,1.0,전공기초,,,,,,True,False
31029,일반물리학(I),1,1학기,3.0,전공기초,"일반물리학은 두 학기 과정으로, 본 강의의 목표는 자연과학과 공학 전공에 필요한 역학, 열물리, 진동과 파동 등의 기본 개념과 원리를 배우는 것이다.  일반물리학에서 배운 기본 원리들을 실험을 통해 확인할 수 있도록 일반물리학 실험을 함께 수강할 것을 권한다.","Physics for Scientists and Engineers with Modern Physics Raymond A. Serway, John W. Jewett (10판, 번역본)",,교과목 진행 관련 안내문 및 정보는 http://www.phys.pusan.ac.kr에 연결하여‘교육/강의자료/일반물리학’페이지를 참고하기 바람.,고전역학과 열물리 등에 대한 물리 기초지식,True,False
31030,일반물리학(I),1,1학기,3.0,전공기초,,,,,,True,False
31031,일반물리학(II),1,2학기,3.0,전공기초,"일반물리학은 두 학기 과정으로, 본 강의의 목표는 자연과학과 공학 전공에 필요한 전자기학 및 광학의 기본 개념과 원리를 배우는 것이다. 일반물리학에서 배운 기본 원리들을 실험을 통해 확인할 수 있도록 일반물리학 실험을 함께 수강할 것을 권장한다.","Physics for Scientists and Engineers with Modern Physics Raymond A. Serway, John W. Jewett (10판, 번역본)",,교과목 진행 관련 안내문 및 정보는 http://www.phys.pusan.ac.kr에 연결하여‘교육/강의자료/일반물리학’페이지를 참고하기 바람.,"고전역학에 대한 물리 기초지식 브릿지기초물리(I), 브릿지기초물리(II) 수강을 통한 기초내용 학습을 권고",True,False
31032,일반물리학(II),1,2학기,3.0,전공기초,,,,,,True,False
31033,일반물리학실험(II),1,2학기,1.0,전공기초,"1. 물리학에 관한 기초적인 실험 방법, 측정결과를 분석하는 방법 그리고 보고서 작성법을 배운다. 2. 일반물리학(I) 강의에서 배운 지식을 실험으로 확인하거나 강의에 보다 깊은 관심을 가질 동기를 제공한다.","부산대학교 물리학교재편찬위원회, 일반물리학실험, 제6판(교문사)",,"1) 대학물리학교재편찬위원회, SerwayJewett 원저, 대학물리학I, II 10판, 북스힐 2) D.HallidayR.ResnickJ.Walker 원저, 일반물리학 9판, 범한서적",일반물리학(II),True,False
31034,일반물리학실험(II),1,2학기,1.0,전공기초,"1. 물리학에 관한 기초적인 실험 방법, 측정결과를 분석하는 방법 그리고 보고서 작성법을 배운다. 2. 일반물리학(I) 강의에서 배운 지식을 실험으로 확인하거나 강의에 보다 깊은 관심을 가질 동기를 제공한다.","부산대학교 물리학교재편찬위원회, 일반물리학실험, 제6판(교문사)",,"1) 대학물리학교재편찬위원회, SerwayJewett 원저, 대학물리학I, II 10판, 북스힐 2) D.HallidayR.ResnickJ.Walker 원저, 일반물리학 9판, 범한서적",일반물리학(II),True,False
31035,일반물리학실험(II),1,2학기,1.0,전공기초,"1. 물리학에 관한 기초적인 실험 방법, 측정결과를 분석하는 방법 그리고 보고서 작성법을 배운다. 2. 일반물리학(I) 강의에서 배운 지식을 실험으로 확인하거나 강의에 보다 깊은 관심을 가질 동기를 제공한다.","부산대학교 물리학교재편찬위원회, 일반물리학실험, 제6판(교문사)",,"1) 대학물리학교재편찬위원회, SerwayJewett 원저, 대학물리학I, II 10판, 북스힐 2) D.HallidayR.ResnickJ.Walker 원저, 일반물리학 9판, 범한서적",일반물리학(II),True,False
31036,일반물리학실험(II),1,2학기,1.0,전공기초,"1. 물리학에 관한 기초적인 실험 방법, 측정결과를 분석하는 방법 그리고 보고서 작성법을 배운다. 2. 일반물리학(I) 강의에서 배운 지식을 실험으로 확인하거나 강의에 보다 깊은 관심을 가질 동기를 제공한다.","부산대학교 물리학교재편찬위원회, 일반물리학실험, 제6판(교문사)",,"1) 대학물리학교재편찬위원회, SerwayJewett 원저, 대학물리학I, II 10판, 북스힐 2) D.HallidayR.ResnickJ.Walker 원저, 일반물리학 9판, 범한서적",일반물리학(II),True,False
31037,일반물리학실험(II),1,2학기,1.0,전공기초,"1. 물리학에 관한 기초적인 실험 방법, 측정결과를 분석하는 방법 그리고 보고서 작성법을 배운다. 2. 일반물리학(I) 강의에서 배운 지식을 실험으로 확인하거나 강의에 보다 깊은 관심을 가질 동기를 제공한다.","부산대학교 물리학교재편찬위원회, 일반물리학실험, 제6판(교문사)",,"1) 대학물리학교재편찬위원회, SerwayJewett 원저, 대학물리학I, II 10판, 북스힐 2) D.HallidayR.ResnickJ.Walker 원저, 일반물리학 9판, 범한서적",일반물리학(II),True,False
31038,일반물리학실험(II),1,2학기,1.0,전공기초,"1. 물리학에 관한 기초적인 실험 방법, 측정결과를 분석하는 방법 그리고 보고서 작성법을 배운다. 2. 일반물리학(I) 강의에서 배운 지식을 실험으로 확인하거나 강의에 보다 깊은 관심을 가질 동기를 제공한다.","부산대학교 물리학교재편찬위원회, 일반물리학실험, 제6판(교문사)",,"1) 대학물리학교재편찬위원회, SerwayJewett 원저, 대학물리학I, II 10판, 북스힐 2) D.HallidayR.ResnickJ.Walker 원저, 일반물리학 9판, 범한서적",일반물리학(II),True,False
31039,공학미적분학(I),1,1학기,3.0,전공기초,"고등학교에서 배운 수학의 내용에 관한 정확한 개념과 이해를 바탕으로 수학의 원리와 계산, 응용 등을 더욱 심도 있게 학습하여 다양한 전공에서 요구하는 상위의 수학을 다루는 데 도움을 주고 논리적인 사고와 응용할 수 있는 능력을 키우도록 한다.","제목: 미분적분학 : 기초부터 응용까지, 저자: 수학교재편찬위원회(2022), 출판사: 한빛아카데미",,,,True,False
31040,공학미적분학(I),1,1학기,3.0,전공기초,"고등학교에서 배운 수학의 내용에 관한 정확한 개념과 이해를 바탕으로 수학의 원리와 계산, 응용 등을 더욱 심도 있게 학습하여 다양한 전공에서 요구하는 상위의 수학을 다루는 데 도움을 주고 논리적인 사고와 응용할 수 있는 능력을 키우도록 한다.","제목: 미분적분학 : 기초부터 응용까지, 저자: 수학교재편찬위원회(2022), 출판사: 한빛아카데미",,,,True,False
31041,공학미적분학(II),1,2학기,3.0,전공기초,"벡터미분적분학의 지식을 함양하여 공학도의 공학의 효과적 이해를 위해 필수적이고 기본적인 수학적 역량를 개발한다. 벡터값함수와 다변수함수의 미분과 적분에 관한 개념과 이론을 강의하여 학생들이 관련 응용문제를 해결할 수 있는 능력을 습득하도록 교육한다. 벡터값 함수, 다변수함수,곡선, 곡면, 입체의 개념과 이론을 통해 공학 분야에 필요한 수학적 이론과 응용을 강의하여 학생들의 수학적 지식의 축적 및 논리적 추론능력 함양과 전공분야에의 활용능력을 증진한다.","미분적분학 : 기초부터 응용까지, 저자: 수학교재편찬위원회(2022), 출판사: 한빛아카데미",,"미적분학제 9판, Calculus, James Stewart, 경문사 미적분학바이블, Essential Calculus 2nd edition, James Stewart, 한빛수학교재연구소 Advanced Engineering Mathematics, 7th edition, Dennis G. Zill, Jones&Bartlett Learning 공학수학1, 개정7판, Dennis G. Zill, 텍스트븍스",,True,False
31042,공학미적분학(II),1,2학기,3.0,전공기초,"벡터미분적분학의 지식을 함양하여 공학도의 공학의 효과적 이해를 위해 필수적이고 기본적인 수학적 역량를 개발한다. 벡터값함수와 다변수함수의 미분과 적분에 관한 개념과 이론을 강의하여 학생들이 관련 응용문제를 해결할 수 있는 능력을 습득하도록 교육한다. 벡터값 함수, 다변수함수,곡선, 곡면, 입체의 개념과 이론을 통해 공학 분야에 필요한 수학적 이론과 응용을 강의하여 학생들의 수학적 지식의 축적 및 논리적 추론능력 함양과 전공분야에의 활용능력을 증진한다.","미분적분학 : 기초부터 응용까지, 저자: 수학교재편찬위원회(2022), 출판사: 한빛아카데미",,"미적분학제 9판, Calculus, James Stewart, 경문사 미적분학바이블, Essential Calculus 2nd edition, James Stewart, 한빛수학교재연구소 Advanced Engineering Mathematics, 7th edition, Dennis G. Zill, Jones&Bartlett Learning 공학수학1, 개정7판, Dennis G. Zill, 텍스트븍스",,True,False
31043,일반화학,1,1학기,3.0,전공기초,화학은 물질의 성질과 그 변화를 관찰하는 학문이다. 이 강의에서는 수강생들에게 고등학교 화학지식을 바탕으로 물질의 성질과 변화를 분자적 수준에서 이해 및 습득시켜서 자연과학 및 관련 공학 분야의 전공 공부에 도움이 되고자 한다.,"레이몬드 창의 일반화학 제 12판 번역본, 사이플러스 (2018)",,"Zumdahl 일반화학 제7판 번역본, McMurry 일반화학 Atom First 제2판 번역본",,True,False
31044,일반화학,1,1학기,3.0,전공기초,화학은 물질의 성질과 그 변화를 관찰하는 학문이다. 이 강의에서는 수강생들에게 고등학교 화학지식을 바탕으로 물질의 성질과 변화를 분자적 수준에서 이해 및 습득시켜서 자연과학 및 관련 공학 분야의 전공 공부에 도움이 되고자 한다.,"레이몬드 창의 일반화학 제 12판 번역본, 사이플러스 (2018)",,"Zumdahl 일반화학 제7판 번역본, McMurry 일반화학 Atom First 제2판 번역본",,True,False
31045,공학선형대수학,3,1학기,3.0,전공기초,"본 강좌에서는선형대수학의 기본내용인 선형방정식, 벡터공간, 행렬과행렬식,고유값과 고유벡터에 대해 학습한다. 선형대수학 개념들이 전자공학 및 기타분야에 어떻게 쓰이는지 응용기술에 대해서도 살펴본다.","Introduction to Linear Algebra(4/E),Gilbert Strang,Wellesley Cambridge Press",,,,True,True
31046,공학선형대수학,3,1학기,3.0,전공기초,"본 강좌에서는선형대수학의 기본내용인 선형방정식, 벡터공간, 행렬과행렬식,고유값과 고유벡터에 대해 학습한다. 선형대수학 개념들이 전자공학 및 기타분야에 어떻게 쓰이는지 응용기술에 대해서도 살펴본다.","Introduction to Linear Algebra(4/E),Gilbert Strang,Wellesley Cambridge Press",,,,True,True
31047,프로그래밍언어,1,1학기,2.0,전공기초,"컴퓨터 프로그래밍이란 프로그램을 작성하는 것을 말한다. 즉 실생활의 문제를 분석하고 알고리즘을 개발한 후, 컴퓨터가 이해할 수 있는 언어를 이용해 프로그램을 작성하여 문제를 해결하는 것이다. 본 교과목에서도 마찬가지 로 컴퓨터를 통해 문제를 해결하기 위해 컴퓨터 프로그래밍 언어 중 하나 인 C언어를 사용한다. C언어의 기초적인 문법과 활용을 이해하고, 프로그램의 설계, 알고리즘 개발을 통해 프로그램을 개발하는 것을 목표로 한다","컴퓨터 비전공자를 위한 C언어를 활용한 기초컴퓨터 프로그래밍, 최윤호.홍기진.신정화.문정욱. 부산대학교 출판부",,,,True,True
31048,프로그래밍언어,1,1학기,2.0,전공기초,"컴퓨터 프로그래밍이란 프로그램을 작성하는 것을 말한다. 즉 실생활의 문제를 분석하고 알고리즘을 개발한 후, 컴퓨터가 이해할 수 있는 언어를 이용해 프로그램을 작성하여 문제를 해결하는 것이다. 본 교과목에서도 마찬가지 로 컴퓨터를 통해 문제를 해결하기 위해 컴퓨터 프로그래밍 언어 중 하나 인 C언어를 사용한다. C언어의 기초적인 문법과 활용을 이해하고, 프로그램의 설계, 알고리즘 개발을 통해 프로그램을 개발하는 것을 목표로 한다","컴퓨터 비전공자를 위한 C언어를 활용한 기초컴퓨터 프로그래밍, 최윤호.홍기진.신정화.문정욱. 부산대학교 출판부",,,,True,True
31049,프로그래밍언어,1,1학기,2.0,전공기초,"컴퓨터 프로그래밍이란 프로그램을 작성하는 것을 말한다. 즉 실생활의 문제를 분석하고 알고리즘을 개발한 후, 컴퓨터가 이해할 수 있는 언어를 이용해 프로그램을 작성하여 문제를 해결하는 것이다. 본 교과목에서도 마찬가지 로 컴퓨터를 통해 문제를 해결하기 위해 컴퓨터 프로그래밍 언어 중 하나 인 C언어를 사용한다. C언어의 기초적인 문법과 활용을 이해하고, 프로그램의 설계, 알고리즘 개발을 통해 프로그램을 개발하는 것을 목표로 한다","컴퓨터 비전공자를 위한 C언어를 활용한 기초컴퓨터 프로그래밍, 최윤호.홍기진.신정화.문정욱. 부산대학교 출판부",,,,True,True
31050,AI프로그래밍,1,2학기,3.0,전공기초,MATLAB의 다양한 프로그래밍 기법들을 학습하고 Python을 이용한 인공지능 응용 프로그램 구현 능력을 기르는 것을 목표로 한다,쉽게 배우는 매트랩 프로그래밍/앤아이컴즈/양자영 외 3인,,컴퓨터 시뮬레이션을 위한 매트랩과 시뮬링크 프로그래밍/이한출판사/양자영 외 https://ko.coursera.org/learn/machinelearninghttps://www.tensorflow.org/api_docs,,True,True
31051,AI프로그래밍,1,2학기,3.0,전공기초,MATLAB의 다양한 프로그래밍 기법들을 학습하고 Python을 이용한 인공지능 응용 프로그램 구현 능력을 기르는 것을 목표로 한다,쉽게 배우는 매트랩 프로그래밍/앤아이컴즈/양자영 외 3인,,컴퓨터 시뮬레이션을 위한 매트랩과 시뮬링크 프로그래밍/이한출판사/양자영 외 https://ko.coursera.org/learn/machinelearninghttps://www.tensorflow.org/api_docs,,True,True
31052,AI프로그래밍,1,2학기,3.0,전공기초,MATLAB의 다양한 프로그래밍 기법들을 학습하고 Python을 이용한 인공지능 응용 프로그램 구현 능력을 기르는 것을 목표로 한다,쉽게 배우는 매트랩 프로그래밍/앤아이컴즈/양자영 외 3인,,컴퓨터 시뮬레이션을 위한 매트랩과 시뮬링크 프로그래밍/이한출판사/양자영 외 https://ko.coursera.org/learn/machinelearninghttps://www.tensorflow.org/api_docs,,True,True
31053,아날로그회로실험,3,1학기,2.0,전공필수,"BJT, FET 그리고 OpAmp를 이용한 아날로그 증폭기 설계 및 해석. 기본적인 아날로그 회로의 해석과 설계. 아날로그 필터 디자인.",전자회로설계및실험/백광렬,,"Microelectronic Circuits, by Sedra/Smith",마이크로전자회로,True,True
31054,아날로그회로실험,3,1학기,2.0,전공필수,"BJT, FET 그리고 OpAmp를 이용한 아날로그 증폭기 설계 및 해석. 기본적인 아날로그 회로의 해석과 설계. 아날로그 필터 디자인.",전자회로설계및실험/백광렬,,"Microelectronic Circuits, by Sedra/Smith",마이크로전자회로,True,True
31055,아날로그회로실험,3,1학기,2.0,전공필수,"BJT, FET 그리고 OpAmp를 이용한 아날로그 증폭기 설계 및 해석. 기본적인 아날로그 회로의 해석과 설계. 아날로그 필터 디자인.",전자회로설계및실험/백광렬,,"Microelectronic Circuits, by Sedra/Smith",마이크로전자회로,True,True
31056,아날로그회로실험,3,1학기,2.0,전공필수,"BJT, FET 그리고 OpAmp를 이용한 아날로그 증폭기 설계 및 해석. 기본적인 아날로그 회로의 해석과 설계. 아날로그 필터 디자인.",전자회로설계및실험/백광렬,,"Microelectronic Circuits, by Sedra/Smith",마이크로전자회로,True,True
31057,아날로그회로실험,3,1학기,2.0,전공필수,"BJT, FET 그리고 OpAmp를 이용한 아날로그 증폭기 설계 및 해석. 기본적인 아날로그 회로의 해석과 설계. 아날로그 필터 디자인.",전자회로설계및실험/백광렬,,"Microelectronic Circuits, by Sedra/Smith",마이크로전자회로,True,True
31058,아날로그회로실험,3,1학기,2.0,전공필수,"BJT, FET 그리고 OpAmp를 이용한 아날로그 증폭기 설계 및 해석. 기본적인 아날로그 회로의 해석과 설계. 아날로그 필터 디자인.",전자회로설계및실험/백광렬,,"Microelectronic Circuits, by Sedra/Smith",마이크로전자회로,True,True
31059,전자장,3,1학기,3.0,전공선택,"맥스웰 방정식을 기본으로 하여 평면파의 수직 및 경사 입사시 경계면에서의 전자파의 반사 및 굴절에 관한 기본 원리를 학습하고, 이를 바탕으로 금속 및 유전체 박막에서의 전자파 모드이론을 배운다.","U. S. Inan, A. Inan, and R. Said, Engineering Electromagnetics and Waves, 2/e, Pearson (2016).",,"전자기학 I, II의 교재",,True,True
31060,제어시스템설계,3,2학기,3.0,전공선택,1. 제어시스템의 분석 2. 제어시스템의 설계 개념 확립 3. 설계된 제어시스템의 구현 4. 실제 제어 문제를 해결할 수 있는 능력 함양,"Norman S. Nise, Control Systems Engineering, the 8th edition, John Wiley & Sons, INC., 2011",,,제어공학,True,True
31061,제어시스템설계,3,2학기,3.0,전공선택,1. 제어시스템의 분석 2. 제어시스템의 설계 개념 확립 3. 설계된 제어시스템의 구현 4. 실제 제어 문제를 해결할 수 있는 능력 함양,"Norman S. Nise, Control Systems Engineering, the 8th edition, John Wiley & Sons, INC., 2011",,,제어공학,True,True
31062,데이터통신,4,2학기,3.0,전공선택,,,,,,True,True
31063,물리전자,3,1학기,3.0,전공필수,Understanding the molecular binding of the atoms based on the modern quantum mechanical physics Understanding the interaction between light and matter from the view point of modern physics Understanding the theory of energy bandgap in semiconductor material Understanding the operating principles of semiconductor p n junction devices Expanding the knowledge on a physical background of the various electronic devices used for a complex electronic system,"Principles of Electronic Materials and Devices, 4th edition by S.O. Kasap",,,"일반물리, 일반화학",True,True
31064,물리전자,3,1학기,3.0,전공필수,"전자공학의 근본적인 개념은 도체 내부에서 자유롭게 이동할 수 있는 전자의 움직임을 제어하기 위한 전자소자의 발명으로부터 시작된다고 해도 과언이 아닐것이다. 특히 반도체 재료를 이용한 다이오드나 트랜지스터의 발명은 전자소자를 이용하여 전자 신호를 제어할 수 있는 기본적인 기능을 가능하게 만들었다. 이와 더불어 양자 역학을 기반으로 하는 현대 과학 문명은 반도체 재료 내부에 존재하는 전자들의 에너지 분포를 해석할 수 있는 이론적 지식을 제공하게 되었으며, 이를 바탕으로 반도체 재료를 이용한 다이오드, 트렌지스터와 같은 핵심 전자 소자의 개발을 가능하게 하였다.  이러한 핵심 전자소자들은 미소한 구조물 형태로 하나의 반도체 기판상에 높은 밀도로 집적하여 제작할 수 있도록 발전하였으며, 이는 다양한 형태의 집적회로를 탄생시키게 되었다.  이러한 집적회로는 우리가 흔히 주변에서 볼 수 있는 컴퓨터, 휴대폰, 디스플레이와 같은 전자 제품들의 핵심 기술로 자리 잡고 있다.  본 물리전자 과목은 이와 같은 다양한 형태의 전자 제품에서 이용되고 있는 반도체 소자와 관련된 원천적 기술에 대한 이론과 실험적인 내용에 대하여 살펴 보는 기회를 제공할 것이다.","S. O. Kasap, Electronic Materials and Devices, McGrawHill, 4th edition, 2018. 한글 번역본 사용 금지!  번역본을 보고 있는 것이 발각되면 수업태도를 감점시킬 수 있음.",,,,True,True
31065,물리전자,3,1학기,3.0,전공필수,Understanding the molecular binding of the atoms based on the modern quantum mechanical physics Understanding the interaction between light and matter from the view point of modern physics Understanding the theory of energy bandgap in semiconductor material Understanding the operating principles of semiconductor p n junction devices Expanding the knowledge on a physical background of the various electronic devices used for a complex electronic system,"Principles of Electronic Materials and Devices, 4th edition by S.O. Kasap",,,"일반물리, 일반화학",True,True
31066,반도체공학,3,2학기,3.0,전공선택,"Understanding of the operational principles and structures of MOSFET Understanding of the operational principles and structures of Bipolar Junction Transistor Understanding of the integrated circuit manufacturing processes Understanding of Semiconductor device modeling principles Understanding of the operational principles of optical devices, high frequency devices, and power devices","Semiconductor Physics & Devices (Basic Principles), 4th edition, Donald A. Neamen",,"Principles of Semiconductor Devices, Sima Dimitrijev,  Oxford  2006",physical electronics and general physics,True,True
31067,반도체공학,3,2학기,3.0,전공선택,물리전자와 고체물리학을 기반으로 크게 2가지 형태의 반도체소자 형태에 대해 이론적으로 엄밀히 이해하는 것을 목표로 한다.,"Semiconductor Physics and Devices, 4th edition (Neamen)",,"SolidState Electronic Devices, 7th edition (Streetman) Introduction to Microelectronic Fabrication, 2nd edition (Jaeger)","물리전자, 일반물리학",True,True
31068,전자기학(I),2,1학기,3.0,전공필수,Static electric & magnetic field에 대한 이해.,"W. H. Hayt, Engineering Electromagnetics, 8th ed., McGraw Hill",,"David K. Cheng, Field and Wave Electromagnetics, 2nd ed., Addison Wesley",없음,True,True
31069,전자기학(I),2,1학기,3.0,전공필수,전자기학은 전계와 자계가 서로 영향을 미쳐서 존재하게 되는 전자기 파동에 대한 개념을 배우는 것을 목표로 하고 있다.  이를 위하여 1학기의 전자기학 I 에서는 벡터필드와 좌표계에 관한 지식과 함께 전계와 자계에 관한 기본적인 개념을 배우게 된다. 전계와 자계라는 물리적인 개념을 수학적인 도구를 통하여 표현하는 방법을 익히고 이로부터 심화된 전자기학 이론을 받아들일 수 있는 능력을 키워야 할 것이다.,"Engineering Electromagnetics, Eighth Ed. W. H. Hayt Jr., McGraw Hill",,"Field and Wave Electromagnetics, David K. Cheng, 2nd edition, Addison Wesley Elements of Electromagnetics, Sadiku, 2nd edition, Saunders College Publishing",,True,True
31070,전자기학(II),2,2학기,3.0,전공필수,"본 강의에서는 시간에 따라 변화하는 전계와 자계의 Coupling 으로 존재하는 전자기 파동의 기본적인 거동을 이해하는 것을 목표로 하고 있음. 이를 위해서는 전자기학 1에서 학습하는 Vector field 와 좌표계에 관한 지식과 Static 전계, 자계에 대한 지식을 필요로 함. 따라서, 본 강의에서는 전자기학 1에서 학습한 선행 지식을 토대로 기본적인 전자기파의 성질, 예시 등을 통해서 전자기파의 기본적인 개념을 이해하고자 함. 나아가서 전파나 광파와 같이 현대사회에서 필수불가결한 다양한 공학적인 도구를 이해하기 위한 바탕이 되는 지식을 습득하는 기회를 제공하고자 함.","William H. Hayt, Engineering Electromagnetics, McGrawHill",,"Field and Wave Electromagnetics, David K. Cheng Elements of Electromagnetics, Sadiku",전자기학(I),True,True
31071,전자기학(II),2,2학기,3.0,전공필수,"본 강의에서는 시간에 따라 변화하는 전계와 자계의 Coupling 으로 존재하는 전자기 파동의 기본적인 거동을 이해하는 것을 목표로 하고 있음. 이를 위해서는 전자기학 1에서 학습하는 Vector field 와 좌표계에 관한 지식과 Static 전계, 자계에 대한 지식을 필요로 함. 따라서, 본 강의에서는 전자기학 1에서 학습한 선행 지식을 토대로 기본적인 전자기파의 성질, 예시 등을 통해서 전자기파의 기본적인 개념을 이해하고자 함. 나아가서 전파나 광파와 같이 현대사회에서 필수불가결한 다양한 공학적인 도구를 이해하기 위한 바탕이 되는 지식을 습득하는 기회를 제공하고자 함.","William H. Hayt, Engineering Electromagnetics, McGrawHill",,"Field and Wave Electromagnetics, David K. Cheng Elements of Electromagnetics, Sadiku",전자기학(I),True,True
31072,파동광학,3,2학기,3.0,전공선택,"빛의 성질을 이용한 다양한 공학적인 창조물들은 전자공학의 발전 추세에 발 맞추어 우리 주변에서 흔히 볼 수 있는 다양한 제품들로 나타나고 있다.  빛을 이용하여 정보를 전달하는 목적으로 LCD, PDP, OLED 등의 디스플레이 들을 들 수 있으며, 전자의 에너지를 빛으로 변환시켜 출력시키는 기본적인 LED 소자도 다양한 조명 기구들에 적용되는 단계로 급속히 발전해 나가고 있으며, 또한 현대 사회에서 매우 중요한 기술로 정착된 정보통신의 저변에는 고속으로 신호를 전달할 수 있게 만들어 주는 광통신 기술이 핵심적인 역할을 담당하고 있다.  이 뿐만 아니라 태양에서 오는 광에너지를 전기에너지로 변환시키는 태양광 발전 기술도 바로 광소자 기술에서부터 발전해 온 것이다.  이와 같은 광의 특성을 이용한 다양한 저변 기술들이 매우 빠른 속도로 발전해 나가고 있으나 대부분의 기업에서는 광소자 관련 기술을 제대로 이해하고 있는 엔지니어들을 찾아 보기가 힘든 실정이다.  이는 여러 가지 이유 중에서도 광소자 관련 기술을 이해하기 위한 깊이 있는 원리에 대한 이해가 결여되어 있기 때문이다.  전자공학의 시작은 반도체 재료 내부에서 전자를 제어할 수 있는 트랜지스터의 발명과 이를 소형 전자소자로 제작하기 위한 집적회로 기술의 발전에 바탕을 두고 있다.  이후 전자공학은 양자역학 이론의 발전과 함께 빛과 반도체 재료의 상관 관계를 이해할 수 있는 단계로 발전하게 되었으며 이러한 이론적 발전은 관련 기술과 산업의 발전으로 연결되어 오늘에 이르게 되었다.  본 강의에서는 실용적인 응용 기술에 관한 소개를 필두로 하여 이러한 기술들을 깊이 있게 이해하기 위하여 필요한 원천적인 지식에 관한 이해를 도울 수 있도록 진행될 것이다.  본 학과의 학생들 중에서 빠른 속도로 팽창해 나아가는 광소자 관련 기술에 관심을 가지고 깊이 있는 학습에 도전을 해보고자 하는 학생들에게 향후 연구 개발 과정에 참여하여 실질적인 도움을 줄 수 있도록 practical knowledge 를 넘어서 analytical knowledge 를 넓혀 나갈 수 있는 기회를 제공할 것이다.","1. Frank L. Pedrotti and Leno S. Pedrotti, “Introduction to optics,” PrenticeHall International Editions",,"2. S. O. Kasap, “Optoelectronics and photonics,” Prentice Hall 3. F. T. S. Yu, “Introduction to optical engineering,” Cambridge 4. Keigo Iizuka, “Engineering Optics,” SpringerVerlag","전자기학 I, II",True,False
31073,신호및시스템,2,2학기,3.0,전공필수,1. Understanding of Properties and Types of Continuous time and Discrete time Systems 2. Understanding of Filtering and Frequency Responses of Systems 3. Understanding of Continuous time Fourier Transform and the Concept of Spectrum 4. Understanding of Discrete time Fourier Transform 5. Understanding of z Transform,"Oktay Alkin, Signals and Systems, CRC Press.",,"A. V. Oppenheim and A. S. Willsky, Signals and Systems, 2nd edition, Prentice Hall.",,True,True
31074,신호및시스템,2,2학기,3.0,전공필수,1. Understanding of Properties and Types of Continuous time and Discrete time Systems 2. Understanding of Filtering and Frequency Responses of Systems 3. Understanding of Continuous time Fourier Transform and the Concept of Spectrum 4. Understanding of Discrete time Fourier Transform 5. Understanding of z Transform,"Oktay Alkin, Signals and Systems, CRC Press.",,"A. V. Oppenheim and A. S. Willsky, Signals and Systems, 2nd edition, Prentice Hall.",,True,True
31075,신호및시스템,2,2학기,3.0,전공필수,1. Understanding of Properties and Types of Continuous time and Discrete time Systems 2. Understanding of Filtering and Frequency Responses of Systems 3. Understanding of Cotinuous time Fourier Transform and the Concept of Spectrum 4. Understanding of Discrete time Fourier Transform 5. Understanding of z Transform,"Oktay Alkin, Signals and Systems, CRC Press.",,"A. V. Oppenheim and A. S. Willsky, Signals and Systems, 2nd edition, Prentice Hall.",,True,True
31076,광전자공학,4,1학기,3.0,전공선택,"빛을 이용한 디스플레이, 광통신, 태양광발전 등의 다양한 IT 기술을 이해하기 위한 기본적인 파동의 개념을 이해하도록 한다. 물질내부에 존재하는 전자들의 에너지와 외부로 방출되거나 흡수되는 광파의 상호 관련성에 관하여 생각해 보는 기회를 제공한다. 전자공학의 발전을 바탕에 깔고 지속적으로 성장해가는 광공학 관련 핵심 지식을 섭취하여 향후 관련 분야의 깊은 지식을 섭취하기 위한 기초를 다지도록 한다.","1. “Optoelectronics and photonics,” S. O. Kasap, Prentice Hall",,"2. “Fundamentals of optical waveguides,” K. Okamoto, Academic Press",,True,True
31077,제어공학,3,1학기,3.0,전공선택,"제어 공학은 공학 전반에 널리 적용되는 학문이며, 제어대상시스템의 출력이 원하는 방향이 되도록 입력을 적절히 조절해 주는 제어기를 설계하는 다양한 방법을 포괄적으로 다룬다.","Norman S. Nise, Control Systems Engineering: Eighth Edition (8/e), John Wiley & Sons, Inc.",,,,True,True
31078,제어공학,3,1학기,3.0,전공선택,"제어 공학은 공학 전반에 널리 적용되는 학문이며, 제어대상시스템의 출력이 원하는 방향이 되도록 입력을 적절히 조절해 주는 제어기를 설계하는 다양한 방법을 포괄적으로 다룬다.","Norman S. Nise, Control Systems Engineering: Eighth Edition (8/e), John Wiley & Sons, Inc.",,,,True,True
31079,통신공학,3,2학기,3.0,전공선택,"아날로그 및 디지털 통신 방식들의 기본적인 개념을 이해시키고, 랜덤 프로세스 지식을 활용하여 잡음 환경에서 통신 시스템의 성능을 분석하는 방법 및 통신공학 분야 컴퓨터 모의실험 능력을 습득시킨다","Haykin and Moher, Communication Systems, 5th Ed., Wiley, 2010.",,"Haykin and Moher, Introduction to Analog and Digital Communications, 2nd Ed., Wiley, 2007.","Probability and statistics, Engineering Mathematics",True,True
31080,통신공학,3,2학기,3.0,전공선택,"아날로그 및 디지털 통신 방식들의 기본적인 개념을 이해시키고, 랜덤 프로세스 지식을 활용하여 잡음 환경에서 통신 시스템의 성능을 분석하는 방법 및 통신공학 분야 컴퓨터 모의실험 능력을 습득시킨다.","Haykin and Moher, Communication Systems, 5th Ed., Wiley, 2010.",,"Haykin and Moher, Introduction to Analog and Digital Communications, 2nd Ed., Wiley, 2007.","신호및시스템, 확률통계 과목에 관한  기본지식 필요",True,True
31081,수치해석,3,1학기,3.0,전공선택,공학분야에서 사용되는 컴퓨터 기반 연산처리에 대한 전반적인 이해와 수학적 이론을 적용한다.,"Steven C. Chapra & Raymond P. Canale, “Numerical Methods for Engineers"", 7th Edition MATLAB으로 배우는 공학 수치해석, 한빛아카데미, 방성완 지음.",,,"공학수학 III, 미적분학 III",True,True
31082,공학수학(I),2,1학기,3.0,전공필수,공학에 응용되는 미분방정식의 제반이론과 유형별 해법을 교수하여 공학에 연계된 응용문제 해결을 위한 분석 및 해석 능력을 배양한다.,"공학수학1, 개정7판, Dennis G. Zill, 텍스트븍스",,"Advanced Engineering Mathematics, 7th edition, Dennis G. Zill, Jones&Bartlett Learning, 텍스트븍스 Kreyszig 공업수학, Kreyszig, 텍스트북스",,True,False
31083,공학수학(I),2,1학기,3.0,전공필수,공학에 응용되는 미분방정식의 제반이론과 유형별 해법을 교수하여 공학에 연계된 응용문제 해결을 위한 분석 및 해석 능력을 배양한다.,"공학수학1, 개정7판, Dennis G. Zill, 텍스트븍스",,"Advanced Engineering Mathematics, 7th edition, Dennis G. Zill, Jones&Bartlett Learning, 텍스트븍스 Kreyszig 공업수학, Kreyszig, 텍스트북스",,True,False
31084,공학수학(II),2,2학기,3.0,전공필수,퓨리에급수와 적분이론 및 복소함수의 제반정리를 교수하여 공학수학적 인식의 영역을 넓히며 관련 영역별 예제의 분석 및 해석을 통하여 공학적 문제해결을 위한 기본 원리의 이해능력을 함양한다.,"공학수학 2,개정6판, Zill&Wright,텍스트북스",,"Advanced Engineering Mathematics, Erwin Kreyszig, John Wiley & Sons, Inc.",,True,False
31085,공학수학(II),2,2학기,3.0,전공필수,퓨리에급수와 적분이론 및 복소함수의 제반정리를 교수하여 공학수학적 인식의 영역을 넓히며 관련 영역별 예제의 분석 및 해석을 통하여 공학적 문제해결을 위한 기본 원리의 이해능력을 함양한다.,"공학수학 2,개정6판, Zill&Wright,텍스트북스",,"Advanced Engineering Mathematics, Erwin Kreyszig, John Wiley & Sons, Inc.",,True,False
31086,논리회로,2,1학기,3.0,전공필수,"디지털 논리 회로를 설계하기 위한 기초 지식 학습 및 이해. 부울 대수 학습 및 조합 논리 회로의 응용 이해. 각종 조합 논리 회로 설계. 순차 논리 회로 학습 및 설계 능력 함양, 그리고 유한 상태 머신 이해. 프로그램 가능한 로직 장치 이해 및 HDL 설계 이해, 실제 예 학습.","Introduction to Logic Design, Alan B. Marcovitz Contemporary Logic Design, Randy Katz",,"Logic and Computer Design Fundamentals, Morris Mano (이 도서의 logic 부분)",없음,True,True
31087,논리회로,2,1학기,3.0,전공필수,"디지털 논리회로의 설계를 위한 기본 지식들을 이해하고 배운다. 논리 대수학을 배우고 그것의 조합회로에 응용하는 것을 배운다 조합 논리 게이트와 조합논리회로의 설계에 대해 배운다. 순차회로와 유한 상태 기계를 설계하는 능력을개발하고 배운다 프로그램 가능한 로직 소자에 대해 배우고, 그것을 논리회로의 설계에 응용하는 것을 이해한다.","Introduction to Logic Design, Alan B. Marcovitz, McGraw Hill, 3rd edition, 2010.",,"M. Morris Mano and Charles R. Kime, Logic and Computer Design Fundamentals, 3rd",없음,True,True
31088,논리회로,2,1학기,3.0,전공필수,디지털 논리 회로에 대한 이해 부울 대수 및 논리 연산 회로에 대한 이해 다양한 조합논리회로 설계 및 해석 순차 논리 회로에 대한 이해 및 설계,"Introduction to logic design, Alan B. Marcovitz",,,없음,True,True
31089,공학설계과제(I),4,1학기,2.0,전공필수,"설계 및 분석능력, 공학 영향에 대한 이해를 바탕으로 한 문제 해결 능력을 키우고 학제 팀원으로서의 역할을 수행하며 팀웍과 표현력을 키우고 공학도구 사용 능력, 전공응용 능력을 배양한다.",과제의 주제 및 지도 교수에 따라 자유롭게 정함,,,,True,False
31090,공학설계과제(I),4,1학기,2.0,전공필수,"설계 및 분석능력, 공학 영향에 대한 이해를 바탕으로 한 문제 해결 능력을 키우고 학제 팀원으로서의 역할을 수행하며 팀웍과 표현력을 키우고 공학도구 사용 능력, 전공응용 능력을 배양한다.",과제의 주제 및 지도 교수에 따라 자유롭게 정함,,,,True,False
31091,공학설계과제(I),4,1학기,2.0,전공필수,"설계 및 분석능력, 공학 영향에 대한 이해를 바탕으로 한 문제 해결 능력을 키우고 학제 팀원으로서의 역할을 수행하며 팀웍과 표현력을 키우고 공학도구 사용 능력, 전공응용 능력을 배양한다.",과제의 주제 및 지도 교수에 따라 자유롭게 정함,,,,True,False
31092,공학설계과제(I),4,1학기,2.0,전공필수,"설계 및 분석능력, 공학 영향에 대한 이해를 바탕으로 한 문제 해결 능력을 키우고 학제 팀원으로서의 역할을 수행하며 팀웍과 표현력을 키우고 공학도구 사용 능력, 전공응용 능력을 배양한다.",과제의 주제 및 지도 교수에 따라 자유롭게 정함,,,,True,False
31093,공학설계과제(I),4,1학기,2.0,전공필수,"설계 및 분석능력, 공학 영향에 대한 이해를 바탕으로 한 문제 해결 능력을 키우고 학제 팀원으로서의 역할을 수행하며 팀웍과 표현력을 키우고 공학도구 사용 능력, 전공응용 능력을 배양한다.",과제의 주제 및 지도 교수에 따라 자유롭게 정함,,,,True,False
31094,공학설계과제(I),4,1학기,2.0,전공필수,"설계 및 분석능력, 공학 영향에 대한 이해를 바탕으로 한 문제 해결 능력을 키우고 학제 팀원으로서의 역할을 수행하며 팀웍과 표현력을 키우고 공학도구 사용 능력, 전공응용 능력을 배양한다.",과제의 주제 및 지도 교수에 따라 자유롭게 정함,,,,True,False
31095,공학설계과제(I),4,1학기,2.0,전공필수,"설계 및 분석능력, 공학 영향에 대한 이해를 바탕으로 한 문제 해결 능력을 키우고 학제 팀원으로서의 역할을 수행하며 팀웍과 표현력을 키우고 공학도구 사용 능력, 전공응용 능력을 배양한다.",과제의 주제 및 지도 교수에 따라 자유롭게 정함,,,,True,False
31096,공학설계과제(II),4,2학기,2.0,전공필수,"설계 및 분석능력, 공학 영향에 대한 이해를 바탕으로 한 문제 해결 능력을 키우고 학제 팀원으로서의 역할을 수행하며 팀웍과 표현력을 키우고 공학도구 사용 능력, 전공응용 능력을 배양한다.",과제의 주제 및 지도 교수에 따라 자유롭게 정함,,,,True,False
31097,공학설계과제(II),4,2학기,2.0,전공필수,"설계 및 분석능력, 공학 영향에 대한 이해를 바탕으로 한 문제 해결 능력을 키우고 학제 팀원으로서의 역할을 수행하며 팀웍과 표현력을 키우고 공학도구 사용 능력, 전공응용 능력을 배양한다.",과제의 주제 및 지도 교수에 따라 자유롭게 정함,,,,True,False
31098,공학설계과제(II),4,2학기,2.0,전공필수,"설계 및 분석능력, 공학 영향에 대한 이해를 바탕으로 한 문제 해결 능력을 키우고 학제 팀원으로서의 역할을 수행하며 팀웍과 표현력을 키우고 공학도구 사용 능력, 전공응용 능력을 배양한다.",과제의 주제 및 지도 교수에 따라 자유롭게 정함,,,,True,False
31099,공학설계과제(II),4,2학기,2.0,전공필수,"설계 및 분석능력, 공학 영향에 대한 이해를 바탕으로 한 문제 해결 능력을 키우고 학제 팀원으로서의 역할을 수행하며 팀웍과 표현력을 키우고 공학도구 사용 능력, 전공응용 능력을 배양한다.",과제의 주제 및 지도 교수에 따라 자유롭게 정함,,,,True,False
31100,공학설계과제(II),4,2학기,2.0,전공필수,"설계 및 분석능력, 공학 영향에 대한 이해를 바탕으로 한 문제 해결 능력을 키우고 학제 팀원으로서의 역할을 수행하며 팀웍과 표현력을 키우고 공학도구 사용 능력, 전공응용 능력을 배양한다.",과제의 주제 및 지도 교수에 따라 자유롭게 정함,,,,True,False
31101,공학설계과제(II),4,2학기,2.0,전공필수,"설계 및 분석능력, 공학 영향에 대한 이해를 바탕으로 한 문제 해결 능력을 키우고 학제 팀원으로서의 역할을 수행하며 팀웍과 표현력을 키우고 공학도구 사용 능력, 전공응용 능력을 배양한다.",과제의 주제 및 지도 교수에 따라 자유롭게 정함,,,,True,False
31102,공학설계과제(II),4,2학기,2.0,전공필수,"설계 및 분석능력, 공학 영향에 대한 이해를 바탕으로 한 문제 해결 능력을 키우고 학제 팀원으로서의 역할을 수행하며 팀웍과 표현력을 키우고 공학도구 사용 능력, 전공응용 능력을 배양한다.",과제의 주제 및 지도 교수에 따라 자유롭게 정함,,,,True,False
31103,회로이론(I),1,2학기,3.0,전공필수,"이 과목에서는 DC회로를 해석하고 설계할 수 있는 능력을 길러주는 것을 목표로 한다. 이를 위하여 기본 회로해석기법, 수동 및 능동 회로 소자의 이해, 연산증폭기 회로 해석 및 설계 기법, 그리고 일차 및 이차회로의 응답을 구하는 방법을 학습한다.","“Fundamentals of Electric Circuits”, 6th edition, Alexander",,,,True,True
31104,회로이론(I),1,2학기,3.0,전공필수,"이 과목에서는 직류(DC) 및 교류(AC)회로를 해석하고 설계할 수 있는 능력을 갖추도록 하는 것을 목표로 한다. 이를 위해 키르히호프법칙을 기반으로 한 회로 해석 기법, 수동 및 능동 회로 소자 이해, 연산증폭기 회로 설계, 일차/이차 회로의 응답 특성, 정현파의 정상상태 해석을 공부한다.",Fundamentals of Electric Circuits Alexander 6th or 7th edition,,,공업수학 및 일반물리학,True,True
31105,회로이론(I),1,2학기,3.0,전공필수,"이 과목에서는 직류(DC) 및 교류(AC)회로를 해석하고 설계할 수 있는 능력을 갖추도록 하는 것을 목표로 한다. 이를 위해 키르히호프법칙을 기반으로 한 회로 해석 기법, 수동 및 능동 회로 소자 이해, 연산증폭기 회로 설계, 일차/이차 회로의 응답 특성, 정현파의 정상상태 해석을 공부한다.",Fundamentals of Electric Circuits Alexander 6th or 7th edition,,,공업수학 및 일반물리학,True,True
31106,회로이론(II),2,1학기,3.0,전공필수,1. Systematic analysis of circuit using mathematical methods. 2. Understanding basic circuit theory for power circuits. 3. Circuit Analysis Using Fourier Analysis. 4. Two Port Network Analysis.,"Fundamentals of Electric Circuits, by Charles K. Alexander, latest edition",,,회로이론(I),True,True
31107,회로이론(II),2,1학기,3.0,전공필수,1. Systematic analysis of circuit using mathematical methods. 2. Understanding basic circuit theory for power circuits. 3. Circuit Analysis Using Fourier Analysis. 4. Two Port Network Analysis.,"Fundamentals of Electric Circuits, by Charles K. Alexander, latest edition",,,회로이론(I),True,True
31108,회로이론(II),2,1학기,3.0,전공필수,1. Systematic analysis of circuit using mathematical methods. 2. Understanding basic circuit theory for power circuits. 3. Circuit Analysis Using Fourier Analysis. 4. Two Port Network Analysis.,"Fundamentals of Electric Circuits, by Charles K. Alexander, latest edition",,,회로이론(I),True,True
31109,전자회로(I),2,2학기,3.0,전공필수,"강의 목표는 전자 회로를 해석하고 설계하는 능력을 배양하는 것이다. 신호의 기본 및 연산증폭기와 여러 응용회로에 대해 다룬다. 또한 가장 대표적인 전자회로 소자인 다이오드와 그의 응용회로, 바이폴라 트랜지스터와 MOS 트랜지스터의 동작 원리, 직류해석 및 등가회로를 이용한 소신호해석, 주파수 특성 등을 다룬다.","Microelectronic Circuits, Sedra and Smith",,"Fundamentals of Microelectronics, B. Razavi","회로이론 I, II",True,True
31110,전자회로(I),2,2학기,3.0,전공필수,"이 강의의 목표는 아날로그 회로를 해석하고 설계하는 능력을 배양하는것이다. 신호의 기본 및 연산증폭기와 응용회로에 대해 이해한다. 또한 가장 대표적인 전자회로인 다이오드와 응용회로, BJT와 MOSFET 트랜지스터의 직류해석 및 등가회로을 이용한 소신호해석, 주파수 특성등을 이해한다.","Microelectronic Circuits, international 8th Ed. Sedra/ Smith",,,회로이론,True,True
31111,전자회로(I),2,2학기,3.0,전공필수,"이 강의의 목표는 아날로그 회로를 해석하고 설계하는 능력을 배양하는것이다. 신호의 기본 및 연산증폭기와 응용회로에 대해 이해한다. 또한 가장 대표적인 전자회로인 다이오드와 응용회로, BJT와 MOSFET 트랜지스터의 직류해석 및 등가회로을 이용한 소신호해석, 주파수 특성등을 이해한다.","Microelectronic Circuits, international 8th Ed. Sedra/ Smith",,,회로이론,True,True
31112,전자회로(II),3,1학기,3.0,전공필수,"Understanding of integrated single stage amplifiers, subordinate integrated circuits Understanding of differential and multistage amplifiers Understanding of frequency response and frequency response improvement for various amplifiers Analysis of feedback circuits and understanding of stability for feedback system Understanding and design of active filter Understanding and design of signal generator and waveshaping circuits.",Microelectronic Circuits Sedra & Smith,,"Fundamentals of Microelectronics, B. Razavi",회로이론 및 전자회로(I),True,True
31113,전자회로(II),3,1학기,3.0,전공필수,"Understanding of integrated single stage amplifiers, subordinate integrated circuits Understanding of differential and multistage amplifiers Understanding of frequency response and frequency response improvement for various amplifiers Analysis of feedback circuits and understanding of stability for feedback system Understanding and design of active filter Understanding and design of signal generator and waveshaping circuits.",Microelectronic Circuits Sedra & Smith,,"Fundamentals of Microelectronics, B. Razavi",회로이론 및 전자회로(I),True,True
31114,전자회로(II),3,1학기,3.0,전공필수,"Understanding of integrated single stage amplifiers, subordinate integrated circuits Understanding of differential and multistage amplifiers Understanding of frequency response and frequency response improvement for various amplifiers Analysis of feedback circuits and understanding of stability for feedback system Understanding and design of active filter Understanding and design of signal generator and waveshaping circuits.",Microelectronic Circuits Sedra & Smith,,"Fundamentals of Microelectronics, B. Razavi",회로이론 및 전자회로(I),True,True
31115,기초전자전기실험(I),2,1학기,2.0,전공필수,본격적인 디지털 시대를 맞이하여 모든 분야로 그 응용분야가 확대되고 있는 디지털 시스템을 논리회로 실험을 통해 기초부터 응용분야까지 다양하게 익히고 설계하여 문제 해결형 엔지니어로 성장하는데 도움이 되고자 함,"논리회로설계및실험/김재호,김성신,남일구",,"Digital Logic Circuit Analysis & Design, PrenticeHall, V.P Nelson",논리회로,True,True
31116,기초전자전기실험(I),2,1학기,2.0,전공필수,본격적인 디지털 시대를 맞이하여 모든 분야로 그 응용분야가 확대되고 있는 디지털 시스템을 논리회로 실험을 통해 기초부터 응용분야까지 다양하게 익히고 설계하여 문제 해결형 엔지니어로 성장하는데 도움이 되고자 함,"논리회로설계및실험/김재호,김성신,남일구",,"Digital Logic Circuit Analysis & Design, PrenticeHall, V.P Nelson",논리회로,True,True
31117,기초전자전기실험(I),2,1학기,2.0,전공필수,본격적인 디지털 시대를 맞이하여 모든 분야로 그 응용분야가 확대되고 있는 디지털 시스템을 논리회로 실험을 통해 기초부터 응용분야까지 다양하게 익히고 설계하여 문제 해결형 엔지니어로 성장하는데 도움이 되고자 함,"논리회로설계및실험/김재호,김성신,남일구",,"Digital Logic Circuit Analysis & Design, PrenticeHall, V.P Nelson",논리회로,True,True
31118,기초전자전기실험(I),2,1학기,2.0,전공필수,본격적인 디지털 시대를 맞이하여 모든 분야로 그 응용분야가 확대되고 있는 디지털 시스템을 논리회로 실험을 통해 기초부터 응용분야까지 다양하게 익히고 설계하여 문제 해결형 엔지니어로 성장하는데 도움이 되고자 함,"논리회로설계및실험/김재호,김성신,남일구",,"Digital Logic Circuit Analysis & Design, PrenticeHall, V.P Nelson",논리회로,True,True
31119,기초전자전기실험(I),2,1학기,2.0,전공필수,본격적인 디지털 시대를 맞이하여 모든 분야로 그 응용분야가 확대되고 있는 디지털 시스템을 논리회로 실험을 통해 기초부터 응용분야까지 다양하게 익히고 설계하여 문제 해결형 엔지니어로 성장하는데 도움이 되고자 함,"논리회로설계및실험/김재호,김성신,남일구",,"Digital Logic Circuit Analysis & Design, PrenticeHall, V.P Nelson",논리회로,True,True
31120,기초전자전기실험(I),2,1학기,2.0,전공필수,본격적인 디지털 시대를 맞이하여 모든 분야로 그 응용분야가 확대되고 있는 디지털 시스템을 논리회로 실험을 통해 기초부터 응용분야까지 다양하게 익히고 설계하여 문제 해결형 엔지니어로 성장하는데 도움이 되고자 함,"논리회로설계및실험/김재호,김성신,남일구",,"Digital Logic Circuit Analysis & Design, PrenticeHall, V.P Nelson",논리회로,True,True
31121,기초전자전기실험(II),2,2학기,2.0,전공필수,실험과 개념이해를 통한 전기회로의 기본 원리 확인,전기회로설계및실험 / 백광렬,,"Microelectronic Circuits, by Sedra/Smith",전기회로,True,True
31122,기초전자전기실험(II),2,2학기,2.0,전공필수,실험과 개념이해를 통한 전기회로의 기본 원리 확인,전기회로설계및실험 / 백광렬,,"Microelectronic Circuits, by Sedra/Smith",전기회로,True,True
31123,기초전자전기실험(II),2,2학기,2.0,전공필수,실험과 개념이해를 통한 전기회로의 기본 원리 확인,전기회로설계및실험 / 백광렬,,"Microelectronic Circuits, by Sedra/Smith",전기회로,True,True
31124,기초전자전기실험(II),2,2학기,2.0,전공필수,실험과 개념이해를 통한 전기회로의 기본 원리 확인,전기회로설계및실험 / 백광렬,,"Microelectronic Circuits, by Sedra/Smith",전기회로,True,True
31125,기초전자전기실험(II),2,2학기,2.0,전공필수,실험과 개념이해를 통한 전기회로의 기본 원리 확인,전기회로설계및실험 / 백광렬,,"Microelectronic Circuits, by Sedra/Smith",전기회로,True,True
31126,기초전자전기실험(II),2,2학기,2.0,전공필수,실험과 개념이해를 통한 전기회로의 기본 원리 확인,전기회로설계및실험 / 백광렬,,"Microelectronic Circuits, by Sedra/Smith",전기회로,True,True
31127,디지털회로실험,3,2학기,2.0,전공필수,마이크로프로세서설계의 기초가 되는 4비트 마이크로프로세서의 설계 및 FPGA 구현,"디지털 회로 설계 실험 / 박주성, 최준영",,"Introduction to Logic Design, Alan B. Marcoviz, McGraw Hill, 3rd.","논리회로, 디지털회로",True,True
31128,디지털회로실험,3,2학기,2.0,전공필수,마이크로프로세서설계의 기초가 되는 4비트 마이크로프로세서의 설계 및 FPGA 구현,"디지털 회로 설계 실험 / 박주성, 최준영",,"Introduction to Logic Design, Alan B. Marcoviz, McGraw Hill, 3rd.","논리회로, 디지털회로",True,True
31129,디지털회로실험,3,2학기,2.0,전공필수,마이크로프로세서설계의 기초가 되는 4비트 마이크로프로세서의 설계 및 FPGA 구현,"디지털 회로 설계 실험 / 박주성, 최준영",,"Introduction to Logic Design, Alan B. Marcoviz, McGraw Hill, 3rd.","논리회로, 디지털회로",True,True
31130,디지털회로실험,3,2학기,2.0,전공필수,마이크로프로세서설계의 기초가 되는 4비트 마이크로프로세서의 설계 및 FPGA 구현,"디지털 회로 설계 실험 / 박주성, 최준영",,"Introduction to Logic Design, Alan B. Marcoviz, McGraw Hill, 3rd.","논리회로, 디지털회로",True,True
31131,디지털회로실험,3,2학기,2.0,전공필수,마이크로프로세서설계의 기초가 되는 4비트 마이크로프로세서의 설계 및 FPGA 구현,"디지털 회로 설계 실험 / 박주성, 최준영",,"Introduction to Logic Design, Alan B. Marcoviz, McGraw Hill, 3rd.","논리회로, 디지털회로",True,True
31132,디지털회로실험,3,2학기,2.0,전공필수,마이크로프로세서설계의 기초가 되는 4비트 마이크로프로세서의 설계 및 FPGA 구현,"디지털 회로 설계 실험 / 박주성, 최준영",,"Introduction to Logic Design, Alan B. Marcoviz, McGraw Hill, 3rd.","논리회로, 디지털회로",True,True
31133,확률통계,3,1학기,3.0,전공필수,"이 강의를 통하여 학생들은 확률의 정의와 수학적 확률 지식을 확립한다. 또한, 확률 이론을 바탕으로 공학적 문제를 확률 모델링 할 수 있으며 문제를 수학적으로 정립하는 방법을 배운다.","A. LeonGarcia, Probability, Statistics and Random Processes for Electrical Engineering, 3rd Ed., Pearson, 2009.",,"1. Yates and Goodman, Probability and Stochastic Processes, 3rd Ed., Wiley, 2014. 2. Stark and Woods, Probability and Random Processes with Application to Signal Processing, 4th Ed., Pearson Education, 2014. 3. Papoulis, Probability and Statistics, PrenticeHall, 1990.",없음,True,True
31134,확률통계,3,1학기,3.0,전공필수,"This course is intended to introduce the fundamental concepts and methods of probabilistic modeling, and to gain practice in applying the probabilistic tools to engineering problems.","A. LeonGarcia, Probability, Statistics and Random Processes for Electrical Engineering, 3rd Ed., Pearson, 2009.",,"1. Yates and Goodman, Probability and Stochastic Processes, 3rd Ed., Wiley, 2014.  2. Stark and Woods, Probability and Random Processes with Application to Signal Processing, 4th Ed., Pearson Education, 2014. 3. Papoulis, Probability and Statistics, PrenticeHall, 1990.",,True,True
31135,디지털시스템설계,3,2학기,3.0,전공선택,"1. Establishing the concept of basic digital logic algebra and devices., 2. Understanding the characteristics of Various Programmable Logic Devices. (PLD), 3. Empowering the design skills of digital system., 4. Increasing the ability of logic circuit design using VHDL.,","www.vhdlonline.de/tutorial Jayaram Bhasker, A VHDL Primer, P T R Prentice Hall Englewood Cliffs, New Jersey 07632  Jayaram Bhasker, A VHDL Primer, P T R Prentice Hall Englewood Cliffs, New Jersey 07632  Jayaram Bhasker, A VHDL Primer, P T R Prentice Hall Englewood Cliffs, New Jersey 07632",,"Digital Systems Design Using VHDL / Charles H. Roth, Jr., Lizy Kurian John / THOMSON",Logic Design,True,True
31136,디지털통신개론,4,1학기,3.0,전공선택,"The main objective of this course is to provide a comprehensive coverage of digital communications for undergraduate students. 1.Fundamentals of random process,  2.Fundamentals of digital modulations and demodulations,  3.Basic performance analysis of digital communications,  4.New technologies of recent digital communication systems,","Digital Communications Fundamentals and Applications by Bernard Sklar, PTR Prentice Hall",,"Digital Communications by John G. Proakis, McGrawHill Principles of Communications by R.E. Ziemer and W.H. Tranter,  Houghton Mifflin","신호및시스템, 통신공학",True,True
31137,디지털신호처리,4,1학기,3.0,전공선택,이 과정의 목적은 디지털신호처리 이론의 기본적인 기초를 제공하는데 있다. 이 과정을 통하여 다야한 디지털신호처리 응용 시스템에 대한 이해와 개발 능력을 가질 수 있도록 한다.,"Digital Signal Processing: A Modern Introduction, Ashok Ambardar",,"Discretetime signal processing, Alan V. Oppenheim, Ronald W. Schafer Digital Signal Processing, John G. Proakis, Dimitris G. Manolakis","신호및시스템, 확률통계",True,True
31138,SoC설계개론,4,1학기,3.0,전공선택,"현대사회에서 반도체 산업의 영향력은 가히 폭발적이다. 본 강의에서는 통신, 가전, 의료, 제어, 자동차, 조선, 국방 등 거의 모든 응용분야에 쓰이고 있는 소프트웨어하드웨어(S/WH/W) 시스템반도체(SoC/NoC)의 기초에 대해 학습한다. 최첨단 전자공학의 집약체라 할 수 있는 SoC (시스템 반도체, 메모리 반도체) 및 ASIC의 EDA tools 기반 설계 및 설계 흐름과 방법에 대해 학습한다.",인터넷 상 각종 자료,,"CMOS VLSI Design (N. H. E. Weste and D. M. Harris, AddisonWesley) Computer Organization and Design (D. A. Patterson and J. L. Hennessy, Elsevier)","컴퓨터 구조, 디지털 시스템",True,False
31139,전자공학세미나,4,1학기,1.0,전공선택,"세미나를 통한 전자공학 분야의 다양한 주제 이해, 최신 동향 파악",,,,,True,True
31140,생체전자공학,4,1학기,3.0,전공선택,1. Understand the needs of electrical engineering in biomedical field. 2. Design bioinstrumentation device for biopotential measurement. 3. Neural interface and neural prosthesis 4. Bioimaging techniques.,"Course materials will be given as pdf files. For reference book, please refer Saltzman, W. Mark, ‘Biomedical Engineering: Bridging Medicine and Technology’, Cambridge University Press, 2009, 1st edition.",,,"3, 4 학년 수강 가능.  회로이론, 전자회로, 전자기학",True,True
31141,마이크로프로세서응용,3,1학기,3.0,전공선택,"산업계 전반에서 사용되는 마이크로프로세서를 이해하고 응용하는 능력을 배양한다. 실제 마이크로프로세서를 이용한 시스템을 직접 동작 시켜보고 수학, 기초과학, 공학의 이론적 지식을 응용할 수 있는 능력을 키운다.",,,,C Programming,True,True
31142,머신러닝을 위한 기초수학,3,2학기,3.0,전공선택,"과목의 목적은 기계학습에 적용할 수 있는 수학적인 백그라운드를 제공하는 것이다. 즉, 학생들로 하여금 기계학습 내용에 대한 이해를 쉽게하고, 기계학습 알고리즘을 수학적으로 이해하도록 하는 목적을 가진다.","Mathematics for Machine Lenaring, Marc Peter Deisenroth, A. Aldo Faisal and Cheng Soon Ong",,,"선형대수, 확률통계, 신호및시스켐",True,True
31143,머신러닝을 위한 기초수학,3,2학기,3.0,전공선택,"인공지능, 머신러닝에 활용되는 기초적인 수학 이론들을 이해하고 머신러닝에 어떻게 활용되는지 알아본다. 선형 대수부터 미적분, 최적화 이론 등 다양한 수학적 테크닉을 습득한다.","Mathematics for machine learning, Marc Peter Deisenroth, A. Aldo Faisal, Cheng Soon Ong",,"Convex optimization, Sthepen Boyd Contemporary Linear Algebra, Howard Anton, Robert C. Busby",공학수학,True,True
31144,지능형반도체,4,1학기,3.0,전공선택,물리전자와 반도체공학 지식을 기반으로 다양한 지능형 반도체소자 (Synaptic Devices) 형태에 대해 이론적으로 엄밀히 이해하는 것을 목표로 한다.,"자체 강의자료 또는 Integrated Microelectronic Devices, 1st edition, J. Alamo, Pearson.",,"Semiconductor Physics and Devices, 4th edition (Neamen) SolidState Electronic Devices, 7th edition (Streetman)","물리전자, 반도체공학",True,True
31145,스마트제어시스템,4,1학기,3.0,전공선택,,,,,,True,True
31146,컴퓨터구조,3,2학기,3.0,전공선택,,,,,,True,True
31147,컴퓨터구조,3,2학기,3.0,전공선택,,,,,,True,True
31148,지능형초고주파공학,3,2학기,3.0,전공선택,"무선 통신 및 전력 전송에 필수적인 지능형 고주파 회로 설계 방법과 작동 원리를 학습함. 초고주파 신호의 정확한 전달과 처리 를 위한 기본 이론을 폭넓게 학습하며, 현대 생활에 다양하게 녹아있는 지능형 초고주파 회로와 장비들에 대해 알아본다.","David M. Pozar, Microwave Engineering, 4th edition, Wiley, 2011",,"Robert E. Collin, Foundations for Microwave Engineering, 2nd Edition, WileyIEEE Press, 2011","전자기학 I (EE25953), 전자기학 II (EE25985)",True,False
31149,집적회로,4,2학기,3.0,전공선택,"Understanding of basic MOS device physics Understanding of singlestage amplifiers and differential amplifiers Understanding of passive and active current mirrors Understanding of frequency response of amplifiers Understanding of noise Understanding of feedback, stability, and frequency compensation Understanding and design of operational amplifiers Understanding of switchedcapacitor circuits Understanding of nonlinearity and mismatch","Design of Analog CMOS Integrated Circuits, B. Razavi",,"Analog Integrated Circuit Design, D.A. Johns and K. Martin","회로이론 (I) & (II), 전자회로 (I), 전자회로 (II)",True,True
31150,AI바이오의료영상,4,2학기,3.0,전공선택,"1. Understand the field of biomedical optic. Optical imaging principles Various types of optical imaging techniques.  2. Other biomedical imaging methodologies MRI, PET, ultrasonography AI used in the biomedical field","Course materials will be given as pdf files. For reference book, please refer, 'Biomedical optics: principles and imaging, Lihong V. Wang' and 'Introduction to Medical Imaging: Physics, Engineering and Clinical Applications, Nadine Barrie Smith'.",,,"회로이론, 전자회로, 전자기학",True,True
31152,설계CAD실습,3,2학기,3.0,전공선택,"시스템반도체 소자/공정/장비, 혼성신호 회로/시스템 설계, 디지털 회로/시스템의 실제 설계 관련 기초 이론, CAD 설계 흐름, 설계 예, 실제 실습 등을 진행하여, 시스템반도체 설계 관련 실무/현장 지식을 습득한다.","(반도체/소자/공정/장비 분야) Synopsys Sentaurus TCAD 사이트 및 KAIST IDEC 사이트, 전력용 MOSFET 관련 온라인 자료 (혼성신호/RF/아날로그 집적회로/시스템 설계 분야) Design of Analog CMOS Integrated Circuits (B. Razavi), Cadence Virtuoso manual (디지털 VLSI 회로/시스템 설계 분야) CMOS VLSI Design (N. H. E. Weste & D. M. Harris) (& Xilinx, Synopsys, Siemens EDA 사이트)",,"(반도체소자/공정/장비 분야) 반도체소자 설계 관련 온라인 자료 (혼성신호/RF/아날로그 집적회로/시스템 설계 분야) CMOS Circuit Design, Layout, and Simulation (R. J. Baker) (디지털 VLSI 회로/시스템 설계 분야) Computer Architecture (B. Parhami), Computer Organization and Design (D. A. Patterson & J. L. Hennessy)","전자회로의 기초 내용 (증폭기), 물리전자공학의 기초 내용 (반도체 소자), 논리회로 및 프로그래밍 언어의 기초 내용 (디지털 로직, Verilog, C/C++) 이 교과목은 반도체 전공트랙 사업 (부처협업형 인재양성사업) 교과목으로서,  3학년 과목이므로 3학년 학부생들이 수강할 것을 권장함.",True,False
31162,컴퓨터프로그래밍,1,1학기,2.0,전공기초,본 강의는 컴퓨터 프로그래밍(코딩)의 기본 개념들을 습득하고 프로그래밍 언어인 Python(파이썬) 문법을 학습하여 기본 적인 프로그래밍을 수행 할 수 있는 능력을 배양하는 것을 목표로 한다.,"파이썬으로 배우는 컴퓨팅 사고, 김완섭, 인피니티북스",,"시간순삭 파이썬, 천인국외, 생능출판사",,False,True
31163,컴퓨터프로그래밍,1,1학기,2.0,전공기초,본 강의는 컴퓨터 프로그래밍(코딩)의 기본 개념들을 습득하고 프로그래밍 언어인 Python(파이썬) 문법을 학습하여 기본 적인 프로그래밍을 수행 할 수 있는 능력을 배양하는 것을 목표로 한다.,"Do it! 점프 투 파이썬, 이지스퍼블리싱",,"Do it! 데이터 분석을 위한 판다스 입문, 이지스퍼블리싱",,False,True
31164,공학선형대수학,1,2학기,3.0,전공기초,"미적분학을 이수한 이공계열 학생을 대상으로 선형대수학의 기초적인 내용에 관한 정의와 성질들을 소개하고, 공학적인 응용에 관련된 예제와 문제를 다루어 학생들이 각 전공분야에서 필요하게 될 선형대수의 기본개념과 기초지식을 습득하여 선형대수학적인 여러 가지 문제들을 해결할 수 있는 능력을 갖도록 지도한다.","교재 :  공학선형대수학(개정판),  저자 : 수학교재편찬위원회,  발간연도 : 2021년, 출판사 : 교문사",,"[1] Linear Algebra with Applications George Nakos and David Joyner 저Brooks/Cole 출판사 [2] Linear Algebra Schaum's Outline Series, Seymour Lipschutz 저, McGrawHill 출판사",미적분학,False,True
31195,유기전자재료,4,1학기,3.0,전공선택,태양에너지중에서 태양광에너지를 활용하여 직접전기를 생산하는 태양전지에 관한 이론 습득 및 실리콘 및 차세대 태양전지의 연구 동향 및 각 기술의 장단점을 이해,Handout,,,"일반물리,유기소재물성",False,True
31237,AI프로그래밍,2,2학기,3.0,전공기초,,,,,,False,True
31238,AI프로그래밍,2,2학기,3.0,전공기초,,,,,,False,True
31259,재료전기화학,3,2학기,3.0,전공선택,,,,,,False,True
31265,반도체소자개론,3,1학기,3.0,전공선택,,,,,,False,True
31271,최신반도체소자및재료,4,2학기,3.0,전공선택,반도체 공학의 최신 기술 이해 반도체 재료 및 소자의 이론적 분석 방법 반도체 소자의 기본 동작을 기반으로 한 논리 소자 분석 능력 개발,Solid state electronic devices / Sanjay Kumar Banerjee,,Introduction to microelectronic fabrication vol.5 / Richard C. Jaeger 반도체 제국의 미래,재료공학 개론 재료의 전자기적 성질,False,True
31273,재료수치해석,2,2학기,3.0,전공선택,"재료공학 문제를 수학적으로 모델링하고, 실험을 통해 얻은 데이터를 수치해석적으로 분석하는 기본 원리를 학습하고, 이를 응용하여 알고리즘을 세울 수 있는 능력을 키운다.  공학 문제를 컴퓨터 기반의 수치해석 방법을 통해서 해결할 수 있는 능력을 학습한다. 재료공학에서 널리 쓰이는 수치해석기법들의 원리를 익히고 이를 통해 해결할 수 있는 공학문제에 대해 학습한다.","MATLAB으로 배우는 공학 수치해석, 방성완, 한빛아카데미",,"(1) Numerical Modeling in Materials Science and Engineering, Michel Rappaz et al., Springer Science & Business Media (2010) (2) Applied Numerical Methods with MATLAB for Engineers and Scientists, Stevem C. Chapra","공학 미적분학, 재료공학",False,True
31276,공학기초통계,2,2학기,3.0,전공선택,,,,,,False,True
31277,공학기초통계,2,2학기,3.0,전공선택,,,,,,False,True
31282,재료의전자기적성질,3,1학기,3.0,전공필수,,,,,,False,True
31283,재료의전자기적성질,3,1학기,3.0,전공필수,,,,,,False,True
31286,재료미세조직제어,3,2학기,3.0,전공필수,"(1) 재료상태도 등을 참조하여 상변태, 풀림, 재결정 등의 기구를 통해 재료미세구조를 제어하는 원리를 학습 (2) 확산과 속도론의 이해 (3) 미세조직과 특성간의 상관관계 이해","Physical metallurgy principles, 4th Ed., Robert E. Reedhill (2010)금속물리야금학, SI edition, Cengage Learning (2013)",,"Phase transformation in metals and alloys, D. A. Porter and K. E. Easterling     The Science and Engineering of Materials, 5th edition, 2006, D. R. Askeland, P. P. Phule",재료공학개론,False,True
31287,재료미세조직제어,3,2학기,3.0,전공필수,"(1) 재료상태도 등을 참조하여 상변태, 풀림, 재결정 등의 기구를 통해 재료미세구조를 제어하는 원리를 학습 (2) 확산과 속도론의 이해 (3) 미세조직과 특성간의 상관관계 이해","Physical metallurgy principles, 4th Ed., Robert E. Reedhill (2010)금속물리야금학, SI edition, Cengage Learning (2013)",,"Phase transformation in metals and alloys, D. A. Porter and K. E. Easterling     The Science and Engineering of Materials, 5th edition, 2006, D. R. Askeland, P. P. Phule",재료공학개론,False,True
31293,재료빅데이터분석,3,1학기,3.0,전공선택,,,,,,False,True
31303,일반물리학(I),1,1학기,3.0,전공기초,"일반물리학은 두 학기 과정으로, 본 강의의 목표는 자연과학과 공학 전공에 필요한 역학, 열물리, 진동과 파동 등의 기본 개념과 원리를 배우는 것이다.  일반물리학에서 배운 기본 원리들을 실험을 통해 확인할 수 있도록 일반물리학 실험을 함께 수강할 것을 권한다.","Physics for Scientists and Engineers with Modern Physics Raymond A. Serway, John W. Jewett (10판, 번역본)",,1. Plato 2. 교과목 진행 관련 안내문 및 정보는 http://www.phys.pusan.ac.kr에 연결하여‘교육/강의자료/일반물리학’페이지를   참고하기 바람.,고전역학과 열물리 등에 대한 물리 기초지식,True,False
31304,일반물리학(I),1,1학기,3.0,전공기초,"일반물리학은 두 학기 과정으로, 본 강의의 목표는 자연과학과 공학 전공에 필요한 역학, 열물리, 진동과 파동 등의 기본 개념과 원리를 배우는 것이다.  일반물리학에서 배운 기본 원리들을 실험을 통해 확인할 수 있도록 일반물리학 실험을 함께 수강할 것을 권한다.","Physics for Scientists and Engineers with Modern Physics Raymond A. Serway, John W. Jewett (10판, 번역본)",,1. Plato 2. 교과목 진행 관련 안내문 및 정보는 http://www.phys.pusan.ac.kr에 연결하여‘교육/강의자료/일반물리학’페이지를   참고하기 바람.,고전역학과 열물리 등에 대한 물리 기초지식,True,False
31305,일반물리학(I),1,1학기,3.0,전공기초,"일반물리학은 두 학기 과정으로, 본 강의의 목표는 자연과학과 공학 전공에 필요한 역학, 열물리, 진동과 파동 등의 기본 개념과 원리를 배우는 것이다.  일반물리학에서 배운 기본 원리들을 실험을 통해 확인할 수 있도록 일반물리학 실험을 함께 수강할 것을 권한다.","Physics for Scientists and Engineers with Modern Physics Raymond A. Serway, John W. Jewett (10판, 번역본)",,교과목 진행 관련 안내문 및 정보는 http://www.phys.pusan.ac.kr에 연결하여‘교육/강의자료/일반물리학’페이지를   참고하기 바람.,고전역학과 열물리 등에 대한 물리 기초지식,True,False
31306,일반물리학(II),1,2학기,3.0,전공기초,"일반물리학은 두 학기 과정으로, 본 강의의 목표는 자연과학과 공학 전공에 필요한 전자기학 및 광학의 기본 개념과 원리를 배우는 것이다.  일반물리학에서 배운 기본 원리들을 실험을 통해 확인할 수 있도록 일반물리학 실험을 함께 수강할 것을 권장한다.","Physics for Scientists and Engineers with Modern PhysicsRaymond A. Serway, John W. Jewett (10판, 번역본)",,교과목 진행 관련 안내문 및 정보는 http://www.phys.pusan.ac.kr에 연결하여‘교육/강의자료/일반물리학’페이지를   참고하기 바람.,고전역학에 대한 물리 기초지식,True,False
31307,일반물리학(II),1,2학기,3.0,전공기초,"일반물리학은 두 학기 과정으로, 본 강의의 목표는 자연과학과 공학 전공에 필요한 전자기학 및 광학의 기본 개념과 원리를 배우는 것이다.  일반물리학에서 배운 기본 원리들을 실험을 통해 확인할 수 있도록 일반물리학 실험을 함께 수강할 것을 권장한다.","Physics for Scientists and Engineers with Modern PhysicsRaymond A. Serway, John W. Jewett (10판, 번역본)",,교과목 진행 관련 안내문 및 정보는 http://www.phys.pusan.ac.kr에 연결하여‘교육/강의자료/일반물리학’페이지를   참고하기 바람.,고전역학에 대한 물리 기초지식,True,False
31308,일반물리학(II),1,2학기,3.0,전공기초,"일반물리학은 두 학기 과정으로, 본 강의의 목표는 자연과학과 공학 전공에 필요한 전자기학 및 광학의 기본 개념과 원리를 배우는 것이다.  일반물리학에서 배운 기본 원리들을 실험을 통해 확인할 수 있도록 일반물리학 실험을 함께 수강할 것을 권장한다.","대학물리학(Physics for Scientists and Engineers with Modern PhysicsRaymond A. Serway, John W. Jewett (10판, 북스힐, 번역본))",,교과목 진행 관련 안내문 및 정보는 http://www.phys.pusan.ac.kr에 연결하여‘교육/강의자료/일반물리학’페이지를   참고하기 바람.,고전역학에 대한 물리 기초지식,True,False
31309,이산수학(I),1,1학기,3.0,전공기초,"정의, 정리, 증명의 엄격한 과정에 따른 수학적 논리적 사고력을 배양한다. Computer Science의 여러 분야에 필요한 수학적 기본 개념을 숙지한다. 문제 해결 능력과 응용 능력을 제고한다.","Ralph P. Grimaldi Discrete and Combinatorial Mathematics, 5th Edition. Addison Wesley, 2004",,,,True,True
31310,이산수학(I),1,1학기,3.0,전공기초,"정의, 정리, 증명의 엄격한 과정에 따른 수학적 논리적 사고력을 배양한다. Computer Science의 여러 분야에 필요한 수학적 기본 개념을 숙지한다. 문제 해결 능력과 응용 능력을 제고시킨다.","Discrete and Combinatorial Mathematics,  5th Edition. Ralph. P. Grimaldi, Addison Wesley, 2004",,,,True,True
31311,이산수학(I),1,1학기,3.0,전공기초,"정의, 정리, 증명을 통한 수학적 논리적 사고능력을 배양하고, 컴퓨터공학 전공에 필요한 수학적 개념을 체득하도록 한다.  아울러 실제 예제를 통해 문제해결 및 응용 능력을 제고한다.","Discrete and Combinatorial Mathematics, 5th Edition. R.P. Grimaldi, Pearson Education Limited, 2014",,,없음,True,True
31312,논리회로및설계,2,1학기,3.0,전공필수,디지털 하드웨어 설계를 위한 기초 스위칭 이론 및 설계방법 습득,"Logic and Computer Design Fundamentals, 4th Edition, M. Mano and C, Kime, Pearson, 2016",,,,True,True
31313,논리회로및설계,2,1학기,3.0,전공필수,디지털 하드웨어 설계를 위한 기초 스위칭 이론 및 설계방법 습득,"Logic and Computer Design Fundamentals, 4th Edition, M. Mano and C, Kime, Pearson, 2016",,,,True,True
31314,논리회로및설계,2,1학기,3.0,전공필수,디지털 하드웨어 설계를 위한 기초 스위칭 이론 및 설계방법 습득,"Logic and Computer Design Fundamentals, 4th Edition, M. Mano and C, Kime, Pearson, 2016",,,,True,True
31315,컴퓨터및프로그래밍입문,1,1학기,4.0,전공기초,"컴퓨터공학에 대한 흥미를 높여 수월한 전공 진입 유도 프로그래밍 개념, 과정, 동작 방식에 대한 전반적 이해도 향상 파이썬(Python) 프로그래밍 실습을 통한 컴퓨팅 사고력 향상","난생처음 파이썬 프로그래밍 / 우재남,최민아 / 한빛아카데미 / 2021 (시험 응시 시 주교재만 지참 가능)",,매주 PLATO에 강의자료 업로드,없음,True,True
31316,컴퓨터및프로그래밍입문,1,1학기,4.0,전공기초,"Python 언어와 window용 PC에 기초한 코딩, 프로그래밍, 및 시스템 설계에 대한 이해","박동규, 강영민, 으뜸 파이썬, 생능출판사, 2020 http://www.yes24.com/Product/Goods/89140722",,매주 강의자료(PPT)를 PLATO를 통해 배포합니다.,선수과목은 필요하지 않습니다. 집에서 사용할 수 있는 개인용 컴퓨터가 있어야 합니다.,True,True
31317,컴퓨터및프로그래밍입문,1,1학기,4.0,전공기초,"Python 언어와 window용 PC에 기초한 코딩, 프로그래밍, 및 시스템 설계에 대한 이해","박동규, 강영민, 으뜸 파이썬, 생능출판사, 2020 http://www.yes24.com/Product/Goods/89140722",,매주 강의자료(PPT)를 PLATO를 통해 배포합니다.,선수과목은 필요하지 않습니다. 집에서 사용할 수 있는 개인용 컴퓨터가 있어야 합니다.,True,True
31318,컴퓨터및프로그래밍입문,1,1학기,4.0,전공기초,"교육목표   1) 컴퓨터공학 및 과학에 대한 흥미를 높여 수월한 전공 진입을 유도함  컴퓨터가 실제적인 문제 해결의 도구로 활용됨을 경험  코딩 작업 과정을 이해  프로그래밍 작업의 이해  자기 주도적 탐구를 위한 기초 소양 함양  2) 기초적인 컴퓨터 구조에 대한 이해  하드웨어에 대한 이해  운영체제에 대한 이해  Window machine에 대한 이해 (매우 매우 중요)  3) 가장 기본적인 윈도우 시스템 구조 및 조작에 대한 이해  DOS 및 DOS 명령  파일 시스템 구조의 이해 (path, working directory)  수행 파일에 대한 이해  4) 프로그래밍 환경에 대한 이해   프로그래밍 언어에 대한 기초적인 이해  프로그래밍 단계 (Editor 시스템 숙지하기)  프로그래밍 관련 자료 사이트 소개 및 탐색방법  online manual 사용법   5) Python 언어를 통한 실제 코딩  화일 입출력  Control 구조 이해하기   비교   반복  문자열 처리  자료구조의 이해 (리스트)  함수(function)  고차함수 근 구하기    뉴턴랩슨 방식 :   GUI 설계 맛보기  그래픽스 맛보기",으뜸 파이썬/ 생능출판사 /2020  (중간 기말 시험칠 때 주교재만 지참이 허용됩니다. ) http://www.yes24.com/Product/Goods/89140722,,부교재는 수업 중간에 PDF 로 배포합니다.   주교재(으뜸 파이썬/ 생능출판사 /2020  )는 중간 기말 시험에 가지고 와서 활용할 수 있음. (중간 기말은 인터넷을 끈 상태에서 학과 실습실 PC에서 시행함.),선수과목은 필요하지 않습니다. 그러나 집에서 개인적으로 사용할 수 있는 PC 또는 랩탑(notebook) 컴퓨터가 있어야 합니다.,True,True
31319,컴퓨터및프로그래밍입문,1,1학기,4.0,전공기초,컴퓨터공학 및 과학에 대한 흥미를 높여 수월한 전공 진입을 유도함 기초적인 컴퓨터 및 운영체제 구조에 대한 이해 파이썬 프로그래밍 환경에 대한 이해 Python 언어를 통한 실제 코딩,으뜸 파이썬/ 생능출판사 /2020 (중간 기말 시험칠 때 주교재만 지참이 허용됩니다. ),,강의 자료,선수과목은 필요하지 않습니다. 그러나 집에서 개인적으로 사용할 수 있는 PC 또는 노트북이 있어야 합니다.,True,True
31320,프로그래밍원리와실습,1,1학기,4.0,전공기초,C언어의 개념 파악 및 RobotC 추가 교육 실습을 통한 프로그램 실습 실세계에 응용할 수 있는 방법에 대해 교육,Playing with C 우균 창병모 지음 교보문고,,기타 다른 C 언어 교재,없음,True,True
31321,프로그래밍원리와실습,1,2학기,4.0,전공기초,"본 교과목은 프로그래밍 개발 역량을 배양하기 위해 C 프로그래밍 언어를 이용하여 프로그래밍의 기초, 구조적 프로그래밍 등 프로그래밍 기본 원리와 S/W 개발의 기본 원칙을 학습한다.","모든 강의 자료는 PLATO(http://plato.pusan.ac.kr)를 통해 제공된다. 필수 주교재는 없으나 아래 책을 학습에 활용할 것을 권장한다.  “The C Programming Language. 2nd ed.,” Kernighan, Brian, and Dennis Ritchie. Upper Saddle River, NJ: Prentice Hall, 1988. ISBN: 9780131103627.  “Playing with C”, 우균 창병모 지음 교보문고",,,"본 교과목에 대한 공식 선수과목은 없다.  그러나 “CB16700:컴퓨터및프로그래밍입문""의 선 이수를 강하게 권고한다",True,True
31322,프로그래밍원리와실습,1,2학기,4.0,전공기초,"본 교과목은 프로그래밍 개발 역량을 배양하기 위해 C 프로그래밍 언어를 이용하여 프로그래밍의 기초, 구조적 프로그래밍 등 프로그래밍 기본 원리와 S/W 개발의 기본 원칙을 학습한다.","모든 강의 자료는 PLATO(http://plato.pusan.ac.kr)를 통해 제공된다. 필수 주교재는 없으나 아래 책을 학습에 활용할 것을 권장한다. “The C Programming Language. 2nd ed.,” Kernighan, Brian, and Dennis Ritchie. Upper Saddle River, NJ: Prentice Hall, 1988. ISBN: 9780131103627. “Playing with C”, 우균 창병모 지음 교보문고",,,"본 교과목에 대한 공식 선수과목은 없다. 그러나 “CB16700:컴퓨터및프로그래밍입문""의 선 이수를 강하게 권고한다",True,True
31323,프로그래밍원리와실습,1,2학기,4.0,전공기초,본 교과목은 C 프로그래밍 언어를 이용하여 학생들이 프로그래밍 기초와 구조적 프로그래밍에 대한 개념과 방법론을 이해 할 수 있도록 훈련 시키는 것을 목적으로 한다.,"모든 강의 자료는 PLATO(http://plato.pusan.ac.kr)를 통해 제공된다. 필수 주교재는 없으나 아래 책을 학습에 활용할 것을 권장한다. “The C Programming Language. 2nd ed.,” Kernighan, Brian, and Dennis Ritchie. Upper Saddle River, NJ: Prentice Hall, 1988. ISBN: 9780131103627. Playing with C”, 우균 창병모 지음 교보문고",,,"본 교과목에 대한 공식 선수과목은 없다. 그러나 “CB16700: 컴퓨터및프로그래밍입문""과 같은 교과목 이수를 통해 수강생 들이 컴퓨터 프로그래밍에 대한 기초 이해를 가지고 있다는 전제 하에 강의가 진행된다.",True,True
31324,프로그래밍원리와실습,1,2학기,4.0,전공기초,본 교과목은 C 프로그래밍 언어를 이용하여 학생들이 프로그래밍 기초와 구조적 프로그래밍에 대한 개념과 방법론을 이해할 수 있도록 훈련 시키는 것을 목적으로 한다.,모든 강의 자료는 PLATO(http://plato.pusan.ac.kr)를 통해 제공된다. 주요 참고교재는 교과목 소개 시간에 안내한다.,,,"본 교과목에 대한 공식 선수과목은 없다. 그러나 “CB16700: 컴퓨터및프로그래밍입문""과 같은 교과목 이수를 통해 수강생들이 컴퓨터 프로그래밍에 대한 기초 이해를 가지고 있다는 전제 하에 강의가 진행된다.",True,True
31325,프로그래밍원리와실습,1,2학기,4.0,전공기초,본 강의에서는 Clanguage로 된 프로그램을 이해할 수 있으며 개발할 수 있는 능력을 기르는 것을 목표로 한다.,"B. W. Kernighan and D. M. Ritchie, The C Programming Language, 2nd Ed., PrenticeHall, 1988.",,,,True,True
31326,프로그래밍원리와실습,1,2학기,4.0,전공기초,본 교과목은 C 프로그래밍 언어를 이용하여 학생들이 프로그래밍 기초와 구조적 프로그래밍에 대한 개념과 방법론을 이애할 수 있도록 훈련 시키는 것을 목표로 한다.,없음. 모든 강의 자료는 PLATP(http://plato.pusan.ac.kr)를 통해 제공된다.,,"아래의 도서를 학습에 활용할 것을 권장한다. ""The C Programming Language"", 2nd ed, Brian W. Kernighan, Dennis M. Ritchie, Prentice Hall, 1988. ""Playing with C"", 우균, 창병모","본 교과목에 대한 공식 선수과목은 없다. 단, ""CB16700: 컴퓨터프로그래밍입문""과 같은 교과목 이수를 통해 수강생들이 컴퓨터 프로그래밍에 대한 기초 이해를 가지고 있다는 전제 하에 강의가 진행된다.",True,True
31327,전기전자공학개론,1,2학기,3.0,전공기초,본 교과목을 통하여 전기공학 및 전자공학의 기초지식을 소개한다. 1. 전류와 전압 등 전기의 기본 지식을 배운다. 2. 직류회로 및 교류회로의 해석 방법을 익힌다. 3. 반도체의 기본 지식을 배운다 4. 다이오드와 트랜지스터 회로와 그 응용을 이해한다,"J. David Iriwin and David V. Kerns, Jr., Essentials of Electrical and Computer Engineering, 2nd Edition, Wiely, 2022.",,"Stan Gibillisco and Simon Monk, Teach Yourself Electricity and Electornics, 6th Ed., Mc Graw Hill Education 권기영, 조성재, 유태훈 옮김, 전기전자공학개론, 개정6판, 한빛아카데미 정동호, 공학도를 위한 전기전자공학개론, 학산미디어, 2020",기초 수학,True,True
31328,전기전자공학개론,1,2학기,3.0,전공기초,"이 과목에서 우리는 기본적인 회로 해석 방법 및 관련 이론들을 배운다. 마디전압법, 망전류법, 1계 선형동차 회로, 교류회로, 다이오드와 트란지스터의 동작을 이해하고 해석할 수 있는 능력을 갖추도록 한다.","Christopher K. Alexander and Mattew N. O. Sadiku, Fundamentals of Electric Circuits, 6th Ed., McGrawHill, 2017",,,대학수학,True,True
31329,전기전자공학개론,1,2학기,3.0,전공기초,본 교과목을 통하여 전기공학 및 전자공학의 기초지식을 소개한다. 1. 전류와 전압 등 전기의 기본 지식을 배운다. 2. 직류회로 및 교류회로의 해석 방법을 익힌다. 3. 반도체의 기본 지식을 배운다 4. 다이오드와 트랜지스터 회로와 그 응용을 이해한다,"J. David Iriwin and David V. Kerns, Jr., Essentials of Electrical and Computer Engineering, 2nd Edition, Wiely, 2022.",,"Stan Gibillisco and Simon Monk, Teach Yourself Electricity and Electornics, 6th Ed., Mc Graw Hill Education 권기영, 조성재, 유태훈 옮김, 전기전자공학개론, 개정6판, 한빛아카데미 정동호, 공학도를 위한 전기전자공학개론, 학산미디어, 2020",기초 수학,True,True
31330,전기전자공학개론,1,2학기,3.0,전공기초,"이 과목에서 우리는 기본적인 회로 해석 방법 및 관련 이론들을 배운다. 마디전압법, 망전류법, 1계 선형동차 회로, 교류회로, 다이오드와 트란지스터의 동작을 이해하고 해석할 수 있는 능력을 갖추도록 한다.","Christopher K. Alexander and Mattew N. O. Sadiku, Fundamentals of Electric Circuits, 6th Ed., McGrawHill, 2017",,,대학수학,True,True
31336,자료구조,2,2학기,3.0,전공필수,이 과목은 프로그래밍으로 문제해결 할 때 필요한 논리력과 그것을 표현할 적절한 자료 구조를 학습한다. 또한 문제해결을 위한 전통적인 알고리즘을 통해 체계적 사고 방법을 익히고 나아가 주어진 문제해결을 위해 설계하는 방법을 학습한다.,"M.T.Goodrich et. al., Data Structures and Algorithms in C++, 2nd Ed, John Wiley&Sons, Inc., 2011",,"Horowitz et. al, Fundamentals of DATA STRUCTURE in C++, Computer Sci. Press, 2001",C or C++,True,True
31337,자료구조,2,2학기,3.0,전공필수,1. 실제 현장에서 일어나는 문제를 형식화하여 프로그램을 통하여 해결하는 능력 2. 해당 문제를 프로그래밍할 때 가장 유용한 자료구조의 설계 3. 어떤 문제해결을 위한 다양한  자료구조의 성능을 평가할 수 있는 능력 4. C++에서 제공하는 STL(14 version)의 이해와 실전 활용 5. 입사를 위한 coding test를 중급이상으로 통과할 수 있는 실전 능력    Competitive Coding 실력 배양,[1] 수업에 사용하는 교재는 handout 형태로 나누어 줄 예정입니다.  STL에 관련된 모든 교재 Data Structure with Algorithmic Thinking with Python Data Structures and Algorithms in C++ (Tamssia and D. Mount),,[1] 수업에 사용하는 교재는 handout 형태로 나누어 줄 예정입니다.  STL에 관련된 모든 교재 Data Structure with Algorithmic Thinking with Python  아래 강의록 일부분을 확인하기 바랍니다.,C 프로그래밍 C++ 프로그래밍 (기초 정도) 아주 잘 할 필요는 없지만 아래 사항은 알고 있어야 합니다. 기본적인 stream io 함수 작성 및 parameter passing 기초 디버깅 수행시간 측정 간단한 class 만들기 template code 만들기,True,True
31338,자료구조,2,2학기,3.0,전공필수,"자료구조 설계 구현 능력, C/C++ 소스코드 개발 능력","자료구조 프로그래밍, 홍봉희편저, 2022, 부산대학교 출판문화원",,"SW 코딩 역량을 위한 C++ 프로그래밍, 홍봉희, 정익사","C/C++ 프로그래밍, 이산수학",True,True
31339,자료구조,2,2학기,3.0,전공필수,"본 과목을 통해 자료구조와 알고리즘을 이용한 문제 해결 능력을 기른다. 특히 다양한 자료구조에 대한 이론적인 이해와 실전 문제 적용을 중심으로 강의가 진행되며, 이를 통해 문제 분석 및 해결 방법 설계 능력의 발전을 도모한다.","Data Structures and Algorithms in C++, 2nd Edition Michael T. Goodrich, Roberto Tamassia, David M. Mount John Wiley & Sons, 2011  ISBN: 9780470383278",,,C++,True,True
31340,자료구조,2,2학기,3.0,전공필수,이 과목은 프로그래밍으로 문제해결 할 때 필요한 논리력과 그것을 표현할 적절한 자료 구조를 학습한다. 또한 문제해결을 위한 전통적인 알고리즘을 통해 체계적 사고 방법을 익히고 나아가 주어진 문제해결을 위해 설계하는 방법을 학습한다.,"M.T.Goodrich et. al., Data Structures and Algorithms in C++, 2nd Ed, John Wiley&Sons, Inc., 2011",,"Horowitz et. al, Fundamentals of DATA STRUCTURE in C++, Computer Sci. Press, 2001",C or C++,True,True
31341,컴퓨터그래픽스,3,2학기,3.0,전공선택,"1. 기본적인 3차원 컴퓨터그래픽스 기술 이해 2. 객체 표현을 위한 컴퓨터그래픽스용 언어 이해 3. WebGL, Three.js, 게임엔징 등을 이용한 컴퓨터 그래픽스 환경 이해 및 처리기술 습득",,,,"Linear Algebra, Basic Programming Skills (e.g., JavaScript, Python, C++)",True,False
31342,파일구조,3,1학기,3.0,전공선택,file 자료구조를 설계 구현하여 SW 개발하는 것을 목표로 한다,File Structures An ObjectOriented Approach with C++,,,"자료구조, C++",True,False
31343,컴퓨터알고리즘,3,1학기,3.0,전공필수,This course learns fundamentals and systematic skills for designing computer algorithms to solve realworld problems.,Foundations of Algorithms (4th edition) written by Richard Neapolitan and Kumarss Naimipour,,,Data structure,True,True
31344,컴퓨터알고리즘,3,1학기,3.0,전공필수,"이론 전산학(theoretical computer science)의 기초개념 이해  막프로그래밍과 알고리즘 설계가 동반된 프로그래밍의 차이점 이해하기 자료구조와 프로그램 성능의 차이 이해하기 컴퓨터 공학에서 왜 알고리즘이 가장 중요한 개념인가를 실제 프로그래밍으로 체험하기 이론적 분석의 의미와 그 실용성 체험하기   이론 전산학(theoretical computer science)의 기초개념 이해  막프로그래밍과 알고리즘 설계가 동반된 프로그래밍의 차이점 이해하기 자료구조와 프로그램 성능의 차이 이해하기 컴퓨터 공학에서 왜 알고리즘이 가장 중요한 개념인가를 실제 프로그래밍으로 체험하기 이론적 분석의 의미와 그 실용성 체험하기  삼성에서도 최근 알고리즘의 중요성을 인식해서 삼성 SW직군 중에 알고리즘 이해도를 평가해서 진급에 적용한다고 합니다. 이와 같이 알고리즘은 단순히 소프트웨어 설계 및 구현 이상의 창의적인 가치를 포함하고 있는 매우 중요한 과목이며, 그 중요성을 갈수록 올라가고 있습니다. 컴퓨터 비전공자 중에서도 프로그램을 잘 하는 사람이 있지만  그들과 전공자와의 가장 큰 차이는 <알고리즘>과 같은 전산과학적 background 입니다.    동시에 국내 대기업에서는 2015년 이후부터 입사시험에서 문제해결기법, 자료구조, 알고리즘 프로그래밍  능력을 직접 test해 본다고 합니다. 따라서 본 과목은 이런 과정을 위한 학생들에게 적합한 과목이 될 것입니다.  다양한 알고리즘 실계 방법론의 이해 효율적인 프로그램 설계 그 목표를 위한 효율적인  자료구조의 설계 구현한 자료구조 및 그 지원 알고리즘의 성능평가 Efficient Programming 연습 및 수행된 프로그램의 알고리즘 분석  예를 들어 주어진 과제에 대하여 다음과 같은 경쟁을 하는 것에 부담이 없어야 한다.  가장 빠른 프로그램( in term of execution time) 가장 짧은 프로그램( in terms of source code lines)  이 과목을 수강하는 학생은 반드시 국제대학생 프로그래밍 대회( ICPC 2013)의 지역예선 즉 부산대학교 예선에 참가해야 합니다. 이것은 수강의 기본조건 입니다. 단 참여할 팀에 다른 학과 또는 알고리즘 이 분반 수강생 이외의 학생과 같이 참여해도 됩니다.  특히 이 분반을 수강하는 학생은 반드시 3인 1조로 ICPC 대회에 참가해야만 한다. 이것은 requirement이고 그렇지 못한 경우에는 과제 하나를 Missing한 것으로 간주한다.  (작년 2021년에 사용한 알고리즘 프로그래밍 과제가 첨부화일에 있습니다.   참고해서 이 정도 프로그래밍을 할 수 있는지 감을 잡아 보시기 바랍니다. )  Preliminary for Algorithm Theory + Ethics for Engineering Measure for Algorithm Performance Time and Space complexity Analysis Divide and Conquer Method(1) Divide and Conquer Method(2) Greedy Method and Optimality(1) Real Application and Greedy Method Dynamic Programming Model + Mid Exam Application of Dynamic Programming Iterative Methodology: Backtracking(1) Iterative Methodology: Branch and Bound (1) Iterative Methodology: Branch and Bound (2) Graph Algorithm Basic Computational Geometry  and real application for real world problems Theoretical Computation Theory    NPcompleteness   Heuristics","강의식으로 진행합니다. 프로그래밍 과제물이 10개 이상 주어질 예정입니다.  만일 C++, Python, JAVA를 기반으로  프로그래밍이 힘들다면 수강을 권하지 않습니다. 학기말에 실습실에서 부분적인 실습이 같이 진행될 예정입니다.",,"기본 강의자료는 Hwp hand out으로 수업 전에 NESPA 사이트를 통해서 제공합니다. 참고로 사용하는 교재는 <알고리즘 기초 5판 (홍릉과학출판사)>, 도경구 번역  수업시 handout은 교수가 강의 사이트에 매주 올립니다. 아래 첨부화일은 작년에 사용한 프로그래밍 과제물 일부입니다. 만일 이 정도 프로그래밍을 할 수 없는 학생이라면 수강을 권하지 않습니다.",이산수학(discrete Mathematics) 자료구조(필수적으로 수강) C/C++ 프로그래밍 중급이상 Python으로 과제물 작성도 가능하지만 어떤 과제물은 반드시 C/C++로만 제출해야 합니다.,True,True
31345,컴퓨터알고리즘,3,1학기,3.0,전공필수,"To provide a solid foundation in algorithm design and analysis. Specifically, the student learning outcomes include: Ability to understand and design algorithms using greedy strategy, divide and conquer approach, dynamic programming, and max flow min cut theory. Ability to analyze asymptotic runtime complexity of algorithms including formulating recurrence relations. Basic knowledge of computational complexity","Richard Neapolitan and Kumarss Naimipour, Foundations of Algorithms, 4th Ed., Jones & Bartlett, 2011.",,"도경구 역, 알고리즘 기초, 홍릉출판사, 2014(번역서)",data structure and programming,True,True
31346,이산수학(II),2,2학기,3.0,전공필수,"이산 물체 및 데이터 관련 문제에 적용이 가능한 주요 모델링 기법, 그래프 이론, 정수론 및 대수학, 오토마타 이론 등을 컴퓨터공학 전공 문제와 연계시켜 다룬다. 특히 정의와 정리에 기반하여 논리적인 사고를 할 수 있는 능력을 키우는 것을 주요 목표로 한다.","Discrete and Combinatorial Mathematics (5th Ed.), R.P. Grimaldi, Pearson Education Limited, 2014",,Lecture Notes at the PLATO system,없음,True,True
31347,이산수학(II),2,2학기,3.0,전공필수,"1. Understanding the basics on number theory 2. Understanding the basics on Automata theory 3. Understanding the basics on graph theory  4. Understanding the number theory with applications(cryptography)  5. Understading the graph theory & automata with applications(computer arch. blockchain, etc.)","Discrete and combinatorial mathematics (5th Edition) by R.P.Grimaldi, 2004",,Handbout 자료 제공,없음,True,True
31348,이산수학(II),2,2학기,3.0,전공필수,"이산 물체 및 데이터 관련 문제에 적용이 가능한 주요 모델링 기법, 그래프 이론, 정수론 및 대수학, 오토마타 이론 등을 컴퓨터공학 전공 문제와 연계시켜 다룬다. 특히 정의와 정리에 기반하여 논리적인 사고를 할 수 있는 능력을 키우는 것을 주요 목표로 한다.","Discrete and Combinatorial Mathematics (5th Ed.), R.P. Grimaldi, Pearson Education Limited, 2014",,Lecture Notes at the PLATO system,없음,True,True
31349,인공지능,3,2학기,3.0,전공선택,탐색기반 문제해결 기본 개념을 이해하고 실제 문제에 적용 실생활 문제를 공식화하는 능력을 함양하고 이를 논리적 수학적 추론 방법으로 해결 다양한 학습 알고리즘을 공부하고 이를 실생활 문제에 적용,"Artificial Intelligence: A Modern Approach, 3rd ed. Stuart Russell and Peter Norvig Prentice Hall, 2009",,,,True,True
31350,인공지능,3,2학기,3.0,전공선택,1. 문제해결의 개념을 이해하고 실제로 응용할 수 있다 (Understand the concept of solving problems and apply for practical problems).   2. 실세계 문제들을 정형화하고 논리적 혹은 수학적 추론 기법을 적용하여 해결할 수 있다 (Formulize realworld problems and solve them using logical and mathematical reasoning).   3. 학습 알고리즘들을 이해하고 이를 실제 문제에 적용할 수 있다 (Understand learning algorithms and apply this for practical problems).,"Stuart Russell and Peter Norvig, Artificial Intelligence:  A Modern Approach, 3rd ed. Prentice Hall, 2010.",,,"자료구조 (Data structure), 확룔통계 (Probabilities and Statistics)",True,True
31351,컴파일러,3,2학기,3.0,전공선택,전반적인 컴파일 과정에 대한 이해 컴파일 과정에서 사용되는 자료구조와 최적화 기법 학습 간단한 컴파일러 구현,"내공 있는 프로그래머로 길러주는 컴파일러의 이해 (증보판), 박두순 지음, 한빛 아카데미",,"만들면서 배우는 컴파일러 첫걸음, 나카다 이쿠오 지음, 윤인성 옮김, 인사이트 Alfred. V. Aho, Monica S. Lam, Ravi .Sethi, Jeffrey D. Ullman, Compilers: Principles, Tehniques, and Tools, 2nd Ed., AddisonWesley, 2007.","C 프로그래밍 스킬, 자료구조, 유닉스 개발환경에 대한 이해",True,False
31352,시스템소프트웨어,2,1학기,3.0,전공선택,"어셈블리 프로그래밍의 기본 기술과 어셈블러, 로더, 링커와 같은 시스템 소프트웨어에 대한 지식을 제공","Computer SystemsA Programmer's Perspective 3rd, Randal E. Bryant, David R. O'Hallaron",,C programming language 2nd edition. Brian W. Kernighan and Dennis M. Ritchie,The C Programming Language Basic knowledge on Unix/Linux systems,True,False
31353,시스템소프트웨어,2,1학기,3.0,전공선택,"어셈블리 프로그래밍의 기본 기술과 어셈블러, 로더, 링커와 같은 시스템 소프트웨어에 대한 지식을 제공","Computer SystemsA Programmer's Perspective 3rd, Randal E. Bryant, David R. O'Hallaron",,C programming language 2nd edition. Brian W. Kernighan and Dennis M. Ritchie,The C Programming Language Introduction to Open Source Software Developments,True,False
31354,시스템소프트웨어,2,1학기,3.0,전공선택,"어셈블리프로그래밍의 기본기술과 어셈블러,로더,링커와 같은 시스템소프트웨어에 대한 지식을 제공","ComputerSystemsAProgrammer'sPerspective3rd,RandalE.Bryant,DavidR.O'Hallaron",,,The CProgramming Language Introduction to Open Source Software Developments,True,False
31355,데이터통신,3,1학기,3.0,전공선택,1) 데이터통신 기본 기술 요소의 목적과 원리를 이해한다 2) 데이터통신 기술 요소를 확률 등의 이론 도구를 이용하여 그 성능과 특성을 평가할 수 있는 능력을 갖춘다 3) 데이터통신 기술 요소를 Python 등의 실습 도구를 이용하여 그 성능과 특성을 분석할 수 있는 능력을 갖춘다 4) 기본적인 형식 및 내용 요건을 충족시키는 기술 보고서를 작성하는 능력을 갖춘다,"W. Stallings, Data and Computer Communications, PrenticeHall",,,해당 사항 없음,True,True
31356,데이터통신,3,1학기,3.0,전공선택,데이터 통신의 원리를 익히고 이것의 응용능력을 개발한다.,"Behrouz A. Forouzan, Data Communications and Networking with TCP/IP Protocol Suite(6E), McGraw Hill, 2022",,"W. Stallings, Data and Computer Communications(10E), Prentice Hall, 2014",해당사항 없음,True,True
31357,데이터베이스,3,2학기,3.0,전공선택,본강의의목적은정보모델링방법과데이터베이스설계및관리개념과방법론을학습하는것이다.,"A First course in Database Systems,Jeffrey D.Ullman and Jennifer Widom,3rd ed. Pearson International Edition",,"데이터베이스시스템개론,JeffreyD.UllmanandJenniferWidom저,김명호,이윤준,유재수역,도서출판그린(2판)",,True,True
31358,데이터베이스,3,2학기,3.0,전공선택,본강의의목적은정보모델링방법과데이터베이스설계및관리개념과방법론을학습하는것이다.,"A First course in Database Systems,Jeffrey D.Ullman and Jennifer Widom,3rd ed. Pearson International Edition",,"데이터베이스시스템개론,JeffreyD.UllmanandJenniferWidom저,김명호,이윤준,유재수역,도서출판그린(2판)",,True,True
31359,데이터베이스,3,2학기,3.0,전공선택,"DB 모델링, DB 설계, SQL 프로그래밍, MySQL Workbench, DB연동 프로그래밍","데이터베이스 SQL 프로그래밍(MySQL 실습), 홍봉희편저, 부산대학교 출판문화원, 2022",,,"자료구조, 파일구조",True,True
31360,임베디드시스템,3,2학기,3.0,전공선택,"Study general architectures of embedded systems, Study structure and instruction set of ARM architecture, Study ARM assembler language, Study ARM processor and CPU cores,  Study RTOS and programming","1. ARM System on chip Architecture (2nd Ed.), Steve Furber, Addison Wesley 2. μC/OSIII, The RealTime Kernel For the STM32 ARM CortexM3, Jean J. Labrosse,  https://micrium.atlassian.net/wiki/spaces/osiiidoc/overview (Free PDF)",,,,True,True
31361,확률통계,1,2학기,3.0,전공기초,"수학 및 기초공학에 대한 지식을 이해하고, 이를 공학적 문제에 응용할 수 있는 능력 개발 컴퓨터공학 핵심지식을 이해하고, 실세계 컴퓨터공학 문제들의 자료를 분석하여 평가할 수 있는 능력 배양 컴퓨터시스템을 설계할 수 있는 능력과, 도구 및 프로그래밍 언어를 활용하여 실세계에 존재하는 공학적 문제들을 해결할 수 있는 능력 배양 자신의 생각을 효율적으로 전달하고 동료들과 협업을 할 수 있으며, 경영마인드를 갖춘 국제적 리더쉽 배양","핵심 확률 및 통계학 (청문각, 로널드 월폴, 레이먼드 마이어스, 새런 마이어스, 키잉 예 지음; 김봉선, 유영관, 박종천, 이상호 옮김)",,,수학 (미적분 포함),True,True
31362,확률통계,1,2학기,3.0,전공기초,확률 이론 기초에 대한 이해 공학 문제 분석을 위한 확률 모형 적용 능력 함양  Python/R과 같은 컴퓨터 S/W를 이용한 확률 문제 해결 능력 함양  요건을 만족하는 기술문서 작성 능력 함양,"다음 3가지 교재 중 하나로 분반 담당 교수가 지정 Probability and Random Processes with Application to Signal Processing and Communications, S. Miller, Elsevier Introduction to Probability Models, 11th edition, Sheldon Ross Introduction to Probability, 2nd Ed. Dimitri P. Bertsekas and John N. Tsitsiklis,",,,,True,True
31363,확률통계,1,2학기,3.0,전공기초,"다양한 형태의 데이터 분석에 필요한 확률, 통계적인 기초적인 지식을 이해하여 그 응용력을 키운다.","Introdcution to Probability Models, 11th edition written by Sheldon Ross",,,,True,True
31364,운영체제,3,1학기,3.0,전공필수,운영체제를 구성하는 기본 개념을 이해하고 이를 구현하기 위한 각 구성요소의 동작 원리를 이해한다. 운영체제 전반에 대한 이해를 바탕으로 시스템에 최적화된 소프트웨어를 개발할 수 있는 능력을 배양한다. 운영체제의 각 구성 요소를 구현하는 프로젝트를 통해 시스템프로그래밍 능력을 향상시킨다.,"Remzi H. ArpaciDusseau and Andrea C. ArpaciDusseau, ""Operating Systems: Three Easy Pieces"" https://pages.cs.wisc.edu/~remzi/OSTEP/",,"Operating System Concepts, 9th Edition, by Avi Silberschatz, Peter Baer Galvin and Greg Gagne, John Wiley & Sons, Inc., 2012 Operating Systems, Internals and Design Principles, 7th edition, William Stallings, Pearson International Edition, 2009",C Programing language Data structure Basic knowledge on Unix/Linux systems,True,True
31365,운영체제,3,1학기,3.0,전공필수,"운영체제의 개념과 발전과정, 구성요소 및 동작 원리 이해 프로세스 개념 및 관리, 스케줄링, 동기화 학습 병행 프로그래밍, 교착상태, 주기억장치/보조기억장치, 파일시스템 이해 시스템에 최적화된 소프트웨어 개발 능력 배양","Operating System Concepts 10th Edition / A. Silberschatz, P.B. Galvin, G. Gagne / John Wiley & Sons / 2018",,매주 PLATO에 강의자료 업로드,C Programing language Data structure Basic knowledge on Unix/Linux systems,True,True
31366,운영체제,3,1학기,3.0,전공필수,"With this course, students can understand the basics on OS and the structure of the OS. Also, student can learn the details of the OS through using and analyzing the Linux OS.","OS concepts, 9th edition by Avi silberschatz Operating System, three easy pieces by Remzi, et. al.",,"OS related materials, etc. Linux OS materials, etc.",C programming skill,True,True
31367,소프트웨어공학,3,2학기,3.0,전공필수,"본 과목은 대규모 고품질 소프트웨어를 개발하기 위한 다양한 기술을 익히는 것을 목표로 한다. 특히 메트릭, 정적 분석, 동적 테스팅 등의 주제에 대해서는 오픈소스 도구를 소개하며 오픈소스 도구를 활동한 과제를 수행한다.",,,,,True,True
31368,소프트웨어공학,3,2학기,3.0,전공필수,"본 과목은 대규모 고품질 소프트웨어를 개발하기 위한 다양한 기술을 익히는 것을 목표로 한다. 특히 메트릭, 정적 분석, 동적 테스팅 등의 주제에 대해서는 오픈소스 도구를 소개하며 오픈소스 도구를 활동한 과제를 수행한다.",,,,,True,True
31369,소프트웨어공학,3,2학기,3.0,전공필수,"본 과목은 대규모 고품질 소프트웨어를 개발하기 위한 다양한 기술을 익히는 것을 목표로 한다. 특히 메트릭, 정적 분석, 동적 테스팅 등의 주제에 대해서는 오픈소스 도구를 소개하며 오픈소스 도구를 활동한 과제를 수행한다.",,,,,True,True
31370,컴퓨터구조,3,1학기,3.0,전공필수,"Study basic knowledge about computer systems in general including CPU, memory system, I/O device, and bus. Study cache, internal & external memory, interconnection mechanism, computer arithmetic and CPU structure. Also study RISC based CPU structure and control units of RISC and CISC systems.'","Computer Organization and Architecture, 10th Edition, W. Stallings, Prentice Hall, 2016",,"컴퓨터구조 관련 자료.  온라인 materials 활용 등  RISCV processor architecture, etc.",,True,True
31371,컴퓨터구조,3,1학기,3.0,전공필수,"컴퓨터 시스템의 구조 및 설계에 관한 기본적인 지식 습득 프로세서의 주요 구성요소와 동작 방식 학습 메모리 계층, 입출력장치, 시스템 버스와 관련된 지식 습득",Computer Organization and Architecture 10th Edition / W. Stallings / Prentice Hall / 2016,,매주 PLATO에 강의자료 업로드,C Programing language Data structure,True,True
31372,컴퓨터구조,3,1학기,3.0,전공필수,본 과목에서는 디지탈 컴퓨터 시스템의 구조 및 설계에 관한 기본적인 지식을 습득함을 목표로 한다.,"Computer Organization and Architecture,10thEdition,W.Stallings,Prentice Hall,2 016",,,,True,True
31373,컴퓨터네트워크,3,2학기,3.0,전공선택,,,,,,True,True
31374,컴퓨터네트워크,3,2학기,3.0,전공선택,컴퓨터 네트워크 기초 및 현대 컴퓨터 네트워킹에 대한 이해 증진,Computer Networking: A TopDown Approach 8th Edition / J.F. Kurose and K.W. Ross / Pearson / 2022 컴퓨터 네트워킹: 하향식 접근 (제8판) / J.F. Kurose and K.W. Ross / 퍼스트북 / 2022,,매주 PLATO에 강의자료 업로드,,True,True
31375,논리회로설계및실험,2,2학기,2.0,전공필수,1. Study on design and analysis of digital system 2. Study on design method of logic circuit using design tools 3. Study on verification method of logic circuit using simulation,"양세양외 3인 Flowrican을 이용한 논리회로도 설계 및 검증실험, 브레인코리아",,,논리설계,True,True
31376,논리회로설계및실험,2,2학기,2.0,전공필수,Study on design and analysis of digital system Study on design method of logic circuit using design tools Study on verification method of logic circuit using simulation,"양세양외 3인 Flowrian을 이용한 논리회로도 설계 및 검증실험, 브레인코리아",,"강병익, 양세양, 디지털 논리실험, 한성출판사, 2000",Nothing,True,True
31377,논리회로설계및실험,2,2학기,2.0,전공필수,Study on design and analysis of digital system Study on design method of logic circuit using design tools Study on verification method of logic circuit using simulation,"양세양외 3인 Flowrian을 이용한 논리회로도 설계 및 검증실험, 브레인코리아",,"강병익, 양세양, 디지털 논리실험, 한성출판사, 2000",Nothing,True,True
31378,논리회로설계및실험,2,2학기,2.0,전공필수,1. Study on design and analysis of digital system 2. Study on design method of logic circuit using design tools 3. Study on verification method of logic circuit using simulation,"양세양외 3인 Flowrican을 이용한 논리회로도 설계 및 검증실험, 브레인코리아",,,논리설계,True,True
31379,유닉스응용프로그래밍,3,1학기,3.0,전공선택,,,,,,True,True
31380,소프트웨어설계및실험,3,1학기,2.0,전공필수,"1. 모바일 프로그래밍을 통한 일상생활 속 문제 해결 능력 향상 2 .안드로이드 개발플랫폼을 활용한 다양한 모바일 응용프로그램 개발 기초 능력 향상 3. 기초, 응용, 심화 단계별 실습 프로그램을 통한 모바일 응용프로그래밍 개발 능력 향상 4. 모바일 프로그래밍을 통한 문제 해결 능력 향상","강성윤, ""Do it! 깡샘의 안드로이드 앱 프로그래밍 wit h코틀린"", 이지스퍼블리싱(주), 2021 우재남, 유혜림, ""코틀린을 활용한 안드로이드 프로그래밍"", 한빛아카데미, 2020 임태규, ""텐서플로 라이트를 활용한 안드로이드 딥러닝"", 한빛미디어, 2021",,https://developer.android.com/,객체지향프로그래밍 혹은 자바프로그래밍,True,False
31381,소프트웨어설계및실험,3,1학기,2.0,전공필수,"1. 모바일 프로그래밍을 통한 일상생활 속 문제 해결 능력 향상 2. 안드로이드 개발플랫폼을 활용한 다양한 모바일 응용프로그램 개발 기초 능력 향상 3. 기초, 응용, 심화 단계별 실습 프로그램을 통한 모바일 응용프로그래밍 개발 능력 향상 4. 모바일 프로그래밍을 통한 문제 해결 능력 향상","강성윤, ""Do it! 깡샘의 안드로이드 앱 프로그래밍 with 코틀린"", 이지스퍼블리싱(주), 2021 우재남 유혜림, ""코틀린을 활용한 안드로이드 프로그래밍"", 한빛아카데미, 2020 임태규, ""텐서플로 라이트를 활용한 안드로이드 딥러닝"", 한빛미디어, 2021",,https://developer.android.com/,객체지향프로그래밍 혹은 자바프로그래밍,True,False
31382,소프트웨어설계및실험,3,1학기,2.0,전공필수,"1. 모바일 프로그래밍을 통한 일상생활 속 문제 해결 능력 향상 2. 안드로이드 개발플랫폼을 활용한 다양한 모바일 응용프로그램 개발 기초 능력 향상 3. 기초, 응용, 심화 단계별 실습 프로그램을 통한 모바일 응용프로그래밍 개발 능력 향상 4. 모바일 프로그래밍을 통한 문제 해결 능력 향상","강성윤, ""Do it! 깡샘의 안드로이드 앱 프로그래밍 with 코틀린"", 이지스퍼블리싱(주), 2021 우재남 유혜림, ""코틀린을 활용한 안드로이드 프로그래밍"", 한빛아카데미, 2020 임태규, ""텐서플로 라이트를 활용한 안드로이드 딥러닝"", 한빛미디어, 2021",,https://developer.android.com/,객체지향프로그래밍 혹은 자바프로그래밍,True,False
31383,소프트웨어설계및실험,3,1학기,2.0,전공필수,"1. 모바일 프로그래밍을 통한 일상생활 속 문제 해결 능력 향상 2. 안드로이드 개발플랫폼을 활용한 다양한 모바일 응용프로그램 개발 기초 능력 향상 3. 기초, 응용, 심화 단계별 실습 프로그램을 통한 모바일 응용프로그래밍 개발 능력 향상 4. 모바일 프로그래밍을 통한 문제 해결 능력 향상","강성윤, ""Do it! 깡샘의 안드로이드 앱 프로그래밍 with 코틀린"", 이지스퍼블리싱(주), 2021 우재남 유혜림, ""코틀린을 활용한 안드로이드 프로그래밍"", 한빛아카데미, 2020 임태규, ""텐서플로 라이트를 활용한 안드로이드 딥러닝"", 한빛미디어, 2021",,https://developer.android.com/,객체지향프로그래밍 혹은 자바프로그래밍,True,False
31384,웹응용프로그래밍,2,2학기,3.0,전공선택,"1. Teaching about ability to develop Internet application programs 2. The course covers programming languages like HTML5.0, XML, CSS, JavaScript, PHP, JSON 3. Learn to analyze the requirement of real problems related to Internet applications and to implement ideas by clientserver model 4. Understanding platforms to develop internet applications 5. Improvement of communication and cowork skill within a team","Internet & World Wide Web how to program(5th), Deitel et al. Pearson Education Inc",,인터넷에서 접근 가능한 이 강의에서 소개하는 프로그래밍 언어 메뉴얼,인터넷과 웹기초(11) 과목 이수 프로그램에 대한 기본 지식(최소한 한 개 프로그래밍 언어에 대해 익숙할 것) 인터넷 응용 프로그램을 활용해본 경험,True,True
31385,웹응용프로그래밍,2,2학기,3.0,전공선택,"1. Teaching about ability to develop Internet application programs 2. The course covers programming languages like HTML5.0, XML, CSS, JavaScript, PHP, JSON 3. Learn to analyze the requirement of real problems related to Internet applications and to implement ideas by clientserver model 4. Understanding platforms to develop internet applications 5. Improvement of communication and cowork skill within a team","Internet & World Wide Web how to program(5th), Deitel et al. Pearson Education Inc",,인터넷에서 접근 가능한 이 강의에서 소개하는 프로그래밍 언어 메뉴얼,인터넷과 웹기초(11) 과목 이수 프로그램에 대한 기본 지식(최소한 한 개 프로그래밍 언어에 대해 익숙할 것) 인터넷 응용 프로그램을 활용해본 경험,True,True
31386,웹응용프로그래밍,2,2학기,3.0,전공선택,"1. Understanding frontend web development techniques. (HTML, CSS, JavaScript, etc.) 2. Understanding backend web development techniques (Webserver, DabaBase, PHP, XML/JSON, etc.)","Fundamentals of web development (1st/global edition), Randy Connolly and Ricardo Hoar, Pearson",,"Internet & World Wide Web how to program(5th), Deitel et al. Pearson Education Inc.  W3schools.com",인터넷과 웹기초 과목 이수 혹은 HTML/CSS/JAVASCRIPT와 관련된 기본적인 지식,True,True
31387,플랫폼기반프로그래밍,2,2학기,3.0,전공선택,,,,,,True,True
31388,플랫폼기반프로그래밍,2,2학기,3.0,전공선택,"본 과목은 Java 언어를 이용한 기본적인 객체지향 프로그래밍을 학습하고 이를 활용하여 GUI, Database, Network 등 응용 프로그래밍 기술을 익히는 것을 목표로 한다.",,,,C++ Programming,True,True
31389,플랫폼기반프로그래밍,2,2학기,3.0,전공선택,"본 과목은 Java 언어를 이용한 기본적인 객체지향 프로그래밍을 학습하고 이를 활용하여 GUI, Database, Network 등 응용 프로그래밍 기술을 익히는 것을 목표로 한다.",,,,C++ Programming,True,True
31390,플랫폼기반프로그래밍,2,2학기,3.0,전공선택,"본 과목은 Java 언어를 이용한 기본적인 객체지향 프로그래밍을 학습하고 이를 활용하여 GUI, Database, Network 등 응용 프로그래밍 기술을 익히는 것을 목표로 한다.",,,,C++ Programming,True,True
31391,임베디드시스템설계및실험,3,2학기,2.0,전공필수,Study ARM based embedded system and learn about HW & SW implementation technology,Weekly experimentation manual & design project guide,,,,True,True
31392,임베디드시스템설계및실험,3,2학기,2.0,전공필수,Study ARM based embedded system and learn about HW & SW implementation technology,Weekly experimentation manual & design project guide,,,,True,True
31393,임베디드시스템설계및실험,3,2학기,2.0,전공필수,Study ARM based embedded system and learn about HW & SW implementation technology,Weekly experimentation manual & design project guide,,,,True,True
31394,임베디드시스템설계및실험,3,2학기,2.0,전공필수,Study ARM based embedded system and learn about HW & SW implementation technology,Weekly experimentation manual & design project guide,,,,True,True
31395,데이터과학입문,2,1학기,3.0,전공필수,1. 데이터 과학의 기초와 그 응용에 대한 이해 2. 데이터 기반 의사 결정을 지원하기 위해 문제를 구성하고 데이터를 수집/처리/분석하는 방법 학습,"Doing Data Science / 데이터 과학 입문, Rachel Schutt & Cathy O’Neil, O’Reilly, ISBN 9781449358655 Data Science from Scratch 2nd Edition / 밑바닥부터 시작하는 데이터과학 2판, Joel Grus, O’Reilly, ISBN 9781492041139 Data Mining The Text Book, Charu C. Aggrawal, Springer, ISBN 9783319141411",,,1) 컴퓨터및프로그래밍입문 2) 확률통계,True,False
31396,데이터과학입문,2,1학기,3.0,전공필수,1. 데이터 과학의 기초와 그 응용에 대한 이해 2. 데이터 기반 의사 결정을 지원하기 위해 문제를 구성하고 데이터를 수집/처리/분석하는 방법 학습,"Doing Data Science / 데이터 과학 입문, Rachel Schutt & Cathy O’Neil, O’Reilly, ISBN 9781449358655 Data Science from Scratch 2nd Edition / 밑바닥부터 시작하는 데이터과학 2판, Joel Grus, O’Reilly, ISBN 9781492041139 Data Mining The Text Book, Charu C. Aggrawal, Springer, ISBN 9783319141411",,,1) 컴퓨터및프로그래밍입문 2) 확률통계,True,False
31397,데이터과학입문,2,1학기,3.0,전공필수,1. 데이터 과학의 기초와 그 응용에 대한 이해 2. 데이터 기반 의사 결정을 지원하기 위해 문제를 구성하고 데이터를 수집/처리/분석하는 방법 학습,"Doing Data Science / 데이터 과학 입문, Rachel Schutt & Cathy O’Neil, O’Reilly, ISBN 9781449358655 Data Science from Scratch 2nd Edition / 밑바닥부터 시작하는 데이터과학 2판, Joel Grus, O’Reilly, ISBN 9781492041139 Data Mining The Text Book, Charu C. Aggrawal, Springer, ISBN 9783319141411",,,1) 컴퓨터및프로그래밍입문 2) 확률통계,True,False
31398,인터넷과웹기초,1,1학기,3.0,전공필수,Understanding the history and basic structure of the Internet and the web Understanding clientside programming through learning HTML/CSS/JavaScript Increase problem solving ability using Open API utilization,"김경민, 문제해결을 통한 웹 프로그래밍 입문 , 이한미디어, 2019.10 고경희 저, Do it! HTML5+CSS3 웹 표준의 정석 2판, 이지스퍼블리싱, 2019.12",,W3Schools Online Web Tutorials https://www.w3schools.com,,True,True
31399,인터넷과웹기초,1,1학기,3.0,전공필수,Understanding the history and basic structure of the Internet and the web Understanding clientside programming through learning HTML/CSS/JavaScript Increase problem solving ability using Open API utilization,"김경민, 문제해결을 통한 웹 프로그래밍 입문 , 이한미디어, 2019.10 고경희 저, Do it! HTML5+CSS3 웹 표준의 정석 2판, 이지스퍼블리싱, 2019.12",,W3Schools Online Web Tutorials https://www.w3schools.com,,True,True
31400,인터넷과웹기초,1,1학기,3.0,전공필수,Understanding the history and basic structure of the Internet and the web Understanding clientside programming through learning HTML/CSS/JavaScript Increase problem solving ability using Open API utilization,"고경희 저, Do it! HTML5+CSS3 웹 표준의 정석 2판, 이지스퍼블리싱, 2019.12  김경민, 문제해결을 통한 웹 프로그래밍 입문 , 이한미디어, 2019.10",,W3Schools Online Web Tutorials https://www.w3schools.com,,True,True
31401,C++프로그래밍과실습,2,1학기,4.0,전공필수,"1. C++ 프로그래밍언어의 Syntax, Semantics, 그리고 Programming Style 및 Design Pattern을 학습하고 2. 주어진 문제를 C++ 프로그래밍 언어로 해결할 수 있는 능력을 양성한다.",(선정 중선정후 공지),,,C프로그래밍 언어,True,True
31402,C++프로그래밍과실습,2,1학기,4.0,전공필수,교수목표: 객체지향 개념에 바탕을 둔 C++ 프로그래밍 C++ 언어를 통해 객체지향 개념을 학습한다 C++ 프로그래밍의 기본 개념을 학습한다. C++ 프로그램의 설계 능력과 구현 능력을 기른다. C++ 도구를 사용한 디버깅 및 개발 능력을 체득한다.,,,"프로그래밍센스를 살리는 비타민 C++, 교보출판사",C 프로그래밍,True,True
31403,C++프로그래밍과실습,2,1학기,4.0,전공필수,,,,,,True,True
31404,C++프로그래밍과실습,2,1학기,4.0,전공필수,교수목표: 객체지향 개념에 바탕을 둔 Modern C++ 프로그래밍  C++ 프로그래밍의 기본 개념을 학습한다. C++ 언어를 통해 객체지향 개념을 학습한다. C++ 프로그램의 설계 능력과 구현 능력을 기른다. C++ 도구를 사용한 디버깅 및 개발 능력을 체득한다. C++11 에서  C++17 표준 까지의 특징들 및 STL 사용을 익힌다.,,,"프로그래밍센스를 살리는 비타민 C++, 교보출판사",C 프로그래밍,True,True
31405,C++프로그래밍과실습,2,1학기,4.0,전공필수,객체 지향 프로그래밍 능력으로 C++ 구사 능력,SW 코딩 역량을 위한 C++ 프로그래밍,,,C,True,True
31406,C++프로그래밍과실습,2,1학기,4.0,전공필수,객체지향언어(OOP)의 특징을 이해한다. 주어진 문제를 C++ 언어를 이용하여 알고리즘을 구현한다. 주제별 과제를 부여항 과제 수행 능력을 배양한다.,수업 중 공지,,,C 프로그래밍,True,True
31407,공학선형대수학,2,1학기,3.0,전공필수,"선형대수학에 대한 기본 개념, 속성, 기법 등을 소개한다. 실제 발생하는 여러가지 공학적인 문제에 대한 선형대수적 해결 예제를 통해, 학생들이 자신의 전공분야에서 발생할 수 있는 여러가지 선형대수적 문제를 직접 모델링 하여 해결할 수 있는 능력을 배양하도록 한다.","Linear Algebra with Applications (10th Ed.), S.J. Leon, PEARSON, 2020",,"선형대수학과 응용, 이재진 외 4인 옮김, PEARSON, 제8판, 2012 Linear Algebra with Applications, written by George nakos and David Joyner",없음,True,True
31408,공학선형대수학,2,1학기,3.0,전공필수,"선형대수학에 대한 기본 개념, 속성, 기법 등을 소개한다. 실제 발생하는 여러가지 공학적인 문제에 대한 선형대수적 해결 예제를 통해, 학생들이 자신의 전공분야에서 발생할 수 있는 여러가지 선형대수적 문제를 직접 모델링 하여 해결할 수 있는 능력을 배양하도록 한다.","Linear Algebra with Applications (10th Ed.), S.J. Leon, PEARSON, 2020",,"선형대수학과 응용, 이재진 외 4인 옮김, PEARSON, 제8판, 2012 Linear Algebra with Applications, written by George nakos and David Joyner",없음,True,True
31409,공학선형대수학,2,1학기,3.0,전공필수,"Linear Algebra is an important subject to the students who are going to study mathematics, science and engineering.  In this course, we study linear systems, vector, matrices, vector spaces, linear transformation, dterminants, eignvalues and eignvectors, dot and inner product. We examinate those definition, concepts and its applications. Also we enlarge the capacity of its application using program or tools.","Steven J. Leon, Linear Algebra with Application, 9th Ed., Pearson",,,,True,True
31410,유닉스기초,2,1학기,3.0,전공선택,C 프로그래밍,PLATO 강의 홈페이지에 올려둔 발표 자료,,"유닉스 시스템의 기초 (안광수 지음, 정익사, 2012) Playing with C(처음 만나는 C프로그래밍)(개정판), 우균, 교보문고, 2013 C 프로그래밍: 새내기를 위한 첫 C언어 책,  강동진, 하숙정, 임수연, 송무희, 박보석,  한빛미디어(주),  2012",출석 10% 숙제 20% 중간고사 35% 기말고사 35%,True,False
31411,유닉스기초,2,1학기,3.0,전공선택,유닉스 시스템의 기본 구조 이해 유닉스 쉘 환경과 오픈소스 소프트웨어 개발 환경에서 프로그램 개발 경험 유용한 응용 프로그램을 개발하면서 문제 해결을 위한 프로그램 개발 능력 배양,강의 노트,,"유닉스 시스템의 기초 (안광수 지음, 정익사, 2012) The C Programming Language, Second Edition",C Programming,True,False
31412,유닉스기초,2,1학기,3.0,전공선택,"리눅스 시스템의 기본 구조를 이해하고 리눅스 쉘 환경과 오픈소스 소프트웨어 개발 환경에서 프로그램을 개발하기 위한 다양한 방법을 학습한다. 또한 학습한 내용을 바탕으로 일상생활 속에서 쉽게 접할 수 있는 유용한 응용 프로그램을 개발 함으로써, 문제 해결을 위한 프로그래밍 개발 능력을 배양하는 것을 목표로 한다.",강의노트,,"유닉스 시스템의 기초 (안광수 지음, 정익사, 2012) Playing with C(처음 만나는 C프로그래밍)(개정판), 우균, 교보문고, 2013 C 프로그래밍: 새내기를 위한 첫 C언어 책, 강동진, 하숙정, 임수연, 송무희, 박보석, 한빛미디어(주), 2012",C 프로그래밍,True,False
31413,유닉스기초,2,1학기,3.0,전공선택,"리눅스 시스템의 기본 구조를 이해하고 리눅스 쉘 환경과 오픈소스 소프트웨어 개발 환경에서 프로그램을 개발하기 위한 다양한 방법을 학습한다. 또한 학습한 내용을 바탕으로 일상생활 속에서 쉽게 접할 수 있는 유용한 응용 프로그램을 개발함으로써, 문제 해결을 위한 프로그래밍 개발 능력을 배양하는 것을 목표로 한다.",강의노트,,"유닉스 시스템의 기초 (안광수 지음, 정익사, 2012) Playing with C(처음 만나는 C프로그래밍)(개정판), 우균, 교보문고, 2013 C 프로그래밍: 새내기를 위한 첫 C언어 책, 강동진, 하숙정, 임수연, 송무희, 박보석, 한빛미디어(주), 2012",C 프로그래밍,True,False
31414,AI프로그래밍,2,2학기,3.0,전공선택,"AI 기반의 최적화, 추론, 학습 등에 사용되는 알고리즘의 이론을 공부하고, 이를 설계 및 구현할 수 있는 프로그래밍 능력 개발","David I. Schneider, An Introduction to Programming Using Python, Pearson, 2016",,,없음,True,True
31415,AI프로그래밍,2,2학기,3.0,전공선택,"AI 기반의 최적화, 추론, 학습 등에 사용되는 알고리즘들을 공부하고, 그를 바탕으로 이들을 설계, 구현할 수 있는 프로그래밍 능력 개발","David I. Schneider An Introduction to Programming Using Python, Pearson, 2016",,,컴퓨터및프로그래밍입문,True,True
31416,AI프로그래밍,2,2학기,3.0,전공선택,"AI 기반의 최적화, 추론, 학습 등에 사용되는 알고리즘들을 공부하고, 그를 바탕으로 이들을 설계, 구현할 수 있는 프로그래밍 능력 개발","David I. Schneider An Introduction to Programming Using Python, Pearson, 2016",,,,True,True
31417,공학연구실습(I),3,1학기,3.0,전공선택,이 강좌는 학부생들에게 하나 이상의 대학원 연구실 연구 인턴 프로그램을 이수하는 기회를 제공하여 공학연구와 대학원 에 대한 학부생의 이해를 증진시키는 것을 목적으로 한다.,,,,"수강 신청 요건 1. 5학기 이후 학생만 신청가능 2. 참여 희망 연구인턴 프로그램을 지정한 연구인턴 참여원서를 제출하여야 함. 참여원서는 정보컴퓨터공학부 홈페이지 ""규정및양식"" 게시판에서 구할 수 있음 3. 같은 학기에 ""공학연구실습(I)""과 ""공학연구실습(II)""를 동시에 수강하는 것은 허용하지 않음",True,False
31418,공학연구실습(I),3,2학기,3.0,전공선택,이 강좌는 학부생들에게 하나 이상의 대학원 연구실 연구 인턴 프로그램을 이수하는 기회를 제공하여 공학연구와 대학원 에 대한 학부생의 이해를 증진시키는 것을 목적으로 한다.,,,,"수강 신청 요건 1. 5학기 이후 학생만 신청가능 2. 참여 희망 연구인턴 프로그램을 지정한 연구인턴 참여원서를 제출하여야 함. 참여원서는 정보컴퓨터공학부 홈페이지 ""규정및양식"" 게시판에서 구할 수 있음 3. 같은 학기에 ""공학연구실습(I)""과 ""공학연구실습(II)""를 동시에 수강하는 것은 허용하지 않음",True,False
31419,멀티미디어처리,4,2학기,3.0,전공선택,멀티미디어 처리에 대한 기본 지식을 제공한다. 데이터의 압축과 저장 시스템을 다루고 멀티미디어 시스템의 설계와 구현 방법을 조사한다.,"Parag Havaldar and Gerard Medioni, Modern Multimedia Systems, Cengage Learning, 2010",,"최윤철, 임순범, IT융합 시대의 멀티미디어 배움터 2.0, 생능출판사, 2014",해당없음,True,False
31420,소프트웨어시스템설계,4,1학기,3.0,전공선택,"대규모 소프트웨어를 설계/구현하기 위하여 필요한 기본 개념과 이를 활용하는 기술을 습득한다. 특히 블랙박스/화이트박스 테스트, 설계 패턴, 리팩토링에 대해서 학습한다. 또한 오픈소스 프로젝트를 대상으로 교과에서 습득한 테스팅, 리팩토링 및 디자인패턴 기술을 적용한다.",,,,,True,False
31421,프로그래밍언어론,4,1학기,3.0,전공필수,"이 과정의 목표는 1) 프로그래밍 언어 패러다임의 비교: 명령형, 기능적, 논리 및 객체 지향, 2) 개념 기반, 구문, 의미론(예: 표시, 공리 및 연산) 및 구현, 3)다양한 언어 기능을 지원하는 데 필요한 구조에 대한 이해 및 구현 입니다","프로그래밍 언어론 제10판 Robert W. Sebesta (지은이),하상호,유원희 (옮긴이), 피어슨에듀케이션코리아",,,,True,True
31422,프로그래밍언어론,4,1학기,3.0,전공필수,"이 과정의 목표는 1) 프로그래밍 언어 패러다임의 비교: 명령형, 기능적, 논리 및 객체 지향, 2) 개념 기반, 구문, 의미론(예: 표시, 공리 및 연산) 및 구현, 3)다양한 언어 기능을 지원하는 데 필요한 구조에 대한 이해 및 구현 입니다","프로그래밍 언어론 제10판 Robert W. Sebesta (지은이),하상호,유원희 (옮긴이), 피어슨에듀케이션코리아",,,,True,True
31423,프로그래밍언어론,4,1학기,3.0,전공필수,"이 과정의 목표는 1) 프로그래밍 언어 패러다임의 비교: 명령형, 기능적, 논리 및 객체 지향, 2) 개념 기반, 구문, 의미론(예: 표시, 공리 및 연산) 및 구현, 3)다양한 언어 기능을 지원하는 데 필요한 구조에 대한 이해 및 구현 입니다","프로그래밍 언어론 제10판 Robert W. Sebesta (지은이),하상호,유원희 (옮긴이), 피어슨에듀케이션코리아",,,,True,True
31424,지능형시스템,4,2학기,3.0,전공선택,"수강자 여러분에게 신경회로망의 기본 이론을 이해시키는 것이 첫번쨰 목표입니다. 그리고 이 이론들을 어떻게 실세계의 응용 분야와 연관시키고, 프로그램을 개발할 수 있는지 방법을 배움 AI 분야의 심도 있는 연구를 위해 반드시 알아야 하는 내용들 입니다.","Michael Chester, Neural Networks : A Tutorial",,다른 많은 교재들,"특별한 선수과목은 없지만, 기본적인 수학지식이 있으면 이 과목에서 설명하는 수식을 이해하기가 쉬움 과제물을 하기 위해서는 프로그래밍 언어를 한가지 알고 있거나, MATLAB 같은 도구를 사용할 줄 알면 좋음.",True,False
31425,데이터마이닝,4,2학기,3.0,전공선택,"본 과목에서는 데이터마이닝을 위한 기본 알고리즘에 대해 배우며 배운 내용을 Tensorflow를 사용하여 구현함으로서 그 특성 및 응용 방법을 익힌다. 데이터마이닝을 위해 Linear Regression, SVM, KMeans 등 기본 머신러닝 알고리즘과 Deep Neural Network, CNN(Convolutional Neural Network), RNN(Recurrent Neural Network) 등, 딥 러닝 기법에 대해 배우며, 이를 Tensorflow를 활용하여 프로그래밍 및 실습을 수행한다.","Data Mining  Practical Machine Learning Tools and Techniques by Ian H. Witten, 3rd Edition  Machine Learning with Tensorflow by Nishant Shukla",,,,True,True
31426,정보보안,4,1학기,3.0,전공선택,To understand cryptographic primitives and their principles which are used in information technology,"Cryptography & Network Security, principles and practices (5th Ed), William Stallings, Pearson Education Inc. 2006",,"Handbook of Applied Cryptography, Alfred J. Menezes, et al. CRC Press",없음,True,True
31427,정보보안,4,1학기,3.0,전공선택,"정보보안에는 하드웨어에 대한 물리적 액세스 제어뿐 아니라 네트워크 액세스, 데이터, 코드 삽입 등을 통한 악성 활동으로부터의 보호가 포함됩니다. 이 수업에서 학생들은 컴퓨터 보안 기술과 관련한 이론을 학습하고 실습을 통해 동작 원리를 이해한다.","Principles and Practice (4/E), William Stallings, Pearson, 2018 (Global Edition)",,"Cryptography & Network Security: principles and practices (6th Ed), William Stallings, Pearson Education Inc. 2013.",o Programing language (C/C++) o Discrete mathematics o Data structure,True,True
31428,네트워크보안,4,2학기,3.0,전공선택,"유무선 컴퓨터 네트워킹 및 모바일 네트워킹을 바탕으로 한 네트워크 서비스의 진화 및 생활 패턴의 변화는 기존 고정된 형태로 물리적인 보호를 받으며 이용할 수 있었던 컴퓨터 사용 환경에서 나타나지 않던 새로운 보안 위협이 출현하고 있으며, 이에 따라 온라인의 보안 위협을 탐지하고 차단하기 위한 네트워크 보안의 중요성이 강조되고 있다. 이 과목을 통해 학생들은 컴퓨터 네트워크의 다양한 잠재적 보안 취약성과 이를 제거하고 안전한 네트워크를 구성하기 위한 보안 기술 및 그 설계 원리에 대하여 학습한다.","Network Security Essentials Applications and Standards (6th Edition), William Stallings, Pearson, 2017 혹은 Network Security Essentials Applications and Standards (5th Edition), William Stallings, Pearson, 2013 정보보안 개론과 실습 네트워크 해킹과 보안(개정판), 양대일, 한빛미디어",,"Cryptography and Network Security: Principles and Practice, (7th Edition), William Stallings, Pearson, 2016 Protocols for authentication and Key Establishment, Colin Boyd and Anish Mathuria, Springer, 2003",o 컴퓨터 네트워크,True,True
31429,사물인터넷,4,2학기,3.0,전공선택,"본 교과목은 사물인터넷 시스템 아키텍처를 이해하고 사물인터넷 시스템을 디자인할 수 있는 역량 배양을 목표로하며, 이를 위해 사물인터넷 시스템 아키텍처를 구성하는 각 계층별 요소기술 및 구현 기술을 학습한다.",없음 (PLATO를 통해 매주 강의자료를 배포함),,"참고자료가 있는 경우, 해당 강의 슬라이드(PPT) 하단에 별도 표기",파이썬 프로그래밍 (권장) 딥러닝/기계학습 기초,True,False
31430,머신러닝,4,1학기,3.0,전공선택,머신러닝에 사용되는 각종 기법의 원리를 이해하고 실제 문제에 이를 응용할 수 있는 능력을 배양한다.,"Data Mining: Practical Machine Learning Tools and Techniques, 4th Edition. Ian. H. Witten, Eibe Frank, Mark Hall, and Christopher Pal Morgan Kaufmann Publishers, Inc., 2016",,,,True,True
31431,머신러닝,4,1학기,3.0,전공선택,머신러닝에 사용되는 각종 기법의 원리를 이해하고 실제 문제에 이를 응용할 수 있는 능력을 배양한다.,"Data Mining: Practical Machine Learning Tools and Techniques, 4th Edition. Ian. H. Witten, Eibe Frank, Mark Hall, and Christopher Pal Morgan Kaufmann Publishers, Inc., 2016",,,,True,True
31432,컴퓨터비전개론,4,1학기,3.0,전공선택,"To learn basic concepts, theory of image processing To learn fundamental techniques for computer vision To learn applications of computer vision","Computer Vision: Algorithms and Applications (online), by Richard Szeliski.",,,프로그래밍 기본,True,True
31433,공학연구실습(II),4,2학기,3.0,전공선택,This course aims to learn skills and approaches for performing individual research projects independently,,,,,True,False
31434,공학연구실습(II),4,1학기,3.0,전공선택,이 강좌는 학부생이 하나의 대학원 연구실에 한 학기동한 연구인턴으로 참여하여 수준 높은 공학 연구를 수행하는 기회를 제공하는 것을 목표로 한다.,,,,"수강 신청 요건 o 졸업 학기에만 수강 가능  o 연구 인턴 활동을 지도할 지도 교수의 승인을 받은 연구계획서 제출. 연구계획서 양식은 정보컴퓨터공학부 홈페이지 ""규정및양식"" 게시판에서 구할 수 있음 o 같은 학기에 ""공학연구실습1""과 ""공학연구실습2""를 동시에 수강하는 것은 허용하지 않음",True,False
31444,공학선형대수학,1,1학기,3.0,전공기초,"본 강과를 성공적으로 마치면, 아래와 같은 사항을 할 수 있게하는 것이 본 강의의 목표이다.  1. 벡터와 행력 표현에 대한 기초적인 지식.  2. 선형 연립방정식의 해.  3. 행렬의 대학화.  4. 행렬을 대학행렬과 아이겐 벡터로 표현.  5. 선형 대수의 여러 기법을 공학문제 해결에 응용.","공학 선형대수학 (저자: 김상일, 김준교, 김현민, 윤지훈, 이동희, 이창익, 정일효, 천정  수, 허찬, 히라사카). (주)교문사 (2021). ISBN13: 9788936322212",,R Language (http://www.rproject.org) https://appliedstat.github.io/teaching/,,False,True
31446,산업공학프로그래밍,2,1학기,3.0,전공기초,학생들이 소프트웨어를 개발하는데 필요한 자료구조를 배움 산업공학문제해결에 필요한 자료구조와 알고리즘을 습득 산업공학 문제를 이해하고 이를 컴퓨터로 해결하는 능력을 배양,유인물,,,컴퓨터프로그래밍,False,True
31449,공학통계(I),2,1학기,3.0,전공기초,,,,,,False,True
31450,공학통계(II),2,2학기,3.0,전공기초,"The course is aimed at providing basic statistical methods for parameter estimation, sampling, linear regression and hypothesis testing.",,,,,False,True
31454,데이터마이닝,3,2학기,3.0,전공필수,학생들이 데이터 마이닝의 이론과 적용을 습득하는 것을 목표로 한다.,"Zaki, M. J., Meira Jr, W., & Meira, W. (2014). Data mining and analysis: fundamental concepts and algorithms. Cambridge University Press.",,,"프로그래밍 (파이썬 등), 선형대수, 확률과 통계",False,True
31462,인공지능응용,4,2학기,3.0,전공선택,기본적인 AI이론을 학습하고 실제 데이터를 활용하여 AI알고리즘을 구현할 수 있어야 한다.,"Nils J. Nilson, Artificial Intelligence: A New Synthesis",,,컴퓨터프로그래밍,False,True
31464,이산수학,1,2학기,3.0,전공기초,"This course studies the basic principles of both counting and searching techniques. The basic counting techques, generating function, recurrence relation will be studied. As a basis of Searching techniques, this course discusses a set of graph theory ideas and the related algorithms such Euler path and Euler cycle. Computer implementation is also an important part of the course as it consolidate the theoretical understanding of the topics.","K.H. Rosen, Discrete Mathematics and its Applications, 8 edition, McGraw Hill",,,없음,False,True
31468,데이터베이스,3,1학기,3.0,전공필수,데이터베이스 관리시스템을 사용할 줄 알고 공학문제에 응용 대용량 데이터를 다루는데 필요한 지식을 이해하고 예제를 통해서 데이터베이스 설계 실습 자기주도억으로 주제와 관련된 데이터베이스 시스템을 설계하고 구현 수행,"데이터베이스 개론 3판, 한빛미디어, 김연희 지음",,2021 이기적 SQL 개발자 이론서+기출문제 영진닷컴 데이터베이스설계 KOCW,,False,True
31471,전기전자공학개론,2,1학기,3.0,전공선택,"This subject teaches the basic knowledge of college physics and chemistry and the basic knowledge of the electronics used for the basic knowledge applying is learned. Also, the dominant conception of electronics is learned for basic knowledge on a foundation.","전기전자공학개론, 송재복 외 2인, 교보문",,,College physics,False,True
31473,확률과정론,3,2학기,3.0,전공선택,"Upon successful completion of this course, the student will be able to Derive/define and employ introductory elements of probability theory such as the law of total probability and independence. State the cumulative distribution function of common random variables and determine their mean, variation and moment generating function. Define conditional probability and compute probabilities and expectations using conditioning. State the definition of a Markov chain, classify their states and evaluate important properties. State, employ and derive properties of the exponential distribution and the Poisson process. Use and develop properties of continuoustime Markov chains models. Define and utilize elementary components of renewal theory. Analyze elementary and intermediate queues and queueing networks.","Introduction to probability model, 10/11th Ed, by Sheldon M. Ross",,"로스의 확률모형, 제 11판, 윤복식 백장현 최기석 옮김",Engineering Statistics I or equivalent,False,True
31475,종합설계프로젝트,4,1학기,3.0,전공필수,Modeling for the realworld cases Solving modeled problems based on the method from previous lectures Presentation Skills  Report,,,,,False,True
31476,통계적선형모형,3,1학기,3.0,전공선택,학생들이 선형회귀모형의 통계적 이론을 습득하는 것을 목표함,"Michael H. Kutner , Christopher J. Nachsheim , John Neter. (2017). 응용 선형회귀모형 (김철응 옮김). 자유아카데미.",,,확률 및 통계,False,True
31493,컴퓨터프로그래밍,1,1학기,2.0,전공기초,파이썬의 문법을 학습하고 프로그래밍의 동작 원리를 이해한다. 실생활 및 전공 분야에서 발생되는 여러가지 문제를 파이썬 프로그램을 사용하여 해결할 수 있다.,"혼자 공부하는 파이썬, 윤인성 저,한빛미디어, 2019년",,"파이썬을 활용한 기초컴퓨터프로그래밍,부산대학교 출판부,2017",,False,True
31494,컴퓨터프로그래밍,1,1학기,2.0,전공기초,파이썬의 문법을 학습하고 프로그래밍의 동작 원리를 이해한다. 실생활 및 전공 분야에서 발생되는 여러가지 문제를 파이썬 프로그램을 사용하여 해결할 수 있다.,"혼자 공부하는 파이썬, 윤인성 저,한빛미디어, 2019년",,"파이썬을 활용한 기초컴퓨터프로그래밍,부산대학교 출판부,2017",,False,True
31495,공학선형대수학,1,2학기,3.0,전공기초,"미적분학을 이수한 이공계열 학생을 대상으로 선형대수학의 기초적인 내용에 관한 정의와 성질들을 소개하고, 공학적인 응용에 관련된 예제와 문제를 다루어 학생들이 각 전공분야에서 필요하게 될 선형대수의 기본개념과 기초지식을 습득하여 선형대수학적인 여러 가지 문제들을 해결할 수 있는 능력을 갖도록 지도한다.","공학선형대수학(개정판),  저자 : 수학교재편찬위원회,  발간연도 : 2021년, 출판사 : 교문사",,"[1] Linear Algebra with Applications George Nakos and David Joyner 저Brooks/Cole 출판사 [2] Linear Algebra Schaum's Outline Series, Seymour Lipschutz 저, McGrawHill 출판사",,False,True
31545,공학선형대수학,1,2학기,3.0,전공기초,"미적분학을 이수한 이공계열 학생을 대상으로 선형대수학의 기초적인 내용에 관한 정의와 성질들을 소개하고, 공학적인 응용에 관련된 예제와 문제를 다루어 학생들이 각 전공분야에서 필요하게 될 선형대수의 기본개념과 기초지식을 습득하여 선형대수학적인 여러 가지 문제들을 해결할 수 있는 능력을 갖도록 지도한다.","교재 : 공학선형대수학, 저자 : 허찬 외 9명, 발간연도 : 2021년, 출판사 : 교문사",,"[1] Linear Algebra with Applications George Nakos and David Joyner 저Brooks/Cole 출판사 [2] Linear Algebra Schaum's Outline Series, Seymour Lipschutz 저, McGrawHill 출판사",미적분학,False,True
31554,공학통계학,1,1학기,3.0,전공기초,통계의 원리를 이해하고 환경정보 해석을 위한 수학적 능력을 강화한다. 학습자의 능력은 시험을 통해 평가된다.,,,,없음,False,True
31569,미세먼지제어공학,3,1학기,3.0,전공필수,대기오염저감장치 중 미세먼지 제어장치의 원리를 이해하고 설계한다.,"C. D. Cooper, F. C. Alley 저/ 김동술 역/ 대기오염제어 설계공학/ 동화기술/ 2012",,"대기오염개론; 일반물리학; 미적분학; Aerosol Technology, Hinds, Wiley","대기오염개론, 일반물리학, 미적분학",False,True
31575,환경데이터프로그래밍,2,2학기,3.0,전공선택,"환경 빅데이터 프로그래밍은 환경분야에서 활용되는 Open Source 빅데이터를 활용해 환경 변수를 산정, 예측, 분류하는 딥러닝 프로젝트를 설계하는 과목이다.","핸즈온 머신러닝 2판, 오렐리앙 제롱",,,없음,False,True
31580,환경창의프로젝트,4,1학기,2.0,전공필수,"환경공학 관련 이론과 실험 및 실습을 토대로 창의적이고 주도적인 연구를 수행할 수 있도록하고, 종합 설계능력을 배양 하도록 지도하는 것이 목적이다. 학생들은 교육과정에서 배운 내용을 바탕으로 졸업논문을 기획, 설계하고 지도교수의 지도하에 최종 졸업논문을 작성한다.",,,,,False,True
31585,전자기학(II),2,2학기,3.0,전공필수,"자기장의 물리적특성을 이해하고 이와 관련된 수학및 공학적기초를 배양한다. 시변전자계의 특성과 상호관계를 이해한다. 평면파의 수학적 해를 도출한다. 표현력, 커뮤니케이션 및 논리의 일반화에 대한 기술습득을 강조한다. 이를 통해 체계적이고 논리적인 사고력을 증대시키고 이를 다른 분야에 적용할 수 있도록 한다.","Engineering Electromagnetics, Hayt & Buck, 8th edition, McGraw Hill",,"1. Field and wave electromagnetics, David K. Cheng, 2nd edition, Addison Wesley 2. Elements of Electromagnetics, Sadiku, 2nd edition, Saunders College Publishing",,False,True
31586,전자기학(I),2,1학기,3.0,전공필수,정전계와 정자계에 관한 기본 이론 및 응용분야에 대한 깊이 있는 지식을 습득한다.,Engineering Electromagnetics (Hyat),,Fundamentals of Engineering Electromagnetics (D.K.Cheng),"미적분학, 일반물리",False,True
31594,전기회로(I),2,1학기,3.0,전공필수,"이 과목에서 우리는 기본적인 회로 해석 방법 및 관련 이론들을 배운다. 마디전압법, 망전류법, 오피 앰프, 1계 및 2계 선형동차 회로들을 이해하고 해석할 수 있는 능력을 갖추도록 한다.",Fundamentals of Electric Circuits (Alxander & Sadiku) MacGrew Hill Book,,다양한 회로이론 서적들 (인터넷 자료 포함),,False,True
31595,전기회로(II),2,2학기,3.0,전공필수,교류회로의 기초가 되는 단상 및 삼상회로 등에 대하여 현상을 이해하고 연습문제를 풀 수 있도록 한다.,"Fundamentals of Electric Circuits, by Alexander and Sadiku",,,전기회로(I),False,True
31608,공학선형대수학,1,2학기,3.0,전공기초,"미적분학을 이수한 이공계열 학생을 대상으로 선형대수학의 기초적인 내용에 관한 정의와 성질들을 소개하고, 공학적인 응용에 관련된 예제와 문제를 다루어 학생들이 각 전공분야에서 필요하게 될 선형대수의 기본개념과 기초지식을 습득하여 선형대수학적인 여러 가지 문제들을 해결할 수 있는 능력을 갖도록 지도한다.","교재 :  공학선형대수학(개정판),  저자 : 수학교재편찬위원회,  발간연도 : 2021년, 출판사 : 교문사",,"[1] Linear Algebra with Applications George Nakos and David Joyner 저Brooks/Cole 출판사 [2] Linear Algebra Schaum's Outline Series, Seymour Lipschutz 저, McGrawHill 출판사",미적분학,False,True
31624,공정제어(I),3,2학기,3.0,전공필수,Understanding of basic principles for chemical plant control. Understanding of chemical process modeling and analysis of system dynamics. Design of feedback control systems using PID controllers for chemical plants.,Process Dynamics and Control 4th edition. Dale E. Seborg. Wiley,,Process Systems Analysis and Control 3rd edition. Donald. R. coughanowr. McGrawhill,"공학선형대수학, 화공미분방정식",False,True
31626,공정제어(II),4,1학기,3.0,전공선택,"본 강좌는 화학공학을 전공하는 학생들이 화학공장의 공정제어에 관한 기본적인 이론 및 PIDcontrol에 대한 이해를 바탕으로 하여, 고전적인 제어수법 뿐만아니라 최근의 컴퓨터를 사용한 현대 제어 기법에 관하여 학습하는데 그 목적이 있다.","Donald.R.coughanowr, Process systems analysis and control,McGrawhill(2009)",,"1.  George stephanopoulos, Chemical process control, PrenticeHall(1984)   2   D.E.Seborg, ""Process Dynamics and Control."", 2nd Ed. John Wiley(2004)   3 Willian L.Luyben, Process modeling Simulation and Control for chemical  engineers, McGrawhill(1990)   4  F.G.Shinsky, Process Control Systems, McGrawhill(1988)   5  Carlos A.Smith, Automatic process control ,Jhon wiley & sons(1985)   6  Thomas Miller,""neural networks for control"",MITpress(1990)",공정제어 (I),False,True
31654,공학선형대수학,1,2학기,3.0,전공기초,"미적분학을 이수한 이공계열 학생을 대상으로 선형대수학의 기초적인 내용에 관한 정의와 성질들을 소개하고, 공학적인 응용에 관련된 예제와 문제를 다루어 학생들이 각 전공분야에서 필요하게 될 선형대수의 기본개념과 기초지식을 습득하여 선형대수학적인 여러 가지 문제들을 해결할 수 있는 능력을 갖도록 지도한다.","교재 : 공학선형대수학, 저자 : 허찬 외 9명, 발간연도 : 2021년, 출판사 : 교문사",,"[1] Linear Algebra with Applications George Nakos and David Joyner 저Brooks/Cole 출판사 [2] Linear Algebra Schaum's Outline Series, Seymour Lipschutz 저, McGrawHill 출판사",미적분학,False,True
31663,공학통계학,1,1학기,3.0,전공기초,통계의 원리를 이해하고 환경정보 해석을 위한 수학적 능력을 강화한다. 학습자의 능력은 시험을 통해 평가된다.,,,,없음,False,True
31678,미세먼지제어공학,3,1학기,3.0,전공필수,대기오염저감장치 중 미세먼지 제어장치의 원리를 이해하고 설계한다.,"C. D. Cooper, F. C. Alley 저/ 김동술 역/ 대기오염제어 설계공학/ 동화기술/ 2012",,"대기오염개론; 일반물리학; 미적분학; Aerosol Technology, Hinds, Wiley","대기오염개론, 일반물리학, 미적분학",False,True
31684,환경데이터프로그래밍,2,2학기,3.0,전공선택,"환경 빅데이터 프로그래밍은 환경분야에서 활용되는 Open Source 빅데이터를 활용해 환경 변수를 산정, 예측, 분류하는 딥러닝 프로젝트를 설계하는 과목이다.","핸즈온 머신러닝 2판, 오렐리앙 제롱",,,없음,False,True
31689,환경창의프로젝트,4,1학기,2.0,전공필수,"환경공학 관련 이론과 실험 및 실습을 토대로 창의적이고 주도적인 연구를 수행할 수 있도록하고, 종합 설계능력을 배양 하도록 지도하는 것이 목적이다. 학생들은 교육과정에서 배운 내용을 바탕으로 졸업논문을 기획, 설계하고 지도교수의 지도하에 최종 졸업논문을 작성한다.",,,,,False,True
31694,공학확률과통계,2,2학기,3.0,전공기초,"통계학의 기초개념을 이론과 응용을 중심으로 학습하여, 향후 학생 전공의 연구를 진행함에 있어 연구주제에 맞는 통계학 적 방법론 선정부터 통계분석 결과 해석 및 함의 도출까지에 도움이 되도록 한다.","이재원, 이욱기, 공학인증을 위한 확률과 통계(제4판), 북스힐, 2019.",,"김진경 외 5인 공저, 통계학: 파이썬을 이용한 분석, 자유아카데미, 2018. 김동희 외 8인 공저, R을 활용한 통계학(이론과 응용), 자유아카데미, 2015.",,False,True
31697,컴퓨터프로그래밍,1,2학기,3.0,전공기초,"This class aims to cultivate students' programming ability and learn problemsolving ability with computer. In this lecture, students will learn basic program command and the method of making simple algorithm.",,,"유태훈 옮김, 문제해결 중심의 공학도를 위한 매트랩",,False,True
31698,컴퓨터프로그래밍,1,2학기,3.0,전공기초,"This class aims to cultivate students' programming ability and learn problemsolving ability with computer. In this lecture, students will learn basic program command and the method of making simple algorithm.",,,"유태훈 옮김, 문제해결 중심의 공학도를 위한 매트랩",,False,True
31755,건축프로그래밍,2,1학기,3.0,전공필수,"건축설계에 필요한 다양한 협력분야 인지, 물리적 환경과 인간행동 상호관계의 이해, 다양한 정보의 수짐과 분석을 통한 종합적인 프로그래밍 능력을 배양한다. 설계에 필요한 자료 수집과 분석을 통한 건축 프로그램을 구성할 수 있는 능력을 지원하기 위한 과정이다.  이 과정에는 다양한 자료수집과 분석, 시설물별 기능과 건축계획각론적인 지식의 습득, 기초적인 물리적 환경과 인간 행동 상호관계의 이해, 건축을 위한 다양한 전문분야에 대한 이해와 협력, 기획에서 설계 프로세스의 작성, 다양한 정보와 수집에 대한 이해, 종합적인 프로그램 구성 능력을 갖추기 위한 과정을 포함한다.","안영배 외 4인, 『건축계획론』, 2002, 기문당",,"Henry Sanoff, 『Method of Architectural Programming, 건축계획방법론』, 윤장섭역, 1997, 태림문화사 김철주, 『단지계획, 주거환경계획의 이론과 기법』, 1996, 기문당 김진원 외 2인,『건축계획 설계론』, 2004, 도서출판 서우 Edi. by Cherry, FAIA저, 건축설계 프로그래밍, 기문당, 2009",,False,True
31840,컴퓨터프로그래밍,1,2학기,3.0,전공기초,,,,,,False,True
31841,컴퓨터프로그래밍,1,2학기,3.0,전공기초,,,,,,False,True
31846,수치해석,3,1학기,3.0,전공선택,,,,,,False,True
31860,공학선형대수학,2,1학기,3.0,전공선택,,,,,,False,True
31861,공학선형대수학,2,1학기,3.0,전공선택,,,,,,False,True
31903,공학확률과통계,3,1학기,3.0,전공선택,이 과목은 통계의 기본 개념의 이론과 응용에 초점을 맞춘다. 향후 학생들의 전공에 대한 연구를 수행함에 있어 연구주제에 적합한 통계적 방법론을 선정하는 것부터 통계분석 결과를 해석하고 시사하는 바를 도출하는데 도움이 될 것이다.,공학확률통계(제2판)구미서관(Ang and Tang/Wiley),,,,False,True
31911,도시계획을위한기초통계학,1,2학기,3.0,전공기초,"본 과목은 도시계획에 입문하는 학생들을 위한 과목으로, 향후 도시계획 및 관련분야의 실무와 학술연구수행에 필요한 기초적인 지식 함양을 목표로 함.","도시계획을 위한 조사분석 (강양석 지음, 보성각 출판)",,강사 제공 자료,선수과목은 없으며 확률과 통계에 대한 기초적인 지식,False,True
31913,컴퓨터프로그래밍,1,2학기,3.0,전공기초,1. 컴퓨터 프로그램의 기본적인 용어와 원칙에 대한 지식 배우기  2. 파이썬 언어를 이용하여 프로그램을 작성하는 방법 배우기  3. 파이썬 언어의 특징 배우기,To Be Determined (TBD),,,,False,True
31930,교통계획,2,2학기,3.0,전공필수,"교통계획을 위한 교통측정 및 조사, 교통현상의 분석, 교통계획의 평가방법을 이해시킴 교통계획과 교통현상의 기본원리를 구명하고 교통시스템 분야에 종합적으로 적용시키는 능력을 배양함 교통의 문제점을 정확히 파악하고 이를 해결하기 위한 기초를 다지는데 목적을 둠","교통공학원론(상), 도철웅 저 도시교통론, 원제무 저",,,,False,True
37437,로봇인공지능만들기,전학년,1학기,3.0,전선,"자율주행자동차, 드론, 휴머노이드와 같은 스스로 인지 판단하여 움직이는 자율로봇들이 일상생활에 보급 등장하기 시작했다. 이들 로봇의 등장으로 사고가 나지 않거나 운전면허가 필요 없는 자동차나 사람이 진입이 어려운 핵발전소나 지진 재난 현장에 구조 및 극한 작업을 하는 등 기존에 상상할 수 없었던 분야로 빠르게 응용되고 있다. 더욱이 빅데이터, 기계학습, 인공지능 기술과 결합하며 갈수록 인간스러운 로봇으로 발전하기 시작했고 실제로 여러 분야의 인간 노동력을 대체하기 시작했다. 이들 기술은 이미 데이터화 된 정보를 요약, 추상화 하는 감각기와 두뇌 지능을 넘어, 현재 환경에서 벌어지고 있는 상황 인지와 이에 따르는 움직임을 만들어 내는 근육을 포함하고 있어 복잡도가 매우 높고 관련된 기술이 많은 종합 예술이라 할 수 있다. 수강생들은 본 수업을 통해 자율지능로봇의 구성요소와 최신 기술 동향을 소개받고 내제 동작원리를 이해하는 것을 목표로 한다.",,,,,False,True
37439,IoT·인공지능·빅데이터 개론 및 실습,전학년,2학기,3.0,전선,,,,,,False,True
37440,IoT·인공지능·빅데이터 개론 및 실습,전학년,1학기,3.0,전선,4차산업혁명의 핵심인 IoT 인공지능 빅데이터 기술의 이해IoT 인공지능 빅데이터 분야 핵심 방법론 습득실습을 통한 Handson 경험 함양 및 관련 프로그래밍 기술 체득IoT 인공지능 빅데이터 연구 및 산업화 관련 선수 지식 함양,,,,,False,True
37442,머신러닝을 위한 기초 수학 및 프로그래밍 실습,전학년,1학기,3.0,전선,"머신러닝과 인공지능 분야가 보여주고 있는 놀라운 발전의 근간에는 자연 현상을 수학 문제로 기술한 뒤 수많은 현대 수학의 도구를 이용해서 풀어낸 수학의 틀이 존재한다. 따라서 이같은 수학의 핵심 원리를 모른 채 이미 라이브러리화된 것을 단순하게 사용하여 학습하는 것으로는 한계에 봉착할 수 있다. 본 강의의 목적은 수강생이 머신러닝을 이해하는데 있어 필요한 수학을 프로그래밍과 연계하여 학습하는데 있다. 이를 위해 본 강의는, 수학의 단위 주제 강의 후 즉시 프로그래밍 실습을 통해 익히는 마이크로러닝 방식으로 운영한다. 머신러닝 알고리즘을 직접 다루지 않으나, 대수학, 미적분학, 선형대수, 기하학과 같이 머신러닝 학습 및 강좌에 필수적으로 요구되는 내용을 다루며, 수업에서 사용하는 프로그래밍 언어는 파이썬이다. 본 강의는 이공계 고교 수학 이상의 지식을 갖추고 있으나 프로그래밍 지식을 갖추고 있지 않은 학생을 주 대상으로 한다.",,,,,False,True
37443,사이버 보안과 블록체인 개론 및 실습,전학년,2학기,3.0,전선,/,/,,,,False,True
37490,건설환경통계학,전학년,2학기,3.0,전필,<<Catalog Description>>Identification and modeling of nondeterministic problems in civil and environmental engineering design and decision making. Development of stochastic concepts and simulation models and their relevance to real design and decision problems in various areas of civil and environmental engineering.<<Course Objectives>>The students can describe/use the concepts and methods of probability and statistics that are crucial for solving civil and environmental engineering problems. The students are introduced to a variety of CEE problems through statistical/probabilistic analysis.,Probability Concepts in Engineering: Emphasis on Applications to Civil and Environmental Engineering,,,,False,True
37491,교통계획 및 실험,전학년,1학기,3.0,전선,"본 강의는 도로, 철도, 공항, 항만 등 우리의 삶과 밀접한 관련을 맺고 있는 교통시설의 기본적인 특성과 계획 및 설계에 관한 이론을 다루며, 주요 내용은 다음과 같습니다.  교통시스템의 정의, 개념 및 구성요소 교통경제학 교통수요 예측 기법 경제적, 재무적 타당성 TSM, TDM, 교통분야 최근 이슈",,,,교통공학 및 실험(457.208),False,True
37529,비행체 제어원리,전학년,1학기,3.0,전필,"본 교과목은 항공우주시스템을 해석하고 제어시스템을 설계하기 위한 기본적인 제어원리를 제공한다. 선형시스템을 해석하기 위한 기본원리로 전달함수를 이용한 선형계의 응답특성을 다룬다. 안정성이론으로 RouthHurwitz criterion, Root Locus 해석법, Bode 선도 및 Nyquist plot과 같은 주파수 해석을 다루고 이를 이용한 제어기 설계에 관한 기본사항을 다룬다. 시간영역에서 해석하는 상태공간 해석법을 다루게 되며, 이상과 같은 일반 선형계에 대한 제어이론을 항공기 및 인공위성에 적용, 안정성 해석 및 제어기 설계기법을 학습한다.",Feedback Control of Dynamic Systems,,,"공학수학 1, 2",False,True
37535,비행동역학및제어,전학년,2학기,3.0,전선,"비행동역학 및 제어에 대한 기본 이론에 대하여 학습함으로써 항공기의 동특성을 해석할 수 있는 능력을 확보하고, 이를 바탕으로 비행제어시스템을 설계할 수 있는 능력을 기르는 것을 목표로 한다.",Flight Stability and Automatic Control,,,"공학수학 1, 공학수학 2, 동역학, 비행체제어원리",False,True
37543,항공우주 센서시스템,전학년,2학기,3.0,전선,항공우주센서를 중심으로 하는 센서의 동작원리와 인터페이스에 대한 기본 이론을 학습하고 실험과 프로젝트를 통하여 직접 체험하게 함으로써 다양한 센서를 다양한 시스템에 효율적으로 적용할 수 있는 창의적 설계능력을 기르는 것을 목표로 한다.,,,,,False,True
37557,신호처리,전학년,1학기,3.0,전선,조선해양공학 실험과 각종 해양음향정보 처리에 사용되는 디지털 신호에 대한 기초적인 이론 을 공부하여 이를 바탕으로 실험데이터의 컴퓨터 신호처리와 수중음향신호처리의 실제적인 응용을 다룬다. 추가적으로 본 수업은 MATLAB을 사용한 숙제를 함으로서 MATLAB을 실습하고 익히는 기회로 삼는다. 본 강좌는 조선해양공학과 학생이 아니어도 수강이 가능하다.,"Digital Signal Processing Using MATLAB (A problem solving companion), 4th edition",Neso Academy: (Introduction to) Signals and Systems,,,False,True
37575,조선해양프로젝트,전학년,2학기,3.0,전필,"본 교과목은 학부 전공 교과목에서 학습한 이론들을 종합적으로 활용해 선박 및 해양구조물의 기본 설계를 직접 해 보는 프로젝트 교과목으로서 이론과 실습으로 구성되어 있다. 먼저, 선박 및 해양구조물의 기본 설계를 위한 유체, 구조, 해양 (공정) 및 설계 관련 핵심 이론들을 요약하여 강의하고, 주어진 요구 조건에 대해 학생들은 팀을 이루어 설계 프로젝트를 수행한다. 최종 결과물은 주어진 조건을 만족하는 설계안과 그에 대한 해석 결과를  포함한 발표자료와 보고서를 제출하는 것입니다. 본 강의를 통해 학생들은 선박 및 해양구조물을 직접 설계해 보는 능력을 갖추게 되며 이와 동시에 팀 프로젝트 수행을 통한 협업 방법을 익히도록 한다.",,,,,False,True
37576,조선해양기계학습,전학년,2학기,3.0,전선,"본 강의에서는 통계적 추론에 기반한 기계학습의 기초에 대하여 학습하고 조선해양공학의 응용문제에 대한 프로젝트를 수행한다. 기계학습에 관련된 확률, 선형대수, 최적화의 기초에 대하여 학습한다. 확률에 기반한 최우추정법에 대하여 학습한다. 비지도 학습 분류 방법 및 선형 회귀법에 대하여 학습한다. Hidden Markov 모델과 Bayesian Inference의 개념, 이론 및 알고리즘에 대한 개요를 학습한다. Neural Network에 기반한 학습모델로 이미지 인식을 위한 Convolutional Neural Network, 음성과 같은 time series 데이터의 학습을 위한 Recurrent Neural Network의 개요에 대하여 학습한다. 그리고 보상에 따라 학습하는 Reinforcement Learning에 대하여 익힌다. 마지막으로 조선해양공학 응용의 기계학습 프로젝트를 수행하도록 한다.",단단한 머신러닝,나의 첫 머신러닝/딥러닝 (개정판),,"선형대수, 컴퓨터프로그래밍(파이썬, C++)",False,True
37605,로봇공학입문,전학년,1학기,3.0,전선,,,,,,False,True
37649,기계시스템 모델링 및 제어,전학년,1학기,3.0,전필,,,,,,False,True
37657,창의공학설계,전학년,2학기,3.0,전선,,,,,,True,False
37658,창의공학설계,전학년,2학기,3.0,전선,,,,,,True,False
37659,전기.정보공학개론,전학년,1학기,3.0,전선,"전기정보공학 분야의 전반적인 이해를 돕고자 하는 과목으로서 가장 기본적인 전기회로, 전자회로, 컴퓨터회로의 원리와 분석에 대한 기초를 학습하고, 반도체, 통신, 멀티미디어 등 정보기술(IT) 전반에 관한 최근 동향을 소개한다. 아래에 소개한 교재를 중심으로 하되, 공학의 다른 분야에서도 응용이 될 만한 내용들을 발췌하여 수업을 진행하며 IT의 여러 분야 소개에는 별도의 자료를 활용한다.* 이 과목은 회로분석 내용을 일부 포함하고 있지만, 전체적으로는 회로 외에 전기정보공학의 전반적인 내용을 소개하는 과목입니다. 상세한 회로분석의 이론을 공부하고 실험을 하기 위해서는 전기정보공학부의 전공 과정에 있는 회로이론 관련 과목들을 수강하시기 바랍니다.","Electrical engineering principles and applications,  6th Ed. ,",,,,True,True
37660,전기.정보공학개론,전학년,2학기,3.0,전선,"전기정보공학 분야의 전반적인 이해를 돕고자 하는 과목으로서 가장 기본적인 전기회로, 전자회로, 컴퓨터회로의 원리와 분석에 대한 기초를 학습하고, 반도체, 통신, 멀티미디어 등 정보기술(IT) 전반에 관한 최근 동향을 소개한다. 아래에 소개한 교재를 중심으로 하되, 공학의 다른 분야에서도 응용이 될 만한 내용들을 발췌하여 수업을 진행하며 IT의 여러 분야 소개에는 별도의 자료를 활용한다.* 이 과목은 회로분석 내용을 일부 포함하고 있지만, 전체적으로는 회로 외에 전기정보공학의 전반적인 내용을 소개하는 과목입니다. 상세한 회로분석의 이론을 공부하고 실험을 하기 위해서는 전기정보공학부의 전공 과정에 있는 회로이론 관련 과목들을 수강하시기 바랍니다.","Electrical engineering principles and applications,  6th Ed. ,",,,,True,True
37661,공학지식의 실무응용,전학년,1학기,3.0,전선,,,,,,True,False
37662,공학지식의 실무응용,전학년,2학기,3.0,전선,,,,,,True,False
37663,공학연구의 실습 1,전학년,2학기,1.0,전선,,,,,,True,False
37664,공학연구의 실습 1,전학년,1학기,1.0,전선,,,,,,True,False
37665,논리설계 및 실험,전학년,2학기,4.0,전필,"이 강좌에서는 디지털 시스템 설계의 기본이 되는 논리설계의 기본개념을 학습하고 실제로 기본 회로의 설계, 제작, 실험과 프로젝트 수행을 통하여 논리회로에 대한 개념을 확고히 함을 목적으로 한다. 기본 논리 회로 소자(inverter, NAND, NOR gate 등) 및 이를 사용하여 조합(combinational) 논리 회로를 구성하고 최적화하는 방법을 다룬다. Number system의 기본 원리를 설명하고, 이를 바탕으로 adder, multiplier 등 연산회로를 구현한다. 순차적 (sequential) 논리회로 구현을 위한 기본 기억소자, flipflop 등의 동작원리를 소개하고, PLA, FPGA, 그리고 synchronous design methodology, counter 등을 다룬다. 이를 바탕으로 finite state machine 설계 방법을 설명하고, 다양한 응용 예를 소개한다.",,,,,True,False
37666,논리설계 및 실험,전학년,2학기,4.0,전필,"Boolean 대수, 논리 회로 최적화 등을 포함한 논리 회로 설계의 기초를 배운다. 이를 통해 combinational logic 및 sequential logic 의 차이와 설계 방법에 대해 이해하고 실제 설계 능력을 쌓는다.","Digital Design A System Approach,",,,,True,False
37667,기초전자기학 및 연습,전학년,2학기,4.0,전필,"정전자장 (Static ElecroMagnetic field)의 기본을 학습하고, 전자장 2에서 다루게 될 electromagnetic wave, waveguide, Antenna등을 학습하기 위한 기초지식을 배운다. 전자장을 이해하기 위하여 필요한 기초적인 vector analysis와 특수함수들을 학습하게 되며, 이의 해석을 위한 numerical tool, 그리고 Potential, E&M Force, Ohm의 법칙 등을 학습하고 기본적인 Maxwell 파동방정식의 유도까지 이해하도록 한다.",Field and Wave Electromagnetics,Introduction to Electrodynamics,,,True,True
37668,기초전자기학 및 연습,전학년,2학기,4.0,전필,"전자장은 전기전자공학의 근간이 되는 전기 및 자기현상을 수식을 통하여 설명하는 중요한 기초 과목으로, 공간상의 전하분포가 만들어내는 현상인 전기장과 전류가 흐를 때에 그 주위에 형성되는 자기장에 대한 특성을 파악하고 이해함으로써 향후 습득할 응용학문에 기초를 마련할 수 있는 수업을 제공하고자 한다. 특히 본 과목에서는 정전기 및 정자기 현상에 관한 내용만을 다룬다.",Field and Wave Electromagnetics,,,,True,True
37669,기초전자기학 및 연습,전학년,2학기,4.0,전필,"전기장과 자기장의 현상/원리/응용을 이해하기 위한 미적분 벡터 해석법을 시작으로 정전기장의 지배방정식과 Coulomb's Law, Gauss's Law, Electric Potential의 관계, Electric Flux Density, Polarization, Capacitance 의 물리적 의미와 문제해법을 배운다. 경계조건이 주어진 경우, 정전기장을 구하는 다양한 방법과 전류, 기전력, 저항의 개념을 익힌다. 또한 정자기장의 지배방정식과 Vector Magnetic Potential, BiotSavart Law의 관계, Magnetic Field Intensity, Magnetization, Inductance의 물리적 의미와 해법을 학습하고 Faraday's Law를 바탕으로 시변 전자기장 관계식을 이해한다.",Field and Wave Electromagnetics,Fundamentals of Applied Electromagnetics,,,True,True
37670,전자기학,전학년,1학기,3.0,전선,,,,,,True,True
37671,전자기학,전학년,1학기,3.0,전선,,,,,,True,True
37672,기초전자회로 및 실험,전학년,1학기,4.0,전필,"집적회로에서 쓰이는 다이오드, 바이폴라 트랜지스터, MOS 트랜지스터 등의 소자 특성에 대해 공부하고,  기본적인 증폭기, 연산증폭기 회로, 디지털 CMOS 회로의 분석과 설계 방법에 대해 공부한다.",Microelectronics,,,,True,True
37673,기초전자회로 및 실험,전학년,1학기,4.0,전필,"본 강좌는 반도체소자와 그를 사용한 전자회로를 소개한다. 전반부에서는 반도체 물리의 기초를 다루고, 그를 이용해 PN접합 다이오드, 바이폴라접합 트랜지스터, MOSFET 트랜지스터 소자의 동작원리를 이해한다. 후반부에서는 이들 소자를 이용해 아날로그와 디지털 분야의 다양한 회로를 구성하는데 모델과 추상화(abstraction)가 어떻게 활용되는지를 다룬다. 즉, 아날로그 회로는 선형시스템모델에 기반한 소신호 분석법을, 디지털회로는 Boolean 모델에 기반한 CMOS 논리게이트 설계방법을 배운다.",,,,기초회로이론,True,True
37674,기초전자회로 및 실험,전학년,1학기,4.0,전필,"본 강좌는 반도체 소자와 이를 이용한 전자 회로 설계의 기본적인 지식을 소개하는 데에 목적이 있다. 본 강좌의 전반부는 diode, bipolar junction transistor, MOSFET과 같은 반도체 소자에 대한 물리적, 회로적 모델을 다룰 예정이다. 아울러 본 강좌의 후반부는 물리적, 회로적 모델이 아날로그 증폭기 혹은 디지털 논리 게이트와 같은 다양한 회로에 적용이 가능한지를 다루고자 한다.",Fundamentals of Microelectronics,,,,True,True
37675,프로그래밍방법론,전학년,1학기,4.0,전필,"본 수업에서는 C ++ 언어를 기반으로 하여 객체 지향 프로그래밍 기법을 공부한다. C ++ 함수, 포 인터, 배열, 클래스, 객체, 함수 및 연산자 오버로딩, 상속, polymorphism, 가상 함수, 템플릿을 다룬다. 실습 세션에서는 VS Code, git, C ++ 표준 템플릿 라이브러리(STL), C++ 프로그래밍을 체험한다. 특별한 상황 변화가 있지 않는 한 대면 수업으로 진행되며, 강의는 한국어로 진행됨. > (업데이트) 오미크론 변의의 확산세가 심각하여, 개강 시 비대면으로 수업 진행하는 것으로 변경됨. 향후 업데이트는 eTL을 통해 공지할 예정임. 자세한 강의계획은 첨부한 강의계획서 파일 참조.",,,,,True,True
37676,프로그래밍방법론,전학년,2학기,4.0,전필,"ObjectOriented Programming의 개념을 익히고, C++ 언어를 학습하며, 이를 통해 중대형 프로그램을 작성하는 능력을 기른다. 그 외에도 C와 JAVA의 개괄, 디버깅, 소프트웨어의 성능 측정 및 향상법 등 전문 프로그래머로서 필요한 것들을 학습한다.",C++ Primer,,,,True,True
37677,프로그래밍방법론,전학년,1학기,4.0,전필,,,,,,True,True
37678,프로그래밍방법론,전학년,1학기,4.0,전필,"대표적인 개발 언어인 C++를 학습한다.  C++의 주요 특징인 ObjectOriented Programming의 개념을 익히고, debugging, version control system, script language 등을 추가로 활용하여 프로그래밍 실습을 진행한다.",,,,,True,True
37679,기초회로이론 및 실험,전학년,1학기,4.0,전필,,,,,,True,True
37680,기초회로이론 및 실험,전학년,1학기,4.0,전필,,,,,,True,True
37681,기초회로이론 및 실험,전학년,1학기,4.0,전필,,,,,,True,True
37682,기초회로이론 및 실험,전학년,1학기,4.0,전필,"기초회로이론 및 실험 교과목은 전기 전자 공학에서 가장 중요하며 기본이 되는 전기 회로를 해석하는 이론과 이에 관련된 실험을 제공한다. 이 교과목에서는 저항, 인덕터, 캐패시터 등의 선형회로소자와 연산증폭기(Op Amp)의 선형구간을 이용하여 구성한 선형 전기회로를 해석한다. 키르히호프의 전류 법칙과 전압 법칙을 이용하여 선형회로소자와 연산증폭기(Op Amp)로 구성된 회로를 해석한다. 테브낭(The'venin)정리와 노튼(Norton)정리를 이용하여 등가회로 개념을 도입하고 최대 전력이 전달되는 회로에 대하여 학습한다. 저항인덕터 회로(RL회로), 저항캐패시터 회로(RC회로), 저항인덕터캐패시터 회로(RLC회로)의 해석을 통하여 시간 영역에서의 과도현상과 에너지의 저장 및 방출에 대하여 학습한다. 실험으로는 간단한 전기전자 회로실험 장치의 원리 및 조작에 대하여 학습한 후, 각 회로소자의 전압, 전류 측정 방법을 익힌다. 각 교과 내용에 관련된 회로를 설계하고 이를 측정하고 설계 및 해석한 값과 비교 및 검토한다. 또한, 교과 내용에 관련된 응용 지향성 회로를 설계하고 제작하는 실험 프로젝트를 수행하여 설계 및 실무 능력을 배양한다.",Introduction to Electric Circuits,,,,True,True
37683,전기시스템선형대수,전학년,2학기,3.0,전선,"이 과목에서는 학생들에게 선형 대수학의 기본적인 이론적 개념뿐만 아니라 증명과정을 통하여 원리를 이해하도록 강의한다. 선형 대수학의 개념 및 벡터 공간, 선형 변환 및 행렬을 다룬다. 이 과목은 학생들이 논리적인 사고를 배양하고 증명하는 능력을 개발하도록 요구한다. 다양한 문제를 벡터 공간으로 전환하는 법을 이해하도록 한다. 그러한 능력을 배양하기위해 선형 대수학의 기본 개념 을 완전히 이해하도록 한다.",linear algebra,,,,True,True
37684,전기시스템선형대수,전학년,2학기,3.0,전선,"본 과목은 전기공학에서 다루는 일반적인 선형시스템의 해석에 필요한 행렬 및 선형대수에 관한 기초이론과 관련 기법들을 익히고, 그 응용 예들에 대해 알아봄을 목적으로 한다. 특히 수학적 원리를 적용하여 실제 시스템 문제를 선형적으로 모델링 및 해석하는 능력을 함양할 수 있도록 한다. 수업의 전반부는 벡터와 행렬의 표현 방식을 익히고 이를 python으로 실습한다. 후반부는 이론적 개념을 확장, 적용하는 다양한 실생활의 문제를 다룬다.",,,,,True,True
37685,자료구조의 기초,전학년,2학기,3.0,전선,"응용 프로그램은 원하는 기능을 달성하기 위한 다양한 알고리즘들로 구성되어 있다. 이러한 각기의 알고리즘을 하나의 건축물이라면 그 건축물을 구성하는 각각의 기능을 가지는 내부 모듈들을 구성하는 것이 자료구조들이라 할 수 있다. 대표적인 자료 구조들은 stack, tree, queue, list 등이 있다.   본 과목에서는 이러한 대표적 자료구조들을 소개하고 이러한 자료구조들을 효율적으로 프로그래밍을 할 때 다룰 수 있는 기법들에 대해 공부하며 이러한 자료구조 이용하는 여러가지 알고리즘들을 공부하고 알고리즘의 효율성을 표현할 수 있는 방법에 대해서도 공부한다. 특히 이 과목에서는 Scheme 이라는 함수형 프로그래밍 언어를 공부하고 여러 가지 자료구조를 복합적으로 사용하여 언어를 수행시키는 interpreter를 구현한다.",강의노트,"Fundamentals of data structures in C++, 2nd Edition",,,True,True
37686,자료구조의 기초,전학년,2학기,3.0,전선,"데이터 구조는 컴퓨터 프로그램을 구축할 때, 데이터를 구성하고, 관리하고, 읽고, 쓰는 방법을 제공하는 컴퓨팅의 기초로써 활용됨. 이 수업에서는 스택, 큐, 리스트, 트리, 그래프 등을 포함하는 다양한 기본 데이터 구조와 이러한 데이터 구조를 사용하는 기본 알고리즘을 이해하는 것을 목표로 함. 수강생들은 수업을 통해 이해하게 된 데이터 구조 (및 알고리즘)를 C++를 활용하여 구현하도록 요구하는 여러 프로그래밍 과제를 수행할 예정임.",Data Structures and Algorithm Analysis in C++,,,,True,True
37687,아날로그전자회로,전학년,2학기,3.0,전선,"선수과목(기초전자회로 및 실험)에서 배운 다이오드, BJT, MOSFET, 연산 증폭기 등 회로소자와 소신호 모델, 입출력저항, 증폭률 등의 분석 방법에 대한 이해를 바탕으로, 회로의 주파수 특성, 귀환(feedback) 회로, 발진회로, 출력회로, 필터 등을 다룬다.",Microelectronics,,,,True,True
37688,아날로그전자회로,전학년,2학기,3.0,전선,"전자회로의 AC 주파수 반응을 이해하고, 피드백회로의 동작원리 및 응용을 이해하기",Fundamentals of Microelectronics 2nd Edition,,,,True,True
37689,신호 및 시스템,전학년,1학기,3.0,전필,"본 강좌에서는 선형시불변 (LTI) 시스템, 푸리에 변환 그리고 샘플링 이론을 다룬다.",Signals and Systems 2nd Edition,,,,True,True
37690,신호 및 시스템,전학년,1학기,3.0,전필,"본 수업에서는 Lineartime invariance, Fourier transform, Sampling 등 신호 처리, 영상 처리, 제어, 통신, 기계 학습의 기초를 학습합니다. MATLAB을 활용하는 방법을 학습합니다.","Signals and Systems, 2nd Edition",,,,True,True
37691,신호 및 시스템,전학년,1학기,3.0,전필,"본 수업에서는 lineartime invariance, Fourier transform, sampling 등 신호 처리, 영상 처리, 제어, 통신, 기계 학습의 기초를 강의 및 MATLAB 실습으로 학습합니다.",Signals and Systems,,,,True,True
37692,전기에너지변환,전학년,2학기,3.0,전선,,,,,,True,True
37693,제어공학개론,전학년,2학기,3.0,전선,"본 교과목은 제어 시스템 공학의 이론과 실습을 소개하고, 피드백 시스템의 분석과 설계를 이용한 본 교과목의 실제 적용 예시에 대해 강조한다. 제어 시스템 공학은 전기 공학을 전공으로 하는 학생들에게 필수적인 과목이다. 본 교과목을 수강하는 학생들은 수학, 물리학, 신호 및 시스템과 미분 방정식에 대한 기초 지식이 있어야 한다. 본 교과목은 학생들이 제어 시스템을 분석하고 설계할 수 있도록 하는 것을 핵심 목표로 한다.",Control systems engineering,,,,True,True
37694,반도체소자,전학년,2학기,3.0,전선,● 반도체 소자의 동작을 이해하기 위한 기본 소자 물리 이해● 반도체 소자의 특성과 동작 그리고 소자 축소화에 따른 문제점들에 대한 이해● 현재 사용되고 있는 반도체 소자 동작과 미래의 반도체 소자 발전에 대한 이해,,현대 반도체 소자 공학,,,True,True
37695,반도체소자,전학년,2학기,3.0,전선,"본 강의는 기본적인 반도체 물리에 기반하여 pn 접합, Schottky 접합, MOSFET 등의 다양한 반도체 소자에 대한 기본적인 내용을 다룬다.",Modern Semiconductor Devices for Integrated Circuits,,,,True,True
37696,확률변수 및 확률과정의 기초,전학년,1학기,3.0,전선,"본 수업에서는 기초적인 확률이론을 배우고, 확률변수와 확률과정의 개념을 습득하는 것을 목표로 한다.","Probability, Statistics, and Random Processes for Electrical Engineering",,,,True,True
37697,확률변수 및 확률과정의 기초,전학년,1학기,3.0,전선,"기초적인 확률 이론을 바탕으로 전기전자공학(제어, 회로 모델, 통신 시스템 분석 등)에서 널리 활용되는 확률 변수를 익힌다. 또한 확률 과정의 개념을 습득한다.","Probability, Statistics, and Random Processes for Electrical Engineering",,,,True,True
37698,확률변수 및 확률과정의 기초,전학년,1학기,3.0,전선,"This course provides a strong foundation of probability theory for advanced studies in electrical engineering. For example, the concepts we learn through this course are closely related to process control, system reliability, modeling and analysis of communication networks, noise models in circuits, detection and estimation theory, machine learning, etc. Eventually, this course help students1. develop the ability to describe uncertain events in terms of probabilistic model. 2. Develop the skill in probabilistic reasoning",Probability and Stochastic Processes: A Friendly Introduction for Electrical and Computer Engineers,,,,True,True
37699,디지털 시스템 설계 및 실험,전학년,2학기,4.0,전선,"본 과목에서는 디지털 시스템 설계에 필요한 기본적인 이론과 방법을 다룬다. 디지털 시스템의 설계를 위한 Hardware Description Language (HDL)을 익히며, 덧셈기, 곱셈기, 부동 소수점 연산기 등 여러 연산기의 효율적 인 구현 방법을 배운다. 또한 Deep Neural Networks와 DNN Hardware Accelerators를 소개한다.",,,,,True,False
37700,디지털 시스템 설계 및 실험,전학년,2학기,4.0,전선,"본 과목에서는 디지털 시스템 설계에 필요한 기본 이론과 방법을 다룬다. 디지털 시스템의 설계를 위한 Hardware Description Language (HDL)을 익히며, 덧셈기, 곱셈기, 부동 소수점 연산기 등 여러 연산기의 효율적 구현 방법을 배운다. 실습에서는 실제 FPGA 보드를 활용하여 하드웨어 설계 기법을 익힌다.",,,,,True,False
37701,통신의 기초,전학년,2학기,3.0,전선,본 강좌에서는 통신에 관한 기초이론을 이해하고 통신의 개념 및 여러가지 통신방식들에 대한 개념의 기본을 정립한다.,"Fundamentals of Communication Systems, 2nd ed.(Global Ed)",,,,True,True
37702,통신의 기초,전학년,2학기,3.0,전선,"This course is an introductory course on analog and digital communications. The main objective of the course is to teach the students the engineering principles and analytical techniques required to design and understand communication systems. We will first review Fourier transform and then learn analog and digital modulation and demodulation techniques including amplitude, angle, frequency, PAM, QAM, etc. Basic detection theory will be also addressed.",Introduction to Analog and Digital Communications,,,,True,True
37703,운영체제의 기초,전학년,1학기,3.0,전선,수강생들이 최신 운영체제를 이해하고 활용할 수 있도록 운영체제의 내부구조를 학습하고 운영체제를 구성하는데 필요한 이론과 실제를 공부하는데 있다.,,,,,True,True
37704,컴퓨터조직론,전학년,1학기,3.0,전선,"이 과목은 컴퓨터 하드웨어가 구조적/내부적으로 작동하는 기본적 원리와 이론을 다루며, Verilog 언어 기반 프로젝트 수행을 통해 학습 내용을 확인한다. 학생들은 이 과목 수강을 통해 사용자에게 노출되는 논리적 컴퓨터 구조와 실제 하드웨어 구조의 개념과 차이, 그리고 singlecore/multicore CPU, cache, memory, storage, network 등의 하드웨어 구조들의 작동 원리, 성능 및 전력 효율 등을 학습한다.",,,,,True,False
37705,컴퓨터조직론,전학년,1학기,3.0,전선,,,,,,True,False
37706,양자역학의 응용,전학년,1학기,3.0,전선,"주교재 및 보충교재와 유인물들을 통해 양자역학의 가정과 기초, 그리고 응용에 필요한 고급양자 역학을 일부 다루도록 한다. 현대물리 방식의 접근보다는 보다 수학적인 formulation에 보다 중점을 두어 슈뢰딩거 방정식을 접근하도록 하며, 이를 기반으로 간단한 양자역학 예제들을 다룬다. Qunatum statistical mechanics등의 기초와 유도 과정등을 학습하고, Timedependent Schrodinger 방정식과, Perturbation theory, Fermi Golden rule등 양자역학의 계산문제를 다루며, 응용으로서 Laser와 반도체의 기본을 공부한다.Textbook: Introduction to Theory and Applications of Quantum Mechanics, Amnon Yariv (Dover Books) References: Introduction to Quantum Mechanics, David Griffiths, Prentice Hall Feynmann Lectures, 수업중 유인물.",,,,,True,False
37707,양자역학의 응용,전학년,1학기,3.0,전선,"본 강의에서는 전기정보공학부에서 필요로 하는 양자역학 관련 지식을 습득하는 것을 목표로 한다. 우선 양자역학에 필요한 수학적 밑바탕 및 양자역학의 기본 철학을 시작점으로 하여, 양자역학의 기초적인 내용을 학습하고 이의 응용을 살펴보는 것을 목표로 한다. 1D Structure, Harmonic Oscillator, Hydrogen Atom 등의 대표적인 예제들과 대칭성 및 양자역학적 운동량에 대한 간단한 소개를 하며, Quantum statistics의 기본적인 개념 및 양자역학 분야에서의 섭동(Perturbation) 및 근사(Approximation) 이론에 대해 다룬다. 그 외 물리 분야에서의 Topology의 의미 및 Supersymmetric Quantum Mechanics 등의 Special Topic에 대해서도 간략하게 소개한다. 또한 양자역학에 필요한 간단한 수치해석과 관련 논문 학습을 목표로 한다.Textbook: Principles of Quantum Mechanics, R. Shankar (2nd Edition, Springer, 1994)References: Introduction to Quantum Mechanics, D. J. Griffiths (1st (1995) & 2nd (2005) Editions, Prentice Hall)",,,,"(비필수) 수강 시 도움이 되는 과목: 공학수학 1, 전기시스템선형대수",True,False
37708,전력 및 에너지시스템의 기초,전학년,2학기,3.0,전선,,,,,,True,False
37709,알고리즘의 기초,전학년,1학기,3.0,전선,"전산학 모든 분야에 있어서 주어진 문제들을 해결하기 위해서 프로그래밍을 할 때 먼저 알고리즘을개발한 후에 코딩을 하게 되는데, 이때 알고리즘을 개발하기 위해서 이용되는 여러 가지 기법을소개한다. 알고리즘에 관한 기초가 든든한 사람은 전산학의 어떤 분야에서든지 능력을 발휘할 수있다. 예를 들어 데이터베이스 문제를 푸는 알고리즘을 개발하면 데이터베이스 논문이 되는 것이고,OS문제를 풀면 OS논문이 되는 것이며, 또 그래픽스 문제를 푸는 알고리즘을 개발하면 그래픽스논문이 된다. 따라서 훌륭한 프로그래머가 되기 위해서 반드시 들어야 할 과목이다. 본 과목에서다루는 주요 내용은, 주어진 알고리즘(프로그램)의 수행시간과 사용 공간의 계산,divideandconquer, dynamic programming, greedy 그리고 randomized 알고리즘들에 관하여공부한다. Graph에 관한 이론과 알고리즘에 대해서 공부한 후에 마지막으로 NPComplete과Approximate 알고리즘에 대해서 공부한다.",Introduction to Algorithms,,,,True,True
37710,알고리즘의 기초,전학년,2학기,3.0,전선,"주어진 문제를 최적으로 해결한다는 것이 무엇을 의미하는지, 여러 가지 문제에 대한 이론적인 최적의 해결방법은 무엇인지 학습한다. 또한, 이론적인 해결방법을 실제로 구현해봄으로써 알고리즘에 대한 이해를 높인다. 본 강의에서는 알고리즘의 효율성을 평가하는 방법, 정렬 알고리즘, 자료 구조 등과 같은 기본적인 내용부터 greedy algorithms, dynamic programming, 그래프 알고리즘, linear programming, NPhardness, 근사 알고리즘 등과 같은 다양한 개념에 대해 다룬다.",,,,"Computer Concept and Practice, Programming Methodology, Introduction to Data Structures",True,True
37711,전기공학설계프로젝트,전학년,1학기,3.0,전필,,,,,,True,True
37712,전기공학설계프로젝트,전학년,2학기,3.0,전필,,,,,,True,True
37713,전기공학설계프로젝트,전학년,1학기,3.0,전필,,,,,,True,True
37714,전기공학설계프로젝트,전학년,2학기,3.0,전필,,,,,,True,True
37715,전기공학설계프로젝트,전학년,1학기,3.0,전필,,,,,,True,True
37716,전기공학설계프로젝트,전학년,2학기,3.0,전필,,,,,,True,True
37717,전기공학설계프로젝트,전학년,1학기,3.0,전필,,,,,,True,True
37718,전기공학설계프로젝트,전학년,2학기,3.0,전필,,,,,,True,True
37719,전기공학설계프로젝트,전학년,1학기,3.0,전필,,,,,,True,True
37720,전기공학설계프로젝트,전학년,2학기,3.0,전필,,,,,,True,True
37721,전기공학설계프로젝트,전학년,1학기,3.0,전필,,,,,,True,True
37722,전기공학설계프로젝트,전학년,2학기,3.0,전필,,,,,,True,True
37723,전기공학설계프로젝트,전학년,1학기,3.0,전필,,,,,,True,True
37724,전기공학설계프로젝트,전학년,2학기,3.0,전필,,,,,,True,True
37725,전기공학설계프로젝트,전학년,1학기,3.0,전필,,,,,,True,True
37726,전기공학설계프로젝트,전학년,2학기,3.0,전필,,,,,,True,True
37727,전기공학설계프로젝트,전학년,1학기,3.0,전필,,,,,,True,True
37728,전기공학설계프로젝트,전학년,2학기,3.0,전필,,,,,,True,True
37729,전기공학설계프로젝트,전학년,1학기,3.0,전필,,,,,,True,True
37730,전기공학설계프로젝트,전학년,2학기,3.0,전필,,,,,,True,True
37731,전기공학설계프로젝트,전학년,1학기,3.0,전필,,,,,,True,True
37732,전기공학설계프로젝트,전학년,2학기,3.0,전필,,,,,,True,True
37733,전기공학설계프로젝트,전학년,2학기,3.0,전필,,,,,,True,True
37734,컴파일러의 기초,전학년,2학기,3.0,전선,,,,,,True,False
37735,임베디드시스템설계,전학년,2학기,3.0,전선,"임베디드 프로세서 구조, 임베디드 운영체제, 임베디드 시스템에 사용되는 부품들과 그들을 집적하는 과정 등 시스템 설계에 대한 기본적인 내용을 배운다. 또한 관련 실습과 기말과제를 통하여 실제적인 설계 경험을 얻는다.","Computers as Components: Principles of Embedded Computing System Design, 4th edition","ARM SystemonChip Architecture, 2nd edition",,"컴퓨터 조직론, 디지털 시스템 설계, 자료구조, 알고리즘 (선수과목으로 권장하지만 반드시 수강해야 하는 것은 아님)",True,True
37736,나노소자의 기초,전학년,1학기,3.0,전선,,,,,,True,False
37737,광전자공학,전학년,2학기,3.0,전선,"본 과목에서는 광학의 기본 원리를 강의하고, 이를 응용한 광전자 소자를 설명한다. 주요 강의 내용은 전자기학 및 양자역학에서 출발하는 광학의 기본 원리, 빛과 물질의 상호작용, 편광과 빛의 제어, 레이저의 원리 등이다. 해당 기초 내용을 기초로 하여 파이버, 도파로, 공진기, 능동 광학 소자, 간섭계, 광스위치, 광전 소자 등 응용 광학 소자의 원리에 대해서 학습한다. 또한, 최근 활발히 연구되는 광결정, 플라즈모닉스, 메타 물질, 양자광학 모사 기법, 비에르미트 광학, 위상 광학, 광학 딥러닝, 광자 기반 양자 컴퓨팅 등의 기본 플랫폼에 대하여 간략히 소개한다.",Introduction to Modern Optics,,,,True,True
37738,디지털집적회로,전학년,2학기,3.0,전선,,Analysis and Design of Digital Integrated Circuits,,,,True,True
37739,생체계측,전학년,2학기,3.0,전선,"This course covers the basics in bioinstrumentation techniques for clinical and researchmeasurements. Course topics include design of medical instruments composed of biosensors,amplifiers, and signal processing methods. Measurement of various biosignals, such as thosefrom muscles (electromyogram; EMG), heart (electrocardiogram; ECG), and brain(electroencephalogram; EEG) will be introduced",,,,"신호 및 시스템, 회로 이론, 생체전기정보공학",True,False
37740,유기전자소자,전학년,2학기,3.0,전선,"Organic electronic devices (OED) exploit the unique optical and electrical properties of the comprising organic semiconductors to implement useful functions. The most representative OED is an organic lightemitting diode (OLED) that emits light in response to the electrical current. Since 1986 when an OLED was first invented, the continuous efforts in research and development have led the OLED to become the most successful displays for consumer electronics, such as smart phone, TV, smart watches and so on. Although not yet commercialized, organic solar cells (OSC) and organic fieldeffect transistors (OFET) are believed to enable another promising and exciting applications. The characteristics of OEDs are determined by the structural, electrical and optical properties of the comprising organic semiconductors. Organic semiconductors refer to the carbonbased organic compounds which have the semiconducting capabilities. Although typical organic compounds are known as electrical insulators, one found that some organic compounds can conduct charges via photogeneration and injection from metals. Later on, researchers found that the conductivity, lightemission or absorption efficiencies of organic compounds can be tuned by doping them with certain types of molecules. As a result, various useful OEDs with high performance have been developed. In particular, due to the mechanically flexible nature of the comprising organic semiconductors, OEDs can have nearly a free form factor, being flexible, foldable, or even stretchable such that they can enable many exciting applications. In this class, we will learn what organic semiconductors consist of, how they are formed, and how these properties determine their electrical and optical characteristics. Furthermore, we will cover how the electrical and optical characteristics of organic semiconductors are exploited in OEDs, such as OLEDs, OSCs, OFETs and so on. Lastly, we will learn microOLEDs that have been used for the displays of virtual reality headsets.",Electronic processes in organic semiconductors,,,,True,True
37741,전자물리의 기초,전학년,1학기,3.0,전선,,The Oxford Solid State Basics,Solid State Physics,,,True,True
37742,전력전자공학,전학년,2학기,3.0,전선,"본 과목은 전력전자 공학의 입문 과목임. 우리는 지구 온난화와 환경 문제에 직면하고 있고, 이를 해결하기 위한 전기 에너지 분야의 연구가 증대되고 있음. 전기 에너지의 효율적인 활용에 있어 전력전자 공학은 필수적인 학문임. 본 교과목은 전기를 다양한 형태로 변환하는 전력 전자의 회로 및 제어 기술에 대한 학부생의 능력 증진을 목표로 함. 특히, 전기자동차에 사용되는 DCDC 변환, ACDC 변환 등의 내용을 학습하며, 효율적인 회로 설계를 위한 기초 지식과 전력 회로에 대한 이해도를 높이기 위한 과목임. 해당 내용을 학부 23학년 정도의 수준으로 다루며, 컴퓨터 시뮬레이션과 실험이 포함될 수 있음.",전력전자공학,,,,True,True
37743,마이크로시스템기술개론,전학년,2학기,3.0,전선,"마이크로시스템은 반도체공정과 유사한 MEMS(MicroElectroMechanical Systems)기술로 구현되어 마이크로미터 크기를 가지는 전기적, 기계적 특성이 융합한 미래지향적기술임. 이 수업에서는 마이크로/나노 공정에 대한 기본적인 내용을 다루고 멤스device의 디자인 및 특성, 다양한 application에 대해서 다룰 예정임수업 시간에 배운 이론 및 지식을 바탕으로 학생들은 project를 진행하게 되며 간단한MEMS device 디자인 및 실험을 진행함",An Introduction to Microelectromechanical systems engineering (second edition),,,,True,False
37744,전력시장이론,전학년,2학기,3.0,전선,전력시장의 기본적인 이해를 위해 전력산업을 구성하는 참여주체들의 구성 및 역할에 대하여 소개한다. 기본적인 미시경제 개념의 이해를 바탕으로 다른 전력 시장과의 차이점을 논의하여 전력경제에 대해 이해하고 경쟁 환경에서의 전력 시스템 운영 에 대해 분석한다.,,,,,True,False
37745,최신제어기법,전학년,2학기,3.0,전선,,,,,,True,True
37746,지능시스템개론,전학년,1학기,3.0,전선,,,,,,True,False
37747,디지탈신호처리의 기초,전학년,1학기,3.0,전선,"본 강의에서는 Digital Signal Processing의 전반에 관한 내용을 다룬다. 우선 앞 부분에서는 신호 및 시스템에서 이미 학습한 디지털 신호와 시스템의 기초, z변환, 샘플링을 복습, 심화학습하며 후반부에서는 디지털 신호처리를 위한 여러 회로(필터), 필터 설계, 주파수 영역에서의 신호처리, 푸리에 변환 의 고속 계산 방법(FastFourier Transform), 간단한 스펙트럼 분석에 관한 학습을 한다.",,,,,True,True
37748,전파공학,전학년,2학기,3.0,전선,"학생들은 해당 강좌를 통해 RF/마이크로파 분야의 연구를 수행하기 위한 기본 원리와 지식을 배웁니다.해당 강좌에서는 다음을 포함합니다 (1) 전자기학, 평면파 전파 및 경계값 문제 검토, (2) 전자기파 전파를 고려한 고주파 회로에서의 신호 전송 특성, (3) 전자기파의 특성 고주파 회로에 사용되는 부품, (4) 구조, 작동 원리, 설계 방법론 및 다양한 고주파 회로의 측정",Microwave Engineering,,,,True,False
37749,통신시스템,전학년,1학기,3.0,전선,"최근 들어서 대부분의 통신시스템이 디지털통신시스템으로 바뀌어 가고 있는데, 본 강좌에서는 이러한 디지털통신시스템의 변조 및 복조에 관한 기초이론을 이해하고 그들의 응용분야인 확산대역통신시스템 및 다중사용자 무선통신시스템 그리고 정보이론 및 오류정정부호에 관한 기초이론을 다룬다.","Communication Systems Engineering, 2nd Ed.",,,,True,True
37750,네트워크 프로토콜 설계 및 실습,전학년,2학기,3.0,전선,"데이타통신망의 기초 과목에서 배운 내용을 바탕으로 실험을 통해 네트워크에 대한 이해를 심화하는 것이 목표이다. 실제 구현을 통해 보다 실용적인 감각을 익히게 될 뿐만 아니라, 나아가 취업 및 대학원 진학 시에도 도움이 되는 내용을 다루게 된다. 교과목의 내용을 크게 세 부분으로 나눌 수 있다. 첫 번째 부분에서는 커널 컴파일을 통한 TCP parameter 변경 및 그에 따른 성능 변화, mobileinsight 를 이용한 LTE/5G up/downlink 네트워크 파라미터 관찰을 통해서 모바일 TCP Stack에 대해 배우고 성능 개선에 대한 아이디어를 직접 구현해 본다. 두 번째 부분에서는 ns3라는 네트워크 시뮬레이터의 사용법을 익히고, 이를 활용한 네트워크 성능평가에 대해 배우게 된다. 마지막 부분에서는 로보틱스, 자율주행차 등의 제어 시스템에서 원활한 통신을 위해 전 세계적으로 가장 널리 사용되는 metaoperating system인 ROS를 활용하여 실제 로봇 제어 시스템에서 통신이 어떻게 적용되는지 파악하고 실습을 통해 이를 구현해본다.",,,,,True,True
37753,융합공학도를 위한 전기전자회로 및 실험,전학년,1학기,3.0,전선,,,,,,True,True
37754,딥러닝의 기초,전학년,2학기,3.0,전선,"인공지능 및 머신러닝 기술의 배경지식과 활용 방법을 습득하며, 가장 대중적인 방법인 딥러닝에 대한 기초를 익히고 이와 관련된 DL 이론, 학습 방법, CNN, RNN 및 Generative model과 그 응용인 컴퓨터 비전, 자연어 처리 (NLP) 등에 대한 지식과 활용법을 실습한다.",Deep Learning,,,,True,True
37755,융합공학도를 위한 전기전자회로,전학년,2학기,3.0,전선,,,,,,True,True
37756,생체전기정보공학,전학년,2학기,3.0,전선,전자공학을 기반으로 의료장비 등에 관심이 있는 전기정보공학부 학부생을 위한 기초를 학습,,,,,True,True
37757,데이터통신망의 기초,전학년,2학기,3.0,전선,"본 강좌는 인터넷 및 네트워크 시스템들의 근간을 이루는 설계 원리, 제어 알고리즘 및 기초/고급 네트워킹 기법들을 광범위하게 다룬다. 이와 더불어, transport, routing, medium access control 등 네트워크 계층별 핵심 기능과 동작원리에 대해 구체적으로 살펴본다. 텀프로젝트들을 통해 HTTP, TCP/IP, Ping/Traceroute 등에 대해 실습함으로써 다양한 네트워킹 기법 및 응용 구현에 대한 이해를 높인다.",,,,,True,True
37758,기계학습 기초 및 전기정보 응용,전학년,1학기,3.0,전선,,,,,,True,True
37759,전기·정보세미나 1,전학년,1학기,1.0,전필,,,,,,True,True
37760,전기·정보세미나 2,전학년,2학기,1.0,전필,"본 교과목은 학부 3학년 학생들을 대상으로 하며, 수강생들로 하여금 전기 정보 관련 전공 지식들이 다양한 응용 분야에서 어떻게 활용되는 지를 학부 전공 분야 별 교수들의 연구 내용을 중심으로 세미나와 토론을 통해 이해하게 하고, 본 이해가 향후 수강생의 세부 전공 분야 결정에 도움이 되도록 한다.",,,,,True,True
37761,전기·정보세미나 3,전학년,1학기,1.0,전필,"매 수업마다 교수, 벤처기업가, 대기업의 임직원, 연구원 등을 초청하여 전기전자공학 분야에 관련된 이슈의 흐름을 파악하는 강의이다. 학생들에게 미래에 직업 선택과 연구 방향을 선택하는데 도움을 주는 것을 목표로 한다. 강의 후에는 학생들과 연사와의 질의응답 시간을 가진다.",,,,,True,True
37762,전기·정보세미나 3,전학년,2학기,1.0,전필,"매 수업마다 교수, 벤처기업가, 대기업의 임직원, 연구원 등을 초청하여 전기전자공학 분야에 관련된 이슈의 흐름을 파악하는 강의이다. 학생들에게 미래에 직업 선택과 연구 방향을 선택하는데 도움을 주는 것을 목표로 한다. 강의 후에는 학생들과 연사와의 질의응답 시간을 가진다.",,,,,True,True
37763,아날로그 집적회로,전학년,1학기,3.0,전선,"This course deals with the analysis and design of analog CMOS integrated circuits, emphasizing fundaments as well as new paradigms that students and practicing engineers need to master in today’s industry.",Design of Analog CMOS Integrated Circuits 2/E,Analog and Design of Analog Integrated Circuits,,,True,True
37764,컴퓨터비전의 기초,전학년,1학기,3.0,전선,"본 강좌는 computer vision과  machine learning, 그리고 그 응용에 대하여 소개한다. 본 강의를 통해 학생들은 컴퓨터비젼의 기본적인 이론들과 방법론들 뿐만 아니라, lowlevel vision (early vision) 과 midlevel vision (feature extraction, reconstruction) 에서부터 highlevel vsion (recognition, analysis, learning)에 이르는 문제들을 설계하고 해결하는 실제적인 기술들을 습득하게 될 것이다. 또한, computer vision 과 machine learning 분야의 최신 연구 주제들과 경향들도 소개 될 것이다.",,,,"프로그래밍 방법론, 알고리즘의 기초. 전기시스템 선형대수, 확률변수 및 확률과정의 기초",True,True
37765,정보 이론,전학년,1학기,3.0,전선,,,,,,True,False
37770,플라즈마전자역학 1,전학년,2학기,3.0,전필,하전입자의 움직임이 핵심인 플라즈마 거동을 이해하기 위한 전자기학의 기본 법칙을 공부하고자 함. 맥스웰 방정식으로 정리되는 고전 전자기학을 이해하고 이를 적용할 수 있도록 함.,Fundamentals of Engineering Electromagnetics,,,,False,True
37771,플라즈마전자역학 2,전학년,1학기,3.0,전선,"목표: 전자기학 기초에서 배운, Gauss 법칙, Faraday 법칙과 Ampere 법칙으로 구성된 Maxwell's equation 기반의 전자기 파 이론을 공부합니다. 전자기파가 전하가 있고 또는 전하가 없는 매질 속에서, 전파되거나 반사되는 특성을 공부합니다. 전자기 파 생성으로 부터 전자기파가 전파하는 과정 동안, 전자기 파는 매질 내의 전하와의 상호 작용을 거치게 되며, 이 과정에서 전자기파의 성질 변화가 발생합니다. 이를 해석함으로서, 플라즈마와 전자기파와 상호 작용의 이해, 플라즈마 가열 및 강력한 레이더 개발에 필요한 고출력 전자기파 생성 메카니즘을 이해합니다.",,,,,False,True
37778,수치해석기초,전학년,2학기,3.0,전선,"In many cases of engineering problem solving, it is often impossible to obtain the accurate solution mathematically or to understand the phenomena through proper experiments. Modeling and simulation involving computers and numerical methods have to be used in such cases to generate approximate solutions or to perform simulations. Numerical analysis is the process to formulate those methods needed for the numerical solution and to develop and examine the associated programs. In this course, the elementary numerical methods needed for engineers to utilize numerical analysis for various needs are covered. Students are asked to practice programming to the level that the gained experience can form the firm base in solving practical engineering problems. It is an introductory course of the college of engineering to deal with basic and general topics in the numerical methods. More elaborate and advanced subjects needed for nuclear reactor analysis will be covered in the companion course of reactor numerical analysis and design.",,,,,False,True
37808,지구통계학,전학년,2학기,3.0,전선,공간적으로 분포하는 샘플의 특성을 분석하고 미지값을 예측하는 다양한 지구통계적 기법을 학습,지구통계학,,,,False,True
37820,중자력 및 전자기탐사,전학년,2학기,3.0,전선,,,,,,False,True
37823,에너지자원전기화학,전학년,1학기,3.0,전선,,,,,,False,True
37828,에너지환경 전기화학시스템,전학년,2학기,3.0,전선,,,,,,False,True
37849,재료수치해석,전학년,2학기,3.0,전선,"본 수업은 최근 주목 받는 AI, 데이터과학 등 전산재료과학을 위해 필수적인 수치해석에 대한 이해를 높이고 실습을 통하여 문제를 해결할 수 있는 능력을 학습하고자 함.이를 위하여 다음을 학습하고자 함.재료공학 문제를 수학적으로 모델링하는 방법을 익히고 전산 실습을 통하여 적용하는 법을 익힌다.주어진 수학적 문제를 전산기반 수치해석 방법을 통해서 해결하는 능력을 학습한다.수치해석의 원리를 익히고 이를 응용하여 알고리즘을 세울 수 있는 능력을 키운다.Matlab 등 컴퓨터 언어 및 응용프로그램 활용법을 익힌다.",,,,"No, but Engineering Math is preferred. (없음. 공학수학 이수 추천)",False,True
37850,재료수치해석,전학년,2학기,3.0,전선,"수치해석 프로그램인 매트랩을 이용하여 이미지를 행렬로 인식하는 방법과 이를 제어하는 방법을 기초 수준에서 익히고, 이미지 처리를 중점적으로 학습한다matlab 이외의 방법을 이용한 image processing 도 수업 진행 상황에 따라서 공지와 함께 추가될 수 있음",,,,,False,True
37871,재료의 전자기적 성질,전학년,2학기,3.0,전필,"재료의 전기, 광학, 자기, 열적 특성을 양자개념을 통해 이해한다.",,,,재료현대물리,False,True
37872,재료의 전자기적 성질,전학년,2학기,3.0,전필,"재료의 전기, 광학, 자기, 열적 특성을 원자 및 전자의 양자적 거동을 통해 이해한다.",Electrons in solids,,,,False,True
37875,전기회로,전학년,2학기,3.0,전선,영문 참고,Electrical Engineering: Principles & Applications,,,,False,True
37879,재료공정통계분석 및 설계,전학년,2학기,3.0,전선,,,,,,False,True
37891,반도체집적공정,전학년,2학기,3.0,전선,영문 참고,"Silicon VLSI technology : fundamentals, practice and modeling",,,,False,True
37894,전자세라믹스,전학년,1학기,3.0,전선,"다양한 전기적, 광학적, 자기적 특성을 나타내는 전자세라믹스의 물성과 응용을 이해한다.",Principles of Electronic Ceramics,"Electroceramics: Materials, Properties, Applications (2nd Edition)",,,False,True
37895,분자전자재료,전학년,1학기,3.0,전선,분자성 물질인 유기고빈자 기능재료 개론목표: 유기 전자 소재 및 소자의 필요성에 대한 이해분자/유기 전자 소재 및 소자에 대한 기초개념 이해 분자/유기 전자 분야 관련 최신 연구 동향 소개,Organic Electronics: Foundation to Application,,,,False,True
37906,최신반도체 재료 및 소자,전학년,2학기,3.0,전선,"□ 교과목 목표반도체를 이용한 메모리와 로직 소자의 구조와 동작 원리를 알고, 요구되는 재료의 물질적인 특성을 재료 공학적인 관점에서 이해한다.□ 교과목 개요 및 활용분야교과목의 개요: DRAM, SRAM, Flash 등의 반도체 메모리와 로직 소자의 구조와 기본 동작 원리에 대해서 배운다. 구체적으로 DRAM의 커패시터 형성 기술과 트랜지스터의 gate dielectric 형성 기술에 대해서 자세히 이해하고 더 나아가 새로운 메모리인 PcRAM, FRAM, ReRAM 에 대해 다룬다. 또한 논리 회로를 이루는 기본 게이트와 이들의 조합에 따른 논리 연산의 원리를 배운다. 따라서 본 교과목에서는 반도체 소자의 기초 이론에서부터 발전된 현재의 기술에 이르는 총체적인 내용에 대해 학습하게 된다.활용 분야: 본 교과목은 재료의 전자기적 성질, 박막 공학, 반도체 집적 공정 등의 교과목을 이수하고 반도체 공학이나 전자재료 분야를 전공하거나 이 분야에 취업을 하고자 학생들은 필수적으로 학습하여야 하는 과목으로서 이 분야의 가장 진보된 기술에 대한 이해를 도모한다.",,,,,False,True
37914,공학지식의 실무응용,전학년,1학기,3.0,전선,,,,,,True,False
37915,공학지식의 실무응용,전학년,2학기,3.0,전선,학생들의 산업체 인턴결과를 리뷰하고 인턴프로젝트를 논문으로 발전시킬 방안을 지도함,,,,,True,False
37916,공학연구의 실습 1,전학년,1학기,1.0,전선,"학부 학생들이 대학원 연구실에서 한 학기 동안 인턴을 수행하면서 실제적인 공학 연구에 참여하는 기회를 갖도록 한다. 이 과목을 수강하는 학생은 일주일에 1회 이상 정기적으로 지도 교수와 연구 미팅을 갖고, 학기 중에 대학원 연구에 참여하며, 학기 말에 연구 보고서를 제출하여야 한다. 연구 태도와 연구 성과를 근거로 지도교수가 S/U 학점을 부여한다.",,,,,True,False
37917,공학연구의 실습 1,전학년,2학기,1.0,전선,"학부 학생들이 대학원 연구실에서 한 학기 동안 인턴을 수행하면서 실제적인 공학 연구에 참여하는 기회를 갖도록 한다. 이 과목을 수강하는 학생은 일주일에 1회 이상 정기적으로 지도 교수와 연구 미팅을 갖고, 학기 중에 대학원 연구에 참여하며, 학기 말에 연구 보고서를 제출하여야 한다. 연구 태도와 연구 성과를 근거로 지도교수가 S/U 학점을 부여한다.",,,,,True,False
37918,이산수학,전학년,1학기,3.0,전필,,,,,,True,True
37919,이산수학,전학년,2학기,3.0,전필,This course covers the mathematical topics closely related to computer science.,Discrete Mathematics and Its Applications,,,,True,True
37920,프로그래밍연습,전학년,1학기,3.0,전선,"컴퓨터공학전공 1학년 학생을 대상으로, C언어 문법, C 프로그램 작성법, 프로그래밍 방법론에 관하여 다양한 예와 프로그래밍 실습을 통하여 심도있게 배울 수 있는 기회를 제공함으로써, 컴퓨터공학부 전공과목 수강에 필요한 컴퓨터 프로그래밍 실력을 갖출 수 있게 한다.",A Book on C (4th Edition),,,컴퓨터 개념 및 실습,True,True
37921,프로그래밍연습,전학년,2학기,3.0,전선,"C언어 문법, C 프로그램 작성법, 프로그래밍 방법론에 관하여 다양한 예와 프로그래밍 실습을 통하여 심도있게 배울 수 있는 기회를 제공함으로써, 컴퓨터공학부 전공과목 수강에 필요한 컴퓨터 프로그래밍 실력을 갖출 수 있게 한다.",,,,,True,True
37922,전기전자회로,전학년,1학기,3.0,전필,"<p style=""color:red;"">* 중간고사와 기말고사 일정은 강의 계획서에 이미 고정되어 있으므로, 일정이 안되는 학생들은 다음 학기 과목을 수강하기 바랍니다.</p>본 강좌에서는 전기, 전자회로를 분석하거나 설계할 때 필요한 기본 지식을 학습한다. 전반부에는 친숙한 저항 회로를 중심으로 선형 회로를 분석하는 다양한 방법을 배우고, MOSFET소자를 기반으로 한 디지털 회로와 증폭기에 대해 배운다. 후반부에서는 capacitor와 inductor가 추가된 선형 회로를 시간 영역과 주파수 영역에서 분석하는 방법을 배우고 이를 통하여 디지털 하드웨어의 전기적인 특성, 속도와 에너지 소모에 대한 기초지식을 습득하고 아날로그 회로 설계의 핵심인 opamp기반의 증폭회로를 설계 및 분석하는 방법을 배운다. 컴퓨터공학부 주전공학생들은 아래와 같은 사유에 따라 1학기에 개설되는 전기전자회로 수업의 수강 신청이 금지되어 있고 2학기만 수강 신청이 가능하니 수강 신청시 착오없기 바랍니다. (대신 올해 8월 졸업예정인 컴퓨터공학부 주전공학생의 경우에 한하여 1학기 수강 신청이 안될시 졸업에 지장이 있을 경우에는 졸업예정확인서를 제출하면 수강이 허용될 예정입니다.)컴퓨터공학부 주전공이 아닌 학생들의 경우에는 1, 2학기 수강 선택에 특별한 제약이 없으므로 본인의 상황에 맞게 수강 학기를 선택하기를 바랍니다.전기전자회로 수업의 후반부를 제대로 이해하기 위해서는 1차 및 2차 상미분방정식의 해를 구하는 방법에 대한 이해가 필요함. 컴퓨터공학부 주전공학생들의 경우에는 공학수학 I 이 필수과목이므로 전기전자회로 수업 수강 이전에 미분방정식에 대해 학습하지만, 자유전공/복수전공/부전공 학생들의 경우에는 공학수학 I 이 필수가 아님에 따라 미분방정식을 따로 학습할 기회가 없이 전기전자회로 수업을 수강하는 문제가 발생하였음. 이를 해결하기 위해 매년 1학기에 개설되는 전기전자회로 강좌에서는 2학기에 개설되는 강좌에 비해 1차 및 2차 상미분방정식을  푸는 방법에 대한 강의가 추가될 예정이고, 이에 따라 2학기 강좌에 비해 기초 미적분학 및 상미분방정식 풀이 연습에 관련된 숙제 및 시험 문제들이 추가될 예정임. 컴퓨터공학부 주전공학생들 중 아직 미적분학(수학 1 & 2)이나 공학수학 I을 수강하지 않아서 위의 경우에 해당하더라도 봄학기에 등록할 수 있는 사유는 될 수 없다는 점을 다시 한번 강조합니다. 컴퓨터공학부 주전공 학생들은 미적분학과 공학수학 I이 졸업을 위한 교양 필수이므로, 이들 과목들을 최대한 빨리 먼저 수강하여 졸업에 지장을 받지 않기 바랍니다.",,,,,True,True
37923,전기전자회로,전학년,2학기,3.0,전필,"본 과목에서는 기본적인 전기, 전자회로의 지식을 학습한다. 학기의 초반에는 저항 회로를 중심으로 회로를 분석하는 방법을 배운다. 그리고 디지털 전자회로의 기초 소자인 MOS 트랜지스터와 스위치 회로, 그리고 증폭회로의 원리를 학습한다. 학기의 후반에는 캐패시터와 인덕터가 포함된 선형 1,2차 회로와 주파수 영역에서 회로를 분석하는 방법을 배운다. 이 과목을 통하여 디지털 시스템 하드웨어에 대한 기초 지식을 습득할 수 있을 것이다.",Foundations of Analog and Digital Electronic Circuits,,,Engineering Math 1 (공학수학 1),True,True
37924,컴퓨터공학세미나,전학년,2학기,1.0,전선,"IT 분야에서 연구, 개발, 사업을 하는 리더에게 다양한 영감을 받을 수 있는 세미나를 수강한다.",,,,,True,False
37925,프로그래밍의 원리,전학년,2학기,3.0,전선,"Scala 언어를 이용하여 프로그래밍 언어의 기본 개념을 배운다. 크게 함수형 프로그래밍, 객체지향 프로그래밍, 타입 클라스 프로그래밍의 원리를 배우고 이를 실습한다. 이러한 원리를 이용해 프로그램 작성 시 코드를 추상화하고 재사용하는 방법에 대해 제대로 배운다.",,,,,True,True
37926,임베디드시스템과 응용,전학년,2학기,3.0,전선,AR/VR 디바이스를 위한 딥러닝 응용 설계 방법 학습을 통해 내장형/모바일 시스템 및 응용 설계에 대해 심화 학습함,,,,,True,True
37927,오토마타이론,전학년,2학기,3.0,전선,,,,,,True,False
37928,운영체제,전학년,1학기,3.0,전선,,,,,,True,True
37929,운영체제,전학년,2학기,3.0,전선,"컴퓨터구조, 시스템프로그래밍 에서 배운 기초를 바탕으로 컴퓨터 프로그램들이 돌아가기위해서 운영체제에서 어떤일들을 해야하는지를 한단계 높은 수준에서 배운다. 특히  운영체제가 하는일들을 커다랗게 가상화제공, 동시성제공, 지속성제공 이렇게 세가지로 나누어서 각각의 기능들이 어떻게 구현되는지 알아본다. 실습을 통해서 이런 구현이 실제로 만들어질 수 있는지를 체득한다.",,,,"컴퓨터구조, 시스템프로그래밍",True,True
37930,컴퓨터구조,전학년,1학기,3.0,전필,"컴퓨터를 구성하는 주요 구성 요소들의 기능과 그들 상호간의 작용을 이해하고 이를 바탕으로 컴퓨터 시스템을 구현하는데 사용되는 여러 설계 기법들을 학습한다. 명령어집합, 중앙처리장치, 파이프라이닝, 메모리 계층구조, 입출력장치 등을 다루며 컴퓨터 발전의 역사적 고찰 및 컴퓨터 시스템의 성능 분석에 필요한 지식을 배운다.",Computer Organization and Design (RISCV Edition),,,논리설계,True,True
37931,컴퓨터구조,전학년,2학기,3.0,전필,"이 과목에서는 컴퓨터를 구성하는 주요 구성 요소들의 기능과 그들 상호간의 작용을 이해하고 이를 바탕으로 컴퓨터 시스템을 구현하는데 사용되는 여러 설계 기법들을 학습한다. 명령어집합, 중앙처리장치, 파이프라이닝, 메모리 계층구조, 입출력장치 등을 다루며 컴퓨터 발전의 역사적 고찰 및 컴퓨터 시스템의 성능 분석에 필요한 지식을 배운다.",Computer Organization and Design: RISCV Edition (2nd Ed.),,,"4190.103A Programming Practice, M1522.000700 Logic Design",True,True
37932,하드웨어시스템설계,전학년,1학기,3.0,전선,,,,,,True,False
37933,프로그래밍언어,전학년,1학기,3.0,전선,첨부한 화일(snu4190310syllabus.pdf)를 참고하세요,,,,,True,True
37934,선형 및 비선형계산모델,전학년,1학기,3.0,전선,선형대수학의 컴퓨터응용에 관하여 공부한다.,,,,,True,False
37935,알고리즘,전학년,1학기,3.0,전필,,,,,,True,True
37936,알고리즘,전학년,2학기,3.0,전필,"문제해결을 위해 생각하는 방법을 배운다. 다양한 주제들을 통하여 귀납적, 재귀적 사고방식을 배우고 이들을 통하여 복잡한 문제를 간명하게 볼 수 있음을 느끼도록 한다. 이 강좌에 포함되는 내용은 다음과 같다. 알고리즘의 효율성 분석 도구 (점근적 복잡도, 점화식), 정렬 및 선택 알고리즘, 자료의 저장과 검색(검색 트리, 해시 테이블), 집합의 처리, 동적 프로그래밍, 그리디 알고리즘, 그래프 알고리즘,  문자열 매칭, 계산의 한계(NPCompleteness), 상태공간 트리의 탐색 등.",쉽게 배우는 알고리즘,,,"자료구조(Data Structures), C 또는 Java Programming",True,True
37937,알고리즘,전학년,2학기,3.0,전필,"문제해결을 위해 생각하는 방법을 배운다. 다양한 주제들을 통하여 귀납적, 재귀적 사고방식을 배우고 이들을 통하여 복잡한 문제를 간명하게 볼 수 있음을 느끼도록 한다. 이 강좌에 포함되는 내용은 다음과 같다. 알고리즘의 효율성 분석 도구 (점근적 복잡도, 점화식), 정렬 및 선택 알고리즘, 자료의 저장과 검색(검색 트리, 해시 테이블), 집합의 처리, 동적 프로그래밍, 그래프 알고리즘,  문자열 매칭, 계산의 한계(NPCompleteness), 상태공간 트리의 탐색 등.",Introduction to Algorithms,,,,True,True
37938,인공지능,전학년,1학기,3.0,전선,"To study a wide range of artificial intelligence theory, techniques and systems about machines that behave and think like people.To understand concepts, models, and algorithms to develop intelligent agents such as navigation, reasoning, planning, knowledge representation, decision making, learning, visual and language.To learn and practice key technologies of artificial intelligence such as empirical search, Bayesian network, Hidden Markov network, and reinforcement learning.",Artificial Intelligence: A Modern Approach,장교수의 딥러닝,,,True,True
37939,인공지능,전학년,2학기,3.0,전선,"다양한 인공지능 분야의 문제 정의, 기본 개념, 주요 방법론들을 이해하고 탐구한다.",,Artificial Intelligence: A Modern Approach,,,True,True
37940,컴파일러,전학년,1학기,3.0,전선,"[영어 강의] This course covers compiler construction, the theory and practice of programming language translation. Topics covered include lexical scanning, parsing, syntactic and semantic analysis, runtime environments, and code generation. Understanding how source code is translated into machine code is not only something every respectable computer scientist should know, but will also allow you to write better programs.During the semester, we build a simple, yet fully functional compiler from scratch. Implementing your compiler will require a significant effort, but is a lot of fun.",,,,"Data structures, Algorithms, Computer architecture, System programming",True,False
37942,컴퓨터융합응용,전학년,1학기,3.0,전선,"This course reviews algorithms and machine learning techniques such string pattern matching algorithms, PCA, decision tree, artificial neural networks, support vector machines, and frequent pattern mining techniques. We will also review computational tools for algorithms and machine learning (mostly with Tensorflow, PyTorch). Then we all (including students) will survey how these techniques are used for practical applications as term projects.",,,,,True,False
37945,창의적통합설계1,전학년,2학기,3.0,전선,이 수업에서는 학생들이 2~4명씩 조를 이뤄 기업 제안 과제를 수행하고 있다. 본 과목은  다음과 같이 진행된다.1. 각 회사는 한 학기 동안 약 3명의 그룹이 할 수 있는 프로젝트 목록을 제출한다. 2. 학생들은 그 회사들이 제안한 프로젝트를 수행하기 위해 그룹을 조직한다.3. 학기 중에는 학생과 회사 간의 협력으로 회사나 학교에서 개발이 이루어진다.4. 학기말에는 각 조의 과제 발표와 전반적인 평가가 진행된다.,,,,,True,False
37946,창의적통합설계2,전학년,1학기,3.0,전선,,,,,,True,False
37947,창의적통합설계2,전학년,1학기,3.0,전선,"본 강의는 소프트웨어/하드웨어 설계 실습을 위주로 하며 다음과 같이 진행된다. 학기 초에 참여 기업은 3명 내외의 그룹이 12 학기 동안에 할 수 있는 프로젝트를 제안하고, 학생들은 조를 짜서 해당 기업의 프로젝트를 맡아 수행하게 된다. 학기 중 회사와 담당교수의 지도로 학생들은 프로젝트를 진행하며, 학기말에 각 조가 수행한 프로젝트에 대한 발표와 평가로 강의가 마무리된다.",,,,,True,False
37948,컴퓨터프로그래밍,전학년,1학기,4.0,전필,"본 과목은 Java 와 C++ 기반의 객체지향 프로그래밍을 익히는 것을 목표로 한다. 학생들은 Java 와 C++ 의 기본 문법, API, 사용례를 익히고, 상속, 캡슐화, 다형성등 객체기반 프로그래밍의 핵심 개념을 배운다. 또한 실습을 통해 바르게 동작하고 높은 품질을 갖춘 객체지향 소프트웨어를 작성하는 능력을 키운다.* 하이브리드 포맷으로 진행함(대면+실시간 Zoom)을 원칙으로 하나 코로나19 사정에 따라 탄력적으로 포맷을 변경할 수 있음.",,,,,True,True
37949,컴퓨터프로그래밍,전학년,2학기,4.0,전필,"본 과목은 Java 와 C++ 기반의 객체지향 프로그래밍을 익히는 것을 목표로 한다. Java 와 C++ 의 기본 문법, API, 사용례를 익히고, 상속, 캡슐화, 다형성등 객체기반 프로그래밍의 핵심 개념을 배운다. 또한 실습을 통해 바르게 동작하고 높은 품질을 갖춘 객체지향 소프트웨어를 작성하는 능력을 키운다.* 강의 및 실습 모두 대면강의 진행 예정입니다.",,,,,True,True
37950,논리설계,전학년,1학기,4.0,전필,"디지털 논리 회로는 컴퓨터 뿐 아니라 각종 디지털 전자 기기의 하드웨어를 구성하는 기본 요소이며 이 강좌를 통해서 기본 지식을 학습한다. 학생들은 논리회로를 구성하는 기본 소자, 조합회로와 순차회로의 설계 이론을 배운다. 이와 병행하여 학습한 이론을 실험을 통해 확인하여 하드웨어 설계의 기초를 공고히 한다.",,,,,True,False
37951,논리설계,전학년,2학기,4.0,전필,"디지털 논리 회로는 컴퓨터 뿐 아니라 각종 디지털 전자 기기의 하드웨어를 구성하는 기본 요소이며 이 강좌를 통해서 기본 지식을 학습한다. 학생들은 논리회로를 구성하는 기본 소자, 조합회로와 순차회로의 설계 이론을 배운다. 이와 병행하여 학습한 이론을 실험을 통해 확인하여 하드웨어 설계의 기초를 공고히 한다.",Contemporary Logic Design,,,프로그래밍경험이 요구됨,True,False
37952,논리설계,전학년,1학기,4.0,전필,"디지털 논리 회로는 컴퓨터 뿐 아니라 각종 디지털 전자 기기의 하드웨어를 구성하는 기본 요소이며 이 강좌를 통해서 기본 지식을 학습한다. 학생들은 논리회로를 구성하는 기본 소자, 조합회로와 순차회로의 설계 이론을 배운다. 이와 병행하여 학습한 이론을 실험을 통해 확인하여 하드웨어 설계의 기초를 공고히 한다.",,,,,True,False
37953,논리설계,전학년,1학기,4.0,전필,"디지털 논리 회로는 컴퓨터 뿐 아니라 각종 디지털 전자 기기의 하드웨어를 구성하는 기본 요소이며 이 강좌를 통해서 기본 지식을 학습한다. 학생들은 논리회로를 구성하는 기본 소자, 조합회로와 순차회로의 설계 이론을 배운다. 이와 병행하여 학습한 이론을 실험을 통해 확인하여 하드웨어 설계의 기초를 공고히 한다.",,,,,True,False
37954,시스템프로그래밍,전학년,1학기,4.0,전필,"컴퓨터 시스템은 하드웨어, 시스템 소프트웨어, 응용(혹은 사용자) 소프트웨어로 구성된다. 시스템 소프트웨어는 프로그램을 기계가 이해할 수 있는 언어로 환원하고, 또 이것을 하드웨어상에서 다른 프로그램과 협조하여 효율적으로 실행될 수 있도록 함. 따라서 이 과목에서는 운영체제 등의 시스템 소프트웨어, 입출력 기법, 인터넷/웹 프로그래밍 등에 대하여 학습함. 프로그램 작성연습에 많은 시간이 요구됨.",,,,컴퓨터구조,True,True
37955,시스템프로그래밍,전학년,2학기,4.0,전필,"[영어강의] 이 과목에서는 운영 체제와 시스템 프로그래밍을 학습한다. 운영 체제의 중요 개념인 프로세스 관리, 메모리 관리, 파일 시스템과 입출력, 네트워크 프로그래밍, 병렬 프로그래밍 및 동기화 관련 내용들을 배운다. 수강생은 각각의 주제에 대해 이론적인 개념을 적용하는 프로젝트를 수행하여 시스템 프로그래밍을 실제적으로 수행할 수 있는 경험을 쌓는다.",,,,4190.308 Computer Architecture / 컴퓨터구조,True,True
37956,자료구조,전학년,1학기,3.0,전필,"컴퓨터로 문제해결을 하는 과정에서 필요하게 되는 개념이나 대상물의 표현을 위한 자료구조와 문제해결을 위한 체계적 사고 방법을 배운다. 큐, 스택, 검색 트리, 해시 테이블 등의 자료구조와 그래프를 이용한 문제 해결 방법 등이 중요한 주제들이다.",쉽게 배우는 자료구조 with 자바,,,,True,True
37957,자료구조,전학년,2학기,3.0,전필,,,,,,True,True
37958,컴퓨터비전,전학년,2학기,3.0,전선,"오늘날 많은 정보는 시각적으로 표현되며 디지털로 처리된다. 사진, 영화, 텔레비전, 의료 영상, 인쇄, 로봇 인지, 보안 등 무수히 많은 응용 분야에서 디지털 이미지와 비디오를 활용하고 있다. 본 과목은 인공지능 및 컴퓨터 비전에 관심이 있는 학부 4학년생을 대상으로 하며, 디지털 영상 처리와 컴퓨터 비전에 관련한 기초적인 개념과 방법론을 배운다. 아울러 프로그래밍으로 구성된 과제들과 학기 프로젝트를 통해 실제 영상을 다루는 경험을 쌓는데 주안점을 둔다.",,Computer Vision: Algorithms and Applications,,없음,True,True
37959,컴퓨터 신기술 특강,전학년,1학기,3.0,전선,,,,,,True,False
37960,컴퓨터 신기술 특강,전학년,2학기,3.0,전선,최신 데이터베이스의 이해,,,,,True,False
37961,데이터마이닝 개론,전학년,1학기,3.0,전선,첨부화일 참고,,,,,True,True
37962,데이터마이닝 개론,전학년,2학기,3.0,전선,"데이터 마이닝은 대용량 데이터에서 유용한 패턴을 찾기 위한 이론과 기법을 의미한다. 데이터 마이닝은 웹 검색, 추천 시스템, 사기 탐지, 사이버 보안 등 중요한 응용에 활용되고 있다. 본 과목에서는 데이터 마이닝을 위한 중요 알고리즘과 이론을 설명한다. 주요 학습 주제로 유사 개체 검색, 빈발 패턴 검색, 링크 분석, 링크 예측, 추천 시스템, 데이터 스트림 마이닝, 클러스터링, 그래프 마이닝, 시계열 예측, 이상 탐지 등을 다룬다.",,,,"Algorithm, Basic Probability, Programming",True,True
37963,데이터베이스,전학년,2학기,3.0,전선,,,,,,True,True
37964,데이터통신,전학년,1학기,3.0,전선,The aim of this course is to provide a unified overview in data and computer communications.The lecture series emphasize basic principles and topics  of data communications (Layers 1 ~ 3).,"Data and Computer Communications, 10th Ed.","Computer Networking:  A Top Down Approach, 7th Edition",,,True,True
37965,인터넷 보안,전학년,2학기,3.0,전선,"인터넷 보안 시스템을 근본적으로 이해하기 위해서는 암호기술 및 그 수학적 원리를 알아야 가능하다.  본 강의에서는 먼저 암호 기술들을 이해하기 위해 필요한 정수론, 이산 로그, 소인수분해, 해시 함수 등을 설명한다. 그 뒤에는 대칭키 암호기법, 공개키 암호기법, 디지털 서명, 키 관리 등 기본 보안 기술을 다루고, 마지막으로 그 뒤에 공개키기반구조(PKI), 비트코인, TLS, 웹 보안, Tor 등 응용 보안 기술을 다룬다.",,,,,True,True
37966,소프트웨어 개발의 원리와 실습,전학년,1학기,4.0,전선,"중대형 소프트웨어를 설계하고 구현하는데 필요한 실용적인 소프트웨어 개발 원리를 배우고 이 원리를 조별 프로젝트를 통해 실제로 중대형 소프트웨어를 개발하는데 적용한다. 이 경험을 바탕으로 올바르고 성능 좋은 소프트웨어를 개발할 수 있는 사고력, 자신감, 능력을 갖추도록 한다.",,,,,True,False
37967,소프트웨어 개발의 원리와 실습,전학년,2학기,4.0,전선,"이 과목은 중대형 소프트웨어를 설계하고 구현하는데 필요한 실용적인 소프트웨어 개발 원리를 배운다. 배운 원리를 한 학기동안 진행하는 조별 프로젝트를 통해 실제로 중대형 소프트웨어를 개발하는데 적용한다. 각 조는 새로운 머신러닝 기반 웹 서비스를 제안하고, 제안한 서비스를 개발하고 클라우드에서 운영하는 경험을 한다. 이 경험을 바탕으로 올바르고 성능 좋은 소프트웨어를 개발할 수 있는 사고력, 자신감, 능력을 갖추도록 한다.",,,,자료구조,True,False
37968,양자 컴퓨팅 및 정보의 기초,전학년,1학기,3.0,전선,"양자 컴퓨터는 기존 정보처리장치에서 비효율적인 연산을 양자시스템의 고유한 성질을 활용하여 효율적으로 해결하는 장치이다. 이 강의는 양자 컴퓨터의 작동원리를 이해하는데 필요한 간단한 계산 이론에 대한 소개와 선형대수 기반의 수학적으로 추상화된 양자역학의 기초를 소개한 후, 이를 바탕으로 양자 회로를 구성하는데 필요한 양자 게이트들과 이들을 활용한 양자 알고리즘을 살펴보는 것을 내용으로 한다. 또한, 대표적인 양자암호 프로토콜들에 대해 살펴보고 양자 오류정정 부호 등 양자 정보의 전반적인 기초 지식과 최근 연구 동향에 대해서도 소개한다.<p style=""color:red;"">* 본과목은 한학기 이상의 선형대수를 선수과목으로 요구하므로, 강의 초반에 2시간 정도 선형대수에 대한 리뷰를 한 후 4/5(화) 수업 시간 시작할 때 선형대수에 대한 간단한 quiz를 볼 예정이니 참고하기 바랍니다. quiz에서 다룰 선형대수 내용이 궁금한 학생들은 2020년도 Lecture 1~5에 해당하니 SNUON에 있는 강의를 참고하거나, 본 과목의 ETL이 열리면 2020년도 Lecture 1~5 강의 녹화본을 올려놓을 예정이니 이 내용들을 참고하기 바랍니다. 특히 이전에 선형대수를 수강하지 않은 학생 중 본 강의를 수강하고자 하는 학생들은 반드시 SNUON에 있는 이 강의 녹화본을 확인한 후 본인 수준에 맞는 강의인지 스스로 판단한 후 수강신청하기를 권합니다. </p><p style=""color:red;"">또한 이번 학기의 중간고사와 기말고사 일정을 고정하여 아래에 게시해놨으니,  만약 다른 과목과의 일정이 겹치는 경우에는 내년 수업이나 SNUON강의를 활용하기 바랍니다.</p><p style=""color:red;"">(청강은 수업의 행정 처리 등 다양한 이슈들 때문에 받지 않을 예정이니, 청강을 희망하는 학생들은 2020년 1학기 한국어 수업 전체가 올려져 있는 SNUON 강의를 활용하시기 바랍니다.)</p>",,,,Linear algebra or equivalent. Also this class requires basic understanding of Boolean logic (선형대수 또는 이에 해당하는 과목 . 또한 기초적인 Boolean logic에 대한 이해를 전제로 함),True,False
37969,컴퓨터교육의 실무응용,전학년,1학기,3.0,전선,"컴퓨터공학부의 교육을 받고 사회로 진출하는 졸업생들은 다른 사람들과 컴퓨터 관련 지식과 경험을 공유하게 된다. 이 교과목의 목표는 수강생들이 컴퓨터공학 교육의 다양한 교수법을 익히고 이를 교육현장에서 활용할 수 있는 능력을 기른다. 이를 위해서 본 교과목에서는 학생들은 먼저 강의전달 기법, 학습과정의 이해, 학생 중심의 강의법, 학생과의 상호작용, 이러닝 등의 교수법을 배운다. 그 후에 이러한 교수법들이 학교 내에서 진행되는 컴퓨터공학부 강좌의 강의, 숙제, 실험 들을 통해 수업 현장에서 어떻게 이루어지는지를 체험하고, 수강생들이 수업 이해도를 개선할 수 있도록 학습 지도를 수행한다.",,,,,True,False
37970,컴퓨터교육의 실무응용,전학년,2학기,3.0,전선,"컴퓨터공학부의 교육을 받고 사회로 진출하는 졸업생들은 다른 사람들과 컴퓨터 관련 지식과 경험을 공유하게 된다. 이 교과목의 목표는 수강생들이 컴퓨터공학 교육의 다양한 교수법을 익히고 이를 교육현장에서 활용할 수 있는 능력을 기른다. 이를 위해서 본 교과목에서는 학생들은 먼저 강의전달 기법, 학습과정의 이해, 학생 중심의 강의법, 학생과의 상호작용, 이러닝 등의 교수법을 배운다. 그 후에 이러한 교수법들이 학교 내에서 진행되는 컴퓨터공학부 강좌의 강의, 숙제, 실험 들을 통해 수업 현장에서 어떻게 이루어지는지를 체험하고, 수강생들이 수업 이해도를 개선할 수 있도록 학습 지도를 수행한다.",,,,,True,False
37971,자연언어처리 개론,전학년,2학기,3.0,전선,"This class is an introductory undergraduate course on natural language processing, for students who are familiar with machine learning and neural models. We will discuss fundamental concepts in information retrieval, text processing, and natural language understanding. Students will be exposed to new ideas from research and discuss how they complement with classsical concepts discussed in the lecture.",,,,,True,False
37972,딥러닝의 기초,전학년,1학기,3.0,전선,"Recent advances in machine learning and deep learning enabled remarkably realistic modeling of highdimensional raw data (natural images, audio, and natural language corpora) and agents interacting with complex real environment. The goal of the class is to cover the underlying *theoretical* foundations of the recent topics in machine learning and deep learning including adversarial attacks, deep metric learning, generative models, information theory, and reinforcement learning. There will be coding assignments implementing the ideas on GPU enabled compute servers.",,Deep Learning,,Linear algebra; Probability and Statistics; Multivariate Calculus,True,True
37993,최적화모형 및 응용,전학년,2학기,3.0,전선,"최적화란, ‘제약조건을 만족하는 대안의 집합 중에서 의사결정권자의 목적함수를 최적화하는 해를 찾는 이론 일체’라고 정의 할 수 있다. 경영과학을 포함한 최적화 과목은 대부분의 경우 기법과 이론을 습득한 후, 응용분야에 적용하는 “bottomup” 방식의 접근법을 취한다. 본 과목에서는, 그러나, 현실의 문제들이 먼저 주어지고 이를 어떻게 풀 것인가를 궁리하는 “topdown”의 방식을 취한다. 왜냐하면 이것이 공학도가 현실문제와 만나는 방식이며 따라서 학생들의 현실문제 해결 능력을 고양하는 강의방식이라고 믿기 때문이다.이를 위해 다양한 분야, 생산시스템, 전력시스템, 데이터과학, 금융 및 서비스 산업에서의 현실적인 최적화 문제를 다양한 모형화 기법(LP, MIP, QP, SP 등)을 이용하여 해결하는 문제해결 중심의 강의이다. 또한 기본적인 수리적 모형화 기법과 이를 실제로 구현할 소프트웨어도구 및 관련 모델링 언어의 소개가 이루어질 것이며, 수강생들은 이를 습득하고 활용할 수 있는 능력을 갖추게 된다.",,,,경영과학1,False,True
37998,산업공학통계,전학년,1학기,3.0,전필,"<산업공학통계>는 확률, 추정과 검정, 회귀분석, 실험계획 및 분산 분석, 비모수 통계 등을 기본적인 방법론으로 하여 산업공학뿐만 아니라 사회과학, 자연과학, 경영경제, 공학 등에서 제기되는 다양한 현실문제들을 프로그램 언어인 Python 또는 R를 사용하여 통계학적으로 분석하고 그 의미를 도출하는 방법을 학습하는 과목이다.",,,,공학수학2,False,True
38002,빅데이터 산업응용,전학년,1학기,2.0,전선,,,,,,False,True
38003,선형 및 비선형 최적화,전학년,1학기,3.0,전선,,,,,,False,True
38044,공정제어 및 설계,전학년,2학기,3.0,전선,"이 수업을 통해 다음의 내용을 학습하고 해당 능력을 갖춘다. 동특성을 갖는 공정에 대한 1차원리, 실험적 모델을 구성하고 이에 대응하는 전달함수 모델을 만든다. 되먹임 제어기를 설계하고 조율하며 Matlab Simulink 환경에서 이를 구현해본다. 구성한 제어루프의 안정성과 성능을 해석한다. 선형공정의 주파수 응답을 도출하고 해석한다. 피드백 제어외에도 피드포워드 제어, 다단 제어와 시간지연 보상, 다중입출력을 다루는 고급제어기법에 대해 간단히 소개한다.",Process Dynamics and Control Technique (4th Ed),,,"공학수학1, 공정전산기초, 반응공학, 열및물질전달 / Engineering Math 1, Mass and Energy Balances, Chemical Reaction Engineering, Heat and Mass Transfer",False,True
38054,전기화학,전학년,1학기,3.0,전선,전기화학의 기본 개념 이해전기화학 분석법 소개 및 원리 이해전기화학의 공학적 응용 설명,"Electrochemical methods, Fundamentals and Applications",전기화학,,,False,True
38089,건축전기 및 조명이론,전학년,2학기,3.0,전필,첨부 강의 계획서 참조 바랍니다.,,,,,False,True
38143,인공지능시스템 설계 프로젝트,전학년,1학기,2.0,전선,"본 과정에서는 인공지능에 대한 개요 및 Deep Learning에 대해 이해하며, Tensorflow 개념 및 기초 Programming 실습을 진행한다. 그리고 Deep Learning 기반 Object Detection 방법과 무인점포 개발 응용을 위한 학습 Trainset 자동생성방법을 실습을 통해 익힌다. 또한 AI Chip이 내장된 NPU가속기 Board와 nVidia Jetson TX2 Board를 이용하여 YOLO V3 Object Detection 실습을 진행한다. 마지막으로 nVidia CUDA를 이용한 GPU Programming 개념 및 병렬 Programming 실습을 통해 GPU 구조에 대해 배운다.",,,,,True,True
38144,인공지능시스템 설계 프로젝트,전학년,2학기,2.0,전선,,,,,,True,True
38145,인공지능시스템 설계 프로젝트,전학년,2학기,2.0,전선,"AI의 다양한 기술요소 중에서 최근에는 특히 머신러닝(Machine Learning, 기계학습), 딥러닝(Deep Learning)이 큰 주목을 받고 있다. 머신러닝은 프로그래머가 일일이 코드로 명시하지 않은 동작을 컴퓨터가 데이터로부터 학습해 실행할 수 있도록 하는 AI 기술이다. 딥러닝은 머신러닝을 효과적으로 수행하기 위한 하나의 기법이며 컴퓨터 스스로 데이터를 통해 특징을 추출하고 이를 기반으로 학습을 함으로써 AI 성능을 개선한다. 본 과정에서는 인공지능에 대한 개요 및 deep learning에 대해 이해하며 TensorFlow 개념 및 기초 programming 실습을 진행한다. 그리고 Deep Learning 기반 Object Detection 방법과 무인점포 개발 응용을 위한 학습 trainset 자동 생성 방법을 실습을 통해 익힌다. 아두이노를 이용한 기초 Programming 실습과 AI Chip이 내장된 TPU 가속기 Board와 nVidia Jetson TX2 Board를 이용하여 YOLO V3 Object Detection 실습을 진행한다. 마지막으로 nVidia CUDA를 이용한 GPU Programming 개념 및 병렬 Programming 실습을 통해 GPU 구조에 대해 배운다.",,,,,True,True
38146,인공지능 반도체 회로 설계 프로젝트,전학년,2학기,2.0,전선,"AI 연산을 위한 GPU 등의 하드웨어는 반도체 공정을 통해 만들어지는 VLSI 회로로 구현된다. 본 과정에서는, VLSI 설계에 사용되는 CAD Tool을 활용하여, fullcustom VLSI 회로를 구현하는 방법을 실습으로 배운다. 기본 적인 logic gate에서부터 출발하여, GPU의 핵심 구성 요소 중 하나인 ALU까지 transistor level에서 직접 설계하고, layout까지 완수하는 것을 목표로 한다.",자체 Handout,,,,True,True
38147,인공지능 반도체 소자 설계 프로젝트,전학년,2학기,2.0,전선,"AI 반도체 소자를 제작하기 위한 공정을 이해하고 이를 바탕으로 소자 설계 프로젝트를 수행. 다양한 공정에 대해 학습하고 공정 시뮬레이션 실습을 수행한 후, 이를 집적하여 소자 제작이 이루어지는 과정 이해. 소자 설계를 위해 필요한 소자 시뮬레이션 기법을 습득하고, 이를 활용하여 인공지능 반도체 소자를 설계하고 검증.",,나노 전자 소자,,,True,True
38148,인공지능 하드웨어 설계프로젝트,전학년,1학기,2.0,전선,AI 시스템 설계 프로젝트(H/W),,,,,True,True
38149,인공지능 하드웨어 설계프로젝트,전학년,2학기,2.0,전선,,,,,,True,True
38150,인공지능 심화 프로젝트,전학년,1학기,3.0,전필,,,,,,True,True
38151,인공지능 심화 프로젝트,전학년,2학기,3.0,전필,"연합전공 인공지능 학생들의 필수과목으로 본 학기의 전 학기에 기업체 또는 연구실 인턴 모집 참여해 합격하고, 방학중 인턴 수행 후 다음 학기에 또는 학기중 인턴 수행하며 본 과목 수강 합니다.",,,,,True,True
38152,인공지능 이론 및 응용 세미나,전학년,1학기,1.0,전필,Understanding the principles of AI technology and its real applications,,,,,True,True
38153,인공지능 이론 및 응용 세미나,전학년,2학기,1.0,전필,Understanding the principles of AI technology and its real applications,,,,,True,True
38154,AI와 법,전학년,1학기,3.0,전선,,,,,,True,True
38155,AI와 법,전학년,2학기,3.0,전선,,,,,,True,True
44972,교통계획,3,1학기,3.0,전공필수,"교통혼잡을 해결하기 위해서는 교통수요를 정확히 예측하고 주어진 자원을 수요에 따라 적정 시설공급에 효율적으로 배분하고 효과적으로 관리하고 운영하는 계획이 필요하다. 교통계획은 각종 교통문제를 체계적, 종합적으로 해결하기 위한 일련의 계획과정으로서 현황조사 및 분석, 과학적인 방법을 이용한 수요예측, 시설과 서비스의 대안 분석 및 평가, 최선의 대안 선택, 대안의 시행 및 관리를 하는 과정이다. 본 교과는 교통문제의 다변화에 따라 발생되고 있는 각종 문제점에 대한 기본적인 개념을 제시하고 교통계획과 관련된 제반사항을 검토하여 교통관련 정책을 입안하고 결정할 수 있는 기초능력을 제공하는데 그 목적이 있다.","1. 원제무, 최재성, 교통공학, 박영사, 1998.  2. 노정현, 교통계획통행수요이론과 모형, 나남출판, 1999",,"1. 대한교통공학회 교통계획위원회, 교통계획의 이해, 청문각, 1998.  2. 김대웅, 도시종합교통계획, 형설출판사, 1994. 3. 원제무, 도시교통론, 박영사, 1998.  4. 임강원, 도시교통계획 : 이론과 모형, 서울대학교 출판부, 1992. 기타 교통계획관련 소프트웨어",교통공학(2학년2학기),False,True
44992,교통계획실습,4,1학기,3.0,전공선택,"본 수업의 목적은 현장실습을 통한 교통문제를 해결하는 실무능력 증진에 있다. 교통계획수업의 통행발생, 통행분포, 수단선택, 노선배정 등의 4단계 교통수요예측에 대한 다양한 수학적 통계학적 방법론의 이론을 컴퓨터 프로그램을 활용하여 분석하는 과정을 습득하게 된다. 이를 위해 QRS와 GNE의 프로그램을 배운다. 또한 현재 엔지니어링 회사에서 주로 사용하고 있는 교통관련 분석 프로그램인 T7f, Vissim, HCS(Highway Capacity Software) 등을 배워 향후 취업에 도음이 될수 있도록 한다. 기타 공공기관(한국도로공사, 한국도로교통공단 등) 필기시험에 대비한 도로의 기하구조 설계에 대한 내용도 제공된다.",Transportation Engineering,,"Traffic Engineering, M. Bonatti, ITE, 1990원재무, Transportation Engineering, Park Young Sa, 2000컴퓨터 실습(공대 9913), 교통공학실습 기자재(공대 9901,  805)","교통공학개론, 교통계획",False,True
45003,제어시스템설계,3,1학기,3.0,전공선택,항공기(무인기)와 우주선을 비롯하여 로봇과 자동화시스템 등 항공우주 및 기계전자시스템의 제어에 관한 원리를 이해하고 기초적인 설계과정을 연습한다.,,,,,False,True
45008,공학수치해석,2,1학기,3.0,전공선택,"컴퓨터의 성능 향상에 따른 현대의 수치 해석은 다양한 공학적 문제를 신속하고 정확하게 해결하는데 있어 필수적인 과정이다. 본 강의에서는 수치 해석의 기본이 되는 수학 이론과 개념을 확실히 이해하고, FORTRAN, C, MATLAB 등을 이용한 실제 프로그램의 작성을 통하여 알고리듬 구현 능력을 배양한다.참고사항현재 코로나19의 확산으로 인하여, 대면 또는 비대면 수업의 예측이 어려운 상태입니다. 대학에서는 일방적으로 대면수업을 원칙으로 하나, 향후 수강인원, 강의실 사정, 학생과 교수의 건강권 문제 등을 고려하여 수업 방식이 변경될 수 있습니다. 예년의 경우 수강생이 40명 전후로 공대 9호관 일반 강의실에서 거리두기시 수용이 불가능하며, 전면 비대면 (영상자료 제공 및 실시간 비대면 수업)으로 진행하였습니다.",,,,공업수학,False,True
45022,항공우주공학프로젝트,4,2학기,3.0,전공선택,학부생들의 창의적 연구 활동을 지원하고 전공 분야 역량을 함양하기 위한 졸업연구 학부생들에게 연구 참여 기회를 제공함으로써 연구개발현장에서 필요한 실무역량 강화,,,,,False,True
45094,자동제어,3,2학기,3.0,전공선택,"기계공학도로서 시스템을 자동화하기 위하여 제어 개념과 시스템 분석에 대한 이론을 배운다. 즉 제어시스템의 분석 및 설계에 필요한 지식과 응용 능력을 배양하기 위하여 시스템의 고전 제어이론 해석에 대하여 공부하고, 아울러 현대제어 이론의 기초를 배운다. 동적모델의 선형화, 물리계의 전달함수, Feedback 제어시스템의 모델링, 시스템 성능평가, 과도응답 특성, 성능지수, 영점극점의 영향, 근궤적법, 주파수 응답 해석, 안정성 평가와 설계, 상태공간 개념과 해석 등에 대하여 학습한다. 예제문제 풀이를 통하여 이해를 심화시키고 응용력을 키운다. 아울러 제어공학 학습용 프로그램을 사용하여 시뮬레이션을 수행하고 실습함으로써 제어이론을 이해시키며 기초를 확립한다.",,"R. C. Dorf & R. H. Bishop 지음 (이동익 외 옮김). (2017). 최신제어시스템, 13판. 퍼스트북",,공업수학,False,True
45102,수치해석법,3,1학기,3.0,전공선택,"공학적 계산문제에 대하여 컴퓨터를 이용한 수학적 풀이과정을 이해한 뒤, 수치적 모델링 및 해석, 결과 분석능력을 배양한다. 특히 학생이 직접 프로그램을 작성함으로써 수치적 문제해결 능력을 부여한다. 또한 물리적 현상에 대한 공학적으로 가치있고 효율적인 답을 얻는 다양한 수치해석적 기법들에 대해 이해한다.",,"Steven C.Chapra. (2019). Applied Numerical Methods with MATLAB, 4/e. McGraw Hill",,"컴퓨터프로그래밍의 기초, 공업수학",False,True
45103,수치해석법,3,1학기,3.0,전공선택,"공학적 계산문제에 대하여 컴퓨터를 이용한 수학적 풀이과정을 이해한 뒤, 수치적 모델링 및 해석, 결과 분석능력을 배양한다. 특히 학생이 직접 프로그램을 작성함으로써 수치적 문제해결 능력을 부여한다. 또한 물리적 현상에 대한 공학적으로 가치있고 효율적인 답을 얻는 다양한 수치해석적 기법들에 대해 이해한다.",,"Steven C.Chapra. (2019). Applied Numerical Methods with MATLAB, 4/e. McGraw Hill",,"컴퓨터프로그래밍의 기초, 공업수학",False,True
45109,로봇공학,4,2학기,3.0,전공선택,로봇 메니퓰레이터를 구동하기 위한 이론적 배경을 학습한다.로봇 메니퓰레이터의 작업을 계획하고 이를 수행하기 위한 프로그래밍을 할 수 있다.로봇 제어에서 해결해야 하는 문제들을 이해하고 다양한 제어기법의 필요성을 인식한다.,,John J. Craig. (2005). 로보틱스 입문 3판. 피어슨에듀케이션코리아,,"자동제어, MATLAB",False,True
45170,머신러닝개론,2,1학기,3.0,전공선택,머신러닝에 대한 기초 수학 및 기본 지식을 강의하여 향후 심화 학습을 위한 근간이 되게 하고 궁극적으로 딥러닝 등 머신러닝 기반의 기계공학적 응용에 활용될 수 있도록 한다.,,,,"컴퓨터과학과코딩, 수학2",False,True
45171,머신러닝개론,2,1학기,3.0,전공선택,머신러닝에 대한 기초 수학 및 기본 지식을 강의하여 향후 심화 학습을 위한 근간이 되게 하고 궁극적으로 딥러닝 등 머신러닝 기반의 기계공학적 응용에 활용될 수 있도록 한다.,,,,"컴퓨터과학과코딩, 수학2",False,True
45197,전기전자공학개론,2,2학기,3.0,전공선택,"전기,전자공학분야는 비약적으로 신기술이 개발되고 있으며, 교육환경도 급속히 변화하고 있다. 이러한 시대의 변화에 능동적으로 대처하기 위해 우리는 기초지식을 강화하여야 한다. 전기 전자공학개론은 기본적으로 습득해야할 이론지식을 현장사례 연구를 통하여 더욱 전문적이고 체계적인 학습을 하고자 한다.",,,,,False,True
45198,전기전자공학개론,2,2학기,3.0,전공선택,"전기,전자공학분야는 비약적으로 신기술이 개발되고 있으며, 교육환경도 급속히 변화하고 있다. 이러한 시대의 변화에 능동적으로 대처하기 위해 우리는 기초지식을 강화하여야 한다. 전기 전자공학개론은 기본적으로 습득해야할 이론지식을 현장사례 연구를 통하여 더욱 전문적이고 체계적인 학습을 하고자 한다.",,,,,False,True
45219,로봇공학,4,2학기,3.0,전공선택,"최근 구글 딥마인드에서 개발한 알파고 인공지능 에이전트가 바둑이라는 복잡한 게임에서 휴먼(Human) 을 이길 수 있고 인간의 지적 능력을 뛰어 넘을  수 있다는 가능성을 보여줌으로써 인공지능의 로봇공학 응용에 대한 관심 증대와 더불어 인공지능 연구가 필수 지표임을 보여주었다.인공지능의 로봇 응용분야는 일상 생활에서 사용하고 있는 가전제품(퍼지 세탁기, 청소로봇), 바리스타 커피 로봇, 대화형 로봇 뿐 만 아니라 자율주행자동차, 드론 및 무인이동체까지응용범위가 전방위적으로 확대되고 있다.본 과목에서는 지능형 로봇 설계를 위해서 기본적인 로봇 모델링을 바탕으로 지능형 로봇을 위한 인공지능 기법에 대해서 소개하고자 한다.인공지능 기법으로는 인공지능 기본 개념과 탐색과 추론 개념, 인공신경망 소개, 심층학습 신경망 개념, 영상 인식  기법을 소개하고자 한다.이해를 돕기 위하여 파이썬으로 이루어진 실습 예제를 활용하여 실무적인 개념을 높이고자 하였다.",,,,없음 (실습 코딩 배포 예정),False,True
45289,제어계측공학,3,1학기,3.0,전공필수,"제어공학은 우주선시스템, 미사일시스템, 로봇시스템과 같은 공학 및 과학분야의 학생에게 매우 중요한 교과목이다. 제어 공학의 기본 개념을 이해하고 실제문제에 응용하여 기본적인 제어기의 설계를 할 수 있는 능력을 기른다. 그렇기 때문에, 제어 시스템 기초를 다루기 전, 반드시 직전학기에 수강하였던 전기전자공학기초에서 7장 이후 내용을 수강해야 한다. 따라서, 이번학기에서는 전기전자공학 7장부터 수업을 진행하고, 마지막 챕터까지 진행한 다음, 아래의 제어계측공학커리쿨럼을 진행할 계획이다.",,신윤기. (). 전기전자공학길라잡이. GS인터비전,,전기전자공학,False,True
45290,제어계측공학,3,1학기,3.0,전공필수,"제어공학은 우주선시스템, 미사일시스템, 로봇시스템과 같은 공학 및 과학분야의 학생에게 매우 중요한 교과목이다. 제어 공학의 기본 개념을 이해하고 실제문제에 응용하여 기본적인 제어기의 설계를 할 수 있는 능력을 기른다. 그렇기 때문에, 제어 시스템 기초를 다루기 전, 반드시 직전학기에 수강하였던 전기전자공학기초에서 7장 이후 내용을 수강해야 한다. 따라서, 이번학기에서는 전기전자공학 7장부터 수업을 진행하고, 마지막 챕터까지 진행한 다음, 아래의 제어계측공학커리쿨럼을 진행할 계획이다.",,신윤기. (). 전기전자공학길라잡이. GS인터비전,,전기전자공학,False,True
45303,전기전자공학,2,2학기,3.0,전공필수,전기전자 공학 전반에 걸친 기본 이론과 소자 이론에 대해서 이해한다. 일반 물리학과 전자기학에 기반을 둔 기초 이론 수업에 집중한다.,전기전자공학 길라잡이,,,일반 물리학,False,True
45308,전기화학개론,2,1학기,3.0,전공선택,"본 수업은 전기차 배터리와 바이오 센서의 핵심 학문인 전기화학의 기본을 정리하여 관련 업체로의 진출 혹은 대학원 진학시 필요한 기초 학문에 관한 내용에 대해서 수학합니다. 전기화학의 기본 원리인 전기 회로와 제어공학 일부 원리 그리고 열역학적 기본을 다루고, 전극과 전해질 계면을 이해하고 전기화학반응 속도와 분석방법에 대해서 학습합니다.",강의자료,,,"제어공학, 계측공학, 전기전자공학, 일반화학",False,True
45311,제어계측공학기초,3,1학기,3.0,전공선택,제어계측공학의 기본 개념을 이해하고 실제문제에 응용하여 기본적인 제어기의 설계를 할 수 있는 능력을 기른다.,처음만나는 자동제어공학,,,전기전자공학,False,True
45313,마이크로전기기계시스템,4,1학기,3.0,전공선택,"1.	To introduce fundamental design and microfabrication concepts of BioMEMS, micro Total Analysis Systems (microTAS), and labonachip system.2.	To expose students to the relevant biomedical and biological applications.3.	To help students to fully understand the course through homework and midterm & final exams.4.	To teach students how to write and evaluate a BioMEMS research proposal as a term project.",Handouts and PPT,,,,False,True
45322,임베디드시스템설계,3,1학기,3.0,전공선택,"자율주행 전기자동차/로봇등에 활용될 수 있는 임베디드 시스템의 기초및 LabVIEW FPGA 기반의 프로그래밍 실습을 통해, 마이크로 프로세서 시스템을 이해한다.",임베디드 시스템 설계,,,C language,False,True
45350,수치해석,3,1학기,3.0,전공선택,최근 컴퓨터의 급속한 발달과 보급이 확산됨에 따라 컴퓨터를 이용한 수치계산 문제의 해결 방법을 익히는 과정이 필수 불가결하게 되었다. 기계공학 분야에서도 거의 모든 시스템을 컴퓨터를 이용하여 모델링하고 모의시험을 통해 시스템을 해석하고 설계한다. 본 과목에서는 기계시스템의 모의시험에서 수반되는 필수적인 수치해석 문제에 대한 기본적인 내용을 익히게 된다. 본 과목에서는 MATLAB을 이용하여 수치해석을 수행한다.,,,,공업수학,False,True
45355,제어공학,3,1학기,3.0,전공필수,전기전자 공학 및 컴퓨터와 관련된 하드웨어와 소프트웨어의 기술이 급격히 발전함에 따라 거의 모든 기계시스템은 자동 제어 기능을 가지게 되었다. 그래서 제어공학은 거의 모든 기계 장치에서 필수적으로 요구되는 분야가 되었다. 본 과목은 연속시간 선형 제어시스템(continuous linear control system)을 해석하고 설계하기 위한 여러 이론 및 기법 들을 소개 하고자한다.,,,,공업수학,False,True
45356,제어공학,3,1학기,3.0,전공필수,전기전자 공학 및 컴퓨터와 관련된 하드웨어와 소프트웨어의 기술이 급격히 발전함에 따라 거의 모든 기계시스템은 자동 제어 기능을 가지게 되었다. 그래서 제어공학은 거의 모든 기계 장치에서 필수적으로 요구되는 분야가 되었다. 본 과목은 연속시간 선형 제어시스템(continuous linear control system)을 해석하고 설계하기 위한 여러 이론 및 기법 들을 소개 하고자한다.,,,,공업수학,False,True
45388,전기전자공학개론,2,2학기,3.0,전공선택,"현대의 기계공학 분야는 전기전자공학 및 광공학을 접목한 첨단 광메카트로닉스 기술로 융합되어 가고 있으며, 관련 산업계의 주요 시스템을 이해하기 위해서는 전기, 전자, 광 등에 대한 이해가 필수적이다. 본 과목은 전기전자 기본 요소의 작동 원리를 이해하여 전기전자 회로 시스템을 분석하고 실제 제작할 수 있는 기본 역량 습득에 목표가 있다.",,,,,False,True
45401,시스템수치해석,3,2학기,3.0,전공필수,최근 컴퓨터의 급속한 발달과 보급이 확산됨에 따라 컴퓨터를 이용한 수치계산 문제의 해결 방법을 익히는 과정이 필수 불가결하게 되었다. 기계공학 분야에서도 거의 모든 시스템을 컴퓨터를 이용하여 모델링하고 모의시험을 통해 시스템을 해석하고 설계한다. 본 과목에서는 기계시스템의 모의시험에서 수반되는 필수적인 수치해석 문제에 대한 기본적인 내용을 익히게 된다. 본 과목에서는 MATLAB을 이용하여 수치해석을 수행한다.최근 컴퓨터의 급속한 발달과 보급이 확산됨에 따라 컴퓨터를 이용한 수치해석 문제의 해결방법을 익히는 과정이 필수 불가결하게 되었다. 기계공학 분야에서도 거의 모든 시스템을 컴퓨터를 이용하여 모델링하고 모의시험을 통해 시스템을 해석하고 설계한다. 본 과목에서는 기계시스템의 모의ㅣ험에 수반되는 필수적인 수치해석 문제에 대한 기본적인 내용을 익히게 된다. 본 과목에서는 MATLAB을 이용하여 수치해석을 수행한다.,,,,공업수학,False,True
45407,지능로봇시스템및실습,3,2학기,3.0,전공선택,"지능로봇시스템및실습 수업에서는 로봇 기구학과 야코비안 등 로봇의 이해를 위한 기본적인 지식을 익히는것을 목표로 합니다. 또한, 강의 시간에 익힌 내용에 기반하여 시뮬레이션 툴을 이용한 로봇 제어 실습을 수행합니다. 수업의 난이도는 공업수학과 기초프로그래밍 수업을 이수한 학생이면 어렵지 않게 수강이 가능할것입니다. 본 수업의 내용을 통하여 로봇의 분석, 설계, 제어에 대한 기본적인 개념을 수립하는것이 최종 목표입니다.",,,,,False,True
45408,마이컴프로그래밍응용,4,2학기,3.0,전공선택,마이컴프로그래밍은 최근 IoT분야의 급격한 발전으로 매우 주목받고 있는 분야로 본 교과를 통해 프로그래밍의 기본을 배우며 마이컴프로그래밍을 통한 physical programming의 방법론에 대해서 학습한다. 본 교과는 아두이노와 라즈베리파이를 활용한 마이컴프로그래밍 이해를 교과목표로 하고 있으며 아두이노를 기반으로 구동되는 자율주행시스템에 대한 팀 실습을 통해 Embedded System에 대한 구현방법을 습득하고자 한다.,,,,,False,True
45483,고전압공학,3,2학기,3.0,전공선택,"고전압은 단순히 전기 분야 뿐 아니라 각종 물리 현상을 응용하는 여러 산업 분야와 연구 분야에 걸쳐 광범위하게 적용되고 있다. 따라서, 본 강의에서는 고전압의 필요성 및 개론을 언급하고, 기타 고전압의 응용 부분에 대해 충분히 이해하고 설명할 수 있도록 한다.",,"김종일, 전병훈, 이석준. (2017). 고전압공학. 진샘미디어",,전자기학(권장),True,False
45484,신호및시스템,3,1학기,3.0,전공선택,"This course covers fundamentals of signal and system analysis, focusing on representations of discretetime and continuoustime signals (singularity functions, complex exponentials and geometrics, Fourier representations, Laplace and Z transforms, sampling) and representations of linear, timeinvariant systems (difference and differential equations, block diagrams, system functions, poles and zeros, convolution, impulse and step responses, frequency responses).",,,,회로이론 2,True,True
45485,전기기기 1,3,1학기,3.0,전공필수,This course is directed to study and investigate principles of electromechanical energy conversion. The key physical and electrical principles of transformers are described through electrical equivalent circuits. The structure and operation principles of dc machines are also introduced.,,"A. E. Fitzgerald 외 2인. (2014). Electric Machinery, 7th Edition. McGRAW Hill",,,True,True
45486,전기기기 2,3,2학기,3.0,전공선택,This course is directed to study and investigate major types of ac electric machines. The key physical and electrical principles of induction and synchronous machines are described through electrical equivalent circuits. The operation and control of ac machines are also introduced.,,"A. E. Fitzgerald 외 2인. (2014). Electric Machinery, 7th Edition. McGRAW Hill",,전기기기 1,True,True
45487,전기기기실험,3,2학기,3.0,전공선택,"전기에너지변환원리에 입각한 전기기기의 동작 원리와 특성을 실험을 통하여 확인하는 데에 본 수업의 핵심 목표가 있다. 학부 전기기기1, 2에서 학습한 등가회로에 입각한 전기기기 동작 원리와 특성을 실제 실험을 통하여 비교 분석한다.",,,,. 전기기기1,True,True
45488,전기기기실험,3,2학기,3.0,전공선택,"전기에너지변환원리에 입각한 전기기기의 동작 원리와 특성을 실험을 통하여 확인하는 데에 본 수업의 핵심 목표가 있다. 학부 전기기기1, 2에서 학습한 등가회로에 입각한 전기기기 동작 원리와 특성을 실제 실험을 통하여 비교 분석한다.",,,,. 전기기기1,True,True
45489,전력시스템공학,3,1학기,3.0,전공필수,"현대 산업 사회에서의 전력 시스템의 역할과 위상에 대하여 이해하고, 이의 해석및 운용에 필요한 기본적인 원리를 이해한다. 또한, 전력 계통의 구성요소인 송전선, 변압기, 발전기 등 전기 설비를 모델링하는 방법을 숙지하여, 정상상태에서 전력 시스템을 해석하는 데 필요한 이론 습득",,,,,True,False
45490,전자기학 1,2,1학기,3.0,전공필수,전기공학에 필요한 전자기적 기본법칙 이해,,,,일반물리학 2,True,True
45491,전자기학 2,2,2학기,3.0,전공선택,"1학기에 배운 정전계 이론을 바탕으로 정자계, 시변전자계, 맥스월 방정식 및 평면파에 대하여 공부한다.",,,,전자기학 1,True,True
45492,전자장응용,4,2학기,3.0,전공선택,전자기학적인 개념을 중심으로 문제풀이를 통하여 기본 개념과 전자장 응용을 공부한다,,Hayt원저. (2021). 전자기학 9판. McGraw Hill,,"전자기학1,2",True,True
45493,제어공학,3,1학기,3.0,전공필수,"This course is directed to study mathematical theory for understanding and analyzing control systems. Modeling of a physical system in a time domain and a frequency domain is introduced.  Using the system model, analyzing and understanding a time response of a system using a transfer function and a state equation will be also introduced in this course.",,,,공업수학 2,True,True
45494,제어시스템설계,3,2학기,3.0,전공선택,"Objective of this class is developing control system based on properly designed physical model. Also, different types of analysis method for control system are taught in this class. At the end of class, students will be able to design a controller and analyze theoretically and implement in simulation.",,,,Control engineering 1,True,True
45495,확률및통계,2,1학기,3.0,전공선택,"전자정보공학 엔지니어를 위한 확률 및 통계 이론을 다룬다. 주요 내용은 확률, 확률변수, 통계, 표본분포, 가설검사를 포함한다.",,,,,True,True
45496,회로이론 1,2,1학기,3.0,전공필수,"회로이론은 전기및 전자공학 분야에서 가장 기본이 되는 회로의 해석 및 설계를 체계화한 학문으로 전기공학 전공 학생들은 반드시 수강해야 할 필수과목이다.본 강의에서는 기본이 되는 선형회로의 해석을 중점으로 공부한다. 먼저 회로의 변수들은 무엇인지, 회로의 구성요소들은 어떠한 것들이 있는지, 또 수동소자와 는동소자는 어떻게 다른지를 공부한다.그리고 회로해석에 필요한 원리와 법칙들을 공부하고 문제를 통해 회로변수들을 구해보고, 에너지 저장소자에 관하여 학습한다.",,,,,True,True
45497,회로이론 1,2,1학기,3.0,전공필수,"회로이론은 전기및 전자공학 분야에서 가장 기본이 되는 회로의 해석 및 설계를 체계화한 학문으로 전기공학 전공 학생들은 반드시 수강해야 할 필수과목이다.본 강의에서는 기본이 되는 선형회로의 해석을 중점으로 공부한다. 먼저 회로의 변수들은 무엇인지, 회로의 구성요소들은 어떠한 것들이 있는지, 또 수동소자와 는동소자는 어떻게 다른지를 공부한다.그리고 회로해석에 필요한 원리와 법칙들을 공부하고 문제를 통해 회로변수들을 구해보고, 에너지 저장소자에 관하여 학습한다.",,,,,True,True
45498,회로이론 2,2,2학기,3.0,전공선택,회로이론1 에서 학습한 직류 회로 해석법을 기반으로 교류 회로 해석법을 강의한다.,,,,회로이론 1(필수),True,True
45499,회로이론 2,2,2학기,3.0,전공선택,회로이론1 에서 학습한 직류 회로 해석법을 기반으로 교류 회로 해석법을 강의한다.,,,,회로이론 1(필수),True,True
45500,플라즈마응용공학,4,1학기,3.0,전공선택,"전기공학의 응용분야 중 고전압 플라즈마의 기초, 발생, 진단, 응용에 관한 지식을 습득한다. 수업 시 전반부는 강의로 후반부는 각 테마별 발표로 진행한다.",,"정진욱. (2016). 플라즈마 전자공학. 청문각F. F. Chen, J P. Chang. (2003). Lecture Notes on Principle of Plasma Processing. Plenum Publishers",,고전압공학,True,False
45501,창의적공학설계입문,1,1학기,3.0,전공선택,"수업목표를 달성하기 위하여 이론교육과  설계실습교육을 실시하는데 실습 시간동안에는 각 5~6명의로 팀을 구성하고 팀별로 자유주제를 선정하며 이를 창의적 공학 설계 기법을 활용하여 해결하는 과정의 프로젝트를 수행하며 그 결과를 발표하고 수정 및 지적사항 평가등을 거쳐 완성해 나간다. 결과적으로 이러한 수업 활동을 통하여 수강생들에게 공학설계 능력에 필수적인 창의적 사고, 팀 활동, 의사소통능력을 통한 창의적 문제해결 능력을 증진시키는 것을 수업목표로 한다.",,,,,True,False
45502,전기회로기초설계,2,2학기,3.0,전공선택,"전기공학전문 프로그램의 첫 번째 요소설계과목으로 RLC 회로 소자를 사용한 기초실험을 수행할 수 있고, 공학설계의 개념과 전기회로 이론에 따른 기초설계를 수행할 수 있다.",,이중순. (2007). 공학설계의 기초. (주)북스힐,,창의적공학설계입문,True,True
45503,전기회로기초설계,2,2학기,3.0,전공선택,"전기공학전문 프로그램의 첫 번째 실험 및 설계과목으로 실험도구 사용법을 익히고,   RLC 회로 소자를 사용한 전기회로의 구성과 특성을 실험하고,  이를 바탕으로 전기회로를 이용한 기초설계를 수행할 수 있다.",,이중순. (2007). 공학설계의 기초. (주)북스힐,,창의적공학설계입문,True,True
45504,설계소프트웨어실습,2,2학기,3.0,전공선택,"본 강의 및 실습에서는 전기, 전자회로 등을 설계하고 회로 특성을 평가할 수 있는 프로그램에 관한 내용을 다룬다. 강의 내용은 PSPICE와 MATLAB에 관한 일반적인 내용을 습득하고 회로 설계 등을 통하여 회로의 특성을 시뮬레이션하고 평가한다.",,이용성외 3인. (2016). PSpice Designer. 복두출판사박민기외 3인 공역. (2017). 매트랩의 기초. 인터비젼,,회로이론1(권장),True,False
45505,설계소프트웨어실습,2,2학기,3.0,전공선택,"본 강의 및 실습에서는 전기, 전자회로 등을 설계하고 회로 특성을 평가할 수 있는 프로그램에 관한 내용을 다룬다. 강의 내용은 PSPICE와 MATLAB에 관한 일반적인 내용을 습득하고 회로 설계 등을 통하여 회로의 특성을 시뮬레이션하고 평가한다.",,이용성외 3인. (2016). PSpice Designer. 복두출판사박민기외 3인 공역. (2017). 매트랩의 기초. 인터비젼,,회로이론1(권장),True,False
45506,전기공학종합설계,4,1학기,3.0,전공선택,"저학년에서 배운 지식 및 기술을 기초로 하고, 기초설계 및 주요 요소설계 교과목의 설계경험을 바탕으로 일련의 설계의 구성요소와 현실적 제한조건을 대부분 고려하여, 설정한 공학문제를 해결할 수 있는 능력을 함양한다.",,창의공학. (). 창의공학. 인터비젼,,전기회로기초설계,True,True
45507,전기공학종합설계,4,2학기,3.0,전공선택,"저학년에서 배운 지식 및 기술을 기초로 하고, 기초설계 및 주요 요소설계 교과목의 설계경험을 바탕으로 일련의 설계의 구성요소와 현실적 제한조건을 대부분 고려하여, 설정한 공학문제를 해결할 수 있는 능력을 함양한다.",,창의공학. (). 창의공학. 인터비젼,,전기회로기초설계,True,True
45508,에너지융합개론,1,2학기,3.0,전공선택,기존의 에너지 생산 기법을 이해하고 신기술에 의한 에너지 생산기법을 습득한다.  환경오염에 관한 문제점과 해결방안에 대한 기술적인 방법을 습득한다.  에너지융합 분야의 개발 및 연구의 필요성을 설명할 수 있다.,,윤천석. (2014). 신재생에너지2판. 인터비젼,,,True,False
45509,디지털논리공학,1,2학기,3.0,전공선택,"디지털 시스템의 설계 및 해석을 위한 디지털 논리 및 회로 설계 방법을 숙지한다. 먼저 디지털 기본 소자의 동작 특성을 이해하고, 이들 기본 소자를 이용하여 각종 조합 논리회로 및 순서 논리회로의 설계 및 동작 특성을 학습한다.",,,,해당사항없음,True,True
45510,신재생에너지공학및실험,3,2학기,3.0,전공선택,본 수업을 통해 다음의 내용을 이해한다1. 신재생발전원의 특성2. 전력계통의 운영3. 신재생발전원의전력계통 연계시 논점,,국경수. (2018). 신재생발전기 실험. 여름커뮤니케이션,,없음,True,False
45511,전기회로기초실험,2,1학기,3.0,전공필수,"전기공학전문 프로그램의 첫 번째 실험과목으로 실험도구 사용법을 익히고, 이를 바탕으로 전기회로를 이용한 기초실험을 수행할 수 있다.",,,,일반물리학실험2,True,True
45512,전기회로기초실험,2,1학기,3.0,전공필수,"전기공학전문프로그램의첫번째실험과목으로실험실 안전과 실험도구사용법 등을익히고,이를바탕으로전기회로를이용한기초실험을수행할수있다.",,,,일반물리학실험2,True,True
45513,전자회로응용실험,3,1학기,3.0,전공선택,"실무 능력 강화를 위하여 엔지니어가 갖추어야 할 1)전자회로를 구성하는 주요소자(다이오드, 트랜지스터, 연산증폭기 등)를 이용하여 회로를 구성할 수 있고, 2) 측정 장비를 사용할 수 있는 능력을 실험을 통하여 배양한다. 또한, 이를 바탕으로 주어진 설계과제를 수행하는 능력을 함양하는 데 있다.",,,,전자회로 또는 전자회로1,True,True
45514,전자회로응용실험,3,1학기,3.0,전공선택,"실무 능력 강화를 위하여 엔지니어가 갖추어야 할 1)전자회로를 구성하는 주요소자(다이오드, 트랜지스터, 연산증폭기 등)를 이용하여 회로를 구성할 수 있고, 2) 측정 장비를 사용할 수 있는 능력을 실험을 통하여 배양한다. 또한, 이를 바탕으로 주어진 설계과제를 수행하는 능력을 함양하는 데 있다.",,,,전자회로 또는 전자회로1,True,True
45515,전력시스템운영및제어,3,2학기,3.0,전공선택,"전력 시스템의 정상상태 해석의 근간인 조류계산 및 경제운용에 필요한 원리를 이해하고, 외란 발생 시 전력 시스템의 동기유지 여부를 판정하는 안정도의 기본적인 개념을 숙지 할 수 있다.",,국경수. (). PSS/E 프로그램 개요 및 모의해석 절차.,,전력시스템공학,True,True
45516,반도체소자 1,2,1학기,3.0,전공선택,The purpose of this course is to provide the student with the essential background on semiconductor materials and a basic understanding of the following semiconductor electronic devices that will be required for a successful career in electrical engineering.,,Donald A Neamen. (2011). Semiconductor Physics & Devices. McGrawHill Higher Education,,물리,True,True
45517,반도체소자 2,2,2학기,3.0,전공선택,Modern device electronics: Unipolar devices with the MOS field effect transistor as a logic device and circuit considerations; basic concepts of generationrecombination and the PN junction as capacitors and current rectifier with applications in photonics; bipolar transistors as amplifiers and switching threeterminal devices.,Solid state electronic devices 7thBEN G. STREETMANPrentice Hall2015,,,"물리, 반도체 소자 1",True,True
45518,스마트그리드,4,1학기,3.0,전공선택,지능형전력망의 개념을 이해하고 지능형전력망 구축을 통한 인류복지 증진의 기여를 논한다.,,,,,True,False
45519,광전자공학,4,1학기,3.0,전공선택,"빛의 기본 특성(간섭, 회절, 편광 등)을 이해하고 이를 간단한 수학식으로 표현할 수 있다.레이저, PD(photodiode), 광섬유, 광증폭기 등 광전자 및 광통신 주요 소자의 구조, 동작원리와 특성을 이해한다.공부한 내용을 광통신, 광계측, 광신호처리, 디스플레이, 반도체 등에 사용되는 광학적 응용에 적용하여 관련 시스템 전반의 이해를 도모한다.",,,,전자기학 2,True,True
45520,반도체소자,3,2학기,3.0,전공선택,"본 교과에서는 전자회로의 기초가 되는 반도체 물성 이론과 기본적인 양자역학의 개념을 복습하고 이를 통해 다양한 반도체 구조 및 소자(금속반도체 접합, BJT, MOSFET)의 특성을 학습하는 것을 목표로 한다. 나아가 집적회로에서의 전자소자(MOSFET)의 스케일링에 따른 물리적 현상과 이를 극복하기 위한 FinFET, Nanosheet FET 신기술 내용을 학습하고 TCAD 시뮬레이션을 활용한 MOSFET 설계 실습을 수행한다.1. 반도체 물성의  기본 개념 이해2. 반도체 접합 및 금속반도체 접합의 물성 이해3. MOS 캐피시터와 MOSFET의 물성 및 동작 특성 이해4. 집적회로에서의 MOSFET 축소화와 멀티게이트  MOSFET 소개",,"Ben Streerman, Sanjay Banerjee. (2014). Solid State Electronic Devices(7th Edition) . Pearson Education",,"반도체물리전자, 전자기학, 전자회로1",True,True
45521,반도체소자,3,2학기,3.0,전공선택,1. 반도체 물성의  기본 개념 이해2. 반도체 접합 및 금속반도체 접합의 물성 이해3. MOS 캐피시터와 MOSFET의 물성 및 동작 특성 이해4. 집적회로에서의 MOSFET 축소화와 멀티게이트  MOSFET 소개,,"Ben Streerman, Sanjay Banerjee. (2014). Solid State Electronic Devices(7th Edition) . Pearson Education D. A. Neamen. (2011). Semiconductor Physics and Devices (4th Edition). McGrawHill Higher Education",,"반도체물리전자, 전자기학, 전자회로1",True,True
45522,선형대수학,2,1학기,3.0,전공선택,"선형대수는 전기, 전자공학의 기초가 되는 과목으로 회로이론, 신호 및 시스템, 디지털신호처리, 통신, 제어공학 등을 배우는데 필수적으로 필요한 과목이다. 벡터, 선형방정식, 행렬과 이에 관한 이론, 선형 변환, 차원과 구조 등에 대해 공부한다.",,,,일반수학,True,True
45523,선형대수학,2,1학기,3.0,전공선택,"선형대수는 전기, 전자공학의 기초가 되는 과목으로 회로이론, 신호 및 시스템, 디지털신호처리, 통신, 제어공학 등을 배우는데 필수적으로 필요한 과목이다. 벡터, 선형방정식, 행렬과 이에 관한 이론, 선형 변환, 차원과 구조 등에 대해 공부한다.",,,,,True,True
45524,선형대수학,2,1학기,3.0,전공선택,"선형대수는 전기, 전자공학의 기초가 되는 과목으로 회로이론, 신호 및 시스템, 디지털신호처리, 통신, 제어공학 등을 배우는데 필수적으로 필요한 과목이다. 벡터, 선형방정식, 행렬과 이에 관한 이론, 선형 변환, 차원과 구조 등에 대해 공부한다.",,,,,True,True
45525,선형대수학,2,1학기,3.0,전공선택,"선형대수는 전기, 전자공학의 기초가 되는 과목으로 회로이론, 신호 및 시스템, 디지털신호처리, 통신, 제어공학 등을 배우는데 필수적으로 필요한 과목이다. 벡터, 선형방정식, 행렬과 이에 관한 이론, 선형 변환, 차원과 구조 등에 대해 공부한다.",,,,일반수학,True,True
45526,신호및시스템,2,2학기,3.0,전공필수,"In this course, we are going to study time and frequency domain representation of signals and systems. The linear analog circuits studied in circuit theory will be used as a typical system example to study input and output relation, impulse response of the system, transfer function, frequency response, and convolution. The course is taught in English.",,MIT courseware. (2016). MIT courseware on signals and systems. MIT,,Calculus; Basic circuit theory I.,True,True
45527,신호및시스템,2,2학기,3.0,전공필수,"아날로그 및 디지털 신호의 종류와 성질, 이들 신호를 편리하게 다루기 위한 각종 변환, 시스템의 성질에 대하여 학습한다.",,,,수학 2,True,True
45528,신호및시스템,2,2학기,3.0,전공필수,"In this course, the mathematical expression for signal and system in time domain as well as frequency domain is studied. Through understanding of the convolution concept,among input  signal,output signal and symtem's impulse response, design and analysis for getting the desired signal is studied. In order to understand the above mentioned study object, the essential tools such as Fourier Transform,Laplace transform and Z transform are studied and many examples are exercised.",,,,Mathematics 2,True,True
45529,신호및시스템,2,2학기,3.0,전공필수,"아날로그 및 디지털 신호의 종류와 성질, 이들 신호를 편리하게 다루기 위한 각종 변환, 시스템의 성질에 대하여 학습한다.",,,,수학 2,True,True
45530,알고리즘,4,2학기,3.0,전공선택,"전자공학 전공에서 필요한 알고리즘에 대한 기본 지식을 익히고, 간단한 예제에 응용할 수 있는 능력을 배양한다.(첫 시간 사전이해도의 결과에 따라 강의 방향과 내용이 조정될 수 있음.)",,,,선형대수학 (필수)확률및통계C언어기초자료구조,True,True
45531,영상처리,4,1학기,3.0,전공선택,"영상처리는 인공지능과 딥러닝을 활용하는 핵심 응용분야 중 하나이다. 본 교과목의 목표는 영상 데이터에 대하여 이해하고 활용하는 방법을 익히는 것이다. 이를 위하여, 디지털 영상처리의 핵심 이론에 대하여 배우고, 파이썬과 opencv를 기반으로 영상처리 프로그래밍을 실습한다.",,"정성환, 배종욱. (2020). OpenCVPython으로 배우는 영상 처리 및 응용. 생능출판",,없음,True,True
45532,운영체제,4,1학기,3.0,전공선택,"운영체제의 기본 이론과 이와 관련한 응용 구조 및 이론을 학습한다.컴퓨터의 운영원리 및 이를 기반으로 한 자원관리, 프로세스, 메모리 관리 등의 이론을 학습한다.",,,,,True,True
45533,인공지능,3,1학기,3.0,전공선택,"이 과정은 기계 학습의 입문 학부 과정입니다. 기계 학습은 이미지, 비디오, 음성을 포함한 데이터에서 예측 또는 결정을 내리는 수학적 모델 및 알고리즘을 개발하는 것을 목표로 합니다. 우리가 주로 다룰 주제는 선형 회귀, 로지스틱 회귀, 의사 결정 트리, 앙상블 학습, 차원 축소, 클러스터링 및 딥러닝 신경망입니다. 이 과정을 통해 4차 산업혁명의 기초인 인공지능의 최첨단 기계 학습 방법에 대해 이해할 수 있습니다.",,크리스토퍼 비숍. (). 패턴 인식과 머신 러닝. 제이펍,,,True,True
45534,전력전자공학,4,1학기,3.0,전공선택,"학부에서 배운 기초 전공 이론 (반도체, 회로, 시스템 등)을 활용할 수 있는 내용을 강의할 계획입니다. 학부 전공 이론의 Review와 함께, 전력 (Electric Power)을 다루는 전자 (Electronics) 기술을 공부합니다. 다양한 산업 사례 (전기발전, 전기자동차, 에너지변환 등)를 소개하며, 학생들의 이해가 쉽도록 진행합니다.",,,,"공업수학, 회로이론, 전자회로",True,True
45535,전자기학 1,2,1학기,3.0,전공필수,"모든 전기전자공학의 기본이 되는 전기 및 자기에 대한 자세한 이론을 공부한다. 구체적인 내용으로는 기초적인 벡터 해석, 전계의 세기, 전속밀도, 에너지와 전위, 도체와 유전체, 정전용량, Laplace's Equation의 해석과 풀이 등이며, 3차원의 좌표변환과 미분 적분의 응용, 선적분과 면적적분, 미분방정식의 해법 등에 대한 지식도 겸하여 얻어진다. 원서강의를 통하여 외국 전문기술서적을 읽고 이해하는 능력도 얻게 된다.",,,,일반물리학 2,True,True
45536,전자기학 1,2,1학기,3.0,전공필수,"전자기학은 전기력과 자기력 현상을 수학적으로 기술하고 이에 대한 이해를 다루는 과목으로, 전자기학 1은 그 중 전기력 현상을, 그리고 전자기학 2에서는 자기력 현상 및 전자기파 관련한 부분을 공부한다. 전자기학 1의 주요 수업목표는 다음과 같다.1. 수학적인 툴(벡터, 좌표계, 적분, 미분방정식 등)을 이용하여 전기력 현상을 수학식으로 표현하고 그 식을 풀어 해를 얻을 수 있도록 연습한다.2. 전자기력 현상(전자파 등)에 대한 큰 그림을 이해하기 위하여 '전기장의 세기를 구하는 법'을 중심으로 전기력 현상(전기장)에 대한 이해를 쌓는다.3. 전자기력 현상을 기존의 유무선통신, 회로, 센서 및 광학적 응용과 연관시켜 이해할 수 있는 능력을 기른다.",,"William Hayt, Jr.. (2012). Engineering Electromagnetics 8th Ed.. MeGrawHill",,일반물리학 2,True,True
45537,전자기학 1,2,1학기,3.0,전공필수,"모든 전기전자공학의 기본이 되는 전기 및 자기에 대한 자세한 이론을 공부한다. 구체적인 내용으로는 기초적인 벡터 해석, 전계의 세기, 전속밀도, 에너지와 전위, 도체와 유전체, 정전용량, Laplace's Equation의 해석과 풀이 등이며, 3차원의 좌표변환과 미분 적분의 응용, 선적분과 면적적분, 미분방정식의 해법 등에 대한 지식도 겸하여 얻어진다. 원서강의를 통하여 외국 전문기술서적을 읽고 이해하는 능력도 얻게 된다.",,,,일반물리학2,True,True
45538,전자기학 1,2,1학기,3.0,전공필수,"전자공학 전 분야의 지식을 배우고 활용하는데 기초가 되는 전자기학 이론에 대해 학습한다.1학기에 강의하는 전자기학 1에서는 교재 16장에 해당하는 벡터연산, 전기장 기초, 가우스법칙, 전기에너지와 퍼텐셜, 도체반도체유전체 차이, 정전용량 부분을 다룬다.",,,,일반물리학,True,True
45539,전자기학 2,2,2학기,3.0,전공선택,"전자기학 1에서 전기력, 전기장, 전기에너지, Capacitance에 대해 배웠다면,전자기학 2에서는 자기장 (7장), 자기력, Inductance (8장) 등에 대해 배우고, 시간에 따라 변하는 전기장 및 자기장의 효과에 대해 학습한 후 Maxwell 방정식을 통해 전기장 및 자기장에 대한 이론을 종합한다 (9장).추가적으로 전자기학 2에서는 광학, 초고주파공학 등의 기초가 되는 전자기 평면파의 성질에 대해 학습한다 (11, 12장).",,,,"전자기학 1, 공업수학 1",True,True
45540,전자기학 2,2,2학기,3.0,전공선택,"자기장의 형성에 대해서 공부하고 자기장세기를 구하는 방법을 다룬다. 전기장과 자기장의 세기가 시간에 따라 변할 때, 이들이 서로 연관되어 전자기파를 형성하는 것을 배운다. 맥스웰의 방정식을 정리하고 그 의미를 공부한다.전자기파의 실용적인 예로서 평면파의 진행과 반사, 굴절 등에 대해서 공부한다.",,,,전자기학 1,True,True
45541,전자기학 2,2,2학기,3.0,전공선택,"자기장의 형성에 대해서 공부하고 자기장세기를 구하는 방법을 다룬다. 전기장과 자기장의 세기가 시간에 따라 변할 때, 이들이 서로 연관되어 전자기파를 형성하는 것을 배운다. 맥스웰의 방정식을 정리하고 그 의미를 공부한다.전자기파의 실용적인 예로서 평면파의 진행과 반사, 굴절 등에 대해서 공부한다.",,,,전자기학 1,True,True
45542,전자기학 2,2,2학기,3.0,전공선택,전자기장의 해석에 필요한 벡터 해석을 토대로 자유공간과 물질 내에서의 전계와 자계의 형성을 표현한 이론 및 시변계에서의 전계와 자계가 상호연관 되어 동작하는 원리를 이해한다.,,,,전자기학 1,True,True
45543,전자회로 1,2,2학기,3.0,전공선택,"전자회로는 전자공학의 핵심 학문의 요소로서 메모리나 통신 및 신호처리 등에서 사용되는 전자회로의 기본 원리 및 응용을 배우는 과목이다. 전자회로 과목은 전자회로1 과 전자회로2 및 실험으로 구성되는데,  이번 학기에 다룰 전자회로 1은 전자회로의 기초를 마련하는 과정으로써 전자회로에 관한 개론 및 p형과 n형 반도체를 접합하여 만든  다이오드, BJT, MOSFET 구조, 특성, 동작원리와 해석 및 관련 등가회로를 학습한 다음 이를 토대로 응용회로의 기본이 되는 증폭기 회로를 해석하고 설계할 수 있는 능력을 함양하는데 있다.",,,,,True,True
45544,전자회로 1,2,2학기,3.0,전공선택,"회로이론1에서 학습한 기초지식을 바탕으로 전자회로의 개론에 대해 알아보고 나아가 p형 반도체와 n형 반도체로 구성되는 pn 다이오드, BJT, MOSFET의 구조, 기본동작 원리, 등가회로, 기초 응용회로를 학습한다. 이를 토대로 응용회로의 기본이 되는 증폭기 회로를 해석하고 설계할 수 있는 이론 지식과 능력을 함양하도록 한다.",,,,회로이론1,True,True
45545,전자회로 1,2,2학기,3.0,전공선택,"전자회로에 관한 학습은 전자회로1 과 전자회로2 및 실험으로 이루어져 있다. 그러므로 이번학기에 다룰 전자회로 1은 전자회로로 이루어진 용용회로를 다룰 수 있도록 밑바탕을 마련하는 과정으로써 전자회로에 관한 개론 및 p형과 n형 반도체를 접합하여 만든 기본적인 전자회로 관련소자인 다이오드, BJT, MOSFET 구조, 특성, 동작원리와 해석을 위한 등가회로를 학습한 다음 이를 토대로 응용회로의 기본이 되는 증폭기 회로를 해석하고 설계할 수 있는 능력을 함양하는데 있다.",,,,회로이론 1 물리전자,True,True
45546,전자회로 1,2,2학기,3.0,전공선택,"전자회로는 전자공학의 핵심 학문의 요소로서 메모리나 통신 및 신호처리 등에서 사용되는 전자회로의 기본 원리 및 응용을 배우는 과목이다. 전자회로 과목은 전자회로1 과 전자회로2 및 실험으로 구성되는데,  이번 학기에 다룰 전자회로 1은 전자회로의 기초를 마련하는 과정으로써 전자회로에 관한 개론 및 p형과 n형 반도체를 접합하여 만든  다이오드, BJT, MOSFET 구조, 특성, 동작원리와 해석 및 관련 등가회로를 학습한 다음 이를 토대로 응용회로의 기본이 되는 증폭기 회로를 해석하고 설계할 수 있는 능력을 함양하는데 있다.",,,,,True,True
45547,전자회로 2,3,1학기,3.0,전공선택,"전자회로1에서 배운 OP Amp, Diode, BJT 및 FET등의 내용을 기초로 하여, 더 복잡하고 심화된 고급 전자회로를 집적회로 구현을 목표로 하여 학습한다.  이를 위해서, FET를 기반으로하는 증폭기들의 주파수 특성, 차동 증폭기, 궤환회로, OP amp의 내부회로 및 아날로그 필터회로를 배우며, 이들 회로의 해석과 설계능력을 배양한다.",,,,전자회로 1,True,True
45548,전자회로 2,3,1학기,3.0,전공선택,"전자회로1에서 배운 OP Amp, Diode, BJT 및 FET등의 내용을 기초로 하여, 더 복잡하고 심화된 고급 전자회로를 집적회로 구현을 목표로 하여 학습한다.  이를 위해서, FET를 기반으로하는 증폭기들의 주파수 특성, 차동 증폭기, 궤환회로, OP amp의 내부회로 및 아날로그 필터회로를 배우며, 이들 회로의 해석과 설계능력을 배양한다.",,,,전자회로 1,True,True
45549,전자회로실험,3,1학기,3.0,전공필수,"전자회로에서 학습한 이론을 실험을 통하여 확인함으로써 이론에 대한 이해를 깊게 하며, 이론과 측정치의 차이를 규명함으로써 간략화된 이론 및 측정 오차 등의 한계를 인식하도록 한다. 또한 피측정 회로의 설계 방법 및 구현 방법, 부품에 대한 이해, 측정 장비의 사용법 등을 익혀 전자회로의 구현 능력을 배양한다.",,,,전자회로 1,True,True
45550,전자회로실험,3,1학기,3.0,전공필수,"Course objectivesUpon successful completion of this course, students will be able to:Design electronic circuits with diodes, transistors, and operational amplifiers. Build and test electronic circuits.",,,,전자회로 1,True,True
45551,전자회로실험,3,1학기,3.0,전공필수,"전자회로에서 학습한 이론을 실험을 통하여 확인함으로써 이론에 대한 이해를 깊게 하며, 이론과 측정치의 차이를 규명함으로써 간략화된 이론 및 측정 오차 등의 한계를 인식하도록 한다. 또한 피측정 회로의 설계 방법 및 구현 방법, 부품에 대한 이해, 측정 장비의 사용법 등을 익혀 전자회로의 구현 능력을 배양한다.",,,,"회로이론, 전자회로 1",True,True
45552,전자회로실험,3,1학기,3.0,전공필수,"전자회로에서 학습한 이론을 실험을 통하여 확인함으로써 이론에 대한 이해를 깊게 하며, 이론과 측정치의 차이를 규명함으로써 간략화된 이론 및 측정 오차 등의 한계를 인식하도록 한다. 또한 피측정 회로의 설계 방법 및 구현 방법, 부품에 대한 이해, 측정 장비의 사용법 등을 익혀 전자회로의 구현 능력을 배양한다.",,,,"회로이론, 전자회로 1",True,True
45553,전자회로실험,3,1학기,3.0,전공필수,"전자회로에서 학습한 이론을 실험을 통하여 확인함으로써 이론에 대한 이해를 깊게 하며, 이론과 측정치의 차이를 규명함으로써 간략화된 이론 및 측정 오차 등의 한계를 인식하도록 한다. 또한 피측정 회로의 설계 방법 및 구현 방법, 부품에 대한 이해, 측정 장비의 사용법 등을 익혀 전자회로의 구현 능력을 배양한다.",,,,전자회로 1,True,True
45554,전자회로실험,3,1학기,3.0,전공필수,"전자회로에서 학습한 이론을 실험을 통하여 확인함으로써 이론에 대한 이해를 깊게 하며, 이론과 측정치의 차이를 규명함으로써 간략화된 이론 및 측정 오차 등의 한계를 인식하도록 한다. 또한 피측정 회로의 설계 방법 및 구현 방법, 부품에 대한 이해, 측정 장비의 사용법 등을 익혀 전자회로의 구현 능력을 배양한다.",,,,전자회로 1,True,True
45555,정보이론,4,1학기,3.0,전공선택,"디지털 데이터의 압축을 다루는 소스부호화 (source coding)를 학습한 후, 디지털 통신 환경에서 오류 없이 최대로 전송할 수 있는 채널 용량을 학습한다. 소스부호화는 고정길이 부호, 가변길이 부호, Huffman 부호화 등을 학습하고, 채널부호화는 LTE 및 5G NR 이동통신 시스템에서 사용되는 LDPC 코드의 기초를 학습한다.",,"Ransan Bose 저 (이재진, 정하봉 공역). (2008). 정보와 부호이론. 한티미디어B. M. J. Leiner. (2005). LDPC codes a brief tutorial.",,"디지털통신시스템(권장과목), 확률및통계(권장과목),",True,False
45556,제어시스템설계,3,2학기,3.0,전공선택,"Root Locus와 주파수 응답의 원리를 배우고, 제어공학기초에서 배운 이론을 적용하여 실제 제어기를 설계하는 방법을 배운다.",,,,제어공학기초,True,True
45557,제어시스템설계,3,2학기,3.0,전공선택,"주파수 영역에서의 시스템 해석법을 간단하게 배우고, 본 강의에서는 상태공간에서 시스템을 해석하는 방법과 제어기 설계하는 방법에 대하여 집중적으로 다룬다.",,,,제어공학기초,True,True
45558,초고주파공학,3,2학기,3.0,전공선택,"Maxwell 방정식을 토대로 전자기파의 자유공간 및 물질 내에서의 파동방정식을 이해하고, 초고주파 전송선로에서의 파동방정식에 의한 전류와 전압, 임피던스 정합의 해석, Smith chart의 활용, 초고주파 전송을 위한 도파관 해석, 결합선로의 해석에 대해 이해한다. 아울러 초고주파 수동회로들의 컴퓨터 설계, 제작, 시험, 측정결과 발표 등을 통해 초고주파 회로설계과정을 익힌다.",,"박기수, 박한규. (1980). 초고주파공학. 청문각",,"창의적공학설계입문,전자기학 2",True,False
45559,컴퓨터구조,3,1학기,3.0,전공선택,"본 과정은  현대의 디지털컴퓨터의 구성요소를 소개하며, 각 요소들의 기능과 상호동작을 이해하는데 중점을 두어 컴퓨터 프로그래머로서 프로그래밍 환경을 잘 이해할 수 있도록 하고, 하드웨어 설계개념을 습득하여 고성능 컴퓨터 설계를 위한 기본 개념과 기술들을 접할 수 있도록 한다.",,,,"디지털 논리 회로, C언어기초",True,True
45560,컴퓨터네트워크,3,2학기,3.0,전공선택,컴퓨터와 네트워크의 결합에 의한 컴퓨터 상호간 통신을 목적으로 구성된 컴퓨터 네트워크를 프로토콜(소프트웨어) 중심으로 학습한다.,,,,"컴퓨터구조, C언어, 데이터통신",True,True
45561,통신공학,3,1학기,3.0,전공선택,Studies on analog communications theory and systems.,,,,Signals and Systems; Circuits 1 & 2,True,True
45562,통신공학,3,1학기,3.0,전공선택,"아나로그 또는 디지탈 파형을 갖는 정보 신호를 유,무선 통신 매체를 이용하여 전송하는 방법(변조)을 이해한다.그리고  유,무선 통신 매체를 통해서 전송되면서 왜곡된 정보 신호를 복원하는 방법(복조)를 이해한다.통신 신호의 설계 및 성능 분석을 위해 통신 신호를 시간 축 영역과 주파수 축에서 표현하고 해석하는 방법을 이해한다.",,,,"전지가기학 , 전자회로 ,신호 및 시스템",True,True
45563,통신공학,3,1학기,3.0,전공선택,"통신공학의 기본이론을 학습하고, Matlab을 이용한 실습 및 라디오 제작을 통해 이론을 확인한다. 신호해석의 기본이 되는 Fourier 변환을 복습하고, 변조 및 복조의 개념, 잡음해석, 진폭변조, 주파수변조, 위상변조에 대해 학습하고 실험장치를 이용하여 실습한다. 디지털 통신이론의 개요을 소개한다.",,,,신호및시스템,True,True
45564,확률및통계,3,1학기,3.0,전공선택,"전자정보공학 엔지니어를 위한 확률 및 통계 이론을 다룬다. 주요 내용은 확률, 조합, 랜덤 변수, 모멘트, 각종 부등식, 통계, 회귀 분석, 가설검사를 포함한다.",,,,,True,True
45565,확률및통계,3,1학기,3.0,전공선택,"전자정보공학 엔지니어를 위한 확률 및 통계 이론을 다룬다. 주요 내용은 확률, 조합, 랜덤 변수, 모멘트, 각종 부등식, 파라미터 추정 및 신뢰구간을 포함한다.",,,,,True,True
45566,회로이론 1,2,1학기,3.0,전공필수,"The course offers an introduction  to the basic principles of electrical engineering. It is the first part of computer oriented circuit analysis using Matlab. It try to meets a great demand for electrical and computer engineers, especially in the internet field, also for power engineers to work in electric utility companies, and for facility engineers to work in the industrial areas.",,김용권. (2014). 회로이론. 퍼스트북,,,True,True
45567,회로이론 1,2,1학기,3.0,전공필수,회로 이론은 전자정보공학 모든 분야의 기본이 되는 기초 학문으로서 이에 대한 확고한 개념을 파악하고 있어야만 더욱심화된 전공 분야를 이해할 수 있다. 이를 위해 본 과정에서는 전기의 흐름 및 회로 해석에 대한 기본 개념과 회로에 관한 정리 등의 이론을 습득한다.,,김용권. (2014). 회로이론. 퍼스트북,,,True,True
45568,회로이론 1,2,1학기,3.0,전공필수,"Having successfully completed this course, students would be able to understand basic analysis of DC electric circuits",,,,,True,True
45569,회로이론 1,2,1학기,3.0,전공필수,회로 이론은 전자정보공학 모든 분야의 기본이 되는 기초 학문으로서 이에 대한 확고한 개념을 파악하고 있어야만 더욱심화된 전공 분야를 이해할 수 있다. 이를 위해 본 과정에서는 전기의 흐름 및 회로 해석에 대한 기본 개념과 회로에 관한 정리 등의 이론을 습득한다.,,김용권. (2014). 회로이론. 퍼스트북,,,True,True
45570,회로이론 2,2,2학기,3.0,전공선택,"Having successfully completed this course, the students would be able to understand Basic Analysis for AC Electric Circuits",,,,Understanding of 1) engineering mathematics and 2) DC electric circuit analysis technique,True,True
45571,회로이론 2,2,2학기,3.0,전공선택,"회로이론 1 에서 학습한 직류 회로 해석법을 기초로 교류 회로 해석을 다룬다교류 해석,  주파수 응답, 라플라스 변환과 푸리에 변환, 그리고 2포트 회로망에 대해서 강의한다.",,,,회로이론 1,True,True
45572,회로이론 2,2,2학기,3.0,전공선택,회로이론 1에서 공부한 직류회로 해석을 토대로 교류 회로 해석을 익힌다.,,,,회로이론 1,True,True
45573,회로이론 2,2,2학기,3.0,전공선택,회로이론 1에서 공부한 직류회로 해석을 토대로 교류 회로 해석을 익힌다.,,,,회로이론 1,True,True
45574,마이크로프로세서및실험,3,1학기,3.0,전공선택,"Firstly, Intorduction of the basic HW strusture in microprocessor  and basic C language review will be given.Secondly, SW which is related with HW for data into micro processor as well as from microprocessor will be studied.And then, training for making the application programming will be given.",,,,C language basics,True,True
45575,디지털통신시스템,3,2학기,3.0,전공선택,"This course is a continuation of “Analog Communications and Lab” taught in the spring semester. The area of digital communications systems can involve variety of topics extending over several layers OSI. In fact, two more courses are required to discuss them all. In this course, however, the topics are selected so that it can be limited to physical layer aspects such as modulation techniques, channel effect, and signal detection. In addition, the basic concepts of Fourier transform and probability theory are also reviewed so that students can utilize them when working on sampling, bandwidth, power spectral density, bit error probability, signal to noise ratio and such. Also, in order to grasp the current development in the related study area, the digital communications systems like OFDM, CDMA, QAM, are also investigated.",,,,Signals and systems; Communication systems; Probabilities and statistics.,True,True
45576,디지털통신시스템,3,2학기,3.0,전공선택,디지털 통신 시스템의 구조와 전반적인 동작과정에 대해 이해하는 것을 목표로 함.,,Osvaldo Simeone. (). 6CCS3COS Communication Systems. King's College London,,"확률, 신호및시스템",True,True
45577,디지털통신시스템,3,2학기,3.0,전공선택,"잡음이 상존하는 환경에서 정보의 전송 및 저장, 그리고 복원을 위한 디지털 통신시스템을 다룬다. 이를 위해 선로부호, 대역제한채널 특성 분석, 파형정형, 정합 필터를 소개하고, MPSK, QAM 등 주요 전송방식의 원리 및 성능 시뮬레이션 방법을 학습한다.",,,,신호및 시스템,True,True
45578,창의적공학설계입문,1,2학기,3.0,전공선택,공학적 문제를 인식하고 창의적으로 해결할 수 있는 설계능력 배양,,,,,True,False
45579,창의적공학설계입문,1,2학기,3.0,전공선택,공학적 문제를 인식하고 창의적으로 해결할 수 있는 설계능력 배양,,,,,True,False
45580,창의적공학설계입문,1,2학기,3.0,전공선택,공학적 문제를 인식하고 창의적으로 해결할 수 있는 설계능력 배양,,,,,True,False
45581,창의적공학설계입문,1,2학기,3.0,전공선택,공학적 문제를 인식하고 창의적으로 해결할 수 있는 설계능력 배양,,,,,True,False
45582,디지털신호처리,3,2학기,3.0,전공선택,이산신호 및 선형 시불변 시스템에 대한 수학적인 표현 및 처리 방법을 공부한다.수집된 데이터의 분석 기법을 토대로 신호처리분야 연구에 필요한 기본적인 소양을 배양한다.,,,,신호및시스템,True,True
45583,디지털신호처리,3,2학기,3.0,전공선택,이산신호 및 선형 시불변 시스템에 대한 수학적인 표현 및 처리 방법을 공부한다.수집된 데이터의 분석 기법을 토대로 신호처리분야 연구에 필요한 기본적인 소양을 배양한다.,,,,신호및시스템,True,True
45584,디지털신호처리,3,2학기,3.0,전공선택,이산신호 및 선형 시불변 시스템에 대한 수학적인 표현 및 처리 방법을 공부한다.수집된 데이터의 분석 기법을 토대로 신호처리분야 연구에 필요한 기본적인 소양을 배양한다.,,,,신호및시스템,True,True
45585,디지털시스템설계,4,1학기,3.0,전공선택,"디지털시스템의 디자인 원리를 logic 및 register 수준에서 이해하고, 이를 구현하기 위한 도구로써 HDL(Verilog)의 사용법과 응용을 배운다. 프로젝트수행을 통해 주어진 topic의 전체 디자인 과정을 이해한다.",,Samir Palnitkar. (2003). Verilog HDL. Sun Microsystems,,"창의적공학설계입문,디지털논리설계",True,True
45586,아날로그집적회로설계,4,1학기,3.0,전공선택,"아날로그 집적회로를 위한 설계방법 및 시뮬레이션 기법, 레이아웃 방법를 숙지한 후,    아날로그 시스템에서 가장 기본적인 회로인 증폭기 및 연산증폭기의 동작원리 및  Large/Small 해석하여 설계능력을 배양한 후, 대표적인 아날로그 응용회로인 Flash A/D converter를 설계하고자 하며, 최적의 전원공급을 위한  PMIC(Power Management Integrated Circuit)에 대하여 학습하고자 한다.",,,,"창의적공학설계입문, 회로이론, 전자공학",True,True
45587,임베디드시스템,3,2학기,3.0,전공선택,임베디드 리눅스 환경에서의 소프트웨어 개발을 학습한다. 이를 위하여 먼저 가상환경에서 리눅스를 설치하고 운용하는 방법을 학습한다. 이후 리눅스 환경에서의 프로그래밍에 대하여 학습한다.,,,,"C언어기초, 디지털논리설계",True,True
45588,제어공학기초,3,1학기,3.0,전공선택,"자동제어 기술은 각종 제조업 분야에서의 효율적인 설비 운전뿐만 아니라 자동차, 항공기, 로봇 산업 등 첨단 과학 분야의 핵심 기술이다. 이와 같이 현대 산업사회에 있어서 그 응용 범위가 날로 확대되어 가고 있는 필수불가결한 분야의 학문을 공학적인 측면에서 설계하고 해석하기 위한 것이 이 과목의 학습목표이다. 제어시스템 해석에 관련된 시스템 모델 방법, 제어시스템의 특징, 시간 영역에서의 제어시스템 해석방법 및 주파수 영역에서의 시스템 해석 방법에 대하여 다룬다. 또한 제어시스템에서 필수적인 안정도 해석 방법 및 오차 해석 방법에 대해서도 다룬다. 제어공학의 이론적인 배경인 Laplace Transform 및 선형 대수학의 기본이론을 강의하며, 현대 제어에서의 상태 방정식에 의한 제어 시스템 해석으로 확장하여 소개한다.",,,,신호및시스템,True,True
45589,제어공학기초,3,1학기,3.0,전공선택,"자동제어 기술은 각종 제조업 분야에서의 효율적인 설비 운전뿐만 아니라 자동차, 항공기, 로보트 산업 등 첨단 과학 분야의 핵심 기술이다. 이와 같이 현대 산업사회에 있어서 그 응용 범위가 날로 확대되어 가고 있는 필수불가결한 분야의 학문을 공학적인 측면에서 설계하고 해석하기 위한 것이 이 과목의 학습목표이다. 제어시스템 해석에 관련된 시스템 모델 방법, 제어시스템의 특징, 시간 영역에서의 제어시스템 해석방법 및 주파수 영역에서의 시스템 해석 방법에 대하여 다룬다. 또한 제어시스템에서 필수적인 안정도 해석 방법 및 오차 해석 방법에 대해서도 다룬다. 제어공학의 이론적인 배경인 Laplace Transform 및 선형 대수학의 기본이론을 강의하며, 현대 제어에서의 상태 방정식에 의한 제어 시스템 해석으로 확장하여 소개한다.",,,,신호및시스템,True,True
45590,기초회로실험,2,2학기,3.0,전공필수,"저항, 콘덴서,코일 및 다이오드로 구성된 여러가지 형태의 기초 전기회로망에서 입력 (전류,전압)신호와 출력(전류,전압)신호의 관계를 이해한다. 그리고 전기 회로 의 저항소자값 및 전류,전압 측정을 할 수 있는 계측기 사용법을 배워 전기회로 저항소자값 및 입,출력 신호의 전류와 전압값을 측정하고 , 전류 및 전압값들의 시간축에서의 변화를 보여 주는 입,출력 신호 파형을 관찰하면서 원하는 신호를 발생시킬 수 있는 전기회로를 설계하는 방법을 배운다. A ND,OR, NOT 의 기본 논리와 Ka rna ugh ma p을 이용해 디지탈 논리회로를 설계한다. 논리회로 설계용 S W 를 이용해서 회로 결과의 timing s imula tion을 한 후 TTL 소자를 이용하여 HW 회로를 구성 후 결과를 오실로스코프로 확인한다.",,,,"창의적공학설계입문,회로이론 1",True,True
45591,기초회로실험,2,2학기,3.0,전공필수,"회로이론과 논리회로에서 배운 내용을 실험을 통해 확인한다. 이를 위해 실험에 필요한 장비(오실로스코프, 직류전원 공급장치, 함수 발생기, 디지털 멀티미터, 브레트 보드)의 사용법을 공부한다. 저항, 콘덴서, 코일등의 수동 소자의 특성에 대해 공부하고, 접지 개년, 부하 효과, 시간 응딥과 주파수 응답, R,L,C 공진 회로의 특성 등 어낼로그 소자를 이용한 기본 회로의 특성을 배운다. 아울러 TTL IC의 전기적인 특성, TTL IC를 이용한 응용 회로(부호기와 복호기, Flipflop, Counter, Sfifterregister)를 제작하고 이들의 특성을 배운다.",,,,"창의적공학설계입문, 회로이론1",True,True
45592,기초회로실험,2,2학기,3.0,전공필수,"전자공학 입문 학생들을 위한 오실로스코프, 파워 서플라이 등의 기초 장비 교육부터 회로이론 및 디지털 논리 회로와 관련된 기초 회로 실험을 순차적으로 진행한다.",,,,"회로이론 1, 디지털 논리 회로",True,True
45593,기초회로실험,2,2학기,3.0,전공필수,"전자공학 입문 학생들을 위한 오실로스코프, 파워 서플라이 등의 기초 장비 교육부터 회로이론 및 디지털 논리 회로와 관련된 기초 회로 실험을 순차적으로 진행한다.",,,,"회로이론 1, 디지털 논리 회로",True,True
45594,기초회로실험,2,2학기,3.0,전공필수,"저항, 콘덴서,코일 및 다이오드로 구성된 여러가지 형태의 기초 전기회로망에서 입력 (전류,전압)신호와 출력(전류,전압)신호의 관계를 이해한다. 그리고 전기 회로 의 저항소자값 및 전류,전압 측정을 할 수 있는 계측기 사용법을 배워 전기회로 저항소자값 및 입,출력 신호의 전류와 전압값을 측정하고 , 전류 및 전압값들의 시간축에서의 변화를 보여 주는 입,출력 신호 파형을 관찰하면서 원하는 신호를 발생시킬 수 있는 전기회로를 설계하는 방법을 배운다. A ND,OR, NOT 의 기본 논리와 Ka rna ugh ma p을 이용해 디지탈 논리회로를 설계한다. 논리회로 설계용 S W 를 이용해서 회로 결과의 timing s imula tion을 한 후 TTL 소자를 이용하여 HW 회로를 구성 후 결과를 오실로스코프로 확인한다.",,,,"창의적공학설계입문,회로이론 1",True,True
45595,기초회로실험,2,2학기,3.0,전공필수,"회로이론과 논리회로에서 배운 내용을 실험을 통해 확인한다. 이를 위해 실험에 필요한 장비(오실로스코프, 직류 전원 공급 장치, 함수 발생기, 디지털 멀티 미터, 브레트 보드)의 사용법을 공부한다. 저항, 콘덴서, 코일 등의 수동 소자의 특성에 대해 공부하고, 접지 개념, 부하 효과, RC 회로의 시간 응딥과 주파수 응답, RLC 공진 회로의 특성 등 아날로그 소자를 이용한 기본 회로의 특성을 배운다. 아울러 디지털 회로(부호기와 복호기, Flipflop, Counter, shiftregister)를 제작하고 이들의 특성을 배운다.",,,,"창의적공학설계입문, 회로이론1",True,True
45596,기초회로실험,2,2학기,3.0,전공필수,"회로이론과 논리회로에서 배운 내용을 실험을 통해 확인한다. 이를 위해 실험에 필요한 장비(오실로스코프, 직류전원 공급장치, 함수 발생기, 디지털 멀티미터, 브레트 보드)의 사용법을 공부한다. 저항, 콘덴서, 코일등의 수동 소자의 특성에 대해 공부하고, 접지 개년, 부하 효과, 시간 응딥과 주파수 응답, R,L,C 공진 회로의 특성 등 어낼로그 소자를 이용한 기본 회로의 특성을 배운다. 아울러 TTL IC의 전기적인 특성, TTL IC를 이용한 응용 회로(부호기와 복호기, Flipflop, Counter, Sfifterregister)를 제작하고 이들의 특성을 배운다.",,,,"창의적공학설계입문, 회로이론1",True,True
45597,로봇공학,4,1학기,3.0,전공선택,"최근 각광받고 있는 로봇공학에 대해 설명하고 산업 발전에 큰 공헌을 한 Manipulator 제어를 위한 공간 표현 및 변환, 기구학, 궤적 생성 등에 대해 배운다. 이론으로 배운 내용을 휴머노이드 제작 및 제어에 적용해 보며 실제적인 활용 능력을 배양한다. 또한, 최신 연구 동향에 따라 이동 로봇 시스템을 소개하고  자율 주행 제어를 위한 이동 경로 생성 기법에 대해 배운다.",,박재병. (2019). 지능형 이동 로봇 제작 및 실험.,,,True,True
45598,로봇비전,4,2학기,3.0,전공선택,"로봇비전은 영상기술을 로봇에 응용하는 학문으로서 영상으로 부터 많은 정보를 추출할 수 있기때문에 로봇지능 분야에 많이 활용되고 있다. 본 로봇비전 과목에서는 컴퓨터 프로그래밍 기술, 영상처리 기초기술 및 로봇 응용기술 등 다양한 지식을 다루는 것을 목표로 한다. 이를 위해서, 이미지 및 3차원 포인트클라우드 데이터를 활용한 프로그래밍 기초 기술을 학습한 후, 지능 로봇의 자율 이동 및 작업을 위한 데이터 전처리 및 변환 방법을 습득한다. 또한, 이동 로봇의 자율주행을 위한 위치인식 및 지도구축 기술과 로봇 센서 정보를 이용하여 주변의 3차원 정보를 복원하는 방법에 대하여 배우고, 이러한 방법이 최신 딥러닝 기법을 통해 어떻게 구현되는지 다룬다.",,,,,True,True
45599,RF응용시스템,4,2학기,3.0,전공선택,"사물인터넷과 차세대 이동통신의 기반이 되는 RF 시스템 및 안테나의 기초를 설명하고, RFID/NFC, 무선전력전송, 실내위치추적 등 다양한 실제 응용 사례를 살펴본다.",,D. M. Pozar. (). Microwave and RF Wireless System. John Wiley & Sons,,,True,False
45600,IT융복합종합설계,4,2학기,3.0,전공선택,"This lecture is designed for providing the capability of problem solving by letting the students select, analyze, design, and implement a subject of the project, based on the knowledge gained from lectures of Electronics Engineering Program.",,,,"창의적공학설계입문, 전자회로실험, 기초회로실험",True,False
45601,IT융복합종합설계,4,1학기,3.0,전공선택,"This lecture is designed for providing the capability of problem solving by letting the students select, analyze, design, and implement a subject of the project, based on the knowledge gained from lectures of Electronics Engineering Program.",,,,"창의적공학설계입문, 전자회로실험, 기초회로실험",True,False
45602,디지털논리공학,2,1학기,3.0,전공선택,Digital 회로 설계에 필요한 논리회로의 개념과 해석 능력을 습득한다.이를 토대로 digital 논리 소자를 사용하여 마이크로프로세서를 비롯한 각종 논리 회로를 설계할 수 있는 지식을 습득한다.,,,,,True,True
45603,디지털논리공학,2,1학기,3.0,전공선택,Digital 회로 설계에 필요한 논리회로의 개념과 해석 능력을 습득한다.이를 토대로 digital 논리 소자를 사용하여 마이크로프로세서를 비롯한 각종 논리 회로를 설계할 수 있는 지식을 습득한다.,,,,,True,True
45604,디지털논리공학,2,1학기,3.0,전공선택,Digital 회로 설계에 필요한 논리회로의 개념과 해석 능력을 습득한다.이를 토대로 digital 논리 소자를 사용하여 마이크로프로세서를 비롯한 각종 논리 회로를 설계할 수 있는 지식을 습득한다.,,,,,True,True
45605,반도체디스플레이공학,4,2학기,3.0,전공선택,디스플레이공학의 기초 원리 및 공정 이해,,김억수 외. (). 디스플레이공학개론.,,"물리전자공학, 나노전자소자",True,True
45606,전파및안테나,4,1학기,3.0,전공선택,"전자기학의 기본 지식을 바탕으로 전파의 생성, 안테나의 주요 특성, 안테나 설계에 관한 내용을 학습한다.",,,,전자기학2,True,False
45744,딥러닝,3,2학기,3.0,전공선택,"4차 산업혁명 시대인 오늘날, 다양한 산업 분야에서 IT융합 기술들이 주목을 받고있다. 본 교과목에서는 IT융합의 필수 요소기술 중 하나인 딥러닝 개론에 해당하는 내용을 배우고, 이를 생체신호분석 및 영상처리 분야에 적용하는 것을 목표로 한다. 이를 위하여, CNN(convolutional neural network)과 FCN(fully convolutional network)을 활용한 영상 분류(image classification), 물체 검출(object detection), 세그멘테이션(segmentation)등의 전반적인 딥러닝 기법들에 대하여 다룰 예정이다. 또한, 이와 같은 요소기술들을 이용하여 ECG(또는 PPG) 생체신호를 분석하고, 영상 데이터를 만드는 생성 모델을 다룸으로써, 딥러닝 기술이 생체신호분석 또는 영상처리 분야와 어떻게 융합될 수 있는지 배운다.",,데이비드 포스터 지음. (2020). 미술관에 GAN 딥러닝. 한빛미디어,,,True,True
45745,기초RFIC설계,4,1학기,3.0,전공선택,Introduction to modern wireless systemsUnderstanding of microwave theory and radio freqeuncy (RF) integrated circuits Design of RF building blocksDesign of modern wireless systems,,,,"회로이론, 전자기학, 전자회로, 반도체물리전자",True,False
45746,시스템및메모리반도체,4,2학기,3.0,전공선택,"메모리및시스템반도체는 기존산업과 미래유망산업인 스마트 및 융합이라는 사물인터넷, 스마트카,웨어러블디바이스, 로봇등 ICT 핵심부품으로써 다양한 산업들의 경쟁력에 미치는 파급효과는 대단히 높은 학문분야이다. 그러므로   메모리및시스템반도체를 설계/제작/테스트 관련된 내용들에 대하여 학습하고 또한 차세대 메모리 소자의 동작 원리 이해 및 뉴로모픽 시스템 동작을 이해하고, 인공지능 핵심 소자인 SRAM 기반 시냅스 소자 등의 시스템 및 메모리반도체 소자 및 회로 학습함으로써 미래 육성산업 및  연구분야에 대한 인재양성에 기여 하고자 한다.",,조순동. (2010). 최신 VLSI 설계. 한빛미디어,,"전자회로, 집적회로1, 회로이론",True,True
45747,데이터구조및프로그래밍실습,2,1학기,3.0,전공선택,효율적인 프로그래밍을 위하여 자료구조와 기본적인 알고리즘에 대하여 학습하고 이를 이용하여 전자공학 전공에서 다루는 주요한 문제에 대하여 프로그래밍 실습을 진행한다.,,,,C언어기초,True,True
45748,데이터구조및프로그래밍실습,2,1학기,3.0,전공선택,효율적인 프로그래밍을 위하여 자료구조와 기본적인 알고리즘에 대하여 학습하고 이를 이용하여 전자공학 전공에서 다루는 주요한 문제에 대하여 프로그래밍 실습을 진행한다.,,,,C언어기초,True,True
45749,데이터구조및프로그래밍실습,2,1학기,3.0,전공선택,"이 수업에서는 프로그래밍 기초와 데이터 구조 및 알고리즘을 학습한다.우리가 다룰 내용은 알고리즘을 설계하는 방법, 알고리즘을 구현하는 방법, 동작을 분석하는 방법, 문제 해결 방법 등이다.이를 위한 알고리즘 분석 기법, 기본 데이터 구조, 재귀, 동적 프로그래밍, 정렬, 검색, 트리 및 그래프에 대해 학습한다.프로그래밍을 위한 일부 도구(MarkDown, Jupyter 노트북, Visual Studio, etc.)의 사용법을 배운다.",,"천인국, 공용해, 하상호 . (2019). 파이썬으로 쉽게 풀어쓴 자료구조. 생능출판사",,C언어기초,True,True
45750,반도체물리전자,3,1학기,3.0,전공선택,"1. 결정과 반도체 물성의 기초(도체, 반도체, 절연체의 전도 특성 차이, 격자구조 등)2. 양자역학의 기초3. 고체의 양자자이론4. 반도체 내의 캐리어에 대한 이해5. PN junction diode의 구조 및 동작특성에 대한 이해",,권기영. (2019). 핵심이 보이는 반도체 공학. 한빛아카데미,,"일반물리학,  전자회로1",True,True
45751,산업수요맞춤형현장실습프로젝트,4,2학기,18.0,전공선택,전자공학 전공에서 습득한 이론내용을 산업현장에 적용하면서 실무능력 및 창의력을 배양 과목 담당교수 및 참여기업 멘토의 지도로 산업수요맞춤형 일통합 교육을 수행 대학과 산업체 간의 산학협력 체계 구축 및 강화,,,,,True,True
45772,졸업프로젝트실험 1,4,1학기,3.0,전공선택,"금속재료에 대한 다양한 기초실험을 통하여 금속 및 합금의 미세조직과 기계적성질과의 상호관계에 대한 이해, 실험장치 조작 및 실험결과에 대한 해석/고찰 등 금속공학 관련 실험에 대한 실험을 졸업프로젝트 형태로 진행하고자 함.",,,,,False,True
45773,졸업프로젝트실험 2,4,2학기,3.0,전공선택,학부 4학년을 대상으로 대학원 연구실에서 실제 연구활동에 참여하고 학부 기간 동안 배웠던 이론적 내용을 프로젝트를 통해 종합적으로 적용하는 기회를 갖고 금속전공에 대한 이해와 관심을 높이고자 함,,,,전공필수과목 이수완료,False,True
45817,물리화학,2,1학기,3.0,전공필수,"기체 분자 운동론, 열역학 법칙, Gibbs 자유에너지 등의 개념을 배우고, 물질의 상태변화 및 화학적 변화를 정량적으로 다루기 위한 기초지식을 습득한다. 이를 통해 물리화학의 기본개념을 정립하고 공학분야에 응용하는 능력을 배양하는 것을 목표로 한다.",Atkins' Physical Chemistry 11E,,ppt 자료 제공,"일반물리, 일반화학",True,False
45818,박막공학,4,1학기,3.0,전공선택,"반도체, 금속 등 여러가지 재료의 박막성장을 위한 기초적 이론과 각종 박막성장 방법의 원리 및 공정에  대한 지식의 강의재료공학적 이해와 접근반도체적 이해와 접근",,,,,True,False
45819,재료상변태,3,2학기,3.0,전공필수,"정보소재 및 소자의 기초물성을 이해하여 소재의 이용, 응용, 개발을 위하여 상변태의 기초지식인 열역학과 상평형, 재료상변태의 기초이론, 핵생성 이론, 확산론, 상변태와 재료조직변화, 상변태강화론,  Martensite 변태 및 강화, 석출경화이론 및 강의 변태에 등에 대한 강의를 한다.","금속상변태 (David A Poter 등, 김원태, 김도향 공역), 교보문고김원태, 김도향 공역교보문고2008",,강의자료 (PDF) 배포 예정.,"재료과학, 물리화학, 고체물리화학, 재료조직학 등",True,False
45820,재료열역학,2,2학기,3.0,전공선택,"1성분계 시스템 및 단순 혼합물에서의 화학적 포텐셜 변화 및 평형 상태에 대해 배우고, 재료의 상 변화 및 화학적 상태를 정량적으로 파악하기 위한 기초지식을 습득한다. 이를 통해 재료 설계에 필요한 기본적인 열역학적 개념을 정립하고 재료공학 전 분야에 응용할 수 있는 능력을 배양하는 것을 목표로 한다.",재료열역학,,"재료열역학 제6판, David R. Gaskell, David E. Laughlin 저, 홍릉과학출판사",물리화학,True,False
45821,재료조직학,2,1학기,3.0,전공선택,"정보 소자에 사용되는 다양한 소재의 조직을 이해하고, 조직과 소재의 다양한 특성의 상관관계를 이해하는데 목표를 둠.",금속조직학,,핵심 강의자료는 수업시간 전에 배포 예정.,재료공학개론,True,False
45822,전기화학,3,2학기,3.0,전공선택,"본 강의는 전기화학분야를 처음 배우는 학생에게도 쉽게 받아 들이도록 하고자 하며, 더 나아가서 전기화학의 응용에 관심 있는 학생들에게 실례를 들어 교육하고자 한다. 강론적 교육보다는 사례를 들어 이해중심의 교육이 목적이다. 또한 다양한 분야에 대하여 포괄적인 설명으로 전기화학분야에 대한 개념을 수립하는데 목표를 두고 있다.",전기화학 (제2판)											오승모자유아카데미2014,,,물리화학,True,True
45823,전자공학,3,2학기,3.0,전공필수,"전기전자, 정보통신, 제어공학 등 다양한 첨단산업 분야에 사용되는 주요 소재/부품의 구조 (주로 반도체 소자) 및 동작특성을 응용의 관점에서 배우고 익혀 소재분야와 응용분야의 연관성을 이해하고 활용할 수 있는 지식을 습득하는 것을 목표로 한다. 추가적으로 반도체 트랜지스터 및 전기전자부품을 활용하여 원하는 동작특성을 갖는 회로를 설계하면서 실무를 간접적으로 학습한다.",전자회로 손상희 외 7인 공역Pearson Korea2016,,,"일반물리, 일반화학, 반도체관련 기초과목",True,True
45824,정보소재기초실험 1,2,1학기,3.0,전공선택,Simple한 구조의 Mechaincal sensor를 제작하고 그 특성을 평가하면서 원리를 익힘Flexible Mechanical sensor 이론 습득Flexible Mechanical sensor 제작 및 분석,없음,,강의자료는 수업 전에 배포 예정.,재료 조직학 (선택),True,False
45825,반도체공학입문,2,1학기,3.0,전공필수,"신소재공학도로써 정보소재공학의 차원에서 기본적으로 이해하여야 하는 반도체재료, 반도체원리, 간단한 반도체소자 등에 관하여 강의한다.  거시적인 차원에서 반도체재료, 반도체공정, 반도체소자를 접근하고 미시적 차원에서 완성시킨다.",,,,,True,True
45826,정보소재기초실험 2,2,2학기,3.0,전공선택,1. 스퍼터링 방법을 이용하여 박막성장을 하고 박막성장 방법 및 원리를 체험하고 이해한다2.박막의 구조적 특성평가를 통하여 전기화학적 재료의 물성과 특성평가 원리를 이해한다3. 전지의 제작을 직접 실험하고 전지를 특성평가한다.,Handout   000000000000,,,정보소재기초시험 1,True,False
45827,금속재료학,3,1학기,3.0,전공선택,"금속의 결정구조, 결함, 미세구조와 연관된 물리적, 화학적 특성의 변화를 파악하고, 금속 재료의 합성, 가공 및 응용과 연관된 기초 원리에 대한 지식을 습득한다. 상기의 이론적 배경을 바탕으로 현재 산업에서 활용되고 있는 철강재료, 비철재료, 신 금속재료에 대해 알아본다.",금속재료,,"금속재료공학조수연, 제창웅, 최병강 저구민사2015",재료과학 1 또는 결정 및 X선공학,True,False
45828,재료과학 2,1,2학기,3.0,전공선택,"재료과학은 공학재료의 다양한 특성을 과학적인 관점에서 해석할 수 있는 능력을 길러주는 신소재공학의 가장 기본적인 교과목으로서 재료의 성질과 그 성질을 결정짓는 메커니즘에 관한 기본 원리를 다루는 학문이다. 본 교과목은 재료과학 1에서 배운 재료의 열적 특성, 기계적 특성 및 전자기적 특성 등을 기반으로, 재료의 응용 부분에 대한 세부적인 재료 공정, 제조 기술, 설계 응용에 대한 부분을 체계적으로 다룬다.","재료공학개론 (Introduction to Materials Science for Engineers), 제9판",,"재료과학과 공학, William D. Callister (박인규 등 역자), 출판사 시그마프레스, 2021년 출판",재료과학1,True,False
45829,반도체소자공학,3,2학기,3.0,전공선택,반도체소자는 기본적으로 전자소자(Electronic device)와 광전소자(Optoelectronic device)로 크게 대별된다. 본 과목에서는 여러종류의 반도체소자에 있어서 기본이 되는 소자들을 중심으로 공부를 한다. 여러가지 반도체소자들의 기초원리및 제조공정을 강의한다.,0,,,,True,True
45830,자성정보재료,2,2학기,3.0,전공필수,"자성재료는 오래전부터 정보전달매체(디스플레이, 전화 등) 및 정보저장장치에 사용되어 왔다. 자성정보재료학에서는 자성재료의 더 많은 응용과 정보관련 장치의 소형화, 고집적화, 대용량화를 목적으로, 자기의 기초에서부터 최근 응용 분야까지 전반적으로 다루고저 한다. 구체적인 강의내용은 자기의 본질, 자기적 성질, 자구관찰, 자기변형, 자성재료의 응용 등이다.","자성재료학(Cullity 저, 출판사 ITC)   CullityITC0000",,,,True,False
45831,반도체공정학,4,2학기,3.0,전공선택,"반도체재료에 대한 이해와 반도체재료 및 소자 제작시 기본적인 공정들을 강의한다. 본 과목의 목표는 대학생들이 졸업후 반도체회사에 취업할 경우, 관련 업무 및 내용을 쉽게 파악하고 이해할 수 있도록 하고자 함을 그 목적으로 한다.",,,,,True,True
45832,정보디스플레이공학,3,1학기,3.0,전공선택,"정보 표시소자로써의 정보 디스플레이의 개념에 대해 이해하고, 최신 디스플레이 기술들의 개념 및 구동 원리에 대해 이해한다.기간 산업으로써의 디스플레이 산업의 특수성에 대해 이해하고, 국내 디스플레이 기술 및 산업 동향에 대해 이해한다.최신 디스플레이 소자의 개발 동향에 대해 이해하고, 향후 기술개발 방향에 대해 이해한다.",,,강의자료가 배포될 것임.,없음,True,False
45833,나노정보소재공학,4,2학기,3.0,전공선택,"IT(Information Technology)는 우리의 정보 네트워크 사회를 지탱하는 기술로, 구체적으로는 정보를 가공 처리하거나 전파에 실어 송/수신하기 위한 “전자 디바이스”, 정보를 광에 실어 처리/분배하는 “포토닉 디바이스”, 대량 정보를 보존하는 “정보저장”, 정보를 인간에게 보여주는 “디스플레이”가 있다. 나노정보소재공학은 나노 정보소재가 이들 분야에 어떻게 응용되고 있는지 그 원리를 이해하는 것을 목적으로 한다.",주교재는 화일로 제공 (출력하여 사용),,"나노소재 (이익모외 공저, 대영사) 이익모외 공저  Nonotechnology Handbook (工業調査會) ナノテクノロジのすべて(나노테크놀로지의 모든 것 / 工業調査會)",,True,False
45834,전기전자회로,2,1학기,3.0,전공선택,신소재공학을 전공으로 하는 학생을 주 대상으로 전기/전자/정보 소재 및 소자의 동작특성을 회로의 관점에서 이해하고 익힌다. 이러한 학습과정을 통해 부품/소재와 응용분야의 연관성을 이해하고 안목을 넓히는 것을 목표로 한다.,회로이론,,"참고도서 : (1) 전자회로 (강문상 외 7인, 홍릉과학, Electronic Devices by Thomas L. Floyd)(2) 회로해석 (임재탁 외 2인, 사이텍미디어, Basic Electric Circuit Analysis by D. E. Johnson)",일반물리학,True,True
45836,재료수학 1,2,1학기,3.0,전공선택,재료 공학에 직접 응용할 수 있는 내용을 중심으로 개념 위주로 수학을 강의할 계획이다. 탄소성학이나 재료강도학에서 자주  언급되는 응력 변형률 문제를 포함하여 재료공학에서  많이 나오는 미분 방정식의 일반적인 개념과 응용에 대하여 다룰 것이다.,공학수학 1,,,미적분학,True,False
45837,재료수학 2,2,2학기,3.0,전공선택,공학적인 문제를 수식화하거나 수식화되어 있는 문제의 물리적인 의미를 파악하는 능력은 공학도에게 필수적이다. 따라서 본 강의에서는 벡터 미적분을 이용하여 물리 현상을 이해할 수 있는 능력을 키우는 것이 목표이다. 또한 재료의 광학적 성질의 이해를 위하여 간단한 편미분 방정식을 해석할 수 있도록 강의할 계획이다.,Advanced Engineering MathmaticsZill & Cullen텍스트북스2009,,,없음,True,False
45838,재료과학 1,1,1학기,3.0,전공선택,"재료과학은 공학재료의 다양한 특성을 과학적인 관점에서 해석할 수 있는 능력을 길러주는 신소재공학의 가장 기본적인 교과목으로서 재료의 성질과 그 성질을 결정짓는 메커니즘에 관한 기본 원리를 다루는 학문이다. 재료의 열적 특성, 기계적 특성 및 전자기적 특성 등과 같은 공학적인 성질은 재료의 내부 구조에 크게 영향을 받는다. 본 교과목은 이러한 재료의 외적 특성들이 내부 구조와 어떻게 연관되는지를 미시적 기초이론부터 체계적으로 다룬다.",재료공학개론 (Introduction to Materials Science for Engineers),,"재료과학과 공학, William D. Callister (박인규 등 역자), 출판사 시그마프레스, 2021년 출판",,True,False
45839,재료평가및분석,3,1학기,3.0,전공필수,재료에 대한 물성을 잘 이해하고 분석함으로써 재료의 특성에 맞게 재료를 잘 응용하고 분석평가하는 능력을 배양하는데 그 목적이 있다.,교재는 교수가 자체적으로 작성,,,재료과학,True,False
45882,X선결정학,2,2학기,3.0,전공선택,"공간격자와 대칭, 결정의 구조와 분류 및 투영 등 고체의 구조를 다루기 위한 결정학 지식과 X선의 발생, 회절, 산란, 및 흡수 등에 대한 기본 물리학 이론을 바탕으로 X선이 재료의 결정구조 및 결함 연구에 어떻게 활용되는지 학습한다.",Xray 결정학,,,재료과학 1,True,False
45883,에너지재료학,3,1학기,3.0,전공선택,"우리에게 에너지를 공급해 주는 에너지 자원의 기원에서 최근 부각되고 있는 신재생에너지까지 에너지 전반에 대하여 이해하고, 신재생에너지 분야에서 필요한 재료에 대하여 고찰한다. 특히 차세대 에너지로 주목 받고 있는 수소에너지의 이용에 대한 부분을 중점적으로 강의한다.또한, 정보의 발생, 통신, 저장 장치의 소형화 및 휴대화가 꾸준히 진행되고 있어서 휴대용 전원에 대한 관심이 크게 높기 때문에 연료전지 및 태양전지 분야에 대해서 강의된다.",,,,,True,False
45884,광전자학,4,1학기,3.0,전공선택,"빛과 전자공학의 기본 개념 및 성질, 상관 관계를 공부한다. 반도체 광원과 광전현상 등 광학의 기본 원리 및 종류를 이해한다. 발광 및 광검출소자, 레이저소자, 수광소자의 구조, 동작원리와 특성을 이해한다.광통신, 광계측, 광신호처리 등 고급 광 응용 기술에 대한 이해를 넓힌다.",광전자 원리와 응용,,"광전자공학, 저자 박문수 외, 출판사 상학당, 출판년도 2007.광전자공학의 기초(Introduction to optical engineering), 저자 Francis T. S. Yu (최용성 역자), 출판사 인터비젼, 출판년도 2006.",,True,True
45885,반도체패키징공학,3,2학기,3.0,전공선택,반도체 패키징의 개념과 각 부문의 기초에 대하여 이론적으로 이해한다.반도체 패키징의 특성과 제조 방법에 대하여 이해한다.반도체 패키징의 종류와 공정에 대하여 체계적으로 이해한다.반도체 패키징 소자의 전기적 및 구조적 해석을 진행한다.,반도체 패키지 (Semiconductor Package),,"나노반도체 소자 설계 및 제조공정 기술, 저자 최성제, 자유아카데미,  2021",반도체 소자공학,True,True
45886,반도체소자,3,2학기,3.0,전공선택,"반도체재료에 대한 기초지식이 있는 학생들을 대상으로하여 PN 접합에서부터 각종 반도체 소자의 개념 및 작동원리에 대하여 이해합니다.강의는 3학년 1학기 반도체재료에서 반도체를 다루는 부분에 대한 복습에서부터 시작하고, 그 이후 PN 접합 등의 순서로 진행합니다. 강의자료는 https://sites.google.com/view/snrg/ 의 Lecture에서 다운로드 가능합니다.","Semiconductor Physics and Devices: Basic Principles (번역판: NEAMEN의 반도체 물성과 소자, McGrawHill)",,,"반도체재료, 전자공학개론.",True,True
45887,반도체재료,3,1학기,3.0,전공필수,본 강의는 반도체 소자의 근간이 되는 반도체 재료를 이해하는데에 그 목표를 두고 있습니다.,Semiconductor Physics and Devices: Basic Principles,,"교재 외 별도의 강의 자료.Physics of Semiconductor Devices, Ng Sze, Wiley.Principle of Electronic Materials and Devices, Safa Kasap, McGraw Hill.Solid State Electronic Devices, Ben Streetman, Pearson Higher Education.Introduction to Solid State Physics, Charles Kittel, Wiley.",,True,True
45888,분말가공학,3,2학기,3.0,전공선택,"본 강의는 분말야금의 장점, 제조방법, 성형 및 소결원리에 관한 내용을 습득한다",분말재료 및 공정,,"분말재료 공학, 강석중 외19인, 한국분말야금학회",,True,False
45889,세라믹상평형,2,1학기,3.0,전공선택,"본 강의는 열역학과 상평형, 재료의 상변태 및 상태도의 기초 이론을 제시하고, 체계적인 학습을 통해 상의 관계와 관련되 제반의 열역학 이론을 도출해 내고, 재료상평형도를 해석하여 필요한 정보를 습득하고 이를 실제 시스템에 응용할 수 있는 능력을 배양한다.",세라믹 상평형,,,"일반화학 1,일반화학 2",True,False
45890,재료열역학 1,2,2학기,3.0,전공필수,"용어의 정의, 열역학 제1, 제2법칙, 엔트로피의 통계적 해석, 열용량, 엔탈피, 엔트로피, 열역학 제3법칙, 일성분계에서 상평형, 기체의 거동, 용액의  거동 등에 대해 공부한다.","Introduction to the Thermodynimics of Materials, 6th ed., David R. Gaskell, Taylor & Francis",,"풀어쓰는 재료열역학 제2판, 텍스트북스, 류한일 지음 (주요교재와 참고자료 중 한 권만 택하여 구매하여도 무방.)",,True,False
45891,전자재료물성,2,2학기,3.0,전공선택,"본 강의는 기본적인 재료과학의 개념, 고체의 전기전도도, 열전도도, 기초적인 양자 개념, 고체에 대한 현대 이론에 관한 내용을 습득한다.","전자재료물성 및 소자공학 Principles of electronic materials and devices, S.O. Kasap, Mc Graw Hill, 2004   KasapMc Graw Hill2004",,,재료물리,True,True
45892,재료물리학,2,1학기,3.0,전공필수,반도체 전자재료 및 전자공학의 시발점이 된 현대물리학의 기본이론을 배운다. 특히  물질의 구성요소와 성질을 이해하고 최종적으로 재료물성에 대한 기초 이론에 대해 학습한다.,"고체 물리학, 텍스트북스, 우종천 외 5인",,,"물리화학, 재료과학",True,False
45893,금속재료학,3,2학기,3.0,전공필수,"FeC계 평형상태도에 포함되는 여러 가지 상변태기구와 상조직의 변화, 순철, 탄소강의 물리적, 화학적 및 기계적 성질, 금속재료의 강화기구, 강의 열처리 특성 및 여러 가지 현상, 철강재료, 합금강, 비철금속재료의 기초에 관하여 학습함으로써 금속재료 일반에 대한  기초적인 개념의 이해",Lecture notes (PDF file),,"Structure and Properties of Engineering Alloys / William F. Smith	금속재료공학 (Metal Material Engineering) / 조수연, 이병찬, 이동철	Related review papers and recently published hotjournal papers","재료과학, 재료조직학",True,False
45894,재료과학 2,2,1학기,3.0,전공필수,"1학년의 재료과학1 과목을 기준으로 하여, 소재의 물성을 중점적으로 배운다. 재료의 전기적, 자기적, 열적 및 광학적 특성과 같은 물성에 어떠한 차이를 가져오게 되는지를 이해시키는데 중점을 둔다. 또한 복합재료에 대한 내용과 소재에서 발생하는 대표적인 전기화학적 특성인 부식에 대해서도 접하게 된다. 강의는 재료공학 전공자들이 재료에 대해 충분한 기초지식뿐만 아니라 이들을 어떻게 응용할 것인지에 대해서도 이해할 수 있도록 재료의 구조와 물성에 대한 기본적인 개념과 원리를 이해시키는데 중점을 두어 강의를 진행 한다.",재료과학 (5판),,"(중요!)위의 주교재는 기존 사용하던 (재료과학과 공학 9판 또는 10판) 과 거의 동일하므로, 기존 교재를 가지고 있다면 굳이 새로 구입할 필요 없습니다.참고교재:재료과학과 공학 (10판), William D. Callister, 시그마프레스 (2021)재료과학과 공학 (9판), William D. Callister, 시그마프레스 (2015)Fundamentals of Materials Science and Engineering (5판), William D. Callister, Jr., (Wiley, 2016)",재료과학 (재료과학1),True,False
45895,연료전지,4,1학기,3.0,전공선택,"연료전지의 작동원리, 세라믹 재료에서의 전기전도도, 전해질의 종류, 양극재료, 음극재료, 연결재재료, 전극반응에 대해서 강의함.","Science and technology of ceramic fuel cells, N.Q. Minh and T. Takahashi, Elsevier   N.Q. MinthElsevier2000",,강의자료는 제공하겠음.,"열역학, 세리믹재료, 재료물리",True,False
45896,신재생에너지실험,3,1학기,3.0,전공선택,"고체산화물연료전지의 작동원리, 제작방법 및 개발현황과 전망 등 고체산화물연료전지 관련 기초이론을 이해시키고, 고체산화물연료전지의 전해질과 전극재료의 분말제조, 소결체 제조 및 특성(기계적 성질과 전기적 성질)을 평가하는 실험실습을 통하여 연료전지에 관한 기초지식과 실용능력을 배양한다.","Science and Technology of Ceramic Fuel Cells, N.Q. Minh, Elsevier, 1995   N.Q. MinhElsevier1995",,,"일반화학, 일반 물리",True,False
45897,태양전지재료및소자,4,2학기,3.0,전공선택,"태양전지 기본 반도체이론 및 소자 동작원리를 이해하고, 태양전지용 소재/소자의 제조공정 이론교육을 통한 당 분야 이론 및 기술을 학습하고자 함.  신사업 분야인 태양광분야의 소재/소자 전반 기술 및 동향 학습하고자 함.",태양전지 실무 입문,,"Organic Photovoltaics(C. Brabec, V. Dyakonov, U. Scherf, WILEYVCH), 광화학의 이해( 박종진, 자유아카데미),",반도체공학/일반물리/일반화학,True,False
45898,에너지융합개론,2,2학기,3.0,전공선택,"본 강의는 현재 직면한 환경 및 화석연료 고갈에 따른 신재생에너지원 개발의 중요성을 인식시키고, 신재생에너지원별 물리적 작동원리 및 소재 개발에 관해 강의하여 학생들에게 이러한 대체에너지 장치의 해석 및응용에 관한 관심을 조성한다. 또한 본 강의는 설계 교과목으로 개별적인 신재생에너지 시스템에 관한 조별프로젝트를 수행하고 보고서 작성 및 발표를 통해서 학생들의 공학 설계 능력을 향상시키며 복합 학제적 팀의 한 구성원의 역할을 해 낼 수 있는 능력을 배양하도록 한다.",신재생에너지3판인피니티북스 2019,,"신재생에너지공학(장태익, 정영관), 북스힐","일반화학, 일반물리",True,False
45899,재료과학 1,1,2학기,3.0,전공선택,"재료의 종류, 구조, 성질 및 제조공정과 그 응용에 대한 기본적인 개념을 이해하고 재료의 선정 및 효율적인 적용과 과학기술의 발달에 따른 신소재에 대한 개발방향과 중요성의 파악을 위해 필요한 지식을 습득","10판 재료과학과 공학(WILLIAM D. CALLISTER,JR. & DAVID G. RETHWISCH 저, 박인규 외 2인 공역, 시그마프레스, 2021",,,,True,False
45900,반도체공정,4,1학기,3.0,전공선택,본 강의는 다양한 물질 기반의 반도체 소자 공정 기술 및 이해에 목표를 두고 있습니다.,Fundamentals of Semiconductor Fabrication,,교재 외 별도의 강의 자료.,"반도체재료, 반도체소자",True,True
45901,포토닉스소자및광전소자,4,2학기,3.0,전공선택,"빛의 성질을 이해하고 이를 응용한 포토닉스 소자, 광전소자 및 전광소자의 원리를 이해합니다.기본 원리를 이해할 수 있도록 차근차근 빛의 파동적 특성에 대해서 살펴본 다음 LED, Laser diode, photodetector 등의 동작 원리와 핵심을 살펴봅니다.강의자료는 https://sites.google.com/view/snrg/ 의 Lecture에서 다운로드 가능합니다.","Optoelectronics and Photonics: Principles and Practices (번역판: 광전자 및 광자공학 / 반재경, 최현용, 한상국 옮김 / 퍼스트북)",,강의자료 슬라이드를 참고자료로 활용합니다.,"반도체재료, 반도체소자.",True,False
45902,전자세라믹및응용실험,3,2학기,3.0,전공선택,"유전체, 강유전체, 자성체 (선택) 등 다양한 전자세라믹스에 대한 이론을 학습하고 이에 따른 응용분에 대하여 조사하고 알아본다. 최종적으로 이에 대한 학습자의 생각을 정리하여 발표하고 그에 따른 실험을 설계하여 본다. 주요 실험 내용:1. 강유전체 및 압전 세라믹 박막 및 후막 코팅2. 열처리3. 전극 증착4. 유전 및 강유전 특성 측정 및 분석 5. 응용 소자 측정 및 관전","Fundamentals of Electroceramics (단, 강의노트 위주로 진행됩니다.)",,"부교재1. Electroceramics A.J.Moulson, J.M.Herbert (Wiley)2. Fundamentals of Ceramics Michel W. Barsoum (Institute of Physics)","세라믹스공학2, 재료과학2, 반도체재료, 반도체소자",True,True
45903,나노소재및소자분석,3,1학기,3.0,전공선택,"마이크로 및 나노 크기의 소재와 소자의 분석법에 대해 공부하고, 신소재 개발에 필수적인 물리/화학적 분석기술의 원리와 개념에 대해 공부한다.",lecture notes (pdf file),,"Related review papers and recently published hotjournal papersA Guide to materials characterization and chemical analysis /edited by John P. Sibilia. New York, N.Y. :VCH PublishersMaterials Characterization: Introduction to Microscopic and Spectroscopic Methods/ Yang Leng John Wiley & Sons.",,True,False
45904,X선회절및분석,2,1학기,3.0,전공선택,"X선의 성질,  결정기하학, Bragg법칙, X선분광학, Laue method, Debyescherrer method,  회절 beam의 크기, 결정구조의 분석 등에 대해서 공부한다.",Lecture note (PDF file),,Related review papers and recently published hotjournal papersElements of Xray diffraction/ B.D. Cullity and S. R. Stock,,True,False
45905,세라믹재료공학,3,1학기,3.0,전공필수,"세라믹을 정의하고 전자 세라믹을 중심으로 각종 세라믹의 종류와 응용을 포함하며, 세라믹스에서 일어나는 제반 현상인 결함, 계면, 원자의 이동 등에 관하여 기초지식을 강의하고, 이들과 세라믹 특성과의 관계를 이해한다.",Fundamentals of Ceramics,,"부교재1. Fundamentals of Materials Science and Engineering William D. Callister, Jr., DAVID G. RETHWISCH (한티미디어)2. Introduction to Ceramics W.D.KINGERY (Wiley)","재료과학, 열역학",True,False
45906,전자공학개론및실험,2,1학기,3.0,전공선택,재료공학을 위한 전자공학 기초를 학습함.,Introduction to Electronics,,주요교재의 경우 전류 방향의 정의가 통상적으로 알고 있는 바와 반대로 정의되어 사용되고 있음을 참고.전류 방향 정정한 강의자료 제공됨.,기초물리학,True,True
45949,바이오일렉트로닉스개론,4,1학기,3.0,전공선택,"본 수업에서는 생체에 적용될 수 있는 전자소자의 일종인 바이오센서, 자극기 및 의료기기의 원리, 개발 및 설계에 대해 공부한다.",Lecture note (PDF file),,"Related review papers and recently published hotjournal papersCao, Hung, et al., eds. Interfacing Bioelectronics and Biomedical Sensing. Springer Nature, 2020.Bioelectronics and Medical Devices: From Materials to DevicesFabrication, Applications and Reliability. Woodhead Publishing, 2019.",,True,False
45950,선형대수학,2,2학기,3.0,전공선택,"선형대수학은 벡터 공간에서의 선형 변환과 행렬 등에 대해 연구하는 대수학의 한 분야로, 자연과학, 공학, 경제학 등 다양한 분야에 널리 적용되고 있다. 본 강좌에서는 선형대수학의 기본 요소인 벡터, 행렬, 선형 변환 등에 대한 개념을 이해하고, 관련 분야의 문제를 해결하는 방법을 학습하여 향후 실제 응용 문제들을 해결해나가는 능력을 기르는 것을 목표로 한다.* 중간고사와 기말고사의 경우 대면으로 치를 예정입니다.",Introduction to Linear Algebra (International Fourth Edition),,"* 주교재: Gilbert Strang, Introduction to Linear Algebra (International Fourth Edition), WellesleyCambridge Press, 2009.   다른 edition을 참고하여도 무방하나, 일부 내용이 다를 수 있음에 유의바람.   주교재의 해당 edition: http://www.kyobobook.co.kr/product/detailViewEng.lafejkGb=ENG&mallGb=ENG&barcode=9781733146609&orderClick=LEa&Kc=* 추가 참고 자료   Gilbert Strang, Linear Algebra and Its Applications, 4th ed.","벡터, 행렬 등에 대하여 다루어본 경우 수업을 보다 수월하게 들을 가능성이 있으나, 해당 내용에 대하여 본 수업에서 다시 다루기 때문에 위의 교과목이 필수 선수과목은 아님.",True,True
45951,선형대수학,2,2학기,3.0,전공선택,"선형대수학은 벡터 공간에서의 선형 변환과 행렬 등에 대해 연구하는 대수학의 한 분야로, 자연과학, 공학, 경제학 등 다양한 분야에 널리 적용되고 있다. 본 강좌에서는 선형대수학의 기본 요소인 벡터, 행렬, 선형 변환 등에 대한 개념을 이해하고, 관련 분야의 문제를 해결하는 방법을 학습하여 향후 실제 응용 문제들을 해결해나가는 능력을 기르는 것을 목표로 한다.* 중간고사와 기말고사의 경우 대면으로 치를 예정입니다.",Introduction to Linear Algebra (International Fourth Edition),,"* 주교재: Gilbert Strang, Introduction to Linear Algebra (International Fourth Edition), WellesleyCambridge Press, 2009.   다른 edition을 참고하여도 무방하나, 일부 내용이 다를 수 있음에 유의바람.   주교재의 해당 edition: http://www.kyobobook.co.kr/product/detailViewEng.lafejkGb=ENG&mallGb=ENG&barcode=9781733146609&orderClick=LEa&Kc=* 추가 참고 자료   Gilbert Strang, Linear Algebra and Its Applications, 4th ed.","고등학교 수학이나 본교의 1학년 수학 1& 수학 2에서 벡터, 행렬 등에 대하여 다루어본 경우 수업을 보다 수월하게 들을 가능성이 있으나, 해당 내용에 대하여 본 수업에서 다시 다루기 때문에 위의 교과목이 필수 선수과목은 아님.",True,True
45952,소프트웨어공학,3,2학기,3.0,전공필수,"소프트웨어 공학은 소프트웨어를 개발하는 과정에서 다양한 공학적 원리를 적용하여 개발 생산성을 높이고 품질 좋은 소프트웨어를 생산하는 것을 의미한다. 본 강좌에서는 소프트웨어 공학의 핵심 개념과 개발 과정에서 요구되는 공학적 방법을 습득하고 이를 적용할 수 있는 능력을 배양하여 소프트웨어 엔지니어로서의 기본 자질을 갖추도록 한다. 이를 위해 소프트웨어 개발 방법론에 대해 학습하고 요구 분석, 설계, 구현, 테스트, 유지보수의 각 단계에서 필요한 이론, 방법, 도구들에 대해 학습한다.",소프트웨어 공학 에센셜,,"소프트웨어 공학의 모든 것, 최은만, 생능출판쉽게 배우는 소프트웨어 공학, 김치수 , 한빛아카데미",,True,True
45953,소프트웨어공학,3,2학기,3.0,전공필수,"소프트웨어 공학은 소프트웨어를 개발하는 과정에서 다양한 공학적 원리를 적용하여 개발 생산성을 높이고 품질 좋은 소프트웨어를 생산하는 것을 의미한다. 본 강좌에서는 소프트웨어 공학의 핵심 개념과 개발 과정에서 요구되는 공학적 방법을 습득하고 이를 적용할 수 있는 능력을 배양하여 소프트웨어 엔지니어로서의 기본 자질을 갖추도록 한다. 이를 위해 소프트웨어 개발 방법론에 대해 학습하고 요구 분석, 설계, 구현, 테스트, 유지보수의 각 단계에서 필요한 이론, 방법, 도구들에 대해 학습한다.",소프트웨어 공학 에센셜,,"소프트웨어 공학의 모든 것, 최은만, 생능출판쉽게 배우는 소프트웨어 공학, 김치수 , 한빛아카데미",,True,True
45954,수치해석,4,1학기,3.0,전공선택,"!!!2022년 1학기 수치해석 강의는 비대면으로 진행됩니다. https://sites.google.com/view/jbnu20221numerical/home 사이트에 접속 바랍니다.!!!본 교과목에서는 컴퓨터를 이용하여 비선형방정식의 해, 선형방정식의 해, 행렬연산, 고유치, 보간법, 회귀법, 수치미분 및 적분, 미분방정식 풀이, 최적화 등 수리적으로 모델링된 문제를 해결하는 방법을 배운다. MATLAB 또는 Python을 기반으로 수치해석 프로그램의 작성 방법을 실습한다. 선형대수, 공업수학, 미분방정식, 확률과 통계 등 기초적인 수학 지식이 요구된다.",응용수치해석,,"공학도를 위한 수치해석, Steven C. Chapra, McGrawHill Education","수학 1, 수학 2, 이산수학, 선형대수학",True,True
45955,알고리즘,3,1학기,3.0,전공필수,* Goal 1: To understand how to design and analyze an algorithm in terms of correctness and efficiency* Goal 2: To learn ideas that effectively resolve challenges behind various classical problems* Goal 3: To improve your computational thinking so that you can solve new problems by yourself* 2022학년도 1학기 알고리즘은 수업은 비대면 실시간 화상강의로 변경되었습니다. 자세한 접속 방법은 LMS에 게시후 공지하겠습니다.,관계 중심의 사고법 쉽게 배우는 알고리즘,,,"C++ 프로그래밍, 자료구조, 이산수학",True,True
45956,알고리즘,3,1학기,3.0,전공필수,* Goal 1: To understand how to design and analyze an algorithm in terms of correctness and efficiency* Goal 2: To learn ideas that effectively resolve challenges behind various classical problems* Goal 3: To improve your computational thinking so that you can solve new problems by yourself* 2022학년도 1학기 알고리즘 수업은 비대면 실시간 화상강의로 진행됩니다. 자세한 접속 방법은 LMS에 게시후 공지하겠습니다.,관계 중심의 사고법 쉽게 배우는 알고리즘,,,"C++ 프로그래밍, 자료구조, 이산수학",True,True
45957,영상처리,4,1학기,3.0,전공선택,"본 과목에서는 컴퓨터 비전의 기초에 대한 내용을 다룬다.컴퓨터 비전은 영상관련 인공지능 기술의 기초가 되는 분야로써 컴퓨터공학에서 가장 빠르게 성장하는 분야이다.15주로 구성된 강의에서는 필터, 에지 검출 등의 기초적인 영상 처리 기술들과 특징점 추출, 영상 분할 등의 컴퓨터 비전과 영상 처리의 핵심적인 내용들의 기본 원리를 배우게 된다.",Computer Vision: A Modern Approach by Forsyth & Ponce (필수는 아님),,,"파이선 프로그래밍, 선형대수 기초",True,True
45958,운영체제,3,1학기,3.0,전공필수,"운영체제의 구조, 기능 및 역할을 심도있게 이해한다.교과 수행 능력을 향상할 수 있도록 개인별  PBL(Project Based Learning)을 적용한다.  FlippedLearning 형태로 강의 예정 (동영상 5시수+토론 1시수)","Operating System Concepts, 9th ed.",,"Operating System Concepts (한국어판), 홍릉 과학 출판사Modern Operating Systems, 3rd ed.저자: Andrew S. Tanenbaum","C언어 기초, 자료구조, 컴퓨터구조, 유닉스 시스템 프로그래밍",True,True
45959,운영체제,3,1학기,3.0,전공필수,"운영체제의 구조, 기능 및 역할을 심도있게 이해한다.교과 수행 능력을 향상할 수 있도록 개인별  PBL(Project Based Learning)을 적용한다.  FlippedLearning 형태로 강의 예정 (동영상 5시수+토론 1시수)","Operating System Concepts, 9th ed.",,"Operating System Concepts (한국어판), 홍릉 과학 출판사Modern Operating Systems, 3rd ed.저자: Andrew S. Tanenbaum","C언어 기초, 자료구조, 컴퓨터구조, 유닉스 시스템 프로그래밍",True,True
45960,인공지능,4,1학기,3.0,전공선택,인공지능의 이론을 익히고 파이썬 프로그래밍 실습을 통해 실무 능력을 다짐,파이썬으로 만드는 인공지능,,인공지능의 현재와 미래를 소개한 다큐멘테러. TED 강연 등2021년 1학기 강의동영상(유튜브에서 '오일석 인공지능'으로 검색),파이썬 프로그래밍 (컴퓨터과학과코딩 또는 자율 학습),True,True
45961,자료구조,2,2학기,3.0,전공필수,"실세계 문제에 대해 효율적인 프로그램을 작성하기 위해서는 그 문제에 적합한 자료구조를 선택하는 것이 필수적이다. 컴퓨터공학에서 효율성은 아주 중요한 주제이며, 특히 빅데이터 시대에서 효율성은 더욱 중요하다. 본 과목에서는 다양한 형태의 자료구조를 습득한다. 즉, 배열, 리스트, 스택, 큐, 알고리즘 기초, 트리, 그래프 등을 배운다. 아울러 C++언어로 구현하여, 습득한 자료구조를 이용한 프로그램 작성 능력을 배양한다.본 과목에서는 프로젝트 기반 학습 (Project Based Learning)을 적용한다.",C++로 쉽게 풀어쓴 자료구조,,,"C 언어기초, C++ 프로그래밍",True,True
45962,자료구조,2,2학기,3.0,전공필수,"1. 컴퓨터공학에서 효율성의 중요도를 이해하고 프로그램의 효율을 분석하는 방법 학습2. 컴퓨터공학에서 공통적으로 많이 사용하는 여러 자료구조 (배열, 리스트, 스택, 큐, 트리, 그래프, 해쉬)들을 학습3. 실질적인 자료구조 활용 능력을 키우기 위해 C++ 언어를 이용하여 학습한 자료구조 구현 및 활용 ※ C++를 활용한 프로그래밍 숙제가 많이 있으므로 수강신청에 참고하시기 바랍니다.",C++로 쉽게 풀어쓴 자료구조,,,"C++프로그래밍, 이산수학",True,True
45963,정보검색,4,2학기,3.0,전공선택,"서치엔진(구글, 네이버, 다음 등) 시스템의 기본 아키텍쳐와 그 배경 이론을 학부 학생이 이해할 수 있는 수준에서 주요 핵심 기술을 습득한다. 본 강의에서 다루는 내용은 정보검색을 위한 웹 문서를 자동으로 수집하는 웹크롤러, 검색을 빠르게 하기 위한 목적으로 사용되는 색인구조, 사용자의 요구를 표현하는 질의어, 검색 결과를 순위화 하는 검색 모델과 서치엔진의 성능평가 방법 등에 관하여 다룬다. 공개용 서치엔진시스템 ElasticSearch 를 활용, 파이썬 크롤링 라이브러리(beautifulsoup, Selenium)와 Octoparse 등 오픈소스 및 라이브러리 등을 이용한 실습을 통한 산업체에서 바로 활용 및 응용 가능한 능력을 습득한다.","[원서 pdf] Search Engines: Information Retrieval in Practice, Croft, Metzler and Strohman, Addison Wesley, 2015(공개된 책:  http://ciir.cs.umass.edu/irbook/)",,,자료구조/알고리즘,True,False
45964,컴파일러,3,1학기,3.0,전공선택,"고급언어를 목적언어로 번역하여 주는 컴파일러의 설계와 구현의 기본원리에 대해 포괄적으로 공부한다. 컴파일러의 각 단계인 어휘분석(lexical analysis), 구문분석(syntax analysis), 의미분석(semantic analysis), 중간코드생성(intermediate code generation), 실행환경 (Runtime environments), 목적코드생성(object code generation), 코드 최적화 (code optimization) 등에 대해 공부하며, 이론적 지식외에 미니 컴파일러를 직접 작성해보는 프로그래밍 과제도 포함된다.",컴파일러의 이해,,"Alfred V. Aho, Monica S. Lam, Ravi Sethi, Jeffrey D. Ullman, Compilers: Principles, Techniques, and Tools (2nd Edition), Addison WesleyAndrew W. Appel, Modern Compiler Implementation in ML. Cambridge University Press, 1998.","프로그래밍 언어론, 프로그래밍, 자료구조",True,False
45965,컴퓨터구조,2,2학기,3.0,전공필수,"본 과목은 컴퓨터 시스템 내부 구성 요소와 구성 및 동작 원리에 대한 전반 적인 내용을 소개 한다. 현대의 컴퓨터 시스템은 하드웨어와 소프트웨어 그리고 이 둘 사이의 상호작용에 대한 이해를 요구 하고 있다. 따라서 본 수업에서는 컴퓨터가 명령어를 이해 하고 해석 하는 과정을 하드웨어 구성 요소들과 연동하여 설명할 뿐만 아니라, 프로세서를 효율적으로 구현 하기 위한 파이프 라인, 그리고 메모리 계층 구조 등을 다룬다. ** 수업 진행 방식: 대면수업** 학과 지침에 따라 상대평가로 운영됩니다. ** 한국어로 진행 되지만, 강의 자료는 영어로 구성",Computer Organization and Design RISCV Edition: The Hardware Software Interface,,"컴퓨터 구조 및 설계 (RISCV Edition)번역본, 한티미디어최신 컴퓨터구조, 임석구, 홍경호, 한빛아카데미컴퓨터 아키텍쳐 컴퓨터구조 및 동작원리, 우종정, 한빛아카데미",논리설계,True,True
45966,컴퓨터구조,2,2학기,3.0,전공필수,"본 과목은 컴퓨터 시스템 내부 구성 요소와 구성 및 동작 원리에 대한 전반 적인 내용을 소개 한다. 현대의 컴퓨터 시스템은 하드웨어와 소프트웨어 그리고 이 둘 사이의 상호작용에 대한 이해를 요구 하고 있다. 따라서 본 수업에서는 컴퓨터가 명령어를 이해 하고 해석 하는 과정을 하드웨어 구성 요소들과 연동하여 설명할 뿐만 아니라, 프로세서를 효율적으로 구현 하기 위한 파이프 라인, 그리고 메모리 계층 구조 등을 다룬다. ** 수업 진행 방식: 대면수업** 학과 지침에 따라 상대평가로 운영** 한국어로 진행 되지만, 강의 자료는 영어로 구성",Computer Organization and Design RISCV Edition: The Hardware Software Interface,,"컴퓨터 구조 및 설계 (RISCV Edition)번역본, 한티미디어최신 컴퓨터구조, 임석구, 홍경호, 한빛아카데미컴퓨터 아키텍쳐 컴퓨터구조 및 동작원리, 우종정, 한빛아카데미",논리설계,True,True
45967,컴퓨터구조,2,2학기,3.0,전공필수,The goal of this class is to have comprensive understanding about the strucutre of computer system. Students are expected to learn how to increase system performance after learning each component of computer system. Computer instructions and their efficiency will be also taught in this class.,"Computer Organization Principles, analysis, and design by Lan Jin",,,Digital logic design,True,True
45968,컴퓨터그래픽스,3,2학기,3.0,전공선택,"컴퓨터 그래픽스의 기초 이론 학습 렌더링 파이프라인, Programmable Shader에 대한 이해 게임 엔진 및 그래픽스 응용 프로그램에 대한 이해",OpenGL ES를 이용한 3차원 컴퓨터 그래픽스 입문,,이전 강의(https://youtu.be/tgWID5VTV4)https://github.com/diskhkme/jbnuwebglcomputergraphicslecturehttps://webgl2fundamentals.org/webgl/lessons/ko/,"C++ 프로그래밍(필수), 선형대수학(필수), JAVA 프로그래밍",True,False
45969,컴퓨터네트워크,3,2학기,3.0,전공선택,"컴퓨터와 네트워크의 결합에 의한 컴퓨터 상호간 통신을 목적으로 구성된 컴퓨터 네트워크를 프로토콜 관점에서 학습한다. 특히 TCP/IP 중심의 인터넷 프로토콜의 동작원리를 이해하고, 이를 바탕으로 궁극적으로 네트워크 관련 프로그래밍 소양과 능력을 향상시키는 것에 중점을 둔다. 네트워크 프로그래밍(Socket programming) 영역은 개별적으로 프로젝트 기반 학습(Project based Learning)을 수행한다.","W. Stallings, Data & Computer Communications, 10th Edition, Pearson, 2014",,"D. E. Comer, Computer Networks and Internets with Internet Applications, 3rd Edition, Prentice Hall, 2001","컴퓨터구조, C언어, 데이터통신",True,True
45970,컴퓨터네트워크,3,2학기,3.0,전공선택,"전산학도로써 필요한 컴퓨터 네트워크에 대한 이를 목표로 한다. 네트워크 계층인 IP, 전송 계층인 TCP/IP, 응용 계층인 WWW, SMTP 등과 네트워크 보안에 대한 이해를 목표로 한다.",데이터 통신과 네트워킹 (Data Commmunications and Networking),,,,True,True
45971,프로그래밍언어론,3,1학기,3.0,전공필수,"프로그래밍언어들의 기본원리를 이해하고 학습한다. 이론적/논리적인 측면에서 프로그래밍언어의 정의, 역사, 기본 개념을 바탕으로 다양한 프로그래밍언어의 패러다임에 대한 이해와 학습을 목표로. 과제는 다음 언어에 대한 응용 프로그래밍이 제시된다.1) 절차중심언어: C 2) 함수언어: Lisp3) 객체지향언어: Java, C++4) 논리언어: Prolog","Concepts of Programming Lanagues, 11th ed.",,,적어도 한개의 프로그래밍 언어 사용에 관한 경험,True,True
45972,프로그래밍언어론,3,1학기,3.0,전공필수,"프로그래밍언어들의 기본원리를 이해하고 학습한다. 이론적/논리적인 측면에서 프로그래밍언어의 정의, 기본 개념을 바탕으로 주요 프로그래밍언어의 패러다임에 대한 이해를 목적으로 실제 프로그램을  예로 설명한다.  학습 대상이 되는 주요 언어패러다임과 언어는 다음과 같다.1) 절차중심언어: C 2) 함수언어: Lisp3) 객체지향언어: Java, C++4) 논리언어: Prolog",프로그래밍 언어개념,,,적어도 하나의 절차지향언어 또는 객체지향언어,True,True
45973,확률및통계,3,2학기,3.0,전공선택,"The main theme of the course is to understand the basic statistical concepts and statistical models, and to  practice them with a statical package.",To be announced in class.,,I am planning to using a text book with the most common materials. You can use any books. What matters is the contents. You can refer any book in the library. Other related materials will be announced and provided in class.,"This is one of most classical subjects in computer soence and engineering. It means that it is one of the representative areas where some give data are processes for certain purpose and interpreted for the semantics of the data with respect to the purpose. For that, it requires discrete mathematics and programming languages as prerequisite.",True,True
45974,확률및통계,3,2학기,3.0,전공선택,"우리가 일상 접하는 랜덤 신호 또는 랜덤 데이터의 정성적, 정량적인 특징을 알아내고 이를 활용하는 통계처리 과정은 공학 뿐아니라 모든 분야의 학문영역에서 반드시 필요한 일이다. 본 교과목은 랜덤한 현상이란 어떻게 모형화되고, 분석할 수 있느가 또한 분석된 결과는 어떻게 해석될 수 있는가 를 학습하는 계기가 될 것이다. 따라서 본 학습을 통하여 얻어진 지식은 랜덤한 물리량을 전기적인 신호로 변환하여 다루는 신호처리,  랜덤한 데이터를 해석하고 이를 이용하는 정보처리 분야에 기초지식으로 활용될 수 있다.","IT 공학도를 위한 확률, 랜덤변수, 통계 및 랜덤과정",,"Probability and Random Processes for Electrical Engineers, Yannis Viniotis, McGrawHill 1998.",공업수학,True,True
46007,이산수학,2,1학기,3.0,전공선택,"이산수학은 이산적인 객체를 연구하는 수학의 한 분야로, 자료구조, 알고리즘을 비롯한 많은 컴퓨터공학 교과목의 수학적 토대를 제공한다. 본 강좌에서는 논리, 증명, 집합, 알고리즘, 확률, 그래프, 트리 등 이산 수학 분야의 다양한 정의와 정리를 학습하여 학생들이 논리적, 수학적 사고를 하는 방법을 터득하는 것을 목표로 하며, 이를 바탕으로 향후 컴퓨터공학 교과목을 수강하는 데 도움을 주고자 한다.","공은배 외 6인 공역, Rosen의 이산수학 8th Edition, McGrawHill Edition, 2018",,"주교재의 경우 기존의 7th Edition을 사용하여도 전체적인 내용에는 큰 차이가 없으나, 세부 내용에서 약간의 차이가 있을 수 있음을 유의 바람",,True,True
46008,이산수학,2,1학기,3.0,전공선택,"이산수학은 이산적인 객체를 연구하는 수학의 한 분야로, 자료구조, 알고리즘을 비롯한 많은 컴퓨터공학 교과목의 수학적 토대를 제공한다. 본 강좌에서는 논리, 증명, 집합, 알고리즘, 확률, 그래프, 트리 등 이산 수학 분야의 다양한 정의와 정리를 학습하여 학생들이 논리적, 수학적 사고를 하는 방법을 터득하는 것을 목표로 하며, 이를 바탕으로 향후 컴퓨터공학 교과목을 수강하는 데 도움을 주고자 한다.","공은배 외 6인 공역, Rosen의 이산수학 8th Edition, McGrawHill Edition, 2018",,"주교재의 경우 기존의 7th Edition을 사용하여도 전체적인 내용에는 큰 차이가 없으나, 세부 내용에서 약간의 차이가 있을 수 있음을 유의 바람",,True,True
46009,데이터베이스,3,2학기,3.0,전공선택,"데이터베이스 시스템의 기본 개념을  SQL 과 관계형 모델을 중심으로 설명하고, 다양한 응용에서 데이터베이스 기술을 접목시킬 수 있는  능력을 배양한다. 특히 현장 전문가를 초빙하여 상용제품을 통한 SQL실습을 수행함으로써 수업운영에 있어서 현장성을 높인다.",Database system Concept,,Cubrid Manual,"파일처리, 컴파일러, C, C++  또는 자바 프로그래밍",True,True
46010,데이터베이스,3,2학기,3.0,전공선택,"데이터베이스 시스템의 기본 개념을  SQL 과 관계형 모델을 중심으로 설명하고, 다양한 응용에서 데이터베이스 기술을 접목시킬 수 있는  능력을 배양한다. 특히 현장 전문가를 초빙하여 상용제품을 통한 SQL실습을 수행함으로써 수업운영에 있어서 현장성을 높인다.",Database system Concept,,Cubrid Manual,"파일처리, 컴파일러, C, C++  또는 자바 프로그래밍",True,True
46011,데이터마이닝,3,2학기,3.0,전공선택,"1. 대규모로 저장된 데이터안에서 체계적으로 정보를 분석하는 과정과 이론에 대한 학습2. 산업현장에서 활용되는 다양한 주제의 문제와 알고리즘을 학습하며 구체적으로는 finding similar items, mining frequent itemsets, clustering, dimensionality reduction, web advertising, link analysis, recommender systems, regression, classification, decision tree, time series prediction 등을 공부3. 실질적인 데이터마이닝 활용 능력을 키우기 위해 Python 언어를 활용한 데이터마이닝 알고리즘 구현 및 데이터 분석※ 신규 교과목으로 syllabus에 변경이 발생할 수 있습니다. ※ Python 기반의 프로그래밍 숙제를 계획하고 있으므로 수강신청에 참고하시기 바랍니다.",Mining of Massive Datasets,,http://mmds.org/,"알고리즘, 선형대수학, Python 프로그래밍",True,True
46012,데이터통신,3,1학기,3.0,전공선택,"서로 다른 컴퓨터 사이에 전송되는 데이터의 안전하고 신속한 통신에 소요되는 전송매체, 신호생성, 전송장비 등 기술요소를 학습함으로써 데이터의 손실없는 전송에 대한 이해와 컴퓨터 네트워크 구성에 따른 기반적, 이론적 기저를 다지는 것을 목표로한다.","Data & Computer Communications, 10th edition",,,"컴퓨터구조, 자료구조",True,True
46013,데이터통신,3,1학기,3.0,전공선택,통신망을 이용하여 시스템간의 데이터를 주고받는 기술과 방법에 대하여 공부한다.프로토콜에 대한 기본 개념과 여러 가지 매체를 통하여 데이터를 안전하게 전달하는 기법에 대하여 배운다.배운 통신망의 물리계층과 데이터 링크 계층의 프로토콜에 대하여 개략적인 내용을 다룬다.,"Data Communications and Networks, fourth edition by Behrouz A. Forouzan",,데이터통신과 네트워킹 (4/e) 교보문고Data and Computer Communications 7th edition by William Stallings,,True,True
46014,정보보호,4,2학기,3.0,전공선택,"정보보안 개념, 암호학의 주요이론, 사이버 공격의 유형 및 대처방안, 안전한 정보시스템의 운용방법 등을 학습한다. 이를 통하여 정보보안 전문적 소양을 함양하기 위해서 필요한 배경지식을 학습하여 정보화사회에서 초래되고 있는 정보침해 역기능에 대해서 효과적으로 대처하는 능력을 갖추는 것을 목표로 한다.",강의 슬라이드,,"* 교수의 강의 슬라이드를 위주로 수업을 진행할 예정이나, 다음의 책들을 참고할 수 있음    Katz, Introduction to Modern Cryptography    C. Paar & J. Pelzl, Understanding Cryptography, Springer, 2010.* 참고자료의 구입은 강의 첫 시간의 강좌 소개를 듣고 정하기를 권함","컴퓨터공학부 학부 과정에서 다루는 전반적인 내용에 대해서 잘 숙지하고 있다면 강의를 이해하는 데 도움이 될 수 있으나, 필수 요소는 아니며 필요한 사항들에 대해서는 강의 시간에 다시 설명하며 진행할 예정임. 확률통계, 선형대수학에 익숙하다면 도움이 됨.",True,True
46015,모바일프로그래밍,3,2학기,3.0,전공선택,"본 강의는 Android 환경을 기반으로 한 모바일 기기에서 동작하는 응용 프로그램 개발을 목표로 한다. 프로그램 개발을 위해서 자바 언어와 안드로이드 뷰, 위젯, 레이이웃등 프로그램의 기본적인 요소들에 대해 학습하고, 액티비티와 데이터베이스 및 멀티미디어와 구글지도등을 활용하여 앱 서비스 구현 수준을 향상시키는 방법을 학습한다.",Do it! 안드로이드 앱 프로그래밍,,,"C, C++, Java 등 어떤 언어든지 프로그래밍 언어 교과목 이수 경험",True,True
46016,웹프로그래밍,4,1학기,3.0,전공선택,"웹 프로그래밍에 관한 일반적인 이론과 내용을 학습하고 실습한다:HTML, CSS, JSP, 스프링 프레임 워크의 사용법을 학습하고 이를 응용하여 웹페이지를 실제로 구축해 본다.",짧고 굵게 배우는 JSP 웹 프로그래밍과 스프링 프레임워크,,,,True,True
46017,C++프로그래밍,1,2학기,3.0,전공선택,"메모리에 대한 이해를 바탕으로 변수, 포인터 변수 및 참조자에 대해 이해C++ 언어를 기반으로 객체지향 프로그래밍 기법 이해실습을 통해 각 학습 주제에 대해 구체적으로 이해Flipped Learning 적용",열혈 C++ 프로그래밍,,작년 강의: https://youtu.be/wpk7AM6FPRc모두의 코드: https://modoocode.com/135C++ 레퍼런스: http://www.cplusplus.com/reference/,C언어기초(필수),True,True
46018,C++프로그래밍,1,2학기,3.0,전공선택,Goal 1. C언어기초를 공부한 학생을 대상으로 C++ 언어의 프로그래밍 문법 학습Goal 2. 객체지향프로그래밍 (OOP)의 개념 이해와 C++ 언어를 이용하여 OOP 프로그램 설계 및 구현 능력 함양Goal 3. 다양한 문제에 대한 프로그래밍 실습을 통해 각 주제를 심층적으로 이해하고 C++ 프로그래밍의 실력 향상,열혈 C++ 프로그래밍,,,C언어기초,True,True
46019,C++프로그래밍,1,2학기,3.0,전공선택,Goal 1. C언어기초를 공부한 학생을 대상으로 C++ 언어의 프로그래밍 문법 학습Goal 2. 객체지향프로그래밍 (OOP)의 개념 이해와 C++ 언어를 이용하여 OOP 프로그램 설계 및 구현 능력 함양Goal 3. 다양한 문제에 대한 프로그래밍 실습을 통해 각 주제를 심층적으로 이해하고 C++ 프로그래밍의 실력 향상,열혈 C++ 프로그래밍,,,C언어기초,True,True
46020,JAVA프로그래밍,2,1학기,3.0,전공선택,"본 강좌에서는 자바 언어에 대한  문법과 객체지향 프로그래밍의 개념을 익히고, 다양한 실습을 통해 자바 프로그래밍의 기초를 확립하는데 그 목적이 있다. 본 강좌에서 다루는 주제들은 다음과 같다.1. 자바 기초2. 객체지향 프로그래밍3. GUI 프로그래밍4. 쓰레드 프로그래밍",명품 자바 프로그래밍,,헤드퍼스트 자바,C언어 기초,True,True
46021,JAVA프로그래밍,2,1학기,3.0,전공선택,"본 강좌에서는 자바 언어에 대한  문법과 객체지향 프로그래밍의 개념을 익히고, 다양한 실습을 통해 자바 프로그래밍의 기초를 확립하는데 그 목적이 있다. 본 강좌에서 다루는 주제들은 다음과 같다.1. 자바 기초2. 객체지향 프로그래밍3. GUI 프로그래밍4. 쓰레드 프로그래밍",명품 자바 에센셜,,,C언어 기초,True,True
46022,JAVA프로그래밍,2,1학기,3.0,전공선택,본 강의에서는 최근 SW개발에서 가장 많이 사용되고 있는 객체지향 프로그래밍 언어인 Java언어를 학습한다. 객체지향언어를 이용한 소프트웨어 설계와 구현에 대한 원칙과 이론을 학습하고 이를 Java를 이용하여 구현한다. 본 강의는 자바 프로그래밍의 기본기를 익히며 소프트웨어 개발에 필요한 프로그래밍의 기초를 다지는 것을 목표로 한다.,Do it! 자바완전정복 (진짜 개발자가 되는 Java 프로그래밍 입문서),,,"C언어(필수), C++ (권장)",True,True
46023,유닉스시스템프로그래밍,2,2학기,3.0,전공선택,"유닉스계열의 시스템에서의 프로그래밍을 학습한다. 본 수업의 목표는 다음과 같다. 1) 유닉스 환경에서 CLI 사용 능력 배양, 2) 유닉스 환경에서의 C 프로그래밍 역량 강화, 3) 시스템 프로그래밍 경험 습득",유닉스 시스템 프로그래밍 (3판),,,,True,True
46024,임베디드컴퓨팅,4,1학기,3.0,전공선택,"** 중간 평가는 대면 시험을 원칙으로 합니다. 본 수업은 임베디드 시스템(내장형 시스템)의 내부 구성 요소와 그 동작 방법에 대한 기본 개념을 소개 하고 임베디드 시스템의 구동 및 제어 방법을 실습한다. 이를 위해 다양한 유형의 IoT 디바이스를 직접 개발 할 수 있는 초소형 컴퓨터인 라즈베리파이를 활용하여 다양한 센서와 액추에이터들을 직접 제어 할 수 있는 프로그래밍 기법을 익힌다. 이를 통해 임베디드 컴퓨팅에 대한 전반적인 이해 뿐만 아니라, 임베디드 컴퓨팅을 활용한 다양한 IoT 디바이스를 직접 제작할 수 있는 능력을 배양한다. 강의 초반에는 임베디드 시스템의 주요 부분에 대한 개괄적인 내용을 습득하고, 이후 파이썬 언어에 대한 수업이 진행된다. 중간 고사 이후에는 라즈베리 파이를 이용하여 초음파 센서, 온도 센서 등 다양한 센서를 통해 현실세계의 데이터를 직접 입력 받아 이를 통해 액추에이터가 원하는 동작을 수행 할 수 있는 임베디드 프로그램을 직접 작성하고, 이를 이용하여 다양한 유형의 IoT 디바이스 제작 프로젝트를 수행한다.** 모든 수업 자료 및 공지사항은 (신)LMS (https://ieilms.jbnu.ac.kr/)를 활용합니다.** 학부 방침에 따라 상대평가로 운영",IoT 사물인터넷을 위한 라즈베리파이 4 정석,,"Computers as components, 3rdedition by W. Wolf, Morgan Kaufmann, 2012Introduction to computer science using Python : a computational problemsolving focus, Charles Dierbach, Wiley, 2012",컴퓨터구조,True,True
46025,프로그램의구조와해석,2,2학기,3.0,전공선택,프로그래밍의 필수 요소인 추상화의 개념을 익히고 이를 통해 복잡한 대규모 소프트웨어를 개발할 수 있는 능력을 키운다.,Structure and Interpretation of Computer Programs (second edition),,컴퓨터 프로그램의 구조와 해석,,True,False
46026,윈도우즈프로그래밍,2,1학기,3.0,전공선택,"!!!2022년 1학기 윈도우즈프로그래밍 강의는 비대면으로 진행됩니다. https://sites.google.com/view/jbnu20221wp/home 사이트에 접속 바랍니다.!!!C언어 기초 교과목과 C++프로그래밍(또는 JAVA 프로그래밍) 교과목을 통해 객체지향 프로그래밍의 개념을 습득한 학생을 대상으로 한 강의임.C  언어와 WPF(Windows Presentation Foundation) 프레임워크를 이용하여 윈도우 응용 프로그램을 작성하는 법을 배운다. GUI 설계 방법과 이벤트 기반 프로그래밍 기법에 대한 이해, 이를 기반으로한 응용 소프트웨어 설계 및 구현을 실습과 프로젝트를 통해 경험한다.",없음,,웹사이트https://msdn.microsoft.com/https://wpftutorial.com/http://www.wpftutorial.net/http://kocw.net/home/search/kemView.dokemId=1265570책Head First C  (한빛미디어)Pro WPF 4.5 in C  (APress)이것이 C 이다 (한빛미디어),"C++ 프로그래밍, JAVA 프로그래밍 또는 기타 객체지향 프로그래밍 언어 교과목 필수 이수",True,True
46027,윈도우즈프로그래밍,2,1학기,3.0,전공선택,!!!2022년 1학기 윈도우즈프로그래밍 강의는 비대면으로 진행됩니다. https://sites.google.com/view/jbnu20221wp/home 사이트에 접속 바랍니다.!!!C언어와 C++언어를 바탕으로 C 을 이용하여 윈도우즈 프로그래밍 제작 기법을 학습한다. 윈도우즈 프로그램을 작성하여 PC와 IOT 장비간 시리얼 통신을 통해 데이터를 처리하는 방법에 대해 학습한다.GUI 설계 방법과 이벤트 기반 프로그래밍 기법에 대한 이해하고 이를 기반으로 응용 소프트웨어 설계 및 구현을 실습과 프로젝트를 통해 경험한다.,C  프로그래밍(2판)(IT CookBook) 프로그래밍 기초부터 객체 지향 핵심까지,,,"C++ 프로그래밍, JAVA 프로그래밍 또는 기타 객체지향 프로그래밍 언어 교과목 필수 이수",True,True
46028,컴퓨터공학총론,1,2학기,3.0,전공선택,"컴퓨터공학을 전공하는 학생이 4년동안 배워야할 내용을 주제별로 구분하여 소개하고 그들간의 관계를 이해하도록 한다. 또한 컴퓨터 공학의 최근 동향을 파악하고 그 흐름을 따라갈 동기와 공부하는 자세를 갖추도록 한다. 프로그래밍의 중요성을 강조하며, 코딩의 즐거움을 아는 컴퓨터공학자로 성장할 수 있는 길을 안내한다.",소프트웨어 세상을 여는 컴퓨터과학,,"컴퓨터 공학 추세를 살필 수 있는 최신 자료들 (예, 위키)인공지능과 기계학습 관련 기초 자료들",,True,False
46029,논리설계,2,1학기,3.0,전공선택,"** 강의실 사정으로 비대면수업(실시간 온라인 수업+동영상 수업)으로 진행 될 예정입니다. (개별로 대면 질의응답 가능) ** 중간/기말 평가는 대면 시험을 원칙으로 합니다. 본 과목은 디지털 시스템에 대한 기본적인 개념과 동작 원리를 이해함으로써 디지털 시스템 설계에 대한 폭 넓은 시각을 제공하는 것을 목표로 한다. 이를 위해  논리회로를 구성하는 기본 소자, 조합회로와 순차회로의 설계 이론을  다룬다. **수업관련 모든 자료와 공지사항은 (신)LMS (https://ieilms.jbnu.ac.kr/)를 활용합니다. **학과 방침에 따라 상대평가로 진행",처음 만나는 디지털 논리회로,,,없음,True,False
46030,논리설계,2,1학기,3.0,전공선택,"디지털 논리회로의 기본 개념을 이해하고 논리식을 기초로 조합논리회로를 구성하는 방법과 플립플롭에서 부터 순서회로의 설계까지 요구되는 학습한다.본 과정의 내용은 컴퓨터구조와 연결되며 플립플롭, 카운터, 레지스터 및 메모리와 같은 디지털 소자의 핵심내용을 이해한다",처음 만나는 디지털 논리회로,,,,True,False
46031,소프트웨어개발프로젝트,4,1학기,3.0,전공선택,"산업체 또는 실생활에서 필요한 기술에 대한 프로젝트 주제를 선택하고, 주제에 대한 선행기술과 오픈소스 및 관련 자료들을 조사 분석을 한다. 이후 기반설계 및 구현을 통해 중대형 프로젝트를 수행할 수 있는 실무 능력을 습득한다.",없음 (강의 자료 활용),,,"프로그래밍언어(C, C++, Java), 자료구조, 알고리즘, 소프트웨어공학",True,True
46032,기계학습,4,2학기,3.0,전공선택,"기계학습은 빅데이터, 컴퓨터비전, 자연어처리, 바이오인포매틱스를 포함하는 다양한 분야에서 필요한 핵심적인 수학 도구가 되었다. 기계학습 연구의 목표는 경험을 통해 학습할 수 있는 컴퓨터시스템을 만드는 것이다. 학습가능한 시스템은 주어진 문제를 풀 수 있는 알고리즘을 사람이 직접 주는 것이 아니고 다양한 예제들로부터 시스템이 어떻게 동작해야 하는지를 스스로 배운다. 이러한 시스템들을 구현하기 위해서는 경험의 결과에 의해 시스템이 자신의 행동을 어떻게 수정해야 하는지를 명시하는 학습 알고리즘이 필요하다. 기계학습 연구분야에서는 어떤 상황에서 어떤 학습 알고리즘이 필요한지 이해하려는 시도들이 다양하게 이루어지고 있으며, 이를 통해 새로운 학습 알고리즘을 개발되고 있다. 본 과목에서는 다양한 응용들에서 좋은 성과를 나타낸 것으로 알려진 기초적인 기계학습 알고리즘들을 다룬다. 알고리즘들이 어떤 차이를 가지고 있고 알고리즘들이 어떤 분야에 잘 적용되는지에 중점을 둘 것이다. 본 과목에서 다루는 알고리즘들은 딥러닝으로 대표되는 최신 학습 알고리즘 기법들의 기초가 된다.",없음,,"Pattern Recognition and Machine Learning, Chris Bishop, Springer, 2007","선형대수, 확률통계",True,True
46037,오픈소스소프트웨어개발,3,2학기,3.0,전공선택,"1. Open Source SW (OSS)의 이해 : OSS의 개념과 생태계, OSS 개발의 특수성 및 주요 OSS의 동향 등에 대해 이해한다.2. Open Source SW (OSS) 개발 실습 : OSS 환경에서의 프로젝트 실습 및 실제 OSS 프로젝트 데이터 분석",오픈소스 기여를 위한 안내서,,,,True,True
46138,산학실전캡스톤,4,2학기,3.0,전공선택,"기업/산업 현장에서 도출된 기술적 문제를 프로젝트를 통해 연구/개발하여 실무 경험과 문제해결 능력을 배양산업 현장에서 요구되는 기술 스택 및 배경 지식을 구체적으로 파악하고, 해당 기술/지식에 대한 습득 동기를 부여우수 프로젝트 결과물은 SW등록, 논문발표, 특허 등록을 지원",,,,,True,True
46139,빅데이터기초실습,2,2학기,3.0,전공선택,"원격수업(비대면)SW중심대학사업 융합/연계전공(예정) 학생을 대상으로 하는 교과목으로 SW학과(컴퓨터공학부, IT지능정보공학과, 소프트웨어공학과)학생은 수강할 수 없는 과목이며 원격수업으로 운영됨. 본 강좌는 대규모의 데이터를 수집, 처리, 분석하는 과정 및 방법을 학습하여 데이터 분석 능력을 배양을 목표로함.",데이터 과학 기반의 파이썬 빅데이터 분석,,,,True,True
46140,인공지능개론및실습,2,2학기,3.0,전공선택,"SW중심대학사업 융합/연계전공(예정) 학생을 대상으로 하는 교과목으로 SW학과(컴퓨터공학부, IT지능정보공학과, 소프트웨어공학과)학생은 수강할 수 없는 과목임. 본 강좌는 인공지능이 무엇인지 살펴보고, 프로그래밍 실습을 통해 인공지능과 관련한 기초 지식 습득하고 활용할 수 있는 능력을 배양. 또한, 최신 인공지능 결과물을 살펴보며 각 융합/연계 분야에서 적용할 수 있는 능력을 키움.",,,,,True,True
46141,웹프로그래밍실습,3,2학기,3.0,전공선택,"원격수업(비대면)SW중심대학사업 융합/연계전공(예정) 학생을 대상으로 하는 교과목으로 SW학과(컴퓨터공학부, IT지능정보공학과, 소프트웨어공학과)학생은 수강할 수 없는 과목임. 또한 원격수업임. 본 강좌는 HTML5, CSS3, Javascript를 이용한 웹프로그래밍 기초 지식 습득하고 활용할 수 있는 능력을 배양.",HTML5+CSS3+Javascript 웹 프로그래밍,,,,True,True
46142,마이크로프로세서,3,1학기,3.0,전공선택,"저전력을 요하는 기존의 휴대형 기기(스마트폰 등)와 생활가전에 많이 사용되는 ARM (CortexM3) 아키텍처에 대한 전반적인 이해와 시스템 설계시 고려해야 하는 개발 환경, 프로그래밍 방법 등을 학습한다.소프트웨어 엔지니어에게 필요한 하드웨어에 대한 이해를 목표로 한다.(수강신청시 유의사항. 매주 조별 과제가 있어서 타과생들은 불리할 수 있습니다.)",,히언. (2013). Embedded Recipes. 코너북,,디지털논리 및 컴퓨터구조,True,True
46143,선형대수학,2,2학기,3.0,전공선택,"소프트웨어 공학과 학생들의 전공에 도움이 되는 벡터, 행렬, 벡터공간 등에 대해 공부한다. 이런 기초적인 행렬이론을 바탕으로 역행렬, 선형변환, 직교행렬, 고유값, 고유벡터에 대한 이론을 습득한다.(타과생 수강 신청시 유의사항 : Python 또는 C언어나 Matlab 과 같은 프로그래밍 언어를 사용한 과제 있을 수 있으며, 타과생에게 불리할 수 있음.)",,,,수학2 (또는 미분적분학),True,True
46144,운영체제,3,1학기,3.0,전공필수,"컴퓨터 운영체제의 기본원리를 이해하고, 이를 활용하는 능력을 갖도록 한다. 운영체제의 기본 요소들인 프로세스 관리, 가상 메모리, 파일 관리 등을 다루며, 특히 운영체제의 중요성 또는 구조를 이해하거나 활용할 수 있는 이론적인 방법과 해석적 구조를 이해한다.",,,,,True,True
46145,자료구조,2,1학기,3.0,전공필수,"This  course  will  offer  the  first  set  of  essential  survival  skills  for  a  computer  scientist.  Upon successfully completing the course, students will feel comfortable giving answers to the following basic everyday computer science questions:(1) How do we represent the realworld data to be processed by computer programs(2) How do we write computer programs to efficiently process these data representations (3) How do we analyze computer programs",,,,,True,True
46146,컴파일러구성론,4,2학기,3.0,전공선택,"고급 프로그래밍 언어의 컴파일러에 관한 이론과 기법을 익히고 그 컴파일러를 자동적으로 구성하기 위한 여러 가지 문법 이론을 학습 한다. 특히 구문 분석을 위한 Topdown, Bottomup 방법과 Parsing Table을 구성하기 위한 LL 및 LR 방법에 대하여 중점적으로 학습한다.",,,,,True,False
46147,컴퓨터구조,2,2학기,3.0,전공선택,"컴퓨터의 데이터 표현 방법부터 컴퓨터 병렬 구조까지 컴퓨터 구조를 이해하는 데 필요한 전반적인 내용을 다룹니다. 학생들이 다양한 개념을 통해서 컴퓨터 기본 이론 >> 구성장치 >> 컴퓨터 동작 과정 순으로 단계별로 이해하는데 목적이 있으며, 소프트웨어공학과 학생들이 컴퓨터 시스템의 동작 원리와 구조, 구성장치를 학습하는 데 그 목적이 있습니다.(타과생 유의사항 : 이 과목은 소프트웨어 공학과 전공과목이며, 조별 과제가 있을 예정입니다.)",,,,"이산수학(또는 디지털 논리, 임베디드시스템개론)",True,True
46148,컴퓨터네트워크,4,1학기,3.0,전공선택,네트워크와 관련된 기본과정에서 부터 TCP/IP 이론 및 네트워크를 구성하기 위한 네트워크 프로토콜  분석에 대해 학습한다.인터넷에서 사용하고 있는 TCP/IP 프로토콜에 대한 전반적인 내용을 학습하여 다양한 응용을 지원하는 네트워크 통신 기술들에 대한 공부를 하는 것이 목표이다.,,,,데이터통신,True,True
46149,프로그래밍언어론,4,1학기,3.0,전공선택,"프로그래밍언어들의 기본원리를 이해하고 학습한다. 이론적/논리적인 측면에서 프로그래밍언어의 정의, 역사, 기본 개념을 바탕으로 다양한 프로그래밍언어의 패러다임에 대한 이해와 학습을 포함하며, 고급 프로그래밍 언어의 컴파일 과정에서의 어휘분석과 구문분석 과정에 대한 기초 개념과 프로그래밍 언어를 이용한 알고리즘 설계 기법에 대하여 학습한다.",,"ALLEN B.TUCKER , ROBERT E. NOONAN. (2008). Programmming Languages. 생능출판사",,"C, JAVA 프로그래밍 언어",True,True
46150,확률및통계,3,1학기,3.0,전공선택,확률과 통계의 주요 이론을 충실히 배우고이를 다양한 문제 풀이를 통해 해결 능력 제고기본적인 개념 습득과 활용에 초점을 맞춤,,,,,True,True
46151,이산수학,2,1학기,3.0,전공선택,"이산수학은 컴퓨터및 정보공학의 주요이론에 대한 기초적인 수학 지식을 배운다. 많은 다양한 정보를 추상적인 생각에서 객관적인 모델로 구현하는데 이산수학이 필요하다. 본 교과목에서는 집합이론, 기초 논리, 그래프, 관계, 함수 등에 이론을 배우며 이에 대한 응용범위를 알아본다.",,임은기외 7명. (2007). 이산수학 및 응용. 한티미디어,,,True,True
46152,데이터베이스,3,1학기,3.0,전공선택,데이터베이스의 기본원리를 학습하고 데이터베이스를 사용하는 것을 통해 원리에 대한 이해를 높인다,,,,,True,True
46153,디지털공학,1,2학기,3.0,전공선택,"IC의 발달로 인해 컴퓨터와 관련된 각종 장비의 디지털화가 되고 있다. 이를 이해하고, 응용하기 위해서 디지털 공학에 대한 정확한 이론 파악이 필요하다.",,Roger L. Tokheim. ().  디지털공학.  생능출판,,,True,False
46154,데이터통신,3,2학기,3.0,전공선택,컴퓨터네트워크에 관한 기초지식을 습득한다,,,,,True,True
46155,창의적공학설계입문,1,2학기,3.0,전공선택,"본 강좌는 소프트웨어공학 분야에 입문한 공학도들에게 강의와 팀별 프로젝트를 통하여 창의적 문제 해결 방법을 직간접적으로 체험하도록 함으로써 공학자로서의 올바른 마인드를 형성하도록 하고 창의적 사고 능력을 배양시키며, 향후 공학도로서 업무 현장에서 생길 수 있는 다양한 문제들에 대해 전체적으로 조망하고 이에 창의적으로 대처해 나갈 수 있는 기본적인 소양을 갖도록 한다.(프로젝트(설계) 교과목으로서의 목표) 설계학점 3학점으로 되어 있는 기초 프로젝트 교과목이므로 선정한 주제에서 요구하는 필요조건과 설계 구성요소 및 현실적 제한조건을 반영한 프로젝트를 팀 단위로 수행하여야 한다.",,,,해당없음,True,False
46156,C++프로그래밍,1,2학기,3.0,전공선택,"C언어의 응용, C++의 기본적인 지식에서 부터 객체지향언어의 전반적인 내용을 숙지하고(특히, 캡슐화, 정보은닉, 다형성, 상속과 같은 객체 지향의 핵심적인 개념을 완벽하게 이해하고) 충분한 프로그래밍 실습을 통하여 객체지향 언어로서의 응용력을 기른다.  객체지향 언어(MFC, JAVA, .Net 등)를 배우기 위한 기본을 다지며, Object 중심의 프로그래밍 기법에 대해 익힌다.(사전 이해도에 따라 강의 내용과 방향이 조정될 수 있음.)",,전북대학교WEUP사업단. (). 여성공학인을 위한 단계적으로 배우는 C프로그래밍 연습.,,C언어,True,True
46157,JAVA프로그래밍,2,1학기,3.0,전공선택,본 강의에서는 최근 SW개발에서 가장 많이 사용되고 있는 객체지향 프로그래밍 언어인 Java언어를 학습한다. 객체지향언어를 이용한 소프트웨어 설계와 구현에 대한 원칙과 이론을 학습하고 이를 Java를 이용하여 구현한다. 본 강의는 모바일 어플리케이션을 포함한 각종 소프트웨어 개발에 필요한 프로그래밍의 기초를 다지는 것을 목표로 한다.,,,,"C언어(필수), C++ (권장)",True,True
46158,리눅스시스템,1,2학기,3.0,전공선택,"<수강신청시 주의사항>본 강의는 소프트웨어공학과/정보공학과 및 복수 전공하는 학생들을 위한 강좌로서 리눅스 시스템의 사용법을 숙지시키고, 리눅스 시스템의 구성 및 리눅스를 설치하고 홈 네트워크 서버로 활용할 수 있는 방법을 익히게 하는 데 목적이 있다. 리눅스 시스템은 대부분의 컴퓨터 응용 분야에서 서버 역할을 수행하고 있으므로 이를 제대로 활용하기 위해 필수적인 기본 능력을 습득할 수 있도록 한다. <수업 목표>본 강좌는 학생들이 다음의 내용을 이해하고 익히는 데 목표를 둔다.  LINUX 시스템 설치 및 기본관리   LINUX의 기본 사용법  LINUX 서버 구성 및 설정  LINUX 서버 운영",,우재남. (2010). 뇌를 자극하는 Redhat Fedora: 리눅스 서버 & 네트워크(개정판). 한빛미디어,,,True,False
46159,임베디드시스템개론,2,1학기,3.0,전공선택,어떠한 마이크로프로세서나 실시간 운영체제 그리고 소프트웨어 설계 방법론을 사용하든지에 상관없이 임베디드 시스템 소프트웨어에 대한 기본적인 원리는 같기 때문에 이 수업을 통해 어떠한 임베디드 시스템 프로젝트에도 적용할 수 있는 기본적인 원리를 다루는데 초점을 맞춘다.,,. (2019). 따라 하면서 배우는 아두이노. 한빛아카데미,,"디지털공학, 일반물리학1, 일반물리학실험1",True,True
46160,모바일앱프로그래밍,3,1학기,3.0,전공선택,모바일 앱프로그래밍 교과목에서는 다음의 수업의 목표를 갖고 있습니다.  스마트 기기에서 가장 널리 사용되고 있는 안드로이드 운영체제의 특성에 대한 이해 Google에서 제공하는 안드로이드 SDK를 활용한 안드로이드 앱 프로그래밍을 위한 지식 학습 실제 앱을 제작하여 안드로이드 프로그래밍 실력을 향상,,"천인국. (2022). 그림으로 쉽게 설명하는 안드로이드 프로그래밍. 생능출판우재남, 박길식. (2022). Android Studio를 활용한 안드로이드 프로그래밍. 한빛아카데미",,,True,True
46161,소프트웨어공학개론,2,1학기,3.0,전공필수,"소프트웨어공학은 신뢰성있는 고품질의 소프트웨어를 효율적인 비용으로 개발하고 이를 운용·유지보수·폐기하는 전 과정에 적용되는 시스템적 접근 방안을 의미한다. 소프트웨어공학의 영역은 소프트웨어 개발에 관련된 소프트웨어 요구사항, 설계, 개발, 테스트, 유지보수 영역과 개발 지원 및 조직화와 관련된 형상관리, 프로젝트 관리, 소프트웨어 프로세스, 품질 등으로 구성된다. 소프트웨어공학의 기본 개념과 원리를 소개하고, 둘째로는 현재 사용되고 있는 기법과 도구들을 소개하며, 셋째로는 새로운 소프트웨어 개발 방법론인 객체지향 소프트웨어공학 기법과 소프트웨어 공학의 주요 과제들을 소개함으로써 소프트웨어공학에 관한 이해를 증진시킨다.",,유철중 외 5인 역. (2013). 소프트웨어공학 이론과 실제 4판. 도서출판 한산,,해당없음,True,True
46162,소프트웨어공학캡스톤프로젝트,4,1학기,3.0,전공선택,"본 과목은 기초설계와 요소설계 교과목에서 학습한 내용을 토대로 종합설계(켑스톤디자인)를 수행하는 교과목으로 소프트웨어 엔지니어로서 소프트웨어를 개발함에 있어서 요구사항 분석, 설계, 구현, 확인 및 검증을  체계적인 프로세스와 유효한 산출물들 생성하는 방법을 통해 익힘으로써 양질의 소프트웨어 프로덕트를 제작할 수 있고, 팀별 협업을 통하여 창의적 아이디어 도출을 위한 의사소통 능력과 협업 능력 배양을 목표로 한다.",,,,"창의적공학설계입문(기초설계 3학점), 요소설계 6학점 이상(총 설계 9학점 이상), 현대디자인의 이해(3학점)",True,True
46163,소프트웨어품질및테스팅,4,1학기,3.0,전공선택,"최근 모든 산업도메인, 제품에서 소프트웨어가 중요한 역할을 하게되면서 소프트웨어의 품질 향상에 대한 관심이  높아져 왔으며, 품질로 인한 비용이 지속적으로 증가하고 있다. 본 교과목에서는 소프트웨어의 품질을 향상에 중요한 소프트웨어 테스팅의 이론적 체계를 정립하고 활용 가능한 테스팅 기법들을 학습한다.",,,,"C언어, JAVA 등 프로그래밍 언어(JAVA 필수).",True,False
46164,소프트웨어도메인모델링,2,2학기,3.0,전공선택,"도메인 모델은 특정 문제 도메인과 관련된 개념적 모델로 다양한 개체, 속성, 역할, 책임 및 문제 도메인을 다루는 제약사항 등을 기술한 것으로 문제 영역에 대한 현재의 이해를 반영하기 위해 프로젝트 진행에 따라 정제되고 갱신된다. 본 강좌에서는 도메인 모델링에 대한 기본 개념과 모델링을 위한 가이드 라인을 학습하고 학습한 내용을 기반으로 실제 도메인 모델링 예제를 수행해 본다. 아울러 도메인 모델링 이후 클래스 도출과 각 클래스에 대한 속성/연산 도출 기법 및 클래스 관련 객체지향 개념과 모델링 기법을 예제를 통해 학습한다.(프로젝트 목표)수업시간에 학습한 내용을 토대로 구성된 팀원끼리 선정한 문제 도메인을 대상으로 소프트웨어 도메인 모델링을 수행할 수 있고 모델링 도구를 활용하여 관련 산출물을 작성할 수 있다. 본 프로젝트는 Openended Problem으로서 Communication Skill과 Teamwork을 향상시키는 것도 중요한 프로젝트 목표 중 하나이다.",,,,소프트웨어공학개론,True,False
46165,소프트웨어개발프로세스,3,1학기,3.0,전공선택,"소프트웨어 개발 프로세스는 소프트웨어 프로덕트를 개발하기 위하여 필요한 과정 또는 구조이며, 고전적 모델들과 근래에 이슈화 되고 있는 몇 가지 모델들이 존재하며 이들 각각은 해당 단계별로 요구되는 활동이나 작업을 기술하고 있다. 본 강좌에서는 애자일 방법론을 기반으로 하는 소프트웨어 개발 프로세스들을 중심으로 대규모 프로젝트에서 빈번하고 중요하게 발생하는 문제점들을 해결하기 위한 프로세스적 접근 방법들을 제시하고 아울러 설계 단계에서 고려되어야 할 설계 원칙들을 소개한다. 이를 통해 향 후 팀으로 수행되는 프로젝트에서 진행되는 각각의 프로세스를 이해하고 이를 적용 및 개선할 수 있는 능력을 갖추도록 한다.",,Dean Leffingwell. (2007). Scaling Software Agility: Best Practices for Large Enterprises. AddisonWesleyBrett D. McLaughlin. (2006). Head First ObjectOriented Analysis and Design. O RELLY,,소프트웨어공학개론,True,False
46166,컴퓨팅문제와알고리즘,3,2학기,3.0,전공필수,"기본적인 알고리즘을 이해하고, 주어진 컴퓨팅 문제에 습득한 알고리즘을 적용하여 최적의 해를 구하는 것을 목적으로 한다. 또한, 적용 알고리즘의 성능을 비교하고 다양한 문제에 적절한 알고리즘을 선택할 수 있는 능력을 배양한다.",,"R.E. Neapolitan(도경구역). (2015). 알고리즘 기초(Foundations of algorithms), 5th edition. Jones and Bartlett Leaning(홍릉과학출판사)",,"C언어, 자바, 자료구조",True,True
46167,소프트웨어시스템보안,4,1학기,3.0,전공선택,보안의 기본이론을 배우고 과제를 통하여 보안기술에 대한 이해를 높인다,,,,,True,True
46168,소프트웨어시스템분석및설계,3,2학기,3.0,전공필수,"소프트웨어 시스템의 개발은 분석, 설계, 구현 3가지 단계의 반복적이고 점진적인 과정을 통해 이루어 진다. 본 강좌에서는 시스템을 분석하고 설계하는데 고려되어야 하는 이슈들과 함께 분석 및 설계를 위하여 사용되는 방법론들과 기법들에 대하여 다룬다. 특히 UML(Unified Modeling Language)을 이용한 객체 지향 소프트웨어 개발과 관련된 사항을 중점적으로 다루며, 실제 사례를 통한 학습을 통하여 시스템 전체에 대한 분석 및 설계가 가능한 인력 양성을 목표로 한다.",,Leszek A. Maciaszek. (2001). Requirements Analysis and System Design. Addison Wesley,,"소프트웨어공학개론, JAVA프로그래밍",True,False
46169,소프트웨어아키텍처이론과실제,4,2학기,3.0,전공선택,"소프트웨어 아키텍처 설계와 개발을 실무에서 리드할 수 있는 소프트웨어 아키텍트에게 요구되는 아키텍처 드라이버, 품질속성 시나리오, 아키텍처 스타일과 아키텍처 패턴, 아키텍처 분석 및 평가 등 소프트웨어 아키텍처의 이론 및 아키텍처의 기본 지식을 사례연구와 함께 배우고 이를 적용하는 실습을 수행한다.",,강성원. (2018). 소프트웨어 아키텍처로의 초대: 소프트웨어 아키텍처 설계의  근본 원리들(제3판). 홍릉출판사,,,True,False
46170,머신러닝,2,2학기,3.0,전공선택,"○ 인공지능의 개념 이해, 머신러닝의 종류와 동작원리 이해, 머신러닝의 응용 ○ 인공지능 및 머신러닝의 알고리즘 이해와 구현",,,,,True,True
46171,빅데이터보안,4,2학기,3.0,전공선택,빅데이터보안에 대해 배운다,인터넷해킹과보안 (4판),,,,True,True
46172,CAD,3,1학기,3.0,전공선택,기계도면 작성을 위한 원칙을 학습하고 실습을 통해 이를 연습한다.AutoCAD를 활용한 기계도면 작성법을 익힌다.Inventor를 활용한 3D 모델링 능력을 배양한다.,,,,,True,False
46173,경제성공학,2,1학기,3.0,전공선택,"최근 산업체는 물론 정부 및 공공기관의 장기투자 사업이 활발히 추진되고 그 규모도 거대화 되고 있다. 장기투자 사업은 미래의 상태에 대한 의사결정을 요구하므로 본질적으로 불확실한 요소를 많이 내포하게 된다. 따라서 투자의 타당성을 합리적으로 분석, 판단하여 자원의 낭비를 미연에 방지하고, 자본 효율을 제고할 필요가 있다. 본 과목에서는 다양한 사례를 통하여 이자율 등에 따른 경제적 가치를 고려하여 투자의 타당성을 분석하는 체계적 의사결정 방법을 학습한다.",,,,,True,False
46174,공업통계,2,1학기,3.0,전공필수,"기초적인 확률이론 및 통계적 분석 방법에 대해 배운다. 세부 내용으로는 표본공간, 확률변수 등에 대해 배우고 이산확률변수와 연속확률변수에 대한 여러가지 확률분포 및 그들간의 관련성 등을 다룬다. 이러한 과정을 통하여 산업공학에서 다루는 다양한 시스템의 설계, 분석, 평가에 통계적 지식과 기법을 응용하는 능력을 배양하고자 한다.",,,,,True,True
46175,생산관리,3,1학기,3.0,전공필수,"생산관리를 중심으로 공급망관리의 기본적인 개념을 소개하고, 공급망관리의 주요 용어, 생산관리 영역의 주요 관련 기법에 대한 이해를 목적으로 한다.",,,,,True,False
46176,선형대수학,2,1학기,3.0,전공선택,"행렬 및 벡터의 기본 개념 및 성질, 연산과 응용에 대하여 학습하고, 선형 시스템과의 관계에 대한 이해",,,,,True,True
46177,신뢰성공학,4,1학기,3.0,전공선택,"시스템의 신뢰도 분석 및 수명데이터 분석을 위한 신뢰성 이론에 대해 학습한다. 주요 논제로는 신뢰도 함수와 고장률, 시스템 신뢰도, 고장해석, 보전성과 가동성, 수명자료 분석, 가속수명시험 등이다. 실무능력 향상을 위해 미니탭을 활용한 수명데이터 분석에 대해서도 학습한다.",,,,공업통계,True,False
46178,실험계획법,3,2학기,3.0,전공선택,"실험의 계획과 데이터 처리방법에 대해 논의한다. 주로 이론적인 내용에 치중하며, 데이터 처리를 위해 MINITAB 소프트웨어를 활용한다. 주요논제는 일원배치법, 이원배치법, 삼원배치법, 요인실험, 교락법, 일부실시법 등이다.",,,,공업통계,True,False
46179,자료구조,2,2학기,3.0,전공필수,Basic Theories and Application methods of data structure in computer programming,,,,C language basic,True,True
46180,정보통신공학개론,4,2학기,3.0,전공선택,본 교과목에서는 이동통신을 중심으로 최근에 급속한 발전을 보이고 있는 정보통신산업에 대한 이해를 도모하고 아울러 정보통신산업에서 산업공학 기법의 적용 방법 및 사례를 다룬다.,,송주석. (2008). 정보통신 이해. 생능출판사,,,True,True
46181,컴퓨터시뮬레이션,3,1학기,3.0,전공선택,Arena를 이용한 시뮬레이션 모델링 및 결과분석 방법들에 대한 이해를 통해 시뮬레이션 수행 능력을 배양하고 학기말과제를 통해 현실문제에 대한 적용방법을 습득하도록 한다.,,. (). ARENA를 이용한 시뮬레이션. . (). ARENA Manual.,,공업통계,True,False
46182,통계적품질관리,3,1학기,3.0,전공필수,"통계적 이론을 활용한 품질관리 기법에 대해 학습한다. 주요 논제로는 품질시스템, QC 7가지 기법, 계수형 및 계량형 관리도, 공정능력분석, 각종 샘플링 검사기법 등이다. 현재 국내 기업에서 빠르게 확산되고 있는 6시그마를 습득하기 위한 기초과정이라 할 수 있다.",,,,공업통계,True,True
46183,6시그마,4,2학기,3.0,전공선택,"6시그마에 대해 교육한다. 6시그마는 현재 삼성전자, 현대자동차, LG화학, 포스코, KT 등 국내의 거의 모든 대기업에서 채택하고 있는 경영혁신 전략이다. 이 과정에서는 대표적인 로드맵인 DMAIC를 중심으로 강의를 진행한다. 특히 데이터 분석 소프트웨어인 MINITAB 활용법에 대한 상세한 강의가 진행될 것이다. 학교 지침에 따라 현재 대면 교육을 생각 중이나, 코로나 진행 상황에 따라 비대면 교육을 진행할 수 잇음.",,,,해당사항없슴,True,False
46184,도요다생산시스템,4,1학기,3.0,전공선택,"도요다생산방식의 기본사고를 이해하고 도요다의 7가지 낭비와 이의 제거를 위한 개선 활동을 이해시키도록 함. TPS의 근간이 되는 간판방식, 평준화생산, 지도카, 쇼진카와 이의 실행을 위한 U자형 라인 등 도요다생산방식의 구현을 위한 제반 방법론들에 대한 이해를 목표로 한다.",,,,생산관리,True,False
46185,데이터베이스설계,3,1학기,3.0,전공선택,Theories about database design and implementation together with DBMS,,,,,True,True
46186,창의적공학설계입문,1,2학기,3.0,전공선택,"강사, 학우들과 모두 함께 협력하여 창의적 사고력을 증진시킨다.아이디어를 표현하고 전달하는 방법을 체득한다.",,,,선수과목 없음,True,False
46187,창의적공학설계입문,1,2학기,3.0,전공선택,"강사, 학우들과 모두 함께 협력하여 창의적 사고력을 증진시킨다.아이디어를 표현하고 전달하는 방법을 체득한다.",,,,선수과목 없음.,True,False
46188,공정분석및개선,2,1학기,3.0,전공선택,생산시스템 실습경험을 기반으로 생산과 생산성에 대한 이해를 체득한다.공정분석 및 개선이란 어떤 활동인지에 대하여 실습으로 체득한다.공정분석 관련 주제로 팀프로젝트 수행을 통하여 공정개선에 대한 문제해결능력과 더불어팀구성원으로서의 역할수행능력 및 의사전달능력을 배양한다.,,"박순달, 조규갑, 박양병. (1999). 산업공학개론. 사이텍미디어",,,True,False
46189,경영과학 1,2,2학기,3.0,전공필수,"산업공학의 전통적인 분야인 OR의 선형계획법, 수송문제, 네트워크이론 등의 모델링 및 응용에 대하여 학습한다.",,,,,True,False
46190,전사적자원관리,3,2학기,3.0,전공선택,조직의 경영정보시스템 중에서 전사적자원관리 프로그램을 더존핵심ERP를 통하여 익히고 실제 사례에 적용한다.,,,,,True,False
46191,생산공학및실습,2,2학기,3.0,전공필수,"본 과목에서는 제품 생산을 위해 사용되는 주조, 머시닝, 용접 등의 다양한 기술들을  폭넓게 학습하는 것을 목표로 한다.",,,,,True,False
46192,통계데이터분석,2,2학기,3.0,전공선택,"* 본 강좌는 이러닝(온라인) 강좌로 개설되었으며 대부분의 강의가 온라인 강의(http://ieilms.jbnu.ac.kr/)로 진행되며 과목 소개, 중간고사, 기말고사는 오프라인 강의를 병행한다.본 교과목에서는 통계 자료의 분석을 위한 기초 확률 및 통계 이론을 바탕으로 추정, 가설 검정 등 기초적 추정 통계학 방법론을 배우고 또한 변수간의 상관관계, 회귀분석, 분산분석, 범주형 자료분석 등을 다루어 관련 분야에 응용할 수 있는 능력을 배양한다.",,,,,True,True
46193,생산관리사례연구,3,2학기,3.0,전공선택,"생산관리. 과목에서 학습한 이론적 내용을 바탕으로 생산시스템 현장에 적용할 수 있는 응용 능력을 기르는데 중점을 두며, 이를위해 사례 문제 중심으로 문제해결 능력을 배양하고자 한다. 현장에서의 문제 해결도구로 가장 많이 사용되고 있는 Spread Sheet (MSExcel)를 활용하여 문제에 대한 해결과정 및 결과에 대하여 발표하고 토론함으로써 생산관리 실무 능력을 배양하는데 목적이 있다.",,,,생산관리,True,False
46194,SCM,4,2학기,3.0,전공선택,"산업이라는 시스템 속에서 SCM은 무엇이고, 그래서 어떤 활동을 SCM이라고 부를 수 있는지 의미를 이해한 후,실제 주변의 사례를 대상으로 하여 문제점을 짚어보고 그에 대한 해결책까지 제시하는 보고서를 작성해 본다.( SCM은 무엇인가, 어떤 활동을 SCM 활동이라고 부를 수 있는가, 내가 SCM활동을 할 수 있는가 )",,장영재. (2010). 경영학 콘서트. 비즈니스북스,,"선수과목 없음 (단, 공정분석및개선, 생산관리 기수강자 수강 추천)*산업정보시스템공학과 4학년이 아닌 경우,  '사전연락 없이' 수강 금지.",True,False
46195,공학회계,3,2학기,3.0,전공선택,본 강의는 공학을 전공하는 회계학 비전공자의 입장에서 회계 및 재무분야의 기초지식 및 회계정보를 활용하는 방법을 습득함으로써 올바른 경영의사결정을 수행할 수 있는 이론적 토대를 마련하고자 한다.,,,,,True,False
46196,데이터시각화,3,1학기,3.0,전공선택,"R 언어의 기본 사용법 습득일변량, 이변량 자료의 요약및 분석 능력 습득다양한 데이터 시각화 방법 학습",,,,데이터분석과 R,True,False
46197,데이터분석과 R,2,2학기,3.0,전공선택,데이터마이닝에서 사용되는 기본적인 알고리즘을 공부하고 이를 R로 구현해봄으로써 데이터분석에 대한 이해를 향상시킨다.,,,,,True,True
46198,종합설계프로젝트,4,1학기,3.0,전공선택,"공학에서 발생하는 새로운 문제를 찾고 이 문제를 기술적, 경제적 기준에 비추어 분석하고 문제해결을 위한 개념을 설정한다. 설정한 개념을 단계별로 구체화하고 실제로 설계하고 시험제작하여 시제품을 제조하는 훈련을 한다. 팀을 이루어 작업을 진행하며 문제제기와 설계 시제품 제조과정에서 발생하는 문제점을 피드백을 통해 개선하여 최종 결과를 도출한다.",,,,창의적공학설계입문,True,True
46199,스마트팩토리(IoT)개론,2,1학기,3.0,전공선택,"스마트 팩토리의 기본 개념과 구조를 이해하고, 스마트 팩토리와 관련된 다양한 기술들을 학습한다.",,,,없음,True,True
46242,생산시스템건전성관리,3,2학기,3.0,전공선택,기계 시스템의 고장진단 및 수명 예측을 위해 필요한 기술을 이해하고 이를 직접 구현해보는 것을 목표로 한다.,"Prognostics and Health Management of Engineering Systems, An Introduction",,,확률,True,False
46266,반도체화학공학,3,2학기,3.0,전공선택,"본 강의에서는 반도체 제조 공정에 대한 전반적인 이해와 함께 화학공학 기초 지식을 접목하여 문제해결 능력을 배양하고, 나아가 차세대 반도체, 디스플레이/태양전지 등의 다양한 연관 산업들과 화학공학의 연관성을 이해함을 목표로 합니다. 이번 학기부터는 SKHynix 반도체 온라인 커리큘럼 프로그램을 병행할 계획이며 수강학생들은 SKHynix로부터 수강 공식 인증서를 받게 됩니다.",,,,,False,True
46314,전기화학공학,3,1학기,3.0,전공선택,"전기화학 셀의 특징, 전기화학 셀을 구성하는 전극, 전해질 및 이들의 계면에 대해 이해하고 전극반응의 속도와 전극과정에 영향에 대해 알아본다. 또한 전기화학을 응용한 분야의 최신 기술에 대해 알아본다.",,,,,False,True
46386,광전자재료,4,2학기,3.0,전공선택,"본 강의에서는 유기전기발광(EL: electroluminescence) 소자와 유기박막트랜지스터(TFT: thin film transistor) 및 유기태양전지(solar cell)용 광전자 재료를 중심으로 그 원리와 재료의 요구 조건, 신규 재료의 개발 동향 등에 학습하고자 한다.",,,,,False,True
46432,전자회로설계및실습 1,2,1학기,3.0,전공필수,"전기회로의 동작원리를 이해하고 새로운 회로를 설계할 수 있는 능력을 배양한다. 이를 위해서 기본적인 회로법칙들과 수동소자에 대한 내용을 배우고 실험을 통해 익힌다. 특히, 이번 한기에서는 전기전자회로의 기본이 되는 R (저항), L (인턱터), C (커패시터) 소자의 특성과 기본적인 회로 이론에 대해서 배운다.",공학도를 위한 전기전자공학개론,,,,False,True
46433,전자회로설계및실습 2,2,2학기,3.0,전공선택,"전자공학은 가전제품, 통신장비, 계측 및 제어장치, 의료용 기기, 컴퓨터 등을 포함하는 첨단 산업을 주도하고 있는 가장 중요한 공학 중의 하나이다. 이러한 기기들은 모두 전자회로로 구성된다. 본 강의를 통해서 기존의 회로의 동작원리를 이해하고 새로운 회로를 설계할 수 있는 능력을 배양한다. 이를 위해서 반도체 및 전자회로에 대한 내용을 배우고 실험을 통해 익힌다.",공학도를 위한 전기전자공학개론,,"(이번 학기 교재는 2021년 2학기 교재와 다릅니다. 교재 제목, 저자, 출판사 등을 확인바랍니다.)",전자회로설계및실습1,False,True
46436,임베디드시스템및실습 1,3,1학기,3.0,전공필수,"임베디드 시스템 (embedded system)이란 특정한 목적만을 수행하기 위해 컴퓨터의 하드웨어와 소프트웨어가 결합하여 내장된 (embedded) 시스템 (system)을 말한다. 최근 Google사에서 발표한 Android OS가 스마트폰 등에 많이 사용되고 있다. 본 과목에서는 Android 환경에 대한 소개와 응용 프로그램 개발 방법을 학습하고 실습한다. 특히, 바이오메디컬공학부의 특성에 맞도록 의료기기, 생체정보 처리에 관한 term project를 진행하여 평가에 반영한다.","Do It! 안드로이드 앱 프로그래밍 (전면 개정 8판) (개정 5, 6, 7판 정도의 이전 개정판도 사용 가능합니다)",,"스마트폰과 태블릿 PC 개발을 위한 안드로이드 프로그래밍의 이해 (개정판), 우종정/부기동, 생능출판사","Java 언어 (권장), C 언어 (권장), 비주얼 프로그램밍 (권장)",False,True
46459,분자생물학,2,2학기,3.0,전공선택,생명현상의 이해에 꼭 필요한 분자수준에서의 유전 및 유전자 산물의 활성에 관한 개괄적인 내용을 학습함으로써 전공 분야에 필요한 생물학 지식과 다양한 데이터를 통합적인 관점으로 분석할 수 있는 기술을 습득한다.,분자생물학,,"분자생물학, 박상대 저, 라이프 사이언스",일반생물학,True,False
46460,인체해부생리학,2,1학기,3.0,전공필수,"바이오메디컬공학 전공자들이 알아야 할 인체해부생리학의 기초 지식을 습득하여 생체재료, 생체역학 및 바이오머신 등 바이오 공학 관련 학문을 이해하는 능력을 배양하고자 한다.",생리해부학,,"인체해부학, 인체생리학",,True,False
46461,확률통계학,2,1학기,3.0,전공선택,복잡한 현실세계의 자료와 정보에 대한 분석능력은 공학도에게 필수적이다. 다양한 자료에 대한 여러가지 통계이른을 학습하여 정확한 자료 분석 및 활용 능력을 습득하고자 한다.,통계학 이론,,,기초통계학,True,True
46462,데이터베이스,2,2학기,3.0,전공필수,"데이터베이스는 정보화 사회의 필수 기반이다. 정보화 사회에 대비한 기본적인 전산 활용 능력을 배양하기 위하여 데이터베이스의 기초 지식과 더불어 데이터베이스의 구축 및 관리, 활용에 대한 전반적인 이론을 배움으로써 정보처리 기술 및 정보 활용능력을 함양한다","데이터베이스 론(정익사 출판, 이석호 저)",,,"전산학 개론, 컴퓨터와 정보사회 등",True,True
46463,생명정보학,3,2학기,3.0,전공필수,"생명 현상의 이해에 필요한 분자 생물학적 기본 지식과, 이에 기반한 생명 정보의 다양한 분석 기술등을 배움으로써 생명공학 및 의공학 분야의 각종 문제 해결능력과 생명 정보 처리 능력을 배양함에 있다.",자체 강의자료,,"생명정보학(월드 사이언스 출판사, 조재창 저), 바이오 인포매틱스(한빛 미디어, 신시아기버스 저)","분자 생물학, 전산학(데이터베이스), 통계학",True,False
46464,의료영상 1,3,2학기,3.0,전공선택,생체 시료 정보 획득을 위한 다양한 Bioimaging 기법의 종류 및 원리를 이해하는 것을 목표로 한다.,Fundamentals of Light Microscopy and Electronic Imaging,,강의 PPT 제공,"일반물리학, 일반생물학",True,False
46465,병원정보시스템,4,1학기,3.0,전공선택,"보건 의료 분야의 핵심인 병원 정보시스템은 의료 정보 시스템 중에서 가장 많이 가동되고 있다.본 과목에서는 병원정보시스템의 기능, 설계 계발, 도입 방법, 운용, 교육에 이르는 총체적이고 체계적인 지식을 습득하여 관련 분야의 전문 요원으로 활동 할 수 있는 능력을 함양함에 있다.",자체 제작 강의 교안,,"의료정보학(현문사, 일본의료정보학회 편, 한국 의료정보교육협회 역)","의료정보 시스템, 의공학 개론, 생명정보학",True,False
46466,의료영상 2,4,1학기,3.0,전공선택,의료 영상들에 대한 기본 원리 및 실제 적용 분야에 대한 이해를 목표로 한다.,의료영상학입문,,,,True,False
46467,의료기기학 1,3,1학기,3.0,전공선택,"다양한 의료기기들에 대해 정확한 원리를 학습하며, 의학적 지식을 적용하고 계측할 대상에 따라 어떻게 의료기기를 활용하는지에 대하여 학습한다.",의료기기학 개론,,,물리학,True,False
46468,의료기기학 2,3,2학기,3.0,전공선택,생체신호의 기본적인 발생 원리를 학습하고 그 신호를 추출하여 의료기기로 활용하는 디바이스와 장치에 대하여 학습하는 것을 목표로 한다.,의료기기개론,,"생명물리학,",,True,False
46469,데이터베이스및실습,3,1학기,3.0,전공선택,"데이터베이스의 주요 개념과 원리를 이해하고 예제 중심으로 SQL, 데이터 모델링, 데이터베이스 프로그래밍 등을 실습함으로써 데이터베이스 구축 및 활용 능력을 함양한다.",SQL Server로 배우는 데이터베이스 개론과 실습,,데이터베이스론,데이터베이스,True,True
46470,마이크로프로세서및실습 2,3,2학기,3.0,전공선택,"마이크로프로세서는 일반적으로 CPU를 포함하여 그 외의 주변 장치 (FLASH, RAM, 통신, 입출력)들을 하나의 칩에 구현한다. 현재까지 가전제품, 통신장치, 산어용 제어장치, 계측기, 의료기기 등 다양한 분야에 활용되고 있으며 앞으로도 그 활용 범위는 확대될 것으로 기대된다. 본 과목에서는 의료기기의 개발에 필수적인 마이크로프로세서에 대한 이해와 활용 방법을 이론과 실습을 통해 배우고 익힌다. 마이크로프로세서는 제조 회사에 따라 다양한 제품이 있는데, 본 과목에서는 TI사의 MSP430 계열의 제품을 대상으로 한다.","(제공, 구입불필요)IT융복합 마이크로 컨트롤러 프로그래밍 실습",,"초저전력 16비트 혼합신호 마이크로컨트롤러 MSP430의 활용 Part I, 이정환/김경호, 문운당TI사 제공 강의 자료관련 웹사이트 자료","마이크로프로세서및실습1, C언어, 전자회로및실습, Visual프로그래밍",True,True
46471,임상의학개론,2,2학기,3.0,전공선택,"임상의학의 기본적인 어원과 형성과정, 의학지식학습을 목표로 한다.",ppt 자료 제공,,,,True,False
46496,데이터기반헬스케어기술 1,2,1학기,3.0,전공필수,"Two semester courseStudents will learn how to use R for analysis of real data. R is one of the widely used opensource, clear, and extendible data science tools. Topics include base R; interactive processing; and data visualization with R.",R로 배우는 데이터 과학,,,,True,False
46497,데이터기반헬스케어기술 2,2,2학기,3.0,전공선택,"데이터 과학에 사용되는 통계의 기본 개념들을 이해하고, 의미를 정리한다.",Practical Statistics for data scientists (데이터 과학을 위한 통계),,"데이터기반헬스케어기술 1 (1학기 강좌) 교재: R로 배우는 데이터 과학, 한빛미디어Practical Data Science with R, Nina Zumel, John Mount, Manning",데이터기반헬스케어기술1   혹은  데이터과학 관련 과목,True,False
46498,바이오공학을위한오픈소스기술 1,3,1학기,3.0,전공필수,"바이오 및 헬스케어 공학의 수행 과정에서는 다양한 종류의 기술이 융합된다. 그 중에서 학부과정에서 접할 수 있는 오픈소스 기술들에 대해 알아보고, 기본적인 활용법을 익히는 것을 목표로 함.",어서와 자바는 처음이지,,,,True,True
46499,바이오공학을위한오픈소스기술 2,3,2학기,3.0,전공선택,"파이썬을 도구로 하여 딥러닝의 기본이 되는 신경망을 이해하고, 직접 구축해봄으로써 스스로 원하는 분야에 활용할 수 있는 능력을 갖추는 것을 목표로 한다.",Introduction to Machine Learning with Python (파이썬 라이브러리를 활용한 머신러닝),,"딥러닝 텐서플로 교과서, 서지영 지음. (길벗 출판사)",,True,True
46500,전기전자공학개론,2,2학기,3.0,전공선택,"원자력, 가속기, 플라즈마 장비들의 동작 원리를 이해하기 위해서는 기본적으로 전기전자 지식이 필요하다. 본 교과목에서는 양자시스템공학도들이 반드시 이해하여야 하나 취약한 전기전자의 기초지식을 습득하는 데 수업목표를 두고자 한다.",전기전자공학개론,,"기초전자기학 4판, 김진승 옮김, 진샘미디어",일반물리 2 혹은 플라즈마전자기학1,False,True
46505,플라즈마전자역학 1,2,1학기,3.0,전공선택,"플라즈마전자역학은 양자시스템의 큰 축을 이루는 플라즈마를 이해하기 위한 기초과목으로 전자기학에 대한 기본이론과 응용을 두 학기에 걸쳐 학습하며 전기장 및 자기장에 대한 기본 이론과 이를 바탕으로, Coulomb’s Law, Gauss’s Law, Ampere’s Law, (1학기) Faraday’s Law, Maxwell Equation, Potential theory, 전자기파의 발진 (2학기) 등에 대해 학습한다.",기초전자기학,,,"일반물리1,2",False,True
46511,플라즈마전자역학 2,2,2학기,3.0,전공선택,"플라즈마의 기본이 되는 전자기학중 1학기 정전기학을 기본으로, 2학기에는 정자기학과, 동전자기학 및 전자기파에 대한 이해를 학습한다.",기초전자기학 4판,,,"플라즈마전자역학1, 공업수학 1",False,True
46543,전자정보용고분자,4,1학기,3.0,전공선택,"전자 정보 산업에 관련된 고분자 소재가 어떠한 것들이 있으며, 이들의 어떤 성질을 이용하고 있는지 최종 제품을 중심으로 알아본다.",Special Polymers for Electronics and Optoelectronics,,"Plastics for Electronics', M. T. Goosey, Elsevier,1986.","고분자화학 1, 2, 고분자 물성",False,True
46546,고분자전자광학실습 1,3,1학기,3.0,전공필수,융복합 산업 환경에서 역량을 발휘하기 위한 고분자 공학 엔지니어의 전기전자공학 기초 실력 향상 전기자기의 기초 원리 이해 막스웰 방정식 및 전자기파 이해 반도체 소재 및 트랜지스터 동작원리 이해 전광소자 소개: 유기발광디스플레이/액정디스플레이/전기영동 디스플레이,"공학도를 위한 전기전자공학 (번역본), Principles of Physics일반물리학개론(전자 : Serway):전자기학 부분 영어교재 또는 한국어판",,Principles of Physics일반물리학개론(전자 : Serway): 전자기학 부분,"나노물리학 1,2",False,True
46548,고분자전자광학실습 2,3,2학기,3.0,전공선택,"반도체 기초 이해 (다이오드, 트랜지스터)빛 (광자, 전자기파)에 대한 기초 이해전자기파의 성질에 대한 이해색의 생성 원리 이해발광 및 비발광 디스플레이 동작 원리 이해: LCD, LED, OLED실험실습을 통한 전광 소자 제작 및 발표","Colour and the Optical Properties of Materials: An Exploration of the Relationship Between Light, the Optical Properties of Materials and Colour, 2nd EditionR. A., Serway: Principles of Physics, 2nd Edition.",,"공학도를 위한 전기전자공학 (12, 13장) 카오스 (2014)전기광학소자: LCD, OLED, LED 인터넷 위키피디아 참고","나노물리2, 고분자전자광학실습 1",False,True
46689,대기오염제어공학,3,2학기,3.0,전공선택,"대기오염물질별(입자상, 가스상) 방지기술의 기본원리및 특성을 강의하고 기본요소 설계기법 이해를 수업의 목표로 한다.",,,,대기환경개론,False,True
46763,환경빅데이터관리,3,2학기,3.0,전공선택,환경 및 이와 연계한 과학분야에서 보편적으로 활용하는 기본 통계지식을 전달하고 환경 데이터의 처리 방법을 배운다.,,,,,False,True
46785,인공지능물리탐사,3,1학기,3.0,전공선택,각 물리탐사 기법의 이론적 내용 실습 탄성파 모델링 프로그래밍 습득물리탐사 분야의 인공지능 기술 활용사례 습득,최신 물리탐사의 활용,,"지구물리 수치해석 민동주, 편석준, 하완수, 곽상민, 정우근, 신창수 씨아이알, 20160929 (탄성파 모델링 프로그래밍 보조교재)",,False,True
46839,고급프로그래밍언어,2,1학기,3.0,전공선택,"컴퓨터 사용자와 컴퓨터 하드웨어 간의 중재자로서 동작하는 프로그램인 운영체제의 개념에 대해 자세히 알아본다. 특히 운영체제의 4대 요소인 프로세스 경영, 메모리 경영, 파일 시스템 그리고 입출력 경영에 대해 자세히 학습하고, 이를 바탕으로 운영체제의 기본적인 작동원리와 개념을 이해한다.",,구현회. (2016). IT CookBook 운영체제. 한빛미디어,,,False,True
46841,선형대수학,3,2학기,3.0,전공선택,"** Official language of this class is EnglishUnderstanding of the concept of vectors, linear equations, and matricesLearning the skills to find the solutions of linear systems by using the concept of linear transformations, basis, and dimensions(선형대수는 전기, 전자공학의 기초가 되는 과목으로 회로이론, 신호 및 시스템, 디지털 신호처리, 통신, 제어공학 등을 배우는데 필수적으로 필요한 과목이다. 벡터, 선형 방정식, 행렬과 이에 관한 이론, 선형 변환, 차원과 구조 등에 대해 공부한다.)",,,,공업수학 2,False,True
46842,센서공학,4,2학기,3.0,전공선택,"전기자기학,회로이론,전기기기,전력공학등 여러분야의 전기학습을 했는데 전기설비설계를 통해 한과목으로 집대성하며,현장에서도 필요한 지식을 쌓고 또한, 취업을 위해 필요한 전기자격증 실기도 대비할수 있도록 전반적인 전기지식을 학습한다.",,,,,False,True
46843,전기기기,3,1학기,3.0,전공선택,"전기기기는 전기를 이용하는 모든 기기을 의미하며 기계에너지로 부터 전기를 만드는 발전기, 전기로 기계를 움직이는 전동기, 교류전력을 변환하는 변압기, 주파수나 직류, 교류전력을 변환하는 컨버터로 구분된다. 또한 기기의 작동원리에 따라 직류기, 변압기, 유도기, 동기기로 나눌 수 있다. 전기기기는 전자기장을 이용하여 에너지를 변환 할 수 있도록 구성한 회로에 의해 작동한다. 이러한 전기기기를 구성하는 직류기, 변압기, 유도기, 동기기에 대한 기본지식과 회로 해석능력 및 전기기기의 응용분야에 관한 지식을 학습한다.",,,,,False,True
46844,전기전자공학개론,2,1학기,3.0,전공선택,"산업의 급격한 발전과 더불어 생산공정의 자동화, 고속화, 고정도화, 대용량화 등에 따라 그 규모와 종류가 증대되고 있으며, 전기전자용품의 신형개발과 함께 전기 에너지 소비의 급속한 증가에 따라 전기전자공학이 차지하는 사명은 매우 중요하다고 할 수 있다. 산업현장에서 근무하고 있는 각종 기술자들 뿐만 아니라, 문화생활을 영위하고 있는 일상적인 사람들에게 까지도, 전기전자에 관한 기본적인 지식이 요구되는 시기는 없었을 것이다. 따라서, 모든 공학도의 전기전자에 관한 이해를 증진시키고, 공학에 무관한 일반인들의 전기전자에 대한 상식을 증진시키기 위하여 어려운 수식전개를 배제하고, 각종 원리와 법칙의 이해에 중점을 두고 강의함.",,,,기본수학,False,True
46846,전자회로,3,1학기,3.0,전공필수,이번 학기에 수업하게 될 전자회로는 IT분야를 전공하는 모든 학생들에게 기본적인 전공필수과정이다. 본 과목은 저학년에서 강의를 받아보았던 회로이론을 기본으로 실제적으로 회로의 동작원리 및 회로상에서 발생될 수 있는 다양한 문제점들을 실제로 사용되는 반도체부품을 를 이용하여 이론 및 실습을 익힐 수 있는 매우 유용한 교과목이다.,,,,,False,True
46847,제어공학 1,3,1학기,3.0,전공필수,"제어시스템은 전기전자 공학을 비롯하여 항공공학, 화학공학, 기계 및 산업공학을 비롯하여 사회, 생무 및 생태학, 경제 제어 시스템까지 거의 광범위한 학문에서 필요한 학문이다. 본 교과의 목적은 고전제어와 현대제어를 적절히 조화시켜 수학적 이론에 근거한 순수 이론적 강의와 제어의 최종 목표이 시스템의 설계를 할 수 있는 능력을 배양시킨다.",,Richard C. Dorf. (2010). 최신제어시스템. 교보문고,,"전기전자기초, 회로, 자기학",False,True
46848,제어공학 2,3,2학기,3.0,전공선택,"제어공학은 전기전자공학을 비롯하여 항공공학, 기계 및 산업공학을 비롯하여 사회, 생물 및 생태학, 경제 제어시스템까지 거의 광범위한 분야에 필요한 학문이다. 본 교과의 목적은 고전제어와 현대제어를 적절하게 조화시켜 수학적 이론에 근거한 순수 이론적강의와 제어의 최종 목표인 시스템의 설계를 할 수 있는 능력을 배양한다.",,Ogata. (2008). 현대제어공학. 사이텍미디어,,"회로이론, 전기자기학, 제어공학1",False,True
46851,회로이론 1,2,1학기,3.0,전공필수,"회로이론은 IT응용시스템공학과 학생들이 대한 전기, 전자 분야의 학문을 이해하기 위한 기초 이론과목으로써  회로에 대한 명확한 원리와 개념을 파악하고 있도록 하며 이것을 바탕으로 하여 심화된 전공분야를 이해할 수 있도록 한다. 이번학기 중의 학습할 내용으로써는 회로 변수 및 용어등을 이해하고 회로 해석에 대한 기본 개념과 회로해석을 위한 유용한 정리등을 공부한다.",,,,,False,True
46852,회로이론 2,2,2학기,3.0,전공선택,"회로이론 1 에서 학습한 직류 회로 해석법을 기초로 교류 회로 해석을 다룬다.정상상태 및 과도상태 회로 해석, 교류 해석, 3상 회로, 주파수 응답 그리고 라플라스 변환과 푸리에 변환, 그리고 2포트 회로망에 대해서 학습함으로서 수강생들이 회로이론의 기본지식과 해석 및 응용기술을 습득할 수 있도록 함으로 목적으로 한다.",,Richard C. Dorf and James A. Svoboda. (2011). 원서(Introduction to Electric Circuits( 8th Edition)). WILEY,,회로이론 1,False,True
46853,전기자기학 1,2,1학기,3.0,전공필수,"전기자기학1은 2학기에 설강되는 전기자기학2에 앞서 설강되는 교과목으로서 전기력과  자기력의 발생과 에너지 변환 에 관한 학문으로 전기와 자기에 관련된 전기공학, 전자공학, 전자재료공학, 제어공학, 통신공학,  Antenna공학 등의 전 공 교과목으로 다루어지는 필수 과목이다. 전기의 현상을 수식화 하고 체계화하여 문제를 해결하는 능력을 배양하는 기초적이고 기본적인 필수 교과목이다.",,W.H.Hayt. (2007). Engineering Electromagnetics. McGraw Hill,,일반물리학2,False,True
46854,전기자기학 2,2,2학기,3.0,전공선택,"전기력과 자기력의 발생과 에너지 변환에 관한 학문으로 전기장과 자기장, 맥스웰 방정식, 전자기파 등을 다루는 필수 과목이다. 전기의 현상을 수식화하고 체계화하여 문제해결 능력을 증진시킨다.",,W.H.Hayt. (2007). Engineering Electromagnetics(7th Edition). McGraw Hill,,"전기자기학 1,창의적공학설계입문",False,True
46856,전기전자기초실험,2,2학기,3.0,전공선택,본 강의는 복잡하고 난해한 이론적 개념을 체계적으로 이해 하기위해 실험실습을 병행하여 이론적이고 수식적인 계산값을 실험을 통하여 측정값을 구하고 이를 비교증명함과 동시에 실험을 하기위한 측정기의 작동법과 측정기술의 습득력을 향상시키는데 목적을 둔다.,,,,,False,True
46860,아날로그디지털통신 1,2,2학기,3.0,전공필수,"통신시스템은 음성과 데이터 통신에 한정되어 발전되어오다가 현재는 단순한 음성통신을 벗어난 고도의 진화된 멀티미디어 서비스를 제공하는 방향으로 진화되어가고 있다. 통신기술의  발전방향은 크게 고속화, 디지틀화 및 광대역화를 추구하고 있으며 이는 소형화된 단말기를 통해 이용자가 어디에 있든 유선망과 무선망이 통합된 환경에서 각종의 무선멀티디어 통신서비스를 제공받고 있다. 본과목에서는 통신의 기초지식을 습득하여 산업체에서 활용할 수 있도록하고자한다.",,김송민. (). 자체교재.,,,False,True
46861,아날로그디지털통신 2,3,1학기,3.0,전공선택,"통신의 개요으로 전파의 특성, 변조의 목적, 주파수대역의 채널, 통신신호의 해석등을 학습하며, 주파수해석으로 시간영역과 주파수 영역, 푸리에 해석, 푸리에 급수, 푸리에 변환 등에 관한 내용을 학습하며, 신호와 여파기로는 라플라스 변환과 전달함수, 여파기와 대역제어 등에 관하여 학습하며, 진폭변조와 각변조 및 디지털 통신등에 대한 내용으로 학습하며, 부호화, 디지털변조와 다중화와 다중접속에 관한 내용을 학습한다.",,진년강. (). 아날로그디지털통신. 청문각신윤기. (). 통신공학. 인터비젼,,아날로그디지털통신1,False,True
46862,전력선통신공학,4,1학기,3.0,전공선택,IT분야의 발달에 따라 그 응용 분야에 대한 관심이 날로 증대되고 있다. 전력선 통신 과목은 통신에 필요한 전송 매체에 관한 기술들을 학습하는데 있다. 본 과목에서는 전력선통신과 관련된 기본지식을 습득하고 무선설비 자격증 취득에 필요한 무선측정 장비들의 이론과 그 사용 방법들에 학습함으로서 학생들의 자격증 취득에 도움을 주고자 한다.,,자격시험연구회. (). 무선설비기사. 성안당. (). 최신무선통신기기실험.,,,False,True
46864,전자회로이론및실험,3,2학기,3.0,전공선택,"이번학기에 수업하게될 전자회로는 전자,전기공학을 전공하는 학생들에게 각종 전자소자의 동작이론 및 특성을 설명하고 응용분야에 대한 회로를 설명함으로써 차후 전공분야에 대한 기초지식을 함양함에 있다.",,,,,False,True
46865,전자시스템설계,3,2학기,3.0,전공선택,"반도체 기술이 급격히 발달함에 따라 디지털 분야에 커다란 영향을 주게 되었고 하나의 IC에 수천에서 수 만개의 트랜지스터가 집적되게 되었으며 주문형 반도체인 ASIC의 시장이 날로 증가하고 있는 추세에 있다. 따라서, 전자시스템설계의 필요성과 중요성은 더욱 커지고 있다. 이를 위하여 전자시스템의 기초 및 응용분야를 학습하여 4차 산업의 중요한 토대가 되고자 한다.",,이책욱 외 3인. (2007). 디지털 신호처리 및 필터 설계. 북스힐,,,False,True
46868,자바프로그래밍,3,1학기,3.0,전공선택,"1자바프로그래밍과정으로 학생들이 프로그램 사용자에게 프로그램 개발자로 나아갈 수 있는 토대를 마련하는데 있다. 자바 프로그래밍을 처음 접해보는 학생들이 쉽게 이해하고, 스스로 프로그래밍을 해볼 수 있도록 하는데 수업목표가 있다.",,김윤명. (2011). 자바프로그래밍. 한빛미디어,,C언어,False,True
46869,디지털논리공학,1,2학기,3.0,전공선택,"최근 디지털 시스템 설계에 관한 연구는 반도체 산업과 컴퓨터 기술의 발달로 인해 비약적인 발전을 해왔다. 디지털 시스템 설계 분야 중 하나인 마이크로프로세서는 공장 자동화, 각종 산업용 기기의 제어장치, 각종 통신회로 설계 등과 같은 분야에 널리 사용되고 있다. 이러한 디지털 시스템을 설계하기 위해서는 디지털 논리회로의 설계가 우선되어야 하며, 이러한 관점에서 볼 때 논리회로는 전자공학, 통신공학, 정보통신공학, 컴퓨터공학 등 전반에 걸쳐 꼭 갖추어야하는 필수 요소라 할 수 있다. 논리회로는 컴퓨터 하드웨어의 기본을 이루고 있는 디지털 회로의 기초 부분으로서 컴퓨터의 하드웨어 원리를 이해하고 나아가 디지털 시스템의 이해와 분석, 설계에 필요한 개념들을 배우는데 목표로 하고자 한다.",,,,이산수학,False,True
46918,마이크로프로세서,2,2학기,3.0,전공선택,"마이크로프로세서는 스마트제조고급인력양성을 위한 HW와 SW가 결합하여 정보 처리,통신 및 제어에 폭 넓게 쓰이는 기술이다. 마이크로프로세서 기술을 이해하기 위해 CPU(central processing unit)를 중심으로 address bus와 data bus상에서 연결되는 기억소 자인 RAM,ROM, 그리고 주변 Input/Output device들과 연결 마이크로프로세서의 기본 구조를 이해한다. 그리고 CPU를 중심으로 연동되는 Input/Output device들를 사용하여 외부 신호의 입력, 처리된 결과를 출력하기 위한 HW dependent SW와 여러가지 분야에 적용되는 신호 처리를 위한 응용 SW를 C언어를 작성하고 마이크로프로세서가 실장된 HW board 및 시스템에서 적용되는 응용 과정을 이해한다.",ATmega128 User's Manual,,ATMega128 사용자 매뉴얼,디지털논리 및 C 언어,False,True
46923,인공지능,4,2학기,3.0,전공선택,"인공지능의 기본 원리와 문제를 해결하는 방법에 대한 지식을 학습하고, 스마트제조고급인력양성을 위한 기초 프로그래밍 실습을 강의 목표로 한다.",누구나 쉽게 배우는 인공지능 스타트,,,,False,True
46924,자동제어,2,2학기,3.0,전공선택,스마트제조고급인력양성'을 위한 융합기전공학에 적용되는 자동제어는 수학기초와 모델링에 대한 이해를 기반으로 다양한 제어기법에 관련된 내용을 학습하고 제어목표를 이루기 위한 내용을 숙지하는 것을 목표로 한다.,최신 자동제어공학,,,,False,True
46926,전력전자공학,3,2학기,3.0,전공선택,"이 강의를 통해서 다음과 같은 내용을 학생들에게 이해 시키는데 그 목적이 있다.PWM rectifier, DCDC converter, PWM inverter, and power supplies에 대한 이해전력전자시스템의 응용에 대한 이해스마트제조고급인력양성에 기술적 추이에 맞는 응용에 대한 해석과 이해",전력전자공학,,"전자회로, 회로이론",Understanding of basic circuit theories and electronic circuits,False,True
46934,로봇공학,4,1학기,3.0,전공선택,"최근들어 로봇공학의 급격한 기술발전으로 로봇을 필요로하는 영역이 급격히 확장되고 있음을 알 수 있다. 로봇공학에서는 로봇 공학에 대한 기본 이론을 통해 로봇 기술에 대해 이해하고 활용할 수 있는 능력을 배양하고, 산업현장에서 필요로하는 스마트제조 고급인력을 양성하는데 미력이나마 도움이 되고자하는데 그목적이 있다",로보틱스 입문,,". Robot Modeling and Control    Author : Spong, Mark W. /Hutchinson, Seth/Vidyasagar, M.. Robot Dynamics and Control   Author : Spong, Mark W. /Hutchinson, Seth/Vidyasagar, M.",,False,True
46939,차량용임베디드시스템,3,2학기,3.0,전공선택,본 과목은 스마트제조고급인력양성을 위한 과목으로 라즈베리파이기반의 차량용임베디드시스템의하드웨어(HW)및소프트웨어(SW)의기본원리및개념에대해서알아본다. 임베디드 시스템 활용 프로그래밍언어는 파이썬을 활용하여 실습한다..,자체교재,,"라즈베리파이로 풀어보는 사물인터넷 IoT, 박군종, 장호덕 공저, 북두출판사파이썬","프로그래밍언어(C, 파이썬)",False,True
46941,전기전자개론,2,1학기,3.0,전공선택,"전기전자 기초가 되는 수동소자 및 반도체 소자, OP AMPLIFIER에 대한 특성 및 회로해석에 대한 방법들을 숙지 시키는데 그 목적이 있다. 다양한 종류의 회로 해석 방법을 소개하고 이러한 방법을 통해서 다양한 예제를 통해서 회로를 해석하는데 역점을 두고자 한다.",기초전기전자공학,,,공업수학,False,True
46942,프로젝트랩기초종합설계,3,2학기,3.0,전공선택,이 교과목은 스마트제조고급인력양성을 위한 필요과목으로 프로젝트랩기초종합설계에 관한 능력을 향상시키기 위한 방안으로 기초설계 및 전공설계를 바탕으로 설계구성요소와 현실적 설계제한조건을 고려한 창의적인 종합설계 능력을 배양하며 실생활에서 응용가능한 지식의 함양과 실물을 제작하여 직접 시연할 수 있는 능력배양에 기초를 두는 강의를 목표로 함.,공학 문제 해결의 길라잡이 창의 공학 (2판),,자체 제작한 수업자료 및 특강 자료,,False,True
46946,프로젝트랩응용종합설계,4,1학기,3.0,전공선택,"프로젝트에 관련된 산업현장의 주제를 선정하고 그에 대한 이론적 지식을 바탕으로 설계 및 제작에 필요한 내용을 학습한다. 또한 관련된 기업체 및 기관과 협업을 조직하고 산학협력 연구를 수행한다. 주어진 프로젝트를 수행할 수 있도록 자료조사, 계획, 실행, 설계, 제작 등 다양한 실습을 병행한다.  또한  '스마트제조고급인력양성'을 위한 이론지식을 배양하도록 한다.",창의적 공학설계,,창의적 공학설계사업계획서 작성 실무,,False,True
46947,그래픽스,4,2학기,3.0,전공선택,영화 게임 CF 제작등 컴퓨터 그래픽스의 응용은 다양하다. 이 강좌는 컴퓨터 그래픽스 이론 및 구현법을 다룬다. 현재 널리 이용되는 OPenGL을 주로 다루며 그래픽스 응용 프로그램을 작성하는 능력을 배양한다.,,주우석. (2013). OpenGL로 배우는 3차원 컴퓨터 그래픽스. 한빛아카데미김성호. (2013). 3차원 공간이 보이는 컴퓨터 그래픽스. 생능출판,,"C 언어, 선형대수",True,False
46948,선형대수학,2,2학기,3.0,전공선택,"선형시스템에 대한 연립방정식의 해를 이해하고, 벡터, 행렬, 벡터의 공간에 대해 공부한다. 이런 기초적인 행렬이론을 바탕으로 역행렬, 선형변환, 직교행렬, 고유값, 고유벡터에 대한 이론을 습득한다. 또한, 학습한 행렬이론을 바탕으로 컴퓨터 여러 분야에 대한 응용을 학습한다.",,이건명. (2020). 응용이 보이는 선형대수학 . 한빛아카데미,,,True,True
46949,소프트웨어공학,4,1학기,3.0,전공필수,"소프트웨어의 규모가 커지고 복잡해지면서 전문적인 기술을 가진 엔지니어가 없이는 개발하기가 어려워졌다. 이에 소프트웨어 개발에 엔지니어링 기법이 등장하게 되었다.본 교과에서는 다양한 소프트웨어 개발 방법론과 도구들을 배우며, 소프트웨어 개발 각 단계인 요구분석, 모델링, 설계, 구현, 테스트 별로 개발의 실제를 배운다.",,윤청. (2016). 이해하기 쉬운 소프트웨어 공학 에센셜. 생능출판,,"객체지향 프로그래밍 설계, 프로그래밍언어론, 데이터베이스",True,True
46950,수치해석,3,2학기,3.0,전공선택,"수치해석학은 컴퓨터의 빠른 연산을 이용하여 복잡하고 광범위한 수학문제를 해결하는 학문으로 응용수학, 자연과학, 공학등에 응용되는 학문이다. 학습목표는 주어진 수학문제를 컴퓨터를 이용하여 조직적이고 반복적인 방법으로 변환하는 알고리즘을 개발하고 습득하는데 있다. 특히, 수치해석의 실습으로 Python 프로그램을 이용하여 수치해석의 이론적인 기초를 학습하는데 활용하고자 한다. 학습순서는 수학적인 이론에 대한 설명을 하여 알고리즘이 유도되는 과정을 이해하고 간단한 예제를 통하여 스스로 실습하도록 한다.",,"구본용, 김상철, 박찬우. (2020). Python을 이용한 공학수치해석. 학산미디어",,,True,True
46951,영상처리,4,1학기,3.0,전공선택,"영상처리 과목에서는 영상처리에서 사용되는 기본적인 영상처리 및 모델링 기술에 관하여 학습한다. 영상신호의 개념에 대한 이해를 바탕으로 영상신호를 목적에 맞게 변형, 처리하기 위한 영상처리시스템 설계방식에 대해 학습한다.따라서 영상신호의 특성과 원리에 대해 이해하고, 나아가 영상향상, 영상복원, 영상인식 등의 영상처리 분야에 관한 내용을 학습하고 직접 구현해 봄으로써 현장 적응력을 배양한다.",,"김태효, 권영만, 전명근. (2016). 매트랩을 이용한 디지털 영상처리의 기초. 한티미디어Sandipan Dey. (2018). HandsOn Image Processing with Python. Packt Publishing",,,True,True
46952,운영체제,3,1학기,3.0,전공필수,운영체제의 구조 및 프로세스 관리에 대한 전반적인 내용을 학습합니다.,,Remzi ArpaciDusseau 외. (2018). Operating Systems: Three Easy Pieces. CreateSpace,,"C언어기초, 시스템 프로그래밍",True,True
46953,인공지능,4,2학기,3.0,전공선택,This course is an introduction to artificial intelligence including machine learning.,,이건명. (2018). 인공지능: 튜링 테스트에서 딥러닝까지. 생능출판,,"All students have to know at least one programming language such as C++, Java, or Python.All machine learning practices must be done in Python.",True,True
46954,자료구조,2,1학기,3.0,전공필수,"양질의 프로그램을 작성하기 위해서는 주어진 프로그램에 적합한 자료구조를 선택하여 사용하는 것이 필수불가결하다. 따라서 본 과목에서는 다양한 형태의 자료구조를 습득한다. 즉 배열, 스택과 큐, 트리 구조, 그래프 구조, 해쉬 테이블 구조, heap 구조 등을 배운다. 아울러 C 언어로 구현하여, 습득한 자료구조를 이용한 프로그램 작성 능력을 배양한다.",,,,,True,True
46955,컴파일러,4,1학기,3.0,전공선택,"컴파일러 설계를 위한 이론과 기법을 다룬다. 형식언어와 문법에 관하여 이해하고 문법의 계극적 구조를 살펴본다. 어휘분석과 구문분석방법을 알아보고, 여러 파싱 기법에 대하여 공부하고 프로그램을 작성하여 본다.",,박두순. (2020). 컴파일러의 이해 : 내공 있는 프로그래머로 길러주는 (증보판). 한빛아카데미,,"프로그래밍 언어론을 권장. 단, 필수는 아님",True,False
46956,컴퓨터구조,2,2학기,3.0,전공필수,"본 과정은  현대의 디지털컴퓨터의 구성요소를 소개하며, 각 요소들의 기능과 상호동작을 이해하는데 중점을 두어 컴퓨터 프로그래머로서 프로그래밍 환경을 잘 이해할 수 있도록 하고, 하드웨어 설계개념을 습득하여 고성능 컴퓨터 설계를 위한 기본 개념과 기술들을 접할 수 있도록 한다.",,Dominic Sweetman. (2007). See MIPS Run. Elsevier,,,True,True
46957,컴퓨터구조설계,3,2학기,3.0,전공선택,"디지털 설계와 컴퓨터아키텍처를 결합하여 마이크로프로세서를 구축하는 과정을 습득하며, 마이크로프로세서의 동작원리를 완전히 이해한다.",,"Patterson, Hennessy. (2009). Computer Organization and Design. ElsevierVolnei A. Pedroni. (2009). Circuit Design with VHDL. 한빛미디어",,컴퓨터구조,True,True
46958,컴퓨터네트워크,3,2학기,3.0,전공필수,"This lecture deals with the architectures and protocols of computer networks: switching methods, routing algorithm, congestion control. LAN, wireless networks, Internet, TCP/IP, and etc.",,,,Data Communications,True,True
46959,컴퓨터알고리즘,3,1학기,3.0,전공필수,본 과목은 문제해결을위한 알고리즘을 설계하고 그 알고리즘을 분석하여 최적의 알고리즘을 구현할 수 있는 방법을 공부하며 각각의 알고리즘에 대한 time complexity 계산방법을 공부한다.,,,,자료구조,True,True
46960,프로그래밍언어론,3,2학기,3.0,전공선택,"프로그래밍언어들의 기본원리를 이해하고 학습한다. 이론적/논리적인 측면에서 프로그래밍언어의 정의, 역사, 기본 개념을 바탕으로 다양한 프로그래밍언어의 패러다임에 대한 이해와 학습을 포함한다. 과제는 다음 언어에 대한 프로그래밍을 과제로 제시된다.1) 절차중심언어: C 2) 함수언어: Lisp3) 객체지향언어: Java, C++4) 논리언어: Prolog",,,,"컴퓨터프로그래밍의기초, C언어기초,  C++프로그래밍, 객체지향프로그래밍설계",True,True
46961,확률및통계,3,1학기,3.0,전공선택,"기초적인 수리능력을 바탕으로 수집된 자료의 정리, 확률과 분포이론, 여러가지 확률분포, 이항분포와 정규분포, 표본분포, 추정, 검정의 기초 통계학이론과 응용분야로서 분산분석, 상관과 회귀분석, 통계적 추론 등 통계학의 활용에 이르기까지 통계학의 제반 과정을 이해하여 정보사회에서 중요한 통계문제를 해결할 능력을 배양한다.",,,,,True,True
46962,이산수학,2,1학기,3.0,전공선택,"1) 수학적 개념 및 응용 방법을 이해하고 논리적, 수학적으로 사고하는 방법 습득2) 컴퓨터공학 교과목 이해를 위한 수학적 토대를 제공",,,,,True,True
46963,마이크로프로세서및실험,3,1학기,3.0,전공선택,"마이크로프로세서 기술을 이해하기 위해 CPU를 중심으로 address bus와 data bus상에서 연결되는 기억소자인 RAM, ROM 그리고 주변 Input/Output device와 마이크로프로세서의 기본 구조를 이해한다. 이를 활용한 프로젝트를 수행한다.",,,,,True,True
46964,마이크로프로세서및실험,3,1학기,3.0,전공선택,"마이크로프로세서 기술을 이해하기 위해 CPU를 중심으로 address bus와 data bus상에서 연결되는 기억소자인 RAM, ROM 그리고 주변 Input/Output device와 마이크로프로세서의 기본 구조를 이해한다. 이를 활용한 프로젝트를 수행한다.",,,,,True,True
46965,유닉스시스템,2,2학기,3.0,전공선택,"This course is an introduction to Unix/Linux operating system. We will cover the fundamental concepts, commands, system calls, and programming skills of Unix/Linux.",,,,,True,False
46966,데이터베이스,3,2학기,3.0,전공선택,"대량의 데이타로부터 데이타베이스를 구축하고, 구축된 데이타베이스로부터 효율적인 데이타 검색을 가능하게 하는 이론을 습득",,"Ramakrishnan 저, 송병호 역. (2000). 데이타베이스 관리시스템. 이한출판사",,,True,True
46967,데이터마이닝,4,2학기,3.0,전공선택,This course aims to provide students the concept of data mining and its real applications.,,"PangNing Tan, Michael Steinbach, Anuj Karpatne, Vipin Kumar. (2019). Introduction to Data Mining. Pearson",,"Basic linear algebra, Basic computer algorithmAll students have to know basic programming skills with Python or Java language",True,True
46968,데이터통신,3,1학기,3.0,전공선택,This lecture provides protocols and technologies for reliable data communication between two end systems.,,,,"통신이론, 컴퓨터 구조, 정보이론",True,True
46969,전기전자기초실험,2,1학기,3.0,전공선택,"저항, 콘덴서,코일 및 다이오드로 구성된 여러가지 형태의 기초 전기회로망에서 입력 (전류,전압)신호와  출력(전류,전압)신호의 관계를 이해한다.  그리고  전기 회로 의 저항소자값 및 전류,전압 측정을 할 수 있는  계측기 사용법을 배워서 전기회로 저항소자값 및 입,출력 신호의 전류와 전압값을 측정하고 , 전류 및 전압값들의 시간축에서의 변화를 보여주는 입,출력 신호 파형을 관찰하면서 원하는 신호를 발생시킬 수 있는 전기회로를 설계하는 방법을 배운다.",,홍순관. (2013). 기초전자실험. 한빛아카데미Mitchel E. Schultz. (2011). GROB'S ELECTRONICS. Mc GrawHill,,,True,True
46970,정보보호,4,2학기,3.0,전공선택,"암호기술, 암호화폐, 블록체인 등을 배우는 것을 통해 정보보호에 대한 이해를 높인다※ 비대면 원격수업(실시간강의)으로 진행됨.",,,,,True,True
46971,모바일프로그래밍,3,1학기,3.0,전공선택,태블릿 및 스마트폰과 같은 모바일 시스템 위에서 동작하는 응용 프로그램을 만들기 위한 과정을 학습합니다.,,,,자바 프로그래밍,True,True
46972,C++프로그래밍,2,1학기,3.0,전공선택,"C언어를 학습한 학생들이 C++언어을 통하여 객체지향 언어의 원리와 특징을 이해한다. C++언어의 문법적인 특징뿐만 아니라, C++언어의 특성을 중심으로 프로그래밍 기법을 학습한다.",,"Walter Savitch. (2010). Absolute C++, 4/e. Person",,C언어기초,True,True
46973,C++프로그래밍,2,1학기,3.0,전공선택,"C언어를 학습한 학생들이 C++언어을 통하여 객체지향 언어의 원리와 특징을 이해한다. C++언어의 문법적인 특징뿐만 아니라, C++언어의 특성을 중심으로 프로그래밍 기법을 학습한다.",,"Walter Savitch. (2010). Absolute C++, 4/e. Person",,C언어기초,True,True
46974,파일구조,2,2학기,3.0,전공선택,"디스크, 테이프, CD 등과 같은 보조기억 장치에 데이타를 효율적으로 저장 및 탐색하는 방법을 배우고,아울러 이들 장치에서의 저장구조 및 접근기법의 이론을 습득",,,,,True,False
46975,창의적IT공학설계입문,2,1학기,3.0,전공선택,"정보화 기술의 획기적 발달에 따라 도래한 지식 정보화 사회에서 산업체가 요구하는 엔지니어의 능력과 소양을 갖추기 위해 지식 전달 위주의 학습이 아닌 창의성을 개발하는 설계교육을 위한 입문 과정이다.문제 정의, 아이디어 창출, 아이디어 다듬기, 아이디어 판정 등 창의적 문제 해결 과정을 배우고, 팀웍, 의사소통, 심적 장애 극복, 시각화와 기업법, 지능 모형 등 창의적 문제 해결에 요구되는 여러가지 소양과 기법을 다룬다.",,,,프로그래밍 교과목(C/Python),True,False
46976,논리회로설계및실험,2,2학기,3.0,전공선택,기초 디지털 논리 회로의 이해와 이에 대한 실험을 통해 디지털 논리 회로를 응용한 설계 능력 배양을 목표로 한다. 이를 위해 단계별 실험계획서 및 보고서를 제출한다. 논리회로 실험용 PCB보드와 각종 게이트를 이용하여 팀 프로젝트를 수행하여 설계 작품을 완성한다. 제공되는 이러닝 컨텐츠를 보조 도구로 활용한다. 예비 및 결과보고서에 대한 글쓰기 지도를 병행한다.,,Charls H. Roth. (). FUNDAMENTALS OF LOGIC DESIGN. Thomson,,디지털논리설계,True,True
46977,논리회로설계및실험,2,2학기,3.0,전공선택,기초 디지털 논리 회로의 이해와 이에 대한 실험을 통해 디지털 논리 회로를 응용한 설계 능력 배양을 목표로 한다. 이를 위해 단계별 실험계획서 및 보고서를 제출한다. 논리회로 실험용 PCB보드와 각종 게이트를 이용하여 팀 프로젝트를 수행하여 설계 작품을 완성한다. 제공되는 이러닝 컨텐츠를 보조 도구로 활용한다. 예비 및 결과보고서에 대한 글쓰기 지도를 병행한다.,,Charls H. Roth. (). FUNDAMENTALS OF LOGIC DESIGN. Thomson,,디지털논리설계,True,True
46978,객체지향프로그래밍설계,2,2학기,3.0,전공선택,객체 지향 프로그래밍에 대한 개요를 배우고 JAVA 언어를 기반으로 하여 객체 지향 프로그램 설계를 수행한다.,,박은종. (2018). Do it! 자바 프로그래밍 입문. 이지스퍼블리싱,,"컴퓨터프로그래밍의기초,컴퓨터과학과코딩,창의적IT공학설계입문",True,True
46979,객체지향프로그래밍설계,2,2학기,3.0,전공선택,객체 지향 프로그래밍에 대한 개요를 배우고 JAVA 언어를 기반으로 하여 객체 지향 프로그램 설계를 수행한다.,,박은종. (2018). Do it! 자바 프로그래밍 입문. 이지스퍼블리싱,,"컴퓨터프로그래밍의기초,컴퓨터과학과코딩,창의적IT공학설계입문",True,True
46980,임베디드시스템및실험,4,1학기,3.0,전공선택,임베디드 시스템에 대한 개요를 배우고 실습 보드를 기반으로 임베디드 시스템을 구축 및 응용을 처리하는 방법을 학습합니다.,,,,"C언어 기초, 시스템 프로그래밍, 운영체제",True,True
46981,IT융복합종합설계,4,1학기,3.0,전공선택,"IT융복합종합설계는 종합프로젝트 과목으로서 기초프로젝트와 개별프로젝트 과목에서 배운 것을 종합하여 프로젝트를 완성하는 교과목이다. 프로젝트 주제를 설정하고 문제점을 파악하고 관련 연구를 진행한다. 이를 바탕으로 문제점 해결을 위한 아이디어를 도출한 후에 시스템을 설계하고 구현한다. 아이디어 발표, 시스템 구성 발표, 중간발표, 최종발표 등의 발표와 보고서로 평가하며 최종적으로 프로젝트 결과를 발표하고 시연한다.",,변홍석. (2010). 창읮거 공학설계 입문. 두양사,,창의적IT공학설계입문,True,False
46982,IT융복합종합설계,4,2학기,3.0,전공선택,"IT융복합종합설계는 종합프로젝트 과목으로서 기초프로젝트와 개별프로젝트 과목에서 배운 것을 종합하여 프로젝트를 완성하는 교과목이다. 프로젝트 주제를 설정하고 문제점을 파악하고 관련 연구를 진행한다. 이를 바탕으로 문제점 해결을 위한 아이디어를 도출한 후에 시스템을 설계하고 구현한다. 아이디어 발표, 시스템 구성 발표, 중간발표, 최종발표 등의 발표와 보고서로 평가하며 최종적으로 프로젝트 결과를 발표하고 시연한다.",,변홍석. (2010). 창읮거 공학설계 입문. 두양사,,창의적IT공학설계입문,True,False
46983,디지털논리공학,1,2학기,3.0,전공선택,"디지털 시스템을 설계하기 위해 요구되는 디지털 논리회로의 기초 개념을 이해하고 , 집적 회로의 종류 및 특성을 이해하는 것을 목표로 한다.",,,,,True,True
46987,병렬및분산시스템,3,2학기,3.0,전공선택,NVIDIA GPGPU 기반의 CUDA 프로그래밍을 통해 병렬 분산 시스템의 원리를 이해,,,,,True,False
53906,수치해석,3,1학기,3.0,전공,,공학도를 위한 수치해석. (2016). 백태현. 청문각,,,※선수과목 : 공업수학 Ⅰ,False,True
53951,자동제어,3,1학기,3.0,전공,,김성중. (2019). 핵심이 보이는 제어공학. 한빛 아카데미,,,,False,True
53963,전기전자공학및실험,2,1학기,3.0,전공,,이규철외 3인. (2014). 공학도룰위한 전기전자공학. 카오스북,,,,False,True
53972,시퀀스제어,2,2학기,3.0,전공,,정도영 저. (). 시퀀스제어와 XGTXGK PLC. 복두 출판사,,김현수 저. (). 선박실무 시퀀스제어회로. 다솜출판사한태환 저. (). 실무시퀀스제어기술. 복두출판사,,False,True
53985,마이크로프로세서응용설계,2,2학기,3.0,전공,,"김진환, 장성용, 김동식. (2020). 쉽게 배우는 AVR ATmega128 마이크로콘트롤러 (개정판). 생능출판",,이창주 외 3명. (2017). 마이크로프로세서 프로그램 실습 ATmega128. 생능출판,,True,True
53986,공업수학Ⅰ,2,1학기,3.0,전공,,D.G. Zill. (2017). Advanced Engineering Mathematics (6th ed). Jones & Bartlett Learning,,E. Kreyszig. (2011). Advanced Engineering Mathematics (10th ed). Wiley,,True,False
53987,공업수학Ⅱ,2,2학기,3.0,전공필수,,D.G. Zill. (2017). Advanced Engineering Mathematics (6판). Jones & Bartlett Learning,,E. Kreyszig. (2011). Advanced Engineering Mathematics (10판). Wiley,,True,False
53988,전기물성,3,1학기,3.0,전공,,박창엽. (2004). 전기물성공학. 피어슨에듀케이션코리아,,문병무. (2004). 전기전자물성공학. 도서출판 신성성영권. (1977). 전기전자재료. 동명사,,True,True
53989,전력시장운용개론,3,1학기,3.0,전공,,알랜J. 우드 외. (2018). 전력시스템 운용. 북코리아,,송길영. (2008). 전력계통공학. 동일,,True,False
53990,전력전송공학,3,1학기,3.0,전공,,송길영. (1999). 최신송배전공학. 동일출판사,,박규홍. (2000). 전력전송공학. 동일출판사,,True,False
53991,직류여자기기,3,1학기,3.0,전공,,장도현 외 3인. (1998). 전기기기공학. 사이텍미디어,,P.C.Sen. (1996). PrinciplesofElectricMachinesandPowerElectronics. JoneWiley&Sons,,True,False
53992,교류여자기기,3,2학기,3.0,전공,,장도현 외 3인공역. (1997). 전기기기 공학. 사이텍미디어,,P. C. Sen. (1997). Principle of Electric Machines and Power Electronics. John Wiley & Sons,,True,False
53993,전기재료공학,3,2학기,3.0,전공,,검정연구회. (2022). 전기응용 및 공사재료. 동일출판사,,지철근. (). 조명공학. 문운당신백균 외. (2019). 대학전기응용. 동일출판사,,True,True
53994,전력전자공학,3,2학기,3.0,전공,,원충연외4인. (2020). 원리로이해하는 전력전자공학. 한빛아카데미,,"노의철외2인. (2014). 알기쉽게 풀어쓴 전력전자공학. 문운당Erickson, Robert W., Maksimovic, Dragan. (2020). Fundamentals of Power Electronics 3/E. Springer",,True,True
53995,산업전자공학,4,1학기,3.0,전공,,"Robert W. Erickson /  원충연 외 4인. (2013 /  2015). 전력 전자공학의 기초 I, II(일부) /  원리로 이해하는 전력전자공학. GS 인터비전 /  한빛 아카데미",,"노의철외2인. (2019). 전력전자공학. 문운당김상훈. (2018). 모터제어 DC,AC,BLDC Motors. 복두출판사",,True,True
53996,조명공학,4,1학기,3.0,전공,,오성보. (2014). 조명계획과 설계. 제주대학교 출판부,,최홍규외7인. (2000). 조명설비 및 설계. 성안당지철근. (2000). 조명 용어사전. 의제,,True,False
53997,지능형전력망,3,2학기,3.0,전공,,전기학회. (2006). 배전시스템공학. 북스힐,,송길영. (2018). 최신송배전공학. 동일출판사Sioshansi. (2012). Smart Grid. AP,,True,False
53998,제어공학Ⅰ,3,1학기,3.0,전공,,임동진. (2019). 제어시스템공학. 생능출판,,김성중. (2018). 핵심이보이는 제어공학. 한빛아카데미검정연구회. (2013). 제어공학기사문제. 동일출판사,,True,True
53999,제어공학Ⅱ,3,2학기,3.0,전공,,임동진. (2019). 제어시스템공학. 생능출판,,김성중. (2018). 핵심이보이는 제어공학. 한빛아카데미이국희. (2017). 제어공학기사문제. 엔트미디어,,True,True
54002,전기자동차개론,2,1학기,3.0,전공,,정용욱 외. (2018). 전기자동차(3판). GS인터비젼,,이완근 외. (2019). 전력시스템과 마이크로그리드. 햇빛e세상GB planning center. (2015). 자동차모터의 현재와 미래. GoldenBell,,True,True
54003,기초전자회로,2,2학기,3.0,전공,,Albert.P.Malvino. (2021). Electronic Principles. McGrawHill,,Thomas L. Floyd. (2018). Electronic Devices. Pearson김동식. (2015). 전자회로. 생능출판,,True,True
54004,전기전자실습,2,2학기,2.0,전공필수,,박병하 외 2명. (2010). Understanding ELVIS. 인피니티북스,,,,True,True
54005,전기자기학Ⅰ,2,1학기,3.0,전공,,강형부 외 3인. (2001). 전자기학. 교보문고,,"W. H. Hayt.. (2001). Engineering Electromagnetics. Jr, McGrawHill",,True,True
54006,회로일반,2,1학기,3.0,전공,,박송배. (2010). 신회로이론. 문운당,,,,True,True
54007,전기자기학Ⅱ,2,2학기,3.0,전공필수,,강형부 외 3인공역. (2005). 전자기학. 교보문고,,W. H. Hayt       J. A. Buck. (2004). Engineering Electromagnetics. McGrawHill,,True,True
54008,회로이론,2,2학기,3.0,전공필수,,박 송 배. (2015). 알기쉬운 회로이론. 문 운 당,,이 병 효. (1983). 기초전기전자. 동 일 출 판 사양 흥 석 외 7인. (1993). 회로해석. 동 일 출 판 사,,True,True
54009,전력공학,4,2학기,3.0,전공,,Vicent Toro. (1992). 전력시스템공학. Prentice Hall,,Nick Jenkins. (2000). Embedded Generation. IEE송길영. (2011). 송배전공학. 동일출판사,,True,False
54010,전기기초실험,3,1학기,2.0,전공필수,,신현철. (2021). 대학 전자회로 실험. 한티미디어,,"신현철,최준영. (2021). LabVolt 실험장비를 이용한 전력공학실험. 거북골",,True,True
54011,전기기초실험,3,1학기,2.0,전공필수,,신현철. (2021). 대학 전자회로 실험. 한티미디어,,"손광명,최준영. (2021). LabVolt 실험장비를 이용한 전력공학실험. 거북골",,True,True
54012,전기응용실험,3,2학기,2.0,전공필수,,,,,,True,True
54013,프로그래밍응용,2,1학기,3.0,전공,,천인국. (2021). (교재 1) (누구나 쉽게 즐기는) C언어 콘서트 (개정3판). 생능출판,,우재남. (2022). (교재 2) C 언어 for Beginner (개정4판). 한빛아카데미조성호. (2022). (참고도서 1) WONDER C. 인피니티북스,,True,True
54014,디지털공학,2,1학기,3.0,전공,,김수원 외. (2020). 디지털디자인 (6판). Pearson,,Mano 외 2인. (2015). Logic and Computer Design Fundamentals (5th ed). PearsonT.L. Floyd. (2015). Digial Fundamentals   (11th ed). Pearson,,True,False
54015,응용전자회로,3,1학기,3.0,전공,,Albert.P.Malvino. (2021). Electronic Principles. McGrawHill,,Thomas L. Floyd. (2018). Electronic Devices. Pearson김동식. (2015). 전자회로. 생능출판,,True,True
54016,창의적공학설계,1,2학기,3.0,전공,,김은경. (2020). 창의적 공학설계. 한빛아카데미,,김대수. (2016). 창의 공학설계. 생능출판,,True,False
54017,디지털공학실험,2,1학기,2.0,전공필수,,디지털 논리회로 실험. (2014). 임석구. 한빛아카데미,,,,True,False
54018,컴퓨터프로그래밍,2,1학기,3.0,전공,,열혈강의 C++ 프로그래밍. (2010). 윤성우. 오렌지미디어,,열혈강의 C 프로그래밍. (2010). 윤성우. 오렌지미디어,C프로그래밍 및 실습,True,True
54019,기초전자공학실험,2,2학기,2.0,전공필수,,기초전자실험. (2022.04.27). 서경환. 생능출판,,,,True,True
54020,전자회로,2,2학기,3.0,전공필수,,Electronic Principles(8th Ed.). (2016). McGrawHill. Malvino,,,회로이론1,True,True
54021,디지털시스템,2,2학기,3.0,전공,,"디지털공학. (2018). 김대정, 모현선. 한빛아카데미 (2018)",,,"디지털공학, 디지털공학실험",True,True
54022,전자회로실험,3,1학기,2.0,전공필수,,,,,"전자회로,기초전자공학실험",True,True
54023,물리전자공학,3,1학기,3.0,전공,,"Solid State Electronic Devices (7 ed.). (2015). B. G. Streetman, S. K. Banerjee. Jones & Bartlett Learning",,,,True,True
54024,반도체공학,3,2학기,3.0,전공,,"고체전자공학 7판. (). B.G.Streetman, S.K.Baerjee . 성진미디어",,,물리전자공학,True,True
54025,제어공학,3,2학기,3.0,전공,,제어 시스템 공학. (2019). 임동진. 생능출판,,"modern control systems(11th ed.), . (2010.). Pearson.  R.C. DorfAutomatic Control Systems(8th ed.)　. ( 2003). John Wiley & Sons.  Inc., B.C. Kuo and M.F. Golnaraghi","자동제어, 공업수학",True,True
54026,집적회로제조공정설계,3,2학기,3.0,전공,,"고체전자공학. (). 벤 스트리트만 저, 곽계달 역.",,DRAM 의 설계. (). 유희준 저.,,True,True
54027,컴퓨터이용회로설계,3,2학기,3.0,전공,,전자회로(Electronic Principles). (2016). McGrawHill. Malvino,,핵심이 보이는 전자회로 with PSPICE. (2018). 신경욱. 한빛아카데미,"응용전자회로, 전자회로실험",True,True
54028,통신이론,3,2학기,3.0,전공,,,,,,True,True
54029,집적회로설계및실습,4,1학기,3.0,전공,,CMOS 디지털 집적회로 설계. (2014). 신경욱. 한빛아카데미,,CMOS VLSI Design. (2011). Neil Weste and David Harris. AddisonWesley,,True,True
54030,스마트센서공학,4,1학기,3.0,전공,,광전자 및 광자공학. (2013). S.O.Kasap. 퍼스트북,,,,True,True
54033,딥러닝,3,2학기,3.0,전공,,쉬운 딥러닝. (2021). 변병현. 생능출판사,,밑바닥부터 시작하는 딥러닝. (2017). 사이토고키 . 한빛미디어,,True,True
54034,공업수학Ⅰ,2,1학기,3.0,전공,,,,,"기초공학수학1,2",True,False
54035,공업수학Ⅱ,2,2학기,3.0,전공,,"Advanced Engineering Mathematics,. (1999). Jones & Bartlett. Dennis G.Zill",,,공업수학1,True,False
54036,수치해석,3,1학기,3.0,전공,,MATLAB을 이용한 알기 쉬운 수치해석. (2021). 박태희. 생능출판,,,,True,True
54037,자동제어,3,1학기,3.0,전공,,,,,,True,True
54038,공업논리및논술,3,1학기,2.0,전공,,,,,,True,False
54039,마이크로프로세서,3,1학기,3.0,전공,,,,,,True,True
54040,전자기학,2,1학기,3.0,전공필수,,,,,,True,True
54041,디지털공학,2,1학기,3.0,전공,,"디지털공학 . (2018). 김대정, 모현선 공저. 한빛아카데미",,,,True,False
54042,회로이론Ⅰ,2,1학기,3.0,전공필수,,,,,,True,True
54043,전자장,2,2학기,3.0,전공,,,,,,True,True
54044,신호및시스템,3,1학기,3.0,전공,,,,,,True,True
54045,회로이론Ⅱ,2,2학기,3.0,전공,,기초회로이론. (). 최윤식. 한빛미디어,,,"회로이론1,공업수학",True,True
54046,응용전자회로,3,1학기,3.0,전공,,,,,전자회로,True,True
54047,디지털신호처리,3,2학기,3.0,전공,,,,,,True,True
54050,수치해석,3,1학기,3.0,전공,,"Steven C. Chapra 저 / 손권, 최윤호, 정재일 공역. (2019). Chapra의 응용수치해석 (한글번역서, 4th Edition). McGrawHill Education",,,,False,True
54069,기초전기·전자공학개론,2,1학기,3.0,전공,,"THOMAS L. FLOYD, DAVID M. BUCHLA(번역:손상희). (2010). 기초 전기전자공학, 제8판. (주)시그마프레스",,"THOMAS L. FLOYD, DAVID M. BUCHLA. (2010). Electronics Fundamentals: Circuits, Devices, and Applications, 8th edition. PRENTICE HALL",,False,True
54072,방사선센서공학,3,2학기,3.0,전공,,정만희. (). 강의노트(PPT). 없음,,"Glenn F. Knoll. (2010). Radiation Detection and Measurement, 4th Edition. John Wiley & Sons",,False,True
54074,전자기학,2,2학기,3.0,전공,,David J. Griffiths (김진승 역). (2016). 기초전자기학 (제4판). 진샘미디어,,,,False,True
54075,기초통계학,1,2학기,3.0,전공,,"송성주,전명식. (2021. 7.). 기초통계학. 자유아카데미",,노경섭. (2022. 1.). 제대로시작하는 기초통계학. 한빛아카데미성태제. (2019. 2.). 현대기초통계학 이해와 적용. 학지사,,True,True
54076,에너지공학기초,1,1학기,3.0,전공,,,,,,True,False
54077,인공지능개론,1,1학기,3.0,전공,,"한선관, 류미영, 김태령, 고병철, 서정원. (2021). 놀랍게 쉬운 인공지능의 이해와 실습. 성안당",,,,True,True
54078,웹프로그래밍,1,2학기,3.0,전공,,나진호. (2022). HTML5+CSS3 실무테크닉. 성안당,,황기태. (2022). HTML5+CSS3+Javascript 웹 프로그래밍. 생능출판사,,True,True
54079,디지탈논리회로,2,1학기,3.0,전공,,M. Morris Mano. (2018). Digital Design(6th Edition). Pearson,,Thomas L. Floyd. (2009). Digital Fundamentals(10th Edition). Prentice HallStephen Brown외 1인. (2001). Fundamentals of Digital Logic with VHDL Design. McGraw Hill,,True,True
54080,화일처리및응용,2,1학기,3.0,전공,,이석호. (2017). 파일구조. 정익사,,,,True,False
54081,컴퓨터그래픽스및응용,3,1학기,3.0,전공,,구자영외 5인. (2014). OpenGL을 이용한 컴퓨터그래픽스. 홍릉과학출판사,,,,True,False
54082,프로그래밍언어론,3,2학기,3.0,전공,,원유헌. (2014). 프로그래밍 언어론. 정익사,,Mitchell. (2002). Concepts in Programming Languages. Cambridge,,True,True
54083,기초웹개발론,3,2학기,3.0,전공,,,,,,True,True
54084,스마트모바일컴퓨팅,2,2학기,3.0,전공,,정우기. (2022). 6세대 이동통신. 복두,,"SIMONE ALESSANDRIA외. (2021). 유인물, Flutter Cookbook[강의자료로 제공 예정]. Packt PublishingAlberto Miola. (2020). Flutter Complete Reference[강의자료로 제공 예정]. Independently Published",,True,True
54085,임베디드컴퓨팅,3,2학기,3.0,전공,,,,장성용. (2018). 예제로 쉽게 배우는  아두이노. 생능출판사후쿠다 카즈히로. (2018). 라즈베리 파이. 3: 입문과 실전 활용   한 권으로 끝내자!. 위키북스,,True,True
54086,고급웹개발론,4,1학기,3.0,전공,,데이비드 플래너건. (). 자바스크립트 완벽가이드. 인사이트,,,,True,True
54087,머신러닝,4,1학기,3.0,전공,,,,사이토 고키. (). 맡바닥부터 시작하는 딥러닝(번역서). 한빛미디어,,True,True
54088,디지털영상처리,2,2학기,3.0,전공,,"신종홍 , 장선봉 , 지인호. (2015). 디지털 영상처리 입문 : 오감을 자극하는 3차원 입체 학습. 한빛아카데미",,,,True,True
54089,프로젝트Lab,4,2학기,3.0,전공,,,,헨릭 크니버그(Henrik Kniberg). (20090506). 스크럼과XP. 인사이트,,True,True
54090,JAVA프로그래밍,2,1학기,3.0,전공,,"황기태 , 김효수. (2018). 명품 JAVA Programming [ 개정4판 ]. 생능출판사",,,,True,True
54091,C 프로그래밍,2,2학기,3.0,전공,,,,,,True,True
54092,사물인터넷기술및응용,4,1학기,3.0,전공,,JEREMY BLUM. (). Exploring Arduino : Tools and Techniques for Engineering Wizardry. Wiley,,"JEREMY BLUM. (2021). IT CookBook, 익스플로링 아두이노(2판). 한빛아카데미",,True,False
54093,가상화기술개론,4,1학기,3.0,전공,,Gabriel N. Schenker. (2020). Learn Docker Fundamentals of Docker 19.x. Packt Publishing,,,,True,False
54094,블록체인개론,3,1학기,3.0,전공,,이병욱. (2019). 블록체인 해설서. 에이콘출판사,,"박성훈, 류길성, 강동욱 번역, 안드레아스 M. 안토노풀로스, 개빈 우드 지음 지음. (2019). 마스터링 이더리움: 스마트 컨트랙트 및 댑 구축하기. 제이펍박재현, 오재훈, 박혜영. (2018). 코어 이더리움 프로그래밍: 블록체인, 이더리움 핵심에서 암호화폐 구축을 위한 스마트 컨트랙트 개발까지. 제이펍",,True,False
54095,기초공학설계,1,1학기,3.0,전공,,"Glenn Brookshear, Dennis Brylow. (2019). 컴퓨터과학 총론(Computer Science: An Overview, 13th Edition). Pearson, 휴먼싸이언스",,김은경. (2020). 창의적 공학설계(3판). 한빛아카데미김대수. (2020). 창의공학설계. 생능출판,,True,False
54096,SW개발기초,1,1학기,3.0,전공필수,,김완섭. (2019). 파이썬으로 배우는 컴퓨팅 사고. 인피니티북스,,"우재남. (2017). IT CookBook, 파이썬 for Beginner. 한빛아카데미",,True,False
54097,웹프로그래밍,1,2학기,3.0,전공,,황개태. (2022). 명품 HTML5+CSS3+Javascript 웹 프로그래밍[개정판]. 생능출판사,,,,True,True
54098,컴퓨터수학,1,2학기,3.0,전공,,박주미. (2021년 초판). 컴퓨팅 사고력을 키우는 이산수학(3판). 한빛미디어,,,,True,False
54099,자료구조,2,1학기,3.0,전공필수,,천인국 공용해 하상호. (2019). c 언어로 쉽게 풀어쓴 자료구조. 생능출판,,윤성우. (2013). 윤성우의 열혈자료구조. 오렌지미디어,,True,True
54100,객체지향프로그래밍,2,1학기,3.0,전공,,변영철. (). Visual C++.NET을 이용한 객체지향 프로그래밍. 한라사랑닷넷(학교 교내서점 구입가능),,,,True,True
54101,응용확률론,2,1학기,3.0,전공,,고승곤 외 2인. (2009). 새일반통계학. 교우사,,한혁수. (2020). R로 쉽게 통계 배우기. 생능출판사,,True,True
54102,소프트웨어공학,3,1학기,3.0,전공필수,,김치수. (2019). 쉽게 배우는 소프트웨어 공학. 한빛아카데미,,,,True,True
54103,알고리즘,2,2학기,3.0,전공필수,,문병로. (2022). <관계중심의 사고법> 쉽게 배우는 알고리즘 저   자 : 문병로. 한빛 미디어,,카일 루든. (). Mastering Algorithms with C  번역본. 한빛 미디어,,True,True
54104,시스템프로그래밍,2,2학기,3.0,전공,,"조충호, 이상곤. (2017). 인텔 프로세서를 위한 시스템 프로그래밍. 생능출판사",,,,True,True
54105,컴퓨터구조,2,2학기,3.0,전공,,Morris M. Mano(김종상 역). (2017). 컴퓨터시스템구조(제3판). 프로텍미디아,,우종정. (2016). 컴퓨터 아키텍처. 한빛아카데미,,True,True
54106,데이터베이스,2,2학기,3.0,전공,,"박우창, 남송휘, 이현룡. (2021). MySQL로 배우는 데이터베이스 개론과 실습(‘오라클로 배우는 데이터베이스 개론과 실습’도 가능함). 한빛 아카데미",,이석호. (). 데이터베이스론. 정익사,,True,True
54107,오픈소스개발방법론,3,1학기,3.0,전공,,,,Ron Goldman & Richard P. Gabriel. (). https://dreamsongs.com/IHE/IHE.html.,,True,True
54109,정보통신,3,1학기,3.0,전공,,Behrouz A. Forouzan. (2013). Data Communications and Networking(5th Ed). McGraw Hill,,William Stalling. (2003). Data and Computer Communications (7th Edition). Prentice HalI,,True,True
54110,운영체제,3,1학기,3.0,전공,,조성호. (2018). 쉽게 배우는 운영체제. 한빛미디어,,,,True,True
54111,소프트웨어분석및설계,3,2학기,3.0,전공,,,,Tommaso Lintrami. (2017). Unity 2017 Game Development Essentials. Packt Publishing; 3rd Revised edition edition,,True,False
54113,인공지능,3,2학기,3.0,전공,,,,,,True,True
54115,정보보안,3,2학기,3.0,전공,,윌리엄 스톨링. (2017). 네트워크 보안 에센셜. 진샘미디어,,장상근. (2021). 처음 배우는 네트워크 보안. 한빛미디어,,True,True
54116,컴퓨터구조,3,1학기,3.0,전공,,김종현. (2016). 컴퓨터구조론. 생능출판,,"M.Morris MANO. (1997). Computer System Architecture. Prentice HallR.J.Baron , Lee Higbie. (1994). Computer  Architecture. Addison Wesley",,True,True
54117,통신이론,3,1학기,3.0,전공,,좌정우. (2017). 통신시스템. pdf 파일로 제공,,"좌정우. (2018). 통신시스템 이런닝 콘텐츠. 강의 이런닝 콘텐츠 제공Rodger E. Ziemer, William H. Tranter 저, 박상규, 김은수, 오성근 역. (20010). 통신이론. 교보문고",,True,True
54118,기초공학설계,1,2학기,3.0,전공,,김은경. (2020). 창의적 공학설계 (3판). 한빛아카데미,,현승엽. (2017). 전기전자통신공학개론. 생능출판사노승환. (2014). 설계 프로세스로 배우는 창의적 공학설계. 한빛아카데미,,True,False
54119,기초회로실험,2,1학기,3.0,전공필수,,"김흥수, 홍성욱. (2019). 기초회로실험. C&P",,"유태훈, 정성순. (2013). 기초회로실험 원리와 응용 9판. ITC홍순관. (2016). 기초전자실험 with PSPICE. 한빛아카데미",,True,True
54120,디지털공학,2,1학기,3.0,전공,,Roger L. Tokheim. (2014). 디지탈공학. 생능출판,,"M.Morris MANO. (1997). Computer System Architecture. Prentice Hall강진구,이대영 송재철. (2000). VHDL을 이용한 디지탈시스템설계. 사이텍  미디어",,True,False
54121,회로이론Ⅰ,2,1학기,3.0,전공,,"장주욱 외 9명(J. W. Nilsson, S. A. Riedel). (2021). Electric Circuits(11판). Pearson",,David E. Johnson외 3인. (2006). Basic Electric Circuit Analysis 5th Edition. Wiley최윤호외 6인. (2019). Hayt의 회로이론 9판. McGrawHill,,True,True
54122,전자장,2,2학기,3.0,전공필수,,김세윤. (2020). 전자기학 (3판). 퍼스트북,,홍익표. (2015). 원리로 이해하는 마이크로파 공학. 한빛아카데미저자: F. T. Ulaby 역자: 조영기 외 4인. (2007). 응용전자기학. 진샘미디어,,True,True
54123,디지털회로실험,2,2학기,3.0,전공필수,,"이승호, 민경옥. (2012). 단계별로 따라하며 배우는 디지털공학실험. 한빛미디어",,"임석구, 홍경호. (2012). 디지털 논리회로. 한빛미디어",,True,True
54124,디지털회로실험,2,2학기,3.0,전공필수,,"이승호, 민경옥. (2013). 단계별로 따라하며 배우는 디지털공학실험. 한빛아카데미",,"원저자: R. L. Tokheim, 역자: 강창수 외4인. (2014). 디지털 공학 (8판). 생능출판사원저자: D. Buchla, 역자: 김응성. (2009). 최신 디지털 공학 실험 (10판). ITC",,True,True
54125,신호및시스템,3,2학기,3.0,전공,,남승현. (2020년). 파이썬과 함께 배우는 신호와 시스템. 도서출판 홍릉(홍릉과학출판사),,"강철호, 유지상, 박호종. (2015년). 신호및시스템. 생능출판사김명진. (2018년). 신호와시슽템. 생능출판사",,True,True
54126,회로이론Ⅱ,2,2학기,3.0,전공,,"장주욱 외 9명(J. W. Nilsson, S. A. Riedel). (2021). Electric Circuits(11판). Pearson",,David E. Johnson외 3인. (2006). Basic Electric Circuit Analysis 5th Edition. Wiley최윤호외 6인. (2019). Hayt의 회로이론 9판. McGrawHill,,True,True
54127,이동통신공학,3,2학기,3.0,전공,,박용완외2. (2021). 이동통신공학(제5개정판). 생능출판사,,이상근. (2018). EASY LTE. 한빛아카데미,,True,True
54128,안테나공학,3,1학기,3.0,전공,,저자: Y. Huang and K. Boyle (역자: 유태훈). (2014). 실무로 완성하는 최신안테나공학 (이론에서 실무까지). 한빛아카데미,,김세윤. (2020). 전자기학 (제3판). 퍼스트북저자: F. T. Ulaby. (2007). 응용전자기학. 진샘미디어,,True,False
54129,통신시스템,3,2학기,3.0,전공필수,,좌정우. (2017). 통신시스템.,,,,True,True
54130,전파통신실험,3,1학기,3.0,전공필수,,양두영. (2018). 무선응용을 위한 전파통신실험. CP,,코너북. (2017). RF 기초 강의실(The Basic of RF). RFDH운영자(wwww.rfdh.com),,True,True
54131,RF시스템공학,2,2학기,3.0,전공,,Kai Chang. (2014). RF 및 초고주파 공학. 한빛아카데미,,RFDH 운영자. (2007). The basic of RF : RF 기초 강의실. 컨버전스미디어D. M. Pozar. (2014). 마이크로파공학 4판. 범한서적,,True,False
54132,초고주파공학,3,2학기,3.0,전공,,홍익표. (2022). 원리로 이해하는 무선공학. 한빛아카데미,,D. M. Pozar. (2014). 마이크로파공학 4판. 범한서적Kai Chang (홍익표 옮김). (2014). RF 및 초고주파 공학. 한빛아카데미,,True,False
54133,전자파전파공학,3,2학기,3.0,전공,,이우영. (2018). 무선공학개론. 예문사,,John R. Richards. (2008). Radio Wave Propagation: An Introduction for the NonSpecialist. Springer이상설. (1983). 안테나 및 전자파 전파. 형설출판사,,True,True
54134,전파정보통신,2,1학기,3.0,전공,,양두영. (2018). 무선응용을 위한 전파통신실험. CP,,코너북. (2018). RF 기초 강의실(The Basic of RF). RFDH운영자(wwww.rfdh.com),,True,True
54136,공학수학,2,1학기,3.0,전공,,이연석외 22인 공역. (2019). 공학수학 5판. 한티미디어,,장윤석. (2012). 수식이 보이는 공업수학. 한빛미디어소상균. (2013). MATLAB으로 배우는 공학수학. 한빛미디어,,True,False
54137,전기자기학,2,1학기,3.0,전공,,김세윤. (2020). 전자기학 (제3판). 퍼스트북,,저자: Endo Masamori. (2013). 만화로 쉽게 배우는 전자기학. 성안당저자: F. T. Ulaby. (2007). 응용전자기학. 진샘미디어,,True,True
54138,통신수학,2,2학기,3.0,전공,,이연석외 19인 공역. (2020). 공학수학. 한티미디어,,장윤석. (2012). 수식이 보이는 공업수학. 한티미디어소상균. (2013). MATLAB으로 배우는 공학수학. 한티미디어,,True,True
54139,전자회로,3,2학기,3.0,전공필수,,진경복 외3인 역. (2016). 전자회로8판. McGrawHill  Korea,,신윤기. (2002). 전자회로. 인터비젼정현기 외7인. (2009). 전자회로. 문운당,,True,True
54140,공업교육론,3,2학기,3.0,전공,,권기영외 2인. (2018). 전기전자공학개론. 한빛아카데미,,,,True,False
54142,스마트사물인터넷,2,1학기,3.0,전공,,좌정우. (). 사물인터넷 실습. pdf 파일 제공,,좌정우. (). C/C++ 프로그래밍과 스케치 프로그래밍 이런닝 콘텐츠. 이런닝 콘텐츠 제공,,True,False
54143,네트워킹응용실습,3,1학기,3.0,전공,,좌정우. (). 컴퓨터 네트워크.,,좌정우. (). 통신시스템.,,True,False
54144,ICT기초,1,1학기,3.0,전공,,현승엽. (2017). 전기전자통신공학개론. 생능출판사,,저자: 酒井雅芳 역자: 이태원외 2인. (2014). 기초 전기전자. 한진A. M. Noll. (1988). Introduction to Telecommunication Electronics. Artech House,,True,False
54145,확률및통계,2,2학기,3.0,전공,,임태진. (2021). R함수로 배우는 확률통계. 생능출판,,이연석 외 19명 공역. (2020). 공학수학. 한티미디어안기수. (2021). 엑셀로 풀어보는 생활 속의 통계학. 생능출판,,True,True
54152,공정제어,3,2학기,3.0,전공,,여영구. (2017). 최신공정제어공학. McGraw Hill Education,,,,False,True
54155,전기화학공학,4,1학기,3.0,전공,,,,한국전기화학회. (). 전기화학의 이해 제2판. 텍스트북스,,False,True
54168,화학공학인공지능,4,2학기,3.0,전공,,,,오승환. (2021). 파이썬 딥러닝 텐서플로. 정보문화사조태호. (2021). 모두의 딥러닝 개정2판. 길벗,,False,True
54182,디지털회로설계,3,2학기,3.0,전공,,임종환. (). 강의노트 제공.,,,,False,True
54183,마이크로프로세서,3,2학기,3.0,전공필수,,,,,,False,True
54186,지능로봇공학,4,2학기,3.0,전공,,임종환. (). 자체교재 : 강의노트 제공.,,,,False,True
54196,제어공학,3,1학기,3.0,전공,,김성중. (2020). 핵심이 보이는 제어공학. 한빛미디어,,,,False,True
57920,수치해석,3,1학기,3.0,전공(심화),"본 과정은 수치해석에 이용되는 여러 방법의 기본개념을 이해하고 활용법을 습득하는 데 목적이 있다. 수치해석은 공학에서 나타나는 복잡한 수학적 모델을 여러 방법을 이용하여 근사해를 구하는 것을 말하는 것으로 오차의 성질, 행렬, 연립방정식의 해, 보간법, 수치적분 등을 학습한다.","Chapra, S. C., Applied numerical methods, MCGRAWHILLChapra, S. C., Numerical methods for engineers, MCGRAWHILL박재년 저, 수치해석(개정판), 정익사Chapra & Canale(김철 외 4인 역), 공학도를 위한 수치해석( 4th Edition),  McGrawHill Korea",,,"수학1, 수학2, 공학수학1, 공학수학2, 건축구조역학1, 건축구조역학2",False,True
58054,자동제어,3,1학기,3.0,전공(심화),"After taking this course, you will be able to:explain what control is and where we can apply it.realize how the alreadylearned mathematical tools (characteristic equation, Laplace transform, etc) are used for automatic control.use the tools (root locus, bode plot, etc) required to design a classical controller.design a classical controller for a given SISO (Single Input Single Output) system.get used to playing with software tool for automatic control.","Franklin and Powell, Feedback Control of Dynamic Systems, 6th Edition International Version, Pearson Education, Limited, 2009.This course will cover up to Chap.6.주교재 번역서: 동적시스템 자동제어(제6판), GENE F. FRANKLIN 지음, 한도영 옮김, 한티미디어, 2010. (원서를 권함)[참고문헌]임동진, 제어시스템공학, 생능출판사자동제어 (원저: B.Kuo, ""Automatic Control"")Ogata, Automatic Control System",,,Engineering Mathematics 1 (공학수학1),False,True
58071,수치해석,3,1학기,3.0,전공(심화),공학적 응용성이 높은 수학적 알고리즘에 대한 이해프로그래밍 언어(파이썬)을 이용한 코딩 및 이를 통한 수치계산의 수행 수치 계산 결과에 대한 해석 및 신뢰성 판단,"<교재>Python을 이용한 공학수치해석, 구본용 외 옮김, 도서출판 학산미디어",,<참고문헌>수치해석 관련 도서파이썬 관련 도서MATLAB 관련 도서,"공학수학1,2, 컴퓨터연습1,2",False,True
58080,비행제어시뮬레이션,4,1학기,3.0,전공(심화),"항공기의 비행동역학적 특성을 파악하고, 비행체의 운동을 시뮬레이션하는 능력과 이를 바탕으로 비행제어시스템을 설계하는 능력을 배양한다.","Nelson, R.C., Flight Stability and Automatic Control, 2nd Edition, McGrawHill, 1998.<참고문헌>필요시 수시과제물",,,,False,True
58081,비행제어실험,4,1학기,3.0,전공(심화),"자동제어이론을 동적시스템 및 멀티콥터에 응용하여 제어기를 설계하고 시뮬레이션 및 실험을 수행함으로써, 동적시스템의 분석능력,  시뮬레이션 및 제어시스템 설계와 검증능력을 함양한다.멀티콥터 드론에 대한 제어기를 설계하고, 시뮬레이션에 대한 능력을 기른다.","Matlab, 제어 관련 내용 프리젠테이션 자료",,,,False,True
58088,비선형최적제어이론,1,1학기,3.0,전공,선형시스템과 비선형시스템의 차이점에 대한 이해비선형/최적제어이론을 학습하기 위한 이론 학습포트폴리오(텀프로젝트)를 통해 제어이론을 시스템에 적용하여 장단점 파악,"교재Hassan K. Khalil, Nonlinear Systems, Global Edition, Pearson, 2015.https://books.google.co.kr/books/about/Nonlinear_Control_Global_Edition.htmlid=lXWxCQAAQBAJ&redir_esc=y 참고문헌Leonard David Berkovitz, Negash G. Medhin, Nonlinear Optimal Control Theory, Chapman and Hall/CRC, 2012R.W. Beard and T.W. McLain, Small Unmanned Aircraft: Theory and Practice, Princeton University Press, 2012Frank L. Lewis, Draguna Vrabie, Vassilis L. Syrmos, Optimal Control, 3rd Edition, 2012.",,,"공학수학1, 자동제어(Automatic Control), 비행제어시뮬레이션",False,True
58090,드론비행제어특론,1,1학기,3.0,전공,To provide students with an advanced treatment of linear control and guidance that can be applied to Drone and UAV systems,"Franklin & Powell, ""Control of Dynamic Systems"", PrenticeHallNelson, R.C., Flight Stability and Automatic Control, 2nd Ed., McGrawHill",,,"Flight control and simulation,Automatic Control",False,True
58103,선박계산프로그래밍,2,2학기,3.0,전공(핵심),"선박의 설계, 건조 시 필요한 선박의 배수량, 복원성 등 기본계산과 관련된 각종 계산법을 배운다.선박 계산의 종류를 파악하고 각 계산의 목적과 의미를 이해한다.선박 계산 과정을 컴퓨터 프로그램으로 작성한다.","선박계산, 텍스트북스, 대한조선학회강의노트, 충남대, 양경규",,"최신 선박해양공학개론, GS인터비전, 이승준, 염덕준",,False,True
58105,컴퓨터프로그래밍2,2,1학기,3.0,전공(핵심),"공학 문제를 C  프로그래밍으로 자유롭게 풀어가고, 반복적인 과정을 자동화하는 방안에 관해서 다양한 테크닉을 습득한다.",공학도를 위한 최소한의 C  (강의자 저술),,,컴프1에서 배운 기본적인 Language 문법 습득하고 오세요.,False,True
58107,전기전자회로,2,1학기,3.0,전공(심화),선박해양 및 기계시스템에 활용되는 전기전자회로의 이해 및 분석 능력 배양직류/교류회로망 분석 이론 학습전기전자장치의 신호 계측 및 처리 기술 학습,"전기전자공학개론 7판, Giorgio Rizzoni, James Kearns 지음, 송재복 외 옮김, McGraw Hill Education",,"조선해양 전기 및 전자 원리, 김선일 저, GS인터비전",,False,True
58112,공학수치해석,3,1학기,3.0,전공(핵심),1) 공학문제 해결에 필요한 수치해석 이론지식 습득 2) MatLab 프로그래밍을 이용한 수치계산 수행3) 수치결과에 대한 해석 및 평가,"1) MatLab과 수치해석(저자: 안병권, 출판사: 경문사)2) 수업참고자료: https://sites.google.com/view/cnufincl",,,"선수 교과목 없음(단, 컴퓨터 프로그래밍과 공학수학 1, 2 교과목 내용에 대한 이해 필요)",False,True
58116,조선공학을 위한 인공지능,3,1학기,3.0,전공(심화),기계학습과 친숙해 지고 이를 활용하여 앞으로 문제 해결 능력에 기계학습을 부담없이 고려할 수 있는 능력을 함양한다.,자체 개발한 CoLab 코드,,"Deep Learning with Python, Francois Chellet,","컴퓨터 프로그래밍 1,2",False,True
58125,조선공학도를 위한 인공지능 프로그래밍,1,1학기,3.0,전공,"By the time you finish, you'll have the knowledge and handson skills to apply deep learning in your own projects.","Deep Learning with Python, Francois Chellet,",,강사 제작 Colab 코드 및 문서,Nothing Special.,False,True
58127,선박시스템제어,1,1학기,3.0,전공,"주파수 영역에서의 모델링시간 영역에서의 모델링시간 응답다중 시스템의 간략화안정도 판별근궤적 기법주파수 응답을 이용한 설계상태 방정식을 이용한 설계 * Pole Placement최적제어(Optimal Control) * LQR ControlRigidBody Kinetics of Unmanned Vehicle(Unmanned Surface Vehicle, Unmanned Aerial Vehicle) * RigidBody Equation of Motion (6 Degree of Freedom model) * Coordinate FramesForce and MomentsLinear Design modelAutopilot Design Using Successive Loop Closure","현대제어공학, Ogata,제어시스템공학, Norman S. Nise,Handbook of Marine Craft Hydrodynamics and Motion Control2nd Edition, Wiley, April 2021. Thor I. FossenSmall Unmanned Aircraft. Theory and Practice, RW Beard, TW McLain",,"현대제어공학, Ogata,제어시스템공학, Norman S. Nise,Handbook of Marine Craft Hydrodynamics and Motion Control2nd Edition, Wiley, April 2021. Thor I. FossenSmall Unmanned Aircraft. Theory and Practice, RW Beard, TW McLain","Linear Algebra, Engineering Mathematics, Probability and Random ProcessMatlab/Simulink, Automatic Control",False,True
58135,로봇공학특론,1,1학기,3.0,전공,"* 로봇공학에 대한 전반적인 내용을 다루며, 로봇의 분류, 구조 및 용어 등을 다룬다. 특히 Robot Manipulator의 동적, 공간적 제한요소를 분석하고 로봇 설계 및 응용에 대한 기본 개념을 다룬다. 위치, 속도, 가속도 등의 제한조건하에서 로봇의 동적궤적을 해석, 동력학적인 관점에서 로봇 작동의 힘과 운동을 제어한다.* 본 교과목은 학부과정에서 로봇공학과 관련된 내용의 교과목을 수강하지 않은 대학원생들에게 로봇공학의 기초적인 내용부터 제공하는 교과목이므로 해당 학생들이 수강하기 바람.","Introduction to robotics; mechanical and control 3rd edition (John J. Craig) Pearson1. John J. Craig, 1989, ""Introduction to Robotics, 2nd Ed."", AddisonWesley2. H. Asada and JJ. E. Slotine, 1986, ""Robot Analysis and Control"", John Wiley and Sons3. P. J. McKerrow, 1991, ""Introduction to Robotics"", AddisonWesley",,,동역학,False,True
58138,회로이론,1,1학기,3.0,전공,"직류회로, 교류회로, 연산증폭기 등 4차 산업혁명 시대의 기계공학도에게 요구되는 필수적인 전기회로 관련 지식을 학습한다.",Giorgio Rizzoni 전기전자공학개론 6판,,,없음,False,True
58140,기계학습,1,1학기,3.0,전공,"인공지능 구현도구인 기계학습에 대한 기본 개념과 주요 학습 방법론들을 이해하고, 연구에 적용 가능성을 검토하는 것을 목표로 한다.","기계학습, 오일석, 한빛아카데미(교재 구매가 필수는 아님)강의 slide 제공",,,해당없음.,False,True
58168,수치해석,3,1학기,3.0,전공(핵심),본 강의 목표는  고전적인 Closed Form 의 해석으로는 얻을 수 없는 수학적인 해를 구하는 방법의 터득하고자 한다. 이를 위해 수치해석에 사용되는 대표적 프로그램인 Matlab를 이용해 다양한 수치해석 기법을 학습한다.,"1. Steven C. Chapra 원저, 손권, 최윤호, 김철 공역, ""응용수치해석"", 3nd Edition, McGraw Hill Korea2. (원서)Steven C. Chapra, Applied Numerical Methods with MATLAB for engineers and scientists, 3th Edition, McGRAWHILL INTERNATIONAL EDITION",,,"공학수학 I,II",False,True
58170,자동제어,3,2학기,3.0,전공(핵심),"자동제어의 기본 원리에 대한 이해수학, 기초과학, 공학의 지식과 정보기술을 공학문제 해결에 응용할 수 있는 능력 (PO1)제어하고자 하는 시스템의 공학문제를 정의하고 수식화할 수 있는 능력 (PO3)제어 시스템의 설계 파라미터 및 설계 제한조건을 고려하여 제어 시스템을 설계할 수 있는 능력 (PO5)","주요교재Richard C. Dorf and Robert H. Bishop, ""Modern Control Systems"", 11th ed., PearsonR.C. Dorf and R.H. Bishop 원저 (박홍배, 이균경 공역), 최신제어시스템, 제11판, 피어슨 (번역판)참고G.F. Franklin, et. al, ""Feedback Control of Dynamic Syatems"", Pearson/Prentice Hall, 2006김종식, 선형제어시스템 공학, 청문각William Palm, System Dynamics, McGrawHill International, 2005강철구, 박장현, 박종구, 이경수, 임묘택 2010, “현대제어공학 제5판”, 피어슨에듀케이션코리아",,,"응용수학(특히 미분방정식), 동역학/기계진동학(선수 필수는 아니지만 이해에 도움이 됨)",False,True
58181,마이크로프로세서응용,3,1학기,3.0,전공(심화),"(1) 다양한 센서와 전기소자에 대해 공부하고 마이크로프로세서를 이용하여 측정 및 출력시스템을 구성한다.(2) 다양한 모터의 원리에 대해 공부하고, 마이크로프로세서를 이용하여 이를 구동한다.(3) 센서와 모터가 포함된 자동화시스템을 구상하고, 마이크로프로세서를 이용하여 구현한다.",강의노트 (http://msc.cnu.ac.kr 에 업로드),,,프로그래밍언어,False,True
58182,인공지능,3,2학기,3.0,전공(심화),"인공지능의 대표적인 구현도구인 기계학습에 대해 공부하고, 이를 구현할 수 있는 프로그래밍 스킬을 학습한다. 또한, 이를 응용하여 팀 프로젝트를 수행한다.",,,,프로그래밍 언어(파이썬)를 수강한 학생에게 권장합니다. 수업을 안들었을경우 수업전까지 개별적으로 학습 후 수강 바랍니다.(첫 시간 파이썬 Quiz 실시),False,True
58186,구조 및 제어실험,4,1학기,3.0,전공(심화),"고체역학과 진동(제어)공학의 기본 원리에 대한 이해고체역학의 주요 이론을 실험을 통해 확인 진동시스템에 대한 현상, 성능 및 안정성 해석능력 배양실험 위주의 교육을 수행하여 실제 응용역학시스템의 기초적인 설계능력 배양사회에 진출하여 현장에 빠르게 적응할 수 있는 엔지니어가 될 수 있도록 한다.","구조 및 제어동공학 실험 강의교재 (매주 강의 시간 전에 배포)(참고문헌)1. Mechanics of Materials, James M. Gere, 6/e, Brooks/Cole, 2004 (인터비젼) 또는 번역판2. 재료역학, 이종원 외 2인 공역, 2004, 인터비젼3. 진동공학, 양보석외 공역, 인터비젼, 2007 (William J. Palm III, Mechanical Vibration, Wiley, 2007)4. William T. Thomson, Theory of Vibration with Applications, PrenticeHall (번역서 : 기계진동이론과 응용,이장무외 역, 사이텍미디어)",,,"고체역학, 동역학, 진동공학, 자동제어",False,True
58189,응용자동제어,4,2학기,3.0,전공(심화),"가. 일반적 목표 : 자동제어 이론의 심화 학습을 통하여  제어공학에 대한 이해를 깊게 하며 창의적이고, 종합적인 제어시스템 설계능력을 함양한다.나. 구체적 목표 : (교과목 학습성과 내용)1.수학, 기초과학, 공학의 지식과 정보기술을 응용할 수 있는 능력2.데이터를 분석하고 주어진 사실이나 가설을 실험을 통하여 확인할 수 있는 능력3.공학 실무에 필요한 기술, 방법, 도구들을 사용할 수 있는 능력4.현실적 제한조건을 반영하여 시스템, 요소, 공정을 설계 할 수 있는 능력5.효과적으로 의사를 전달할 수 있는 능력6.(중요) 11주차부터 제어 시뮬레이션을 위한 MATLAB 사용법을 익히며, 컴퓨터실을 이용한다. (310호)","교재는 K. Ogata 원저, 이교일외 3인 역, 현대제어공학, 사이텍미디어 참고문헌1. K. Ogata, 2010, ""Modern Control Engineering, 5th Ed."", Pearson2. G.F. Franklin ""Feedback Control of Dynamic Systems"", Pearson/Prentice Hall, 20063. William palm, ""System Dynamics"", McGrawHill, 20054. 강철구, 박장현, 박종구, 이경수, 임묘택 2010, “현대제어공학 제5판”, 피어슨에듀케이션코리아",,,동역학 및 공학수학을 이용한 시스템 모델링 및 해 구하기.자동제어 기초 이론.,False,True
58195,로봇동역학,4,1학기,3.0,전공(심화),"로봇공학에 대한 전반적인 이해를 도우며, 기계적 매니퓰레이터의 역학과 제어를 숙지하고, 매트랩 프로그램을 활용하여 이론을 적용한다.","John J. Craig (이대길, 장평훈, 최상민 옮김), 로보틱스 입문 (Introduction to ROBOTICS), Pearson Education김정하, 염영일 공역, 로봇공학, 사이텍미디어Saeed B. Niku, 로봇공학 (Introduction to Robotics, Analysis, Systems, Applications"", Prentice Hall",,,동역학,False,True
58199,창의설계입문,1,1학기,2.0,전공(핵심),"공학설계 능력에 필수적인 창의적 사고, 팀활동, 의사소통, 창의적 사고기법 등을 이해하고 활용하여 제시된 공학설계 과제 해결 능력을 증진시킨다.","창의적 공학설계(Training How To Think Creatively, 김은경 지음, 한빛아카데미)<참고문헌>창의공학설계입문(GS 인터비젼, 홍현필, 송수석, 박성균)팀별 작품의 설계, 제작, 평가, 발표 및 관련 교과목 자료집(포트폴리오) 작성",,,,True,False
58200,선형대수,1,2학기,2.0,전공(핵심),1. 연립일차방정식의 풀이에 대한 알고리즘을 이해하고 적용하여 해를 구할 수 있다.2. 행렬과 행렬식에 대한 여러가지 성질을 이해하고 응용할 수 있다.3. 벡터공간과 벡터공간사이의 선형변환을 이해하고 응용할 수 있다.4. 유클리드 내적과 그 성질을 이해하고 직교 사영을 이해한다.5. 행렬의 고유값과 고유벡터을 이해하고 응용할 수 있다.,"교재 : 선형대수학, 강병련, 오세권 지음, 궁미디어(교재는 선형대수학 홈페이지에서 pdf 파일 다운로드하여 사용할 수 있음)참고문헌 :  선형대수학과 응용 8판 (Linear Algebra with Application), 이재진 외 역, 한티미디어                선형대수학 express, 김대수",,,중등교육과정의 수학,True,True
58201,전기물성,2,1학기,3.0,전공(핵심),"물성공학 (Physical Electronics Engineering) 이란 각종 전기, 전자 재료의 물리적인 특성을 공학적인 입장에서 취급하며,물리, 화학의 기본적인 이론과 전기, 전자 공학에의 응용을 연계하는 전기, 전자공학의 필수적인 학문이다.또한 물질의 전자기학적인 현상을 거시적으로 관찰하고 이론적으로 분석하는 전자기학과 대비하여,물성공학은 물질을 구성하는 원자와 전자들의 미시적인 거동을 이해하고 이로 인해 나타나는 물질의 근원적인 특성과 변화를 이해하는학문이라고 할 수 있다. 따라서 물성이론을 습득함으로써 전기, 전자 공학에서 다루는 도체/유전체/자성체/반도체 재료 및 소자에 대한물리적인 특성을 보다 근본적으로 이해하고 나아가 모든 산업 분야에서 시스템을 설계하고 제작하기 위한 기본적인 소양을 배양하도록 한다.3학년 2학기 전기응용소자공학의 선수과목이며, 전기 관련 모든 분야에서 사용되는 물질에 대한 기초적 이해를 목표로 한다.","1. 전자전기물성, 윤영섭, 이천 공저2. Principles of Electrical Engineering Materials and Devices, Safa O. Kasap",,,"물리학, 수학, 화학",True,True
58202,마이크로콘트롤러,2,2학기,3.0,전공(심화),"마이크로컨트롤러의 동작 원리를 이해하고, 이를 활용하여 디지털 임베디드시스템을 설계할 수 있다.","""The AVR Microcontroller and Embedded Systems: Using Assembly and C"", Muhammad Ali Mazidi",,,"디지털시스템, C언어",True,False
58203,공업수학1,2,1학기,3.0,전공(심화),전기공학 분야의 다양한 문제를 해결하기 위해 상미분방정식(ODE)을 이용한 모델링과 상미분방정식의 해법 및 해석방법을 학습한다.1. 1계 상미분 방정식2. 2계 선형상미분방정식3. 연립상미분방정식4. Fourier Analysis5. Laplace 변환,"<Textbook>Advanced Engineering Mathematics, Erwin Kreyszig, 10th edition, Wiley<참고문헌>D.G. Zill and M. M.R. Cullen, Advanced Engineering Mathematics",,,대학수학(1학년과정)미적분학 및 선형대수에 상당하는 교과목,True,False
58204,공업수학2,2,2학기,3.0,전공(심화),공학에서 활용되는 기초 수학이론과 기본적인 원리를 이해하고 수학적 사고를 습득하여 전기공학에서 발생하는 문제를 수학 도구를 사용하여 스스로 해결할 수 있는 능력을 배양한다.선형대수학과 벡터미분 적분법의 원리를 중점으로 수업을 하고 이를 바탕으로 공학적 연구를 수행하기 위해 필요한 문제해결 능력을 기른다.공정에서 필요한 수학적 모형화와 모델링를 학생 스스로 세워 해결할 수 있는 능력을 배양한다.,"주교재Advanced Engineering Mathematics, Erwin Kreyszig, 10th Ed., Wiley참고(도서관 보유)1.Anthony Croft, Engineering Mathematics, 4th edition, Pearson2. D.G. Zill and M. M.R. Cullen, Advanced Engineering Mathematics",,,"대학 수학, 미적분학, 공업수학 1",True,False
58205,전기기초 설계 및 실험,2,2학기,2.0,전공(심화),회로이론 및 전자기학의 기초이론을 실험을 통해 습득,<참고문헌>예비보고서/결과보고서,,,"회로이론I, 전자기학I",True,True
58206,전자기학 1,2,1학기,3.0,전공(핵심),"본 과목을 통해 정전계와 정자계 (electrostatics와 magnetostatics)의 개념을 이해한다. 구체적으로 다음의 내용을 이해할 수 있도록 한다. 1. Vectors & Coordinate Systems2. Electrostatics: Coulomb’s law, Gauss’s law, Electric scalar potential, Conduction and resistance, Polarization and capacitance, Electric boundary conditions, Laplace’s equation3. Magnetostatics: BiotSavart’s law, Ampere’s law, Magnetic vector potential, Magnetization and inductance, Magnetic boundary conditions(참고) 이를 바탕으로 2학기에 개설되는 전자기학2에서는 시변하는 전계와 자계를 다루는 electrodynamics를 배운다. 전자기학은 많은 전기공학 분야의 근간이 되는 학문이다. 직접적인 응용 분야로는 모터, 발전기, 안테나, 전파전파, 레이더 센서, 고주파 회로 등이 있다. 또한 전력시스템을 비롯하여 통신, 광학, 반도체, 회로 설계 분야와도 밀접한 관련이 있다.","Hayt and Buck, Engineering Electromagnetics (9th Edition), McGrawHill",,,기초물리학 1&2 및 수학1&2 (C등급 이상 권장),True,True
58207,전기회로1,2,1학기,3.0,전공(핵심),"전기회로의 기본개념 및 여러 소자를 토대로 직류회로를 구성하고 이를 해석하는 기법을 배움. 1. 전기회로를 구성하는 소자인 저항, 커패시터, 인덕터를 배우며, 이를 토대로 직류회로를 구성함.2. 구성된 직류회로의 해석을 위한 폐로 및 마디해석법, 테브넹 및 노턴해석법을 배움3. 연산증폭기 및 1,2차 과도 회로의 응답특성을 배움","J. David Irwin & R. Mark Nelms, ""Engineering Circuit Analysis"" 11th Edition (번역본 : 안현식 외 5인 공역, ""회로이론"" 11판)",,"Alexander , Matthew N. O. Sadiku, ""Fundamentals of Electric Circuits"" 5th EditionHayt , Jack E. Kemmerly, Steven M. Durbin, ""Engineering Circuit Analysis"", 8th EditionJames W. Nilsson , Susan A. Riedel, ""Electric Circuits"", 10th Edition","공학수학, 미분적분학",True,True
58208,디지털시스템,2,1학기,3.0,전공(심화),"1. 디지털 시스템의 개념을 이해한다.2. 디지털 연산 및 논리에 대하여 이해한다.3. 플리플롭, 카운터 등의 동작을 이해하고, 디지털 회로 설계에 적용할 수 있다.","교재 : Thomas L. Floyd, Digital Fundamentals(11th Editions), Pearson참고문헌 : Roth Kinney, Fundamentals of Logic Design",,,수학,True,True
58209,전자기학 2,2,2학기,3.0,전공(핵심),"본 과목을 통해 시변 전자기장 (timevarying electromagnetic field)의 개념을 이해한다. 구체적으로 다음의 내용을 이해할 수 있도록 한다. 1. Review of electrostatics and magnetostatics2. Faraday’s induction, displacement current, Uniform plane waves, Waves in materials, Poynting’s vector, Reflection/transmission of plane waves, Standing wave ratio, Transmission line basics, Source/load problem, Smith chart, Highfrequency circuit basics, Antennas","Hayt and Buck, Engineering Electromagnetics (8th Edition), McGrawHill",,,전자기학 1,True,True
58210,전기회로2,2,2학기,3.0,전공(핵심),전기회로2에서는 전기회로1에서 이수하였던 기본이론 및 DC해석을 바탕으로 AC해석 및 응용된 해석기법을 공부함,"<주교재>J. David Irwin & R. Mark Nelms, ""Engineering Circuit Analysis"" 11th Edition (번역본 : 안현식 외 5인 공역, ""회로이론"" 11판)<참고문헌>Alexander , Matthew N. O. Sadiku, ""Fundamentals of Electric Circuits"" 5th EditionHayt , Jack E. Kemmerly, Steven M. Durbin, ""Engineering Circuit Analysis"", 8th EditionJames W. Nilsson , Susan A. Riedel, ""Electric Circuits"", 10th Edition",,,"전기회로1, 공학수학, 미분적분학",True,True
58211,전자회로1,2,2학기,3.0,전공(핵심),"전자회로를 구성하는 기본소자인 연산증폭기, 다이오드, 트랜지스터(BJT, MOSFET)의  구성, 동작 원리 및 등가회로를 이해하고 소자들의 실제 활용 방안과 대표 응용 회로를 습득하며, 소자들이 결합된 전자회로에 대한 분석을 통한 설계 기본 능력 배양한다.","Sedra and Smith,  Microelectronic Circuits, 8th edition,  Oxford",,,전기회로 1,True,True
58212,전기설비자동화,4,1학기,3.0,전공(심화),1. 자동화 설비 개념 이해2. 설비 구현에 필요한 H/W 설계 능력 배양3. PLC를 활용한 시퀀스 로직 설계 능력 배양,참고문헌: PLC 제조사의 매뉴얼,,,"전기회로, 전자회로",True,True
58213,수치해석,3,1학기,3.0,전공(심화),전기공학에 사용되는 수치해석 기법을 Matlab으로 구현할 수 있는 역량 개발,"Jaan Kiusalaas, ""Numerical Methods in Engineering with Matlab, Second Edition"", Cambridge University Press",,,"공학수학 1, 2 / 선형대수학 (해당 세과목을 제대로 수강하지 않은 학생들은 수강신청하지 않을 것을 권장함)",True,True
58214,기기.전력전자실험,3,1학기,2.0,전공(심화),"실험을 통한 전기기기 및 전력전자 장치 특성 과 동작원리를 이해하고 및 실험, 계측, 분석, 보고서 작성 능력을 습득한다.",기기 및 전력전자 실험 (충남대 전기공학과),,,전기기초실험,True,True
58215,전자에너지변환,3,1학기,3.0,전공(핵심),전자기현상을 참조하여 전기에너지변환정리를 이해하고 발전기 구동원리와 전동기 구동원리의 기본을 강의하므로 전기에너지변환기의 응용과 관리유지지식이 함양되게 한다. 그리고 전력변환장치중 변압기 원리를 이해아여 현장응용이 가능하게 한다.,"G.Mulukatla. S.Sarma ""Electric machines""2nd Edition. PWS pulishing co. New York,1994<참고문헌>각장 연습문제 풀이",,,전자기학회로이론,True,True
58216,전력전자공학,3,2학기,3.0,전공(핵심),"산업계에서 사용되는 ACDC, DCDC, DCAC, ACAC 전력변환 방식 및 회로의 동작 원리를 이해한다.","노의철, 정규범, 최남철 저,  전력전자공학 3판,  문운당",,,"전기회로1, 전기회로2, 전자회로 1",True,True
58217,전기기기론,3,2학기,3.0,전공(심화),전자기현상을 참조하여 전기에너지변환정리를 이해하고 발전기 구동원리와 전동기 구동원리의 기본을 강의하므로 전기에너지변환기의 응용과 관리유지지식이 함양되게 한다. 그리고 전력변환장치중 변압기/동기기/유도기 원리를 이해아여 현장응용이 가능하게 한다.,"Lecture note by prof JangYoung ChoiG.Mulukatla. S.Sarma ""Electric machines""2nd Edition. PWS pulishing co. New York,1994<참고문헌>각장 연습문제 풀이",,,"Electromagnetic Ⅰ,ⅡElectric circuit Ⅰ,Ⅱ전자에너지변환",True,True
58218,제어공학개론,3,1학기,3.0,전공(핵심),"Dynamic System을 이해한다. 이를 기초로 Continuoustime systems에 대한 고전적 자동제어기법 이해.Modeling : transfer function, block diagram, signal flow graph, differential state equation and output equation.Analysis :  Transient and steadystate performance,Root Locus                Nyquist, Bode plots. System design: PID controller, and leadlag compensators, pole placement via state feedback,                       stability margins in Nyquist and Bode plots.Design exercises : MATLAB, LabView","<Text Book>Norman S. Nise, Control Systems Engineering, 7th Edition<Reference>Gene F. Franklin, J. David Powell, and Abbas EmamiNaeini. 	Feedback Control of Dynamic Systems., PrenticeHall.",,,"공학수학 1, 회로이론1",True,True
58219,전자회로2,3,1학기,3.0,전공(심화),"스마트그리드용 전력기기에 사용되는 아날로그 회로와 IC 증폭기의 구성, 동작원리, 주파수응답, 피드백방법에 의한 학습을 바탕으로 아날로그 회로의 원리 및  해석,  응용 전자회로의 원리 및 동작특성을 이해한다.","Sedra and Smith,  Microelectronic Circuits, eighth edition,  Oxford",,,"전기회로 1, 전자회로 1",True,True
58220,현대제어이론및설계,3,2학기,3.0,전공(심화),"주파수영역에서 시스템을 해석하고 설계한다.Bode Plot을 활용한다.Nyquist Plot을 활용한다.State Space Modeling을 이해하고 controllability, observability를 이해한다.","교재Norman S. Nise, Control Systems Engineering, 6th Ed.,  Wiley참고Gene F. Franklin, J. David Powell, and Abbas EmamiNaeini. Feedback Control of Dynamic Systems., PrenticeHall.",,,제어공학개론,True,True
58221,전기소자응용공학,3,2학기,3.0,전공(핵심),"전기전자 산업의 기초를 이루는 소자이론에 대한 근본적인 이해를 목표로 하며, 반도체 재료의 성질 및 이를 이용한 다양한 전기전자 응용소자에 대한 기초를 배운다. 구체적으로 수업을 통해, 다이오드, LED, transistors, laser등의 기본동작 원리등을 배우고 이를 통해 현대사회의 근간을 이루는 다양한 전기전자소자에 대한 이해를 목표로 한다.",,,,"물리/화학/수학/전자기학/전기물성 등의 교과목이 관련기초 교과목이라고 할 수 있으나, 해당 교과목의 선수이수 없이도 수업에 대한 이해가 가능하도록 수업이 구성된다.",True,True
58222,전기설비이론및설계,3,1학기,3.0,전공(심화),"전기 관련법규와 각종 전기설비설계에 필요한 사항들을 습득하고 이를 바탕으로 공학적 문제해결능력, 현장적응능력 및 창의적 시스템설계능력을 배양한다. 더 나아가서, 공학자로서의 사고 및 창의성을 증진시킬 수 있는 방향으로 이끌고자 한다.","자체교재최신전기설비설계, 문운당",,,"전자기학1, 전기회로1",True,True
58223,센서와계측공학,3,1학기,3.0,전공(심화),"힘, 속도, 온도, 전압, 전력 등의 물리량을 전기 및 자기 신호로 변환하는 센서의 원리로부터, 센서로 받아들인 물리량에 관한 신호를 다루기 쉽도록 변환하는 아날로그 기술, 모니터링 기술까지를 강의하며 설계 프로젝트로 실제 센서 계측 시스템을 설계, 제작, 발표한다.","센서전자공학, 민남기 저, 동일출판사",,,"전기회로1, 전자기학1, 전자회로 1",True,True
58224,전력시스템1,3,2학기,3.0,전공(핵심),전력계통의 모델링 방법 이해전력조류방정식과 고장계산에 대한 풀이법 이해,"Arthur R. Bergen, ""Power Systems Analysis""책이 절판되었으니 첫 시간에 교재구입방법 공지함",,,"전기회로1,2  전자기학1,2",True,False
58225,전기기기설계,3,2학기,3.0,전공(심화),전기기의 기본원리로부터 주어진 용량에 부합하는 전기기기를 설계할 수 있는 능력을 배양한다.,"자체개발교재<참고문헌>CAE의 정석 Ansys Maxwell 활용 고급 Tips, 태성S&E",,,"전기기기, 전자기학, 전기회로",True,True
58226,신호해석,4,1학기,3.0,전공(심화),신호해석의 기본개념 및 이를 해석하기 위한 다양한 이론 및 관련 응용분야를 배움.,"M. J. Roberts, ""Signals and Systems"" 2nd Edition, Mcgraw.HILL (번역본 : 김동준 외 6인 공역,""신호와 시스템"" 2판)",,,"공학수학, 전기회로, 제어공학, 미분적분학",True,True
58227,신교통전기,4,1학기,3.0,전공(심화),"전기자동차의 기술적 바탕에 대한 개괄적 이해 및 산업 현장에서의 실질적 이슈를 파악하는데 중점을 둔다. 이를 위해 기존 내연 기관 자동차의 특장점 및 문제점을 논의하고, 전기자동차 및 하이브리드 자동차 시스템의 구성, 전력원, 모터제어, 배터리 및 에너지 저장 장치, 각종 기기간의 전자기적 간섭 최소화를 위한 전자기적 적합성 (EMC), 그리고 EV의 전력 공급 방식 중 하나로 대두되고 있는 무선 전력 전송의 기본 원리와 응용 사례를 살펴본다.구체적으로 다음의 내용을 다룬다. 1. History of modern transportation2. Vehicle fundamentals3. Electric system in EVs4. Motor and motor drive system5. Power sources and energy storages6. EMI/EMC (Electromagnetic interference/compatibility) in EVs system7. Electromagnetic coupling, inverter and rectifier in wireless power transfer system이와 함께, 졸업 후 직무 현장에서 요구되는 엔지니어의 기술 토의 및 발표의 기본을 익힐 수 있도록 한다. 이를 위해 다음의 내용을 진행한다. 1. 현안이 되는 이슈에 대한 시청작 자료를 시청하고 이에 대해 찬반의 팀을 이루어 토론 수업을 진행한다. 이때 교수는 사회자 역할을 하며, 학생들의 자유로운 의견 제시를 위해 Pingpong 앱을 활용한다. 2. 2인 1조가 되어 팀에서 관심있어 하는 EV관련 자유 주제에 대해 termproject (조사 및 발표)를 진행한다. 학기초에 팀에서 정한 주제에 대하여 팀당 1분 가량의 quad chart를 발표하며, 이 때 받은 feedback을 바탕으로 학기말에 팀당 10분 내외의 최종 발표를 진행한다. 3. 과거 본 수업에서 학생들이 선정하고 진행한 프로젝트의 주제는 다음과 같다. 이는 주제 선정에 있어 참고를 위한 것이며, 아래의 주제로 진행할 수 없다거나, 관련된 주제로 프로젝트를 진행해야만 한다는 것이 아님을 밝힌다:(1) 자기부상열차 (2) 차량용 안테나/레이다 (3) 무선전력전송 시스템 (4) Inwheel motor EV (5) Battery (6). Energy storage system (7) Autonomous vehicle (8) 에너지 하베스팅 차량 응용 (9) Regenerative braking system (10) HEV, fuel cell vehicles (11) 차량간 통신 시스템 (12) EMI/EMC (13) 운송의 역사와 미래 (14) 무인비행기 (15) Tesla, Toyota Puris, Chevrolet Spark (16) Hover board","1. 자체 개발 강의 교재 활용. (참고문헌: M. Ehsani, Y. Gao and A. Emadi, Modern Electric, Hybrid Electric, and Fuel Cell Vehicles; Fundamentals, Theory, and Design, CRC Press)2. 추가 자료 필요시 handout 제공.",,,없음.,True,True
58228,Capstone Design 1,4,1학기,3.0,전공(심화),"전기공학심화 인증과정의 학생들이 전기공학 과정의 학업을 통하여 습득한 전문적인 전기공학지식을 바탕으로 실무적인 문제에 창의적으로 적용하여 실질적으로 이를 해결할 수 있는 능력을 배양하고자 한다.설계문제를 해결함에 있어 설계목표설정, 합성, 분석, 제작, 시험, 평가의 설계 구성요소를 고려하여 체계적으로 설계할 수 있는 능력과 경제, 환경, 사회, 윤리, 미학, 보건 및 안전, 생산성과 내구성, 산업표준 등 설계가 현실성이 있는 설계가 될 수 있도록 하기 위한 현실적 제한 요소들을 반영할 수 있는 능력을 배양하고자 한다.",전기공학 과정의 교과서와 강의록,,,"전기회로1/2, 전자기학1/2, 전기설비설계, 디지털제어와 설계",True,False
58229,신재생에너지공학,4,1학기,3.0,전공(심화),신재생에너지 분야별 기본원리 이해/응용 추이/ 핵심기술 파악,"Leon Freris, 'Renewable Energy in Power Systems', Wiley, 2009.<참고문헌>신재생에너지 종류별 특징에 관한 보고서",,,"전기회로, 전자기학",True,False
58230,Capstone Design 2,4,2학기,3.0,전공(심화),"종합설계를 위한 창의적인 작품을 구상하고, 이를 실현하기 위하여 정확하게 설계하고, 이를 정확한 동작이 가능하도록 제작하고 그 과정을 정확하게 발표할 수 있다.",전기공학 과정의 교과서와 강의록참고문헌설계계획 보고서팀 활동 상황 보고서중간보고서바인더,,,캡스톤디자인 1,True,False
58231,전력 IT,4,2학기,3.0,전공(심화),선형계획법(Linear Programming)의 기본이론을 이해하고 주어진 상황을 수학적 최적화 문제로 기술할 수 있다. 수학적 최적화를 Python 코드로 구현하여 해를 구할 수 있다.,"Introduction to Operation Research, McGrawHillEducation, Frederick S. Hillier",,,수치해석전력시스템1,True,False
58232,신재생에너지시스템,4,2학기,3.0,전공(심화),"신재생에너지 관련 전기기기를 설계하고, 해석할 수 있음.ANSYS EM을 통한 소프트웨어 학습가능",자체제작 교재,,,"전기기기론, 전기기기설계",True,False
58233,에너지변환소자공학,4,2학기,3.0,전공(심화),"본 수업은 신재생에너지 가운데 대표적인 태양광 발전에 대한 기초적 내용을 주내용으로 다루며, 소자관련 수업 미이수자 역시 수업에 전혀 어려움이 없는 수준으로 진행할 예정임. 이론적인 내용보다는 전체적인 이해를 목표로 하며, 태양광 발전 및 전체시스템을 쉽게 이해 하는것을 돕고자 한다.  이를 통해, 태양광 관련 신재생 에너지 분야 진출시 필요한 기본적 지식을 제공한다.",수업자료 제공,,,"전기물성/ 전기응용소자 등의 교과목 이수시 좀 더 쉬운 이해가 가능하지만, 대상인원이 상기 과목을 미이수 하였더라도 어렵지 않게 이해할 수 있는 수준으로 진행되어 미이수자의 수강도 가능함. 4학년 2학기 과목으로 태양전지 관련기술을 폭넓게 이해하는 것을 목표로  하는 개괄적인 수준의 강의임.",True,False
58234,전력시스템2,4,1학기,3.0,전공(심화),전력시스템의 안정도 및 운영체계에 대한 학습,강의노트,,,전력시스템 1에서 A 미만 학점을 받은 학생들은 수강하지 않을 것을 권장,True,False
58236,에너지변환론,1,1학기,3.0,전공,에너지변환기기기의 원리 및 종류별 특징에 대해 이해한다.,"에너지변환연구실 강의 노트1. Mulukutla.S.Sarma, ""Electric Machines 2nd Edition"", West Publishing Co.(Newyork), 1994.2. J.J.Cathey, ""Electric Machines"", McGraw Hill Co(NewYork), 2001.",,,"전기기기, 전기자기학, 회로이론, 전력전자, 대수학, 미분방정식, 역학",True,False
58237,EMI/EMC 설계 및 해석,1,1학기,3.0,전공,"EM fundamentalsTransmission Line Differential Line Theory and SignalingCrosstalkJitter and Clock DistributionsDecoupling, EMC Filter DesignPower/Ground Network DesignGround and Return Current PathAntenna TheoryShielding, ApertureAutomotive EMC","Paul R. Clayton, Introduction to Electromagnetic Compatibility, WileyH. W. Ott, Electromagnetic Compatibility Engineering, WileyBrice Archambeault, PCB Design for Real World EMI Control, Kluwer Academic PublishersTrence Rybak, Automotive Electromagnetic Compatibility, Kluwer Academic Publisheres",,,학부 전자기학 2,True,False
58239,스페셜 타픽 III,1,1학기,3.0,전공,"DCDC 컨버터의 제어 이론, 피드백 해석 및 설계, 보상기 해석 및 설계 방법을 공부한다.","Christophe Basso, Designing control loops for linear and switching power supplies, Artech House",,"Fundamentals of PWM DCtoDC Power Conversion, 2nd edition, Byungcho Choi, 도서출판 Young",1주. Basics of Loop control2주. Transfer function3~4주. Stability criteria of a control system5~7주. Compensation8~10주. Operational amplifier based compensator11주. Operational transconductance amplifier based compensator12~13주 : TL431 based compensator14주 : Shunt regulator based compensators15주: Measurement and design examples/ Exam,True,False
58240,차세대이차전지개론,1,1학기,3.0,전공,"1. 차세대이차전지의 현재 연구동향 및 필요성을 이해함.2. Vanadium Redox Flow Battery(VRFB), LiS(NaS), NaIon, AlIon, MgIon, LiAir, AlAir, Solid State Battery, Seawater Battery등의 이해도를 높이고 응용분야를 리서치함.3. New generation battery의 기본개념 및 이의 응용분야 동영상 시청",참고 문헌등을 활용한 자체 강의자료 및 관련 동영상 콘텐츠,,"Ali Eftekhari, ""Future Lithiumion Batteries"" 1st Edition, Royal Society of ChemistryMark Wild, ""LithiumSulfur Batteries"" 1st Edition, WileyKrzysztof Jan Siczek, ""Nextgeneration Batteries with Sulfur Cathodes"" 1st Edition, Academic PressHuamin Zhang, ""Redox Flow Batteries: Fundamentals and Applications (Electrochemical Energy Storage and Conversion)"" 1st Edition, CRC Press 등IEEE/Elsevier등 차세대이차전지 관련 국제저널논문","공학수학, 회로이론, 전기공학개론, 신재생에너지론, 제어공학, 에너지저장개론",True,False
58241,전동기구동시스템설계,1,1학기,3.0,전공,전동기 구동 시스템에 대하여 각 요소별 역할 및 설계 방법에 대하여 설명할 수 있다.,"설 승기, 전기기제어론개정증보판, 2016, 홍릉과학출판사“Control of Electric Machine Drive Systems”, by Prof. SeungKi Sul, IEEE Wiley   Publishing Co. ,2011모터제어, 김상훈",,,,True,False
58242,전원계획특론,1,1학기,3.0,전공,재생에너지 중심 전력계통의 특성을 이해할 수 있다미래 전력계통의 계획방법을 이해할 수 있다,,,,학부 전력시스템 강의비선형계획법,True,False
58243,최적제어론,1,1학기,3.0,전공,Linear Quadratic Regulation 문제를 풀이한다.,"Bryson, Arthur, and YuChi Ho. Applied Optimal Control: Optimization, Estimation, and Control. Abingdon, UK: Taylor & Francis, 1975. ISBN: 9780891162285Anderson, Brian, and John Moore. Optimal Control: Linear Quadratic Methods. New York, NY: Dover, 2007. ISBN: 9780486457666.",,"Bertsekas, Dimitri. Nonlinear Programming. Nashua, NH: Athena Scientific, 1999. ISBN: 9781886529007.Bryson, Arthur. Dynamic Optimization. Upper Saddle River, NJ: Pearson Education, 1998. ISBN: 9780201361872.Scales, L. E. Introduction to NonLinear Optimization. New York, NY: Springer, 1985. ISBN: 9780387912523.Gill, Philip, Walter Murray, and Margaret Wright. Practical Optimization. Burlington, MA: Academic Press, 1982. ISBN: 9780122839528.Bryson, Arthur, and YuChi Ho. Applied Optimal Control: Optimization, Estimation, and Control. Abingdon, UK: Taylor & Francis, 1975. ISBN: 9780891162285.Bryson, Arthur. Applied Linear Optimal Control: Examples and Algorithms. Cambridge, UK: Cambridge University Press, 2002. ISBN: 9780521012317.Stengel, Robert. Stochastic Optimal Control. New York, NY: Wiley, 1986. ISBN: 9780471864622.Athans, Michael, and Peter Falb. Optimal Controls. New York, NY: McGrawHill, 1966. ISBN: 9780070024137.Kirk, Donald. Optimal Control Theory: An Introduction. New York, NY: Dover, 2004. ISBN: 9780486434841.",Linear System Theory에 대한 이해,True,True
58244,마이크로 컴퓨터 응용,1,1학기,3.0,전공,마이크로 컴퓨터의 동작을  실제적 사용 예를 통하여 이해하고 이를 새로운 분야에 응용할 수 있다.,DSP 매뉴얼 등,,,,True,False
58245,전자장응용,1,1학기,3.0,전공,1. Maxwell 방정식 및 전자장 이론 복습2. EMC3. 차량 EMC4. 자율 주행 및 전기자동차5. 전자파 복사 및 안테나6. 무선전력전송 및 무선 에너지 하베스팅,"1. D. M. Pozar, ""Microwave Engineering,"" Wiley2. C. A. Balanis, ""Antenna Theory: Analysis and Design,"" Wiley3. H. W. Ott, Electromagnetic Compatibility Engineering, Wiley",,,학부 전자기학 1 및 전자기학 2,True,True
58246,미래설계상담5,3,1학기,0.0,전공(기초),"1. 교수와 학생 간의 원활한 의사소통을 위해 미래설계상담제를 적극적으로 도입하여 학생 개개인의 각종 문제 해결은 물론, 대학 전체가 학업에 전념할 수 있는 면학분위기 조성에 이바지2. 학생 개개인의 전담 지도교수를 지정하여 학생들의 학사/생활/진로 등에 대한 교수와 학생간의 긴밀한 유대관계를 통해 학생들의 능률적인 학교생활과 졸업 후 이를 기반으로 성공적인 취업에 도달3. 체계적인 인성 교육 프로그램을 도입하여 최근 기업과 사회에서 특별히 요구하고 있는 소위 ‘인성을 갖춘 인재’ 양성4. 미래설계상담제를 통해 학생들의 대학생활에 대한 자기관리를 강조함으로써 우수학생이 평범한 학생으로 전락하여 졸업하는 현상을 예방",,,,,True,False
58247,미래설계상담6,3,2학기,0.0,전공(기초),"1. 교수와 학생 간의 원활한 의사소통을 위해 미래설계상담제를 적극적으로 도입하여 학생 개개인의 각종 문제 해결은 물론, 대학 전체가 학업에 전념할 수 있는 면학분위기 조성에 이바지2. 학생 개개인의 전담 지도교수를 지정하여 학생들의 학사/생활/진로 등에 대한 교수와 학생간의 긴밀한 유대 관계를 통해 학생들의 능률적인 학교생활과 졸업 후 이를 기반으로 성공적인 취업에 도달3. 체계적인 인성 교육 프로그램을 도입하여 최근 기업과 사회에서 특별히 요구하고 있는 소위 ‘인성을 갖춘 인재’ 양성4. 미래설계상담제를 통해 학생들의 대학생활에 대한 자기관리를 강조함으로써 우수학생이 평범한 학생으로 전락하여 졸업하는 현상을 예방",,,,없음,True,False
58248,미래설계상담7,4,1학기,0.0,전공(기초),"1. 교수와 학생 간의 원활한 의사소통을 위해 미래설계상담제를 적극적으로 도입하여 학생 개개인의 각종 문제 해결은 물론, 대학 전체가 학업에 전념할 수 있는 면학분위기 조성에 이바지2. 학생 개개인의 전담 지도교수를 지정하여 학생들의 학사/생활/진로 등에 대한 교수와 학생간의 긴밀한 유대관계를 통해 학생들의 능률적인 학교생활과 졸업 후 이를 기반으로 성공적인 취업에 도달3. 체계적인 인성 교육 프로그램을 도입하여 최근 기업과 사회에서 특별히 요구하고 있는 소위 ‘인성을 갖춘 인재’ 양성4. 미래설계상담제를 통해 학생들의 대학생활에 대한 자기관리를 강조함으로써 우수학생이 평범한 학생으로 전락하여 졸업하는 현상을 예방",,,,,True,False
58249,미래설계상담8,4,2학기,0.0,전공(기초),"1. 교수와 학생 간의 원활한 의사소통을 위해 미래설계상담제를 적극적으로 도입하여 학생 개개인의 각종 문제 해결은 물론, 대학 전체가 학업에 전념할 수 있는 면학분위기 조성에 이바지2. 학생 개개인의 전담 지도교수를 지정하여 학생들의 학사/생활/진로 등에 대한 교수와 학생간의 긴밀한 유대 관계를 통해 학생들의 능률적인 학교생활과 졸업 후 이를 기반으로 성공적인 취업에 도달3. 체계적인 인성 교육 프로그램을 도입하여 최근 기업과 사회에서 특별히 요구하고 있는 소위 ‘인성을 갖춘 인재’ 양성4. 미래설계상담제를 통해 학생들의 대학생활에 대한 자기관리를 강조함으로써 우수학생이 평범한 학생으로 전락하여 졸업하는 현상을 예방",,,,없음,True,False
58250,선형대수,1,2학기,3.0,전공(기초),"일차연립방정식의 풀이과정을 표현하는 선형대수의 기본 개념을 이해한다.행렬방정식, 벡터공간, 직교성, 행렬식, 선형변환 등을 이해한다.","Gilbert Strang, Introduction to Linear Algebra, International Ed., WellesleyCambridge Press,",,,없음.,True,True
58251,창의적공학설계,1,1학기,3.0,전공(기초),"공학설계 능력에 필수적인 창의적 사고, 팀활동, 의사소통, 창의적 사고기법 등을 이해하고 활용하여 제시된 공학설계 과제 해결 능력을 증진시킨다.","창의적 공학설계 3판(Training How To Think Creatively), 김은경 지음, 한빛아카데미<참고문헌>창의공학설계입문(GS 인터비젼, 홍현필, 송수석, 박성균)팀별 작품의 설계, 제작, 평가, 발표 및 관련 교과목 자료집(포트폴리오) 작성",,,,True,False
58252,컴퓨터프로그래밍2,1,2학기,3.0,전공(기초),파이썬의 기본적인 문법 및 구현 절차에 대해 학습주어진 문제 해결을 위해 파이썬을 응용,"어서와 파이썬은 처음이지!, 인피티니북스, 천인국 지음, 2016",,,컴퓨터프로그래밍1,True,True
58253,전기자기학1,2,1학기,3.0,전공(기초),"벡터에 대해 이해하고 벡터 연산을 위한 기초수학을 학습한다.쿨롱법칙 및 정전기장(Static Electric Field) 개념을 이해한다.가우스 법칙을 이해한다. (4개 맥스웰 방정식 중 첫번째)전기에너지 및 전위(전압)의 개념을 바탕으로 도체, 유전체, 캐패시턴스의 개념을 이해한다.Poisson's or Laplace Equation의 수학적 풀이를 학습하고 이해한다.MATLAB을 이용하여 벡터 및 전자기장을 시뮬레이션하는 연습을 수행한다. (코드 제공, 이해를 목적으로 함)","1. 강의노트2. William H. Hayt, Engineering Electromagnetics, 8th Ed., McGrawHill",,,"공학수학, 기초물리학",True,True
58254,전기자기학2,2,2학기,3.0,전공(핵심),정자계 (Static Magnetic Field) 에 대한 이해를 한다.맥스웰 4가지 방정식에 대해 개념 및 수학적인 이해를 한다.맥스웰의 4가지 방정식을 풀어 시변 전자기장을 분석할 수 있다.전송선 이론 기초에 대해 학습한다.,"교재 : 강의노트교재 참고문헌 :  Hyo. J. Eom, Primer on Mathematical Electromagnetics.추가 참고문헌: W. Hayt, Jr. and J. Buck, Engineering Electromagnetics, 9thed",,,"벡터 해석 (Vector Analysis) Divergence, Divergence Theorem, Gradient쿨롱법칙(Coulomb's Law), 가우스 법칙(Gauss's Law), 전기장 및 전기선속밀도장 개념(Electric Field and Electric Flux Density Field)",True,True
58255,신호및시스템,2,2학기,3.0,전공(핵심),신호와 시스템의 특성을 이해하고 해석 기법의 숙지한다.,"교재 : Edward W. Kamen and Bonnie S. Heck, Fundamentals of Signals and and Systems using the WEB and MATLAB, 3rd Ed. PrenticeHall, 2009.참고문헌 :1. S. S. Soliman and M. D. Srinath, Continuous and Discrete Signal and Systems, 2nd Ed., PrenticeHall, 1998.2. 백준기, 조남익 공저, 신호와 시스템, 교보문고, 1997.3. 신윤기, 신호 그리고 시스템, 도서출판 인터비젼, 2000.",,,,True,True
58256,물리전자,2,2학기,3.0,전공(핵심),"1. 수학적 전개와 물리적 개념을 사용하여 반도체 소자를 구성하는 물질의 특성을 이해하고 소자의 동작원리를 알 수 있다. (학습성과1)2. 반도체 소자의 동작에 대한 기본 개념을 이해하고, 문제점과 한계에 대해 인식하며 물성적인 문제들을 공식화할 수 있다. (학습성과3)3. 레포트 작성에 있어서의 인용 참조 및 무단복사와 시험 부정행위에 대한 윤리의식, 그리고 출결에 대한 학생으로서의 책임의식을 가진다. (학습성과9)","주교재: Semiconductor Physics and Devices, Basic Principles, 4th Edition, Donald A. Neamen, McGrawHill참고문헌1. Solid State Electronic Devices, Ben G. Streetmann, PrenticeHall2. Fundamentals of Semiconductor Devices, Anderson, McGrawHill",,,1학년 1/2학기에 진행되는 기초물리1/2 (특히 기초물리2)가 선수학습되어있는 것이 바람직함.,True,True
58257,공학수학1,2,1학기,3.0,전공(기초),"전자공학의 여러분야에 대한 기본적인 수학 능력(미분방정식, 라플라스변환, 행렬 Eigenvalue 문제)을 함양시킨다.","Erwin Kreyszig, Advanced Engineering Mathematics, 10th Edition International Student Version, John Wiley and Sons, 10th Ed. 2011",,"1. D.G. Zill & M.R. Cullen, Calculus2. D.G. Zill and M. M.R. Cullen, Advanced Engineeeering Mathematics3. F.S. Hildebrant, Advanced Calculus for Applications4. M.R. Spiegel,(Schaum's Outline Series) Mathematical Handbook",미분적분학,True,False
58258,공학수학2,2,2학기,3.0,전공(핵심),"공학적 연구 수행을 위해 필요한 수학적 개념 및 문제 해결 능력을 함양시키고 이를 바탕으로 자연적, 물리적 현상과 법칙에 대한 이해 및 수학적 해결 능력 배양(학습성과1, 3)과제물을 부여 할 수 있으며 04책임감과 참고 문헌 활용 등을 통해 자체 해결 능력을 배양하고, 보고서 부정행위 처벌 등을 통한 윤리적 책임감에 대한 인식을 강화(학습성과9)기초 과목에 대한 중요성을 인식시키고 전파공학에 대한 중요성, 발전방향에 대한 에세이 작성과 발표를 통해 평생교육의 필요성 교육 및 능동적 참여 유도(학습성과10)","1. E. Kreyszig, Advanced Engineering Mathematics",,,"수학 1, 2, 공학수학1",True,False
58259,회로이론및실험1,2,1학기,3.0,전공(기초),전기 회로의 기본적인 회로소자의 특성과 이들로 이루어진 회로에 적용되는 회로 법칙을 이론과 실험을 병행하여 학습하므로써 회로를 해석할 수 있는 능력과 기본적인 기능을 가지는 회로를 설계할 수 있는 능력을 배양하는 것을 목표로 한다.,"James W. Nilsson and Susan A. Riedel, Electric Circuits, 11th Edition.기초회로실험<참고문헌>",,,"물리학의 기본적인 전자기 이론, 미적분, 삼각함수, 복소수 계산",True,True
58260,회로이론및실험2,2,2학기,3.0,전공(핵심),"회로이론및실험1에서 학습한 내용을 바탕으로 Phasor, Laplace 변환을 이용한 회로해석 방법을 배운다. 또한 회로의 주파수 특성을 분석할 수 있도록 하며, 기본적인 주파수 필터를 설계할 수 있는 능력의 배양을 목표로 한다.","James W. Nilsson and Susan A. Riedel, Electric Circuits, Ninth Edition.기초회로실험",,,회로이론및실험1,True,True
58261,확률및랜덤변수,2,1학기,3.0,전공(기초),"확률 및 랜덤 변수, 랜덤 프로세스, 통계적 추정에 대한 기본 개념 및 응용에 대해서 배운다.또한 학습한 이론을 실제 프로그래밍을 통해 구현해 본다.","R. D. Yates, D. J. Goodman, Probability and Stochastic Processes, 3rd Edition, Wiley, 2014.",,,"미적분학 1,2",True,True
58262,디지털논리회로,2,1학기,3.0,전공(핵심),"논리회로, 나아가 디지털 시스템의 해석 및 설계에 필요한 기본 원리와 이론을 학습한다.기본적인 논리회로 및 조합회로, 순차회로에 대해서 학습한다.","Floyd, Thomas L. Digital Fundamentals, 11/e. Pearson Education India, 2015.",,,없음,True,True
58263,컴퓨터구조,2,2학기,3.0,전공(핵심),컴퓨터의 소프트웨어와 하드웨어적 구동 원리를 이해한다. 소프트웨어 관점에서 명령어 변환 과정을 이해한다.하드웨어 관점에서 주어진 명령어에 대한 동작 원리를 이해한다.,"David Patterson and John Hennessy, ""Computer Organization and Design The Hardware / Software Interface,""",,,논리 회로 및 실험,True,True
58264,자료구조및알고리즘,2,1학기,3.0,전공(핵심),"자료구조 및 알고리즘을 이론적으로 이해하고, 실습을 통하여 문제 해결 방법을 배운다.","파이썬과 함께하는 자료구조의 이해, 생능출판.",,,"컴퓨터프로그래밍1,2",True,True
58265,자동제어,3,1학기,3.0,전공(핵심),"자동제어의 개념을 이해하고, 제어시스템 해석과 설계를 위한 물리시스템의 수학적모델, 전달함수, 주파수 특성, 제어시스템의 안정성, 근궤적법의 해석기법 및 고전적 제어기의 설계기법을 익히도록 한다","교재: Gene F. Franklin, J. D. Powell and EmamiNaeini and EmamiNaeini, Feedback Control of Dynamic Systems, Pearson International Education International, PrenticeHall, 8th Ed., Global Edition, 2010참고문헌:1. F. Golnaraghi and B. C. Kuo. Automatic Control Systems, 9th Ed.2. Norman S. Nice, Control Systems Engineering, 5th Ed.3. Stefani, Shakian and Hostetter, Design of Feedback Control Systems, 3rd Ed.4. C. L. Phillips and R. D. Harbor, Feedback Control Systems, 3rd Ed.",,,"신호 및 시스템, 공학수학",True,True
58266,반도체공학,3,2학기,3.0,전공(심화),반도체 소자의 고성능화와 집적화로 최근 트랜지스터의 채널 길이는 Sub 0.1um급으로 급속하게 감소되고 있다. 이에 본 강의에서는 반도체를 제작하기 위한 일반적인 단위 공정 및 종합 공정을 이해하기 위한 심도있는 내용을 다룸으로써 최신의 공정 기술 이해 및 응용 능력을 배양하고자 한다.,Introduction to Micro Fabrication @ Wiley Sami Franssila* 본 학기에는 SK하이닉스에서 제공하고 반도체 관련 비대면 강의와 연계하여 수업이 진행될 예정으로 교재 및 평가방법이  추가 및 변경될 수 있습니다.,,,"물리전자, 반도체소자",True,True
58267,전자회로 2,3,2학기,3.0,전공(심화),증폭기 설계에 필요한 여러 회로들의 동작원리에 대해 이해한다.회로의 주파수 응답에 대해 이해한다.Feedback 회로에 대해 이해한다.상기 회로들에 대한 이해를 바탕으로 아날로그 증폭기 회로를 설계한다.,"교재: Microelectronic Circuits, 7th Ed. Sedra and Smith참고문헌: Microelectronics, 2nd Ed. B. Razavi",,,"회로이론 및 실험 1,2전자회로 1",True,True
58268,전자회로 1,3,1학기,3.0,전공(핵심),"아날로그 전자회로를 해석하고 설계할 수 있는 능력을 습득한다.이 과목에서는 operational amplifier의 이상적/비이상적 특성과 응용회로를 배우고, 반도체 소자 (Diode, MOSFET, BJT)의 동작특성과 대신호 모델과 소신호 모델을 배운다. 이후, 반도체 소자들로 구성된 기본 회로 (Rectifier, Limiter, Clamping circuit, Common emitter/base/collector circuit, common source/gate/drain circui) 들의 구조와 동작점 해석, 소신호 해석을 배우며, 회로의 기능을 이해한다.","""Microelectronic Circuits"", 7th Ed., Sedra and Smith, Oxford University Press, 2016.",,,회로해석 및 실험 1/2,True,True
58269,디지탈통신,3,2학기,3.0,전공(심화),디지털통신 신호에 대한 이해를 바탕으로 통신환경에 따라 적절한 통신 방식을 선택할 수 있는 기초 지식을 쌓도록 한다.,"J. G. Proakis and M. Salehi, Fundamentals of Communication Systems, 2nd Edition, Pearson.",,,신호 및 시스템통신이론,True,True
58270,통신이론,3,1학기,3.0,전공(핵심),"통신의 기초가 되는 변조, 복조의 종류와 장단점 등을 알아보고, 구현하는 방법,  성능을 평가하는 방법을 학습한다. 그리고 랜덤 변수와 랜덤 프로세스에 대해 학습하고 통신 시스템에서 잡음을 모델링하는 기법을 학습한다. 이를 바탕으로 변화하는 통신기술에 적응할 수 있는 능력을 배양한다.","Fundamentals of Communication Systems, 2nd Edition, John G. Proakis and Masoud Salehi, Pearson Education Limited, 2014.또는 통신 시스템의 기초, 제 2판, 이일근외 6인 옮김, 퍼스트북 출판사, 2015년.",,,신호및시스템,True,True
58271,현대제어,3,2학기,3.0,전공(심화),상태공간모델에 대한 제어기설계 기본개념과 설계방법을 배운다.,"Feedback Control of Dynamic Systems, 8th Ed,,2020, Pearson Education Ltd., Franklin, Powell, EmamiNaeni",,,"선형대수, 신호 및 시스템, 공학수학, 자동제어",True,True
58272,반도체소자,3,1학기,3.0,전공(핵심),"선수과목인 물리전자 과목에서 습득한 반도체의 구조, 전하의 움직임 등의 반도체 물성에 대한 지식을 기반으로 Diode, Bipolar Transistor, MOSFET 등의 반도체 소자의 기본 동작을 이해함.","Basic Principles of Semiconductor Physics and Devices, 4th Edition     Donald A. Neamen,   McGrawHill<참고문헌>교과서 문제풀이",,,물리전자,True,True
58273,전자파이론,3,1학기,3.0,전공(핵심),"고주파 에너지의 전송에 쓰이는 전송선로에 대한 전송선로 방정식, 파동방정식, 임피던스 정합기법, 산란행렬, 전송선회로 등에 대한 기본개념의 이해와 응용 및 실무 능력을 함양시키는 것이 본 강의의 목표이다.","주교재: 홍익표, 원리로 이해하는 마이크로파 공학부교재: D.M.Pozar, 1990, Microwave Engineering, Addison Wesley(third edition)<참고문헌>주제별 주요 응용문제",,,"공학수학, 물리학, 전기자기학",True,True
58274,디지털시스템,3,1학기,3.0,전공(핵심),CPU의 HW와 SW적 구동 원리를 이해한다. 디지털 시스템 구현 및 성능 분석을 진행한다.,"David Patterson and John Hennessy, ""Computer Organization and Design The Hardware / Software Interface,""",,,논리 회로 및 실험,True,True
58275,초고주파회로,3,2학기,3.0,전공(심화),* 맥스웰 방정식으로 부터 전송로와 도파관의 해석능력과 초고주파 회로의 해석 능력을 숙지시켜 이로부터    여러가지 중요한 초고주파회로를 주어진 사양에 따라 설계 할 수 능력을 함양시키는 데 그 목표가 있다.,"1. D. M. Pozar , Microwave Engineering, 3rd Edition .2005.<참고문헌>1. 교재 각장 연습문제 풀이.2. 초고주파 회로 설계과제1,2.",,,전기자기학2,True,True
58276,전자공학세미나,3,2학기,0.0,전공(심화),"전자공학의 최신 동향과 고급 정보를 세미나를 통하여 습득하여, 졸업 후 대학원 진학과 사회 진출 시 필요한 정보를 미리 접한다. 이 과목의 주목표는 전자공학도로서 전자공학의 고급 전문교양을 고취시키는데 있다.",,,,전자공학프로그램 전과목,True,True
58277,마이크로프로세서응용설계,3,2학기,3.0,전공(심화),"마이크로프로세서를 이용한 작품을 구상하고, 설계  및 제작까지의 일련의 과정을 수행해 봄으로써 임베디드 시스템을 다룰 수 있는 실무 능력을 기른다.","'마이크로컨트롤러 ATmega128 DIY 여행'  신상석외 2인저, 2018, 창조와 지식.",,,C 프로그래밍,True,True
58278,전자공학실험,3,2학기,3.0,전공(심화),"전자회로 교과목에서 배운 여러 가지 전자회로들을 실험을 통해 기본원리를 확인하고 이해한다.또한, 회로이론 및 전자회로 등의 교과목 지식을 바탕으로 하여 여러가지 전자회로에 관련된 실험을 수행하고 분석하여, 각종 전자 회로의 응용에 능동적으로 대처할 수 있게 하는 능력을 갖추는데 그 목적이 있다.","IT CookBook, 단계별로 배우는 전자회로 실험 : 기본 소자부터 응용 회로까지 (이강윤, 한빛아카데미)https://www.hanbit.co.kr/academy/books/book_view.htmlp_code=B2320847505교재가 변경되었으므로 반드시 확인 바랍니다.",,,"회로이론1, 2, 전자회로1, 기초전자실험",True,True
58279,디지털신호처리,4,1학기,3.0,전공(심화),"디지털 신호와 디지털 시스템의 특성을 이론적으로 이해하고, 실습을 통하여 디지털 신호처리의 기본 개념과 디지털 필터의 설계 방법을 배운다.","A. V. Oppenheim and R. W. Schafer, DiscreteTime Signal Processing, 3rd Ed., PrenticeHall, 2015.",,,신호 및 시스템,True,True
58280,통신시스템,4,1학기,3.0,전공(심화),"장거리 유선 광전송시스템, 광가입자망 통신시스템, 무선통신 시스템, 위성통신 시스템 들의 주요 핵심 기술을 배우고, 설계 개념을 학습한다.","Introduction to wireless and mobile systems, 2nd ed., D.P. Agrawal and QingAn Zeng, Brooks/Cole, 2006참고문헌스마트 ICT시대의 광통신시스템공학, 장성권, 조한대, 진한엠앤비, 2011",,,"통신이론, 디지털통신",True,True
58281,VLSI,4,1학기,3.0,전공(심화),VLSI 시스템에 대한 이해CMOS를 기반으로한 디지털 로직의 구현CMOS 디지털회로를 기반으로한 클럭생성 및 고속 송수신 회로 개념 이해,"강의 자료 및 Handout 제공(Optional) Hodges, Jackson, and Saleh. Analysis and Design of Digital Integrated Circuits, 3rd Ed., McGrawHill, 2004.",,,전자회로 / 논리 회로 및 실험 / (선택) 디지털 시스템,True,True
58282,아날로그집적회로,4,2학기,3.0,전공(심화),"아날로그 집적회로의 해석 및 설계 방법에 대해 학습한다.핵심 요소인 operational transconductance amplifier (OTA) 회로에 대해 학습하고 OTA 설계 및 분석을 위한 방법에 대해 배운다.또한 current mirror, voltage reference, linear regulator와 같은 다양한 아날로그 회로 응용와 gm/ID methodology 등의 설계 방법론에 대해서도 다룬다.","자체 교재 및 Handout 제공참고문헌: Design of Analog CMOS Integrated Circuits, Behzad Razavi",,,"전자회로 1, 전자회로 2",True,True
58283,종합설계1,4,1학기,3.0,전공(심화),학부 4학년 1학기와 2학기에 걸쳐 진행되는 종합적인 capstone design 과목으로 구체적인 수업목표는 다음과 같다.1. 전자공학심화과정에서 학습한 전공지식을 활용하여 특정 주제에 대해 기초설계를 진행함으로써 종합적 설계 능력을 확보한다. (특정주제의 선택은 본 수강과정의 지도교수와 상호 협의하여 개별 팀이 달성 가능한 범위내의 주제로 설정함)2. 설정된 주제 또는 대상물에 대하여 이론검토/실험/제작/평가함으로써 실무적 실험실습 능력을 확보한다.3. 팀별 주제 선정과 과제해결을 통해 팀원 간의 협동심을 함양한다.4. 설계주제에 대한 정기적인 세미나를 통해 발표능력을 확보한다.,<참고문헌>1) 프로젝트 수행계획서2) 프로젝트(종합설계) 중간 보고서,,,"공학입문, 공학윤리, 창의설계입문, 컴퓨터프로그래밍2, 공학수학2",True,False
58284,종합설계2,4,2학기,3.0,전공(심화),"1. 전자공학심화과정에서 학습한 전공지식을 활용하여 특정 주제에 대해 기초설계와 심화설계를 진행함으로써 종합적 설계 능력을 확보한다.   (특정주제의 선택은 본 수강과정의 지도교수와 상호 협의하여 개별 팀(불가피한 경우 개인)이 달성 가능한 범위내의 주제로 설정함)2. 프로젝트랩1에서 설정된 주제 또는 목표에 대하여 이론검증/실험 및 제작/검증 및 평가함으로써 실무적 실험실습 능력을 확보한다.   (신규로 배정된 주제 또는 목표의 경우 계획 수립, 이론 검토, 실험 및 검증의 단계를 거친다)3. 팀별 또는 개인별로 선정된 과제의 목표 달성을 위해 실험실별 프로젝트랩 구성원들 상호간 또는 구성된 팀원 상호간에 다양한 형태의    협업을 유도하여 협동심을 함양한다.4. 설계주제에 대한 정기적인 세미나를 통해 발표능력을 확보한다.",,,,"전공기초 및 전공심화 교과목, 실험실습 및 설계교과목",True,False
58285,집적반도체소자 및 물성,4,1학기,3.0,전공(심화),본 강의 목적은 반도체 소자를 이해하는데 필요한 물리적인 이론을 습득하고 이에 따른 다양한 반도체 소자의 원리를 살펴보는 데에 있음. 교과목표 달성을 위해 1학기동안 반도체기반의 전자소자의 문제점을 스스로 풀어보는 과제가 주어지게 되며 학생들은 팀을 구성해서 시뮬레이션 툴(SPICE)을 이용하여 이를 해결하고 발표를 함.,"Principles of Electronic Materials and Devices, 3rd Ed., Kasap (McGrawHill)",,,"물리전자, 반도체소자, 반도체공정",True,True
58286,이동통신시스템,4,2학기,3.0,전공(심화),본 강의를 통하여 최신 이동통신 시스템들의 구성요소와 핵심기술들에 대하여 이해한다.,,,,"신호및 시스템, 확률 및 랜덤변수, 통신이론, 디지털통신, 데이터 통신, 통신 시스템",True,True
58288,딥러닝을 이용한 컴퓨터 비전,1,1학기,3.0,전공,컴퓨터 비전 분야에 대해 학습하고 딥러닝을 이용한 연구 동향을 살펴본다.,TBA,,,"프로그래밍1,2",True,True
58289,MMIC설계,1,1학기,3.0,전공,"RF 시스템 설계에 필요한 기본적인 개념들에 대해 알아보고 VCO, LNA, MIXER에 대해 실습을 진행한다.","Razavi, RF Microelectronics, PEARSON",,,"회로이론, 전자회로, 전기자기학",True,False
58290,안테나공학,1,1학기,3.0,전공,"안테나 기초, 주요 파라미터, 다양한 안테나 종류 및 동작원리 이해안테나 측정방법의 이해배열안테나 기초 및 빔포밍 이해안테나 간섭해석 이해안테나 전류그림함수 및 안테나 모델링 이해","1. 강의노트 (강의노트로 주요강의 수행)2. Balanis, Constantine A. Antenna theory: analysis and design. John wiley & sons, 2016 (해당 교재는 참고용)",,,"전기자기학, 마이크로파공학, 전자장론",True,False
58291,논문연구 1,1,1학기,3.0,전공,"최신 나노전자소자에 대한 연구 동향 파악, 연구 프로젝트 선정 및 논문 작성법 배양",,,,없음,True,False
58292,정보이론,1,1학기,3.0,전공,"본 과목을 통하여 정보이론의 개념을 수학적으로 이해하고, 소스코딩/채널코딩의 개념을 이해한다. 특히, 본 강의를 통하여 최근 각광을 받고 있는 Huffman Codes, LampelZiv Codes, Polar Codes 등을 이해한다. 또한, 정보이론과 Inference의 관계를 이해한다.","주교재: T. Cover and J. Thomas, Elements of Information Theory, Wiley, 2nd edition, 2006.부교재: D. Mackay, Information Theory, Inference, and Learning Algorithms, Cambridge University Press, 2003.",,,"랜덤프로세스, 확률 및 랜덤변수, 신호 및 시스템, 디지털통신",True,False
58293,전자공학특론 7,1,1학기,3.0,전공,본 과목은 전공분야 이외에 전자공학도로서 알아야 할 내용들을 습득시키고 연구하게 하여 학생들이 졸업후 어떤 분야에 종사하게나 부족함이 없는 인재를 육성하는 것을 목표로 함,,,,,True,True
58294,뉴로모픽 반도체소자 및 회로,1,1학기,3.0,전공,"o 뉴로모픽 반도체의 이해 및 연구역량 습득  뉴로모픽 반도체 소자 및 회로기술 이해  뉴로모픽 신경망 모델링, 알고리즘, 응용시스템 사례분석 및 개발능력 습득o 뉴로모픽 반도체의 개별 및 전체기술 이해  뉴로모픽과 관련한 제반 기술분야 (신경생리학, 반도체, 알고리즘, 시스템)의 핵심내용 이해  뉴로모픽반도체 관련 개별 기술간의 연계관계 이해 및 시스템개발 역량",,,"o Analog VLSI circuits and principles, SC Liu et al, MIT Press 2002o Principles of Neural Science, E.Kandel et al, McGrawHill 5th edition, 2013o Neuronal Dynamics, W.Gerstner et al, Cambridge, 2014o Dynamical Systems in Neuroscience, E.M. Izhikevich, MIT Press 2007o 주요 분야별 핵심 논문들","o 반도체 공정, 소자, 및 회로설계에 대한 기본지식   관련 핵심내용은 요약하여 리뷰 할 것이므로 관련분야 지식이 부족해도 수강이 가능토록 진행o SPICE, Python, MatLab 등의 Programming 혹은 Simulator  상기의 시뮬레이터는 전자공학 전공자들이 사용하는 일반적인 Tool을 예시로 제시한 것일 뿐,  수강을 위한 선수 (필수) 사항은 아님   상기의 시뮬레이션에 익숙한 수강자의 경우, 개별 Project 진행 및 발표 시 이를 활용할 수 있다는 뜻임",True,True
58295,임베디드 시스템 실무 설계,1,1학기,3.0,전공,1. 임베디드 시스템의 동작원리에 대하여 이해한다.2. 임베디드 시스템 구현에 사용되는 툴의 작동법을 익힌다. 3. 임베디드 시스템을 구성하는 SoC의 구조와 동작원리에 대하여 이해한다.,자체 교재 및 실습 자료,,,논리회로,True,True
58296,반도체공정기술 1,1,1학기,3.0,전공,MOSFET 소자의 핵심 공정 파악,Introduction to Microelectronic Fabrication @ Prentice Hall Richard C. JaegerHandout at class,,,"물리전자, 반도체소자, 반도체공학(공정)",True,True
58297,박막공학,1,1학기,3.0,전공,"This course provides an overview of the various Thin film materials that are employed in everyday life, including as health, the environment, and industrial engineering techniques. This course will include a lecture demonstration on thin film technologies, as well as an explanation of how they work and how they are made.","Lecture slides will be provided and will contain all the information and necessaryReferences to learn.1. Smith, Donald Leonard. Thinfilm deposition: principles and practice. Vol. 108. NewYork etc: McGrawhill, 1995. ISBN: 97800705850272. Ohring, Milton. Materials science of thin films. Academic press, 2001. ISBN: 9780125249751",,,B.S. degree in engineering or science.,True,False
58298,신호처리용집적회로,1,1학기,3.0,전공,"본 강의에서는 아날로그 신호처리용 집적회로 설계 기법을 학습하고, 이를 바탕으로 기초부터 고급 회로까지 실제 설계 사례를 학습한다. 기초 이론 학습 후 case study 를 통하여 chopper 및 autozeroing 기반의 저잡음 회로 설계 기법 및 low noise data converter 설계 이론에 대하여 학습하고, 실무 설계 역량을 함양하는 것을 목표로 한다.",자체 교재,,"Design of Analog CMOS Integrated Circuits 2/EBehzad Razavi, McGraw Hill","전자회로 1/2, 아날로그집적회로",True,True
58299,집적회로설계 2,1,1학기,3.0,전공,아날로그 회로 및 혼성신호 회로에 대한 이해인공지능 기반 회로설계에 대한 이해회로설계 기법 실습 및 프로젝트 수행 능력 함양,강의자료 제공 (NDA에 의한 공개 불가 자료 제외),,,"아날로그집적회로, 디지털집적회로 (VLSI)",True,True
58300,디스플레이 공학,1,1학기,3.0,전공,1. 최신 반도체 디스플레이 기술 동향 2. 평판디스플레이의 동작 원리에 대한 이해3. AM(Active Matrix) Display 구동 소자인 Thin Film Transistor (TFT)에 대한 이해,자체제작한 강의 교재 사용 예정,,"디스플레이 공학 I, 이종덕 외 7 (청범출판사)디스플레이 공학 II, 황기웅 외 7 (청범출판사)","물리전자, 반도체소자, 반도체공학",True,False
58301,컴퓨터네트워크,1,1학기,3.0,전공,"네트워크의 기본 지식을 습득하고 컴퓨터 네트워크의 대표 기술들인 Ethernet, TCP/IP 등을 공부한다.","Computer Networks, 5th. Andrew S. Tanenbaum& David J. Wetherall",,,"없음. (유사과목인 데이터통신, 데이터네트워크 수강한 학생은 신청 불필요)",True,True
58302,전자공학특론 3,1,1학기,3.0,전공,본 과목은 전공분야 이외에 전자공학도로서 알아야 할 내용들을 습득시키고 연구케하여 학생들이 졸업후 어느분야에서 일을 하든지 부족함이 없는 인재를 육성하는데 목적이 있음,,,,,True,True
58303,선형시스템,1,1학기,3.0,전공,선형시스템에 관한 정성적인 해석법과 정량적인 해석 기법을 익힌다.,"ChiTsong Chen, Linear System Theory and Design, 3rd Ed. Oxford University Press, 1999.",,"1. ChiTsong Chen, Linear System Theory and Design, 2nd Ed. CBS College Publishing, 19842. T. Kailath, Linear Systems, PrenticeHall, 1980.","학부 선형대수, 자동제어, 현대제어, 컴퓨터제어를 수강한 학생은 조금 수월하지만, 이러한 것이 반드시 이수해야 할 과목은 아님.전자공학의 시스템 관련 전공자는 본 교과목 이수를 권장함",True,False
58304,지능형 제어,1,1학기,3.0,전공,"본 과목은 지능형 제어에 대한 수업으로, 퍼지로직시스템, 인공신경망시스템, 유전알고리즘에 대해서 학습한다.",강의노트,,,없음,True,True
58309,기계학습입문,1,2학기,3.0,전공(핵심),"딥러닝을 위하여 파이썬 프로그래밍 언어를 이용 문제해결 코딩을 할 수 있다. 다양한 데이터를 처리하기 위하여 파이썬의 리스트, 튜플, 딕셔너리 등의 자료형 객체를 활용할 수 있다. 딥러닝에 필요한 numpy, matplotlib, tensorflow 등의 도구를 익힌다. 신소재공학분야에서 기계학습 도구를 사용하여 문제해결 능력을 기른다.","실습하며 배우는 딥러닝 입문 with Kaggle, 생능출판, 장원두",,,없음,False,True
58328,반도체공정,3,2학기,3.0,전공(심화),"반도체소자 제조공정의 개요를 파악한다. 소자 제작을 위한 단위공정의 장치, 원리, 가공재료 등을 알아보고, 집적회로 공정의 흐름을 이해한다.","P. Van Zant, Microchip Fabrication, 3rd ed.",,,반도체 재료과목을 이수한 학생들의 수강을 추천함,False,True
58332,반도체재료,3,1학기,3.0,전공(핵심),반도체 소재의 기초 원리와 이를 활용한 응용 기술에 대한 이해를 목표로 함,"Textbook: Semiconductor Physics and Devices, Basic Principles, Donald A. Neamen, McGrawHill, 2003Reference: Fundamentals of Semiconductor Fabrication, G. S. May & S. M. Sze, John Wiley & Sons, 2004, Semiconductor Device Fundamentals, R. F. Pierret, AddisonWesley. 1996",,,재료공학 개론,False,True
58342,재료전기화학개론,3,1학기,3.0,전공(심화),"전기화학 셀의 특징, 전기화학 셀을 구성하는 전극, 전해질 및 이들의 계면에 대해 이해하고 전극 반응의 속도와 전극과정에 대해 공부하고 전기화학적 분석법 및 분석조건에 적합한 전기화학 셀의 설계방법에 대해 공부한다. 또한 전기화학을 응용한 분야의 최신 기술에 대해 알아본다.","전기화학 2판 (자유아카데미, 오승모)",,,"일반화학, 물리화학, 열역학",False,True
58347,반도체소자,4,2학기,3.0,전공(심화),"1. 반도체소자의 기본 특성과 더불어 현대의 고집접화된 연산 및 메모리소자의 기본이 되는 MOS 구조와 MOSFET 소자의 물리적 특성과 동작원리를 이해한다.2. 소자 고집적화 미세화에 따른 나노영역에서의 특성에 따른 장점과 한계에 대해 이해한다.3. 광전소자 (LEDs, lasers, photodetectors)의 재료, 동작원리 및 소자특성에 대해 공부한다.","""Device Electronics for Integrated Circuits"", by   Richard S. Muller, Theodore I. Kamins, Mansun Chan.",,,반도체재료,False,True
58349,반도체조명재료,4,2학기,3.0,전공(심화),"LED와 레이저에 대한 기초 지식 및 최신 기술동향 파악을 목표로 함. 이와 관련된 반도체 소재에 대한 기초 지식, 소자 구동 원리, 제조 공정 기술에 대한 이해를 목표로 함.","""Optoelectronics and Photonics"" by S. O. Kasap",,,"재료과학, 반도체재료",False,True
58364,반도체구조결함특론,1,1학기,3.0,전공,반도체 재료의 결정구조적 특징 이해반도체 재료에서의 구조결함 양상 이해. 반도체 에피박막 성장과 관련된 구조결함의 이슈.구조결함의 전자현미경적 분석 기법.,,,"Review Paper: ""Material science and device physics in SiC technology for highvoltage power devices"" by Tsunenobu Kimoto, Japanese Journal of Applied Physics 54, 040103 (2015).Extended Defects in Semiconductors, by D. B. Holt and B. G. Yacobi, Cambridge University Press, 2007. Introduction to Dislocation, by D. Hull and D. J. Bacon, Elsevier, 2011.",없음,False,True
58368,이산수학,1,1학기,3.0,전공(기초),"컴퓨터공학을 전공하는 데 필요한 수학 지식을 학습하고, 컴퓨터공학 분야의 문제를 해결할 때 적용할 수 있는 논리적 사고 방식을 배양한다.","Rosen 의 이산수학 (8판) , 한국맥그로힐( McGrawHill Korea), 2019",,"DIscrete Mathmatics and Its Application (8th edition), Kenneth Rosen, McGrawHill Education, 2018",없음,True,True
58369,선형대수,1,2학기,3.0,전공(기초),인공지능학과의 여러 교과목의 기본이 되는 과목인 선형대수의 기본 개념을 익힌다.,"교재: Gilbert Strang, Introduction to Linear Algebra, 5th Ed., WellesleyCambridge Press, 2016",,,없음,True,True
58370,객체지향설계,2,2학기,3.0,전공(핵심),객체 지향 프로그래밍 이해 C/JAVA에 대한 배경 지식을 바탕으로 C++ 사용법 학습 유용한 디자인 패턴 학습 및 적용,"No textbook Lecture notes	Reference: C++ Primer, 5th edition, Stanley Lippman, 2012	Reference: 클린 코더, 로버트 마틴, 정희종 옮김, 2016",,,컴퓨터 프로그래밍 (C 또는 Java),True,True
58371,알고리즘,2,2학기,3.0,전공(핵심),,"Algorithms, McGRAW.HILL,  S. Dasgupta, C. H. Papadimitriou, and U. V. Vazirani",,,"자료구조, 이산수학",True,True
58372,확률 및 통계,2,1학기,3.0,전공(핵심),확률과 통계에 대한 기본적인 개념을 학습한다.,Probability and Statistics (4th edition) by Morris H. DeGroot and Mark J. Schervish,,,수학 1 (수학 2 또한 추천하지만 필수는 아님),True,True
58373,자료구조,2,1학기,3.0,전공(기초),"컴퓨터 프로그램을 위하여 필요한 기본 자료구조의 종류와 그 개념을 이해한다.1. 자주 사용되는 자료구조의 개념을 이해하고 Java 언어를 이용한 실습을 통하여 구체적인 사용 방법을 숙지한다.2. 객체의 기본 개념과 추상화(Abstraction) 과 캡슐화 (Encapsulation) 의 개념을 이해하고 적용할 수 있는 능력을 기른다.3. 재귀 등, 알고리즘의 원리를 이해하고 적용 능력을 기른다.4. 기본적이면서 다양한 여러 자료구조의 이해를 통하여 보다 복잡한 응용 문제를 해결할 수 있는 능력을 기른다.5. 프로그램의 성능 측정방법을 실습을 통해 경험함으로써, 이론적인 성능 분석 결과와 실제 성능측정 사이의 연관성을 이해한다.","<교재/참고문헌>F.M. Carrano, Data Structures and Abstractions with Java, Pearson, 2012M.T. Goodrich & R. Mamassia, ""Data Structures and Algorithms in JAVA,"", 5th Ed., John Wiley & Sons, 2011S. Sahni, ""Data Structures, Algorithms, and Applications in JAVA,"" 2nd Ed., Silicon Pressl, 2005.J.R.Hubbard & A.Huray, "" Data Structures with Java"", Pearson Prentice Hall, 2004",,,"컴퓨터프로그래밍 2(연결 체인, 리스트, 스택, 재귀, 정렬에 대한 기본 개념 포함)",True,True
58374,컴퓨터프로그래밍3,2,1학기,3.0,전공(심화),Java 프로그램의 경험이 있는 학생들을 대상으로 C 언어에 대하여 학습한다.,<교재/참고문헌>자체 교재,,시중의 C 교재,컴퓨터프로그래밍 2 (Java),True,True
58375,수치프로그래밍,2,2학기,3.0,전공(심화),"수치계산의 기본 개념 이해(오차 분석, 수의 표시법)수치적 방법으로 비선형 방정식의 해를 구함최적화 방법론보간법에 대한 이해수치적인 미적분에 대한 이해선형방정식의 해를 수치적으로 구함미분 방정식을 수치적으로 푸는 방법을 학습함","응용수치해석 3판, 손권, 최윤호, 김철 공역, McGrawHill Korea, 2012(Applied Numerical Methods, Steven C. Chapra, McGrawHill, 2012)",,,"수학1, 선형대수",True,True
58376,운영체제및실습,2,2학기,3.0,전공(핵심),"학생들이 운영체제가 무엇인지, 그리고 운영체제가 어떻게 컴퓨터를 제어해서 여러 프로그램들이 실시간으로 실행되도록 하는지를 이해하게 함. 컴퓨터 운영체제 개발자이든 컴퓨터 사용자이든 또는 프로그래머이든 간에 컴퓨터 자원을 효율적으로 사용하여야 하므로, 운영체제를 통한 컴퓨터의 동작원리를 이해하도록 지도함. 원리와 함께 Linux와 같은 상용 운영체제의 내부 구조와 기능을 사례로 소개하여 학생들이 실제적 지식을 얻도록 지도함. 컴퓨터공학과 학생들이 컴퓨터 하드웨어와 소프트웨어의 상관관계를 프로그래밍을 통해서 이해할 수 있도록 설계되었음. 주요 내용은 프로세스 관리,쓰레드 개념, 파일 관리, 파일 시스템, 입출력 관리, 인터럽트 처리 방법, 메모리 관리, 가상 메모리, 프로세스 스케줄링 등으로 구성됨. 이 과목의 실습에서는 리눅스를 활용하여 컴퓨터 운영체제의 주요 기능들을 이해하고, 활용하는 방법을 학습함",,,"(1) 교재 : Operating Systems, Internals and Design Principles (9th Ed.), William Stallings, Pearson, 2017 (8th Ed. 또는 7th Ed.도 가능)(2) 강의노트 : 충남대학교 사이버캠퍼스 운영체제및실습 과목의 '자료실' 게시판 참조","C (또는 Java) 프로그래밍, 자료구조",True,True
58377,기계학습,2,2학기,3.0,전공(기초),* 기계학습에 대한 이해* 딥러닝에 대한 이해* 알고리즘 구현 방법 학습,"주교재: 수업자료 PPT로 제공 예정부교재:* 기계학습, 오일석, 한빛아카데미* 파이썬 라이브러리를 활용한 머신러닝(번역개정판), 뮐러, 가이도, 한빛미디어(미리 구매할 필요 없습니다)",,,"선형대수, 확률과통계, 파이썬 프로그래밍 기본",True,True
58379,컴퓨터프로그래밍 1,1,1학기,3.0,전공(핵심),"1. 컴퓨터 프로그래밍의 원리 이해2. 변수, 연산자, 입·출력문, 제어문 등 기본적인 프로그램 구조를 이용한 데이터 처리3. 클래스, 상속, 다형성 등 객체 지향 주요 개념 이해 및 프로그램 구현 능력 배양4. 객체 지향 프로그래밍 기법들을 활용하여 주어진 문제를 해결하는 능력 배양5. 주어진 문제를 컴퓨터 프로그래밍 언어로 구현하는 능력 배양","남궁 성, Java의 정석 (3rd Ed.), 도우출판, 2016. (필수)*충남대 구내서점을 통해 구매 가능함 (구내서점: 네이버카페 http://cafe.naver.com/cnubook )[참고문헌]1) 천인국, 하상호, ""Power JAVA(파워 자바)"" 2판, 인피니티북스, 20122) 윤성우, “열혈 Java 프로그래밍”개정판, 오렌지미디어, 20173) 이고잉, “생활코딩! 자바 프로그래밍 입문”, 위키북스, 2016기타 참고문헌은 교과목 게시판 등을 통해 별도 공지함",,,해당없음,True,True
58380,컴퓨터프로그래밍 2,1,2학기,3.0,전공(핵심),"1. 제네릭 타입 및 컬렉션 프레임워크에 대한 이해 및 활용2. 쓰레드, 람다와 스트림, 입출력(I/O), 네트워크 프로그래밍 등 고급 자바 프로그래밍 기법에 대한 이해 및 활용3. 안드로이드 앱 개발을 통한 그래픽사용자인터페이스(GUI)와 이벤트 기반 프로그래밍 이해 및 활용","참고교재● 남궁성, ""Java의 정석"", 도우출판, 2016.● 정재곤, ""Do it! 안드로이드 앱 프로그래밍"" 8판, 이지스퍼블리싱, 2021.",,,● 컴퓨터프로그래밍1● 자바개발도구(이클립스 또는 IntelliJ) 사용법,True,True
58381,기초프로젝트랩,2,1학기,3.0,전공(핵심),"문제발견(공감과정), 문제정의, 아이디어, 프로토타입 만들기 및 테스트 등의 소프트웨어 개발 프로세스와 디자인씽킹 프로세스를 따라 개발할 수 있다. 주어진 문제에 대한 목표 고객을 찾을 수 있다.목표 고객으로부터, 인터뷰, 관찰, 현장체험 등의 수단을 통해서 고객의 니즈를 끌어낼 수 있다.고객의 니즈로부터 진짜 문제를 정의할 수 있다.문제 정의로부터 팀 작업을 통해 아이디어들에 대한 발산 수렴 과정을 거쳐 컨셉을 끌어낼 수 있다.컨셉을 실현해볼 수 있는 프로토타입을 만들고, 테스트 하는 과정을 목표 고객의 피드백을 통해서, 계속적인 프로토타입 개선을 해 나갈 수 있다.",디자인 씽킹 (Design Thinking) 참고자료: https://sites.google.com/cscnu.org/designthinking,,해당없음,해당없음,True,True
58382,AI를 위한 수학,2,2학기,3.0,전공(핵심),1. 인공지능을 위한 기초 수학 지식 습득2. 주요 기계학습 방법론의 수학적 이해,참고문헌 1 (전반부): Deep Learning (Part I). https://www.deeplearningbook.org/참고문헌 2 (후반부): Foundations of Machine Learning. https://cs.nyu.edu/~mohri/mlbook/,,,"미분적분학, 선형대수, 확률 및 통계 기초 지식",True,True
58384,고급자연어처리,1,1학기,3.0,전공,트랜스포머의 이론트랜스포머 기반의 자연어처리 구현 능력 함양자연어처리 기술의 자동평가 방법 및 활용자연어처리 기술 개발 능력 함양,교수 강의 노트 교수 강의 동영상,,,딥러닝머신러닝선형대수,True,True
58385,고급데이터베이스,1,1학기,3.0,전공,전통적인 데이타베이스 분야 뿐만 아니라 최신 분야에서 데이타의 전문적인 관리 및 검색을 위한 체계적인 기초 지식을 배운다. .,"주 교재 : Ramez Elmasri, Shamkant b. Navathe,  fundamentals of database systems, 7/E Global Edition, Pearson Higher Education, 2016년 8월부 교재 : 오라클 튜닝 에센셜 : DBMS_XPLAN으로 실행 계획 뽀개기, 박찬권 저/서윤식 감수, 글봄크리에이티브, 2020.1 오라클로 배우는 데이터베이스 개론과 실습(2판), 한빛아카데미IT, 박우창, 남송휘, 이현룡 저, 2020.7 Raghu Ramakrishnan, Johannes Gehrke, Database Management Systems, 2th Eds, McGrawHill 2002",,,데이타베이스(학부),True,True
58386,고급내장형시스템,1,1학기,3.0,전공,최신 임베디드 시스템의 하드웨어 및 소프트웨어적 특성을 이해한다고신뢰성 임베디드 시스템의 설계 기법을 이해한다임베디드 시스템의 성능 최적화 기법을 학습한다,온라인으로 관련 지식 검색하여 보조학습 추천,,,"컴퓨터구조, 운영체제 등의 학부 수준의 시스템지식",True,False
58387,객체지향시스템실무,1,1학기,3.0,전공,"객체지향 개념에 대해 익히고, 최신 트렌드와 그 이유에 대해 학습한다.","Joshua Bloch, Effective Java 3rd ed., AddisonWesley, 2018",,,Java 등 객체지향 언어로 프로그래밍 해 본 경험 (C++ 만 사횽해본 학생은 수강 전 문의 요망),True,True
58388,인간컴퓨터상호작용,1,1학기,3.0,전공,"본 과목은 우리가 일상에 마주하는 모든 디지털 기기와 효과적인 상호작용을 하고 긍정적인 사용자 경험을 제공하기 위한 이론, 디자인, 구현, 평가 등의 법론에 대해 논의한다.이를 통해 사용자에게 새로운 경험을 제공할 수 있는 인터랙티브 시스템을 직접 디자인 하고 평가 하는 실습을 한다.나아가 HCI의 다양한 세부 연구 분야에 대한 케이스 스터디를 진행하고 본인의 연구 분야와의 연계 방법을 모색한다.",강의자료,,,UI개발이 가능한 프로그래밍 언어 (선택사항),True,False
58389,SoC설계특강,1,1학기,3.0,전공,"본 과목에서는 SoC 설계기법에 대해 학습한다.최근 스마트폰으로 인해 중요성이 커지고 있는 Moblie SoC를 위한 SoC 플랫폼 및 전력관리에 대해 학습하며, 졸업 후 산업현장에서 필요한 SoC 설계 기술을 습득하는 것을 목표로 한다.",,,,"디지털시스템설계, 컴퓨터구조, 전자회로",True,False
58390,정보검색,1,1학기,3.0,전공,본 교과목의 목표는 다음과 같다.1. 정보검색의 기본개념과 정보검색에서 사용되는 기술들에 대한 이해2. 텍스트의 통계정보를 이용해 정보검색 문제의 해결하는 방법 이해3. 대규모 텍스트 데이터를 효율적으로 접근하기 위한 색인 등의 자료구조의 중요성 이해,"Christopher D. Manning et al., “Introduction to Information Retrieval,” Cambridge University Press, 2008",,,자료구조 및 알고리즘,True,False
58391,고급정보보호,1,1학기,3.0,전공,기초 암호메카니즘의 작동원리를 이해하고 이를 이용한 사용자인증 및 전자서명에 대한 실습을 통해 암호프로그래밍의 능력을 배양한다.,"""Cryptography and Network Security: Principles and Practice"" , William Stallings, Pearson, 8th edition",,,자료구조 및 C 프로그래밍,True,True
58392,고급컴퓨터비젼,1,1학기,3.0,전공,"Computer vision refers to techniques for acquiring, processing, and understanding images/videos, ultimately enabling a machine (computer) to understand realworld and to make a decision. Due to the widespread of imaging devices such as smartphone and camera, a huge amount of visual data is being generated every day. Thus, computer vision techniques widely used to process, analyze, and understand images have been increasingly popular in both academia and industry, and is considered as the key to innovation of our daily life. This subject teaches various aspects of computer vision, including fundamental theory, algorithms, and practical applications. In addition, we will proceed with practical implementation of stateofthearts methods as well as theoretic understanding through homework, term projects, and exams.",Main textbookComputer Vision: Algorithms and Applications (Richard Szeliski),,,Image Processing,True,False
58393,기계학습특강,1,1학기,3.0,전공,"가. 일반적목표 : 기업 및 연구소 현장에서 다뤄지고 있는 데이터 분석 및 모델링 문제에 대해서 학습하고, 이를 머신러닝 기법을 활용하여 해결할 수 있는 방법을 배운다. 텀 프로젝트를 통해 실제 문제를 해결하는데 필요한 경험을 쌓는다.나. 구체적목표 (교과목 학습성과 내용)1. 머신러닝 방법론을 이해할 수 있다.(PO1)(PO3) 2. 실제 문제를 머신러닝 방법론으로 해결할 수 있다.(PO1)(PO3)3. 위 과정을 프로그래밍을 통해 구현할 수 있다.(PO1)(PO3)","주교재: 강의자료참고문헌: Pattern Classification(Duda, Hart, Stork, WileyInterscience) 변역본 있음Pattern Recognition and Machine Learning(Christopher M. Bishop)(교재는 추후 변경될 수 있습니다.)",,,"없음. 데이터마이닝, 응용통계 관련 과목을 미리 수강했으면 도움이 됩니다.",True,True
58394,고급디지털신호처리,1,1학기,3.0,전공,"이 과목을 통해 학생들은 디지털 신호 시스템에 대한 이해를 통해서 통신 멀티미디어 디지털 시스템 및 인공지능에 필요한 기초지식을 학습한다. 컴퓨터공학에서 개설되는 전자회로, 영상처리, 멀티미디어, 디지털 시스템 등의과목들을 수강하기 위해 필요한 기본 지식을 확보하고 디지털 신호 시스템과 응용에 대한 깊은 이해를 할 수 있게된다.디지털 신호처리(DSP)는 샘플링된 신호나 데이터를 숫자로 표현, 컴퓨터를 이용하여 분석, 처리하는 것이다.신호의 주파수 영역 해석법을 이해한다.디지털 신호 및 시스템을 이해하고 설계할 수 있는 능력을 학습한다.응용분야로 통신, 영상처리, 데이터 압축, 음성신호처리, 인공지능 등이 있다.","Matlab을 이용한 디지털 신호처리(권욱현), Cengage LearningEssentials of Digital Signal Processing using MATLAB, (3rd Edition) V.K. Ingle and J.G. Proakis김명진, MATLAB 실습과 함께 배우는 신호와 시스템, 생능출판사장영범, DSP 이론과 실무, 2009.08.31",,,"수학, 선형대수",True,True
58395,고급프로그래밍언어론,1,1학기,3.0,전공,* Deep Understanding Programming Languages* Availability in Formal Methods to Describe Language Semantics* Understanding Basics of Type Theory,"""Types and Programming Languages"", Benjamin C. Pierce""Introduction to Programming Languages"", Anthony A. AabyYou don't need to buy the books, since all the necessary materials are included in lecture notes.",,,"The undergraduate programming language course : highly recommended, but not a prerequisite.Functional language experience : highly recommended, but not a prerequisite.",True,True
58396,인턴쉽 2,1,1학기,3.0,전공,"● 석·박사과정동안 배운 지식을 바탕으로 실무를 경험 하면서, 이론과 실무의 괴리를 지혜롭게 조절할 수 있는 능력 배양● 산업체 파견을 통해 일정기간 실무를 경험해보고, 수강생들이 실제 취업으로 이어질 수 있도록 지도","주요 교재는 산업체가 제공하며, 충남대학교 사이버캠퍼스를 통해 교재 및 수업 보조 자료를 제공함",,,,True,False
58397,실시간 시스템,1,1학기,3.0,전공,실시간 시스템과 실시간 스케줄링 기법에 대한 지식을 습득함으로써 실시간 운영체제에 대한 지식을 배양하고 실시간 운영체제를 설계한다.,교재: RealTime Systems저자: Jane W.S.Liu,,<참고문헌>실시간 운영체제를 위한 스케줄러 설계,운영체제,True,False
58424,전기화학,3,2학기,3.0,전공(심화),본 과목에서는 전기 및 전기화학의 기초 및 응용지식을 습득함을 목표로 한다.,"Oh, SeoungMo, ""Electrochemistry"", Jayu Academy, 2014.<참고문헌>Problems at the end of every chapter and Term paper related with electrochemical devices.",,,"물리화학, 분석화학",False,True
58442,수치해석,2,1학기,3.0,전공(심화),1. 수치해석을 위해 필요한 파이썬 프로그래밍 능력을 함양하고자 합니다.2. 수치해석을 수행하기 위한 근본 원리에 대해 학습합니다.3. 학습한 근본 원리를 문제 해결에 적용하는 능력을 기르고자 합니다.,강의록 및 Python Jupyter Notebook (수업에서 공유 예정),,"Chapra, S. C., & Canale, R. P. (2011). Numerical methods for engineers (Vol. 1221). New York: Mcgrawhill.Kusalaas, J. (2013). Numerical methods in engineering with python 3.Dorfman, K. D., & Daoutidis, P. (2017). Numerical Methods with Chemical Engineering Applications. Cambridge University Press.","없음. 단, 프로그래밍에 대한 기초 지식이 있으면 수강에 많은 도움이 될 것입니다.",False,True
58457,바이오센서공학특론,1,1학기,3.0,전공,1. To introduce fundamental theory and application for developing biological sensors2. To search out the current cutting edge of biosensing technology,"Biosensing Using Nanomaterials, Arben Merkoci, Wiley현대센서공학, 5판",,,,False,True
58466,프로그래밍언어,1,1학기,3.0,전공(핵심),"본 과목은 컴퓨터 프로그래밍언어인 C 언어에 대해 학습한다. 컴퓨터 프로그래밍을 통한 문제 해결 방법을 익히기 위해 C 언어의 구문을 익히고, 다양한 사례와 실습을 통하여 실세계의 문제를 컴퓨터 프로그래밍으로 해결할 수 있는 기초적인 능력을 배양한다.","주교재 :    강환수, 신용현, 'Perfect C' 인피니티북스, 2016참고교재:   조준호,이완법,주수종, ' 그림과 예제로 쉽게 배우는 C 프로그래밍', 휴먼사이언스, 2019",,,없음,False,True
58468,디지털회로실험,2,2학기,3.0,전공(핵심),디지털 신호에 대한 이해와 소자를 통한 회로 설계 및 응용을 학습한다.,"VHDL 기반의 디지털 회로 설계 by 정 슬, 충남대 출판원",,,전자회로,False,True
58469,프로그래밍응용,2,2학기,3.0,전공(심화),"C 문법의 주요 개념(제어문, 포이터 등)들을 상기하는 동시에, C++ 각종 문법 사항들을 이해하고 습득하여 향후 Visual C++, C , Java와 같은 객체 지향 프로그래밍을 익히기 위한 기초를 다진다.","명품 C++ Programming, 황기태, 생능출판<참고문헌>공학도를 위한 최소한의 C++, 이창섭, 고윤호, 문우당",,,컴퓨터언어 (C programming),False,True
58470,전자회로,2,1학기,3.0,전공(심화),"RLC(저항, 인덕터, 커패시터) 소자로 구성된 회로를 해석하는 기본 기법들을 익힌다. 전자회로를 구성하는 기본소자인 다이오드, 트랜지스터(BJT, FET), 연산증폭기의 기초 동작원리를 이해하고 이들 소자들의 실제 활용 방안과 대표 응용 회로를 습득한다.소자들이 결합된 전자회로에 대한 분석을 통해 설계 기본 능력을 배양한다.",교 재 : Fundamentals of Analog Circuits Floyd and Buchla<참고문헌>각 단원별로 지정되는 교재 연습문제와 기타 제출된 문제,,,필수선수과목 없음,False,True
58471,디지털회로설계,2,2학기,3.0,전공(심화),"디지털시스템의 설계 및 해석을 위한 기본적인 지식을 습득한다. 부울대수와 기본 게이트를 소개하고, 이를 통한 조합 논리회로의 설계 및 해석 방법을 학습한다. 또한 플립 플롭, 레지스터, 카운터 등으로 구성된 순차 논리회로를 이해하고, 설계하기 위한 방법을 학습한다.","Roth, Fundamentals of Logic Design, 5th edition, PWS publishing company<참고문헌>각 단원별로 지정되는 교재 연습문제",,,필수선수과목 없음,False,True
58473,아날로그 신호와 시스템,2,2학기,3.0,전공(심화),공학에 필요한 지식을 배우고 MATLAB을 사용해서 검증해 본다. 아날로그 시스템에 대해 이해하고 응용하는 것을 배운다.,,,,,False,True
58474,전자회로실험,2,1학기,3.0,전공(핵심),"전기전자 소자의 특성을 실험을 통해 확인하고 그 응용회로를 실제 구현하고 검증한다.회로의 신호를 분석하기 위한 기본 장비의 사용법을 익힌다. RLC 소자(저항, 인덕터, 커패시터)와 반도체 소자(다이오드, 트랜지스터, 연산증폭기)의 실제적인 특성을 분석하고, 소자들이 이루는 전기 및 전자회로에 대한 기본적인 지식을 실험을 통해 증명한다. 프로젝트를 통해 응용 회로를 설계함으로써 이론에서 배운 내용을 심화한다.",Pspice를 이용한 전자회로 분석과 응용 실험 (정슬),,,창의설계입문,False,True
58478,제어공학1,3,2학기,3.0,전공(심화),제어시스템에 대한 일반적 개념 이해동적시스템의 수학적 모델 기법을 학습 및 응답계산 능력 배양.PID 제어기 설계 및 디지털 프로세서 적용 프로그래밍 능력 배양.,"<교재>Richard C. Dorf and Robert H. Bishop, ""Modern Control Systems"", Addison Wesley, 13 Ed. 2016",,"Franklin and Powell, ""Feedback Control of Dynamic Systems,"" 8th ed. 2020","응용수학1,2, 동역학, 전기공학 개론",False,True
58479,마이크로프로세서응용설계,3,2학기,3.0,전공(심화),1. 마이크로 컴퓨터를 이해하여 CPU와 주변 소자속에서 일어나는 마이크로한 일들을 이해하고(학습성과 1)2. 영어로 씌여져 있는 각종 소자의 datasheet을 활용하여 목표시스템을 계획하고(학습성과 2)3. 여러 종류의 CPU system을 설계할 수 있으며(학습성과 3)4. 제작한 시스템이 유발할 수 있는  문제의 원인을 조직적 사고체계에 의해 찾아내며(학습성과 4)5. 팀별 임무분담에 의해 시스템을 구현함으로서 팀웍을 개발하고(학습성과 6) 6. 미래지향적인 시스템을 구상해본다.(학습 성과 13),"마이크로프로세서 응용 번영<참고문헌>매주 연습문제(프로그래밍, 회로 설계) report 소형 임베디드 시스템 설계, 발표, 가상 시연, 보고서",,,"전자회로, 전자회로실험, 디지탈회로, 디지털회로실험, 컴퓨터구조",False,True
58480,전자기계,3,1학기,3.0,전공(심화),1. 전동기 시스템의 작동 원리를 익힘.2. 직류 전동기와 교류전동기의 입/출력 관계를 이해함3. 전력 전자의 기초를 공부함,"강의자료는 사이버캠퍼스에서 배포참고문헌 Stephen Chapman, Electric Machinery Fundamentals, 5th ed., McGrawHill, 2012",,,"물리, 전자회로",False,True
58484,디지털 신호와 시스템,3,1학기,3.0,전공(심화),"This course aims to teach digital signals & systems, and their applications.","Classical notes, Digital signal processing & filter design, chung Moon Gak Press",,,Mathematics,False,True
58485,컴퓨터계측제어실험,3,1학기,3.0,전공(심화),신호 취득 및 신호출력 방법을 PC 및 A/D Converter Card 를이용습득하고 이를 실제 문제에 적용 실험 능력을 배양한다,없음,,,없음,False,True
58486,마이크로프로세서실험,3,2학기,3.0,전공(핵심),1. 마이크로 프로세서시스템의 내부 메카니즘을 이해2. 기본실험과 응용실험을 계획3. 목표대로 동작하지 않을때 문제의 원인을 파악4. 졸업작품의 예비 단계 정도의 실험 내용을 팀으로 구상하며5. 팀별 임무분담에 의해 시스템을 구현6. 미래지향적인 실험 내용을 구상해본다.,마이크로프로세서응용 번영,,,같이 개설되는 마이크로프로세서응용설계 과목에 딸린 실험 과목이므로 이론 설명은 마이크로프로세서응용설계에서 제공되며 본 과목에서는 코딩하여 실험으로 확인하는 과정이므로 기초가 부족한 학생은 마이크로프로세서응용설계를 수강하지 않으면 수강 불가.그럼에도 불구하고  마이크로프로세서응용설계 과목을 수강하지 않고 본 실험과목만 수강하는 사람은 본 실험과목에서 이론 설명이 전혀 없음을 인지하고 본인의 실력이 실험과목만 수강해도 문제 없으며 이론 과목을 수강하지 않은 불이익의 가능성을 알고 있었음으로 간주함.,False,True
58488,창의적로봇설계및제어,4,1학기,3.0,전공(심화),"This course is about the introduction of robotics.This course covers kinematics, dynamics, and control of robot systems.","로봇공학, 정슬 청문각<참고문헌>HomeworkProjects",,,"Applied mathematics, Kinematics",False,True
58495,로봇제어시스템,1,1학기,3.0,전공,로봇을 제어하는 다양한 알고리즘을 배운다.,,,,"로봇공학, 제어",False,True
58496,영상처리,1,1학기,3.0,전공,"디지털 영상 원리, 영상 변환, 영상 강화, 영상 복원, 영상 변환, 영상 압축, 영상 분할, 영상 인식 등과 같은 디지털 영상 처리를 위한 기본 원리를 학습한다.","Rafael C. Gonzalez & Richard E. Woods,  Digital Image Processing, 3rd edition, Prentice Hall, 2002<참고문헌>MFC/Matlab/C를 이용한 영상 처리 알고리즘 프로그래밍",,,신호처리C 프로그래밍윈도우 프로그래밍,False,True
58497,확률과랜덤프로세스,1,1학기,3.0,전공,확률의 기초 개념과 숙지.  이를 기계학습 등 공학 문제에의 응용,"D. P. Bertsekas and J. N. Tsitsiklis, ""Introduction to Probability"" 2nd ed. 2008",,,대학 1 년 차 에 배운 미적분,False,True
58499,모터 드라이브 및 제어,1,1학기,3.0,전공,1. Understand the basic principles of inverter2. Understand and implement pulse width modulation and space vector modulation3. Understand and implement speed control for permanent magnet synchronous machine and brushless DC machine.,Lecture notes will be distributed.,,,"전기기기에 대한 기본적 이해, 자동제어, C Progamming, MATLAB & Simulink",False,True
58508,통계학,2,1학기,3.0,전공(기초),"자료에 대한 이해와 연구주제에 맞게 자료를 수집, 정리, 분석하는 통계적 방법론에 대한 지식 습득파이썬을 이용한 자료분석방법을 익힌다.","엑셀을 활용한 통계자료분석 6판, 경문사",,,,False,True
58517,지하수오염제어,3,2학기,3.0,전공(심화),1. 지하수 수질화학을 이해하기 위한 중요한 파라미터와 화학평형을 이해한다.2. MINEQL 프로그램을 이용하여 수체 시스템을 입력하고 반응을 예측할 수 있다.3. 지하수의 수리학적 흐름을 이해하고 주요 파라미터를 구하는 방법을 배운다.4. 오염 지하수를 제어하기 위한 다양한 처리방법을 안다.,"토양지하수환경공학, 향문사, 이재영 외",,,"일반화학, 유체역학",False,True
58526,대기오염제어공학,3,2학기,3.0,전공(심화),"환경공학 전공자로서 다양한 대기오염물질의 발생원을 습득하고, 대기오염물질 중 입자 상태 물질의 거동을 이해한다. 또한 입자상 오염물질을 제어하기 위한 다양한 집진장치의 원리를 이해하고 장치별 특징 및 장단점을 숙지한다. 마지막으로 유해가스를 처리하기 위한 흡수와 흡착 이론을 이해하여 오염원별로 적합한 처리방법을 적용할 줄 안다.","주교재: 대기오염방지공학, 천만영, 강병욱 공저. 2017년 발행. 동화기술참고문헌: 대기오염제어, 이상권 외 공저. 2004년 발행. 동화기술대기오염제어설계공학, 김동술역, 2010, 동화기술",,,"연소공학과 입자동력학을 이해하기 위해 일반화학과 공업수학 및 유체역학의 기초가 필요하나, 기초가 부족한 학생들도 강의와 개인공부를 통해 충분히 수업을 따라갈 수 있을 것으로 기대한다.",False,True
58528,토양오염제어,4,1학기,3.0,전공(심화),토양환경법 및 환경영향평가 이해토양오염의 특성 파악오염정화의 원리 파악 및 토양오염 처리 방법을 습득,"주교재: 토양지하수환경공학 (이재영 외/향문사 2022)부교재: 토양복원공학 (정승우, 안윤주 저/ 동화기술 2020)",,,"토질화학및실험, 지하수오염제어",False,True
58530,소음진동제어공학,4,1학기,3.0,전공(심화),"소음 및 진동에 의한 환경오염은 대부분의 산업국가에서 생활의 질을 심각하게 위해할 뿐만 아니라 가장 많은 민원을 야기시키는 오염원으로 인식되고 있다. 따라서 본 과정에서는 소음 진동의 예측 및 평가, 방지기술 등 의 등의 개념을 파악하고 이를 바탕으로 실무에 응용할 수 있도록 한다.","수업자료는 매주 사이버 캠퍼스를 통해 업로드참고자료> 소음진동기사               생활 속의 소음진동, 청문각, 서종석 외 1인",,,환경공학개론,False,True
58535,전자공학연구Ⅰ,1,1학기,3.0,전공,"주제 선정부터 과제 수행, 결과 정리 발표의 일련의 과정을 스스로 해 봄으로써 설계 및 연구 개념을 파악하는데 있다.",,,,,True,True
58536,이동통신,1,1학기,3.0,전공,이동통신의 개요를 이해한다.이동통신 시스템의 발전과정과 이에 관련된 다중접속 기술을 이해한다.이동통신 시스템의 구성요소를 이해한다.,자체 강의자료,,,디지털통신,True,True
58537,컴퓨터네트워크운용실습,1,1학기,3.0,전공,Packet tracer를 할용해 네트워크 운용 기본 실습을 수행하고 이를 위해 필요한 데이터 통신 및 컴퓨터 네트워크 이론을 학습함,"컴퓨터네트워크 실습, 충남대 출판사, 김병철, 이재용 저",,시스코 IOS 입문,컴퓨터 네트워크,True,True
58538,물리전자,2,1학기,3.0,전공(핵심),"1. 수학적 전개와 물리적 개념을 사용하여 반도체 소자를 구성하는 물질의 특성을 이해하고 소자의 동작원리를 알 수 있다.2. 반도체 소자의 동작에 대한 기본 개념을 이해하고, 문제점과 한계에 대해 인식하며 물성적인 문제들을 공식화할 수 있다.3. 레포트 작성에 있어서의 인용 참조 및 무단복사와 시험 부정행위에 대한 윤리의식, 그리고 출결에 대한 학생으로서의 책임의식을 가진다.","주교재: Semiconductor Physics and Devices, 4th Edition, Donald A. Neamen, McGrawHill참고교재: Solid State Electronic Devices, Ben G. Streetmann, PrenticeHall",,별도 강의록을 참고자료로 제공,"(권장선수과목) 물리, 수학, 회로이론1, 전자기학1",True,True
58539,반도체소자,2,2학기,3.0,전공(심화),"1. Schottlky 다이오드와 pn 다이오드의 동작 원리와 차이점을 이해한다.2. MOS 캐패시터의 동작원리를 이해하고 이를 기반으로 MOSFET의 특성을 이해하고 해석할 수 있다.3. 열적비평형 상태에서 동작하는 바이폴라 트랜지스터의 물리적 특성과 소자의 동작원리를 이해한다.4. 광소자, 고속반도체소자 등에 대한 개념을 배운다.5. 반도체 기술 트렌드를 파악한다.","주교재: Semiconductor Physics and Devices, Donald Neamen, Fourth Edition, 2012, McGrawHill[참고교재]1. Ben G. Streetmann, Solid State Electronic Devices, PrenticeHall2. Anderson, Fundamentals of Semiconductor Devices, McGrawHill",,,"물리전자, 전자기학1",True,True
58540,데이터 통신,3,1학기,3.0,전공(심화),"데이터 전달을 위한 계층 1, 2의 주요 기능, 장비 및 프로토콜에 대해 학습하고 이를 운용하는 실험을 통해 확인한다.","Data Communications and Networking, 6th. ed., Forozan",,,없음,True,True
58541,컴퓨터네트워크,3,2학기,3.0,전공(심화),컴퓨터 네트워크의 개요 및 망의 주요 요소 장비들의 동작 원리에 관해 학습하고 인터넷 망의 주요 프로토콜에 관해 이해하는 것을 목표로 한다.,"TCP/IP Protocol Siute, 4th ed., Forouzan, MacGrawHill",,,데이터통신,True,True
58542,선형대수,1,2학기,3.0,전공(기초),"전파.정보통신공학의 기본이 되는 선형대수의 기본 개념 학습수학, 기초과학, 공학의 지식과 정보기술을 공학문제 해결에 응용할 수 있는 능력공학문제를 정의하고 공식화할 수 있는 능력공학문제를 해결하기 위해 최신정보, 연구결과, 적절한 도구를 활용할 수 있는 능력","Gilbert Strang, Introduction to Linear Algebra, International Ed. (4th Ed.), WellesleyCambridge Press, 2009도서관에 우리말 선형대수 책이 다수 있음 (도서분류 번호: 512.5로 시작)김대수, 선형대수학 express, 2013, 512.5 013Shin Takahashi, (만화로 쉽게 배우는) 선형대수, 2009, 512.5 009가Howard Anton, (최신) 선형대수, 2011, 512.5 011기타 등등...",,,고교시절 벡터와 행렬,True,True
58543,창의설계입문,1,1학기,3.0,전공(기초),"공학설계 능력에 필수적인 창의적 사고, 팀활동, 의사소통, 창의적 사고기법 등을 이해하고 활용하여 제시된 공학설계 과제 해결 능력을 증진시킨다.","별도 교재는 없으며, 참고 자료는  충남대학교사이버 캠퍼스를  통하여 배포함.",,,없음,True,False
58544,논리회로,2,1학기,3.0,전공(핵심),"1. 디지털 시스템에 대한 기본 개념을 이해하고, 논리적 분석을 위한 능력을 습득한다.2. 여러 기본 gatelevel 과 combination logic의  동작 및 기본지식을 습득하고 해석하는 능력을 배양한다.3. 좀더 발전된 sequential logic 과 functional block 에 대한 동작 및 기본지식을 습득하고 해석하는 능력을 배양한다.4. 습득한 디지털 설계의 기본지시을 바탕으로 독자적으로 과제 수행 및 설계, 해석할 수 있는 능력을 배양한다.","Logic and Computer Design Fundamentals 5rd Edition,M. Morris Mano Charles R.Kime, 2016, Prentice HallJohnson ""Electric Circuit Analysis"" PrenticeHall",,,,True,True
58545,회로이론 1,2,1학기,3.0,전공(핵심),1. 회로이론의 기본개념을 습득하고 간단한 회로의 동작원리를 터득한다.2. 기초지식에 대한 중요성을 인식하게 하고 각 분야 응용에 대한 사항을 지속적으로 모니터링할 수 있도록 한다.3. 공학도로서의 책임과 역할을 이해한다.,"J.David Irwin ""Basic Engineering Circuit Analysis"", 8th ed. JohnWiley & Sons, 2005Johnson ""Electric Circuit Analysis"" PrenticeHall",,,,True,True
58546,회로이론2,2,2학기,3.0,전공(핵심),1. 기초선형 전기소자의 특성을 주파수 공간에서 표현하고 이해한다.2. 기초 지식에 대한 중요성을 인식하게 하고 각 분야 응용에 대한 사항을 지속적으로 모니터링할 수 있도록 한다.3. 공학도로서의 책임과 역할을 이해한다.,"J.David Irwin ""Basic Engineering Circuit Analysis"", 8th ed. JohnWiley & Sons, 2005<참고문헌>Johnson ""Electric Circuit Analysis"" PrenticeHall",,,회로이론 1,True,True
58547,객체지향프로그래밍,2,2학기,3.0,전공(핵심),"객체지향 프로그래밍 언어이면서 OS에 상관없이 사용할 수 있다는 점에서요즘 널리 각광받는 Java 언어를 배우고 익힌다.Java 언어의 특징과, 객체지향 개념, 멀티스레드와 Swing component를 이용한 사용자 인터페이스기술 등을 중심으로 실무적인 프로그래밍 능력을 배양하는 것을 목표로 한다.","황기태, 김효수, 명품 JAVA Programming, 생능출판사,.... 최신판으로신용권, 혼자 공부하는 자바, 한빛아카데미, 2019실전 자바 소프트웨어 개발, 아카데미  한빛 아카데미, 2020임동혁, JAVA를 게임으로 정복하기, B&C 출판사, 2011<참고문헌>이론과 실습을 한 후 과제로 부여해야 할 필요한 있는 경우 과제로 부여.텀 프로젝트 나갈 것임.",,,없음,True,True
58548,전기자기학2,2,2학기,3.0,전공(핵심),1. '전기자기학1'에서 배운 정전계에 대한 이해도를 높힌다.2. 정자계와 전계의 물리적 상관관계 이해하고 해석할 수 있는 능력을 키운다.3. Timingvarying field 에 대한 Maxwell 방정식을 이해한다.4. 평면파 전파에 대한 물리적 의미를 습득한다.,"교재: Hayt and Buck, Engineering Electromagnetics (9th Edition), McGrawHill        (영문판 추천)참고문헌: David K. Cheng, Field and Wave Electromagnetics (2nd Edition), Addison Wesley",,,"전기자기학1('전기자기학1' 미수강자 또는 'D' 혹은 'F'를 받은 학생은 교수 면담 후, 수강신청 요망",True,True
58549,자료구조및실습,2,1학기,3.0,전공(핵심),"문제를 해결 하는데 있어 방대한 양의 자료를 어떻게 구조화 시켜 다룰 것인지, 시간 및 메모리 필요량을 어떻게 예측할 것인지 등에 대한 기본 개념을 알게 된다. 각 자료구조가 어떤 문제들에 활용될 수 있는지를 각종 예제들을 통해 알게 된다.","1) 천인국, 공용해 공저, ‘C 언어로 쉽게 풀어쓴 자료구조’, 생능출판사 (최신판)2) 참고.. Horowitz, Sahni, AndersonFreed, Fundamentals of Data Structures in C, 2nd Edition, Silicon Press, 2008",,,컴퓨터 프로그래밍,True,True
58550,디지털시스템설계,2,2학기,3.0,전공(핵심),1. 디지털시스템 설계 시 필요한 기본적인 지식 습득2. 디지털시스템 설계 툴에 대하여 이해하고 이를 이용하여 디지털 시스템을 설계 및 구현할 수 있는 능력 배양,강의자료 형태로 제공 예정,,,논리회로,True,True
58551,초고주파공학,3,2학기,3.0,전공(심화),"1. 전송선로, 도파관 원리와 해석방법을 배운다.2. 초고주파 수동회로에 대해 이해하고 설계 및 해석방법을 습득한다.3. 전체적인 초고주파 시스템을 이해한다.4. 상용 설계 tool 을 사용하고 시물레이션 해봄으로써 초고주파 부품에 대한 동작원리를 이해한다.","교재: D.M.Pozar, Microwave Engineering, 4th ed. 2012참고문헌: 1. J. D. Kraus, Electromagnetics, McGrawHill 1984.2. S. Ram, etc. Fields and Waves in communication Electronics. Wiley. 1984.3. 박동철 , 마이크로파공학 DVD타이틀. 전파교육연구센터. 2005.",,,"전기자기학 1/2, 전자파이론",True,False
58552,디지탈신호처리,4,1학기,3.0,전공(심화),디지털 신호 해석 및 디지털 신호처리 시스템 설계에 필요한 기본 지식들을 습득하고 이를 이용하여 디지털 시스템에 대한 설계 및 해석 능력 배양,"J. G. Proakis and D. G. Manolakis, 'Digital Signal Processing', 4th EdV.K. Ingle and J. G. Proakis, ""Digital Signal Processing Using MATLAB: A Problem Solving Companion"", 4th Ed",,,신호 및 시스템,True,True
58553,전자회로 설계,3,1학기,3.0,전공(심화),"1. 회로이론 및 전자회로에서 학습된 내용을 ADS를 활용하여 검증, 확인하며 설계 예제를 통해 CAD를 사용한 설계 시뮬레이션 및 PCB layout 설계 능력을 배양함으로써 현실적 제한조건을 반영한 설계 능력을 함양한다.2. 공학실무에 직접 활용이 가능한 ADS의 사용법을 익히고 활용 능력을 배양하도록 한다.3. 문제 해결을 위해 팀 내 역할 분담을 수행하고 자신의 역할을 해낼 수 있다.4. 결과물을 체계적으로 정리하고 발표할 수 있다.","주교재1: 염경환, 전자회로 및 마이크로파 회로설계 실습, 충남대학교출판부 (교재는 사전에 준비되어야 함)주교재2: 김동욱, 개방형 문제 기반 전자회로 기초 설계 (인터넷 파일로 별도 제공 가능)참고문헌: ADS Manual, 전자회로 교과목 주교재, 회로이론 교과목 주교재",,,(권장 선수과목) 회로이론,True,True
58554,전자회로실험,3,1학기,3.0,전공(심화),"본 전자회로실험은 회로이론 및 전자회로에서 학습한 전자공학이론을 다양한 기초실험을 통해 학습하는 과목으로 관련 이론 응용 및 필요한 계측기 활용 능력을 배양하는 것으로 주 목적으로 한다.  각 실험마다 예비보고서, 결과보고서 작성을 통해 결과 정리 및 보고서 작성 등을 함양한다. 또한 조별 실험진행을 통해 주도적 학습 능력 및 팀웍 협업 능력을 키우는데 그 목적이 있다.","교재: 염경환, 전자회로 실험",,"회로이론 ""Electric Circuit Analysis "" David E. Johnson전자회로 ""Microelectronic Circuits "" Sedra and Smith","회로이론1,2, 전자회로1",True,True
58555,운영체제,3,1학기,3.0,전공(심화),"운영체제(Operating Systems)는 컴퓨터 하드웨어를 관리하면서 프로그램 실행을 제어하는 시스템 소프트웨어로서 컴퓨터의 두뇌에 해당한다. 컴퓨터 시스템 및 전자 장치를 개발하거나 운용하기 위해서는 먼저 운영체제를 이해해야 한다. 본 과목에서는 운영체제의 기본 원리를 학습한다. 특정 운영체계에 국한된 사항들보다는 일반적인 운영체제의 공통적 구조와 기능을 설명하며, 프로그래밍 과제를 통해 원리를 이해한다.컴퓨터 하드웨어의 개략적 이해컴퓨터 소프트웨어 실행 원리운영체제의 각 컴포넌트 운영체제의 역할 이해운영체제를 위한 알고리즘 학습","Operating Systems, Internals and Design Principles (9th Ed.),         William Stallings, Prentice Hall, 2014",,,C 프로그래밍 언어운영체제 사용 경험,True,True
58556,알고리즘,3,2학기,3.0,전공(심화),알고리즘은 컴퓨터를 사용하여 문제를 해결할 수 있는 방법이다. 본 강의에서는 효율적인 알고리즘을 설계하고 이를 증명하는 여러 가지 방법들을 학습한다. 또한 몇몇 문제들에 대해서는 알고리즘들을 학습하고 이를 프로그래밍 과정을 통해 구체화시켜 본다.,"(뇌를 자극하는) 알고리즘=Algorithm, 한빛미디어, 박상현 저",,,이산수학자료구조 및 실습 (필수임),True,True
58557,마이크로파회로설계1,3,2학기,3.0,전공(심화),전송선으로 구성된 마이크로파 수동소자 설계능력,"교재염경환 마이크로파 및 전자회로설계실습 , 충남대학교출판부참고문헌1. D. E. Johnson, Electric Circuit Analysis, 3rd edition, Prentice Hall, 19972. A. Sedra and K.C. Smith, Microelectronic Circuits, 5th edition Oxford, 20043. LINES, WAVES, AND ANTENNAS",,,"선수과목: 회로이론, 전자회로(1),(2), 전자파 이론, 전자회로 설계실습회로이론과 전자회로의 내용을 기본적으로 알고 있어야 하며, 전자파 이론의 내용을 선행학습하여 알고있다고 가정함. Window 운영체제를 사용할줄 알아야함",True,True
58558,확률및랜덤프로세스,3,1학기,3.0,전공(심화),기초적인 확률의 개념 정립확률변수 개념정립랜덤프로세스 이론 및 기초 응용력 배양,"윤복식,변윤식,윤동원,조위덕,최윤식,최종필,황승훈, 확률과 랜덤과정2판(수정판) (Therrien원저) Charles Therrien and Murali Tummala, Probability and Random Processes for Electrical and Computer Engineers, CRC pressScott L. Miller and Donald G. Childers, 'Probability and Random Processes', Elsevier",,,신호 및 시스템,True,True
58559,마이크로프로세서응용설계,3,2학기,3.0,전공(심화),"임베디드 시스템의 전반적인 이해을 목적으로 하는 수업이다. 마이크로 컴퓨터 구조, 프로그램, 마이크로 컨트롤러, I/O, 아날로그 입/출력과 관련된 기초 이해와 구현을 한다.","Embedded Systems: Introduction to ARM® CortexTMM Microcontrollers , Fifth Edition,  Jonathan W Valvano",,,"기본 C 프로그램밍, 회로이론 및 전자회로 지식이 있으면 도움이 됨.",True,True
58560,무선임베디드시스템,3,2학기,3.0,전공(심화),"신호의 시간영역 표현과 주파수 영역 표현에 대해 이해한다.Discrete Fourier Transform을 통해 신호를 분석하는 방법에 대해 이해한다.Python 및 기본 디지털 신호에 대한 이해를 통해, 신호의 변조/복조에 대해 이해한다.",,,"교과서는 없으며, 강의자료를 통해 수업이 진행된다.참고문헌: The Scientist and Engineer's Guide to Digital Signal Processing By Steven W. Smith, Ph.D.","기초프로그래밍, 공학수학2, 신호및시스템",True,True
58561,차세대 네트워크,4,1학기,3.0,전공(심화),"인터넷의 전송 계층, 응용 계층 프로토콜과 최근 새로이 등장하는 차세대 네트워크 기술 분석  프로토콜 분석기를 사용한 실습 (DNS, DHCP, rlogin 및 telnet, ftp, SMTP, POP , SNMP , http 프로토콜 등) IPv6 및 네트워크 보안 개요 학습","Behrouz A. Forouzan, 'TCP/IP Protocol Suite', 4th ed., McGrawHill, 2010",,,컴퓨터 네트워크,True,True
58562,전자파환경공학,4,2학기,3.0,전공(심화),"o 시스템 수준에서 발생될 수 있는 전자파 간섭 문제를 파악하고 해결할 수 있는 기본 원리를 학습함.   >>  주요 학습 분야 :  PCB(Printed Circuit Board) EMC,  IC(Integrated Circuits) EMC,  Automotive EMC   >>  부품 및 시스템에서 EMC 규격의 의미 및 설정 방법을 이해하고, 부품 및 시스템의 전기적 성능과 EMC 규격 만족을 위한 tradeoff 방법 학습.   >>  전자기학, 전자파이론, 초고주파공학 등의 이론을 EMC 문제에 적용하여 해결하는 방법 학습.   >>  EMC관련 현안을 주제로 문제화하고 자료를 조사하여 해결할 수 있는 체계적 방법 학습.","주요 학습 분야별(PCB EMC,  IC EMC,  Automotive EMC) 교재 추천: (pdf 제공)Clayton R. Paul, Introduction to Electromagnetic Compatibility, 2nd ed., 2006, John Wiley & Sons, Inc. EMC and the Printed Circuit Board: Design, Theory, and Layout Made Simple, by Mark I. Montrose, Hardcover, August 1998, WileyIEEE Press.Analysis of Multiconductor Transmission Lines, Clayton R. Paul, John Wiley & Sons, 1994.",,,"전자기학1, 전자기학2, 전자파이론, 초고주파공학",True,True
58563,이동 및 위성통신,4,1학기,3.0,전공(심화),"본 과목은 2가지 주요 목표를 갖는다. 1) 이동 통신 시스템 이해를 위한 원천 기술 및 무선 채널의 이해 2) 최신 이동 통신 시스템의 구조, 프로토콜, 성능에 관한 이해","별도 교재는 없으며, 참고문헌은 다음과 같음. “Mobile Communications” by Jochen H. Schiller, 2nd edition, 492 pages, Addison ­Wesley, 2004최신 이동통신입문 by 곽경섭, 고영채,  한빛아카데미 “Wireless Communications”, Andrea Goldsmith, Cambridge University Press, 2005.“Wireless Communications: Principles and Practice”, Second Edition, Theodore Rappaport, Prentice Hall, 2001“Wireless Communication Networks and Systems,” Cory Beard and William Stallings, Pearson, 2015.",,,"디지털통신시스템, 데이터 통신, 컴퓨터통신에 관한 기본 지식",True,True
58564,정보통신특강,4,2학기,3.0,전공(심화),정보통신 분야의 다양한 기술에 대해 파악하고 최신 기술 동향에 대해 파악한다.,,,,,True,True
58565,전파응용실험,4,2학기,3.0,전공(심화),"1. 마이크로프로세서를 이용하여 다양한 기능을 구현해봄으로써 CPU의 동작원리를 이해하고 활용할 수 있는 능력을 배양한다.2. 마이크로프로세서를 이용하여 RF 모듈 제어 능력을 배양한다.  switch, attenuator, PLL, DDS, 주파수합성기3. 실험결과를 작성하고 발표해봄으로써 발표능력과 문서작성능력을 향상한다.",전파응용실험,,,"회로이론, 전자회로, 통신이론, 디지털통신,  컴퓨터프로그래밍",True,False
58566,RFIC공학,4,1학기,3.0,전공(심화),"1. 무선통신의 개념과 RF 설계 개념을 이해할 수 있다.2. RFIC를 구성하는 수동소자 및 능동소자의 특성을 이해할 수 있다.3. 송수신 시스템의 구조와 특징, 장단점을 이해하고 시스템 파라미터를 해석할 수 있다.4. RFIC 설계를 위한 정합회로의 구성과 증폭기를 설계할 수 있다.5. 관련분야의 새로운 기술을 파악하고 기술의 흐름을 이해할 수 있다.","Behzad Razavi, RF Microelectronics, 2nd edition *한글판: 이문규 외, RF 전자공학(2판)을 사용해도 되나, 교재에 오번역된 내용들이 다수 있어 주의를 요함.",,,"(권장 선수과목) 물리전자, 반도체소자, 전자회로, 초고주파공학",True,False
58567,무선통신시스템,4,1학기,3.0,전공(심화),"1) 무선통신 부품과 시스템에서 H/W의 동작 원리 및 구성을 이해한다.2) 여러가지 무선통신 시스템이 겪었던 문제점을 주제로 문제화하고, 해결할 수 있는 체계적 방법에 대해 발표한다.","1. 수업 강의자료2. Microwave and RF Wireless Systems  저자 : David M Pozer3. MATLAB Onramp (Signal Processing, Wireless Communication)",,"Practical RF System Design, W. F. Egan.","선형대수, 신호및시스템, 통신이론, 초고주파공학",True,True
58568,마이크로파회로설계2,4,1학기,3.0,전공(심화),1. 전자파이론에서 학습된 지식을 바탕으로 애질런트사의 ADS(software임)를 사용하여 규격에 맞는 초고주파회로를 설계할 수 있다.(학습성과 3)2. 설계된 회로를 직접 제작하고 회로망분석기를 이용하여 측정해봄으로써 설계 결과를 분석할 수 있다. (학습성과 5)3. 문제 해결을 위해 팀내 역할 분담을 수행하고 자신의 역할을 해낼 수 있다. (학습성과 6)4. 설계결과를 효과적으로 발표할 수 있다. (학습성과 7),"마이크로파회로설계2 (저자, 홍성용), Microwave Engineering(Pozar), 기초회로실험(백주기, 성안당)1. D. E. Johnson, Electric Circuit Analysis, 3rd edition, Prentice Hall, 19972. A. Sedra and K.C. Smith, Microelectronic Circuits, 5th edition Oxford, 20043. LINES, WAVES, AND ANTENNAS4. Carlson, Communication Systems",,,"기초회로실험, 전자회로실험, 회로이론, 전자회로(1),(2), 전자파이론, 전자회로설계, 마이크로파회로설계1",True,True
58569,컴퓨터통신응용,4,2학기,3.0,전공(심화),실제 네트워크를 운용하는데 필요한 실무 지식을 실습을 통해 배우며 네트워크 프로토콜을 심층 학습하여 네트워크 전문가를 양성하는데 목표를 두고 있음,"컴퓨터네트워크 실습, 충남대학교출판사, 김병철, 이재용",,,컴퓨터 네트워크,True,True
58570,정보및부호이론,4,2학기,3.0,전공(심화),"정보의 정의를 이해하고 정보에 대한 조작을 통하여 정보의 핵심을 분리하는 소스코딩, 정보전달에서의 오류를 수정하는 채널코딩 방법을 학습한다.","정보통신 엔지니어를 위한 코딩과 정보이론, Richard B. Wells 저, 서덕영, 김덕년, 이재진 공역, 교보문고Applied coding and information theory for engineers, Richard B. Wells, Prentice hall",,,통신시스템의 구성에 대하여 학습한다.확률이론에 대하여 학습한다.부호이론의 이해를 높이기 위한 선형대수학을 학습한다.,True,False
58571,안테나공학,4,1학기,3.0,전공(심화),"전자장이론을 통하여, 안테나의 방사개념을 이해하고, 설계 및 측정을 통해 실무능력을 익힐 수 있도록 함.1. 안테나 설계능력을 기른다(학습성과3)2. 다양한 예를 통한 복잡한 미, 적분을 물리적 의미와 부합해서 해결할 수 있다(학습성과4)3. 1인 1조로 실습을 통하여 문제해결능력을 키운다.(학습성과6)",Antenna theory analysis and design 3th. ed. (저자 : Constantine A. Balanis),,,"1. 전기자기학(1),(2)    2. 회로이론    3. 초고주파공학",True,False
58575,부호이론,1,1학기,3.0,전공,부호이론 이해에 필요한 수학적인 내용을 이해하고 이를 바탕으로 다양한 부호화 방식들에 대한 부호화 및 복호 기법들에 대하여 이해하는 것을 교과목표로 함,"Stephen B. Wicker, 'Error Control Systems for Digital Communication and Storage', Prentice Hall",,,"디지털통신, 대수학",True,False
58576,고급능동초고주파공학,1,1학기,3.0,전공,1) 전력증폭기의 분류 및 설계능력     2) 발진기의 규격 이해 및 설계능력     3) 위상잠금회로의 이해 및 설계능력     4) 혼합기의 이해 및 설계능력,"교재염경환, Microwave Circuit Design: Practical Approach using ADS, Prentice Hall; 1 edition, June 1, 2015참고문헌[1] S. C. Cripps, Advanced Techniques in RF Power Amplifier Design,	ArTech House[2] G.D. Vendelin et al., Microwave Circuit Design using linear and nonlinear techniques, John Wiley & Sons Inc., 1990.[3] W.P. Robins, Phase noise in signal sources, IEE Press, 1984.[4] S.A. Maas, Microwave Mixers, Artech House, 1993.[5] H.C. Torrey and C.A. Whitmer, Crystal Rectifiers, McGraw Hill, 1948[6] D.N. Held and A.R. Kerr, ""Conversion loss and noise of microwave and millimeter wave mixers Part 1Theory"", IEEE Trans on Microwave Theory and Tech., vol.MTT26, no. 2, Feb., pp. 4955, 1978.[7] D.N. Held and A.R. Kerr, ""Conversion loss and noise of microwave and millimeter wave mixers Part 2Experiment"", IEEE Trans on Microwave Theory and Tech., vol.MTT26, no. 2, Feb., pp. 5561, 1978.",,,능동초고주파공학ADS 사용능력,True,False
58577,고급아날로그회로,1,1학기,3.0,전공,1. 다양한 아날로그 회로의 동작원리에 대해 이해한다. 2. 아날로그 집적회로 해석 및 설계 능력을 습득한다.3. 아날로그 설계에 필요한 Layout 및 Package 설계를 학습한다.,"교재: Behzad Razavi, "" Design of Analog CMOS Integrated Circuits"", McGRAWHILL 1st Edition",,,전자회로1/2,True,True
58578,전자장론,1,1학기,3.0,전공,o 주변 전자기적 현상을 분석하기 위하여 수식화 할 수 있는 능력을 학습한다. o 전자기 기본정리들을 배우고 전자기 경계조건 문제 및 전자파 복사문제들을 접근하는 기법들을 학습한다.,Hyo J. Eom. Electromagnetic Wave Theory for Boundary Value Problems,,,"학부 전자기학공학수학I, II",True,True
58579,기계 학습,1,1학기,3.0,전공,"기본적인 ML/DL에 대한 이해와 하이퍼 파라미터 튜닝과 같은 현실적인 문제를 이해하고자 함. 다양한 그래프 기반 데이터의 모델링 및 분석 알고리즘을 학습함. 특히, 그래프 빅데이터를 분석하기 위한 심화 학습 부분을 포함함.","특정 교재는 없으며, 필요한 강의 자료 및 논문은 사이버 캠퍼스를 통하여 공유함.",,,없음.,True,False
58580,인터넷공학,1,1학기,3.0,전공,인터넷 전송계층 프로토콜의 변화과정을 제시 전송계층 최신 연구동향분석프로토콜에 따른 전송 성능분석 능력 배양,"Subir Varma, 'Internet Congestion control', Morgan Kaufmann, 2015",,각종 표준문서 및 연구논문 다수,컴퓨터 네트워크,True,False
58581,자연언어처리,1,1학기,3.0,전공,자연언어처리의 기본 개념자연언어와 인공언어의 차이자연언어 처리의 까다로운 문제점 이해자연언어 처리 응용 시스템딥러닝을 이용한 자연언어처리 알고리즘 이해,Speech and Language Processing (3rd ed. draft)https://web.stanford.edu/~jurafsky/slp3/,,Practical Natural Language Processing: A Comprehensive Guide to Building RealWorld NLP Systems 1st EditionNatural Language Processing with PyTorch: Build Intelligent Language Applications Using Deep Learning 1st Edition,"알고리즘자료구조, 파이선 프로그래밍딥러닝 기초",True,False
58582,민군용 초고주파수동회로,1,1학기,3.0,전공,1. 전송선 이론을 이해하고 Smith chart 등 다양한 고주파 회로 설계 도구를 습득한다. 2. 도파관 이론 및 여파기 이론을 이해 한다.  3. 민군용 여파기를 설계하고 제작해봄으로써 문제해결 능력을 배양한다.  LC filter 설계    Microstrip filter 설계  도파관 필터 설계,"Pozar, Microwave Engineering, John Wiley & Sons, Inc. 4th editionTerm project : 레이더용 Waveguide filter 설계                 Reference : M/W Journal, RF design, IEEEMTT, etcTerm project 결과 발표 : 15분 발표, 5분 질문                      발표형식(목적+이론+설계+제작+측정+결론)   Term project 결과보고서 작성 : 학술대회양식",,,"전자기학, 회로이론, 전자파이론, 마이크로파설계2",True,True
58602,유기광전자재료,3,1학기,3.0,전공(심화),,"Introduction to Materials Science for Engineers, J. F. Shackelford반도체 재료, 김학동",,,,False,True
58625,바이오전자융합소재,4,2학기,3.0,전공(심화),"고분자 및 유기재료를 기반으로 한 융합소재 연구에 대한 주어진 주제에 대해  최신 기술에 대해 자료 조사 및 정리할 수 있는 역량을 키우고, 주제에 대한 이해도를 바탕으로 지도교수의 지도에 따라 실험을 설계 및 수행할 수 있는 역량을 키우며, 획득한 실험 데이터를 체계적으로 정리하여 발표할 수 있는 능력을 키우고자 함.","○ 각 지도교수의 실험 주제에 따라 제공된 자료○ Experimental methods in polymer chemistry (J. F. Rabek, 1980)",,,○ 없음,False,True
58627,계산이론,2,1학기,3.0,전공(심화),1. 형식문법의 개념 및 종류의 이해2. 형식언어의 이해3. 오토마타의 설계 기술 습득,"형식언어와 오토마타 (6th Edition), Peter Linz 저, 홍릉과학출판사",,"P. Linz, An introduction to Formal Language, Health and Company, 1990A. Aho and J. Ullman, The Theory of Parsing, Translation and Compling, Vol. 1. 1972형식언어와 오토마타이론, 신영길 외 3, 상조사, 1992오토마타와 계산이론, 김대수, 생능출판사",이산수학컴퓨터 프로그래밍,True,False
58628,컴퓨터구조,2,2학기,3.0,전공(기초),컴퓨터 시스템의 구조에 대해 공부해서 컴퓨터 설계 능력을 향상한다.,"Computer System Architecture, Prentice Hall, M. Morris Mano",,,논리 회로,True,True
58629,시스템프로그래밍,2,2학기,3.0,전공(핵심),컴퓨터 시스템이 무엇인지 이해할 수 있다프로그래밍과 컴퓨터 하드웨어와의 관계를 이해할 수 있다시스템 프로그램의 역할을 이해한다운영체제의 역할을 이해한다.,"컴퓨터 시스템, 교보문고, Randal E. Bryant",,,필수 선수과목 : 컴퓨터 프로그래밍,True,True
58630,웹프로그래밍,2,2학기,3.0,전공(심화),웹프로그래밍에 대해 정확히 이해하고 프로그래밍 할 수 있다.웹프로그래밍 언어를 사용하여 최신 표준기술을 이용한 웹페이지를 만든다.웹프로그래밍 지식을 통해 이를 활용할 수 있는 웹 사이트를 설계하고 구축한다.,"W3Schools Online Web Tutorials, https://www.w3schools.com/, HTTP Tutoriral, https://www.tutorialspoint.com/http/index.htm,",,,자료구조,True,True
58632,AI활용 표현과 문제해결,2,1학기,3.0,전공(핵심),인공지능의 현실문제에의 적용 과정에 대한 이해 및 구현 능력 배양인공지능이 다룰 수 있는 다양한 데이터와 그 표현방법 및 문제의 종류에 대한 이해실습(Lab.) 시간에는 인공지능의 도구에 대한 개념 소개 및 활용방법등을 배움,,,,프로그래밍 능력 (파이썬을 미리 공부하고 들어오면 좋음)선형대수 (기초적인 수준이면 됨),True,True
58633,컴파일러개론,3,2학기,3.0,전공(심화),프로그래머의 의미전달을 담당하는 컴파일러에 대해 학습프로그래밍 언어 및 처리과정의 본질을 이해궁극적으로는 창의적 프로그래밍을 지향작지 않은 크기의 프로그램 대한 체계적인 구조를 경험해 봄으로써 프로그래밍 실력을 한 단계 향상,자체 편집 강의 노트참고자료수업 중 안내,,,"Java 프로그래밍 기초 능력, 새로운 도구 설치 구동 능력자료구조의 Tree, Hastable 부분 간단한 어셈블리어를 이해하는 능력 또는 이해하는 방법을 배우고자 하는 의지프로그래밍언어론이나 계산이론, 시스템프로그래밍은 미리 알면 유리하긴 함그러나 이것이 전부는 아니므로 주의할 것",True,False
58634,컴퓨터그래픽스,3,2학기,3.0,전공(심화),컴퓨터 비전의 기본적인 내용과 대한 이해,,,,선형대수,True,False
58635,컴퓨터네트워크,3,2학기,3.0,전공(핵심),"21 세기 정보화 사회는 인터넷을 기반으로 다양한 형태의 통신객체들이 연결되고 이를 통해 방대하고 다양한 정보가 교환된다. 이를 달성하기 위해 통신객체들을 연결하는 통신망과 사용자가 직접 사용하는 단말기의 통신 프로토콜은 이러한 정보 교환의 핵심적인 요소이다. 본 강의의 최종목표는 데이터통신 과목에서 학습하지 않았던 상위계층 통신망 프로토콜에 대해 학습하고, 상용 통신장비와의 연동 실습을 통해 프로토콜의 기본적인 이해 를 도모한다. (데이터통신 과목과의 목표와 동일하며, 상위계층 통신망 프로토콜 및 보안 프로토콜 등에 비중을둔다.)","교재: B. Forouzan, ""Data Communications and Networking,"" 5th edition, McGraw Hill, 2012.참고물: 김상하, ""성공적인 컴퓨터 네트워크의 이해,"" 홍릉과학출판사, 2003.강의자의 슬라이드 자료들",,,데이터통신,True,True
58636,소프트웨어공학,3,2학기,3.0,전공(심화),"소프트웨어 공학에 대한 기본 개념을 이해한다. 특히 소프트웨어 시스템 개발에 필요한 생명주기 모델을 바탕으로 요구사항 분석, 설계, 구현, 검증 등 각 단계에서 이루어지는 활동과 산출물을 다룬다.이러한 기본적인 학습과정을 바탕으로 학생들이 팀별 프로젝트를 수행하고, 프로젝트 수행의 각 과정을 점검받음으로써 프로젝트 수행 능력을 향상시킨다. 이를 통해 학생들이 졸업 후 산업체에서 경험하게 되는 소프트웨어 개발의 기술적, 관리적 측면을 습득하게 되고 습득한 이론과 실무를 개발 현장에서 쉽게 활용할 수 있도록 한다.","주교재: ObjectOriented Software Engineering 2nd Ed., Timothy C. Lethbridge and Robert Laganiere, McGraw Hill부교재: 소프트웨어공학, 윤청 지음, 생능출판사, 다양한 소프트웨어공학 교재(특히, 객체지향 중심의 소프트웨어 공학)",,,"컴퓨터프로그래밍, 객체지향설계",True,True
58637,운영체제및실습,3,1학기,3.0,전공(핵심),"학생들이 운영체제가 무엇인지, 그리고 운영체제가 어떻게 컴퓨터를 제어해서 여러 프로그램들이 실시간으로 실행되도록 하는지를 이해하게 함. 컴퓨터 운영체제 개발자이든 컴퓨터 사용자이든 또는 프로그래머이든 간에 컴퓨터 자원을 효율적으로 사용하여야 하므로, 운영체제의 동작원리를 이해하도록 지도함. 원리와 함께 Linux와 같은 상용 운영체제의 내부 구조와 기능을 사례로 소개하여 학생들이 실제적 지식을 얻도록 지도함. 컴퓨터공학과 학생들이 컴퓨터 하드웨어와 소프트웨어의 상관관계를 프로그래밍을 통해서 이해할 수 있도록 설계되었음. 주요 내용은 프로세스 관리,쓰레드 개념, 파일 관리, 파일 시스템, 입출력 관리, 인터럽트 처리 방법, 메모리 관리, 가상 메모리, 프로세스 스케줄링 등으로 구성됨. 이 과목의 실습에서는 리눅스를 활용하여 컴퓨터 운영체제의 주요 기능들을 이해하고, 활용하는 방법을 학습함","교재 : Operating Systems, Internals and Design Principles (9th Ed.), William Stallings, Pearson, 2017 (8th Ed. 또는 7th Ed.도 가능)참고문헌 : 주별 프로그램 실습, 학습 내용 문제 풀이강의노트 : 충남대학교 사이버캠퍼스 운영체제및실습 과목의 '자료실' 게시판 참조",,,"C언어 프로그래밍, 자료구조,시스템 프로그래밍 선수강 권장",True,True
58638,프로그래밍언어개론,3,1학기,3.0,전공(심화),프로그래밍 언어 이해프로그래밍 언어 구문과 의미 정의인터프리터 구현함수형 언어 활용 경험,"""Programming Languages: Application and Interpretation"", Second Edition, Shiriram Krishnamurthi""Introduction to Programming Languages"", Anthony A. Aaby위 교재의 내용을 참고하나 많은 부분 다른 방식으로 내용을 다루므로, 교재를 구입할 필요는 없음.",,,"컴퓨터프로그래밍1, 컴퓨터프로그래밍2, 이산수학, 계산이론최소 컴퓨터프로그래밍1,2 및 이산수학 수강 후 본 강좌를 수강하길 바람.",True,True
58639,영상처리,3,1학기,3.0,전공(심화),"본 과목에서는 영상처리 분야에 대한 전반적인 내용을 강의한다. 영상 획득, 화질 개선, 객체 분할, 컬러 영상 처리, 객체 인식, 영상 압축 등에 관한 내용을 다룰 예정이며, 동시에 컴퓨터 프로그래밍 (Python)을 통해 실제로 구현하는 실습 과정을 함께 진행한다.",매주 PDF 파일 제공 예정,,,"선형대수, 확률 및 통계",True,True
58640,디지털시스템설계,3,2학기,3.0,전공(심화),하드웨어 설계언어인 Verilog HDL 언어를 이용한 설계능력을 배양한다.컴픂터 하드웨어의 구조와 동작을 이해하고 설계할 수 있다.컴퓨터 연산 알고리즘을 이해한댜.,"강진구 외, Verilog를 이용한 디지털시스템 설계, CENGATE Learning / 한티미디어<참고문헌>Computer Arithmetic Algorithms Israel Koren신경욱, Verilog HDL을 이용한 디지털 시스템 설계 및 실습, 카오스북",,,논리회로및실험,True,True
58641,실전코딩,3,1학기,2.0,전공(심화),일선 개발자들이 사용하는 개발환경을 그대로 활용하여 개발 프로젝트를 수행함으로써 실무 능력을 배양,,,,"사전지식이 있으면 매우 유리한 기술 : GitHub 활용, Java 프로그래밍",True,True
58642,공개소프트웨어실습,3,2학기,2.0,전공(심화),오픈소스 소프트웨어를 활용한 협업 프로젝트 수행오픈소스 소프트웨어와 관련된 사회학적 지식 습득오픈소스 소프트웨어 커뮤니티에 기여 경험,* 교수 강의자료* 참고자료 : 온라인 교재 활용,,,"프로그래밍 skill (필수), GitHub 사용한 협업 skill (필수), 영어",True,False
58646,전자회로,3,1학기,3.0,전공(심화),"로봇/드론과 같은 인공지능시스템을 비롯한 모든 컴퓨터시스템은 기본적으로 전자회로로 구성되어 있으며, 이러한 전자회로에 대한 이해는 컴퓨터시스템을 이해하는데 있어 중요한 밑바탕이 된다. 본 과목에서는 전자회로의 기본이 되는 회로이론과 트랜지스터 소자, 그리고 이를 이용한 증폭 회로 및 디지털 회로의 원리를 학습한다. 이를 통해, 향후 디지털시스템설계, SoC설계, 임베디드시스템 등의 수업에 대한 기초를 제공한다.","주 교재: Razavi 전자회로, 한티미디어 김철우 외 5인참고 문헌: Nilson 회로이론, 한티미디어  장주욱 외 9인",,,"기초물리학, 논리회로",True,True
58648,알고리즘응용,3,1학기,3.0,전공(핵심),기존 자료구조 및 알고리즘에서 배웠던 개념 복습 및 새로운 알고리즘을 학습하고 실제 기출문제들을 통해 배운 내용들을 활용하는 능력을 키운다.,없음 (강의 슬라이드 제공),,"1. Guide to Competitive Programming, Antti Laaksonen (역저: 알고리즘 트레이닝 : 프로그래밍 대회 입문 가이드)2.  Competitive Programming 4, Halim, Steven / Halim, Felix / Effendy, Suhendry (역저: 알고리즘 트레이닝 : 자료 구조, 알고리즘 문제 해결 핵심 노하우)","컴퓨터 프로그래밍1, 컴퓨터 프로그래밍2, 자료구조, 알고리즘C++ 혹은 자바 프로그래밍이 가능해야 함 (C++ 추천)",True,True
58649,데이터베이스,3,1학기,3.0,전공(핵심),"본 강의는 대량의 데이타를 저장하고 검색하며, 조작할 수 있는 데이타베이스의 기본 개념 및 이론, 응용 기술을 습득시키는 데 그 목적이 있다. 이를 위해 데이터베이스 시스템에 대한 전반적인 개요 및 관계 데이터베이스 개념, 질의언어 및 트랜잭션 처리방법, 시스템 구조 등에 대한 이해를 통하여 데이터베이스 시스템 운용 및 응용프로그램 개발 능력을 갖도록 한다.","주 교재: “The Guide for SQL Professional (SQL 전문가 가이드)”, 한국데이터산업진흥원, 2020.이규철, “데이타베이스 시스템 이론과 응용 인터넷과 Java 중심으로”, 홍릉과학출판사참고 문헌: 데이터베이스 프로그래밍 관련 서적",,,"자료구조, 웹 프로그래밍",True,True
58650,데이터통신,3,1학기,3.0,전공(심화),"21 세기 정보화 사회를 달성하기 위해 핵심적으로 추진하여야 할 과제는 개인 컴퓨터 들을 비롯하여 다양한 통신 객체들을 네트워크로 연결하는 것이다. 본 강의의 최종 목표는 이러한 통신 객체들간에 어떻게 통신이 이루어지고, 이를 통해 음성, 전자 우편, 인터넷 서비스가 제공되는지에 공부하는 것이다.","교재: B. Forouzan, ""Data Communications and Networking,"" 4th edition, McGraw Hill, 2007.참고물: 김상하, ""성공적인 컴퓨터 네트워크의 이해,"" 홍릉과학출판사, 2007.           강의자의 슬라이드 자료들<참고문헌>1. 인터넷 프로토콜 자료구조 (파일 read/write) 이해를 위한과제2. 2개의 컴퓨터간의 통신 (Ethernet frame만 이용) 과제3. ARP 프로토콜 구현 과제 (IP chatting, Proxy ARP 포함)4. 무선 라우터 구현 과제",,,자료구조컴퓨터구조,True,True
58651,이동통신,4,2학기,3.0,전공(심화),"현재 5세대 이동통신망에 대한 연구 및 표준화 작업이 매우 활발히 진행되고 있다. 본 강의에서는 현재까지 이동통신망의 발전, 특히 통신망 프로토콜에 대해 공부한 후, 현재 진행 중인 5세대 이동통신망과 연결된 기술 및 방향에 대해 공부한다.","M. Sauter, From GSM to LTEAdvanced Pro and 5G: An Introduction to Mobile Networks and Mobile Broadband, 3rd ed., John Wiley & Sons Ltd., 2017.강의자의 슬라이드 자료들",,,"데이터통신, 컴퓨터네트워크",True,True
58652,정보보호,4,2학기,3.0,전공(심화),"처음 암호학을 접하는 학생을 위해 기본적인 암호와 보안의 개요에 대하여 학습하고, 통신과정에서 발생할 수 있는 정보보호 문제를 해결하기 위한 암호 알고리즘 및 암호 프로토콜에 관하여 학습한다.","알기 쉬운 정보보호개론 : 흥미로운 암호 기술의 세계, 3판, 히로시 유키 지음, 이재관, 전태일, 조재신 공역, 인피니티북스강의 노트",,,자료구조,True,True
58653,분산시스템,4,2학기,3.0,전공(심화),"분산시스템이란 네트웍으로 연결된 다수의 독립적인 컴퓨터들이 어떤 일을 서로 분담하여 처리하는, 즉 분산처리 기능을 가진 시스템을 말한다. 본 과목에서는 분산처리를 위해 필요한 요소 기술들, 즉 분산시스템 구조, 분산시스템을 위한 운영체제 기능, 미들웨어, 분산 프로세스 간 제어, 분산 파일 시스템, 보안 등의 개념을 학습하고 실습한다.","강의 노트(ppt slides) [파일 제공]Maarten van Steen, Andrew S. Tanenbaum, ""Distributed Systems"", Third edition, Version 3.03 (2020) [파일 제공]",,,,True,False
58654,최신컴퓨터특강,4,1학기,3.0,전공(심화),"최신 컴퓨터 기술 동향을 파악하고, 이를 통해 컴퓨터 (인공지능) 분야의 진로를 탐색할 수 있도록 한다.",교과목 게시판(충남대학교 사이버캠퍼스 혹은 별도 안내한 사이트)을 통해 주차별 참고 내용을 안내함,,,,True,False
58655,임베디드소프트웨어,4,1학기,3.0,전공(심화),"내장형 소프트웨어의 개발 환경을 이해한다.ARM프로세서를 이해하고, 프로그래밍 할 수 있다.내장형 운영체제의 구조를 이해하고, 주요 시스템 소프트웨어를 구현할 수 있다.내장형 운영체제를 위한 디바이스 드라이버를 설계할 수 있다센서들과 모터제어 프로그램을 작성할 수 있다.",없음ARM CORTEXM4 프로세서 관련 자료,,,운영체제및실습C 프로그래밍,True,True
58656,데이터과학,4,1학기,3.0,전공(심화),"가. 일반적목표 : 데이터사이언스 기초 지식과 코딩,  방법론 및 활용 기법, 컴퓨터공학자로서 데이터과학 플랫폼 활용 지식을 학습하고, 프로그래밍을 통해 이를 구현할 수 있는 능력 신장나. 구체적목표 (교과목 학습성과 내용)1. 데이터사이언스의 목적 및 활용을 이해할 수 있다. (PO1)(PO3) 2. 데이터사이언스 모델링 방법론을 이해할 수 있다.(PO1)(PO3) 3. 데이터사이언스 모델링을 프로그래밍으로 구현할 수 있다.(PO1)(PO3)",주교재: 강의자료참고문헌: 추후 공지,,,통계분석 및 기계학습 기초프로그래밍: Python,True,False
58657,시스템및네트워크보안,4,1학기,3.0,전공(심화),정보보호 분야를 이해하는데 필요한 포괄적인 기초 지식 학습컴퓨터 시스템에 대한 지식을 바탕으로 시스템 보안 기술의 원리와 적용 방법 학습각종 통신 프로토콜 및 IT 보안 장비에 대한 지식을 활용하여 네트워크 보안 기술의 원리와 적용 방법 학습,"강의 슬라이드 자료가 주제별로 제공됨. 아래 제시된 참고문헌을 활용함컴퓨터 보안: 원리 및 실습(3판), William Stallings 등 지음, 한영묵 등 번역, 한티미디어, 2016년네트워크 해킹과 보안(3판), 양대일 지음, 한빛아카데미, 2016네트워크 보안 에센셜(4판), 이재광 등 지음, 생능출판사, 2013년정보보안 개론과 실습: 시스템 해킹과 보안(개정판), 한빛아카데미, 2013년Seed Lab (https://seedsecuritylabs.org)",,,"컴퓨터구조, 운영체제, 컴퓨터통신, 시스템 프로그래밍에 대한 포괄적인 이해",True,True
58658,디지털 VLSI,4,2학기,3.0,전공(심화),디지털 CMOS 회로를 설계할 수 있다.CMOS 회로를 해석하고 분석할 수 있다.반도체 및 MOSFET 트랜지스터를 이해한다.,"주 교재: 백준기 외, CMOS VLSI 설계원리, Pearson Education Korea참고 문헌: CMOS VLSI Design, Pearson Weste/Harris",,,"전자회로, 논리회로",True,True
58659,데이터베이스설계,4,1학기,3.0,전공(심화),"데이터베이스 응용시스템 개발을 위해 필요한 DB 설계과정 및 데이터베이스 언어, 표준 프로그래밍 인터페이스를 습득함.데이터 아키텍처 준전문가(DASP) 수준의 실무 데이터 아키텍쳐 능력을 키움.","주 교재 : “The Guide for Data Architecture Professional”, 데이타아키텍쳐 전문가 가이드, 한국데이터베이스진흥원, 2020 EditionJSP 교재 : https://www.tutorialspoint.com/jsp/index.htm참고 문헌: 관계형 데이터 모델링 노트, 김기창, 위즈덤마인드, 2018",,,"자료구조, 웹프로그래밍, 데이터베이스",True,True
58660,딥러닝,4,1학기,3.0,전공(심화),1. 신경망 및 깊은 신경망에 대해 이해한다.2. 깊은 신경망을 학습 방법론을 이해한다.3. 특정 문제에 적합한 신경망의 특징적 구조를 이해한다.4. 프로그래밍을 통해 신경망을 구현한다.,"주교재: 강의자료참고문헌: Deep Learning (Ian Goodfellow et al., MIT Press)) (번역본 있음)",,,"수학: 선형대수, 확률과통계머신러닝 이론프로그래밍: Python, Pandas, Numpy",True,True
58661,종합설계1,4,1학기,3.0,전공(심화),"컴퓨터공학 전공 졸업프로젝트 주제를 대상으로 문제정의, 요구사항명세, 시스템분석, 구현 및 테스트 과정까지 일련의 프로젝트 개발 과정을 통하여 문제를 인식하고 이를 해결해나가는 전 과정을 경험해보도록 한다. 문제발견(공감과정), 문제정의, 아이디어, 프로토타입 만들기 및 테스트 등의 소프트웨어 개발 프로세스와 디자인씽킹 프로세스를 따른다.컴퓨터공학 전공과목의 특성상 코딩 능력, 테스팅 능력, GUI 개발 능력, GUI에 대한 사용자 고려/피드백을 통한 UI설계 능력 등도 중요하며, 프로토타이핑과 필드 테스트를 통한 피드백 과정을 포함하여 실제 현장에서의 프로젝트를 완성해나가는 전 과정을 수행하도록 한다.",,,,,True,False
58662,종합설계2,4,2학기,3.0,전공(심화),"컴퓨터공학 전공 졸업프로젝트 주제를 대상으로 문제정의, 요구사항명세, 시스템분석, 구현 및 테스트 과정까지 일련의 프로젝트 개발 과정을 통하여 문제를 인식하고 이를 해결해나가는 전 과정을 경험해보도록 한다.문제발견(공감과정), 문제정의, 아이디어, 프로토타입 만들기 및 테스트 등의 소프트웨어 개발 프로세스와 디자인씽킹 프로세스를 따른다.컴퓨터공학 전공과목의 특성상 코딩 능력, 테스팅 능력, GUI 개발 능력, GUI에 대한 사용자 고려/피드백을 통한 UI설계 능력 등도 중요하며, 프로토타이핑과 필드 테스트를 통한 피드백 과정을 포함하여 실제 현장에서의 프로젝트를 완성해나가는 전 과정을 수행하도록 한다.",,,,없음,True,False
58663,논리회로,2,1학기,3.0,전공(핵심),논리회로의 기본 개념을 이해하고간단한 논리회로부터 복잡한 논리회로까지 동작 방식과 설계 기법을 학습함으로써컴퓨터구조를 이해하는데 필요한 기초 지식을 습득한다.,"Roth & Kinney, Fundamentals of Logic Design (7th Ed), 2014 혹은강진구 외, 논리설계기초 (제7판), 센게이지러닝, 2017년 2월",,,,True,True
58664,디지털신호처리,2,1학기,3.0,전공(심화),"이 과목을 통해 학생들은 디지털 신호 시스템에 대한 이해를 통해서 통신 멀티미디어 디지털 시스템 및 인공지능에 필요한 기초지식을 학습한다. 컴퓨터공학에서 개설되는 전자회로, 영상처리, 멀티미디어, 디지털 시스템 등의과목들을 수강하기 위해 필요한 기본 지식을 확보하고 디지털 신호 시스템과 응용에 대한 깊은 이해를 할 수 있게된다.디지털 신호처리(DSP)는 샘플링된 신호나 데이터를 숫자로 표현, 컴퓨터를 이용하여 분석, 처리하는 것이다.신호의 주파수 영역 해석법을 이해한다.디지털 신호 및 시스템을 이해하고 설계할 수 있는 능력을 학습한다.응용분야로 통신, 영상처리, 데이터 압축, 음성신호처리, 인공지능 등이 있다.","Matlab을 이용한 디지털 신호처리(권욱현), Cengage LearningEssentials of Digital Signal Processing using MATLAB, (3rd Edition) V.K. Ingle and J.G. Proakis김명진, MATLAB 실습과 함께 배우는 신호와 시스템, 생능출판사장영범, DSP 이론과 실무, 2009.08.31",,,"수학, 선형대수",True,True
58665,인간컴퓨터 상호작용,4,1학기,3.0,전공(심화),"사용자 분석 방법론을 통한 사용자에 대한 이해 능력을 높이고, 이를 통해 사용자 중심의 디자인을 경험한다. 사용자가 필요로 하는 유용한 사용자 인터페이스 및 인터랙티브 시스템을 프로토타이핑을 해본다.구현 결과물이 다양한 상황에서 어떻게 활용되는지 실험을 설계하고 평가 하는 방법론에 대해 배우고 실습한다.",강의자료,,,"컴퓨터 프로그래밍1, 컴퓨터 프로그래밍2",True,False
58673,미래설계상담1,1,1학기,0.0,전공(기초),"1. 교수와 학생 간의 원활한 의사소통을 위해 미래설계상담제를 적극적으로 도입하여 학생 개개인의 각종 문제 해결은 물론, 대학 전체가 학업에 전념할 수 있는 면학분위기 조성에 이바지2. 학생 개개인의 전담 지도교수를 지정하여 학생들의 학사/생활/진로 등에 대한 교수와 학생간의 긴밀한 유대관계를 통해 학생들의 능률적인 학교생활과 졸업 후 이를 기반으로 성공적인 취업에 도달3. 체계적인 인성 교육 프로그램을 도입하여 최근 기업과 사회에서 특별히 요구하고 있는 소위 ‘인성을 갖춘 인재’ 양성4. 미래설계상담제를 통해 학생들의 대학생활에 대한 자기관리를 강조함으로써 우수학생이 평범한 학생으로 전락하여 졸업하는 현상을 예방",미래설계상담제 안내 공문미래설계상담제 가이드북,,,,True,False
58674,미래설계상담2,1,2학기,0.0,전공(기초),"1. 교수와 학생 간의 원활한 의사소통을 위해 미래설계상담제를 적극적으로 도입하여 학생 개개인의 각종 문제 해결은 물론, 대학 전체가 학업에 전념할 수 있는 면학분위기 조성에 이바지2. 학생 개개인의 전담 지도교수를 지정하여 학생들의 학사/생활/진로 등에 대한 교수와 학생간의 긴밀한 유대 관계를 통해 학생들의 능률적인 학교생활과 졸업 후 이를 기반으로 성공적인 취업에 도달3. 체계적인 인성 교육 프로그램을 도입하여 최근 기업과 사회에서 특별히 요구하고 있는 소위 ‘인성을 갖춘 인재’ 양성4. 미래설계상담제를 통해 학생들의 대학생활에 대한 자기관리를 강조함으로써 우수학생이 평범한 학생으로 전락하여 졸업하는 현상을 예방",,,,없음,True,False
58675,미래설계상담3,2,1학기,0.0,전공(기초),"1. 교수와 학생 간의 원활한 의사소통을 위해 미래설계상담제를 적극적으로 도입하여 학생 개개인의 각종 문제 해결은 물론, 대학 전체가 학업에 전념할 수 있는 면학분위기 조성에 이바지2. 학생 개개인의 전담 지도교수를 지정하여 학생들의 학사/생활/진로 등에 대한 교수와 학생간의 긴밀한 유대관계를 통해 학생들의 능률적인 학교생활과 졸업 후 이를 기반으로 성공적인 취업에 도달3. 체계적인 인성 교육 프로그램을 도입하여 최근 기업과 사회에서 특별히 요구하고 있는 소위 ‘인성을 갖춘 인재’ 양성4. 미래설계상담제를 통해 학생들의 대학생활에 대한 자기관리를 강조함으로써 우수학생이 평범한 학생으로 전락하여 졸업하는 현상을 예방",미래설계상담제 안내 공문미래설계상담제 가이드북,,,,True,False
58676,미래설계상담4,2,2학기,0.0,전공(기초),"1. 교수와 학생 간의 원활한 의사소통을 위해 미래설계상담제를 적극적으로 도입하여 학생 개개인의 각종 문제 해결은 물론, 대학 전체가 학업에 전념할 수 있는 면학분위기 조성에 이바지2. 학생 개개인의 전담 지도교수를 지정하여 학생들의 학사/생활/진로 등에 대한 교수와 학생간의 긴밀한 유대 관계를 통해 학생들의 능률적인 학교생활과 졸업 후 이를 기반으로 성공적인 취업에 도달3. 체계적인 인성 교육 프로그램을 도입하여 최근 기업과 사회에서 특별히 요구하고 있는 소위 ‘인성을 갖춘 인재’ 양성4. 미래설계상담제를 통해 학생들의 대학생활에 대한 자기관리를 강조함으로써 우수학생이 평범한 학생으로 전락하여 졸업하는 현상을 예방",,,,없음,True,False
58677,건축과컴퓨터,1,2학기,3.0,전공(핵심),"① AutoCAD의 기본기와 고급tool을 익히고 전체적인 기능을 이해한다.② AutoCAD를 이용하여 건축도면을 작성하며, SketchUP을 활용하여 모델링하므로 건축적 아이디어를 다양한 도구를 활용하여 표현할 수 있다.",,,,오토캐드를 왜 배워야하고 학습해야하는지 마음가짐을 잡고 수업에 임한다.,True,False
58678,건축설계1,1,1학기,3.0,전공(기초),"건축적아이디어를 시각적으로 표현하고 공간이해 및 창의력 향상에 중점을 둔 기초설계 교과목으로 향후 건축설계를 위한 전공지식탐구역량과 융복합지식 활용역량, 창의적 문제해결역량을 배양Keywords : Unit Space, Box, Gallery, Context 건축형태 및 공간의 창조에 있어 기본이 되는 기초 조형 요소(Design Basics)들에 대한 올바른 이해와 연습을 통해 조형 요소들을 체험케 한다. 건축 디자인의 기초가 되는 묘사력, 표현력, 구성력 등의 기초 조형 능력을 훈련시켜 본격적인 건축 조형을 구성할 수 있는 기초 능력을 배양한다.","Wucius Wong, 입체 디자인의 원론, 미진사 Wucius Wong, 평면 디자인의 원론, 미진사바실리 칸딘스키, 점 선 면 Wucius Wong, Principles of Color Desin, Willey F. Ching 저, 디자인입문제도(Architectural Graphics), 도서출판 보원전통목조건축결구법, 국립문화재연구소, 2014",,,해당없음,True,False
58679,건축설계2,1,2학기,3.0,전공(기초),"1. 처음 건축설계에 입문하는 과목으로서 건축설계 과정, 도면 작성법, 건축모형 만들기 등 건축 설계에 필요한 기본적인 방법론과 기술을 습득한다. 2. 주택의 문화적 역사적 고찰과 함께 인간적 스케일, 기능에 맞는 공간과 동선 등을 이해한다. 3. 의도하는 공간과 환경을 만들어 내기 위한 건축적 방법론을 습득한다.",,,"※매주 과제관련해 배포 및 공유되는 유인물 참고할 것.<참고문헌>과제1) '건축 설계 코드'  선긋기  평면도, 입면도, 단면도 그리기 (SCALE 1/100)과제2) 단독주택 설계  사례분석 : 근,현대 건축의 단독주택 사례를 분석한다. 개념과 공간 해결방법, 적용된 부위별 디테일 등을 구체적으로 분석하고 발표한다.  학생별로 가상의 혹은 현실의 특정한 인물을 설정하여 그 인물의 행태, 심리, 취미, 직업, 철학 등의 특성을 고려하여 그 인물(들)을 위한 주택을 만든다.    이때, 거주자는 1인(독신, 학생 등) 혹은 다수(가족, 동호회, 친구, 공유거주 등) 여도 무방하다.  최종 과제물로 전시패널(개념도, 평면도, 입면도, 단면도, 부분투시도 등이 포함됨) + 모형( Scale : 1/50)",건축설계 1,True,False
58680,건축응용설계1,2,1학기,3.0,전공(핵심),"건축응용설계1은 주어진 프로젝트의 설계과정을 통해 디자인요소와 현실적 제한 조건(환경, 미학, 보건 및 안전, 생산성 및 내구성, 산업표준)을 학습하여 건축계획의 전반적 흐름을 이해하기 위한 교과목이다.소프트웨어(스케치업)의 습득을 통해 설계의 방법과 표현 능력을 향상한다. 실제대지에 커뮤니티 기능이 포함된 소규모 미술관을 설계함으로써 기능에 따른 공간배치, 동선 흐름의 파악 그리고 주변의 context 등을 설계에 반영할 수 있는 능력을 배양한다.스케치업을 통한 건축설계의 방법과 표현 능력을 향상한다. 대지가 면하고 있는 외부환경을 공간적 측면에서 해석하고 그 과정을 통해 여러 영향요인들을 이해한다.요구되는 건축적 기능의 파악과 공간적 프로그래밍을 가능하게 한다.Keywords : Sketchup, 미술관, 커뮤니티센터, 공간배치, Context, 근린생활시설","건축계획론, 기문당, 2004스케치업 & VRay 트레이닝 북, 한빛미디어, 2021<참고문헌>설계 테마 및 조건",,,"건축설계1,2",True,False
58681,건축응용설계2,2,2학기,3.0,전공(심화),"지속 가능한 건축설계를 통해 지속 가능한 건축의 개념과 방법을 이해하고, 설계 시 건축공간의 구현과 건물구조 및 디테일에 대한 이해를 통해 건축계획 및 설계 능력과 방법을 습득하는 것을 목적으로 한다.이를 위하여, 먼저 대지분석 및 건축법규 검토 후에 기본적인 평면 계획, 입면 계획 및 매스 프로세스를 강의와 실습을 통해 습득한다.또한 건축 설계에 대한 건축법적 적용과 구조적인 이해를 바탕으로 하여 본인의 건축적 아이디어를 표현할 수 있고, 모든 복합적인 기술들을 이용하여 아이디어를 실제화하는 능력을 향상시키는 것을 부수적인 목표로 한다.",,,,건축설계 1건축설계 2건축응용설계 1,True,False
58682,스마트시티개론,1,1학기,3.0,전공(기초),1. 스마트시티에 대한 개론적 접근을 통해 개념을 이해하고 학문의 방향성을 확립한다.2. 스마트시티 관련으로 국내에서 추진되고 있는 시장정책기술동향을 이해하고 설명할 수 있다3. 다른 나라의 추진 상황과 사례를 학습하여 미래 스마트시티 시장의 발전 가능성을 찾아본다.,"스마트시티 세계 기획과 조성/ 기문당/ 김용학스마트시티, 유토피아의 시작/넥서스BIZ/ 정동훈 자기조직화하는 스마트시티 4.0 / KCERN / 이민화  스마트시티 더 나은 도시를 만들다",,,,True,False
58683,스마트시티창의설계,1,2학기,3.0,전공(기초),스마트시티의 기본적인 개념을 이해하고 설명할 수 있다.국내에서 추진되는 도시재생사업 현황을 학습을 통해 파악할 수 있다.국내에서 추진되는 스마트 시티 사업 현황을 학습을 통해 파악할 수 있다.도시문제 해결을 위한 아이디어를 Living Lab의 형태로 발전시켜 본다.,창의적 공학설계의 이론과 실제,,,"스마트시티 개론, 건축설계",True,False
58684,스마트시티IT,2,1학기,3.0,전공(심화),1) 스마트 시티에서 생산되는 공공 데이터 중심의 데이터 분석 및 활용 방법을 학습한다.2) 데이터 분석의 기본이 되는 확률 및 통계와 관련된 기초지식을 학습한다.3) 스마트시테 공공 데이터를 시각화하고 분석할 수 있는 능력을 키운다.,,,1) 모두의 R 데이터분석 김도연 길벗2) R로 배우는 데이터 과학_양윤석 외2명 한빛아카데미,빅데이터의 이해와 활용,True,False
58685,스마트시티경제학,2,1학기,3.0,전공(심화),1. 가장 효과적인 스마트시티를 효율적으로 조성하기 운영하기 위한 기초적인 경제학 이론 및 개념에 대해 습득함2. 스마트시티와 관련된 다양한 경제적 이슈를 다루면서 경제적 효과에 대해 습득함3. 효과적인 스마트시티를 조성하고 운영하기 위해 경제정책에 대해 학습함,담당교수가 배포하는 강의 교재,,,없음,True,False
58687,컴퓨터프로그래밍 1,1,2학기,3.0,전공(기초),"1. 컴퓨터 프로그래밍의 원리 이해2. 변수, 연산자, 입·출력문, 제어문 등 기본적인 프로그램 구조를 이용한 데이터 처리3. 클래스, 상속, 다형성 등 객체 지향 주요 개념 이해 및 프로그램 구현 능력 배양4. 객체 지향 프로그래밍 기법들을 활용하여 주어진 문제를 해결하는 능력 배양5. 주어진 문제를 컴퓨터 프로그래밍 언어로 구현하는 능력 배양","Java의 정석, 도우, 남궁성 지음",,,해당없음,True,True
58689,컴퓨터프로그래밍1,1,2학기,3.0,전공(기초),,"수업 강의 ppt를 중심으로 수업을 진행할 예정이며, 아래의 참고자료 참조1. 문제해결을 위한 컴퓨팅 사고와 파이썬, 김지연, 20212. 혼자 공부하는 파이썬, 윤인성, 2019참고 :1. Official Homepage : https://www.python.org/2. The Python Tutorial : https://docs.python.org/3/tutorial/3. learningpython.org : https://www.learnpython.org/4. Python Course : http://www.pythoncourse.eu/python3_course.php",,,,False,True
58690,인공지능개론,1,1학기,3.0,전공(기초),"본 교과목에서는 인공지능의 기본 개념을 학습하고인공지능의 여러 접근 방법 중에서 요즘 가장 주목을 받고 있는기계학습과 딥러닝의 기초 개념을 학습한다.수강자는 다음과 같은 능력을 갖추게 된다.1. 인공지능과 기계학습, 딥러닝에 대한 기본 지식 습득2. 기계학습과 딥러닝에 유용한 Matlab/Python 프로그래밍 언어에 대한 기초 지식 습득3. 기계학습과 딥러닝에 유용한 툴이나 패키지에 대한 기초 사용법 학습4. 기계학습과 딥러닝의 기본 작동 원리, 대표적인 방법론 학습5. 기계학습, 딥러닝의 적용 분야, 활용 방법에 대한 기초적인 지식 습득",,,,"미분 기초, 확률 통계 개념",False,True
58691,제어공학,2,2학기,3.0,전공(핵심),,,,자체 제작 자료,,False,True
63553,건설프로젝트 관리,4,2학기,3.0,전공선택,"● 현업의 공정관리 전문회사와 협업하여 강의를 진행.● WBS를 포함하는 공정관리의 기본 개념의 이해능력 함양● 공정관리 기법(bar charts, network scheduling, PERT)의 이해 및 활용● Building Information Model(BIM)에 대한 이해를 통한 건설프로젝트 협업을 증진시킬수 있는 능력함양● 공정관리 전문 교육 실시  (공정관리 전문 회사 위탁 교육)● 전국 대학생 경진대회 (한국건설관리학회 주관)에 공정관리 팀으로 출전 > 입상팀은 성적 우대함","1. 건설관리학 총서 3, 공정/생산성/.., 최재현 외, 씨아이알, 2019","1. 건축공정관리학, 김경래, 기문당, 20032. 건설공정관리 전산시스템을 활용한 건설공정관리운영실무, 박홍태, 구미서관, 2007",,,False,True
63557,건축전산프로그래밍,1,2학기,3.0,전공선택,공학 프로그래밍의 기초 이론에 대해 이해 할 수 있다.프로그래밍 언어를 활용하여 공학적 문제를 공식화하고 해결 할 수 있다.MATLAB을 활용하여 사용자 정의 함수를 만들 수 있다.MATLAB을 활용하여 공학적 문제를 해결하기 위한 프로그램을 개발할 수 있다.,"1. 공학도를 위한 매트랩, Holly Moore (유태훈 옮김), 퍼스트북,",,,,False,True
63639,수치해석,2,2학기,3.0,전공선택,1. 수치해석의 기본이론 학습2. Matlab을 사용하여 수치해석 알고리즘의 구현 및 연습3. 공학문제를 수치적으로 풀고 결과를 분석,"1. 이공학도를 위한 수치해석, Kharab&Guenther (백태현 공역), 학산미디어, 2013","1. Matlab으로 배우는 공학 수치해석, 방성완, 한빛아카데미, 2018",,,False,True
63640,수치해석,2,2학기,3.0,전공선택,디지털 컴퓨팅의 기초 이론에 대해 이해 할 수 있다수치해석 알고리즘을 이해 할 수 있다.수치해석 알고리즘을 MATLAB Code로 작성 할 수 있다수치해석 알고리즘을 공학적 문제에 적용하여 해결 할 수 있다,,"1. 이공학도를 위한 수치해석: MATLAB 활용, Kharab & Guenther (백태현외 옮김), 학산미디어, 20132. Numerical methods in engineering with MATLAB, Kiusalaas, Jaan, Cambridge University Press, 2015",,,False,True
63641,수치해석,2,2학기,3.0,전공선택,디지털 컴퓨팅의 기초 이론에 대해 이해 할 수 있다수치해석 알고리즘을 이해 할 수 있다.수치해석 알고리즘을 computer Code로 작성 할 수 있다수치해석 알고리즘을 공학적 문제에 적용하여 해결 할 수 있다,,"1. 이공학도를 위한 수치해석: MATLAB 활용, Kharab & Guenther (백태현외 옮김), 학산미디어, 20132. Numerical methods in engineering with MATLAB, Kiusalaas, Jaan, Cambridge University Press, 20153. 공학도를 위한 수치해석, Chapra and Canale, ,",,,False,True
63689,공학프로그래밍,1,1학기,3.0,전공선택,디지털 컴퓨팅의 기초 이론에 대해 이해 할 수 있다.프로그래밍 언어를 활용하여 공학적 문제를 공식화하고 해결 할 수 있다.MATLAB을 활용하여 사용자 정의 함수를 만들 수 있다.MATLAB을 활용하여 공학적 문제를 해결하기 위한 프로그램을 개발 할 수 있다.,,,"1. 공학도를 위한 매트랩, Holly Moore (유태훈 옮김), 퍼스트북, 2017",,False,True
63690,공학프로그래밍,1,1학기,3.0,전공선택,디지털 컴퓨팅의 기초 이론에 대해 이해 할 수 있다.프로그래밍 언어를 활용하여 공학적 문제를 공식화하고 해결 할 수 있다.MATLAB을 활용하여 사용자 정의 함수를 만들 수 있다.MATLAB을 활용하여 공학적 문제를 해결하기 위한 프로그램을 개발 할 수 있다.,,,"1. 공학도를 위한 매트랩, Holly Moore (유태훈 옮김), 퍼스트북, 2017",,False,True
63691,공학프로그래밍,1,1학기,3.0,전공선택,디지털 컴퓨팅의 기초 이론에 대해 이해 할 수 있다.프로그래밍 언어를 활용하여 공학적 문제를 공식화하고 해결 할 수 있다.MATLAB을 활용하여 사용자 정의 함수를 만들 수 있다.MATLAB을 활용하여 공학적 문제를 해결하기 위한 프로그램을 개발 할 수 있다.,,,"1. 공학도를 위한 매트랩, Holly Moore (유태훈 옮김), 퍼스트북, 2017",,False,True
63708,도시교통계획,2,2학기,3.0,전공선택,"학습목표는 도시계획에서 교통(도로 포함)의 중요성을 이해시키고, 범용적으로 사용되고 있는 전통적 교통계획 이론 및 방법에 대해 배우도록 한다.","1. Modelling Transport, Juan de Dios Ortuzar / Luis G. Willumsen, WILEY, 2011",,,,False,True
63717,부동산개발과 프로젝트 관리,3,2학기,3.0,전공선택,1. 부동산에 대한 기본이론 습득2. 부동산개발에 대한 프로세스 연구3. 부동산개발 프로세스 및 사례 실습4. 프로젝트 관리의 기본 이론 습득5. 프로젝트 관리의 프로세스 연구6. 프로젝트 관리에 필요한 기법 연구,"1. 토지경제학, 이정전, 박영사, 20162. Megaproject Management, Greiman, Virginia A., Wiley, 2013","1. Practical Strategy, Coyle, Geoff, Prentice Hall, 20042. Urban and Regional Data Management, Ellul, C., et. al., CRC Press, 2013",,,False,True
63739,도시·교통통계학,1,2학기,2.0,전공선택,도시현상을 분석하고 이해하기 위한 통계적 지식을 함양하는 것을 목표로 한다.,"1. 통계학(제3판), 류근관, 법문사, 2013",,"1. 세상에서 가장 쉬운 통계학 입문, 고지마 히로유키, 지상사, 2009",,False,True
63774,수치해석,2,2학기,3.0,전공선택,"본 수치해석의 학습목표는 공학 문제의 수치해석 이론들을 배우고, 매트랩을 이용해 실제 프로그래밍함으로써 학생들로 하여금 공학자로서 필요한 수치해석 능력을 익히도록 하는 것이다.","1. 응용수치해석 3판, Chapra (손권 외 공역), McGrawHill Korea, 2012","1. 공학도를 위한 수치해석 6판, Chapra (신동신 외 공역), McGrawHill Korea, 2011",,,False,True
63775,수치해석,2,2학기,3.0,전공선택,공학 문제의 해석적인 솔루션을 수치 해석 기법을 이용해 구하는 방법을 배운다.,"1. 응용수치해석, Chapra, McGrawHill Korea, 2012",,,,False,True
63776,자동제어,3,1학기,3.0,전공선택,"본 강의에서는 점차로 복잡해지는 차량 전자 및 기계시스템에 적용가능한 선형모델링 기법 및 제어방법에 대해서 알아본다. 이를 통하여 향후 차량전자제어 시스템 및 자율주행 시스템을 설계하는데 기본이 되는 다양한 이론과 적용방법을 배우고 익힘으로써 향후 점차로 다양 한 해지고 있는 운전보조 시스템 및 능동형 차량안전시스템 등을 설계, 평가할 수 있는 엔지니어를 양성하는데 필요한 기초를 제공하고자 한다.","1. Feedback control of dynamic systems, 7th Edition, G. Franklin, J. Powell and A. EmamiNaeini, Pearson, 2015",,,,False,True
63809,제어시스템 해석 및 설계,3,2학기,3.0,전공선택,"주파수 영역에서 시스템 해석 능력 배양상태공간에서의 시스템 해석 능력 배양상태공간에서의 제어 설계 능력 배양무인 로봇(항공기 혹은 차량 등) 동역학 모델링과 제어시스템, 경로계획 설계 능력 배양","1. Feedback control of dynamic systems, 7th Edition, G. Franklin, J. Powell and A. EmamiNaeini, Pearson, 2015",,,,False,True
63819,전기및자성재료,3,1학기,3.0,전공선택,"전기 및 자성재료의 기초이론 및 공정기술의 원리와 설계법을 이론 강의하고, 이를 바탕으로 전자기 소재/부품에 대한 팀별 설계실습과 발표를 통해 전자재료 기술인으로서의 기초 실무능력을 배양한다.","1. 전기 및 자성재료, 김성수, 자체제작 교재, 2015",,,,False,True
63830,기초전자회로,2,2학기,3.0,전공선택,기초 전자회로 개념 이해 및 설계 능력 배양이론의 실제 응용 능력 배양전자 회로를 해석할 수 있는 능력을 배양,"1. 강의자료, 박기대, ,","1. 공학도를 위한 기초 회로이론, 백주기, 성안당, 20202. 기초 회로이론, 조선호, 강진규, 김기열, 동일출판사, 2015",,,False,True
63836,전자기학,2,2학기,3.0,전공선택,"전자기학의 기초 개념들을 이해하고 전자기학을 이루고 있는 여러 가지 방정식들에 대한 물리학적 의미 및 수학적 구조에 대한 기초지식을 습득하여 전기재해의 이해를 향상시킨다.전기 및 자기 그리고 전자파를 이해하기 위한 기본적인 Coulomb 법칙, Gauss 법칙, 전계 및 자계, Maxwell 방정식 등을 다루어 전기 및 자기에 관한 현상의 이론적 개념을 확립하고자 한다.","1. Hayt의 전자기학 8판, 김유신외 3명, 교보생명, 2013","1. Engineering Electrodynamics, Hayt, McGrawHill, 2012",,,False,True
63845,전자무기재료,3,2학기,3.0,전공선택,전자무기재료 다양한 물성의 기본 개념 이해전자재료 물성과 응용 분야 학습,"1. PPT자료, 조병진, ,","1. 전자재료 세라믹스의 기초와 응용, 이성갑, 경상대 무지개사업단, 2. 전기전자용 세라믹스, 박창엽, 반도출판사, 3. 세라믹스 총론, 김병훈 옮김, W. D. KINGGERY 외, 반도출판사, 4. 전자세라믹스 소재물성학, 유광수, 도서출판 한림원,",,,False,True
63847,반도체공정기술,2,2학기,3.0,전공선택,"대표적 반도체물질인 실리콘을 이용한 소자 제작 과정과 그와 관련된 다양한 반도체 공정 기술(노광, 증착, 식각, 이온주입, 확산, 세정 등) 강의를 통하여 전체 반도체 제조공정에 관한 이해뿐만 아니라 개별 단위공정에 대한 실무능력까지도 배양시킨다.","1. 조병진 교수 자체 제작 PPT, 조병진, , 2. SK하이닉스 반도체 커리큘럼 제공 교재, SK 하이닉스 반도체, ,",,,,False,True
63873,전기에너지공학,4,1학기,3.0,전공필수,"전기에너지공학은 녹색에너지 뉴딜 산업에서 요구하고 있는 창의적 인재 양성을 위하여, 녹색 에너지의 근본이 되는 전기에너지 시스템에 대해 기초부터 고급 과정까지 교육 과정을 체계화하고 교육하여 전문인력을 양성하고 있다.",,"1. 전기화학(계면과 전극과정의 과학기술), 백운기, 박수문 , 청문각, 20072. 전기화학(제3판), 오승모, 자유아카데미, 2019",,,False,True
63891,전기화학,2,2학기,3.0,전공선택,"전기화학반응 학습를 통한 에너지 저장장치의 기본원리를 숙지한다.이차전지, 연료전지, 커패시터 등의 에너지 변환 과정 및 효율 특성 이해한다.","1. 연료전지개론, 역자 차석원, 한티미디어, 2017","1. 전기화학, 백운기 박수문, 청문각, 2003",,,False,True
63892,공정제어(종합설계),4,1학기,3.0,전공필수,It will be studied the mathematical method of chemical process control.,"1. Process Systems Analysis and Control (3rd ed.), D. R. Coughanowr & S. E. LeBlanc, McGrawHill, 2009",,,,False,True
63905,반도체화학공정,4,1학기,3.0,전공선택,반도체 공정 이해각 공정의 메카니즘 이해공정에 적용되는 장치 이해반도체 산업발전방향 예측,"1. 반도체 공정기술, 황호정, 생능출판사, 2005","1. 반도체 집적공정, 곽계달 공역, 교보문고, 2010",,,False,True
63916,전기안전공학,3,2학기,3.0,전공필수,전기로 인한 위험성을 평가하고 전기재해를 최소화할 수있는 안전 전문가로써의 능력배양,"1. 최신전기안전공학, 김두현외, 신광문화사, 2008",,,,False,True
63917,전기회로이론,3,1학기,3.0,전공선택,"전기로 인한 사고 및 재해를 방지하기 위해 전기현상의 이해능력 배양 전기회로 소자의 종류 및 구조, 기능 이해  전기회로 해석이론 습득 및 해석능력 배양 전기 안전전문가로써의 임무를 원활하게 수행하기 위해 필요한 회로관련 지식 습득 사업장에서의 전기사고 정량적 위험성 예측 능력 배양","1. 기초회로이론, 이덕출외, 동일출판사,","1. 회로이론 4th edition, 최윤식외 공역, 사이텍미디어, 2. 회로이론 입문, 김태효외 공저, 도서출판 인터비젼,",,,False,True
63918,전자기학,2,2학기,3.0,전공선택,"전자기학의 기초 개념들을 이해하고 전자기학을 이루고 있는 여러 가지 방정식들에 대한 물리학적 의미 및 수학적 구조에 대한 기초지식을 습득하여 전기재해의 이해를 향상시킨다.전기 및 자기 그리고 전자파를 이해하기 위한 기본적인 Coulomb 법칙, Gauss 법칙, 전계 및 자계, Maxwell 방정식 등을 다루어 전기 및 자기에 관한 현상의 이론적 개념을 확립하고자 한다.","1. Hayt의 전자기학 9판, 김유신외 3명, 교보생명, 2013","1. Engineering Electrodynamics, Hayt, McGrawHill, 2012",,,False,True
63924,소방전기설비설계,4,2학기,3.0,전공선택,전기소방설비의 이해를 통한 소방관련 전기안전 전문기술 습득,"1. 생생 소방전기(시설)기초, 김대성, 성안당,","1. 최신 전기설비, 지철근 외, 문운당, 1995",,,False,True
63933,스마트통계학,2,2학기,3.0,전공필수,통계학적 기본 개념을 이해한다.Excel 중심의 통계분석도구 활용 능력을 배양한다.,"1. 통계학 : 엑셀을 이용한 분석, 김진경 외, 자유아카데미, 2015","1. 엑셀로 풀어보는 생활속의 통계학, 안기수, 생능출판, 2014",,,False,True
63949,대기오염제어기초,2,2학기,3.0,전공선택,"(1) 환경공학 전공자로서 다양한 대기오염물질의 발생원을 습득하고, 대기오염물질 중 입자상 물질의 거동을 이해한다. (2) 입자상 오염물질을 제어하기 위한 다양한 집진장치의 원리를 이해하고 장치별 특성 및 장단점을 학습한다.(3) 유해가스를 처리하기 위한 흡수와 흡착이론을 이해하여 오염원별로 적합한 처리방법을 적용할 수 있다.","1. Air Pollution Control: A Design Approach, C. David Cooper and F. C. Alley, Waveland Press, 20112. 대기오염제어설계공학, Cooper Alley, 동화기술,","1. 대기오염제어, Kenneth Wark, Cecil F. Warner, Wayne T. Davis, 동화기술, 2004",,,False,True
63958,환경수치해석,2,2학기,3.0,전공필수,"강의목표는 대학수학, 공학수학 등의 수학적 지식을 갖춘 학생들의 역량을 컴퓨터를 활용하여 환경공학적 문제를 해결하는 수준으로 향상시키는데 있다. 본 과목에서는 환경공학에서 자주 사용되는 수치해석 기법들을 이용하여 원하는 해를 수계산 및 컴퓨터를 통해 구해 봄으로써 학생들의 공학문제 해결 능력을 배양한다.","1. 공학도를 위한 수치해석 (7th Edition), 신동신 외 공역 (원저 Steven C. Chapra, Raymond P. Canale), McGrawHill, 2016",,,,False,True
