source_row_number,year,university_name,college_name,department_name,course_name,grade,semester,credit,lecture_hours,practice_hours,course_type,learning_objective,main_textbook,sub_textbook,reference_material,prerequisite_material,target_department_match,target_course_match,foundational_course_match,strong_ai_cs_course_match,excluded_department_match,final_target_keep,keep_reason,missing_removal_reason,quality_missing_ratio
280,2022,강원대학교,경영대학,관광경영학과,여행사빅데이터경영,3,2학기,3,3,0,전공선택,,PPT,,,,False,True,False,True,True,True,strong_ai_cs_course_outside_target_department,missing_learning_objective,0.3333333333333333
397,2022,강원대학교,경영대학,회계학전공,회계와빅데이터,3,1학기,3,3,0,전공선택,기본적인 문제를 해결하기 위한 컴퓨터 프로그램을 작성해 봄으로써 컴퓨터 프로그램을 이용한 문제 해결능력을 습득하고 이를 회계전공지식을 바탕으로 한 회계자료처리 및 분석과정과 분석방법에 대해 응용해봄으로써 실질적인 지식을 함양한다.,추후공지,추후공지,추후공지,제한없음편집기 사용과 프로그래밍 경험은 도움이 됨,False,True,False,True,False,True,strong_ai_cs_course_outside_target_department,missing_main_textbook,0.25
398,2022,강원대학교,경영대학,회계학전공,인공지능라이브러리,4,1학기,3,3,0,전공선택,Python을 이용하여 문제를 해결하는 사례 연습을 통하여 컴퓨터 프로그램 능력을 배양하고 회계분야에서 인공지능의 응용 문제를 생각해본다.,추후공지,추후공지,추후공지,회계와 빅데이터기본적인 편집기(editor) 사용,False,True,False,True,False,True,strong_ai_cs_course_outside_target_department,missing_main_textbook,0.25
537,2022,강원대학교,경영대학,정보통계학전공,통계데이터마이닝및실습,3,1학기,3,2,2,전공선택,,"R, SAS, MSSQL을 활용한 데이터마이닝 (이정진 지음) 자유아카데미",,,기초통계학 및 통계패키지 R에 관한 기본 지식이 요구된다.,False,True,True,True,False,True,strong_ai_cs_course_outside_target_department,missing_learning_objective,0.25
584,2022,강원대학교,농업생명과학대학,지역건설공학과,빅데이터수자원설계,3,2학기,3,2,2,전공선택,,"윤용남 저 “수문학 기초와 응용” 도서출판 청문각, 2012설계홍수량 산정요령(2012), 하천기본계획",,,수문학,False,True,True,True,False,True,strong_ai_cs_course_outside_target_department,missing_learning_objective,0.25
779,2022,강원대학교,농업생명과학대학,에코환경과학전공,환경데이터분석및실습,2,1학기,3,2,2,전공선택,,온라인 강의 자료 및 실습자료,,"환경통계 및 데이터 분석(김준하, 이승원, 차성민 저, 한나래), 데이터 사이언스 개론(김화종 저, 홍릉과학출판사)",,False,True,False,True,True,True,strong_ai_cs_course_outside_target_department,missing_learning_objective,0.25
911,2022,강원대학교,동물생명과학대학,동물자원과학과,동물유전체데이터분석학,4,1학기,3,3,0,전공선택,,,,,,False,True,False,True,False,True,strong_ai_cs_course_outside_target_department,missing_learning_objective;missing_main_textbook,0.4166666666666667
1994,2022,강원대학교,산림환경과학대학,산림경영학전공,산림정보데이터마이닝,3,1학기,3,3,0,전공선택,,,,,,False,True,False,True,True,True,strong_ai_cs_course_outside_target_department,missing_learning_objective;missing_main_textbook,0.4166666666666667
2133,2022,강원대학교,산림환경과학대학,종이소재과학전공,제지데이터분석,2,1학기,3,2,2,전공선택,,2020이공자ITQ엑셀2016,,,,False,True,False,True,False,True,strong_ai_cs_course_outside_target_department,missing_learning_objective,0.3333333333333333
2416,2022,강원대학교,의생명과학대학,의생명공학전공,바이오빅데이터개론,3,1학기,3,3,0,전공선택,,,,,,False,True,False,True,True,True,strong_ai_cs_course_outside_target_department,missing_learning_objective;missing_main_textbook,0.4166666666666667
2603,2022,강원대학교,인문대학,영어영문학전공,인문학데이터마이닝,전학년,1학기,3,3,0,학문기초,,"빅데이터 분석과 R 활용, 윤철호 저, 생능출판사, 2021","모두를 위한 R 데이터 분석 입문, 오세종 저, 한빛아카데미, 2019",,,False,True,False,True,False,True,strong_ai_cs_course_outside_target_department,missing_learning_objective,0.25
3174,2022,강원대학교,자연과학대학,수학과,대수알고리즘,2,2학기,3,3,0,전공선택,,자체 교재,,,없음,False,True,False,True,False,True,strong_ai_cs_course_outside_target_department,missing_learning_objective,0.25
3183,2022,강원대학교,자연과학대학,수학과,딥러닝과수학,4,1학기,3,3,0,전공선택,,Lecture notes and Web pages,1. Python Crash course by Eric Matthes. / 2. Byte of python by Swaroop,Deep learning with Python by Chollet,"Linear algebra, Calculus",False,True,False,True,False,True,strong_ai_cs_course_outside_target_department,missing_learning_objective,0.08333333333333333
3187,2022,강원대학교,자연과학대학,수학과,데이터분석수학1,3,1학기,3,3,0,전공선택,,자체 교재,,,,False,True,False,True,False,True,strong_ai_cs_course_outside_target_department,missing_learning_objective,0.3333333333333333
3192,2022,강원대학교,자연과학대학,수학과,데이터분석수학2,3,2학기,3,3,0,전공선택,,Mathematical Foundations for Data Analysis by Jeff M.Phillips,,,,False,True,False,True,False,True,strong_ai_cs_course_outside_target_department,missing_learning_objective,0.3333333333333333
3335,2022,강원대학교,IT대학,전기전자공학과,컴퓨터프로그래밍,전학년,1학기,3,2,2,학문기초,,교재와 강의게시판은 추후공지,,,,True,True,False,False,False,True,target_department_and_target_course,missing_learning_objective,0.3333333333333333
3336,2022,강원대학교,IT대학,전기전자공학과,컴퓨터프로그래밍,전학년,2학기,3,2,2,학문기초,문제에서 주어진 조건과 알고리즘을 분석하고 각 과정을 설계하여 전체의 문제의 해결능력 향상,,,,,True,True,False,False,False,True,target_department_and_target_course,missing_main_textbook,0.3333333333333333
3344,2022,강원대학교,IT대학,전기전자공학과,회로이론,1,2학기,3,3,0,전공선택,,회로이론; 박병국 외 3인 공역 (F.T. Ulaby 외 공저); 한빛아카데미,,,"1. 미분, 적분의 기초 지식2. 행렬식의 계산3. 연립방정식 풀이",True,True,False,False,False,True,target_department_and_target_course,missing_learning_objective,0.25
3347,2022,강원대학교,IT대학,전기전자공학과,논리회로,1,1학기,3,3,0,전공선택,,"제목: 처음 만나는 디지털논리회로, 출판사:한빛아카데미, 저자: 임석구, 홍경호",,,없음,True,True,False,False,False,True,target_department_and_target_course,missing_learning_objective,0.25
3348,2022,강원대학교,IT대학,전기전자공학과,논리회로,1,1학기,3,3,0,전공선택,,"제목: 디지털논리회로(개정3판)출판사:한빛아카데미저자: 임석구, 홍경호",,,없음,True,True,False,False,False,True,target_department_and_target_course,missing_learning_objective,0.25
3350,2022,강원대학교,IT대학,전기전자공학과,디지털회로실험,1,2학기,3,2,2,전공필수,,홈페이지자료,,,논리회로,True,True,True,False,False,True,target_department_and_target_course,missing_learning_objective,0.25
3357,2022,강원대학교,IT대학,전기전자공학과,컴퓨터구조,2,2학기,3,3,0,전공선택,,"컴퓨터구조및설계 6판 하드웨어/소프트웨어 인터페이스, 한티미디어 (David Patterson, John Hennessy, ""Computer Organization and Design,"" The Hardware/Software Interface)",,,"논리회로, C언어",True,True,False,True,False,True,target_department_and_target_course,missing_learning_objective,0.25
3359,2022,강원대학교,IT대학,전기전자공학과,컴퓨터구조,2,2학기,3,3,0,전공선택,,"David Patterson, John Hennessy, ""Computer Organization and Design"", The Hardware / Software Interface(한글판 : 컴퓨터 구조 및 설계, 한티미디어)",,,"논리회로, C 프로그래밍",True,True,False,True,False,True,target_department_and_target_course,missing_learning_objective,0.25
3360,2022,강원대학교,IT대학,전기전자공학과,신호및시스템,2,1학기,3,3,0,전공선택,,"주교재 : 이철희, 기초 신호 및 시스템, 한빛아카데미, 2016부교재 : 이철희, 핵심이 보이는 신호 및시스템, 한빛아카데미, 2015부교재 : M. J. Roberts, Fundamentals of Signals ans systems, McGraw Hill부교재 : G.E.Carlson, Signal and Linear System Analysis, 2판, Wiley부교재 : C.L.Phillips 외, Signal, Systems, and Transforms, Prentice Hall부교재 : E.W.Kamen, B.S.Heck, ""Fundamentals of Signals and Systems Using MatLab"", Prentice Hall, 1997부교재 : 신종홍, 신호 및 시스템의 이해, 한빛미디어, 2009",,,,True,True,False,False,False,True,target_department_and_target_course,missing_learning_objective,0.3333333333333333
3361,2022,강원대학교,IT대학,전기전자공학과,신호및시스템,2,1학기,3,3,0,전공선택,,"기초 신호 및 시스템, 이철희, 한빛아카데미",,,,True,True,False,False,False,True,target_department_and_target_course,missing_learning_objective,0.3333333333333333
3362,2022,강원대학교,IT대학,전기전자공학과,신호및시스템,2,1학기,3,3,0,전공선택,,"기초 신호 및 시스템 (한빛아카데미, 이철희 저)","신호와 시스템 (생능출판사, 김명진 저)",,"선형대수, 미적분학, 회로이론",True,True,False,False,False,True,target_department_and_target_course,missing_learning_objective,0.16666666666666666
3364,2022,강원대학교,IT대학,전기전자공학과,전자회로실험,2,2학기,3,2,2,전공필수,,전기전자공학실험(박종연.박찬원편저),"대학전자회로실험(청문각,신인철외3인저)",,전자회로반도체소자의 기초원리와 응용에 관한 지식,True,True,True,False,False,True,target_department_and_target_course,missing_learning_objective,0.16666666666666666
3366,2022,강원대학교,IT대학,전기전자공학과,전자회로실험,2,2학기,3,2,2,전공필수,,"전기전자공학실험; 박종연, 박찬원 편저대학전자회로실험; 신인철 외 3인 공저; 청문각",,,"회로이론, 전자회로",True,True,True,False,False,True,target_department_and_target_course,missing_learning_objective,0.25
3370,2022,강원대학교,IT대학,전기전자공학과,통신이론,3,1학기,3,3,0,전공선택,,아날로그 및 디지털 통신이론 개정판 (생능),,,신호 및 시스템,True,True,False,False,False,True,target_department_and_target_course,missing_learning_objective,0.25
3371,2022,강원대학교,IT대학,전기전자공학과,통신이론,3,1학기,3,3,0,전공선택,,"아날로그 및 디지털 통신이론 (개정판, 김명진 저, 생능)",부교재: Haykin의 통신이론 (한티),,신호 및 시스템,True,True,False,False,False,True,target_department_and_target_course,missing_learning_objective,0.16666666666666666
3372,2022,강원대학교,IT대학,전기전자공학과,디지털통신,3,2학기,3,3,0,전공선택,,"아날로그 및 디지털 통신이론, 김명진 저, 생능출판사",,,"선형대수, 공업수학, 확률과정, 신호및시스템, 통신이론",True,True,False,False,False,True,target_department_and_target_course,missing_learning_objective,0.25
3373,2022,강원대학교,IT대학,전기전자공학과,이동통신,4,1학기,3,3,0,전공선택,,"교재: 박용완 외, 이동통신공학, 개정4판, 생능출판사",,,"선형대수학, 디지털통신, 신호및시스템, 확률",True,True,False,False,False,True,target_department_and_target_course,missing_learning_objective,0.25
3374,2022,강원대학교,IT대학,전기전자공학과,마이크로프로세서응용및실험,2,1학기,3,2,2,전공필수,,"별도 배부 교재, (참고 : AVR 관련 서적 및 인터넷 자료 )",,,"논리회로, C 언어, 컴퓨터 구조",True,True,True,False,False,True,target_department_and_target_course,missing_learning_objective,0.25
3375,2022,강원대학교,IT대학,전기전자공학과,마이크로프로세서응용및실험,2,1학기,3,2,2,전공필수,,"추후 공지, 이루리 사이트에 업로드 함",,,"논리회로, 프로그래밍 기초 및 실습(C언어 or 파이썬), 디지털회로실험",True,True,True,False,False,True,target_department_and_target_course,missing_learning_objective,0.25
3382,2022,강원대학교,IT대학,전기전자공학과,디지털설계실습,3,2학기,3,2,2,전공선택,,"Vivado를 이용한 Verilog HDL 및 FPGA 실습 홍릉 과학 출판사 (변경 가능, 구입하지 말 것)강의자료 수업 시에 제공 예정임",,,논리회로,True,False,True,False,False,True,target_department_and_foundational_course,missing_learning_objective,0.25
3383,2022,강원대학교,IT대학,전기전자공학과,회로해석및응용,3,1학기,3,3,0,전공선택,,"[회로이론] 박병국 외 3인 공역, 한빛아카데미, 2014. (참고: 주교재 외 다양한 회로이론 관련 교재가 발행되어 있기 때문에 타 교재를 사용해도 학습에는 무방함)",,,"회로이론 (직류회로의 개념, 해석 방법 이해)",True,True,False,False,False,True,target_department_and_target_course,missing_learning_objective,0.25
3384,2022,강원대학교,IT대학,전기전자공학과,회로해석및응용,3,1학기,3,3,0,전공선택,,"1. 교재 : 회로이론 ; 박병국 외 3인 공역 ; 한빛아카데미, 20142. 주교재 외 다양한 회로이론 관련 교재가 발행되어 있기 때문에 타 교재를 사용해도 무방함",,,"회로이론 (직류회로의 개념, 해석 방법 이해)",True,True,False,False,False,True,target_department_and_target_course,missing_learning_objective,0.25
3385,2022,강원대학교,IT대학,전기전자공학과,전자회로응용,3,1학기,3,3,0,전공선택,,"1. 마이크로전자회로 2판, Behzad Razavi, 한티미디어 (주교재)2. 마이크로전자회로 7판, Adel S. Sedra, 한티미디어 (참고문헌)",,,"회로이론, 전자회로",True,True,False,False,False,True,target_department_and_target_course,missing_learning_objective,0.25
3388,2022,강원대학교,IT대학,전기전자공학과,데이터통신,3,1학기,3,3,0,전공선택,,"주교재 : 데이터통신과 네트워킹 (6판), 역자: 이재광,김종규,이경현, 홍충선 저자: Forouzan B.A. 출판사: McGraw Hill",,,,True,True,False,False,False,True,target_department_and_target_course,missing_learning_objective,0.3333333333333333
3389,2022,강원대학교,IT대학,전기전자공학과,컴퓨터네트워크,3,2학기,3,3,0,전공선택,,주교재 : 네트워크 개론(3판) 저자: 진혜진 출판사: 한빛아카데미,,,,True,True,False,False,False,True,target_department_and_target_course,missing_learning_objective,0.3333333333333333
3390,2022,강원대학교,IT대학,전기전자공학과,네트워크프로그래밍및실습,4,1학기,3,2,2,전공선택,,"TCP/IP 윈도우 소켓 프로그래밍 (한빛아카데미, 김선우 저)","부교재: Computer Networks, 4th edition, Andrew S. Tanenbaum",,컴퓨터 네트워크,True,True,False,False,False,True,target_department_and_target_course,missing_learning_objective,0.16666666666666666
3399,2022,강원대학교,IT대학,전기전자공학과,필터설계,4,2학기,3,3,0,전공선택,,회로망 합성과 필터설계안점영외1인저 문운당,,,회로이론의 기본지식,True,False,True,False,False,True,target_department_and_foundational_course,missing_learning_objective,0.25
3400,2022,강원대학교,IT대학,전기전자공학과,전기및통신설비,4,2학기,3,3,0,전공선택,,강의자료: 여러 교재와 자료를 참조하여 제작한 것으로 강의 전 배포하며 이를 기준으로 강의함.,자가용전기설비설계(김세동 외/동일출판사) 구입할 필요 없음,,,True,True,False,False,False,True,target_department_and_target_course,missing_learning_objective,0.25
3402,2022,강원대학교,IT대학,전기전자공학과,객체지향프로그래밍,3,1학기,3,2,2,전공선택,,"명품 JAVA Programming, 개정4판, 황기태, 김효수 지음, 생능출판사",,,"프로그래밍 기초 및 실습, 컴퓨터프로그래밍, 고급컴퓨터프로그래밍",True,True,False,False,False,True,target_department_and_target_course,missing_learning_objective,0.25
3403,2022,강원대학교,IT대학,전기전자공학과,자료구조및실습,3,1학기,3,2,2,전공선택,,"C로 배우는 쉬운 자료구조, 한빛미디어, 이지영. 개정4판",,,C 언어를 이용하여 강의가 진행 되므로 C 언어의 기본적인 이해가 필요함.,True,True,False,False,False,True,target_department_and_target_course,missing_learning_objective,0.25
3404,2022,강원대학교,IT대학,전기전자공학과,자료구조및실습,3,1학기,3,2,2,전공선택,,"C로 배우는 쉬운 자료구조, 한빛미디어, 이지영. 개정4판",,,C 언어를 이용하여 강의가 진행 되므로 C 언어의 기본적인 이해가 반드시 필요함.,True,True,False,False,False,True,target_department_and_target_course,missing_learning_objective,0.25
3408,2022,강원대학교,IT대학,전기전자공학과,디지털전자회로,3,2학기,3,3,0,전공선택,,"CMOS 디지털 집적회로 설계 : 기본 이론부터 실습까지, 한빛미디어",,,"논리회로, 전자회로",True,True,False,False,False,True,target_department_and_target_course,missing_learning_objective,0.25
3409,2022,강원대학교,IT대학,전기전자공학과,임베디드시스템,4,1학기,3,2,2,전공선택,,"제목 : Android Studio 를 활용한 안드로이드 프로그래밍 개정 6판. 저자 : 우재남, 박길식. 출판사 : 한빛아카데미",,,"Java 언어를 이용하여 프로그래밍하므로 Java 언어의 지식이 필요함. Java를 모르는 경우라면 다른 프로그래밍 언어 예를 들면 C, Python등의 경험이 필요.",True,True,False,False,False,True,target_department_and_target_course,missing_learning_objective,0.25
3412,2022,강원대학교,IT대학,전기전자공학과,센서신호처리,4,1학기,3,3,0,전공선택,,이루리에 업로드된 강의자료,,센서공학(민남기 저),,True,True,False,False,False,True,target_department_and_target_course,missing_learning_objective,0.25
3414,2022,강원대학교,IT대학,전기전자공학과,캡스톤디자인1,3,2학기,1,0,2,전공필수,계획한 설계 작품을 다양한 공학도구를 이용하여 구현,,,,,True,False,True,False,False,True,target_department_and_foundational_course,missing_main_textbook,0.3333333333333333
3417,2022,강원대학교,IT대학,전기전자공학과,캡스톤디자인2,4,1학기,1,0,2,전공필수,,별도 교과서 없음 논문 주제별 참고 자료 활용,,,,True,False,True,False,False,True,target_department_and_foundational_course,missing_learning_objective,0.3333333333333333
3421,2022,강원대학교,IT대학,전기전자공학과,직업선택과꿈설계,3,2학기,1,1,0,전공선택,대학 생활과 졸업후 진로를 설정하기 위한 방법 습득,,,,,True,False,True,False,False,True,target_department_and_foundational_course,missing_main_textbook,0.3333333333333333
3425,2022,강원대학교,IT대학,전자공학과,선형대수,전학년,1학기,3,3,0,학문기초,,"1. 교재 : MATLAB으로 배우는 선형대수학 ; 이광연 외 1인 ; 한빛아카데미, 20152. 참고문헌 : 선형대수학 ; 이정문 외 5인 ; 사이텍미디어, 2007",,,,True,False,True,False,False,True,target_department_and_foundational_course,missing_learning_objective,0.3333333333333333
3431,2022,강원대학교,IT대학,전자공학과,디지털신호처리,3,1학기,3,3,0,전공선택,,"Digital signal processing Using MATLAB, V.K.Ingle, J.G.Proakis, Thomson (원서 또는 번역본) 여러 개정판이 있으므로 수업 시간에 소개",,,"신호 및 시스템, 공업수학, Matlab",True,True,False,False,False,True,target_department_and_target_course,missing_learning_objective,0.25
3432,2022,강원대학교,IT대학,전자공학과,광통신,4,1학기,3,3,0,전공선택,,"Fiber Optic Communications, by J. C. Palais, 5th ed, Prentice Hall ※ 강의노트 및 Homework solution은 디지털캠퍼스에 올려놓음",,,통신이론디지털통신전자기학,True,True,False,False,False,True,target_department_and_target_course,missing_learning_objective,0.25
3433,2022,강원대학교,IT대학,전자공학과,컴퓨터네트워크,3,2학기,3,3,0,전공선택,,"컴퓨터 네트워킹: 하향식 접근 (7판) 역자: 최종원 외 출판사: Pearson 원서: Computer networking: A topdown approach, 7th edition (저자: Kurose & Ross)",,,,True,True,False,False,False,True,target_department_and_target_course,missing_learning_objective,0.3333333333333333
3435,2022,강원대학교,IT대학,전자공학과,디지털시스템설계1,3,1학기,3,2,2,전공필수,,"디지털논리와 마이크로프로세서 설계, 북스힐, 2021",,,필수과목 : 디지털공학(논리회로),True,True,True,False,False,True,target_department_and_target_course,missing_learning_objective,0.25
3436,2022,강원대학교,IT대학,전자공학과,디지털영상처리,3,2학기,3,3,0,전공선택,,"Digital Image Processing, 3rd edition, by Rafael C. Gonzalez & Richard E. Woods, Prentice Hall, New Jersey, ISBN10 : 0132345633. (Paperback, International Edition, 45,000 won in Online Kyobo Book Store)",,,"(국문)선형대수, 확률 및 통계, 디지털 신호처리(English)Linear algebra, Probability & Statistics and Digital Signal Processing",True,True,False,False,False,True,target_department_and_target_course,missing_learning_objective,0.25
3439,2022,강원대학교,IT대학,전자공학과,반도체공학,2,2학기,3,3,0,전공선택,,"[교재]현대반도체소자공학, 한빛미디어, 2010",,,"물리학개론, 전자회로, 전자기학",True,True,False,False,False,True,target_department_and_target_course,missing_learning_objective,0.25
3440,2022,강원대학교,IT대학,전자공학과,이동통신,4,2학기,3,3,0,전공선택,,,,,"선형대수, 디지털 통신, 확률 및 통계, 신호 및 시스템",True,True,False,False,False,True,target_department_and_target_course,missing_learning_objective;missing_main_textbook,0.3333333333333333
3441,2022,강원대학교,IT대학,전자공학과,임베디드시스템,3,1학기,3,3,0,전공선택,,"Exploring BeagleBone, 저자 Derec Molloy그외 강의자료",,,"C언어, 마이크로프로세서C언어를 모르면 수강이 어려우므로 C언어 과목 수강 후 신청하는 것을 추천함",True,True,False,False,False,True,target_department_and_target_course,missing_learning_objective,0.25
3442,2022,강원대학교,IT대학,전자공학과,전자공학설계프로젝트1,4,1학기,3,0,6,전공필수,,,,,,True,False,True,False,False,True,target_department_and_foundational_course,missing_learning_objective;missing_main_textbook,0.4166666666666667
3444,2022,강원대학교,IT대학,전자공학과,전자공학설계프로젝트1,4,1학기,3,0,6,전공필수,,,,,전자공학 전과목,True,False,True,False,False,True,target_department_and_foundational_course,missing_learning_objective;missing_main_textbook,0.3333333333333333
3445,2022,강원대학교,IT대학,전자공학과,전자공학설계프로젝트2,4,2학기,3,0,6,전공선택,,,,,,True,False,True,False,False,True,target_department_and_foundational_course,missing_learning_objective;missing_main_textbook,0.4166666666666667
3446,2022,강원대학교,IT대학,전자공학과,전자공학설계프로젝트2,4,2학기,3,0,6,전공선택,,없음,,,없음,True,False,True,False,False,True,target_department_and_foundational_course,missing_learning_objective,0.25
3449,2022,강원대학교,IT대학,전자공학과,창의설계,2,1학기,3,1,4,전공선택,,강의 slide 사용 (유인물),,,C 언어 (필수는 아님),True,False,True,False,False,True,target_department_and_foundational_course,missing_learning_objective,0.25
3451,2022,강원대학교,IT대학,전자공학과,통신시스템설계,4,1학기,3,2,2,전공선택,,"통신시스템과 디지털통신: MATLAB 문제 기반 (저자: 최권휴, 출판사: 도서출판 홍릉)",,,,True,True,True,False,False,True,target_department_and_target_course,missing_learning_objective,0.3333333333333333
3452,2022,강원대학교,IT대학,전자공학과,통신이론,3,1학기,3,3,0,전공선택,,"통신이론 제7판 (역자: 박상규 외) (원저: Principles of COMMUNICATIONS: Systems, Modulation, and Noise, 7th edition) (원저자: Ziemer 외)",,,신호및시스템,True,True,False,False,False,True,target_department_and_target_course,missing_learning_objective,0.25
3457,2022,강원대학교,IT대학,전자공학과,고급프로그래밍언어,2,1학기,3,2,2,전공선택,,"명품 자바 Java Programming, 생능출판사",,,C 언어,True,True,False,False,False,True,target_department_and_target_course,missing_learning_objective,0.25
3459,2022,강원대학교,IT대학,전자공학과,전자회로응용,2,2학기,3,3,0,전공선택,,"Fundamentals of Microelectronics, Behzad Razavi","Microelectronic Circuits, Sedra/Smith, Sixth edition",,"회로이론, 전자회로",True,True,False,False,False,True,target_department_and_target_course,missing_learning_objective,0.16666666666666666
3461,2022,강원대학교,IT대학,전자공학과,디지털회로실험,2,1학기,3,2,2,전공필수,,자체제작된 실험노트※ 실험노트는 디지털캠퍼스에 올려놓음,,,회로이론디지털공학,True,True,True,False,False,True,target_department_and_target_course,missing_learning_objective,0.25
3463,2022,강원대학교,IT대학,전자공학과,전자회로,2,1학기,3,3,0,전공선택,,"Fundamentals of Microelectronics, Behzad Razavi","Microelectronic Circuits, Sedra/Smith, Sixth edition",,회로이론,True,True,False,False,False,True,target_department_and_target_course,missing_learning_objective,0.16666666666666666
3467,2022,강원대학교,IT대학,전자공학과,직업선택과꿈설계,3,2학기,1,1,0,전공선택,,,,,,True,False,True,False,False,True,target_department_and_foundational_course,missing_learning_objective;missing_main_textbook,0.4166666666666667
3531,2022,강원대학교,IT대학,컴퓨터공학과,자바프로그래밍1,1,1학기,3,2,2,학문기초,소규모 프로그래밍 과제가 주어졌을 때 자바를 이용해 해결할 수 있게 된다.,,,"명품 JAVA Programming, 개정4판, 황기태, 김효수 저, 생능출판사, 2018년 / 자바의 정석 기초편, 남궁성 저, 도우출판, 2019년",없음,True,True,False,False,False,True,target_department_and_target_course,missing_main_textbook,0.16666666666666666
3534,2022,강원대학교,IT대학,컴퓨터공학과,자바프로그래밍1,1,1학기,3,2,2,학문기초,소규모 프로그래밍 과제가 주어졌을 때 자바를 이용해 해결할 수 있게 된다.,,,"명품 JAVA Programming, 개정4판, 황기태, 김효수 저, 생능출판사, 2018년 / 자바의 정석 기초편, 남궁성 저, 도우출판, 2019년/어서와 Java는 처음이지!, 천인국, 인피니티북스",없음,True,True,False,False,False,True,target_department_and_target_course,missing_main_textbook,0.16666666666666666
3535,2022,강원대학교,IT대학,컴퓨터공학과,자바프로그래밍1,1,1학기,3,2,2,학문기초,,스마트캠퍼스(e루리)의 강의자료 (PPT) (eruri.kangwon.ac.kr),"(1) Java의 정석, 3판, 남궁 성 지음, 도우출판 2016. (2) 어서와 Java는 처음이지!, 천인국 지음, 인피니티북스, 2015. (3) 자바프로그래밍 기초부터 하나씩, Ralph Bravaco 등 지음, 김응성 등 번역, 도서출판 ITC, 2010. (4) 쉽게 풀어쓴 C 언어 Express 개정3판, 천인국 지음, 생능출판사, 2018년 8월",,없음,True,True,False,False,False,True,target_department_and_target_course,missing_learning_objective,0.16666666666666666
3543,2022,강원대학교,IT대학,컴퓨터공학과,논리회로,2,1학기,3,3,0,전공선택,,"김종현, “디지털 논리회로”, 생능출판사, 2016년 1월.",,"M. Morris R. Mano and Michael D. Ciletti, Digital Design, Global Edition, 6th Edition, 2019. 송상훈, 한동일,""논리회로 설계"", 생능출판, 2015년 12월. 설계도구 및 환경 : Logisim(evolution)",,True,True,False,False,False,True,target_department_and_target_course,missing_learning_objective,0.25
3547,2022,강원대학교,IT대학,컴퓨터공학과,이산수학,2,1학기,3,3,0,전공선택,,"교재: 공은배 외, 이산수학(제5판/제6판/제7판), 인터비젼 (원서: Rosen, K. H., Discrete Mathematics and Its Applications, 5/E or 6/E or 7/E, McGrawHill.)참고도서: Liu, C. L., Elements of Discrete Mathematics, 2/E, McGrawHill.",,,"없음 (집합, 명제 등의 고등학교 초급 수학)",True,False,True,False,False,True,target_department_and_foundational_course,missing_learning_objective,0.25
3548,2022,강원대학교,IT대학,컴퓨터공학과,모바일프로그래밍,2,2학기,3,2,2,전공선택,,"Do it! 안드로이드 앱 프로그래밍 (이지스퍼블리싱, 정재근)",,,"기초 프로그래밍 지식, 자바 프로그래밍 언어",True,True,False,False,False,True,target_department_and_target_course,missing_learning_objective,0.25
3552,2022,강원대학교,IT대학,컴퓨터공학과,자료구조,2,1학기,3,2,2,전공필수,,"1) 천인국, 공용해, 하상호, C언어로 쉽게 풀어쓴 자료 구조, 생능출판사",,,C프로그래밍,True,True,False,False,False,True,target_department_and_target_course,missing_learning_objective,0.25
3553,2022,강원대학교,IT대학,컴퓨터공학과,자료구조,2,1학기,3,2,2,전공필수,,"파이썬으로 쉽게 풀어쓴 자료구조, 최영규, 천인국 지음, 생능출판사",,,"컴퓨터 프로그래밍 과목에서 기본적인 프로그래밍 언어를 이수한 것을 요구하며, 본 과목에서는 Python을 사용할 예정임",True,True,False,False,False,True,target_department_and_target_course,missing_learning_objective,0.25
3555,2022,강원대학교,IT대학,컴퓨터공학과,선형대수학,2,1학기,3,3,0,전공선택,,"""Introduction to Applied Linear Algebra Vectors, Matrices, and Least Squares"" written by Stephen Boyd and Lieven Vandenberghe",,,,True,False,True,False,False,True,target_department_and_foundational_course,missing_learning_objective,0.3333333333333333
3556,2022,강원대학교,IT대학,컴퓨터공학과,리눅스프로그래밍,2,1학기,3,2,2,전공선택,,"교재: 이종원, 우분투 리눅스: 시스템 & 네트워크, 한빛미디어, 2014; 별도배포: Bash 관련 자료",,,없음,True,True,False,False,False,True,target_department_and_target_course,missing_learning_objective,0.25
3557,2022,강원대학교,IT대학,컴퓨터공학과,리눅스프로그래밍,2,1학기,3,2,2,전공선택,,"교재: Linux 기초/개요에 관련된 도서 (자율로 선택)참고도서: 김치하, 고급 UNIX 프로그래밍, 홍릉과학출판사.",영어 교재들의 pdf 파일 링크를 제공합니다.,,프로그래밍 기초(C언어),True,True,False,False,False,True,target_department_and_target_course,missing_learning_objective,0.16666666666666666
3559,2022,강원대학교,IT대학,컴퓨터공학과,웹프로그래밍,2,1학기,3,2,2,전공선택,,"IT CookBook, HTML5 웹 프로그래밍 입문(3판 또는 4판)",,,"프로그래밍 기본 지식, 자바/파이썬 프로그래밍 언어",True,True,False,False,False,True,target_department_and_target_course,missing_learning_objective,0.25
3560,2022,강원대학교,IT대학,컴퓨터공학과,웹프로그래밍,2,1학기,3,2,2,전공선택,,"IT CookBook, HTML5 웹 프로그래밍 입문(3판), 윤인성 지음, 2019, 한빛아카데미",,,"C, Java 프로그래밍",True,True,False,False,False,True,target_department_and_target_course,missing_learning_objective,0.25
3566,2022,강원대학교,IT대학,컴퓨터공학과,데이터분석프로그래밍,2,2학기,3,2,2,전공선택,,"Avinash Navlani 저, ""Python Data Analysis Third Edition""","Joel Grus 저, ""Data Science from Scratch""",,"프로그래밍기초, 파이썬프로그래밍혹은 각 수업에 준하는 기본 프로그래밍 및 파이썬 기초 지식을 요함",True,True,False,True,False,True,target_department_and_target_course,missing_learning_objective,0.16666666666666666
3575,2022,강원대학교,IT대학,컴퓨터공학과,운영체제,3,1학기,3,3,0,전공필수,,"운영체제의 이해 (김용석, 홍릉과학출판사, 2018년)",,"Silberschtz, Operating System Concepts, 9th Edition",C 또는 Java 언어 및 자료구조에 익숙할것마이크로프로세서 및 어셈블리언어에 대한 사전지식이 필요함,True,True,False,True,False,True,target_department_and_target_course,missing_learning_objective,0.16666666666666666
3577,2022,강원대학교,IT대학,컴퓨터공학과,운영체제,3,1학기,3,3,0,전공필수,,"운영체제의 원리(정인범 저, 수업시간 공지)",,,"C언어,자료구조",True,True,False,True,False,True,target_department_and_target_course,missing_learning_objective,0.25
3580,2022,강원대학교,IT대학,컴퓨터공학과,데이터통신,3,1학기,3,3,0,전공선택,,"컴퓨터 네트워킹 하향식 접근, 제 7판, 강현국외 5인 공역","교보문고(원서): Computer Networking A TopDown Approach, 8th Edition, James F. Kurose, Keith W. Ross, Pearson",,,True,True,False,False,False,True,target_department_and_target_course,missing_learning_objective,0.25
3581,2022,강원대학교,IT대학,컴퓨터공학과,데이터통신,3,1학기,3,3,0,전공선택,,"Computer Networking A TopDown Approach, 7th Edition, James F. Kurose, Keith W. Ross, Pearson",,,Some programming skills using C or C++,True,True,False,False,False,True,target_department_and_target_course,missing_learning_objective,0.25
3584,2022,강원대학교,IT대학,컴퓨터공학과,신호처리,3,1학기,3,3,0,전공선택,,"Hello! 신호처리 (홍릉과학출판사, James H. McClellan, 김인택)",,,"기초적인 삼각함수, 복소수, 미분",True,True,False,False,False,True,target_department_and_target_course,missing_learning_objective,0.25
3587,2022,강원대학교,IT대학,컴퓨터공학과,컴퓨터시스템보안,3,1학기,3,3,0,전공선택,,"컴퓨터 보안 원리 및 실습 제3판, 한티미디어, 윌리엄 스톨링/로리 브라운 공저, 한명묵/김영천 외 6인 공역, 2016년 8월.",,,"운영체제, 데이터베이스, 컴퓨터 네트워크, 컴퓨터 프로그래밍",True,True,False,False,False,True,target_department_and_target_course,missing_learning_objective,0.25
3590,2022,강원대학교,IT대학,컴퓨터공학과,프로그래밍언어,3,1학기,3,3,0,전공선택,,"Concepts of Programming Languages, 12th Edition, Robert W. Sebesta, Pearson, 2018","프로그래밍 언어론 쉽게 배우는 언어의 원리와 구조, 김종훈, 김종진 공저, 한빛미디어, 2013",,프로그래밍 기초 지식,True,True,False,False,False,True,target_department_and_target_course,missing_learning_objective,0.16666666666666666
3594,2022,강원대학교,IT대학,컴퓨터공학과,데이터베이스,3,2학기,3,3,0,전공선택,,"오라클로 배우는 데이터베이스 개론과 실습 (2판), 박우창, 한빛아카데미, 2020년 7월",,,"C, Java 프로그래밍",True,True,False,True,False,True,target_department_and_target_course,missing_learning_objective,0.25
3599,2022,강원대학교,IT대학,컴퓨터공학과,인공지능,3,2학기,3,3,0,전공선택,,"인공지능(생능), 인공지능론(정익사), 인공지능의 세계(21세기사)",,,,True,True,False,True,False,True,target_department_and_target_course,missing_learning_objective,0.3333333333333333
3609,2022,강원대학교,IT대학,컴퓨터공학과,기계학습,4,1학기,3,2,2,전공선택,,"기계 학습, 오일석 지음, 한빛아카데미",,,프로그램 관련 강의파이썬 언어,True,True,False,True,False,True,target_department_and_target_course,missing_learning_objective,0.25
3610,2022,강원대학교,IT대학,컴퓨터공학과,기계학습,4,1학기,3,2,2,전공선택,,,,,"[선택] 파이썬프로그래밍, 데이터분석프로그래밍, 인공지능",True,True,False,True,False,True,target_department_and_target_course,missing_learning_objective;missing_main_textbook,0.3333333333333333
3611,2022,강원대학교,IT대학,컴퓨터공학과,데이터베이스프로그래밍,4,1학기,3,2,2,전공선택,,"1) 황규영외, 데이터베이스 시스템, ITC 출판사","1) 우재남, 이것이 MySQL이다, 한빛미디어 2) 황희정, 짧고 굵게 배우는 JSP 웹 프로그래밍과 스트링 프레임워크, 한빛아카데미","1) 스티븐 포이어슈타인외, 오라클 PL/SQL 프로그래밍, 한빛미디어 4) 김병직, SQL Server2000 (한권으로 끝내기), (주) 사이버출판사 5) 손호성, Deep Inside TSQL, 영진닷컴",,True,True,False,True,False,True,target_department_and_target_course,missing_learning_objective,0.16666666666666666
3613,2022,강원대학교,IT대학,컴퓨터공학과,소프트웨어공학,4,1학기,3,3,0,전공선택,,"소프트웨어공학(정인범 저, 강의시간 공지)",,,"컴퓨터관련 학과 4학년 진입 학생으로서23학년의정규과목들을이수했어야한다.(자료구조,운영체제,컴퓨터구조,컴퓨터네트워크,데이터베이스,파일처리,등)",True,True,False,False,False,True,target_department_and_target_course,missing_learning_objective,0.25
3615,2022,강원대학교,IT대학,컴퓨터공학과,캡스톤디자인1,4,1학기,3,0,6,전공선택,,소프트웨어공학 혹은 시스템분석및설계 관련 전공도서 (필요시 추후 안내),,,Course on software engineering & C(or Java) language is required.,True,False,True,False,False,True,target_department_and_foundational_course,missing_learning_objective,0.25
3617,2022,강원대학교,IT대학,컴퓨터공학과,컴파일러설계,4,1학기,3,3,0,전공선택,,"컴파일러의 이해, 박두순 지음, 한빛아카데미, 2016","Compilers: Principles, Techniques, and Tools (2nd Edition), Alfred Aho, Jeffrey Ullman, Ravi Sethi, Monica S. Lam, Addison Wesley, 2006",,"프로그래밍 기초지식(C, 자바)자료구조",True,False,True,False,False,True,target_department_and_foundational_course,missing_learning_objective,0.16666666666666666
3618,2022,강원대학교,IT대학,컴퓨터공학과,컴퓨터비전,4,1학기,3,2,2,전공선택,,"컴퓨터 비전 (오일석, 한빛 아카데미)",,,,True,True,False,True,False,True,target_department_and_target_course,missing_learning_objective,0.3333333333333333
3619,2022,강원대학교,IT대학,컴퓨터공학과,캡스톤디자인2,4,2학기,3,0,6,전공선택,,"소프트웨어공학, 혹은 시스템 분석 및 설계 관련 전공도서 (필요시 추후 안내)",,,"Course on software engineering & C(or Java, Python) language is required.",True,False,True,False,False,True,target_department_and_foundational_course,missing_learning_objective,0.25
3620,2022,강원대학교,IT대학,컴퓨터공학과,캡스톤디자인2,4,2학기,3,0,6,전공선택,,소프트웨어공학 혹은 시스템분석및설계 관련 전공도서 (필요시 추후 안내),,,"Course on software engineering & C(or Java, Python) language is required.",True,False,True,False,False,True,target_department_and_foundational_course,missing_learning_objective,0.25
3621,2022,강원대학교,IT대학,컴퓨터공학과,네트워크보안,4,2학기,3,3,0,전공선택,,"양대일 지음, 네트워크 해킹과 보안(개정4판), 한빛아카데미","장산근 지음, 처음 배우는 네트워크 보안, 한빛미디어",,Courses on OS and computer networks are required.,True,True,False,False,False,True,target_department_and_target_course,missing_learning_objective,0.16666666666666666
3625,2022,강원대학교,IT대학,컴퓨터공학과,자연어처리,4,2학기,3,2,2,전공선택,,수업 자료,김기현의 자연어 처리 딥러닝 캠프 (파이토치 편) 한빛미디어,,"자료 구조, 알고리즘",True,True,False,True,False,True,target_department_and_target_course,missing_learning_objective,0.16666666666666666
3626,2022,강원대학교,IT대학,컴퓨터공학과,고급파이썬프로그래밍,2,1학기,3,2,2,전공선택,,"데이터 과학을 위한 파이썬 프로그래밍, 최성철 지음, 한빛아카데미","두근두근 파이썬, 천인국 지음, 생능출판사",,C/C++ 또는 자바 프로그래밍,True,True,False,False,False,True,target_department_and_target_course,missing_learning_objective,0.16666666666666666
3627,2022,강원대학교,IT대학,컴퓨터공학과,고급파이썬프로그래밍,2,1학기,3,2,2,전공선택,,"파이썬 for Beginner (2판), 우재남 지음, 한빛아카데미",,,,True,True,False,False,False,True,target_department_and_target_course,missing_learning_objective,0.3333333333333333
3628,2022,강원대학교,IT대학,컴퓨터공학과,인공지능수학,2,2학기,3,3,0,전공선택,,"데이터 과학을 위한 기초수학 with 파이썬, 이병준 지음, 한빛아카데미",,,파이썬 이해와 활용 또는 고급 파이썬 프로그래밍 등 파이썬 관련 교과목,True,True,False,True,False,True,target_department_and_target_course,missing_learning_objective,0.25
3634,2022,강원대학교,IT대학,컴퓨터공학과,직업선택과꿈설계,3,2학기,1,1,0,전공선택,,직업선택과 꿈설계 가이드북,,,,True,False,True,False,False,True,target_department_and_foundational_course,missing_learning_objective,0.3333333333333333
4194,2022,강원대학교,단과대구분없음,기타모집단위,운영체제,3,1학기,3,3,0,전공선택,,"쉽게 배우는 운영체제, 한빛아카데미 2018",,"Operating System Concepts(10th Edition), A Silberschatz, P G Galvin, and G Gagne, 번역판: Operating System Concepts (제10판), 퍼스트북",컴퓨터 개론 or 컴퓨터 구조C언어,False,True,False,True,False,True,strong_ai_cs_course_outside_target_department,missing_learning_objective,0.16666666666666666
4198,2022,강원대학교,단과대구분없음,기타모집단위,인공지능,3,2학기,3,3,0,전공선택,,"인공지능 제4판 : 현대적 접근방식 1, 2 권, 제4판. 스튜어트 러셀, 피터 노빅",,,,False,True,False,True,False,True,strong_ai_cs_course_outside_target_department,missing_learning_objective,0.3333333333333333
4309,2022,강원대학교,단과대구분없음,기타모집단위,인공지능시대의철학,3,2학기,3,3,0,전공선택,,별도 자료 배포,,,"Please be noted that if there is a conflic of scheduling with the Korean Language classes, you will be given an excuse from the course on Tuesdays at the time of this course.",False,True,False,True,False,True,strong_ai_cs_course_outside_target_department,missing_learning_objective,0.25
4354,2022,강원대학교,단과대구분없음,기타모집단위,AI와메타버스기반산업입지와지역발전분석,3,1학기,3,3,0,전공필수,,,,,,False,True,False,True,False,True,strong_ai_cs_course_outside_target_department,missing_learning_objective;missing_main_textbook,0.4166666666666667
4363,2022,강원대학교,단과대구분없음,기타모집단위,컴퓨터구조,2,2학기,3,3,0,전공선택,,추후 지정,강의자료 제공,온라인,없음,False,True,False,True,False,True,strong_ai_cs_course_outside_target_department,missing_learning_objective,0.08333333333333333
4382,2022,강원대학교,단과대구분없음,기타모집단위,바이오데이터베이스,3,1학기,3,3,0,전공선택,"바이오데이터베이스의 종류와 각 데이터베이스들이 제공하고 데이터에 대한 이해를 증진하고, 향후 연구에 활용할 수 있는 능력 함양함.",,,,,False,True,False,True,False,True,strong_ai_cs_course_outside_target_department,missing_main_textbook,0.3333333333333333
4393,2022,강원대학교,단과대구분없음,데이터사이언스학과,데이터분석수학,2,1학기,3,3,0,전공선택,,,,,미적분에 관한 기초지식이 도움이 되나 필수는 아님.,True,True,False,True,False,True,target_department_and_target_course,missing_learning_objective;missing_main_textbook,0.3333333333333333
4397,2022,강원대학교,단과대구분없음,데이터사이언스학과,데이터마이닝,4,1학기,3,3,0,전공선택,,"파이썬 라이브러리를 활용한 머신러닝, 세라 가이도, 안드레아스 뮐러(저), 박해선(역), 한빛미디어, 2019",,,,True,True,False,True,False,True,target_department_and_target_course,missing_learning_objective,0.3333333333333333
4398,2022,강원대학교,단과대구분없음,데이터사이언스학과,SW융합캡스톤디자인,4,1학기,3,0,6,전공선택,,,,,해당 없음,True,False,True,False,False,True,target_department_and_foundational_course,missing_learning_objective;missing_main_textbook,0.4166666666666667
5712,2022,강원대학교,공학대학,전기공학전공,캡스톤디자인,3,1학기,3,2,2,전공선택,,,,,,True,False,True,False,False,True,target_department_and_foundational_course,missing_learning_objective;missing_main_textbook,0.4166666666666667
5716,2022,강원대학교,공학대학,전기공학전공,전기응용실험,2,2학기,3,2,2,전공선택,,"전기회로실험, 회로이론, 전기사용시설물 설비 및 설계",,,,True,False,True,False,False,True,target_department_and_foundational_course,missing_learning_objective,0.3333333333333333
5724,2022,강원대학교,공학대학,전자공학전공,회로이론1,2,1학기,3,3,0,전공필수,,회로이론 사이텍미디어(임덕규외 4인 공역),,,,True,True,False,False,False,True,target_department_and_target_course,missing_learning_objective,0.3333333333333333
5726,2022,강원대학교,공학대학,전자공학전공,논리회로실험,2,2학기,2,0,4,전공선택,디지털공학1 및 물리 등 기초과학에서 학습한 내용을 중심으로 작품 설계와 표현에 활용할 수 있도록 학습한다. 미래 지속적으로 변화하는 ICT 환경에 대해 능동적으로 적응·통제하기 위해 새로운 지식 및 정보를 이해하고 컴퓨터 및 디지털 기술을 활용할 수 있는 능력을 학습,,,,디지털공학1을 미리 수강하셔야 됩니다. 그리고 디지털공학2와 마이크로프로세서1 역시 이번 학기에 연계되어서 강의됩니다. 같이 수강하지 않는다면 이해가 어렵습니다. 만일 그렇다면 추가적인 학습을 하기 바랍니다.,True,True,True,False,False,True,target_department_and_target_course,missing_main_textbook,0.25
5729,2022,강원대학교,공학대학,전자공학전공,제어공학1,3,1학기,3,3,0,전공선택,,핵심이보이는 제어공학(개정판)한빛아카데미(김성중 저),Kuo의 자동제어 10판,,,True,True,False,False,False,True,target_department_and_target_course,missing_learning_objective,0.25
5730,2022,강원대학교,공학대학,전자공학전공,전자회로1,3,1학기,3,3,0,전공필수,,"전자회로(RobertL.Boylestad저,김수원역,피어슨에듀케이션코리아)","마이크로전자회로(SedraSmith,정원섭역,한티미디어)",,,True,True,False,False,False,True,target_department_and_target_course,missing_learning_objective,0.25
5732,2022,강원대학교,공학대학,전자공학전공,전자회로실험,3,1학기,2,0,4,전공선택,,자체 교재,,,,True,True,True,False,False,True,target_department_and_target_course,missing_learning_objective,0.3333333333333333
5739,2022,강원대학교,공학대학,전자공학전공,데이터통신,4,1학기,3,3,0,전공선택,,"데이터통신(생능출판사, 저자: 정진욱외 1인 공저)",,,,True,True,False,False,False,True,target_department_and_target_course,missing_learning_objective,0.3333333333333333
5743,2022,강원대학교,공학대학,전자공학전공,디지털시스템설계,3,1학기,3,0,0,전공선택,,"자체교재, 인텔 제공 유인물",,,,True,True,True,False,False,True,target_department_and_target_course,missing_learning_objective,0.3333333333333333
5747,2022,강원대학교,공학대학,전자공학전공,IoT통신,3,1학기,3,3,0,전공선택,,"마이크로컨트롤러 AVR ATmega128(한빛 아카데미, 이상설)",,,,True,True,False,False,False,True,target_department_and_target_course,missing_learning_objective,0.3333333333333333
5764,2022,강원대학교,공학대학,제어계측공학전공,컴퓨터프로그래밍,2,1학기,3,2,2,전공선택,,"C언어 for Beginner(개정4판), 우재남 지음, 한빛아카데미",,,,True,True,False,False,False,True,target_department_and_target_course,missing_learning_objective,0.3333333333333333
5765,2022,강원대학교,공학대학,제어계측공학전공,전자회로1,3,1학기,3,3,0,전공선택,,"전자회로(RobertL.Boylestad저,김수원역,피어슨에듀케이션코리아)","마이크로전자회로(SedraSmith,정원섭역,한티미디어)",,,True,True,False,False,False,True,target_department_and_target_course,missing_learning_objective,0.25
5768,2022,강원대학교,공학대학,제어계측공학전공,마이크로프로세서,3,1학기,3,3,0,전공선택,,"마이크로컨트롤러AVRATmega128(이상설,한빛미디어)","ATmega128메뉴얼,AVRATmega128정복(윤덕용,Ohm사)",,,True,True,False,False,False,True,target_department_and_target_course,missing_learning_objective,0.25
5769,2022,강원대학교,공학대학,제어계측공학전공,운영체제,3,1학기,3,3,0,전공선택,,"운영체제(개정3판), 구현회 저, 한빛아카데미",,,,True,True,False,True,False,True,target_department_and_target_course,missing_learning_objective,0.3333333333333333
5771,2022,강원대학교,공학대학,제어계측공학전공,신호및시스템,4,1학기,3,3,0,전공선택,,"신호및시스템(개정판), 강철호 외2인 공저, 생능출판사","핵심이 보이는 신호및시스템, 이철희 저, 한빛아카데미",,,True,True,False,False,False,True,target_department_and_target_course,missing_learning_objective,0.25
5775,2022,강원대학교,공학대학,제어계측공학전공,디지털신호처리,4,2학기,3,3,0,전공선택,,"신호및시스템(개정판), 강철호 외2인 공저, 생능출판사","핵심이 보이는 신호및시스템, 이철희 저, 한빛아카데미",,,True,True,False,False,False,True,target_department_and_target_course,missing_learning_objective,0.25
5778,2022,강원대학교,공학대학,제어계측공학전공,임베디드시스템,4,1학기,3,3,0,전공선택,,강의안과 관련 유인물,,,,True,True,False,False,False,True,target_department_and_target_course,missing_learning_objective,0.3333333333333333
5780,2022,강원대학교,공학대학,제어계측공학전공,기초전기및실험,2,1학기,3,2,2,전공선택,,"제3판 기초전기 및 전력전자실험, 정도영 저, 문운당",,,,True,False,True,False,False,True,target_department_and_foundational_course,missing_learning_objective,0.3333333333333333
5781,2022,강원대학교,공학대학,제어계측공학전공,디지털회로및실험,2,1학기,3,2,2,전공선택,,"최신디지털 공학실험 (제10판), David M. Buchla 지음, 김응성 옮김, ITC 출판사",,,,True,True,True,False,False,True,target_department_and_target_course,missing_learning_objective,0.3333333333333333
5783,2022,강원대학교,공학대학,제어계측공학전공,디지털회로응용및실험,2,2학기,3,2,2,전공선택,,"최신디지털 공학실험 (제10판), David M. Buchla 지음, 김응성 옮김, ITC 출판사",,,,True,True,True,False,False,True,target_department_and_target_course,missing_learning_objective,0.3333333333333333
5786,2022,강원대학교,공학대학,제어계측공학전공,마이크로프로세서응용및실험,3,1학기,2,1,2,전공선택,,"마이크로컨트롤러AVRATmega128(이상설,한빛미디어)","AVRATmega128정복(윤덕용,Ohm사),기타 ATmeg128Manual",,마이크로프로세서,True,True,True,False,False,True,target_department_and_target_course,missing_learning_objective,0.16666666666666666
5791,2022,강원대학교,공학대학,제어계측공학전공,자동제어2,3,2학기,3,3,0,전공선택,,제어공학,,,,True,True,False,False,False,True,target_department_and_target_course,missing_learning_objective,0.3333333333333333
5901,2022,강원대학교,공학대학,전자정보통신공학부,벤처캡스톤디자인,4,1학기,3,0,0,전공필수,,"인터넷이론및실험(황성호, 두양사), TCP/IP 윈도우 소켓 프로그래밍(김선우, 한빛미디어), 파이썬네트워크프로그래밍(서열규,북두)",,,,True,False,True,False,False,True,target_department_and_foundational_course,missing_learning_objective,0.3333333333333333
5903,2022,강원대학교,공학대학,전자정보통신공학부,벤처캡스톤디자인,4,1학기,3,0,0,전공필수,,,,,,True,False,True,False,False,True,target_department_and_foundational_course,missing_learning_objective;missing_main_textbook,0.4166666666666667
5910,2022,강원대학교,공학대학,전자정보통신공학부,직업선택과꿈설계,3,2학기,1,1,0,전공선택,자신이 제안한 접근법이 사회 공동체의 안전이나 환경에 어떠한 영향을 결과로 나올 지 예측하는 학습을 목표로 한다.,,,,,True,False,True,False,False,True,target_department_and_foundational_course,missing_main_textbook,0.3333333333333333
5917,2022,강원대학교,공학대학,정보통신공학전공,전자회로,3,1학기,3,3,0,전공선택,,"전자회로(11판) , 김수원외 공역, 피어슨에듀케이션코리아",,,,True,True,False,False,False,True,target_department_and_target_course,missing_learning_objective,0.3333333333333333
5918,2022,강원대학교,공학대학,정보통신공학전공,데이터통신,3,1학기,3,3,0,전공선택,,"데이터통신 개정판(정진욱외 1인, 생능출판사)",,,,True,True,False,False,False,True,target_department_and_target_course,missing_learning_objective,0.3333333333333333
5920,2022,강원대학교,공학대학,정보통신공학전공,정보시스템보안,3,1학기,3,3,0,전공선택,,"정보보호총론, 장상수 지음/생능출판사","정보시스템보안개론, David Kim저, 원동호 역/홍릉과학출판사",,,True,True,False,False,False,True,target_department_and_target_course,missing_learning_objective,0.25
5921,2022,강원대학교,공학대학,정보통신공학전공,마이크로프로세서설계,3,1학기,3,0,0,전공필수,,익스플로링 아두이노 EXPLORING ARDUINO 저자 Jeremy Blum|역자 김찬웅|한빛아카데미,인터넷 자료,인터넷 자료,프로그래밍 언어 기초전자회로 기초,True,True,True,False,False,True,target_department_and_target_course,missing_learning_objective,0.08333333333333333
5922,2022,강원대학교,공학대학,정보통신공학전공,디지털신호처리,3,1학기,2,2,0,전공선택,,파이썬으로 배우는 디지털 신호처리,디지털신호처리,,,True,True,False,False,False,True,target_department_and_target_course,missing_learning_objective,0.25
5927,2022,강원대학교,공학대학,정보통신공학전공,프로젝트관리,4,1학기,3,2,2,전공선택,,"정보통신과 컴퓨터분야 공학인증을 위한 종합 설계김상춘, 김현곤, 한산 출판사","실무 시스템 개발체계김상춘, 한산 출판사",,,True,False,True,False,False,True,target_department_and_foundational_course,missing_learning_objective,0.25
5928,2022,강원대학교,공학대학,정보통신공학전공,데이터베이스이론및실습,4,1학기,3,2,2,전공선택,,JAVA 프로그래밍 실무 예제(Lotto)로 따라 배우는 권기현 저 | 홍릉과학출판사 | 2018년 08월 30일,데이터 베이스 시스템 황규영 저 | 홍릉과학출판사 | 2018년 08월 27일,인터넷 자료 활용,프로그래밍 기초,True,True,False,True,False,True,target_department_and_target_course,missing_learning_objective,0.08333333333333333
5931,2022,강원대학교,공학대학,정보통신공학전공,객체지향프로그래밍,3,1학기,3,2,2,전공선택,,"C++Programming(황기태,생능출판사)",,,,True,True,False,False,False,True,target_department_and_target_course,missing_learning_objective,0.3333333333333333
5941,2022,강원대학교,공학대학,정보통신공학전공,인공지능입문,2,2학기,2,2,0,전공선택,,모두의 딥러닝 개정 3판/길벗,,,,True,True,False,True,False,True,target_department_and_target_course,missing_learning_objective,0.3333333333333333
5942,2022,강원대학교,공학대학,정보통신공학전공,기계학습,2,2학기,2,2,0,전공선택,,"기계학습, 오일석/한빛아카데미",,,,True,True,False,True,False,True,target_department_and_target_course,missing_learning_objective,0.3333333333333333
6195,2022,강원대학교,공학대학,AI소프트웨어학과,AI소프트웨어개론및응용,1,1학기,3,3,0,전공선택,,강의자료 제공,,,,True,True,False,True,False,True,target_department_and_target_course,missing_learning_objective,0.3333333333333333
6197,2022,강원대학교,공학대학,AI소프트웨어학과,데이터사이언스프로그래밍,2,1학기,2,2,0,전공선택,,"R을 이용한 데이터 처리&분석 실무, 서민구 지음, 길벗",R code files by Prof. Lee,,"컴퓨팅 사고력, 코딩의 이해와 활용 등 코딩 관련 과목",True,True,False,True,False,True,target_department_and_target_course,missing_learning_objective,0.16666666666666666
6198,2022,강원대학교,공학대학,AI소프트웨어학과,최적화및기계학습,3,1학기,3,2,2,전공필수,,강의자료 제공,,,"수학, 확률/통계, 코딩 관련 과목",True,True,False,True,False,True,target_department_and_target_course,missing_learning_objective,0.25
6201,2022,강원대학교,공학대학,AI소프트웨어학과,머신러닝을위한통계학1,2,1학기,3,2,2,전공선택,,"교재: 이훈영 교수의 통계학, 도서출판 청림",,,,True,True,True,True,False,True,target_department_and_target_course,missing_learning_objective,0.3333333333333333
6207,2022,강원대학교,공학대학,AI소프트웨어학과,실험계획법,4,1학기,3,2,2,전공선택,,"교재: minitab을 활용한 현대실험계획법, 민영사",,,,True,False,True,False,False,True,target_department_and_foundational_course,missing_learning_objective,0.3333333333333333
6214,2022,강원대학교,공학대학,AI소프트웨어학과,직업선택과꿈설계,3,2학기,1,1,0,전공선택,,직업 선택과 꿈설계 취업지원센터,,,,True,False,True,False,False,True,target_department_and_foundational_course,missing_learning_objective,0.3333333333333333
6224,2022,강원대학교,공학대학,AI소프트웨어학과,데이터베이스1,3,1학기,3,2,2,전공선택,,데이터베이스개론(김연희 저),Introduction to Oracle: SQL and PL/SQL,,,True,True,False,True,False,True,target_department_and_target_course,missing_learning_objective,0.25
6225,2022,강원대학교,공학대학,AI소프트웨어학과,데이터베이스1,3,1학기,3,2,2,전공선택,,데이터베이스 개론,Introduction to Oracle: SQL and PL/SQL,,,True,True,False,True,False,True,target_department_and_target_course,missing_learning_objective,0.25
6229,2022,강원대학교,공학대학,AI소프트웨어학과,벤처캡스톤디자인,4,1학기,3,2,2,전공선택,,없음,,,,True,False,True,False,False,True,target_department_and_foundational_course,missing_learning_objective,0.3333333333333333
6231,2022,강원대학교,공학대학,AI소프트웨어학과,벤처캡스톤디자인,4,1학기,3,2,2,전공선택,,시스템분석 및 설계,,,,True,False,True,False,False,True,target_department_and_foundational_course,missing_learning_objective,0.3333333333333333
6232,2022,강원대학교,공학대학,AI소프트웨어학과,데이터마이닝,4,2학기,3,2,2,전공선택,,데이터마이닝 방통대출판사,데이터마이닝 모델링과 사례 한나래 출판사,,,True,True,False,True,False,True,target_department_and_target_course,missing_learning_objective,0.25
6237,2022,강원대학교,공학대학,AI소프트웨어학과,확률및통계,2,1학기,3,3,0,전공선택,,"확률및 통계( 통계학, 기초 퉁계학 등등) R을 이용한 통계학",통계학 파이썬을 이용한 통계학,,,True,False,True,False,False,True,target_department_and_foundational_course,missing_learning_objective,0.25
6238,2022,강원대학교,공학대학,AI소프트웨어학과,확률및통계,2,1학기,3,3,0,전공선택,,"확률 및 통계학 (통계학, 기초통계학 등등) R을 이용한 통계학",통계학 파이썬을 이용한 통계학,,,True,False,True,False,False,True,target_department_and_foundational_course,missing_learning_objective,0.25
6239,2022,강원대학교,공학대학,AI소프트웨어학과,빅데이터분석,3,1학기,3,2,2,전공선택,,"빅데이터의 이해 한국방송통신대학이긍희, 함유근, 김용대, 이준환, 원중호",데이터분석 이훈영 청람,,,True,True,False,True,False,True,target_department_and_target_course,missing_learning_objective,0.25
6241,2022,강원대학교,공학대학,AI소프트웨어학과,컴퓨터보안,4,2학기,3,3,0,전공선택,,컴퓨터보안 방통대 출판사,,,,True,True,False,False,False,True,target_department_and_target_course,missing_learning_objective,0.3333333333333333
6256,2022,강원대학교,공학대학,AI소프트웨어학과,컴퓨터구조,3,1학기,3,3,0,전공선택,,컴퓨터구조론,"컴퓨터구조특론, 고급컴퓨터",,,True,True,False,True,False,True,target_department_and_target_course,missing_learning_objective,0.25
6264,2022,강원대학교,공학대학,AI소프트웨어학과,AI응용수학,1,2학기,3,3,0,전공선택,,인공지능을 위한 수학 (이시카와 아키히코 지음; 프리렉),,,"* 선수 과목: 1학년에 필수 수강하는 수학 교과목 (1) 2022학번 기준: '공학기초수학및연습' (학문기초)(2) 2021학번 또는 이전 학번 기준: '대학수학및연습' (대학별교양)* 선수 지식: 수 및 수의 연산 이해, 함수의 정의 및 특성 이해, 함수의 미분 이해 및 관련 간단한 계산 방법 이해 등",True,True,False,True,False,True,target_department_and_target_course,missing_learning_objective,0.25
6267,2022,강원대학교,공학대학,AI소프트웨어학과,머신러닝을위한선형대수,2,1학기,3,3,0,전공선택,,딥러닝을 위한 선형대수 (저자: 길버트 스트랭; 출판사: 한빛아카데미) [원서: Linear Algebra and Learning from Data (저자: Gilbert Strang)],,1. 딥러닝 머신러닝을 위한 파이썬 넘파이: 선형대수를 파이썬으로 이해하기 / 2. 응용이 보이는 선형대수학: 파이썬과 함께하는 선형대수학 이론과 응용 / 3. MATLAB guide: 5. Matrices 및 9. Linear Algebra,"* 선수지식: 중등교육과정을 통해 학습하는 내용 (미지수, 해, 일차방정식, 연립방정식, 일차/이차 함수 등)* 선수교과목: 1학년 수강 대학별교양 교과목인 '대학수학및연습' 또는 '공학기초수학및연습'",True,True,True,True,False,True,target_department_and_target_course,missing_learning_objective,0.16666666666666666
6268,2022,강원대학교,공학대학,AI소프트웨어학과,머신러닝을위한선형대수,2,1학기,3,3,0,전공선택,,딥러닝을 위한 선형대수 (저자: 길버트 스트랭; 출판사: 한빛아카데미) [원서: Linear Algebra and Learning from Data (저자: Gilbert Strang)],,1. 딥러닝 머신러닝을 위한 파이썬 넘파이: 선형대수를 파이썬으로 이해하기 / 2. 응용이 보이는 선형대수학: 파이썬과 함께하는 선형대수학 이론과 응용 / 3. MATLAB guide: 5. Matrices 및 9. Linear Algebra,"* 선수지식: 중등교육과정을 통해 학습하는 내용 (미지수, 해, 일차방정식, 연립방정식, 일차/이차 함수 등)* 선수교과목: 1학년 수강 대학별교양 교과목인 '대학수학및연습' 또는 '공학기초수학및연습’",True,True,True,True,False,True,target_department_and_target_course,missing_learning_objective,0.16666666666666666
6269,2022,강원대학교,공학대학,AI소프트웨어학과,문제해결프로그래밍,2,2학기,3,2,2,전공선택,,,,,,True,True,False,False,False,True,target_department_and_target_course,missing_learning_objective;missing_main_textbook,0.4166666666666667
6271,2022,강원대학교,공학대학,AI소프트웨어학과,딥러닝을위한수치해석,3,1학기,3,3,0,전공선택,,주교재는 1주차 수업에서 확정 예정임 (개강 전 참고: '참고사항'란의 [T1] 및 [T2])=>[1주차 교재 확정: 파이썬을 이용한 수치해석(2022년; 저자: 박철근; 출판사: 자유아카데미)],,참고사항'란에 작성됨,"선수지식(1): 중등교육과정을 통해 학습하는 내용 (미지수, 해, 일차방정식, 연립방정식 등) [참고: 선형대수]선수지식(2): 일변수함수의 미분 및 최적화 [참고: 1학년 수강 대학별교양 교과목인 '대학수학및연습' 또는 '공학기초수학및연습']",True,True,True,True,False,True,target_department_and_target_course,missing_learning_objective,0.16666666666666666
6272,2022,강원대학교,공학대학,AI소프트웨어학과,딥러닝을위한수치해석,3,1학기,3,3,0,전공선택,,주교재는 1주차 수업에서 확정 예정임 (개강 전 참고: '참고사항'란의 [T1] 및 [T2]) =>[1주차 교재 확정: 파이썬을 이용한 수치해석(2022년; 저자: 박철근; 출판사: 자유아카데미)],,참고사항'란에 작성됨,"선수지식(1): 중등교육과정을 통해 학습하는 내용 (미지수, 해, 일차방정식, 연립방정식 등) [참고: 선형대수]선수지식(2): 일변수함수의 미분 및 최적화 [참고: 1학년 수강 대학별교양 교과목인 '대학수학및연습' 또는 '공학기초수학및연습']",True,True,True,True,False,True,target_department_and_target_course,missing_learning_objective,0.16666666666666666
6273,2022,강원대학교,공학대학,AI소프트웨어학과,AI와사운드,2,1학기,3,3,0,전공선택,,없음,없음,"1. 『음향기술총론』 강성훈, SOUND MEDIA, 2018 2. 『오디오 기술』 강성훈, SOUND Media, 2018 3. 『미디어 음향』 Stanley Alten, 김윤철 옮김, 커뮤니케이션북스, 2006 4. 『장인석의 음향입문』 장인석, SRMUSIC, 2012 5. 『The Science of Sound』 Rossing, Moore & Wheeler, Addison Wesley, 2002 6. 『디지털 하이파이』 홍진표, e비즈북스, 2021 7. 『인공지능, 말을 걸다』 박현아, 스리체어스, 2020 8. 『보이스 퍼스트 패러다임』 호모 디지쿠스, 아마존의나비, 2017 9. 『음성인식 AI의 미래』 제임스 블라호스 지음, 박진서 옮김, 김영사, 2020 10. 『인공지능 콘텐츠 혁명』 고찬수, 한빛미디어, 2018 11. 『인공지능과 인간의 대화』 김지현, 미래의창, 2020 12. 『다가온 미래』 버나드 마 지음, 이경민 옮김, 다산사이언스, 2020 13. 『음향시스템 핸드북 4』 장호준 지음, BIC 미디어북스, 2016 14. 『IT융합 시대의 멀티미디어 배움터 2.0』 최윤철·임순범, 생능출판, 2016 15. 『PA입문』 코세 타카오, 스도 히로시 공저, SRMUSIC, 2015 16. 어도비 오디션(Adobe Audition) 17. 어도비 프리미어 프로(Adobe Premiere Pro) 18. 기타",,True,True,False,True,False,True,target_department_and_target_course,missing_learning_objective,0.16666666666666666
6279,2022,강원대학교,공학대학,AI소프트웨어학과,운영체제,3,2학기,3,3,0,전공선택,,쉽게 배우는 운영체제/조성호지음/한빛아카데이,그림으로 배우는 원리와 구조/구현회지음/한빛아카데미,Operating System Concepts 10e/ Avraham Silberschatz/John Wiley (번역본: 운영체제 : [10판]/박민규옮김/퍼스트북),,True,True,False,True,False,True,target_department_and_target_course,missing_learning_objective,0.16666666666666666
6281,2022,강원대학교,공학대학,AI소프트웨어학과,방송통신시스템,4,1학기,3,3,0,전공선택,,방송통신기술과 융합서비스 현장실무,SNS등 외부 콘텐츠 시장 기술자료 및 동향 분석자료등 포함,,방송통신기기등 방송통신관련 기본지식을 토대로 수업하여 수업내용에 따라 선수학습내용도 반영하여 수업 진행,True,True,False,False,False,True,target_department_and_target_course,missing_learning_objective,0.16666666666666666
7191,2022,강원대학교,단과대구분없음,기타모집단위,기계학습을위한기초통계학,2,1학기,3,3,0,전공선택,,모두의 인공지능 기초수학,혼자공부하는 파이썬,,,False,True,True,True,False,True,strong_ai_cs_course_outside_target_department,missing_learning_objective,0.25
7192,2022,강원대학교,단과대구분없음,기타모집단위,기계학습을위한확률및통계,3,2학기,3,3,0,전공선택,,Do it! 쉽게 배우는 R 데이터 분석,,,,False,True,True,True,False,True,strong_ai_cs_course_outside_target_department,missing_learning_objective,0.3333333333333333
7193,2022,강원대학교,단과대구분없음,기타모집단위,실전기계학습,3,2학기,3,3,0,전공선택,,파이토치 튜토리얼 (https://tutorials.pytorch.kr/),,,,False,True,False,True,False,True,strong_ai_cs_course_outside_target_department,missing_learning_objective,0.3333333333333333
7771,2022,강원대학교,인문사회·디자인스포츠대학,레저스포츠학과,스포츠빅데이터분석과활용,3,2학기,2,1,2,전공선택,,"데이터마이닝 R Edition,비즈니스 애널리틱스를 위한",,,,False,True,False,True,False,True,strong_ai_cs_course_outside_target_department,missing_learning_objective,0.3333333333333333
9144,2022,경북대학교,공과대학,신소재공학부 전자재료공학전공,재료공정실험,3,1학기,2,1,2,공학전공,,,,,,True,False,True,False,True,True,target_department_and_foundational_course,missing_learning_objective;missing_main_textbook,0.4166666666666667
9163,2022,경북대학교,공과대학,신소재공학부 전자재료공학전공,캡스톤디자인,4,1학기,3,1,4,공학전공,,,,,,True,False,True,False,True,True,target_department_and_foundational_course,missing_learning_objective;missing_main_textbook,0.4166666666666667
9788,2022,경북대학교,과학기술대학,소프트웨어학과,프로그래밍언어3,2,1학기,3,3,0,전공,이 과정에서 하나의 언어라도 확실하게 문법 및 실제 활용 기술을 익히는 것이 목표이다. 강의는 주로 C++ 위주로 설명하면서 실제 문제 중심의 프로그램 작성 능력을 습득한다.,,,,,True,True,False,False,False,True,target_department_and_target_course,missing_main_textbook,0.3333333333333333
9791,2022,경북대학교,과학기술대학,소프트웨어학과,JAVA2,2,2학기,3,2,2,전공필수,"창의적 문제 제기 및 해결 능력, 상상력, 실험정신",,,,"C 언어, JAVA1",True,True,False,False,False,True,target_department_and_target_course,missing_main_textbook,0.25
14668,2022,경북대학교,IT대학,전기공학과,확률과정,2,2학기,3,3,0,전공기반,"핵심 역량 중 탐색은 공학적 문제해결능력과 시스템 분석능력의 근본이 되는 능력입니다.본 강의는 확률에 기반한 지식을 전달하고 사고방식을 배양하며, 그 결과,문제 해결이나 시스템 분석에 있어서 또 하나의 시각 및 도구를 제공합니다.",,,,,True,False,True,False,False,True,target_department_and_foundational_course,missing_main_textbook,0.3333333333333333
14680,2022,경북대학교,IT대학,전기공학과,전자회로2,3,1학기,3,3,0,공학전공,,"Microelectronic Circuits, 7th ed., Sedra & Smith, Oxford University Press",,,Electronics1,True,True,False,False,False,True,target_department_and_target_course,missing_learning_objective,0.25
14724,2022,경북대학교,IT대학,전기공학과,공학수학 1,1,2학기,3,3,0,전공기반,"고등학교 과정에서 익힌 수학의 바탕에 공업수학의 기초확립과 응용력을 배양하여 전공 공부 및 과학 학습에 배가되도록 한다. 고교수학 연장선에서 미적분학을 교양과목으로 학습하였다. 그리고 도움을 받아야할것은 대학 물리학 전반에 대한 이해이다. 공학 수학 1의 학습 내용은 미적분학, 대수학, 라플라스 방정식, 그리고 벡터해석이다. 이공계 학생이면 공업수학 전체가 중요하지만 미적분과 대수학은 기본으로 숙지해야 하고 그중에서도 라플라스 방정식, 푸리에 함수(공학수학 2), 그리고 벡터해석(공학수학 2)은 아주 잘 이해해야 할 부분들이다.",,,,"자연의 여러가지 발생되는 현상에 대한 해석이므로 아래 2가지는 숙지하는것이 매우 도움이 될것이다. (1) 대학 물리학(일반물리학, 교양으로 이수하는 물리학) (2) 미적분학(교양과목으로 이수하는 수학).",True,False,True,False,False,True,target_department_and_foundational_course,missing_main_textbook,0.25
14793,2022,경북대학교,IT대학,전자공학부,자료구조,2,2학기,3,3,0,전공,다양한 자료구조의 이론과 구현을 공부하고 이를 기반으로 창의적인 문제 해결 능력 함양,,,,"컴퓨터학개론, C프로그래밍과 실습",True,True,False,False,False,True,target_department_and_target_course,missing_main_textbook,0.25
14794,2022,경북대학교,IT대학,전자공학부,자료구조,2,2학기,3,3,0,전공,The goal of this course is to learn how to solve problems in computer science using various data structures in a creative way.,,,,"Introduction to Computer Science, Practice C Programming Language",True,True,False,False,False,True,target_department_and_target_course,missing_main_textbook,0.25
14809,2022,경북대학교,IT대학,전자공학부,알고리즘1,4,2학기,3,3,0,전공,(1)창의적문제해결능력을함양할수있는내실있는전공교육수행(2)자기주도적학습능력을갖추고미래신기술에능동적으로대응가능한공학인재육성(3)통섭적능력을갖추고미래사회를이끌어나갈수있는글로벌리더육성,,,,COME331 Data Structure,True,True,False,True,False,True,target_department_and_target_course,missing_main_textbook,0.25
14824,2022,경북대학교,IT대학,전자공학부,C프로그래밍과실습,1,2학기,3,2,2,전공,프로그래밍 실력 향상.,,,,없음.,True,True,False,False,False,True,target_department_and_target_course,missing_main_textbook,0.25
14832,2022,경북대학교,IT대학,전자공학부,C프로그래밍과실습,1,2학기,3,2,2,전공,C언어의 다양한 문법을 익히고 이를 기반으로 한 프로그램 작성 능력을 키운다.,,,,컴퓨터학개론,True,True,False,False,False,True,target_department_and_target_course,missing_main_textbook,0.25
14835,2022,경북대학교,IT대학,전자공학부,C프로그래밍과실습,1,2학기,3,2,2,전공,선수과목없음,,,,없음,True,True,False,False,False,True,target_department_and_target_course,missing_main_textbook,0.25
14841,2022,경북대학교,IT대학,전자공학부,전자회로설계,3,1학기,3,3,0,전공,,,,,,True,True,True,False,False,True,target_department_and_target_course,missing_learning_objective;missing_main_textbook,0.4166666666666667
15003,2022,경북대학교,IT대학,전자공학부,전자회로2,3,1학기,3,3,0,전공,,,,,,True,True,False,False,False,True,target_department_and_target_course,missing_learning_objective;missing_main_textbook,0.4166666666666667
15017,2022,경북대학교,IT대학,전자공학부,논리회로,2,1학기,3,3,0,전공,,"Text: Stephen Brown and Zvonko Vranesic, Fundamentals of Digital Logic with Verilog Design, 3rd ed., McGrawHill, 2014. Handouts (Most handouts are supplied online and can be downloaded from the class web siteReferences: 박길흠 외, 디지털 회로 설계의 기초, 도서출판 영, 2006. 02. R.H. Katz and G. Borriello, CONTEMPORARY LOGIC DESIGN (2nd ed.), The Benjamin/Cummings Publishing Company, Inc.,Textbook: Stephen Brown and Zvonko Vranesic, Fundamentals of Digital Logic with Verilog Design, 3rd ed., McGrawHill, 2014. Handouts (Most handouts are supplied online and can be downloaded from the class web siteReferences: 박길흠 외, 디지털 회로 설계의 기초, 도서출판 영, 2006. 02. R.H. Katz and G. Borriello, CONTEMPORARY LOGIC DESIGN (2nd ed.), The Benjamin/Cummings Publishing Company, Inc.,",,,이산 수학,True,True,False,False,False,True,target_department_and_target_course,missing_learning_objective,0.25
15023,2022,경북대학교,IT대학,전자공학부,논리회로,2,1학기,3,3,0,전공,,,,,,True,True,False,False,False,True,target_department_and_target_course,missing_learning_objective;missing_main_textbook,0.4166666666666667
15075,2022,경북대학교,IT대학,전자공학부,마이크로프로세서,3,1학기,3,3,0,전공,다양한 마이크로프로세서 응용 시스템의 동작원리를 이해하여 창조적인 임베디드 시스템 구현을 목적으로 한다,추후 공지,,,논리회로,True,True,False,False,False,True,target_department_and_target_course,missing_main_textbook,0.25
15086,2022,경북대학교,IT대학,전자공학부,자동제어,3,1학기,3,3,0,전공,,"Reommended: R.C. Dorf & R.H. Bishop, “Modern Control Systems (13th Ed.)”, Pearson, 2017.Supplementary: Norman S. Nise, ªControl Systems Engineering (7th Ed.)ª",,,Engineering Mathematics 1,True,True,False,False,False,True,target_department_and_target_course,missing_learning_objective,0.25
15172,2022,경북대학교,IT대학,전자공학부,파이썬프로그래밍,2,1학기,3,2,2,전공,,,,,,True,True,False,False,False,True,target_department_and_target_course,missing_learning_objective;missing_main_textbook,0.4166666666666667
15210,2022,경북대학교,IT대학,전자공학부,휴스타 ICT 설계팀프로젝트2 (캡스톤디자인),4,2학기,3,2,2,전공,Experience realworld issues relating IT fieldsSelect a specific problem and try to solve it after building up a team Present the result at least 2 times and get a chance of peer review,,,,4th grade level,True,False,True,False,False,True,target_department_and_foundational_course,missing_main_textbook,0.25
15256,2022,경북대학교,IT대학,컴퓨터학부,확률및통계,2,2학기,3,3,0,전공기반,이 과목의 주요 목적은 공학과 과학에서 이용되는 확률과 통계의 기초를 학생들에게 제공하는 것이다.,,,,수학 1,True,False,True,False,False,True,target_department_and_foundational_course,missing_main_textbook,0.25
15265,2022,경북대학교,IT대학,컴퓨터학부,프로그래밍기초,1,2학기,6,4,4,공학전공,프로그래밍 개념을 이해하고 C 언어 문법을 활용하여 다양한 문제들을 코딩할 수 있는 능력을 배양한다.,,,,없음,True,True,False,False,False,True,target_department_and_target_course,missing_main_textbook,0.25
15268,2022,경북대학교,IT대학,컴퓨터학부,프로그래밍기초,1,2학기,6,4,4,공학전공,C언어의 기본 개념을 확실히 이해한다.다양한 C응용 문제를 접하여 SW 문제해결 능력을 기른다.,,,,없음,True,True,False,False,False,True,target_department_and_target_course,missing_main_textbook,0.25
15284,2022,경북대학교,IT대학,컴퓨터학부,소프트웨어설계,2,2학기,3,3,0,공학전공,"Knowledge and understandingExplain quality assurance models in software engineering and the contents of quality assurance plansDescribe the distinction between software verification and software validationName and describe the basic concepts on testing, as well as different testing techniques and approachesDescribe the connection between software development phases and kinds of testingExemplify and describe a number of different test methods, and be able to use them in practical situationsExemplify and describe tools used for testing software, and be able to use them and interpret their outputCompetence and skillsExemplify and describe the area of formal verification in general, including model checking and runtime verification, and its relationship to software qualityDefine metrics required for monitoring the quality of projects, products and processes in software engineeringConstruct appropriate and meaningful test cases, and interpret and explain (to stakeholders) the results of the application of such test cases (using appropriate tools) to practical examplesWrite models in at least one formal specification language plan and produce appropriate documentation for testingApply different testing techniques on realistic examples",,,,Java programming,True,False,True,False,False,True,target_department_and_foundational_course,missing_main_textbook,0.25
15318,2022,경북대학교,IT대학,컴퓨터학부,컴퓨터구조,2,2학기,3,3,0,공학전공,"Students will get the following knowledge and designing experience after taking this course:Basic performance metrics of computer hardwareVarious ISA (Instruction Set Architecture) with its design tradeoffs * x86_64, MIPS, RISCV, ARMInternal structures of CPU: ALU(Arithmetic and Logical Unit), Caches, Interconnection networksBasic and advanced concepts of pipelining (pipeline, superscalar, inorder/outoforder pipelines)The principle of locality and memory hierarchy (caches and memory systems)",,,,"C Programming, Python Programming",True,True,False,True,False,True,target_department_and_target_course,missing_main_textbook,0.25
15323,2022,경북대학교,IT대학,컴퓨터학부,프로그래밍언어론,3,2학기,3,3,0,공학전공,"Course Objectives Understand the principles and components of programming language design, such as control structures, names, types, exceptions.Become familiar with the various schools or paradigms of programming languages Use several programming languages Learn how to specify syntax and semantics for a language Develop a rudimentary understanding of programming languages implementation, especially insofar as the implementation impacts language design",,,,Automata,True,True,False,False,False,True,target_department_and_target_course,missing_main_textbook,0.25
15350,2022,경북대학교,IT대학,컴퓨터학부,종합설계프로젝트1,3,1학기,4,3,2,공학전공,컴퓨터 전공자로서의 팀 과제 추진 능력을 배양함,,,,,True,False,True,False,False,True,target_department_and_foundational_course,missing_main_textbook,0.3333333333333333
15351,2022,경북대학교,IT대학,컴퓨터학부,종합설계프로젝트1,3,2학기,4,3,2,공학전공,팀 단위 산학프로젝트 수행을 통해 SW개발 역량을 함양,,,,기초창의공학설계,True,False,True,False,False,True,target_department_and_foundational_course,missing_main_textbook,0.25
15352,2022,경북대학교,IT대학,컴퓨터학부,종합설계프로젝트1,3,1학기,4,3,2,공학전공,Cultivating the ability to perform team projects as a computer major,,,,,True,False,True,False,False,True,target_department_and_foundational_course,missing_main_textbook,0.3333333333333333
15354,2022,경북대학교,IT대학,컴퓨터학부,종합설계프로젝트1,3,2학기,4,3,2,공학전공,,"C/C++ programing, Java Programing, Python ProgramingData structureDataBaseComputer CommunicationWeb ProgramingMachine Learning",,,종합설계프로젝트1,True,False,True,False,False,True,target_department_and_foundational_course,missing_learning_objective,0.25
15355,2022,경북대학교,IT대학,컴퓨터학부,종합설계프로젝트1,3,2학기,4,3,2,공학전공,창의:SW관련새로운기술혹은서비스개념을적용할수있다.융합:작품개발에SW융합개념을적용할수있다.비판:작품개발시기존서비스혹은제품을비판적으로분석할수있다.탐색:새로운개념및기술을탐색하여SW개발설계에적용할수있다.소통:팀단위프로젝트수행을위해팀원간소통을원활하게할수있다.책임:개발한SW에대한사회적책임성및공공성을검토할수있다.창의:학사과정동안에배운SW이론및기술을토대로새로운SW작품을팀단위로개발할수있다.,,,,소프트웨어설계,True,False,True,False,False,True,target_department_and_foundational_course,missing_main_textbook,0.25
15375,2022,경북대학교,IT대학,전자공학부 모바일공학전공,설계프로젝트 2,4,2학기,3,2,2,전공,Experience realworld issues relating IT fieldsSelect a specific problem and try to solve it after building up a team Present the result at least 2 times and get a chance of peer review,,,,4th grade level,True,False,True,False,False,True,target_department_and_foundational_course,missing_main_textbook,0.25
15384,2022,경북대학교,IT대학,전자공학부 모바일공학전공,응용프로그래밍2,3,2학기,3,3,0,전공,프로그래밍 능력 향상.,,,,,True,True,False,False,False,True,target_department_and_target_course,missing_main_textbook,0.3333333333333333
15427,2022,경북대학교,IT대학,컴퓨터학부 글로벌소프트웨어융합전공,소프트웨어설계,2,2학기,3,3,0,전공,"Knowledge and understandingExplain quality assurance models in software engineering and the contents of quality assurance plansDescribe the distinction between software verification and software validationName and describe the basic concepts on testing, as well as different testing techniques and approachesDescribe the connection between software development phases and kinds of testingExemplify and describe a number of different test methods, and be able to use them in practical situationsExemplify and describe tools used for testing software, and be able to use them and interpret their outputCompetence and skillsExemplify and describe the area of formal verification in general, including model checking and runtime verification, and its relationship to software qualityDefine metrics required for monitoring the quality of projects, products and processes in software engineeringConstruct appropriate and meaningful test cases, and interpret and explain (to stakeholders) the results of the application of such test cases (using appropriate tools) to practical examplesWrite models in at least one formal specification language plan and produce appropriate documentation for testingApply different testing techniques on realistic examples",,,,Java programming,True,False,True,False,False,True,target_department_and_foundational_course,missing_main_textbook,0.25
15440,2022,경북대학교,IT대학,컴퓨터학부 글로벌소프트웨어융합전공,컴퓨팅사고와 SW코딩,1,2학기,3,2,2,전공,실습을 통한 문제해결능력을 배양한다.,,,,없음,True,True,False,False,False,True,target_department_and_target_course,missing_main_textbook,0.25
15467,2022,경북대학교,IT대학,컴퓨터학부 플랫폼소프트웨어전공,인공지능,4,1학기,3,3,0,공학전공,,"Reference books:Introduction to Machine Learning, MIT Press, by Ethem AlpaydinPattern Classification 2/E by Duda , Richard O./ Hart, Peter E./ Stork, David G.Pattern Recognition and Machine Learning (Information Science and Statistics) by Christopher M. Bishop",,,"Linear algebra, Pogramming language, Pthon programming, Statistics",True,True,False,True,False,True,target_department_and_target_course,missing_learning_objective,0.25
15478,2022,경북대학교,IT대학,컴퓨터학부 플랫폼소프트웨어전공,종합설계프로젝트2,4,1학기,4,3,2,공학전공,Teambased Project with SW Industry,,,,"Basic Creative Engineering Design, Capstone Design Project I",True,False,True,False,False,True,target_department_and_foundational_course,missing_main_textbook,0.25
15479,2022,경북대학교,IT대학,컴퓨터학부 플랫폼소프트웨어전공,종합설계프로젝트2,4,2학기,4,3,2,공학전공,,,,,Capstone Design Project 1,True,False,True,False,False,True,target_department_and_foundational_course,missing_learning_objective;missing_main_textbook,0.3333333333333333
15480,2022,경북대학교,IT대학,컴퓨터학부 플랫폼소프트웨어전공,종합설계프로젝트2,4,1학기,4,3,2,공학전공,Teambased Project with SW Industry,,,,"기초창의공학설계, 종합설계프로젝트1",True,False,True,False,False,True,target_department_and_foundational_course,missing_main_textbook,0.25
15483,2022,경북대학교,IT대학,컴퓨터학부 플랫폼소프트웨어전공,종합설계프로젝트2,4,1학기,4,3,2,공학전공,Each team performs the project to develop the software system related to the Computer Science and Engineering.,,,,Basic Creative Engineering Design,True,False,True,False,False,True,target_department_and_foundational_course,missing_main_textbook,0.25
15484,2022,경북대학교,IT대학,컴퓨터학부 플랫폼소프트웨어전공,종합설계프로젝트2,4,1학기,4,3,2,공학전공,창의:SW관련새로운기술혹은서비스개념을적용할수있다.융합:작품개발에SW융합개념을적용할수있다.비판:작품개발시기존서비스혹은제품을비판적으로분석할수있다.탐색:새로운개념및기술을탐색하여SW개발설계에적용할수있다.소통:팀단위프로젝트수행을위해팀원간소통을원활하게할수있다.책임:개발한SW에대한사회적책임성및공공성을검토할수있다.창의:학사과정동안에배운SW이론및기술을토대로새로운SW작품을팀단위로개발할수있다.,,,,종합설계프로젝트1,True,False,True,False,False,True,target_department_and_foundational_course,missing_main_textbook,0.25
17205,2022,경상국립대학교,공과대학,전기공학과,전기전자응용실험1,3,1학기,3,0,3,전공필수,"먼저 AND, OR, NAND, NOR 등 각종 논리소자의 기본특성을 이해한다. MUX 및 DMUX, 플립플롭을 사용한 동기 및 비동기식 카운터 구성 등의 실험을 통해 논리회로 설계 능력을 기른다. 조별로 TTL을 사용하여 실험하며, 학기말에는 개인별 프로젝트를 수행한다.",,,,"추천선수과목 : 전기전자실험1, 디지털시스템",True,False,True,False,False,True,target_department_and_foundational_course,missing_main_textbook,0.25
17277,2022,경상국립대학교,공과대학,전기공학과,자동제어2,3,2학기,3,3,0,전공필수,,/print 물/,,,추천선수과목 : 자동제어 1,True,True,False,False,False,True,target_department_and_target_course,missing_learning_objective,0.25
17312,2022,경상국립대학교,공과대학,전자공학과,파이썬프로그래밍,2,2학기,3,0,3,전공선택,"전자공학 관련 기초 과목인 전기자기학, 회로이론, 공학수학, 확률통계 등에서 다루는 내용을 보다 심도있게 이해하기 위하여 과제를 선정하고 파이썬 프로그래밍을 통한 실습을 수행한다. 파이썬 기초 사용법 , GUI 프로그래밍, 멀티 쓰레딩 등을 학습한 후 확률, 미분방정식, 전기장 및 전위, 선형연립방정식 등의 해석에 대한 문제를 다룬다.",,,"박동규 외 1/으뜸 파이썬/생능출판,홍의경/제대로 배우는 파이썬/생능출판",,True,True,False,False,False,True,target_department_and_target_course,missing_main_textbook,0.25
17320,2022,경상국립대학교,공과대학,전자공학과,전자회로실험,2,2학기,3,0,3,전공필수,,이강윤/단계별로 배우는 전자회로 실험 : 기본 소자 부터 응용 회로까지/한빛아카데미,,,추천선수과목 : 물리전자,True,True,True,False,False,True,target_department_and_target_course,missing_learning_objective,0.25
17359,2022,경상국립대학교,공과대학,전자공학과,디지털통신,3,2학기,3,3,0,전공선택,"정보의 디지털 전송에 대하여 정보의 이용자의 관점과 기술적인 문제를 다루는 공학자의 관점에서 요구되는 조건들을 비교함으로서 강의의 목적을 개괄적으로 설명한다. 디지털 전송에서 가장 기본적이며 또한 가장 중요한 분야인 베이스밴드 및 패스밴드 디지털 전송, 정보이론, 오류정정코드 등 기본적인 디지털 전송의 원리를 파악한다. 데이터 통신 및 컴퓨터 네트워크와 관련된 기초 분야인 MAC, 데이터링크, TCP/IP, 소켓시스템, 네트워크 보안 등을 학습한다.",,,"J. Proakis 외 1/통신시스템의 기초 (이일근 외 6 옮김)/퍼스트 북, 2015년,박기현/데이터통신과 컴퓨터네트워크/한빛미디어, 2016년","추천선수과목 : 통신시스템설계및실습, 통신시스템",True,True,False,False,False,True,target_department_and_target_course,missing_main_textbook,0.16666666666666666
17361,2022,경상국립대학교,공과대학,전자공학과,마이크로프로세서,3,2학기,3,3,0,전공선택,,,,"/강의노트/,정영호 , 김덕영 , 조남형 /예제중심 쉽게 배우는 ATmega128 마이크로컨트롤러 하드웨어 인터페이스와 프로그래밍 5판/복두출판사",추천선수과목 : 컴퓨터구조,True,True,False,False,False,True,target_department_and_target_course,missing_learning_objective;missing_main_textbook,0.25
17436,2022,경상국립대학교,공과대학,제어계측공학과,공학수학2,2,2학기,3,3,0,전공선택,,/syllabus/,,"김철 외 7명/공업수학/청문각,수학교재편찬위원회/미분적분학(CALCULUS)/교우사,윤영진/새로운 조합수학/교우사,최기헌/응용확률론 입문/자유아카데미",필수선수과목 : 공학수학 1,True,False,True,False,False,True,target_department_and_foundational_course,missing_learning_objective,0.16666666666666666
17545,2022,경상국립대학교,공과대학,반도체공학과,반도체공학개론,1,2학기,2,2,0,전공선택,,정학기/쉽게배우는 반도체/21세기사,,,,True,True,False,False,False,True,target_department_and_target_course,missing_learning_objective,0.3333333333333333
17607,2022,경상국립대학교,공과대학,반도체공학과,디지털시스템설계,3,2학기,3,1,2,전공선택,,양영일/FPGA VHDL 디지털 회로설계/뉴티씨,,,필수선수과목 : 디지털논리회로,True,True,True,False,False,True,target_department_and_target_course,missing_learning_objective,0.25
17907,2022,경상국립대학교,공과대학,항공우주및소프트웨어공학부,자료구조및알고리즘PBL,2,1학기,3,2,2,전공필수,"A good algorithm usually comes together with a set of good data structures that allow the algorithm to manipulate the data efficiently. In this course, we consider the common data structures that are used in various computational problems.We are going to cover basic data structures such as arrays, singlylinked lists, doublylinked lists, stack, queues, and trees. We also cover algorithm topics such as binary trees priority queues, heap, disjoint sets, hash tables, and various search algorithms.",,,"Ellis Horowitz, Sartaj Sahni, and Susan AndersonFreed/Fundamentals of Data Structures in C,/Silicon Press,Udi Manber/Introduction to Algorithms: A Creative Approach/AddisonWesley","필수선수과목 : 컴퓨터프로그래밍기초, 컴퓨터프로그래밍기초실습",True,True,False,True,False,True,target_department_and_target_course,missing_main_textbook,0.16666666666666666
17920,2022,경상국립대학교,공과대학,항공우주및소프트웨어공학부,종합설계,4,1학기,3,0,3,전공필수,"본 강좌는 항공우주공학전공 소속 교수의 지도에 따라 조별로 주제를 정해서 시스템에 대한 종합설계를 수행하며 종합설계 I의 연속되는 과정으로 본 과정의 궁극적인 목표는 시스템 제작의 완성이다. 본 과정에서는 지도교수의 지도 하에 과제에 대한 기본개념을 파악한 후 자료조사와 실현성에 대한 검토를 충분히 한다. 선정된 종합 설계 과제에 대해서는 조별로 계획된 단계를 각 지도교수님들의 지도 하에 진행하며 그에 따라 기본설계, 상세설계 등 도면 작업들이 수행된다. 그리고 완성된 도면에 따라 시스템이 제작된다. 제품의 설계는 CAD 및 해석 프로그램을 활용하고, 제작은 각자 분담된 부품별로 제작하고 최종 조립은 공동으로 수행한다. 설계, 제작, 시험 진행절차 및 문서화 정도와 최종 결과물에 대한 발표를 통해 평가가 이루어진다.",,/전공관련 서적/,,"필수선수과목 : 항공기설계, 비행역학해석, 항공기구조역학",True,False,True,False,False,True,target_department_and_foundational_course,missing_main_textbook,0.16666666666666666
17974,2022,경상국립대학교,공과대학,항공우주및소프트웨어공학부,이산신호처리,2,2학기,3,3,0,전공선택,,J. Proakis and D. K. Manolakis/Digital Signal processing/Pearson New International edition,,하석운/매트랩으로 배우는 디지털 신호처리/생능출판사,,True,True,False,False,False,True,target_department_and_target_course,missing_learning_objective,0.25
17992,2022,경상국립대학교,공과대학,항공우주및소프트웨어공학부,Linux시스템프로그래밍,2,2학기,3,2,2,전공필수,,Marc Mitchell/Advanced Linux Programming/New Riders,,,,True,True,False,False,False,True,target_department_and_target_course,missing_learning_objective,0.3333333333333333
18213,2022,경상국립대학교,공과대학,나노신소재공학부(금속재료공학전공),머신러닝,3,2학기,3,3,0,전공선택,,,,"1. Bishop, C. M/Neural Networks for Pattern Recognition/Oxford University Press,2. Ian Goodfellow/Deep Learning/,N. S. Reddy/Artificial Neural Networks in Materials Science/,/Neural networks in materials science/,Prof. HKDH Bhadeshia/Machine Learning in Materials Science/,W. Sha and K.L. Edwards/The use of artificial neural networks in materials sciencebased/","필수선수과목 : 없음,추천선수과목 : 없음",False,True,False,True,True,True,strong_ai_cs_course_outside_target_department,missing_learning_objective;missing_main_textbook,0.25
25632,2022,경상국립대학교,자연과학대학,생명과학부,생물빅데이터통계,3,1학기,3,3,0,전공선택,"Next generation sequencer의 발달로 인해 생물정보는 생물 빅데이터라고 불리울 정도로 대량화 되고 정교해 졌다. 본 과목에서는 다양한 NGS데이터의 성질을 이해하고 직접 분석해본다. 특히 대량의 생물정보 안에서의 관찰값 추출 및 통계, 그리고 시각화를 실습하여 각 학생들의 생물정보 인력으로 성장을 도모한다.",,/본 강의는 교재가 없습니다./,,,False,True,True,True,True,True,strong_ai_cs_course_outside_target_department,missing_main_textbook,0.25
26589,2022,경상국립대학교,자연과학대학,수학과,빅데이터수학,2,2학기,3,3,0,전공선택,"빅데이터 분석 및 딥러닝 연산을 이해하기 위해 필요한 기본 수학 지식을 강의한다. 선형대수학의 기초(vector space, matrix decomposition 등)를 주로 다루며 딥러닝과 관련된 수학적 개념(partial differentiation, chain rule 등)을 추가로 다룬다.",,,,,False,True,False,True,False,True,strong_ai_cs_course_outside_target_department,missing_main_textbook,0.3333333333333333
26694,2022,경상국립대학교,자연과학대학,정보통계학과,생명과학빅데이터분석,3,1학기,3,3,0,전공선택,통계학의 여러 분야 중 생명 및 보건 분야의 역량을 강화하여 보건산업 분야 관심도를 높이고 직무능력 및 실무역량 함양을 통해 보건생명분야 빅데이터 전문인재 양성을 목표로 함.국가 및 공공기관에서 제공하고 있는 보건의료 분야 빅데이터의 경험할 수 있는 기회를 주고 그 데이터를 통해 가치 창출의 역할을 경험하므로서 보건의료분야 취업역량 향상을 목표로 함,,,"박원명, 우영섭, 송후림, 이대보/의사가 알아야 할 통계학과 역학/황소걸음 아카데미,정종학, 김창윤, 김석범/보건학 역학 통계 입문/영남대학교출판부",,False,True,False,True,False,True,strong_ai_cs_course_outside_target_department,missing_main_textbook,0.25
27045,2022,경상국립대학교,자연과학대학,물리학과,알고리즘,2,1학기,3,3,0,전공선택,"빅데이터 분야에 활용도가 높은 알고리즘을 위주로, 상황에 맞는 알고리즘을 활용하여 프로그램을 구현하고 프로그램의 효율성과 정확성을 평가할 수 있는 능력을 배양한다. 전반부에서는 복잡도를 이론적으로 해석하는 방법을 배우고, 재귀, 분할정복, 동적 프로그래밍, 백 트래킹 등 핵심 알고리즘 전략들에 대해 알아본다. 후반부에서는 20세기 10대 알고리즘이라 꼽히는 최신 알고리즘들 중에서 빅데이터에 활용도가 높은 것들을 중심으로 공부한다.",,,"Thomas H. Cormen 등/Introduction to Algorithms/The MIT Press,이승찬/모두의 알고리즘 with 파이썬 /길벗",,False,True,False,True,False,True,strong_ai_cs_course_outside_target_department,missing_main_textbook,0.25
27307,2022,경상국립대학교,자연과학대학,컴퓨터과학부 컴퓨터과학전공,모바일프로그래밍,4,2학기,3,1,2,전공선택,"Android Studio를 사용하여 대표적인 모바일 플랫폼인 Android에 적합한 프로그램을 설계 및 제작할 수 있도록 이론 및 실습을 병행하여 강의를 진행한다. 또한, 프로젝트를 통해 실제 프로그램을 기획, 설계, 제작하여 실전적 능력을 기르도록 한다.",,,"우재남, 박길식/Android Studio를 활용한 안드로이드 프로그래밍(7판)/한빛아카데미","필수선수과목 : Java 프로그래밍,추천선수과목 : 객체지향프로그래밍",True,True,False,False,False,True,target_department_and_target_course,missing_main_textbook,0.16666666666666666
27315,2022,경상국립대학교,자연과학대학,컴퓨터과학부 컴퓨터과학전공,종합설계PBL,4,1학기,3,3,0,전공필수,"지금까지 학습한 모든 교과목의 내용을 활용하여 소프트웨어 작품을 개발하는 것을 목표로 한다. 이를 위하여 먼저, 소프트웨어 프로젝트를 수행할 팀을 구성하고, 팀 별로 프로젝트를 구상하여 소프트웨어를 설계, 개발하는 전 과정을 경험함으로서 졸업작품을 완성한다.",,,"김성훈 역/소프트웨어설계 테크닉/성안당,정운재/프로젝트관리및 문서화/정익사","필수선수과목 : 소프트웨어프로젝트, 기초설계프로젝트, 소프트웨어공학,추천선수과목 : 시스템분석과설계",True,False,True,False,False,True,target_department_and_foundational_course,missing_main_textbook,0.16666666666666666
28133,2022,경상국립대학교,해양과학대학,기계시스템공학과,딥러닝과최적화개론,3,1학기,3,3,0,전공선택,"본 교육과정에서는 딥러닝과 최적화 개론에 대한 기초 개념을 학습하고, 비선형 방정식, 행렬식, 미분방정식 등의 해법을 계산할 수 있는 수치해석 알고리즘을 익힌다. 학습한 내용을 기반으로 Matlab을 사용한 수치해석 능력을 배양한다.",,,"Amos Gila/매트랩의 정석 [5판]/인피니티 북스,Steven C. Chapra/Applied Numerical Methods with MATLAB for Engineers and Scientists,/Mcgraw Hill,박태희/MATLAB을 이용한 알기 쉬운 수치해석/생능출판사",,False,True,False,True,True,True,strong_ai_cs_course_outside_target_department,missing_main_textbook,0.25
28547,2022,경상국립대학교,해양과학대학,지능형통신공학과,정보통신개론,2,1학기,3,3,0,전공선택,,C. Petzold/Code: The hidden language of computer hardware and software/Microsoft press,,,,True,True,False,False,False,True,target_department_and_target_course,missing_learning_objective,0.3333333333333333
28582,2022,경상국립대학교,해양과학대학,지능형통신공학과,디지털통신공학,3,2학기,3,3,0,전공필수,,"S. Haykin/Digital communication systems/Wiley,디지털 통신 시스템/정호영, 임승각/한빛미디어",,,,True,True,False,False,False,True,target_department_and_target_course,missing_learning_objective,0.3333333333333333
28584,2022,경상국립대학교,해양과학대학,지능형통신공학과,이동통신시스템,3,2학기,3,3,0,전공선택,,"J. Schiller/Mobile Communications/Addison Wesley,고영채, 곽경섭/최신이동통신 입문/한빛 아카데미",,"David Tse, Pramod Viswanath/Funadamentals of Wireless Communication/Cambridge,Theddore S. Rappaport/Wireless Communications: Principles and Practice/Prentice Hall",,True,True,False,False,False,True,target_department_and_target_course,missing_learning_objective,0.25
28588,2022,경상국립대학교,해양과학대학,지능형통신공학과,고급인공지능,3,2학기,3,3,0,전공선택,기본적인 인공지능 이론을 학습하고 이를 다양한 실습과제에 적용하여 인공지능 기술을 이용하여 현실적인 문제들을 해결할 수 있는 능력을 학습함.,,,"김찬수, 김형오/파이썬과 OpenCV4를 활용한 컴퓨터 비전과 머신러닝/광문각,오일석, 이진선/파이썬으로 만드는 인공지능/한빛아카데미,황선규/OpenCV4로 배우는 컴퓨터 비전과 머신러닝/길벗",,True,True,False,True,False,True,target_department_and_target_course,missing_main_textbook,0.25
28608,2022,경상국립대학교,해양과학대학,지능형통신공학과,디지털신호처리실습,3,2학기,3,2,2,전공필수,,"A. V. Oppenheim, R. W. Schafer, J. R. Buck/DiscreteTime Signal Processing (2nd Edition)/Prentice Hall",,이철희/핵심이보이는 신호및 시스템: 기본이론부터 MATLAB실습까지/한빛미디어,,True,True,False,False,False,True,target_department_and_target_course,missing_learning_objective,0.25
28881,2022,경상국립대학교,융합전공,데이터사이언스학,빅데이터윤리,3,1학기,3,3,0,전공선택,"이 강의는 4차 산업혁명을 주도하는 과학기술과 지식정보사회의 핵심 요소인 빅데이터에 대한 윤리적 이해와 성찰 역량을 증진하는 것을 목표로 한다. 인간의 실제들은 빅데이터로 활용되고 있고, 다양한 관계망의 맥락에서 재생산되고 있다. 이에 이 강의는 4명의 빅데이터 윤리 관련 전공 교수의 팀티칭과 모둠별 협동 학습 기반으로 학습자간 적극적인 토의토론을 통해 빅데이터를 윤리적으로 숙고하고 문제 사례에 대한 창의적 대안을 모색할 수 있는 융복합적 성찰 역량을 함양하고자 한다.",,팀티칭 교수 영역별 자료 제공 및 활용 학습 //,,,True,True,False,True,False,True,target_department_and_target_course,missing_main_textbook,0.25
28896,2022,경상국립대학교,융합전공,데이터사이언스학,통계계산및최적화,3,2학기,3,3,0,전공선택,"현대의 복잡하고 다양한 통계 모형을 분석하기 위해서는 컴퓨터를 사용한 과학계산 방법을 습득하는 것이 필수적이다. 본 과목에서는 수강생들이 관련된 주요 개념을 이해하고, 과제를 통해 계산 기법을 프로그램으로 구현하는 것을 목표로한다.",,,Stephen Boyd and Lieven Vandenberghe/Convex Optimization/Cambridge University Press,,True,False,True,False,False,True,target_department_and_foundational_course,missing_main_textbook,0.25
29023,2022,경상국립대학교,융합전공,스마트제조ICT,기계학습의이해및활용,4,2학기,3,3,0,전공선택,"학습 목표기계학습의 이해를 위한 수학적 기초 이론을 습득한다.기계학습의 기본이 되는 회귀분석부터 다양한 분류 알고리즘을 실습과 병행하여 이해한다. 실전 문제를 통하여 학습 내용을 복습하고, 다양한 실제 문제에 활용하기 위한 통찰력을 높인다.",,/담당 강의 교원 제작 PPT/,"/데이터 과학을 위한 통계, 핸즈온 머신러닝, 케라스 창시자에게 배우는 딥러닝, 밑바닥부터 시작하는 딥러닝/",,False,True,False,True,False,True,strong_ai_cs_course_outside_target_department,missing_main_textbook,0.16666666666666666
29031,2022,경상국립대학교,융합전공,스마트제조ICT,인공지능원론,4,1학기,3,3,0,전공선택,,"/PPT/,천인국/인공지능 파이썬으로 배우는 머신러닝과 딥러닝/생능출판사",,"세바스찬 라시카/머신러닝 교과서 with 파이썬, 사이킷런, 텐서플로/길벗","필수선수과목 : C 프로그래밍, 파이썬 프로그래밍",False,True,False,True,False,True,strong_ai_cs_course_outside_target_department,missing_learning_objective,0.16666666666666666
29879,2022,부산대학교,경영대학,경영학과,데이터베이스관리,2,2학기,3,3,0,전공선택,,,,,,False,True,False,True,True,True,strong_ai_cs_course_outside_target_department,missing_learning_objective;missing_main_textbook,0.4166666666666667
29934,2022,부산대학교,경영대학,경영학과,인공지능과금융,3,2학기,3,3,0,전공선택,,,,,,False,True,False,True,True,True,strong_ai_cs_course_outside_target_department,missing_learning_objective;missing_main_textbook,0.4166666666666667
30404,2022,부산대학교,공과대학,항공우주공학과,AI프로그래밍,2,1학기,3,3,0,전공선택,"대한민국을 비롯한 전 세계에서는 4차산업 혁명이라는 키워드가 대두되고 있다. 이러한 시대적 요구에 발맞추어 항공우주공학과 학부생들이 본 교과목을 통해 MATLAB을 활용한 프로그래밍 능력을 강화하고 이를 바탕으로 간단한 오픈소스 AI 소프트웨어를 체험해 봄으로써, AI 기술에 대한 전반적인 개념과 무인기 시스템에 AI가 어떤 방식으로 적용되는지 이해할 수 있도록 한다. 최종적으로, 학생들이 이후 교과과정에서 습득하게 될 항공우주공학의 다양한 분야(구조, 공력, 추진, 제어 등)에서 AI를 다양한 방법으로 접목할 수 있는 안목을 기르고자 한다. 이에 더불어 이후 교과과정인 수치해석, 항공IT융합실험 등 코딩능력이 필요한 수업에 기본 프로그래밍 지식을 탑재하고자 한다.",,,(알기 쉽게 배우는) MATLAB :an easy introdution,프로그래밍 기초,False,True,False,True,False,True,strong_ai_cs_course_outside_target_department,missing_main_textbook,0.16666666666666666
30861,2022,부산대학교,공과대학,기계공학부,인공지능시스템,4,2학기,3,3,0,전공선택,,,,,,False,True,False,True,True,True,strong_ai_cs_course_outside_target_department,missing_learning_objective;missing_main_textbook,0.4166666666666667
30921,2022,부산대학교,공과대학,전기공학과,일반물리학실험(I),1,1학기,1,0,2,전공기초,,,,,,True,False,True,False,False,True,target_department_and_foundational_course,missing_learning_objective;missing_main_textbook,0.4166666666666667
30950,2022,부산대학교,공과대학,전기공학과,AI프로그래밍,1,2학기,3,3,0,전공기초,"C와 MATLAB의 다양한 프로그래밍 기법들을 학습하고, 프로젝트 수행을 통하여 전기공학 분야의 문제 해결에 필요한 C 프로그램을 구현하는 방법을 습득하고 MATLAB을 이용한 인공지능 응용 프로그램 구현 능력을 기르는 것을 목표로 한다",,,,프로그래밍 언어,True,True,False,True,False,True,target_department_and_target_course,missing_main_textbook,0.25
30951,2022,부산대학교,공과대학,전기공학과,AI프로그래밍,1,2학기,3,3,0,전공기초,"C와 MATLAB의 다양한 프로그래밍 기법들을 학습하고, 프로젝트 수행을 통하여 전기공학 분야의 문제 해결에 필요한 C 프로그램을 구현하는 방법을 습득하고 MATLAB을 이용한 인공지능 응용 프로그램 구현 능력을 기르는 것을 목표로 한다.",,,,프로그래밍 언어,True,True,False,True,False,True,target_department_and_target_course,missing_main_textbook,0.25
30967,2022,부산대학교,공과대학,전기공학과,반도체공학,4,1학기,3,3,0,전공선택,,,,,,True,True,False,False,False,True,target_department_and_target_course,missing_learning_objective;missing_main_textbook,0.4166666666666667
31062,2022,부산대학교,공과대학,전자공학과,데이터통신,4,2학기,3,3,0,전공선택,,,,,,True,True,False,False,False,True,target_department_and_target_course,missing_learning_objective;missing_main_textbook,0.4166666666666667
31141,2022,부산대학교,공과대학,전자공학과,마이크로프로세서응용,3,1학기,3,2,2,전공선택,"산업계 전반에서 사용되는 마이크로프로세서를 이해하고 응용하는 능력을 배양한다. 실제 마이크로프로세서를 이용한 시스템을 직접 동작 시켜보고 수학, 기초과학, 공학의 이론적 지식을 응용할 수 있는 능력을 키운다.",,,,C Programming,True,True,False,False,False,True,target_department_and_target_course,missing_main_textbook,0.25
31146,2022,부산대학교,공과대학,전자공학과,컴퓨터구조,3,2학기,3,3,0,전공선택,,,,,,True,True,False,True,False,True,target_department_and_target_course,missing_learning_objective;missing_main_textbook,0.4166666666666667
31237,2022,부산대학교,공과대학,재료공학부,AI프로그래밍,2,2학기,3,3,0,전공기초,,,,,,False,True,False,True,True,True,strong_ai_cs_course_outside_target_department,missing_learning_objective;missing_main_textbook,0.4166666666666667
31293,2022,부산대학교,공과대학,재료공학부,재료빅데이터분석,3,1학기,3,3,0,전공선택,,,,,,False,True,False,True,True,True,strong_ai_cs_course_outside_target_department,missing_learning_objective;missing_main_textbook,0.4166666666666667
31367,2022,부산대학교,공과대학,정보컴퓨터공학부,소프트웨어공학,3,2학기,3,3,0,전공필수,"본 과목은 대규모 고품질 소프트웨어를 개발하기 위한 다양한 기술을 익히는 것을 목표로 한다. 특히 메트릭, 정적 분석, 동적 테스팅 등의 주제에 대해서는 오픈소스 도구를 소개하며 오픈소스 도구를 활동한 과제를 수행한다.",,,,,True,True,False,False,False,True,target_department_and_target_course,missing_main_textbook,0.3333333333333333
31373,2022,부산대학교,공과대학,정보컴퓨터공학부,컴퓨터네트워크,3,2학기,3,3,0,전공선택,,,,,,True,True,False,False,False,True,target_department_and_target_course,missing_learning_objective;missing_main_textbook,0.4166666666666667
31379,2022,부산대학교,공과대학,정보컴퓨터공학부,유닉스응용프로그래밍,3,1학기,3,3,0,전공선택,,,,,,True,True,False,False,False,True,target_department_and_target_course,missing_learning_objective;missing_main_textbook,0.4166666666666667
31387,2022,부산대학교,공과대학,정보컴퓨터공학부,플랫폼기반프로그래밍,2,2학기,3,3,0,전공선택,,,,,,True,True,False,False,False,True,target_department_and_target_course,missing_learning_objective;missing_main_textbook,0.4166666666666667
31388,2022,부산대학교,공과대학,정보컴퓨터공학부,플랫폼기반프로그래밍,2,2학기,3,3,0,전공선택,"본 과목은 Java 언어를 이용한 기본적인 객체지향 프로그래밍을 학습하고 이를 활용하여 GUI, Database, Network 등 응용 프로그래밍 기술을 익히는 것을 목표로 한다.",,,,C++ Programming,True,True,False,False,False,True,target_department_and_target_course,missing_main_textbook,0.25
31402,2022,부산대학교,공과대학,정보컴퓨터공학부,C++프로그래밍과실습,2,1학기,4,4,0,전공필수,교수목표: 객체지향 개념에 바탕을 둔 C++ 프로그래밍 C++ 언어를 통해 객체지향 개념을 학습한다 C++ 프로그래밍의 기본 개념을 학습한다. C++ 프로그램의 설계 능력과 구현 능력을 기른다. C++ 도구를 사용한 디버깅 및 개발 능력을 체득한다.,,,"프로그래밍센스를 살리는 비타민 C++, 교보출판사",C 프로그래밍,True,True,False,False,False,True,target_department_and_target_course,missing_main_textbook,0.16666666666666666
31403,2022,부산대학교,공과대학,정보컴퓨터공학부,C++프로그래밍과실습,2,1학기,4,4,0,전공필수,,,,,,True,True,False,False,False,True,target_department_and_target_course,missing_learning_objective;missing_main_textbook,0.4166666666666667
31404,2022,부산대학교,공과대학,정보컴퓨터공학부,C++프로그래밍과실습,2,1학기,4,4,0,전공필수,교수목표: 객체지향 개념에 바탕을 둔 Modern C++ 프로그래밍 C++ 프로그래밍의 기본 개념을 학습한다. C++ 언어를 통해 객체지향 개념을 학습한다. C++ 프로그램의 설계 능력과 구현 능력을 기른다. C++ 도구를 사용한 디버깅 및 개발 능력을 체득한다. C++11 에서 C++17 표준 까지의 특징들 및 STL 사용을 익힌다.,,,"프로그래밍센스를 살리는 비타민 C++, 교보출판사",C 프로그래밍,True,True,False,False,False,True,target_department_and_target_course,missing_main_textbook,0.16666666666666666
31420,2022,부산대학교,공과대학,정보컴퓨터공학부,소프트웨어시스템설계,4,1학기,3,3,0,전공선택,"대규모 소프트웨어를 설계/구현하기 위하여 필요한 기본 개념과 이를 활용하는 기술을 습득한다. 특히 블랙박스/화이트박스 테스트, 설계 패턴, 리팩토링에 대해서 학습한다. 또한 오픈소스 프로젝트를 대상으로 교과에서 습득한 테스팅, 리팩토링 및 디자인패턴 기술을 적용한다.",,,,,True,False,True,False,False,True,target_department_and_foundational_course,missing_main_textbook,0.3333333333333333
33310,2022,부산대학교,생명자원과학대학,IT응용공학과,컴퓨터구조,3,1학기,3,3,0,전공필수,,,,,,False,True,False,True,False,True,strong_ai_cs_course_outside_target_department,missing_learning_objective;missing_main_textbook,0.4166666666666667
33319,2022,부산대학교,생명자원과학대학,IT응용공학과,정보보안,3,2학기,3,3,0,전공선택,,,,,,False,True,False,True,False,True,strong_ai_cs_course_outside_target_department,missing_learning_objective;missing_main_textbook,0.4166666666666667
33485,2022,부산대학교,생명자원과학대학,식품자원경제학과,빅데이터를이용한경제분석,4,2학기,3,3,0,전공선택,응용경제분석에 필요한 R 프로그래밍 기초를 학습한다. 경제 빅데이터 분석 도구로서 머신러닝과 예측방법론을 이해하고 경제 현상을 분석에 응용한다.,추후 공지,,,응용경제통계학,False,True,False,True,True,True,strong_ai_cs_course_outside_target_department,missing_main_textbook,0.25
35641,2022,부산대학교,의과대학,의학과,인공지능기반의의료영상분석,2,1학기,1,0.5,1,전공선택,"1. 인공지능이 실생활과 의학에서 사용되는 방법을 배운다. 2. 머신러닝과 딥러닝의 개념을 배우고 이해한다. 3. 머신러닝과 딥러닝 모델을 코딩 없이 구현하는 실습을 수행한다. 4. 의학에서의 인공지능의 기회와 한계, 윤리적 문제를 이해한다.",,,"1. 코딩 없이 만드는 인공지능, 딥노이드 교육팀, ㈜은행나무 2. 파이썬 머신러닝 완벽가이드, 권민철, 위키북스 3. 핸즈온 머신러닝 2판, 한빛미디어, 오렐리앙 제롱, 한빛미디어, ISBN 9791162242964 4. 파이썬을 이용한 머신러닝, 딥러닝 실전개발 입문, 쿠지라 히코우즈쿠에, 위키북스, ISBN 9791158391799 5. 머신러닝 교과서 with 파이썬, 사이킷런, 텐서플로 3판, 세바스찬 라시카, 길벗, ISBN 9791165215187 6. 케라스 창시자에게 배우는 딥러닝, 프랑소와 숄레, 길벗, ISBN 9791160505979 7. DEEP:PHI 메뉴얼 https://www.notion.so/DEEPPHId2b260d893d94b3aaf0ec8a5455b38e6 8. DEEP:EDU https://www.deepedu.ai/","인공지능, 파이썬",False,True,False,True,True,True,strong_ai_cs_course_outside_target_department,missing_main_textbook,0.16666666666666666
36868,2022,부산대학교,자연과학대학,대기환경과학과,빅데이터자료처리,3,1학기,2,2,0,전공선택,,,,,,False,True,False,True,True,True,strong_ai_cs_course_outside_target_department,missing_learning_objective;missing_main_textbook,0.4166666666666667
36869,2022,부산대학교,자연과학대학,대기환경과학과,빅데이터자료처리실습,3,1학기,1,0,2,전공선택,,,,,,False,True,False,True,True,True,strong_ai_cs_course_outside_target_department,missing_learning_objective;missing_main_textbook,0.4166666666666667
37023,2022,부산대학교,단과대구분없음,핀테크융합전공,금융빅데이터분석,4,2학기,3,3,0,전공필수,,,,,,False,True,False,True,False,True,strong_ai_cs_course_outside_target_department,missing_learning_objective;missing_main_textbook,0.4166666666666667
37198,2022,부산대학교,정보의생명공학대학,데이터사이언스전공,데이터베이스,3,1학기,3,3,0,전공선택,본 강의의 목표는 다음의 세 가지 능력을 키우는 것이다. 1. Data Modeling How to describe the information in the real world 2. Database Design How to transform data models to database schema and how to formally describe databases in algebraic 3. Database Manipulation How to handle databases,,,,Python 프로그래밍,True,True,False,True,False,True,target_department_and_target_course,missing_main_textbook,0.25
37398,2022,서울대학교,경영대학,경영학과,경영빅데이터분석개론,전학년,1학기,3,3,0,전선,,,,,,False,True,False,True,True,True,strong_ai_cs_course_outside_target_department,missing_learning_objective;missing_main_textbook,0.4166666666666667
37412,2022,서울대학교,경영대학,경영학과,재무와 기계학습,전학년,2학기,3,3,0,전선,"This course introduces machine learning and applies it to finance, in particular, quantitative investment (quant).Prerequisite and <strong style=""color:red;"">Assignment 1</strong>Students are assumed to be familiar with financial management (the first course in finance), accounting, Python, calculus, probability theory, and statistics, all at an introductory level. Examples of the prerequisites are illustrated in Assignment 1 (<a href=""https://drive.google.com/file/d/1DSr3Ybtom4sk9xwD6mGk0rlAj2DbUE/viewusp=sharing"" target=""_blank"" style=""color:blue;"">click here</a>). If you feel difficulty doing the assignment, you are NOT ready for this course. <strong style=""color:red;"">It is due by the first lecture or when you register for this course, whichever is later.</strong>You should use Python for assignments and exams unless stated otherwise.",,,,,False,True,False,True,True,True,strong_ai_cs_course_outside_target_department,missing_main_textbook,0.3333333333333333
37437,2022,서울대학교,공과대학,공과대학,로봇인공지능만들기,전학년,1학기,3,2,2,전선,"자율주행자동차, 드론, 휴머노이드와 같은 스스로 인지 판단하여 움직이는 자율로봇들이 일상생활에 보급 등장하기 시작했다. 이들 로봇의 등장으로 사고가 나지 않거나 운전면허가 필요 없는 자동차나 사람이 진입이 어려운 핵발전소나 지진 재난 현장에 구조 및 극한 작업을 하는 등 기존에 상상할 수 없었던 분야로 빠르게 응용되고 있다. 더욱이 빅데이터, 기계학습, 인공지능 기술과 결합하며 갈수록 인간스러운 로봇으로 발전하기 시작했고 실제로 여러 분야의 인간 노동력을 대체하기 시작했다. 이들 기술은 이미 데이터화 된 정보를 요약, 추상화 하는 감각기와 두뇌 지능을 넘어, 현재 환경에서 벌어지고 있는 상황 인지와 이에 따르는 움직임을 만들어 내는 근육을 포함하고 있어 복잡도가 매우 높고 관련된 기술이 많은 종합 예술이라 할 수 있다. 수강생들은 본 수업을 통해 자율지능로봇의 구성요소와 최신 기술 동향을 소개받고 내제 동작원리를 이해하는 것을 목표로 한다.",,,,,False,True,False,True,False,True,strong_ai_cs_course_outside_target_department,missing_main_textbook,0.3333333333333333
37439,2022,서울대학교,공과대학,공과대학,IoT·인공지능·빅데이터 개론 및 실습,전학년,2학기,3,2,2,전선,,,,,,False,True,False,True,False,True,strong_ai_cs_course_outside_target_department,missing_learning_objective;missing_main_textbook,0.4166666666666667
37440,2022,서울대학교,공과대학,공과대학,IoT·인공지능·빅데이터 개론 및 실습,전학년,1학기,3,2,2,전선,4차산업혁명의 핵심인 IoT 인공지능 빅데이터 기술의 이해IoT 인공지능 빅데이터 분야 핵심 방법론 습득실습을 통한 Handson 경험 함양 및 관련 프로그래밍 기술 체득IoT 인공지능 빅데이터 연구 및 산업화 관련 선수 지식 함양,,,,,False,True,False,True,False,True,strong_ai_cs_course_outside_target_department,missing_main_textbook,0.3333333333333333
37442,2022,서울대학교,공과대학,공과대학,머신러닝을 위한 기초 수학 및 프로그래밍 실습,전학년,1학기,3,2,2,전선,"머신러닝과 인공지능 분야가 보여주고 있는 놀라운 발전의 근간에는 자연 현상을 수학 문제로 기술한 뒤 수많은 현대 수학의 도구를 이용해서 풀어낸 수학의 틀이 존재한다. 따라서 이같은 수학의 핵심 원리를 모른 채 이미 라이브러리화된 것을 단순하게 사용하여 학습하는 것으로는 한계에 봉착할 수 있다. 본 강의의 목적은 수강생이 머신러닝을 이해하는데 있어 필요한 수학을 프로그래밍과 연계하여 학습하는데 있다. 이를 위해 본 강의는, 수학의 단위 주제 강의 후 즉시 프로그래밍 실습을 통해 익히는 마이크로러닝 방식으로 운영한다. 머신러닝 알고리즘을 직접 다루지 않으나, 대수학, 미적분학, 선형대수, 기하학과 같이 머신러닝 학습 및 강좌에 필수적으로 요구되는 내용을 다루며, 수업에서 사용하는 프로그래밍 언어는 파이썬이다. 본 강의는 이공계 고교 수학 이상의 지식을 갖추고 있으나 프로그래밍 지식을 갖추고 있지 않은 학생을 주 대상으로 한다.",,,,,False,True,False,True,False,True,strong_ai_cs_course_outside_target_department,missing_main_textbook,0.3333333333333333
37657,2022,서울대학교,공과대학,전기·정보공학부,창의공학설계,전학년,2학기,3,2,2,전선,,,,,,True,False,True,False,False,True,target_department_and_foundational_course,missing_learning_objective;missing_main_textbook,0.4166666666666667
37665,2022,서울대학교,공과대학,전기·정보공학부,논리설계 및 실험,전학년,2학기,4,3,2,전필,"이 강좌에서는 디지털 시스템 설계의 기본이 되는 논리설계의 기본개념을 학습하고 실제로 기본 회로의 설계, 제작, 실험과 프로젝트 수행을 통하여 논리회로에 대한 개념을 확고히 함을 목적으로 한다. 기본 논리 회로 소자(inverter, NAND, NOR gate 등) 및 이를 사용하여 조합(combinational) 논리 회로를 구성하고 최적화하는 방법을 다룬다. Number system의 기본 원리를 설명하고, 이를 바탕으로 adder, multiplier 등 연산회로를 구현한다. 순차적 (sequential) 논리회로 구현을 위한 기본 기억소자, flipflop 등의 동작원리를 소개하고, PLA, FPGA, 그리고 synchronous design methodology, counter 등을 다룬다. 이를 바탕으로 finite state machine 설계 방법을 설명하고, 다양한 응용 예를 소개한다.",,,,,True,False,True,False,False,True,target_department_and_foundational_course,missing_main_textbook,0.3333333333333333
37673,2022,서울대학교,공과대학,전기·정보공학부,기초전자회로 및 실험,전학년,1학기,4,3,2,전필,"본 강좌는 반도체소자와 그를 사용한 전자회로를 소개한다. 전반부에서는 반도체 물리의 기초를 다루고, 그를 이용해 PN접합 다이오드, 바이폴라접합 트랜지스터, MOSFET 트랜지스터 소자의 동작원리를 이해한다. 후반부에서는 이들 소자를 이용해 아날로그와 디지털 분야의 다양한 회로를 구성하는데 모델과 추상화(abstraction)가 어떻게 활용되는지를 다룬다. 즉, 아날로그 회로는 선형시스템모델에 기반한 소신호 분석법을, 디지털회로는 Boolean 모델에 기반한 CMOS 논리게이트 설계방법을 배운다.",,,,기초회로이론,True,True,True,False,False,True,target_department_and_target_course,missing_main_textbook,0.25
37675,2022,서울대학교,공과대학,전기·정보공학부,프로그래밍방법론,전학년,1학기,4,2,4,전필,"본 수업에서는 C ++ 언어를 기반으로 하여 객체 지향 프로그래밍 기법을 공부한다. C ++ 함수, 포 인터, 배열, 클래스, 객체, 함수 및 연산자 오버로딩, 상속, polymorphism, 가상 함수, 템플릿을 다룬다. 실습 세션에서는 VS Code, git, C ++ 표준 템플릿 라이브러리(STL), C++ 프로그래밍을 체험한다. 특별한 상황 변화가 있지 않는 한 대면 수업으로 진행되며, 강의는 한국어로 진행됨. > (업데이트) 오미크론 변의의 확산세가 심각하여, 개강 시 비대면으로 수업 진행하는 것으로 변경됨. 향후 업데이트는 eTL을 통해 공지할 예정임. 자세한 강의계획은 첨부한 강의계획서 파일 참조.",,,,,True,True,False,False,False,True,target_department_and_target_course,missing_main_textbook,0.3333333333333333
37677,2022,서울대학교,공과대학,전기·정보공학부,프로그래밍방법론,전학년,1학기,4,2,4,전필,,,,,,True,True,False,False,False,True,target_department_and_target_course,missing_learning_objective;missing_main_textbook,0.4166666666666667
37678,2022,서울대학교,공과대학,전기·정보공학부,프로그래밍방법론,전학년,1학기,4,2,4,전필,"대표적인 개발 언어인 C++를 학습한다. C++의 주요 특징인 ObjectOriented Programming의 개념을 익히고, debugging, version control system, script language 등을 추가로 활용하여 프로그래밍 실습을 진행한다.",,,,,True,True,False,False,False,True,target_department_and_target_course,missing_main_textbook,0.3333333333333333
37679,2022,서울대학교,공과대학,전기·정보공학부,기초회로이론 및 실험,전학년,1학기,4,3,2,전필,,,,,,True,True,True,False,False,True,target_department_and_target_course,missing_learning_objective;missing_main_textbook,0.4166666666666667
37684,2022,서울대학교,공과대학,전기·정보공학부,전기시스템선형대수,전학년,2학기,3,3,0,전선,"본 과목은 전기공학에서 다루는 일반적인 선형시스템의 해석에 필요한 행렬 및 선형대수에 관한 기초이론과 관련 기법들을 익히고, 그 응용 예들에 대해 알아봄을 목적으로 한다. 특히 수학적 원리를 적용하여 실제 시스템 문제를 선형적으로 모델링 및 해석하는 능력을 함양할 수 있도록 한다. 수업의 전반부는 벡터와 행렬의 표현 방식을 익히고 이를 python으로 실습한다. 후반부는 이론적 개념을 확장, 적용하는 다양한 실생활의 문제를 다룬다.",,,,,True,False,True,False,False,True,target_department_and_foundational_course,missing_main_textbook,0.3333333333333333
37694,2022,서울대학교,공과대학,전기·정보공학부,반도체소자,전학년,2학기,3,3,0,전선,● 반도체 소자의 동작을 이해하기 위한 기본 소자 물리 이해● 반도체 소자의 특성과 동작 그리고 소자 축소화에 따른 문제점들에 대한 이해● 현재 사용되고 있는 반도체 소자 동작과 미래의 반도체 소자 발전에 대한 이해,,현대 반도체 소자 공학,,,True,True,False,False,False,True,target_department_and_target_course,missing_main_textbook,0.25
37699,2022,서울대학교,공과대학,전기·정보공학부,디지털 시스템 설계 및 실험,전학년,2학기,4,3,2,전선,"본 과목에서는 디지털 시스템 설계에 필요한 기본적인 이론과 방법을 다룬다. 디지털 시스템의 설계를 위한 Hardware Description Language (HDL)을 익히며, 덧셈기, 곱셈기, 부동 소수점 연산기 등 여러 연산기의 효율적 인 구현 방법을 배운다. 또한 Deep Neural Networks와 DNN Hardware Accelerators를 소개한다.",,,,,True,False,True,False,False,True,target_department_and_foundational_course,missing_main_textbook,0.3333333333333333
37700,2022,서울대학교,공과대학,전기·정보공학부,디지털 시스템 설계 및 실험,전학년,2학기,4,3,2,전선,"본 과목에서는 디지털 시스템 설계에 필요한 기본 이론과 방법을 다룬다. 디지털 시스템의 설계를 위한 Hardware Description Language (HDL)을 익히며, 덧셈기, 곱셈기, 부동 소수점 연산기 등 여러 연산기의 효율적 구현 방법을 배운다. 실습에서는 실제 FPGA 보드를 활용하여 하드웨어 설계 기법을 익힌다.",,,,,True,False,True,False,False,True,target_department_and_foundational_course,missing_main_textbook,0.3333333333333333
37703,2022,서울대학교,공과대학,전기·정보공학부,운영체제의 기초,전학년,1학기,3,3,0,전선,수강생들이 최신 운영체제를 이해하고 활용할 수 있도록 운영체제의 내부구조를 학습하고 운영체제를 구성하는데 필요한 이론과 실제를 공부하는데 있다.,,,,,True,True,False,True,False,True,target_department_and_target_course,missing_main_textbook,0.3333333333333333
37710,2022,서울대학교,공과대학,전기·정보공학부,알고리즘의 기초,전학년,2학기,3,3,0,전선,"주어진 문제를 최적으로 해결한다는 것이 무엇을 의미하는지, 여러 가지 문제에 대한 이론적인 최적의 해결방법은 무엇인지 학습한다. 또한, 이론적인 해결방법을 실제로 구현해봄으로써 알고리즘에 대한 이해를 높인다. 본 강의에서는 알고리즘의 효율성을 평가하는 방법, 정렬 알고리즘, 자료 구조 등과 같은 기본적인 내용부터 greedy algorithms, dynamic programming, 그래프 알고리즘, linear programming, NPhardness, 근사 알고리즘 등과 같은 다양한 개념에 대해 다룬다.",,,,"Computer Concept and Practice, Programming Methodology, Introduction to Data Structures",True,True,False,True,False,True,target_department_and_target_course,missing_main_textbook,0.25
37711,2022,서울대학교,공과대학,전기·정보공학부,전기공학설계프로젝트,전학년,1학기,3,1,4,전필,,,,,,True,False,True,False,False,True,target_department_and_foundational_course,missing_learning_objective;missing_main_textbook,0.4166666666666667
37712,2022,서울대학교,공과대학,전기·정보공학부,전기공학설계프로젝트,전학년,2학기,3,1,4,전필,,,,,,True,False,True,False,False,True,target_department_and_foundational_course,missing_learning_objective;missing_main_textbook,0.4166666666666667
37738,2022,서울대학교,공과대학,전기·정보공학부,디지털집적회로,전학년,2학기,3,3,0,전선,,Analysis and Design of Digital Integrated Circuits,,,,True,True,False,False,False,True,target_department_and_target_course,missing_learning_objective,0.3333333333333333
37747,2022,서울대학교,공과대학,전기·정보공학부,디지탈신호처리의 기초,전학년,1학기,3,3,0,전선,"본 강의에서는 Digital Signal Processing의 전반에 관한 내용을 다룬다. 우선 앞 부분에서는 신호 및 시스템에서 이미 학습한 디지털 신호와 시스템의 기초, z변환, 샘플링을 복습, 심화학습하며 후반부에서는 디지털 신호처리를 위한 여러 회로(필터), 필터 설계, 주파수 영역에서의 신호처리, 푸리에 변환 의 고속 계산 방법(FastFourier Transform), 간단한 스펙트럼 분석에 관한 학습을 한다.",,,,,True,True,False,False,False,True,target_department_and_target_course,missing_main_textbook,0.3333333333333333
37750,2022,서울대학교,공과대학,전기·정보공학부,네트워크 프로토콜 설계 및 실습,전학년,2학기,3,2,2,전선,"데이타통신망의 기초 과목에서 배운 내용을 바탕으로 실험을 통해 네트워크에 대한 이해를 심화하는 것이 목표이다. 실제 구현을 통해 보다 실용적인 감각을 익히게 될 뿐만 아니라, 나아가 취업 및 대학원 진학 시에도 도움이 되는 내용을 다루게 된다. 교과목의 내용을 크게 세 부분으로 나눌 수 있다. 첫 번째 부분에서는 커널 컴파일을 통한 TCP parameter 변경 및 그에 따른 성능 변화, mobileinsight 를 이용한 LTE/5G up/downlink 네트워크 파라미터 관찰을 통해서 모바일 TCP Stack에 대해 배우고 성능 개선에 대한 아이디어를 직접 구현해 본다. 두 번째 부분에서는 ns3라는 네트워크 시뮬레이터의 사용법을 익히고, 이를 활용한 네트워크 성능평가에 대해 배우게 된다. 마지막 부분에서는 로보틱스, 자율주행차 등의 제어 시스템에서 원활한 통신을 위해 전 세계적으로 가장 널리 사용되는 metaoperating system인 ROS를 활용하여 실제 로봇 제어 시스템에서 통신이 어떻게 적용되는지 파악하고 실습을 통해 이를 구현해본다.",,,,,True,True,True,False,False,True,target_department_and_target_course,missing_main_textbook,0.3333333333333333
37753,2022,서울대학교,공과대학,전기·정보공학부,융합공학도를 위한 전기전자회로 및 실험,전학년,1학기,3,2,2,전선,,,,,,True,True,True,False,False,True,target_department_and_target_course,missing_learning_objective;missing_main_textbook,0.4166666666666667
37755,2022,서울대학교,공과대학,전기·정보공학부,융합공학도를 위한 전기전자회로,전학년,2학기,3,3,0,전선,,,,,,True,True,False,False,False,True,target_department_and_target_course,missing_learning_objective;missing_main_textbook,0.4166666666666667
37757,2022,서울대학교,공과대학,전기·정보공학부,데이터통신망의 기초,전학년,2학기,3,3,0,전선,"본 강좌는 인터넷 및 네트워크 시스템들의 근간을 이루는 설계 원리, 제어 알고리즘 및 기초/고급 네트워킹 기법들을 광범위하게 다룬다. 이와 더불어, transport, routing, medium access control 등 네트워크 계층별 핵심 기능과 동작원리에 대해 구체적으로 살펴본다. 텀프로젝트들을 통해 HTTP, TCP/IP, Ping/Traceroute 등에 대해 실습함으로써 다양한 네트워킹 기법 및 응용 구현에 대한 이해를 높인다.",,,,,True,True,False,False,False,True,target_department_and_target_course,missing_main_textbook,0.3333333333333333
37758,2022,서울대학교,공과대학,전기·정보공학부,기계학습 기초 및 전기정보 응용,전학년,1학기,3,3,0,전선,,,,,,True,True,False,True,False,True,target_department_and_target_course,missing_learning_objective;missing_main_textbook,0.4166666666666667
37764,2022,서울대학교,공과대학,전기·정보공학부,컴퓨터비전의 기초,전학년,1학기,3,3,0,전선,"본 강좌는 computer vision과 machine learning, 그리고 그 응용에 대하여 소개한다. 본 강의를 통해 학생들은 컴퓨터비젼의 기본적인 이론들과 방법론들 뿐만 아니라, lowlevel vision (early vision) 과 midlevel vision (feature extraction, reconstruction) 에서부터 highlevel vsion (recognition, analysis, learning)에 이르는 문제들을 설계하고 해결하는 실제적인 기술들을 습득하게 될 것이다. 또한, computer vision 과 machine learning 분야의 최신 연구 주제들과 경향들도 소개 될 것이다.",,,,"프로그래밍 방법론, 알고리즘의 기초. 전기시스템 선형대수, 확률변수 및 확률과정의 기초",True,True,False,True,False,True,target_department_and_target_course,missing_main_textbook,0.25
37918,2022,서울대학교,공과대학,컴퓨터공학부,이산수학,전학년,1학기,3,3,0,전필,,,,,,True,False,True,False,False,True,target_department_and_foundational_course,missing_learning_objective;missing_main_textbook,0.4166666666666667
37921,2022,서울대학교,공과대학,컴퓨터공학부,프로그래밍연습,전학년,2학기,3,2,2,전선,"C언어 문법, C 프로그램 작성법, 프로그래밍 방법론에 관하여 다양한 예와 프로그래밍 실습을 통하여 심도있게 배울 수 있는 기회를 제공함으로써, 컴퓨터공학부 전공과목 수강에 필요한 컴퓨터 프로그래밍 실력을 갖출 수 있게 한다.",,,,,True,True,False,False,False,True,target_department_and_target_course,missing_main_textbook,0.3333333333333333
37922,2022,서울대학교,공과대학,컴퓨터공학부,전기전자회로,전학년,1학기,3,3,0,전필,"<p style=""color:red;"">* 중간고사와 기말고사 일정은 강의 계획서에 이미 고정되어 있으므로, 일정이 안되는 학생들은 다음 학기 과목을 수강하기 바랍니다.</p>본 강좌에서는 전기, 전자회로를 분석하거나 설계할 때 필요한 기본 지식을 학습한다. 전반부에는 친숙한 저항 회로를 중심으로 선형 회로를 분석하는 다양한 방법을 배우고, MOSFET소자를 기반으로 한 디지털 회로와 증폭기에 대해 배운다. 후반부에서는 capacitor와 inductor가 추가된 선형 회로를 시간 영역과 주파수 영역에서 분석하는 방법을 배우고 이를 통하여 디지털 하드웨어의 전기적인 특성, 속도와 에너지 소모에 대한 기초지식을 습득하고 아날로그 회로 설계의 핵심인 opamp기반의 증폭회로를 설계 및 분석하는 방법을 배운다. 컴퓨터공학부 주전공학생들은 아래와 같은 사유에 따라 1학기에 개설되는 전기전자회로 수업의 수강 신청이 금지되어 있고 2학기만 수강 신청이 가능하니 수강 신청시 착오없기 바랍니다. (대신 올해 8월 졸업예정인 컴퓨터공학부 주전공학생의 경우에 한하여 1학기 수강 신청이 안될시 졸업에 지장이 있을 경우에는 졸업예정확인서를 제출하면 수강이 허용될 예정입니다.)컴퓨터공학부 주전공이 아닌 학생들의 경우에는 1, 2학기 수강 선택에 특별한 제약이 없으므로 본인의 상황에 맞게 수강 학기를 선택하기를 바랍니다.전기전자회로 수업의 후반부를 제대로 이해하기 위해서는 1차 및 2차 상미분방정식의 해를 구하는 방법에 대한 이해가 필요함. 컴퓨터공학부 주전공학생들의 경우에는 공학수학 I 이 필수과목이므로 전기전자회로 수업 수강 이전에 미분방정식에 대해 학습하지만, 자유전공/복수전공/부전공 학생들의 경우에는 공학수학 I 이 필수가 아님에 따라 미분방정식을 따로 학습할 기회가 없이 전기전자회로 수업을 수강하는 문제가 발생하였음. 이를 해결하기 위해 매년 1학기에 개설되는 전기전자회로 강좌에서는 2학기에 개설되는 강좌에 비해 1차 및 2차 상미분방정식을 푸는 방법에 대한 강의가 추가될 예정이고, 이에 따라 2학기 강좌에 비해 기초 미적분학 및 상미분방정식 풀이 연습에 관련된 숙제 및 시험 문제들이 추가될 예정임. 컴퓨터공학부 주전공학생들 중 아직 미적분학(수학 1 & 2)이나 공학수학 I을 수강하지 않아서 위의 경우에 해당하더라도 봄학기에 등록할 수 있는 사유는 될 수 없다는 점을 다시 한번 강조합니다. 컴퓨터공학부 주전공 학생들은 미적분학과 공학수학 I이 졸업을 위한 교양 필수이므로, 이들 과목들을 최대한 빨리 먼저 수강하여 졸업에 지장을 받지 않기 바랍니다.",,,,,True,True,False,False,False,True,target_department_and_target_course,missing_main_textbook,0.3333333333333333
37925,2022,서울대학교,공과대학,컴퓨터공학부,프로그래밍의 원리,전학년,2학기,3,3,0,전선,"Scala 언어를 이용하여 프로그래밍 언어의 기본 개념을 배운다. 크게 함수형 프로그래밍, 객체지향 프로그래밍, 타입 클라스 프로그래밍의 원리를 배우고 이를 실습한다. 이러한 원리를 이용해 프로그램 작성 시 코드를 추상화하고 재사용하는 방법에 대해 제대로 배운다.",,,,,True,True,False,False,False,True,target_department_and_target_course,missing_main_textbook,0.3333333333333333
37926,2022,서울대학교,공과대학,컴퓨터공학부,임베디드시스템과 응용,전학년,2학기,3,3,0,전선,AR/VR 디바이스를 위한 딥러닝 응용 설계 방법 학습을 통해 내장형/모바일 시스템 및 응용 설계에 대해 심화 학습함,,,,,True,True,False,False,False,True,target_department_and_target_course,missing_main_textbook,0.3333333333333333
37928,2022,서울대학교,공과대학,컴퓨터공학부,운영체제,전학년,1학기,3,3,0,전선,,,,,,True,True,False,True,False,True,target_department_and_target_course,missing_learning_objective;missing_main_textbook,0.4166666666666667
37929,2022,서울대학교,공과대학,컴퓨터공학부,운영체제,전학년,2학기,3,3,0,전선,"컴퓨터구조, 시스템프로그래밍 에서 배운 기초를 바탕으로 컴퓨터 프로그램들이 돌아가기위해서 운영체제에서 어떤일들을 해야하는지를 한단계 높은 수준에서 배운다. 특히 운영체제가 하는일들을 커다랗게 가상화제공, 동시성제공, 지속성제공 이렇게 세가지로 나누어서 각각의 기능들이 어떻게 구현되는지 알아본다. 실습을 통해서 이런 구현이 실제로 만들어질 수 있는지를 체득한다.",,,,"컴퓨터구조, 시스템프로그래밍",True,True,False,True,False,True,target_department_and_target_course,missing_main_textbook,0.25
37932,2022,서울대학교,공과대학,컴퓨터공학부,하드웨어시스템설계,전학년,1학기,3,2,2,전선,,,,,,True,False,True,False,False,True,target_department_and_foundational_course,missing_learning_objective;missing_main_textbook,0.4166666666666667
37933,2022,서울대학교,공과대학,컴퓨터공학부,프로그래밍언어,전학년,1학기,3,3,0,전선,첨부한 화일(snu4190310syllabus.pdf)를 참고하세요,,,,,True,True,False,False,False,True,target_department_and_target_course,missing_main_textbook,0.3333333333333333
37935,2022,서울대학교,공과대학,컴퓨터공학부,알고리즘,전학년,1학기,3,3,0,전필,,,,,,True,True,False,True,False,True,target_department_and_target_course,missing_learning_objective;missing_main_textbook,0.4166666666666667
37939,2022,서울대학교,공과대학,컴퓨터공학부,인공지능,전학년,2학기,3,3,0,전선,"다양한 인공지능 분야의 문제 정의, 기본 개념, 주요 방법론들을 이해하고 탐구한다.",,Artificial Intelligence: A Modern Approach,,,True,True,False,True,False,True,target_department_and_target_course,missing_main_textbook,0.25
37945,2022,서울대학교,공과대학,컴퓨터공학부,창의적통합설계1,전학년,2학기,3,0,6,전선,이 수업에서는 학생들이 2~4명씩 조를 이뤄 기업 제안 과제를 수행하고 있다. 본 과목은 다음과 같이 진행된다.1. 각 회사는 한 학기 동안 약 3명의 그룹이 할 수 있는 프로젝트 목록을 제출한다. 2. 학생들은 그 회사들이 제안한 프로젝트를 수행하기 위해 그룹을 조직한다.3. 학기 중에는 학생과 회사 간의 협력으로 회사나 학교에서 개발이 이루어진다.4. 학기말에는 각 조의 과제 발표와 전반적인 평가가 진행된다.,,,,,True,False,True,False,False,True,target_department_and_foundational_course,missing_main_textbook,0.3333333333333333
37946,2022,서울대학교,공과대학,컴퓨터공학부,창의적통합설계2,전학년,1학기,3,0,6,전선,,,,,,True,False,True,False,False,True,target_department_and_foundational_course,missing_learning_objective;missing_main_textbook,0.4166666666666667
37947,2022,서울대학교,공과대학,컴퓨터공학부,창의적통합설계2,전학년,1학기,3,0,6,전선,"본 강의는 소프트웨어/하드웨어 설계 실습을 위주로 하며 다음과 같이 진행된다. 학기 초에 참여 기업은 3명 내외의 그룹이 12 학기 동안에 할 수 있는 프로젝트를 제안하고, 학생들은 조를 짜서 해당 기업의 프로젝트를 맡아 수행하게 된다. 학기 중 회사와 담당교수의 지도로 학생들은 프로젝트를 진행하며, 학기말에 각 조가 수행한 프로젝트에 대한 발표와 평가로 강의가 마무리된다.",,,,,True,False,True,False,False,True,target_department_and_foundational_course,missing_main_textbook,0.3333333333333333
37948,2022,서울대학교,공과대학,컴퓨터공학부,컴퓨터프로그래밍,전학년,1학기,4,3,2,전필,"본 과목은 Java 와 C++ 기반의 객체지향 프로그래밍을 익히는 것을 목표로 한다. 학생들은 Java 와 C++ 의 기본 문법, API, 사용례를 익히고, 상속, 캡슐화, 다형성등 객체기반 프로그래밍의 핵심 개념을 배운다. 또한 실습을 통해 바르게 동작하고 높은 품질을 갖춘 객체지향 소프트웨어를 작성하는 능력을 키운다.* 하이브리드 포맷으로 진행함(대면+실시간 Zoom)을 원칙으로 하나 코로나19 사정에 따라 탄력적으로 포맷을 변경할 수 있음.",,,,,True,True,False,False,False,True,target_department_and_target_course,missing_main_textbook,0.3333333333333333
37949,2022,서울대학교,공과대학,컴퓨터공학부,컴퓨터프로그래밍,전학년,2학기,4,3,2,전필,"본 과목은 Java 와 C++ 기반의 객체지향 프로그래밍을 익히는 것을 목표로 한다. Java 와 C++ 의 기본 문법, API, 사용례를 익히고, 상속, 캡슐화, 다형성등 객체기반 프로그래밍의 핵심 개념을 배운다. 또한 실습을 통해 바르게 동작하고 높은 품질을 갖춘 객체지향 소프트웨어를 작성하는 능력을 키운다.* 강의 및 실습 모두 대면강의 진행 예정입니다.",,,,,True,True,False,False,False,True,target_department_and_target_course,missing_main_textbook,0.3333333333333333
37950,2022,서울대학교,공과대학,컴퓨터공학부,논리설계,전학년,1학기,4,3,2,전필,"디지털 논리 회로는 컴퓨터 뿐 아니라 각종 디지털 전자 기기의 하드웨어를 구성하는 기본 요소이며 이 강좌를 통해서 기본 지식을 학습한다. 학생들은 논리회로를 구성하는 기본 소자, 조합회로와 순차회로의 설계 이론을 배운다. 이와 병행하여 학습한 이론을 실험을 통해 확인하여 하드웨어 설계의 기초를 공고히 한다.",,,,,True,False,True,False,False,True,target_department_and_foundational_course,missing_main_textbook,0.3333333333333333
37954,2022,서울대학교,공과대학,컴퓨터공학부,시스템프로그래밍,전학년,1학기,4,3,2,전필,"컴퓨터 시스템은 하드웨어, 시스템 소프트웨어, 응용(혹은 사용자) 소프트웨어로 구성된다. 시스템 소프트웨어는 프로그램을 기계가 이해할 수 있는 언어로 환원하고, 또 이것을 하드웨어상에서 다른 프로그램과 협조하여 효율적으로 실행될 수 있도록 함. 따라서 이 과목에서는 운영체제 등의 시스템 소프트웨어, 입출력 기법, 인터넷/웹 프로그래밍 등에 대하여 학습함. 프로그램 작성연습에 많은 시간이 요구됨.",,,,컴퓨터구조,True,True,False,False,False,True,target_department_and_target_course,missing_main_textbook,0.25
37955,2022,서울대학교,공과대학,컴퓨터공학부,시스템프로그래밍,전학년,2학기,4,3,2,전필,"[영어강의] 이 과목에서는 운영 체제와 시스템 프로그래밍을 학습한다. 운영 체제의 중요 개념인 프로세스 관리, 메모리 관리, 파일 시스템과 입출력, 네트워크 프로그래밍, 병렬 프로그래밍 및 동기화 관련 내용들을 배운다. 수강생은 각각의 주제에 대해 이론적인 개념을 적용하는 프로젝트를 수행하여 시스템 프로그래밍을 실제적으로 수행할 수 있는 경험을 쌓는다.",,,,4190.308 Computer Architecture / 컴퓨터구조,True,True,False,False,False,True,target_department_and_target_course,missing_main_textbook,0.25
37957,2022,서울대학교,공과대학,컴퓨터공학부,자료구조,전학년,2학기,3,3,0,전필,,,,,,True,True,False,False,False,True,target_department_and_target_course,missing_learning_objective;missing_main_textbook,0.4166666666666667
37958,2022,서울대학교,공과대학,컴퓨터공학부,컴퓨터비전,전학년,2학기,3,3,0,전선,"오늘날 많은 정보는 시각적으로 표현되며 디지털로 처리된다. 사진, 영화, 텔레비전, 의료 영상, 인쇄, 로봇 인지, 보안 등 무수히 많은 응용 분야에서 디지털 이미지와 비디오를 활용하고 있다. 본 과목은 인공지능 및 컴퓨터 비전에 관심이 있는 학부 4학년생을 대상으로 하며, 디지털 영상 처리와 컴퓨터 비전에 관련한 기초적인 개념과 방법론을 배운다. 아울러 프로그래밍으로 구성된 과제들과 학기 프로젝트를 통해 실제 영상을 다루는 경험을 쌓는데 주안점을 둔다.",,Computer Vision: Algorithms and Applications,,없음,True,True,False,True,False,True,target_department_and_target_course,missing_main_textbook,0.16666666666666666
37961,2022,서울대학교,공과대학,컴퓨터공학부,데이터마이닝 개론,전학년,1학기,3,3,0,전선,첨부화일 참고,,,,,True,True,False,True,False,True,target_department_and_target_course,missing_main_textbook,0.3333333333333333
37962,2022,서울대학교,공과대학,컴퓨터공학부,데이터마이닝 개론,전학년,2학기,3,3,0,전선,"데이터 마이닝은 대용량 데이터에서 유용한 패턴을 찾기 위한 이론과 기법을 의미한다. 데이터 마이닝은 웹 검색, 추천 시스템, 사기 탐지, 사이버 보안 등 중요한 응용에 활용되고 있다. 본 과목에서는 데이터 마이닝을 위한 중요 알고리즘과 이론을 설명한다. 주요 학습 주제로 유사 개체 검색, 빈발 패턴 검색, 링크 분석, 링크 예측, 추천 시스템, 데이터 스트림 마이닝, 클러스터링, 그래프 마이닝, 시계열 예측, 이상 탐지 등을 다룬다.",,,,"Algorithm, Basic Probability, Programming",True,True,False,True,False,True,target_department_and_target_course,missing_main_textbook,0.25
37963,2022,서울대학교,공과대학,컴퓨터공학부,데이터베이스,전학년,2학기,3,3,0,전선,,,,,,True,True,False,True,False,True,target_department_and_target_course,missing_learning_objective;missing_main_textbook,0.4166666666666667
37965,2022,서울대학교,공과대학,컴퓨터공학부,인터넷 보안,전학년,2학기,3,3,0,전선,"인터넷 보안 시스템을 근본적으로 이해하기 위해서는 암호기술 및 그 수학적 원리를 알아야 가능하다. 본 강의에서는 먼저 암호 기술들을 이해하기 위해 필요한 정수론, 이산 로그, 소인수분해, 해시 함수 등을 설명한다. 그 뒤에는 대칭키 암호기법, 공개키 암호기법, 디지털 서명, 키 관리 등 기본 보안 기술을 다루고, 마지막으로 그 뒤에 공개키기반구조(PKI), 비트코인, TLS, 웹 보안, Tor 등 응용 보안 기술을 다룬다.",,,,,True,True,False,False,False,True,target_department_and_target_course,missing_main_textbook,0.3333333333333333
37972,2022,서울대학교,공과대학,컴퓨터공학부,딥러닝의 기초,전학년,1학기,3,3,0,전선,"Recent advances in machine learning and deep learning enabled remarkably realistic modeling of highdimensional raw data (natural images, audio, and natural language corpora) and agents interacting with complex real environment. The goal of the class is to cover the underlying *theoretical* foundations of the recent topics in machine learning and deep learning including adversarial attacks, deep metric learning, generative models, information theory, and reinforcement learning. There will be coding assignments implementing the ideas on GPU enabled compute servers.",,Deep Learning,,Linear algebra; Probability and Statistics; Multivariate Calculus,True,True,False,True,False,True,target_department_and_target_course,missing_main_textbook,0.16666666666666666
38002,2022,서울대학교,공과대학,산업공학과,빅데이터 산업응용,전학년,1학기,2,1,2,전선,,,,,,False,True,False,True,False,True,strong_ai_cs_course_outside_target_department,missing_learning_objective;missing_main_textbook,0.4166666666666667
38143,2022,서울대학교,공과대학,연합전공 인공지능반도체공학,인공지능시스템 설계 프로젝트,전학년,1학기,2,0,4,전선,"본 과정에서는 인공지능에 대한 개요 및 Deep Learning에 대해 이해하며, Tensorflow 개념 및 기초 Programming 실습을 진행한다. 그리고 Deep Learning 기반 Object Detection 방법과 무인점포 개발 응용을 위한 학습 Trainset 자동생성방법을 실습을 통해 익힌다. 또한 AI Chip이 내장된 NPU가속기 Board와 nVidia Jetson TX2 Board를 이용하여 YOLO V3 Object Detection 실습을 진행한다. 마지막으로 nVidia CUDA를 이용한 GPU Programming 개념 및 병렬 Programming 실습을 통해 GPU 구조에 대해 배운다.",,,,,True,True,True,True,False,True,target_department_and_target_course,missing_main_textbook,0.3333333333333333
38144,2022,서울대학교,공과대학,연합전공 인공지능반도체공학,인공지능시스템 설계 프로젝트,전학년,2학기,2,0,4,전선,,,,,,True,True,True,True,False,True,target_department_and_target_course,missing_learning_objective;missing_main_textbook,0.4166666666666667
38145,2022,서울대학교,공과대학,연합전공 인공지능반도체공학,인공지능시스템 설계 프로젝트,전학년,2학기,2,0,4,전선,"AI의 다양한 기술요소 중에서 최근에는 특히 머신러닝(Machine Learning, 기계학습), 딥러닝(Deep Learning)이 큰 주목을 받고 있다. 머신러닝은 프로그래머가 일일이 코드로 명시하지 않은 동작을 컴퓨터가 데이터로부터 학습해 실행할 수 있도록 하는 AI 기술이다. 딥러닝은 머신러닝을 효과적으로 수행하기 위한 하나의 기법이며 컴퓨터 스스로 데이터를 통해 특징을 추출하고 이를 기반으로 학습을 함으로써 AI 성능을 개선한다. 본 과정에서는 인공지능에 대한 개요 및 deep learning에 대해 이해하며 TensorFlow 개념 및 기초 programming 실습을 진행한다. 그리고 Deep Learning 기반 Object Detection 방법과 무인점포 개발 응용을 위한 학습 trainset 자동 생성 방법을 실습을 통해 익힌다. 아두이노를 이용한 기초 Programming 실습과 AI Chip이 내장된 TPU 가속기 Board와 nVidia Jetson TX2 Board를 이용하여 YOLO V3 Object Detection 실습을 진행한다. 마지막으로 nVidia CUDA를 이용한 GPU Programming 개념 및 병렬 Programming 실습을 통해 GPU 구조에 대해 배운다.",,,,,True,True,True,True,False,True,target_department_and_target_course,missing_main_textbook,0.3333333333333333
38147,2022,서울대학교,공과대학,연합전공 인공지능반도체공학,인공지능 반도체 소자 설계 프로젝트,전학년,2학기,2,0,4,전선,"AI 반도체 소자를 제작하기 위한 공정을 이해하고 이를 바탕으로 소자 설계 프로젝트를 수행. 다양한 공정에 대해 학습하고 공정 시뮬레이션 실습을 수행한 후, 이를 집적하여 소자 제작이 이루어지는 과정 이해. 소자 설계를 위해 필요한 소자 시뮬레이션 기법을 습득하고, 이를 활용하여 인공지능 반도체 소자를 설계하고 검증.",,나노 전자 소자,,,True,True,True,True,False,True,target_department_and_target_course,missing_main_textbook,0.25
38148,2022,서울대학교,공과대학,연합전공 인공지능반도체공학,인공지능 하드웨어 설계프로젝트,전학년,1학기,2,0,4,전선,AI 시스템 설계 프로젝트(H/W),,,,,True,True,True,True,False,True,target_department_and_target_course,missing_main_textbook,0.3333333333333333
38149,2022,서울대학교,공과대학,연합전공 인공지능반도체공학,인공지능 하드웨어 설계프로젝트,전학년,2학기,2,0,4,전선,,,,,,True,True,True,True,False,True,target_department_and_target_course,missing_learning_objective;missing_main_textbook,0.4166666666666667
38150,2022,서울대학교,공과대학,연합전공 인공지능,인공지능 심화 프로젝트,전학년,1학기,3,0,6,전필,,,,,,True,True,True,True,False,True,target_department_and_target_course,missing_learning_objective;missing_main_textbook,0.4166666666666667
38151,2022,서울대학교,공과대학,연합전공 인공지능,인공지능 심화 프로젝트,전학년,2학기,3,0,6,전필,"연합전공 인공지능 학생들의 필수과목으로 본 학기의 전 학기에 기업체 또는 연구실 인턴 모집 참여해 합격하고, 방학중 인턴 수행 후 다음 학기에 또는 학기중 인턴 수행하며 본 과목 수강 합니다.",,,,,True,True,True,True,False,True,target_department_and_target_course,missing_main_textbook,0.3333333333333333
38152,2022,서울대학교,공과대학,연합전공 인공지능,인공지능 이론 및 응용 세미나,전학년,1학기,1,1,0,전필,Understanding the principles of AI technology and its real applications,,,,,True,True,False,True,False,True,target_department_and_target_course,missing_main_textbook,0.3333333333333333
38153,2022,서울대학교,공과대학,연합전공 인공지능,인공지능 이론 및 응용 세미나,전학년,2학기,1,1,0,전필,Understanding the principles of AI technology and its real applications,,,,,True,True,False,True,False,True,target_department_and_target_course,missing_main_textbook,0.3333333333333333
38154,2022,서울대학교,공과대학,연합전공 인공지능,AI와 법,전학년,1학기,3,3,0,전선,,,,,,True,True,False,True,False,True,target_department_and_target_course,missing_learning_objective;missing_main_textbook,0.4166666666666667
38155,2022,서울대학교,공과대학,연합전공 인공지능,AI와 법,전학년,2학기,3,3,0,전선,,,,,,True,True,False,True,False,True,target_department_and_target_course,missing_learning_objective;missing_main_textbook,0.4166666666666667
38337,2022,서울대학교,농업생명과학대학,바이오시스템·소재학부,농업인공지능개론,전학년,1학기,3,3,0,전선,"본 교과목은 4차 산업혁명의 핵심기술인 인공지능 기술의 기본 개념과 작동 원리를 이해하고 이를 농업에 활용하는 방법에 대하여 배우는 것을 학습 목표로 한다. 인공지능 기술 분야인 전문가시스템, 퍼지이론, 인공신경망 및 딥러닝에 대해서 학습한다. 학습한 개념들의 농업 적용과 활용 사례들에 대하여 살펴보고 이를 실제 농업 현장에 응용하는 적용능력을 습득하는 실습을 통하여 인공지능 프로그램의 coding 능력을 터득하도록 한다.",,,,컴퓨터프르그래밍개론 등 컴퓨터 프로그램 관련 과목,False,True,False,True,True,True,strong_ai_cs_course_outside_target_department,missing_main_textbook,0.25
38870,2022,서울대학교,사범대학,교육학과,인공지능기반교육,전학년,1학기,3,3,0,전선,,,,,,False,True,False,True,True,True,strong_ai_cs_course_outside_target_department,missing_learning_objective;missing_main_textbook,0.4166666666666667
39758,2022,서울대학교,사회과학대학,심리학과,인간 뇌이미징의 데이터사이언스,전학년,2학기,3,3,0,전선,,,,,,False,True,False,True,False,True,strong_ai_cs_course_outside_target_department,missing_learning_objective;missing_main_textbook,0.4166666666666667
39936,2022,서울대학교,사회과학대학,사회학과,소셜 빅데이터 조사분석,전학년,1학기,3,2,2,전선,"이 강좌는 사회현상에 관한 데이터의 새로운 원천인 ‘소셜 빅데이터(social big data)’를 수집하고 분석하는 방법을 다룬다. ‘초연결사회’가 도래하면서 사회적 행동 및 관계들 중 상당 부분이 디지털 플랫폼 내애 디지털 빅데이터 형태로 기록되어 있다. 이 ‘소셜 빅데이터’는 전통적인 사회조사분석의 패턴, 즉 설문 조사, 표본 조사, 정형 데이터, 통계 분석 등의 조합과는 다른 종류의 수집 및 분석 방법과 도구를 요구한다. 이러한 시대적 요구에 대응하기 위해서는 Web Crawling 이나 Open API 를 활용한 빅데이터 수집 능력을 갖추고 있어야 하고, 비정형 텍스트 데이터의 내용 분석, 소셜 네트워크 분석, 기계 학습, 등의 분석 기법에 익숙해야 한다. 그리고 이러한 기법들을 자유자재로 소화하기 위해서는 기존의 통계패키지 외에 데이터 분석에 적합한 프로그래밍 언어를 사용할 줄 알아야 한다. 프로그래밍 언어로는 초보자도 배우기 쉽고 데이터분석용 공개 라이브러리가 풍부한 Python을 선정했고, 수집 대상 데이터로는 Twitter, Facebook 등 익숙한 SNS 빅데이터와 Web 데이터를 예제로 삼을 예정이다. 또한 분석기법으로는 텍스트 마이닝, 소셜 네트워크 분석, 기계 학습 등을 포함한다. 실제 빅데이터를 직접 수집하고 다양하게 ‘주물러 보는’ 체험을 해봄으로써, 수학이나 프로그래밍을 공부하지 않은 보통의 문과 사회과학도라도 ‘소셜 빅데이터’를 두려움 없이 다룰 수 있는 기초 소양을 쌓도록 하는 것이 이 강좌의 목표이다.",,,,,False,True,False,True,True,True,strong_ai_cs_course_outside_target_department,missing_main_textbook,0.3333333333333333
40205,2022,서울대학교,생활과학대학,소비자아동학부(소비자학전공),소비자빅데이터분석,전학년,1학기,3,3,0,전선,,,,,,False,True,False,True,False,True,strong_ai_cs_course_outside_target_department,missing_learning_objective;missing_main_textbook,0.4166666666666667
40610,2022,서울대학교,음악대학,국악과,음악과 AI,전학년,1학기,2,2,0,전선,"본 수업은 이교구(융합과학기술대학원 지능정보융합학과), 허윤정(음대 국악과), 오희숙(음대 작곡과 이론전공)이 함께 담당한다.4차 산업혁명이라 불리는 인공지능시대를 맞아 음악대학에서는 학생들이 시대적 변화에 맞추어 음악적 역량 발전시킬 수 있는 학습의 장을 마련하고자, 세 영역의 교수(연주실기, 미학, 테크놀로지)가 공동으로 참여한다. 본 수업은 빅데이터와 AI 기반의 디지털혁신이 전 산업 분야로 확산되는 변화의 시대에 창의적인 사고를 통해 세계적인 변화를 주도할 음악인재(창작, 연주, 이론) 양성을 목표로 한다.",,"디지털 혁명과 음악 유튜브, 매시업, 그리고 인공지능의 미학",,,False,True,False,True,False,True,strong_ai_cs_course_outside_target_department,missing_main_textbook,0.25
43587,2022,서울대학교,자연과학대학,수리과학부,암호론,전학년,2학기,3,3,0,전선,"본 강의에서는 정수론의 기본적인 성질을 공부하고 이를 이용하여 기존 암호 체계의 암호화 및 복호화 과정, 계산 복잡도, 암호 알고리즘의 해독법, 그리고 양자내성암호, 동형암호 등 현대 암호가 갖추어야 할 다양한 기능에 대하여 소개한다.구체적으로 다음과 같은 내용을 다룬다.1) 암호론의 기본 개념: 대칭키 암호, 공개키 암호, 해쉬함수, 전자서명, 비밀분산, 암호프로토콜2) 현대 암호 이론: RSA, 타원곡선 암호, 격자암호, 양자내성암호3) 미래암호기술: 탐색가능암호, 속성기반암호, 동형암호 등 빅데이터 암호기술",,,,"선형대수학을 수강한 학생을 대상으로 강의합니다. 현대대수학이나 정수론을 수강하지 않은 학생은 3장. Basic Number Theory를 예습하고 오세요. 격자암호, 프로그램 난독화 등의 내용도 일부 소개할 예정입니다.",False,True,False,True,False,True,strong_ai_cs_course_outside_target_department,missing_main_textbook,0.25
44673,2022,서울대학교,혁신공유학부,혁신공유학부,(공유)AI기초프로그래밍,전학년,1학기,3,3,0,전선,"본 교과목은 인공지능이 무엇이며 어떻게 활용하는지 알려주는 과목이다. AI기초프로그래밍은 파이썬을 이용하여 파이썬에 대한 기초 문법과 컴퓨팅사고에 대해 학습한 후, 배운 원리를 바탕으로 실제 인공지능 모델을 만들어 본다.",,,,,False,True,False,True,False,True,strong_ai_cs_course_outside_target_department,missing_main_textbook,0.3333333333333333
44676,2022,서울대학교,혁신공유학부,혁신공유학부,(공유)빅데이터 개론 1,전학년,1학기,3,3,0,전선,"이 과목은 빅데이터를 소개하며, 데이터 가공/분석 및 시각화를 위한 프로그래밍 언어 (Python), 데이터 분석을 위한 통계/머신러닝 방법 등을 가르친다. 실습 및 프로젝트를 통해서 학생들이 실제 데이터를 분석할 수 있는 능력을 배양한다. 데이터 중심의 컴퓨팅, 정량적 사고와 추론, 탐색적 데이터 분석에 대한 강조를 통해 이 과목에서는 데이터 과학의 핵심 원리와 기술을 다룰 것이다.",,,,,False,True,False,True,False,True,strong_ai_cs_course_outside_target_department,missing_main_textbook,0.3333333333333333
44682,2022,서울대학교,혁신공유학부,혁신공유학부,(공유)빅데이터 수학,전학년,2학기,3,3,0,전선,"본 수업에서는 데이터를 이용한 모형의 추론과 예측모형 생성을 배우며, 그 과정을 통해 질문의 구조화, 데이터 수집과 정리, 통계추론, 예측모델링, 의사결정과정의 핵심원리를 배운다. 중급수준의 데이터의 변환, 데이터 정제, 모형적합, 모형선택, 모형진단 등에 대한 기초이론을 배우며, 데이터 실습을 통해 그 과정을 익힌다.",,"Introduction to AppliedLinear Algebra: Vectors, Matrices, and Least Squares",,,False,True,False,True,False,True,strong_ai_cs_course_outside_target_department,missing_main_textbook,0.25
44684,2022,서울대학교,혁신공유학부,혁신공유학부,(공유)인공지능시스템 설계 프로젝트,전학년,2학기,2,0,4,전선,,,,,,False,True,True,True,False,True,strong_ai_cs_course_outside_target_department,missing_learning_objective;missing_main_textbook,0.4166666666666667
44685,2022,서울대학교,혁신공유학부,혁신공유학부,(공유)인공지능시스템 설계 프로젝트,전학년,2학기,2,0,4,전선,"AI의 다양한 기술요소 중에서 최근에는 특히 머신러닝(Machine Learning, 기계학습), 딥러닝(Deep Learning)이 큰 주목을 받고 있다. 머신러닝은 프로그래머가 일일이 코드로 명시하지 않은 동작을 컴퓨터가 데이터로부터 학습해 실행할 수 있도록 하는 AI 기술이다. 딥러닝은 머신러닝을 효과적으로 수행하기 위한 하나의 기법이며 컴퓨터 스스로 데이터를 통해 특징을 추출하고 이를 기반으로 학습을 함으로써 AI 성능을 개선한다. 본 과정에서는 인공지능에 대한 개요 및 deep learning에 대해 이해하며 TensorFlow 개념 및 기초 programming 실습을 진행한다. 그리고 Deep Learning 기반 Object Detection 방법과 무인점포 개발 응용을 위한 학습 trainset 자동 생성 방법을 실습을 통해 익힌다. 아두이노를 이용한 기초 Programming 실습과 AI Chip이 내장된 TPU 가속기 Board와 nVidia Jetson TX2 Board를 이용하여 YOLO V3 Object Detection 실습을 진행한다. 마지막으로 nVidia CUDA를 이용한 GPU Programming 개념 및 병렬 Programming 실습을 통해 GPU 구조에 대해 배운다.",,,,,False,True,True,True,False,True,strong_ai_cs_course_outside_target_department,missing_main_textbook,0.3333333333333333
44686,2022,서울대학교,혁신공유학부,혁신공유학부,(공유)인공지능 하드웨어 설계 프로젝트,전학년,2학기,2,0,4,전선,,,,,,False,True,True,True,False,True,strong_ai_cs_course_outside_target_department,missing_learning_objective;missing_main_textbook,0.4166666666666667
44690,2022,서울대학교,혁신공유학부,혁신공유학부,(공유)인공지능입문,전학년,1학기,3,3,0,전선,"이 과목을 통해 학생들은 인공지능을 구현하기 위한 다양한 방법의 핵심 원리와 기술을 배운다. 인공지능 에이전트는 주어진 환경에서 적절한 행위를 통해 원하는 목표를 달성하려 한다. 이러한 에이전트를 구현하기 위해서는 환경에 대한 추상적 수학적 이해가 필요하며, 효율적 문제 해결을 위한 컴퓨터적 사고가 필요하다. 이론과 실습을 통해 학생들의 수리적, 알고리즘적 사고 능력을 키우고, 다양한 실제 문제를 해결할 수 있도록 한다.",,,,,False,True,False,True,False,True,strong_ai_cs_course_outside_target_department,missing_main_textbook,0.3333333333333333
44693,2022,서울대학교,혁신공유학부,혁신공유학부,(공유)에너지빅데이터분석,전학년,1학기,3,3,0,전선,"최근 전력에너지공학 분야에서 다루는 여러 문제들에 대해, 빅데이터 기반의 머신러닝 기법의 적용을 통해 해결하려는 추세에 있다. 전력에너지공학 분야에서 해결해야하는 문제들은 무엇이며, 빅데이터 기반의 머신러닝 기법을 통해 어떻게 해결할 수 있는지에 대한 강의를 진행한다. 강의는 전력에너지공학의 문제들에 대한 기본 개념, 빅데이터 기반의 머신러닝 기법(일부) 소개, 이것에 대한 간단한 예제와 실습으로 구성된다.※ 본 강의는 실습 위주의 강의로서, 수강생들은 필요한 GPU자원을 갖춘 학생만 수강하도록 강력히 권장합니다.",,,,,False,True,False,True,False,True,strong_ai_cs_course_outside_target_department,missing_main_textbook,0.3333333333333333
44715,2022,서울대학교,혁신공유학부,혁신공유학부,(공유)빅데이터 활용 UX디자인,전학년,2학기,3,2,1,전선,"본 강좌는 데이터를 디자인 재료로 활용하여 UX에 기반한 서비스 디자인, 행동 디자인 컨셉을 기획하고 제안할 수 있는 방법을 학습하고 응용할 수 있는 역량 계발데이터에 기반한 디자인 프로세의 배경과 기본 원리를 학습하고, UX디자인에서 중요한 퍼소나 저니맵을 데이터를 근거로 구성하는 방법을 학습하고 응용할 수 있는 역량 계발",,Designing with Data: Improving the User Experience with A/B Testing,,,False,True,False,True,False,True,strong_ai_cs_course_outside_target_department,missing_main_textbook,0.25
45170,2022,전북대학교,공과대학,기계공학과,머신러닝개론,2,1학기,3,3,0,전공선택,머신러닝에 대한 기초 수학 및 기본 지식을 강의하여 향후 심화 학습을 위한 근간이 되게 하고 궁극적으로 딥러닝 등 머신러닝 기반의 기계공학적 응용에 활용될 수 있도록 한다.,,,,"컴퓨터과학과코딩, 수학2",False,True,False,True,True,True,strong_ai_cs_course_outside_target_department,missing_main_textbook,0.25
45484,2022,전북대학교,공과대학,전기공학과,신호및시스템,3,1학기,3,3,0,전공선택,"This course covers fundamentals of signal and system analysis, focusing on representations of discretetime and continuoustime signals (singularity functions, complex exponentials and geometrics, Fourier representations, Laplace and Z transforms, sampling) and representations of linear, timeinvariant systems (difference and differential equations, block diagrams, system functions, poles and zeros, convolution, impulse and step responses, frequency responses).",,,,회로이론 2,True,True,False,False,False,True,target_department_and_target_course,missing_main_textbook,0.25
45487,2022,전북대학교,공과대학,전기공학과,전기기기실험,3,2학기,3,0,6,전공선택,"전기에너지변환원리에 입각한 전기기기의 동작 원리와 특성을 실험을 통하여 확인하는 데에 본 수업의 핵심 목표가 있다. 학부 전기기기1, 2에서 학습한 등가회로에 입각한 전기기기 동작 원리와 특성을 실제 실험을 통하여 비교 분석한다.",,,,. 전기기기1,True,False,True,False,False,True,target_department_and_foundational_course,missing_main_textbook,0.25
45493,2022,전북대학교,공과대학,전기공학과,제어공학,3,1학기,3,3,0,전공필수,"This course is directed to study mathematical theory for understanding and analyzing control systems. Modeling of a physical system in a time domain and a frequency domain is introduced. Using the system model, analyzing and understanding a time response of a system using a transfer function and a state equation will be also introduced in this course.",,,,공업수학 2,True,True,False,False,False,True,target_department_and_target_course,missing_main_textbook,0.25
45494,2022,전북대학교,공과대학,전기공학과,제어시스템설계,3,2학기,3,2,2,전공선택,"Objective of this class is developing control system based on properly designed physical model. Also, different types of analysis method for control system are taught in this class. At the end of class, students will be able to design a controller and analyze theoretically and implement in simulation.",,,,Control engineering 1,True,False,True,False,False,True,target_department_and_foundational_course,missing_main_textbook,0.25
45495,2022,전북대학교,공과대학,전기공학과,확률및통계,2,1학기,3,3,0,전공선택,"전자정보공학 엔지니어를 위한 확률 및 통계 이론을 다룬다. 주요 내용은 확률, 확률변수, 통계, 표본분포, 가설검사를 포함한다.",,,,,True,False,True,False,False,True,target_department_and_foundational_course,missing_main_textbook,0.3333333333333333
45496,2022,전북대학교,공과대학,전기공학과,회로이론 1,2,1학기,3,3,0,전공필수,"회로이론은 전기및 전자공학 분야에서 가장 기본이 되는 회로의 해석 및 설계를 체계화한 학문으로 전기공학 전공 학생들은 반드시 수강해야 할 필수과목이다.본 강의에서는 기본이 되는 선형회로의 해석을 중점으로 공부한다. 먼저 회로의 변수들은 무엇인지, 회로의 구성요소들은 어떠한 것들이 있는지, 또 수동소자와 는동소자는 어떻게 다른지를 공부한다.그리고 회로해석에 필요한 원리와 법칙들을 공부하고 문제를 통해 회로변수들을 구해보고, 에너지 저장소자에 관하여 학습한다.",,,,,True,True,False,False,False,True,target_department_and_target_course,missing_main_textbook,0.3333333333333333
45498,2022,전북대학교,공과대학,전기공학과,회로이론 2,2,2학기,3,3,0,전공선택,회로이론1 에서 학습한 직류 회로 해석법을 기반으로 교류 회로 해석법을 강의한다.,,,,회로이론 1(필수),True,True,False,False,False,True,target_department_and_target_course,missing_main_textbook,0.25
45501,2022,전북대학교,공과대학,전기공학과,창의적공학설계입문,1,1학기,3,3,0,전공선택,"수업목표를 달성하기 위하여 이론교육과 설계실습교육을 실시하는데 실습 시간동안에는 각 5~6명의로 팀을 구성하고 팀별로 자유주제를 선정하며 이를 창의적 공학 설계 기법을 활용하여 해결하는 과정의 프로젝트를 수행하며 그 결과를 발표하고 수정 및 지적사항 평가등을 거쳐 완성해 나간다. 결과적으로 이러한 수업 활동을 통하여 수강생들에게 공학설계 능력에 필수적인 창의적 사고, 팀 활동, 의사소통능력을 통한 창의적 문제해결 능력을 증진시키는 것을 수업목표로 한다.",,,,,True,False,True,False,False,True,target_department_and_foundational_course,missing_main_textbook,0.3333333333333333
45502,2022,전북대학교,공과대학,전기공학과,전기회로기초설계,2,2학기,3,0,6,전공선택,"전기공학전문 프로그램의 첫 번째 요소설계과목으로 RLC 회로 소자를 사용한 기초실험을 수행할 수 있고, 공학설계의 개념과 전기회로 이론에 따른 기초설계를 수행할 수 있다.",,이중순. (2007). 공학설계의 기초. (주)북스힐,,창의적공학설계입문,True,True,True,False,False,True,target_department_and_target_course,missing_main_textbook,0.16666666666666666
45503,2022,전북대학교,공과대학,전기공학과,전기회로기초설계,2,2학기,3,0,6,전공선택,"전기공학전문 프로그램의 첫 번째 실험 및 설계과목으로 실험도구 사용법을 익히고, RLC 회로 소자를 사용한 전기회로의 구성과 특성을 실험하고, 이를 바탕으로 전기회로를 이용한 기초설계를 수행할 수 있다.",,이중순. (2007). 공학설계의 기초. (주)북스힐,,창의적공학설계입문,True,True,True,False,False,True,target_department_and_target_course,missing_main_textbook,0.16666666666666666
45504,2022,전북대학교,공과대학,전기공학과,설계소프트웨어실습,2,2학기,3,2,2,전공선택,"본 강의 및 실습에서는 전기, 전자회로 등을 설계하고 회로 특성을 평가할 수 있는 프로그램에 관한 내용을 다룬다. 강의 내용은 PSPICE와 MATLAB에 관한 일반적인 내용을 습득하고 회로 설계 등을 통하여 회로의 특성을 시뮬레이션하고 평가한다.",,이용성외 3인. (2016). PSpice Designer. 복두출판사박민기외 3인 공역. (2017). 매트랩의 기초. 인터비젼,,회로이론1(권장),True,False,True,False,False,True,target_department_and_foundational_course,missing_main_textbook,0.16666666666666666
45506,2022,전북대학교,공과대학,전기공학과,전기공학종합설계,4,1학기,3,3,0,전공선택,"저학년에서 배운 지식 및 기술을 기초로 하고, 기초설계 및 주요 요소설계 교과목의 설계경험을 바탕으로 일련의 설계의 구성요소와 현실적 제한조건을 대부분 고려하여, 설정한 공학문제를 해결할 수 있는 능력을 함양한다.",,창의공학. (). 창의공학. 인터비젼,,전기회로기초설계,True,False,True,False,False,True,target_department_and_foundational_course,missing_main_textbook,0.16666666666666666
45507,2022,전북대학교,공과대학,전기공학과,전기공학종합설계,4,2학기,3,3,0,전공선택,"저학년에서 배운 지식 및 기술을 기초로 하고, 기초설계 및 주요 요소설계 교과목의 설계경험을 바탕으로 일련의 설계의 구성요소와 현실적 제한조건을 대부분 고려하여, 설정한 공학문제를 해결할 수 있는 능력을 함양한다.",,창의공학. (). 창의공학. 인터비젼,,전기회로기초설계,True,False,True,False,False,True,target_department_and_foundational_course,missing_main_textbook,0.16666666666666666
45509,2022,전북대학교,공과대학,전기공학과,디지털논리공학,1,2학기,3,3,0,전공선택,"디지털 시스템의 설계 및 해석을 위한 디지털 논리 및 회로 설계 방법을 숙지한다. 먼저 디지털 기본 소자의 동작 특성을 이해하고, 이들 기본 소자를 이용하여 각종 조합 논리회로 및 순서 논리회로의 설계 및 동작 특성을 학습한다.",,,,해당사항없음,True,True,False,False,False,True,target_department_and_target_course,missing_main_textbook,0.25
45510,2022,전북대학교,공과대학,전기공학과,신재생에너지공학및실험,3,2학기,3,2,2,전공선택,본 수업을 통해 다음의 내용을 이해한다1. 신재생발전원의 특성2. 전력계통의 운영3. 신재생발전원의전력계통 연계시 논점,,국경수. (2018). 신재생발전기 실험. 여름커뮤니케이션,,없음,True,False,True,False,False,True,target_department_and_foundational_course,missing_main_textbook,0.16666666666666666
45511,2022,전북대학교,공과대학,전기공학과,전기회로기초실험,2,1학기,3,0,6,전공필수,"전기공학전문 프로그램의 첫 번째 실험과목으로 실험도구 사용법을 익히고, 이를 바탕으로 전기회로를 이용한 기초실험을 수행할 수 있다.",,,,일반물리학실험2,True,True,True,False,False,True,target_department_and_target_course,missing_main_textbook,0.25
45512,2022,전북대학교,공과대학,전기공학과,전기회로기초실험,2,1학기,3,0,6,전공필수,"전기공학전문프로그램의첫번째실험과목으로실험실 안전과 실험도구사용법 등을익히고,이를바탕으로전기회로를이용한기초실험을수행할수있다.",,,,일반물리학실험2,True,True,True,False,False,True,target_department_and_target_course,missing_main_textbook,0.25
45513,2022,전북대학교,공과대학,전기공학과,전자회로응용실험,3,1학기,3,0,6,전공선택,"실무 능력 강화를 위하여 엔지니어가 갖추어야 할 1)전자회로를 구성하는 주요소자(다이오드, 트랜지스터, 연산증폭기 등)를 이용하여 회로를 구성할 수 있고, 2) 측정 장비를 사용할 수 있는 능력을 실험을 통하여 배양한다. 또한, 이를 바탕으로 주어진 설계과제를 수행하는 능력을 함양하는 데 있다.",,,,전자회로 또는 전자회로1,True,True,True,False,False,True,target_department_and_target_course,missing_main_textbook,0.25
45516,2022,전북대학교,공과대학,전기공학과,반도체소자 1,2,1학기,3,3,0,전공선택,The purpose of this course is to provide the student with the essential background on semiconductor materials and a basic understanding of the following semiconductor electronic devices that will be required for a successful career in electrical engineering.,,Donald A Neamen. (2011). Semiconductor Physics & Devices. McGrawHill Higher Education,,물리,True,True,False,False,False,True,target_department_and_target_course,missing_main_textbook,0.16666666666666666
45520,2022,전북대학교,공과대학,전자공학부(나노전자공학),반도체소자,3,2학기,3,3,0,전공선택,"본 교과에서는 전자회로의 기초가 되는 반도체 물성 이론과 기본적인 양자역학의 개념을 복습하고 이를 통해 다양한 반도체 구조 및 소자(금속반도체 접합, BJT, MOSFET)의 특성을 학습하는 것을 목표로 한다. 나아가 집적회로에서의 전자소자(MOSFET)의 스케일링에 따른 물리적 현상과 이를 극복하기 위한 FinFET, Nanosheet FET 신기술 내용을 학습하고 TCAD 시뮬레이션을 활용한 MOSFET 설계 실습을 수행한다.1. 반도체 물성의 기본 개념 이해2. 반도체 접합 및 금속반도체 접합의 물성 이해3. MOS 캐피시터와 MOSFET의 물성 및 동작 특성 이해4. 집적회로에서의 MOSFET 축소화와 멀티게이트 MOSFET 소개",,"Ben Streerman, Sanjay Banerjee. (2014). Solid State Electronic Devices(7th Edition) . Pearson Education",,"반도체물리전자, 전자기학, 전자회로1",True,True,False,False,False,True,target_department_and_target_course,missing_main_textbook,0.16666666666666666
45521,2022,전북대학교,공과대학,전자공학부(나노전자공학),반도체소자,3,2학기,3,3,0,전공선택,1. 반도체 물성의 기본 개념 이해2. 반도체 접합 및 금속반도체 접합의 물성 이해3. MOS 캐피시터와 MOSFET의 물성 및 동작 특성 이해4. 집적회로에서의 MOSFET 축소화와 멀티게이트 MOSFET 소개,,"Ben Streerman, Sanjay Banerjee. (2014). Solid State Electronic Devices(7th Edition) . Pearson Education D. A. Neamen. (2011). Semiconductor Physics and Devices (4th Edition). McGrawHill Higher Education",,"반도체물리전자, 전자기학, 전자회로1",True,True,False,False,False,True,target_department_and_target_course,missing_main_textbook,0.16666666666666666
45522,2022,전북대학교,공과대학,전자공학부(나노전자공학),선형대수학,2,1학기,3,3,0,전공선택,"선형대수는 전기, 전자공학의 기초가 되는 과목으로 회로이론, 신호 및 시스템, 디지털신호처리, 통신, 제어공학 등을 배우는데 필수적으로 필요한 과목이다. 벡터, 선형방정식, 행렬과 이에 관한 이론, 선형 변환, 차원과 구조 등에 대해 공부한다.",,,,일반수학,True,False,True,False,False,True,target_department_and_foundational_course,missing_main_textbook,0.25
45523,2022,전북대학교,공과대학,전자공학부(나노전자공학),선형대수학,2,1학기,3,3,0,전공선택,"선형대수는 전기, 전자공학의 기초가 되는 과목으로 회로이론, 신호 및 시스템, 디지털신호처리, 통신, 제어공학 등을 배우는데 필수적으로 필요한 과목이다. 벡터, 선형방정식, 행렬과 이에 관한 이론, 선형 변환, 차원과 구조 등에 대해 공부한다.",,,,,True,False,True,False,False,True,target_department_and_foundational_course,missing_main_textbook,0.3333333333333333
45526,2022,전북대학교,공과대학,전자공학부(나노전자공학),신호및시스템,2,2학기,3,3,0,전공필수,"In this course, we are going to study time and frequency domain representation of signals and systems. The linear analog circuits studied in circuit theory will be used as a typical system example to study input and output relation, impulse response of the system, transfer function, frequency response, and convolution. The course is taught in English.",,MIT courseware. (2016). MIT courseware on signals and systems. MIT,,Calculus; Basic circuit theory I.,True,True,False,False,False,True,target_department_and_target_course,missing_main_textbook,0.16666666666666666
45527,2022,전북대학교,공과대학,전자공학부(나노전자공학),신호및시스템,2,2학기,3,3,0,전공필수,"아날로그 및 디지털 신호의 종류와 성질, 이들 신호를 편리하게 다루기 위한 각종 변환, 시스템의 성질에 대하여 학습한다.",,,,수학 2,True,True,False,False,False,True,target_department_and_target_course,missing_main_textbook,0.25
45528,2022,전북대학교,공과대학,전자공학부(나노전자공학),신호및시스템,2,2학기,3,3,0,전공필수,"In this course, the mathematical expression for signal and system in time domain as well as frequency domain is studied. Through understanding of the convolution concept,among input signal,output signal and symtem's impulse response, design and analysis for getting the desired signal is studied. In order to understand the above mentioned study object, the essential tools such as Fourier Transform,Laplace transform and Z transform are studied and many examples are exercised.",,,,Mathematics 2,True,True,False,False,False,True,target_department_and_target_course,missing_main_textbook,0.25
45530,2022,전북대학교,공과대학,전자공학부(나노전자공학),알고리즘,4,2학기,3,3,0,전공선택,"전자공학 전공에서 필요한 알고리즘에 대한 기본 지식을 익히고, 간단한 예제에 응용할 수 있는 능력을 배양한다.(첫 시간 사전이해도의 결과에 따라 강의 방향과 내용이 조정될 수 있음.)",,,,선형대수학 (필수)확률및통계C언어기초자료구조,True,True,False,True,False,True,target_department_and_target_course,missing_main_textbook,0.25
45531,2022,전북대학교,공과대학,전자공학부(나노전자공학),영상처리,4,1학기,3,3,0,전공선택,"영상처리는 인공지능과 딥러닝을 활용하는 핵심 응용분야 중 하나이다. 본 교과목의 목표는 영상 데이터에 대하여 이해하고 활용하는 방법을 익히는 것이다. 이를 위하여, 디지털 영상처리의 핵심 이론에 대하여 배우고, 파이썬과 opencv를 기반으로 영상처리 프로그래밍을 실습한다.",,"정성환, 배종욱. (2020). OpenCVPython으로 배우는 영상 처리 및 응용. 생능출판",,없음,True,True,False,False,False,True,target_department_and_target_course,missing_main_textbook,0.16666666666666666
45532,2022,전북대학교,공과대학,전자공학부(나노전자공학),운영체제,4,1학기,3,3,0,전공선택,"운영체제의 기본 이론과 이와 관련한 응용 구조 및 이론을 학습한다.컴퓨터의 운영원리 및 이를 기반으로 한 자원관리, 프로세스, 메모리 관리 등의 이론을 학습한다.",,,,,True,True,False,True,False,True,target_department_and_target_course,missing_main_textbook,0.3333333333333333
45533,2022,전북대학교,공과대학,전자공학부(나노전자공학),인공지능,3,1학기,3,3,0,전공선택,"이 과정은 기계 학습의 입문 학부 과정입니다. 기계 학습은 이미지, 비디오, 음성을 포함한 데이터에서 예측 또는 결정을 내리는 수학적 모델 및 알고리즘을 개발하는 것을 목표로 합니다. 우리가 주로 다룰 주제는 선형 회귀, 로지스틱 회귀, 의사 결정 트리, 앙상블 학습, 차원 축소, 클러스터링 및 딥러닝 신경망입니다. 이 과정을 통해 4차 산업혁명의 기초인 인공지능의 최첨단 기계 학습 방법에 대해 이해할 수 있습니다.",,크리스토퍼 비숍. (). 패턴 인식과 머신 러닝. 제이펍,,,True,True,False,True,False,True,target_department_and_target_course,missing_main_textbook,0.25
45543,2022,전북대학교,공과대학,전자공학부(나노전자공학),전자회로 1,2,2학기,3,3,0,전공선택,"전자회로는 전자공학의 핵심 학문의 요소로서 메모리나 통신 및 신호처리 등에서 사용되는 전자회로의 기본 원리 및 응용을 배우는 과목이다. 전자회로 과목은 전자회로1 과 전자회로2 및 실험으로 구성되는데, 이번 학기에 다룰 전자회로 1은 전자회로의 기초를 마련하는 과정으로써 전자회로에 관한 개론 및 p형과 n형 반도체를 접합하여 만든 다이오드, BJT, MOSFET 구조, 특성, 동작원리와 해석 및 관련 등가회로를 학습한 다음 이를 토대로 응용회로의 기본이 되는 증폭기 회로를 해석하고 설계할 수 있는 능력을 함양하는데 있다.",,,,,True,True,False,False,False,True,target_department_and_target_course,missing_main_textbook,0.3333333333333333
45544,2022,전북대학교,공과대학,전자공학부(나노전자공학),전자회로 1,2,2학기,3,3,0,전공선택,"회로이론1에서 학습한 기초지식을 바탕으로 전자회로의 개론에 대해 알아보고 나아가 p형 반도체와 n형 반도체로 구성되는 pn 다이오드, BJT, MOSFET의 구조, 기본동작 원리, 등가회로, 기초 응용회로를 학습한다. 이를 토대로 응용회로의 기본이 되는 증폭기 회로를 해석하고 설계할 수 있는 이론 지식과 능력을 함양하도록 한다.",,,,회로이론1,True,True,False,False,False,True,target_department_and_target_course,missing_main_textbook,0.25
45545,2022,전북대학교,공과대학,전자공학부(나노전자공학),전자회로 1,2,2학기,3,3,0,전공선택,"전자회로에 관한 학습은 전자회로1 과 전자회로2 및 실험으로 이루어져 있다. 그러므로 이번학기에 다룰 전자회로 1은 전자회로로 이루어진 용용회로를 다룰 수 있도록 밑바탕을 마련하는 과정으로써 전자회로에 관한 개론 및 p형과 n형 반도체를 접합하여 만든 기본적인 전자회로 관련소자인 다이오드, BJT, MOSFET 구조, 특성, 동작원리와 해석을 위한 등가회로를 학습한 다음 이를 토대로 응용회로의 기본이 되는 증폭기 회로를 해석하고 설계할 수 있는 능력을 함양하는데 있다.",,,,회로이론 1 물리전자,True,True,False,False,False,True,target_department_and_target_course,missing_main_textbook,0.25
45547,2022,전북대학교,공과대학,전자공학부(나노전자공학),전자회로 2,3,1학기,3,3,0,전공선택,"전자회로1에서 배운 OP Amp, Diode, BJT 및 FET등의 내용을 기초로 하여, 더 복잡하고 심화된 고급 전자회로를 집적회로 구현을 목표로 하여 학습한다. 이를 위해서, FET를 기반으로하는 증폭기들의 주파수 특성, 차동 증폭기, 궤환회로, OP amp의 내부회로 및 아날로그 필터회로를 배우며, 이들 회로의 해석과 설계능력을 배양한다.",,,,전자회로 1,True,True,False,False,False,True,target_department_and_target_course,missing_main_textbook,0.25
45549,2022,전북대학교,공과대학,전자공학부(나노전자공학),전자회로실험,3,1학기,3,2,2,전공필수,"전자회로에서 학습한 이론을 실험을 통하여 확인함으로써 이론에 대한 이해를 깊게 하며, 이론과 측정치의 차이를 규명함으로써 간략화된 이론 및 측정 오차 등의 한계를 인식하도록 한다. 또한 피측정 회로의 설계 방법 및 구현 방법, 부품에 대한 이해, 측정 장비의 사용법 등을 익혀 전자회로의 구현 능력을 배양한다.",,,,전자회로 1,True,True,True,False,False,True,target_department_and_target_course,missing_main_textbook,0.25
45550,2022,전북대학교,공과대학,전자공학부(나노전자공학),전자회로실험,3,1학기,3,2,2,전공필수,"Course objectivesUpon successful completion of this course, students will be able to:Design electronic circuits with diodes, transistors, and operational amplifiers. Build and test electronic circuits.",,,,전자회로 1,True,True,True,False,False,True,target_department_and_target_course,missing_main_textbook,0.25
45551,2022,전북대학교,공과대학,전자공학부(나노전자공학),전자회로실험,3,1학기,3,2,2,전공필수,"전자회로에서 학습한 이론을 실험을 통하여 확인함으로써 이론에 대한 이해를 깊게 하며, 이론과 측정치의 차이를 규명함으로써 간략화된 이론 및 측정 오차 등의 한계를 인식하도록 한다. 또한 피측정 회로의 설계 방법 및 구현 방법, 부품에 대한 이해, 측정 장비의 사용법 등을 익혀 전자회로의 구현 능력을 배양한다.",,,,"회로이론, 전자회로 1",True,True,True,False,False,True,target_department_and_target_course,missing_main_textbook,0.25
45556,2022,전북대학교,공과대학,전자공학부(나노전자공학),제어시스템설계,3,2학기,3,3,0,전공선택,"Root Locus와 주파수 응답의 원리를 배우고, 제어공학기초에서 배운 이론을 적용하여 실제 제어기를 설계하는 방법을 배운다.",,,,제어공학기초,True,False,True,False,False,True,target_department_and_foundational_course,missing_main_textbook,0.25
45557,2022,전북대학교,공과대학,전자공학부(나노전자공학),제어시스템설계,3,2학기,3,3,0,전공선택,"주파수 영역에서의 시스템 해석법을 간단하게 배우고, 본 강의에서는 상태공간에서 시스템을 해석하는 방법과 제어기 설계하는 방법에 대하여 집중적으로 다룬다.",,,,제어공학기초,True,False,True,False,False,True,target_department_and_foundational_course,missing_main_textbook,0.25
45559,2022,전북대학교,공과대학,전자공학부(나노전자공학),컴퓨터구조,3,1학기,3,3,0,전공선택,"본 과정은 현대의 디지털컴퓨터의 구성요소를 소개하며, 각 요소들의 기능과 상호동작을 이해하는데 중점을 두어 컴퓨터 프로그래머로서 프로그래밍 환경을 잘 이해할 수 있도록 하고, 하드웨어 설계개념을 습득하여 고성능 컴퓨터 설계를 위한 기본 개념과 기술들을 접할 수 있도록 한다.",,,,"디지털 논리 회로, C언어기초",True,True,False,True,False,True,target_department_and_target_course,missing_main_textbook,0.25
45560,2022,전북대학교,공과대학,전자공학부(나노전자공학),컴퓨터네트워크,3,2학기,3,3,0,전공선택,컴퓨터와 네트워크의 결합에 의한 컴퓨터 상호간 통신을 목적으로 구성된 컴퓨터 네트워크를 프로토콜(소프트웨어) 중심으로 학습한다.,,,,"컴퓨터구조, C언어, 데이터통신",True,True,False,False,False,True,target_department_and_target_course,missing_main_textbook,0.25
45561,2022,전북대학교,공과대학,전자공학부(나노전자공학),통신공학,3,1학기,3,3,0,전공선택,Studies on analog communications theory and systems.,,,,Signals and Systems; Circuits 1 & 2,True,True,False,False,False,True,target_department_and_target_course,missing_main_textbook,0.25
45562,2022,전북대학교,공과대학,전자공학부(나노전자공학),통신공학,3,1학기,3,3,0,전공선택,"아나로그 또는 디지탈 파형을 갖는 정보 신호를 유,무선 통신 매체를 이용하여 전송하는 방법(변조)을 이해한다.그리고 유,무선 통신 매체를 통해서 전송되면서 왜곡된 정보 신호를 복원하는 방법(복조)를 이해한다.통신 신호의 설계 및 성능 분석을 위해 통신 신호를 시간 축 영역과 주파수 축에서 표현하고 해석하는 방법을 이해한다.",,,,"전지가기학 , 전자회로 ,신호 및 시스템",True,True,False,False,False,True,target_department_and_target_course,missing_main_textbook,0.25
45563,2022,전북대학교,공과대학,전자공학부(나노전자공학),통신공학,3,1학기,3,3,0,전공선택,"통신공학의 기본이론을 학습하고, Matlab을 이용한 실습 및 라디오 제작을 통해 이론을 확인한다. 신호해석의 기본이 되는 Fourier 변환을 복습하고, 변조 및 복조의 개념, 잡음해석, 진폭변조, 주파수변조, 위상변조에 대해 학습하고 실험장치를 이용하여 실습한다. 디지털 통신이론의 개요을 소개한다.",,,,신호및시스템,True,True,False,False,False,True,target_department_and_target_course,missing_main_textbook,0.25
45564,2022,전북대학교,공과대학,전자공학부(나노전자공학),확률및통계,3,1학기,3,3,0,전공선택,"전자정보공학 엔지니어를 위한 확률 및 통계 이론을 다룬다. 주요 내용은 확률, 조합, 랜덤 변수, 모멘트, 각종 부등식, 통계, 회귀 분석, 가설검사를 포함한다.",,,,,True,False,True,False,False,True,target_department_and_foundational_course,missing_main_textbook,0.3333333333333333
45565,2022,전북대학교,공과대학,전자공학부(나노전자공학),확률및통계,3,1학기,3,3,0,전공선택,"전자정보공학 엔지니어를 위한 확률 및 통계 이론을 다룬다. 주요 내용은 확률, 조합, 랜덤 변수, 모멘트, 각종 부등식, 파라미터 추정 및 신뢰구간을 포함한다.",,,,,True,False,True,False,False,True,target_department_and_foundational_course,missing_main_textbook,0.3333333333333333
45566,2022,전북대학교,공과대학,전자공학부(나노전자공학),회로이론 1,2,1학기,3,3,0,전공필수,"The course offers an introduction to the basic principles of electrical engineering. It is the first part of computer oriented circuit analysis using Matlab. It try to meets a great demand for electrical and computer engineers, especially in the internet field, also for power engineers to work in electric utility companies, and for facility engineers to work in the industrial areas.",,김용권. (2014). 회로이론. 퍼스트북,,,True,True,False,False,False,True,target_department_and_target_course,missing_main_textbook,0.25
45567,2022,전북대학교,공과대학,전자공학부(나노전자공학),회로이론 1,2,1학기,3,3,0,전공필수,회로 이론은 전자정보공학 모든 분야의 기본이 되는 기초 학문으로서 이에 대한 확고한 개념을 파악하고 있어야만 더욱심화된 전공 분야를 이해할 수 있다. 이를 위해 본 과정에서는 전기의 흐름 및 회로 해석에 대한 기본 개념과 회로에 관한 정리 등의 이론을 습득한다.,,김용권. (2014). 회로이론. 퍼스트북,,,True,True,False,False,False,True,target_department_and_target_course,missing_main_textbook,0.25
45568,2022,전북대학교,공과대학,전자공학부(나노전자공학),회로이론 1,2,1학기,3,3,0,전공필수,"Having successfully completed this course, students would be able to understand basic analysis of DC electric circuits",,,,,True,True,False,False,False,True,target_department_and_target_course,missing_main_textbook,0.3333333333333333
45570,2022,전북대학교,공과대학,전자공학부(나노전자공학),회로이론 2,2,2학기,3,3,0,전공선택,"Having successfully completed this course, the students would be able to understand Basic Analysis for AC Electric Circuits",,,,Understanding of 1) engineering mathematics and 2) DC electric circuit analysis technique,True,True,False,False,False,True,target_department_and_target_course,missing_main_textbook,0.25
45571,2022,전북대학교,공과대학,전자공학부(나노전자공학),회로이론 2,2,2학기,3,3,0,전공선택,"회로이론 1 에서 학습한 직류 회로 해석법을 기초로 교류 회로 해석을 다룬다교류 해석, 주파수 응답, 라플라스 변환과 푸리에 변환, 그리고 2포트 회로망에 대해서 강의한다.",,,,회로이론 1,True,True,False,False,False,True,target_department_and_target_course,missing_main_textbook,0.25
45572,2022,전북대학교,공과대학,전자공학부(나노전자공학),회로이론 2,2,2학기,3,3,0,전공선택,회로이론 1에서 공부한 직류회로 해석을 토대로 교류 회로 해석을 익힌다.,,,,회로이론 1,True,True,False,False,False,True,target_department_and_target_course,missing_main_textbook,0.25
45574,2022,전북대학교,공과대학,전자공학부(나노전자공학),마이크로프로세서및실험,3,1학기,3,2,2,전공선택,"Firstly, Intorduction of the basic HW strusture in microprocessor and basic C language review will be given.Secondly, SW which is related with HW for data into micro processor as well as from microprocessor will be studied.And then, training for making the application programming will be given.",,,,C language basics,True,True,True,False,False,True,target_department_and_target_course,missing_main_textbook,0.25
45575,2022,전북대학교,공과대학,전자공학부(나노전자공학),디지털통신시스템,3,2학기,3,3,0,전공선택,"This course is a continuation of “Analog Communications and Lab” taught in the spring semester. The area of digital communications systems can involve variety of topics extending over several layers OSI. In fact, two more courses are required to discuss them all. In this course, however, the topics are selected so that it can be limited to physical layer aspects such as modulation techniques, channel effect, and signal detection. In addition, the basic concepts of Fourier transform and probability theory are also reviewed so that students can utilize them when working on sampling, bandwidth, power spectral density, bit error probability, signal to noise ratio and such. Also, in order to grasp the current development in the related study area, the digital communications systems like OFDM, CDMA, QAM, are also investigated.",,,,Signals and systems; Communication systems; Probabilities and statistics.,True,True,False,False,False,True,target_department_and_target_course,missing_main_textbook,0.25
45576,2022,전북대학교,공과대학,전자공학부(나노전자공학),디지털통신시스템,3,2학기,3,3,0,전공선택,디지털 통신 시스템의 구조와 전반적인 동작과정에 대해 이해하는 것을 목표로 함.,,Osvaldo Simeone. (). 6CCS3COS Communication Systems. King's College London,,"확률, 신호및시스템",True,True,False,False,False,True,target_department_and_target_course,missing_main_textbook,0.16666666666666666
45577,2022,전북대학교,공과대학,전자공학부(나노전자공학),디지털통신시스템,3,2학기,3,3,0,전공선택,"잡음이 상존하는 환경에서 정보의 전송 및 저장, 그리고 복원을 위한 디지털 통신시스템을 다룬다. 이를 위해 선로부호, 대역제한채널 특성 분석, 파형정형, 정합 필터를 소개하고, MPSK, QAM 등 주요 전송방식의 원리 및 성능 시뮬레이션 방법을 학습한다.",,,,신호및 시스템,True,True,False,False,False,True,target_department_and_target_course,missing_main_textbook,0.25
45578,2022,전북대학교,공과대학,전자공학부(나노전자공학),창의적공학설계입문,1,2학기,3,3,0,전공선택,공학적 문제를 인식하고 창의적으로 해결할 수 있는 설계능력 배양,,,,,True,False,True,False,False,True,target_department_and_foundational_course,missing_main_textbook,0.3333333333333333
45582,2022,전북대학교,공과대학,전자공학부(나노전자공학),디지털신호처리,3,2학기,3,3,0,전공선택,이산신호 및 선형 시불변 시스템에 대한 수학적인 표현 및 처리 방법을 공부한다.수집된 데이터의 분석 기법을 토대로 신호처리분야 연구에 필요한 기본적인 소양을 배양한다.,,,,신호및시스템,True,True,False,False,False,True,target_department_and_target_course,missing_main_textbook,0.25
45585,2022,전북대학교,공과대학,전자공학부(나노전자공학),디지털시스템설계,4,1학기,3,3,0,전공선택,"디지털시스템의 디자인 원리를 logic 및 register 수준에서 이해하고, 이를 구현하기 위한 도구로써 HDL(Verilog)의 사용법과 응용을 배운다. 프로젝트수행을 통해 주어진 topic의 전체 디자인 과정을 이해한다.",,Samir Palnitkar. (2003). Verilog HDL. Sun Microsystems,,"창의적공학설계입문,디지털논리설계",True,True,True,False,False,True,target_department_and_target_course,missing_main_textbook,0.16666666666666666
45586,2022,전북대학교,공과대학,전자공학부(나노전자공학),아날로그집적회로설계,4,1학기,3,3,0,전공선택,"아날로그 집적회로를 위한 설계방법 및 시뮬레이션 기법, 레이아웃 방법를 숙지한 후, 아날로그 시스템에서 가장 기본적인 회로인 증폭기 및 연산증폭기의 동작원리 및 Large/Small 해석하여 설계능력을 배양한 후, 대표적인 아날로그 응용회로인 Flash A/D converter를 설계하고자 하며, 최적의 전원공급을 위한 PMIC(Power Management Integrated Circuit)에 대하여 학습하고자 한다.",,,,"창의적공학설계입문, 회로이론, 전자공학",True,True,True,False,False,True,target_department_and_target_course,missing_main_textbook,0.25
45587,2022,전북대학교,공과대학,전자공학부(나노전자공학),임베디드시스템,3,2학기,3,3,0,전공선택,임베디드 리눅스 환경에서의 소프트웨어 개발을 학습한다. 이를 위하여 먼저 가상환경에서 리눅스를 설치하고 운용하는 방법을 학습한다. 이후 리눅스 환경에서의 프로그래밍에 대하여 학습한다.,,,,"C언어기초, 디지털논리설계",True,True,False,False,False,True,target_department_and_target_course,missing_main_textbook,0.25
45588,2022,전북대학교,공과대학,전자공학부(나노전자공학),제어공학기초,3,1학기,3,3,0,전공선택,"자동제어 기술은 각종 제조업 분야에서의 효율적인 설비 운전뿐만 아니라 자동차, 항공기, 로봇 산업 등 첨단 과학 분야의 핵심 기술이다. 이와 같이 현대 산업사회에 있어서 그 응용 범위가 날로 확대되어 가고 있는 필수불가결한 분야의 학문을 공학적인 측면에서 설계하고 해석하기 위한 것이 이 과목의 학습목표이다. 제어시스템 해석에 관련된 시스템 모델 방법, 제어시스템의 특징, 시간 영역에서의 제어시스템 해석방법 및 주파수 영역에서의 시스템 해석 방법에 대하여 다룬다. 또한 제어시스템에서 필수적인 안정도 해석 방법 및 오차 해석 방법에 대해서도 다룬다. 제어공학의 이론적인 배경인 Laplace Transform 및 선형 대수학의 기본이론을 강의하며, 현대 제어에서의 상태 방정식에 의한 제어 시스템 해석으로 확장하여 소개한다.",,,,신호및시스템,True,True,False,False,False,True,target_department_and_target_course,missing_main_textbook,0.25
45589,2022,전북대학교,공과대학,전자공학부(나노전자공학),제어공학기초,3,1학기,3,3,0,전공선택,"자동제어 기술은 각종 제조업 분야에서의 효율적인 설비 운전뿐만 아니라 자동차, 항공기, 로보트 산업 등 첨단 과학 분야의 핵심 기술이다. 이와 같이 현대 산업사회에 있어서 그 응용 범위가 날로 확대되어 가고 있는 필수불가결한 분야의 학문을 공학적인 측면에서 설계하고 해석하기 위한 것이 이 과목의 학습목표이다. 제어시스템 해석에 관련된 시스템 모델 방법, 제어시스템의 특징, 시간 영역에서의 제어시스템 해석방법 및 주파수 영역에서의 시스템 해석 방법에 대하여 다룬다. 또한 제어시스템에서 필수적인 안정도 해석 방법 및 오차 해석 방법에 대해서도 다룬다. 제어공학의 이론적인 배경인 Laplace Transform 및 선형 대수학의 기본이론을 강의하며, 현대 제어에서의 상태 방정식에 의한 제어 시스템 해석으로 확장하여 소개한다.",,,,신호및시스템,True,True,False,False,False,True,target_department_and_target_course,missing_main_textbook,0.25
45590,2022,전북대학교,공과대학,전자공학부(나노전자공학),기초회로실험,2,2학기,3,2,2,전공필수,"저항, 콘덴서,코일 및 다이오드로 구성된 여러가지 형태의 기초 전기회로망에서 입력 (전류,전압)신호와 출력(전류,전압)신호의 관계를 이해한다. 그리고 전기 회로 의 저항소자값 및 전류,전압 측정을 할 수 있는 계측기 사용법을 배워 전기회로 저항소자값 및 입,출력 신호의 전류와 전압값을 측정하고 , 전류 및 전압값들의 시간축에서의 변화를 보여 주는 입,출력 신호 파형을 관찰하면서 원하는 신호를 발생시킬 수 있는 전기회로를 설계하는 방법을 배운다. A ND,OR, NOT 의 기본 논리와 Ka rna ugh ma p을 이용해 디지탈 논리회로를 설계한다. 논리회로 설계용 S W 를 이용해서 회로 결과의 timing s imula tion을 한 후 TTL 소자를 이용하여 HW 회로를 구성 후 결과를 오실로스코프로 확인한다.",,,,"창의적공학설계입문,회로이론 1",True,True,True,False,False,True,target_department_and_target_course,missing_main_textbook,0.25
45591,2022,전북대학교,공과대학,전자공학부(나노전자공학),기초회로실험,2,2학기,3,2,2,전공필수,"회로이론과 논리회로에서 배운 내용을 실험을 통해 확인한다. 이를 위해 실험에 필요한 장비(오실로스코프, 직류전원 공급장치, 함수 발생기, 디지털 멀티미터, 브레트 보드)의 사용법을 공부한다. 저항, 콘덴서, 코일등의 수동 소자의 특성에 대해 공부하고, 접지 개년, 부하 효과, 시간 응딥과 주파수 응답, R,L,C 공진 회로의 특성 등 어낼로그 소자를 이용한 기본 회로의 특성을 배운다. 아울러 TTL IC의 전기적인 특성, TTL IC를 이용한 응용 회로(부호기와 복호기, Flipflop, Counter, Sfifterregister)를 제작하고 이들의 특성을 배운다.",,,,"창의적공학설계입문, 회로이론1",True,True,True,False,False,True,target_department_and_target_course,missing_main_textbook,0.25
45592,2022,전북대학교,공과대학,전자공학부(나노전자공학),기초회로실험,2,2학기,3,2,2,전공필수,"전자공학 입문 학생들을 위한 오실로스코프, 파워 서플라이 등의 기초 장비 교육부터 회로이론 및 디지털 논리 회로와 관련된 기초 회로 실험을 순차적으로 진행한다.",,,,"회로이론 1, 디지털 논리 회로",True,True,True,False,False,True,target_department_and_target_course,missing_main_textbook,0.25
45595,2022,전북대학교,공과대학,전자공학부(나노전자공학),기초회로실험,2,2학기,3,2,2,전공필수,"회로이론과 논리회로에서 배운 내용을 실험을 통해 확인한다. 이를 위해 실험에 필요한 장비(오실로스코프, 직류 전원 공급 장치, 함수 발생기, 디지털 멀티 미터, 브레트 보드)의 사용법을 공부한다. 저항, 콘덴서, 코일 등의 수동 소자의 특성에 대해 공부하고, 접지 개념, 부하 효과, RC 회로의 시간 응딥과 주파수 응답, RLC 공진 회로의 특성 등 아날로그 소자를 이용한 기본 회로의 특성을 배운다. 아울러 디지털 회로(부호기와 복호기, Flipflop, Counter, shiftregister)를 제작하고 이들의 특성을 배운다.",,,,"창의적공학설계입문, 회로이론1",True,True,True,False,False,True,target_department_and_target_course,missing_main_textbook,0.25
45597,2022,전북대학교,공과대학,전자공학부(나노전자공학),로봇공학,4,1학기,3,3,0,전공선택,"최근 각광받고 있는 로봇공학에 대해 설명하고 산업 발전에 큰 공헌을 한 Manipulator 제어를 위한 공간 표현 및 변환, 기구학, 궤적 생성 등에 대해 배운다. 이론으로 배운 내용을 휴머노이드 제작 및 제어에 적용해 보며 실제적인 활용 능력을 배양한다. 또한, 최신 연구 동향에 따라 이동 로봇 시스템을 소개하고 자율 주행 제어를 위한 이동 경로 생성 기법에 대해 배운다.",,박재병. (2019). 지능형 이동 로봇 제작 및 실험.,,,True,True,False,False,False,True,target_department_and_target_course,missing_main_textbook,0.25
45600,2022,전북대학교,공과대학,전자공학부(나노전자공학),IT융복합종합설계,4,2학기,3,2,2,전공선택,"This lecture is designed for providing the capability of problem solving by letting the students select, analyze, design, and implement a subject of the project, based on the knowledge gained from lectures of Electronics Engineering Program.",,,,"창의적공학설계입문, 전자회로실험, 기초회로실험",True,False,True,False,False,True,target_department_and_foundational_course,missing_main_textbook,0.25
45601,2022,전북대학교,공과대학,전자공학부(나노전자공학),IT융복합종합설계,4,1학기,3,2,2,전공선택,"This lecture is designed for providing the capability of problem solving by letting the students select, analyze, design, and implement a subject of the project, based on the knowledge gained from lectures of Electronics Engineering Program.",,,,"창의적공학설계입문, 전자회로실험, 기초회로실험",True,False,True,False,False,True,target_department_and_foundational_course,missing_main_textbook,0.25
45602,2022,전북대학교,공과대학,전자공학부(나노전자공학),디지털논리공학,2,1학기,3,3,0,전공선택,Digital 회로 설계에 필요한 논리회로의 개념과 해석 능력을 습득한다.이를 토대로 digital 논리 소자를 사용하여 마이크로프로세서를 비롯한 각종 논리 회로를 설계할 수 있는 지식을 습득한다.,,,,,True,True,False,False,False,True,target_department_and_target_course,missing_main_textbook,0.3333333333333333
45605,2022,전북대학교,공과대학,전자공학부(나노전자공학),반도체디스플레이공학,4,2학기,3,3,0,전공선택,디스플레이공학의 기초 원리 및 공정 이해,,김억수 외. (). 디스플레이공학개론.,,"물리전자공학, 나노전자소자",True,True,False,False,False,True,target_department_and_target_course,missing_main_textbook,0.16666666666666666
45744,2022,전북대학교,공과대학,전자공학부(나노전자공학),딥러닝,3,2학기,3,3,0,전공선택,"4차 산업혁명 시대인 오늘날, 다양한 산업 분야에서 IT융합 기술들이 주목을 받고있다. 본 교과목에서는 IT융합의 필수 요소기술 중 하나인 딥러닝 개론에 해당하는 내용을 배우고, 이를 생체신호분석 및 영상처리 분야에 적용하는 것을 목표로 한다. 이를 위하여, CNN(convolutional neural network)과 FCN(fully convolutional network)을 활용한 영상 분류(image classification), 물체 검출(object detection), 세그멘테이션(segmentation)등의 전반적인 딥러닝 기법들에 대하여 다룰 예정이다. 또한, 이와 같은 요소기술들을 이용하여 ECG(또는 PPG) 생체신호를 분석하고, 영상 데이터를 만드는 생성 모델을 다룸으로써, 딥러닝 기술이 생체신호분석 또는 영상처리 분야와 어떻게 융합될 수 있는지 배운다.",,데이비드 포스터 지음. (2020). 미술관에 GAN 딥러닝. 한빛미디어,,,True,True,False,True,False,True,target_department_and_target_course,missing_main_textbook,0.25
45745,2022,전북대학교,공과대학,전자공학부(나노전자공학),기초RFIC설계,4,1학기,3,3,0,전공선택,Introduction to modern wireless systemsUnderstanding of microwave theory and radio freqeuncy (RF) integrated circuits Design of RF building blocksDesign of modern wireless systems,,,,"회로이론, 전자기학, 전자회로, 반도체물리전자",True,False,True,False,False,True,target_department_and_foundational_course,missing_main_textbook,0.25
45746,2022,전북대학교,공과대학,전자공학부(나노전자공학),시스템및메모리반도체,4,2학기,3,3,0,전공선택,"메모리및시스템반도체는 기존산업과 미래유망산업인 스마트 및 융합이라는 사물인터넷, 스마트카,웨어러블디바이스, 로봇등 ICT 핵심부품으로써 다양한 산업들의 경쟁력에 미치는 파급효과는 대단히 높은 학문분야이다. 그러므로 메모리및시스템반도체를 설계/제작/테스트 관련된 내용들에 대하여 학습하고 또한 차세대 메모리 소자의 동작 원리 이해 및 뉴로모픽 시스템 동작을 이해하고, 인공지능 핵심 소자인 SRAM 기반 시냅스 소자 등의 시스템 및 메모리반도체 소자 및 회로 학습함으로써 미래 육성산업 및 연구분야에 대한 인재양성에 기여 하고자 한다.",,조순동. (2010). 최신 VLSI 설계. 한빛미디어,,"전자회로, 집적회로1, 회로이론",True,True,False,False,False,True,target_department_and_target_course,missing_main_textbook,0.16666666666666666
45747,2022,전북대학교,공과대학,전자공학부(나노전자공학),데이터구조및프로그래밍실습,2,1학기,3,3,0,전공선택,효율적인 프로그래밍을 위하여 자료구조와 기본적인 알고리즘에 대하여 학습하고 이를 이용하여 전자공학 전공에서 다루는 주요한 문제에 대하여 프로그래밍 실습을 진행한다.,,,,C언어기초,True,True,False,False,False,True,target_department_and_target_course,missing_main_textbook,0.25
45749,2022,전북대학교,공과대학,전자공학부(나노전자공학),데이터구조및프로그래밍실습,2,1학기,3,3,0,전공선택,"이 수업에서는 프로그래밍 기초와 데이터 구조 및 알고리즘을 학습한다.우리가 다룰 내용은 알고리즘을 설계하는 방법, 알고리즘을 구현하는 방법, 동작을 분석하는 방법, 문제 해결 방법 등이다.이를 위한 알고리즘 분석 기법, 기본 데이터 구조, 재귀, 동적 프로그래밍, 정렬, 검색, 트리 및 그래프에 대해 학습한다.프로그래밍을 위한 일부 도구(MarkDown, Jupyter 노트북, Visual Studio, etc.)의 사용법을 배운다.",,"천인국, 공용해, 하상호 . (2019). 파이썬으로 쉽게 풀어쓴 자료구조. 생능출판사",,C언어기초,True,True,False,False,False,True,target_department_and_target_course,missing_main_textbook,0.16666666666666666
45750,2022,전북대학교,공과대학,전자공학부(나노전자공학),반도체물리전자,3,1학기,3,3,0,전공선택,"1. 결정과 반도체 물성의 기초(도체, 반도체, 절연체의 전도 특성 차이, 격자구조 등)2. 양자역학의 기초3. 고체의 양자자이론4. 반도체 내의 캐리어에 대한 이해5. PN junction diode의 구조 및 동작특성에 대한 이해",,권기영. (2019). 핵심이 보이는 반도체 공학. 한빛아카데미,,"일반물리학, 전자회로1",True,True,False,False,False,True,target_department_and_target_course,missing_main_textbook,0.16666666666666666
46138,2022,전북대학교,공과대학,컴퓨터공학부,산학실전캡스톤,4,2학기,3,3,0,전공선택,"기업/산업 현장에서 도출된 기술적 문제를 프로젝트를 통해 연구/개발하여 실무 경험과 문제해결 능력을 배양산업 현장에서 요구되는 기술 스택 및 배경 지식을 구체적으로 파악하고, 해당 기술/지식에 대한 습득 동기를 부여우수 프로젝트 결과물은 SW등록, 논문발표, 특허 등록을 지원",,,,,True,False,True,False,False,True,target_department_and_foundational_course,missing_main_textbook,0.3333333333333333
46140,2022,전북대학교,공과대학,컴퓨터공학부,인공지능개론및실습,2,2학기,3,3,0,전공선택,"SW중심대학사업 융합/연계전공(예정) 학생을 대상으로 하는 교과목으로 SW학과(컴퓨터공학부, IT지능정보공학과, 소프트웨어공학과)학생은 수강할 수 없는 과목임. 본 강좌는 인공지능이 무엇인지 살펴보고, 프로그래밍 실습을 통해 인공지능과 관련한 기초 지식 습득하고 활용할 수 있는 능력을 배양. 또한, 최신 인공지능 결과물을 살펴보며 각 융합/연계 분야에서 적용할 수 있는 능력을 키움.",,,,,True,True,False,True,False,True,target_department_and_target_course,missing_main_textbook,0.3333333333333333
46142,2022,전북대학교,공과대학,소프트웨어공학과,마이크로프로세서,3,1학기,3,3,0,전공선택,"저전력을 요하는 기존의 휴대형 기기(스마트폰 등)와 생활가전에 많이 사용되는 ARM (CortexM3) 아키텍처에 대한 전반적인 이해와 시스템 설계시 고려해야 하는 개발 환경, 프로그래밍 방법 등을 학습한다.소프트웨어 엔지니어에게 필요한 하드웨어에 대한 이해를 목표로 한다.(수강신청시 유의사항. 매주 조별 과제가 있어서 타과생들은 불리할 수 있습니다.)",,히언. (2013). Embedded Recipes. 코너북,,디지털논리 및 컴퓨터구조,True,True,False,False,False,True,target_department_and_target_course,missing_main_textbook,0.16666666666666666
46143,2022,전북대학교,공과대학,소프트웨어공학과,선형대수학,2,2학기,3,3,0,전공선택,"소프트웨어 공학과 학생들의 전공에 도움이 되는 벡터, 행렬, 벡터공간 등에 대해 공부한다. 이런 기초적인 행렬이론을 바탕으로 역행렬, 선형변환, 직교행렬, 고유값, 고유벡터에 대한 이론을 습득한다.(타과생 수강 신청시 유의사항 : Python 또는 C언어나 Matlab 과 같은 프로그래밍 언어를 사용한 과제 있을 수 있으며, 타과생에게 불리할 수 있음.)",,,,수학2 (또는 미분적분학),True,False,True,False,False,True,target_department_and_foundational_course,missing_main_textbook,0.25
46144,2022,전북대학교,공과대학,소프트웨어공학과,운영체제,3,1학기,3,3,0,전공필수,"컴퓨터 운영체제의 기본원리를 이해하고, 이를 활용하는 능력을 갖도록 한다. 운영체제의 기본 요소들인 프로세스 관리, 가상 메모리, 파일 관리 등을 다루며, 특히 운영체제의 중요성 또는 구조를 이해하거나 활용할 수 있는 이론적인 방법과 해석적 구조를 이해한다.",,,,,True,True,False,True,False,True,target_department_and_target_course,missing_main_textbook,0.3333333333333333
46145,2022,전북대학교,공과대학,소프트웨어공학과,자료구조,2,1학기,3,3,0,전공필수,"This course will offer the first set of essential survival skills for a computer scientist. Upon successfully completing the course, students will feel comfortable giving answers to the following basic everyday computer science questions:(1) How do we represent the realworld data to be processed by computer programs(2) How do we write computer programs to efficiently process these data representations (3) How do we analyze computer programs",,,,,True,True,False,False,False,True,target_department_and_target_course,missing_main_textbook,0.3333333333333333
46147,2022,전북대학교,공과대학,소프트웨어공학과,컴퓨터구조,2,2학기,3,3,0,전공선택,"컴퓨터의 데이터 표현 방법부터 컴퓨터 병렬 구조까지 컴퓨터 구조를 이해하는 데 필요한 전반적인 내용을 다룹니다. 학생들이 다양한 개념을 통해서 컴퓨터 기본 이론 >> 구성장치 >> 컴퓨터 동작 과정 순으로 단계별로 이해하는데 목적이 있으며, 소프트웨어공학과 학생들이 컴퓨터 시스템의 동작 원리와 구조, 구성장치를 학습하는 데 그 목적이 있습니다.(타과생 유의사항 : 이 과목은 소프트웨어 공학과 전공과목이며, 조별 과제가 있을 예정입니다.)",,,,"이산수학(또는 디지털 논리, 임베디드시스템개론)",True,True,False,True,False,True,target_department_and_target_course,missing_main_textbook,0.25
46148,2022,전북대학교,공과대학,소프트웨어공학과,컴퓨터네트워크,4,1학기,3,3,0,전공선택,네트워크와 관련된 기본과정에서 부터 TCP/IP 이론 및 네트워크를 구성하기 위한 네트워크 프로토콜 분석에 대해 학습한다.인터넷에서 사용하고 있는 TCP/IP 프로토콜에 대한 전반적인 내용을 학습하여 다양한 응용을 지원하는 네트워크 통신 기술들에 대한 공부를 하는 것이 목표이다.,,,,데이터통신,True,True,False,False,False,True,target_department_and_target_course,missing_main_textbook,0.25
46149,2022,전북대학교,공과대학,소프트웨어공학과,프로그래밍언어론,4,1학기,3,3,0,전공선택,"프로그래밍언어들의 기본원리를 이해하고 학습한다. 이론적/논리적인 측면에서 프로그래밍언어의 정의, 역사, 기본 개념을 바탕으로 다양한 프로그래밍언어의 패러다임에 대한 이해와 학습을 포함하며, 고급 프로그래밍 언어의 컴파일 과정에서의 어휘분석과 구문분석 과정에 대한 기초 개념과 프로그래밍 언어를 이용한 알고리즘 설계 기법에 대하여 학습한다.",,"ALLEN B.TUCKER , ROBERT E. NOONAN. (2008). Programmming Languages. 생능출판사",,"C, JAVA 프로그래밍 언어",True,True,False,False,False,True,target_department_and_target_course,missing_main_textbook,0.16666666666666666
46150,2022,전북대학교,공과대학,소프트웨어공학과,확률및통계,3,1학기,3,3,0,전공선택,확률과 통계의 주요 이론을 충실히 배우고이를 다양한 문제 풀이를 통해 해결 능력 제고기본적인 개념 습득과 활용에 초점을 맞춤,,,,,True,False,True,False,False,True,target_department_and_foundational_course,missing_main_textbook,0.3333333333333333
46151,2022,전북대학교,공과대학,소프트웨어공학과,이산수학,2,1학기,3,3,0,전공선택,"이산수학은 컴퓨터및 정보공학의 주요이론에 대한 기초적인 수학 지식을 배운다. 많은 다양한 정보를 추상적인 생각에서 객관적인 모델로 구현하는데 이산수학이 필요하다. 본 교과목에서는 집합이론, 기초 논리, 그래프, 관계, 함수 등에 이론을 배우며 이에 대한 응용범위를 알아본다.",,임은기외 7명. (2007). 이산수학 및 응용. 한티미디어,,,True,False,True,False,False,True,target_department_and_foundational_course,missing_main_textbook,0.25
46152,2022,전북대학교,공과대학,소프트웨어공학과,데이터베이스,3,1학기,3,3,0,전공선택,데이터베이스의 기본원리를 학습하고 데이터베이스를 사용하는 것을 통해 원리에 대한 이해를 높인다,,,,,True,True,False,True,False,True,target_department_and_target_course,missing_main_textbook,0.3333333333333333
46154,2022,전북대학교,공과대학,소프트웨어공학과,데이터통신,3,2학기,3,3,0,전공선택,컴퓨터네트워크에 관한 기초지식을 습득한다,,,,,True,True,False,False,False,True,target_department_and_target_course,missing_main_textbook,0.3333333333333333
46155,2022,전북대학교,공과대학,소프트웨어공학과,창의적공학설계입문,1,2학기,3,3,0,전공선택,"본 강좌는 소프트웨어공학 분야에 입문한 공학도들에게 강의와 팀별 프로젝트를 통하여 창의적 문제 해결 방법을 직간접적으로 체험하도록 함으로써 공학자로서의 올바른 마인드를 형성하도록 하고 창의적 사고 능력을 배양시키며, 향후 공학도로서 업무 현장에서 생길 수 있는 다양한 문제들에 대해 전체적으로 조망하고 이에 창의적으로 대처해 나갈 수 있는 기본적인 소양을 갖도록 한다.(프로젝트(설계) 교과목으로서의 목표) 설계학점 3학점으로 되어 있는 기초 프로젝트 교과목이므로 선정한 주제에서 요구하는 필요조건과 설계 구성요소 및 현실적 제한조건을 반영한 프로젝트를 팀 단위로 수행하여야 한다.",,,,해당없음,True,False,True,False,False,True,target_department_and_foundational_course,missing_main_textbook,0.3333333333333333
46156,2022,전북대학교,공과대학,소프트웨어공학과,C++프로그래밍,1,2학기,3,3,0,전공선택,"C언어의 응용, C++의 기본적인 지식에서 부터 객체지향언어의 전반적인 내용을 숙지하고(특히, 캡슐화, 정보은닉, 다형성, 상속과 같은 객체 지향의 핵심적인 개념을 완벽하게 이해하고) 충분한 프로그래밍 실습을 통하여 객체지향 언어로서의 응용력을 기른다. 객체지향 언어(MFC, JAVA, .Net 등)를 배우기 위한 기본을 다지며, Object 중심의 프로그래밍 기법에 대해 익힌다.(사전 이해도에 따라 강의 내용과 방향이 조정될 수 있음.)",,전북대학교WEUP사업단. (). 여성공학인을 위한 단계적으로 배우는 C프로그래밍 연습.,,C언어,True,True,False,False,False,True,target_department_and_target_course,missing_main_textbook,0.16666666666666666
46157,2022,전북대학교,공과대학,소프트웨어공학과,JAVA프로그래밍,2,1학기,3,3,0,전공선택,본 강의에서는 최근 SW개발에서 가장 많이 사용되고 있는 객체지향 프로그래밍 언어인 Java언어를 학습한다. 객체지향언어를 이용한 소프트웨어 설계와 구현에 대한 원칙과 이론을 학습하고 이를 Java를 이용하여 구현한다. 본 강의는 모바일 어플리케이션을 포함한 각종 소프트웨어 개발에 필요한 프로그래밍의 기초를 다지는 것을 목표로 한다.,,,,"C언어(필수), C++ (권장)",True,True,False,False,False,True,target_department_and_target_course,missing_main_textbook,0.25
46159,2022,전북대학교,공과대학,소프트웨어공학과,임베디드시스템개론,2,1학기,3,3,0,전공선택,어떠한 마이크로프로세서나 실시간 운영체제 그리고 소프트웨어 설계 방법론을 사용하든지에 상관없이 임베디드 시스템 소프트웨어에 대한 기본적인 원리는 같기 때문에 이 수업을 통해 어떠한 임베디드 시스템 프로젝트에도 적용할 수 있는 기본적인 원리를 다루는데 초점을 맞춘다.,,. (2019). 따라 하면서 배우는 아두이노. 한빛아카데미,,"디지털공학, 일반물리학1, 일반물리학실험1",True,True,False,False,False,True,target_department_and_target_course,missing_main_textbook,0.16666666666666666
46160,2022,전북대학교,공과대학,소프트웨어공학과,모바일앱프로그래밍,3,1학기,3,3,0,전공선택,모바일 앱프로그래밍 교과목에서는 다음의 수업의 목표를 갖고 있습니다. 스마트 기기에서 가장 널리 사용되고 있는 안드로이드 운영체제의 특성에 대한 이해 Google에서 제공하는 안드로이드 SDK를 활용한 안드로이드 앱 프로그래밍을 위한 지식 학습 실제 앱을 제작하여 안드로이드 프로그래밍 실력을 향상,,"천인국. (2022). 그림으로 쉽게 설명하는 안드로이드 프로그래밍. 생능출판우재남, 박길식. (2022). Android Studio를 활용한 안드로이드 프로그래밍. 한빛아카데미",,,True,True,False,False,False,True,target_department_and_target_course,missing_main_textbook,0.25
46161,2022,전북대학교,공과대학,소프트웨어공학과,소프트웨어공학개론,2,1학기,3,3,0,전공필수,"소프트웨어공학은 신뢰성있는 고품질의 소프트웨어를 효율적인 비용으로 개발하고 이를 운용·유지보수·폐기하는 전 과정에 적용되는 시스템적 접근 방안을 의미한다. 소프트웨어공학의 영역은 소프트웨어 개발에 관련된 소프트웨어 요구사항, 설계, 개발, 테스트, 유지보수 영역과 개발 지원 및 조직화와 관련된 형상관리, 프로젝트 관리, 소프트웨어 프로세스, 품질 등으로 구성된다. 소프트웨어공학의 기본 개념과 원리를 소개하고, 둘째로는 현재 사용되고 있는 기법과 도구들을 소개하며, 셋째로는 새로운 소프트웨어 개발 방법론인 객체지향 소프트웨어공학 기법과 소프트웨어 공학의 주요 과제들을 소개함으로써 소프트웨어공학에 관한 이해를 증진시킨다.",,유철중 외 5인 역. (2013). 소프트웨어공학 이론과 실제 4판. 도서출판 한산,,해당없음,True,True,False,False,False,True,target_department_and_target_course,missing_main_textbook,0.25
46162,2022,전북대학교,공과대학,소프트웨어공학과,소프트웨어공학캡스톤프로젝트,4,1학기,3,2,2,전공선택,"본 과목은 기초설계와 요소설계 교과목에서 학습한 내용을 토대로 종합설계(켑스톤디자인)를 수행하는 교과목으로 소프트웨어 엔지니어로서 소프트웨어를 개발함에 있어서 요구사항 분석, 설계, 구현, 확인 및 검증을 체계적인 프로세스와 유효한 산출물들 생성하는 방법을 통해 익힘으로써 양질의 소프트웨어 프로덕트를 제작할 수 있고, 팀별 협업을 통하여 창의적 아이디어 도출을 위한 의사소통 능력과 협업 능력 배양을 목표로 한다.",,,,"창의적공학설계입문(기초설계 3학점), 요소설계 6학점 이상(총 설계 9학점 이상), 현대디자인의 이해(3학점)",True,True,True,False,False,True,target_department_and_target_course,missing_main_textbook,0.25
46166,2022,전북대학교,공과대학,소프트웨어공학과,컴퓨팅문제와알고리즘,3,2학기,3,3,0,전공필수,"기본적인 알고리즘을 이해하고, 주어진 컴퓨팅 문제에 습득한 알고리즘을 적용하여 최적의 해를 구하는 것을 목적으로 한다. 또한, 적용 알고리즘의 성능을 비교하고 다양한 문제에 적절한 알고리즘을 선택할 수 있는 능력을 배양한다.",,"R.E. Neapolitan(도경구역). (2015). 알고리즘 기초(Foundations of algorithms), 5th edition. Jones and Bartlett Leaning(홍릉과학출판사)",,"C언어, 자바, 자료구조",True,True,False,True,False,True,target_department_and_target_course,missing_main_textbook,0.16666666666666666
46167,2022,전북대학교,공과대학,소프트웨어공학과,소프트웨어시스템보안,4,1학기,3,3,0,전공선택,보안의 기본이론을 배우고 과제를 통하여 보안기술에 대한 이해를 높인다,,,,,True,True,False,False,False,True,target_department_and_target_course,missing_main_textbook,0.3333333333333333
46168,2022,전북대학교,공과대학,소프트웨어공학과,소프트웨어시스템분석및설계,3,2학기,3,3,0,전공필수,"소프트웨어 시스템의 개발은 분석, 설계, 구현 3가지 단계의 반복적이고 점진적인 과정을 통해 이루어 진다. 본 강좌에서는 시스템을 분석하고 설계하는데 고려되어야 하는 이슈들과 함께 분석 및 설계를 위하여 사용되는 방법론들과 기법들에 대하여 다룬다. 특히 UML(Unified Modeling Language)을 이용한 객체 지향 소프트웨어 개발과 관련된 사항을 중점적으로 다루며, 실제 사례를 통한 학습을 통하여 시스템 전체에 대한 분석 및 설계가 가능한 인력 양성을 목표로 한다.",,Leszek A. Maciaszek. (2001). Requirements Analysis and System Design. Addison Wesley,,"소프트웨어공학개론, JAVA프로그래밍",True,False,True,False,False,True,target_department_and_foundational_course,missing_main_textbook,0.16666666666666666
46170,2022,전북대학교,공과대학,소프트웨어공학과,머신러닝,2,2학기,3,3,0,전공선택,"○ 인공지능의 개념 이해, 머신러닝의 종류와 동작원리 이해, 머신러닝의 응용 ○ 인공지능 및 머신러닝의 알고리즘 이해와 구현",,,,,True,True,False,True,False,True,target_department_and_target_course,missing_main_textbook,0.3333333333333333
46185,2022,전북대학교,공과대학,산업정보시스템공학과,데이터베이스설계,3,1학기,3,3,0,전공선택,Theories about database design and implementation together with DBMS,,,,,False,True,True,True,False,True,strong_ai_cs_course_outside_target_department,missing_main_textbook,0.3333333333333333
46192,2022,전북대학교,공과대학,산업정보시스템공학과,통계데이터분석,2,2학기,3,3,0,전공선택,"* 본 강좌는 이러닝(온라인) 강좌로 개설되었으며 대부분의 강의가 온라인 강의(http://ieilms.jbnu.ac.kr/)로 진행되며 과목 소개, 중간고사, 기말고사는 오프라인 강의를 병행한다.본 교과목에서는 통계 자료의 분석을 위한 기초 확률 및 통계 이론을 바탕으로 추정, 가설 검정 등 기초적 추정 통계학 방법론을 배우고 또한 변수간의 상관관계, 회귀분석, 분산분석, 범주형 자료분석 등을 다루어 관련 분야에 응용할 수 있는 능력을 배양한다.",,,,,False,True,True,True,False,True,strong_ai_cs_course_outside_target_department,missing_main_textbook,0.3333333333333333
46197,2022,전북대학교,공과대학,산업정보시스템공학과,데이터분석과 R,2,2학기,3,3,0,전공선택,데이터마이닝에서 사용되는 기본적인 알고리즘을 공부하고 이를 R로 구현해봄으로써 데이터분석에 대한 이해를 향상시킨다.,,,,,False,True,False,True,False,True,strong_ai_cs_course_outside_target_department,missing_main_textbook,0.3333333333333333
46763,2022,전북대학교,공과대학,토목/환경/자원.에너지공학부(환경공학),환경빅데이터관리,3,2학기,3,3,0,전공선택,환경 및 이와 연계한 과학분야에서 보편적으로 활용하는 기본 통계지식을 전달하고 환경 데이터의 처리 방법을 배운다.,,,,,False,True,False,True,True,True,strong_ai_cs_course_outside_target_department,missing_main_textbook,0.3333333333333333
46952,2022,전북대학교,공과대학,IT지능정보공학과,운영체제,3,1학기,3,3,0,전공필수,운영체제의 구조 및 프로세스 관리에 대한 전반적인 내용을 학습합니다.,,Remzi ArpaciDusseau 외. (2018). Operating Systems: Three Easy Pieces. CreateSpace,,"C언어기초, 시스템 프로그래밍",False,True,False,True,False,True,strong_ai_cs_course_outside_target_department,missing_main_textbook,0.16666666666666666
46953,2022,전북대학교,공과대학,IT지능정보공학과,인공지능,4,2학기,3,3,0,전공선택,This course is an introduction to artificial intelligence including machine learning.,,이건명. (2018). 인공지능: 튜링 테스트에서 딥러닝까지. 생능출판,,"All students have to know at least one programming language such as C++, Java, or Python.All machine learning practices must be done in Python.",False,True,False,True,False,True,strong_ai_cs_course_outside_target_department,missing_main_textbook,0.16666666666666666
46956,2022,전북대학교,공과대학,IT지능정보공학과,컴퓨터구조,2,2학기,3,3,0,전공필수,"본 과정은 현대의 디지털컴퓨터의 구성요소를 소개하며, 각 요소들의 기능과 상호동작을 이해하는데 중점을 두어 컴퓨터 프로그래머로서 프로그래밍 환경을 잘 이해할 수 있도록 하고, 하드웨어 설계개념을 습득하여 고성능 컴퓨터 설계를 위한 기본 개념과 기술들을 접할 수 있도록 한다.",,Dominic Sweetman. (2007). See MIPS Run. Elsevier,,,False,True,False,True,False,True,strong_ai_cs_course_outside_target_department,missing_main_textbook,0.25
46957,2022,전북대학교,공과대학,IT지능정보공학과,컴퓨터구조설계,3,2학기,3,2,2,전공선택,"디지털 설계와 컴퓨터아키텍처를 결합하여 마이크로프로세서를 구축하는 과정을 습득하며, 마이크로프로세서의 동작원리를 완전히 이해한다.",,"Patterson, Hennessy. (2009). Computer Organization and Design. ElsevierVolnei A. Pedroni. (2009). Circuit Design with VHDL. 한빛미디어",,컴퓨터구조,False,True,True,True,False,True,strong_ai_cs_course_outside_target_department,missing_main_textbook,0.16666666666666666
46959,2022,전북대학교,공과대학,IT지능정보공학과,컴퓨터알고리즘,3,1학기,3,3,0,전공필수,본 과목은 문제해결을위한 알고리즘을 설계하고 그 알고리즘을 분석하여 최적의 알고리즘을 구현할 수 있는 방법을 공부하며 각각의 알고리즘에 대한 time complexity 계산방법을 공부한다.,,,,자료구조,False,True,False,True,False,True,strong_ai_cs_course_outside_target_department,missing_main_textbook,0.25
46966,2022,전북대학교,공과대학,IT지능정보공학과,데이터베이스,3,2학기,3,3,0,전공선택,"대량의 데이타로부터 데이타베이스를 구축하고, 구축된 데이타베이스로부터 효율적인 데이타 검색을 가능하게 하는 이론을 습득",,"Ramakrishnan 저, 송병호 역. (2000). 데이타베이스 관리시스템. 이한출판사",,,False,True,False,True,False,True,strong_ai_cs_course_outside_target_department,missing_main_textbook,0.25
46967,2022,전북대학교,공과대학,IT지능정보공학과,데이터마이닝,4,2학기,3,3,0,전공선택,This course aims to provide students the concept of data mining and its real applications.,,"PangNing Tan, Michael Steinbach, Anuj Karpatne, Vipin Kumar. (2019). Introduction to Data Mining. Pearson",,"Basic linear algebra, Basic computer algorithmAll students have to know basic programming skills with Python or Java language",False,True,False,True,False,True,strong_ai_cs_course_outside_target_department,missing_main_textbook,0.16666666666666666
46970,2022,전북대학교,공과대학,IT지능정보공학과,정보보호,4,2학기,3,3,0,전공선택,"암호기술, 암호화폐, 블록체인 등을 배우는 것을 통해 정보보호에 대한 이해를 높인다※ 비대면 원격수업(실시간강의)으로 진행됨.",,,,,False,True,False,True,False,True,strong_ai_cs_course_outside_target_department,missing_main_textbook,0.3333333333333333
47817,2022,전북대학교,농업생명과학대학,농경제유통학부(식품유통학),빅데이터분석의이해,2,2학기,3,3,0,전공선택,본 과목은 빅데이터 분석에 필요한 통계적 지식과 원시데이터에서 유용한 정보를 얻기 위해 필요한 R 운용능력을 배양하는데 목적이 있다.,,,강의교재 없음유인물(ppt자료)을 통해 학습이 가능함,식품자원 통계학통계학 지식이 없으면 본 강좌가 학습하기가 어려울 것임.,False,True,False,True,True,True,strong_ai_cs_course_outside_target_department,missing_main_textbook,0.16666666666666666
49186,2022,전북대학교,상과대학,경영학과,빅데이터마케팅,4,2학기,3,3,0,전공선택,,,"김창수, 송민정. (2017). 빅데이터 경영론. 학현사",,,False,True,False,True,True,True,strong_ai_cs_course_outside_target_department,missing_learning_objective;missing_main_textbook,0.3333333333333333
51891,2022,전북대학교,자연과학대학,반도체과학기술학과,반도체공정,3,1학기,3,3,0,전공필수,The purpose of this course is to provide students with technical background on silicon process technology.,,,"1. 'Silicon processing V4,' by S. Wolf, Lattice Press2. 'Materials Science of thin films,' by M. Ohring3. 'Microchip manufacturing,' by S. Wolf","반도체재료, 반도체소자",True,True,False,False,False,True,target_department_and_target_course,missing_main_textbook,0.16666666666666666
51898,2022,전북대학교,자연과학대학,반도체과학기술학과,반도체연구특론 2,4,2학기,3,0,6,전공선택,반도체 실습분야의 연구과제 수행을 통한 학습,,,,,True,True,False,False,False,True,target_department_and_target_course,missing_main_textbook,0.3333333333333333
52536,2022,전북대학교,자연과학대학,통계학과,데이터마이닝,4,1학기,3,3,0,전공선택,"데이터마이닝의 기본 개념 및 다양한 종류의 방법들을 배운다. 데이타마이닝 소개, 로지스틱 회귀모형, 군집 분석 연관석 분석 등 데이터 마이닝 분야에서 널리 사용되는 방법론 및 고급기법(벌점화 기법, 앙상블 등)에 대해 배운다. 실습(R)을 통해 실제 데이터 분석을 수행한다.",,,"주교재 : 강의노트참고 자료An Introduction to Statistical Learning: with Applications in R (Springer Texts in Statistics) 2nd ed. by Gareth James, Daniela Witten, Trevor Hastie, Robert TibshiraniR 데이터마이닝, 김용대, 자유아카데미","수리통계, 회귀분석",False,True,False,True,False,True,strong_ai_cs_course_outside_target_department,missing_main_textbook,0.16666666666666666
52603,2022,전북대학교,자연과학대학,통계학과,빅데이터개론,2,2학기,3,3,0,전공선택,"데이터 정리, 탐색, 추론으로 이어지는 데이터 분석의 합리적인 절차와 올바른 결과의 해석에 대하여 배우는 것을 목표로 한다. 자료의 형태 이해에 따른 수리적인 요약방법, 시각화방법에 대해 습득하고, 추론에 대한 기본 개념을 배운다. 상관관계를 이해하고 선형회귀모형 등 모델링의 기초 개념에 대해 간단히 다룬다. 학습한 개념 및 방법들을 파이썬을 이용하여 실제 데이터에 적용해 본다.",,,"1) Tintle, Chance, Cobb, Rossman, Roy, Swanon, and VanderStoep (2016) Introduction to statistical investigations. 2) Sarmento and Costa (2017) Comparative approaches to using R and Python for statistical data analysis. 3) Diez, CetinkayaRundel, and Barr (2019) OpenIntro Statistics",python입문,False,True,False,True,False,True,strong_ai_cs_course_outside_target_department,missing_main_textbook,0.16666666666666666
52663,2022,전북대학교,자연과학대학,과학학과,빅데이터윤리,2,2학기,3,3,0,전공선택,"과학기술에는 왜 윤리가 필요할까요 본 수업시간에는 오늘날 주목받고 있는 빅데이터 활동을 중심으로 왜 윤리가 필요한지, 윤리적 쟁점은 무엇인지, 어떤 윤리적 태도를 지녀야 하는지 등에 대해 알아볼 것입니다. 특히 생명 윤리와의 유사점/차이점에 주목하며, 빅데이터 수집윤리부터 활용윤리까지 데이터의 전주기에 얽힌 윤리적 이슈를 살펴볼 것입니다.",,,,,False,True,False,True,False,True,strong_ai_cs_course_outside_target_department,missing_main_textbook,0.3333333333333333
52665,2022,전북대학교,자연과학대학,과학학과,빅데이터와거버넌스,3,1학기,3,3,0,전공선택,"빅데이터 시대에 왜 거버넌스가 필요한가 어떤 거버넌스가 필요한가 본 수업은 오늘날 주목받고 있는 빅데이터 기술 및 생태계의 본질을 이해하고, 더 나은 빅데이터 생태계 구축을 위해 필요한 국내외 거버넌스를 이해하는 것을 목표로 한다.",,,,,False,True,False,True,False,True,strong_ai_cs_course_outside_target_department,missing_main_textbook,0.3333333333333333
53460,2022,전북대학교,글로벌융합대학,국제이공학부(엔지니어링사이언스),Python기반기초기계학습,3,1학기,3,3,0,전공필수,"The course aims at learning how to use and apply basic Machine Learning. The course is intended for undergraduate students who are interested in using basic Machine Learning in engineering field. Participants in this course will learn how to learn basic concept and program for the Machine Learning. This course covers fundamental Linear Algebra, Python, Optimization, Regression, Classification, etc.",,,Automate the Boring Stuff with Python,Linear algebraOptimizationStatistical and probabilistic approaches,False,True,False,True,False,True,strong_ai_cs_course_outside_target_department,missing_main_textbook,0.16666666666666666
53475,2022,전북대학교,글로벌융합대학,융합학부(IAB융합),보건의료빅데이터분석과활용,전학년,1학기,3,2,2,전공선택,"보건의료빅데이터에 대해 이해하고, 실제 자료를 분석하고 이를 활용하는 방법에 대해 알아본다",,,,,False,True,False,True,False,True,strong_ai_cs_course_outside_target_department,missing_main_textbook,0.3333333333333333
53591,2022,제주대학교,경상대학,경영정보학과,데이터사이언스개론,1,1학기,3,3,0,전공선택,,,,,,False,True,False,True,True,True,strong_ai_cs_course_outside_target_department,missing_learning_objective;missing_main_textbook,0.4166666666666667
53598,2022,제주대학교,경상대학,경영정보학과,알고리즘,2,2학기,3,3,0,전공,,최영규. (2021). 파이썬 알고리즘. 생능출판,,,,False,True,False,True,True,True,strong_ai_cs_course_outside_target_department,missing_learning_objective,0.3333333333333333
53599,2022,제주대학교,경상대학,경영정보학과,데이터베이스,2,2학기,3,3,0,전공,,박우창. (2019). MySQL로 배우는 데이터베이스개론과 실습. 한빛아카데미,,,,False,True,False,True,True,True,strong_ai_cs_course_outside_target_department,missing_learning_objective,0.3333333333333333
53604,2022,제주대학교,경상대학,경영정보학과,빅데이터분석,3,2학기,3,3,0,전공,,이지영. (2020). 데이터과학기반의 파이썬 빅데이터분석. 한빛아카데미,,,,False,True,False,True,True,True,strong_ai_cs_course_outside_target_department,missing_learning_objective,0.3333333333333333
53650,2022,제주대학교,경상대학,경영학과,경영소프트웨어와빅데이터분석,2,2학기,3,3,0,전공,,,,,,False,True,False,True,True,True,strong_ai_cs_course_outside_target_department,missing_learning_objective;missing_main_textbook,0.4166666666666667
53730,2022,제주대학교,경상대학,관광경영학과,관광정보빅데이터분석,2,2학기,3,2,2,전공,,,,"Michal Krystyanczuk, Siddhartha Chatterjee. (). Python Social Media Analytics. Matthew A. Russell. (). Mining the Social Web, 3rd Edition by Mikhail Klassen.",,False,True,False,True,True,True,strong_ai_cs_course_outside_target_department,missing_learning_objective;missing_main_textbook,0.3333333333333333
53761,2022,제주대학교,경상대학,경제학과,경제데이터분석,2,1학기,3,3,0,전공,,강기춘. (2020). Excel 및 R 활용 경제데이터 분석. 제주대학교출판부,,,,False,True,False,True,True,True,strong_ai_cs_course_outside_target_department,missing_learning_objective,0.3333333333333333
53765,2022,제주대학교,경상대학,경제학과,경제빅데이터분석론,3,1학기,3,3,0,전공,,박헌수. (). 강의노트.,,윤철호. (2021). 빅데이터 분석과 R 활용. 생능,,False,True,False,True,True,True,strong_ai_cs_course_outside_target_department,missing_learning_objective,0.25
53985,2022,제주대학교,공과대학,전기공학전공,마이크로프로세서응용설계,2,2학기,3,3,0,전공,,"김진환, 장성용, 김동식. (2020). 쉽게 배우는 AVR ATmega128 마이크로콘트롤러 (개정판). 생능출판",,이창주 외 3명. (2017). 마이크로프로세서 프로그램 실습 ATmega128. 생능출판,,True,True,True,False,False,True,target_department_and_target_course,missing_learning_objective,0.25
53998,2022,제주대학교,공과대학,전기공학전공,제어공학Ⅰ,3,1학기,3,3,0,전공,,임동진. (2019). 제어시스템공학. 생능출판,,김성중. (2018). 핵심이보이는 제어공학. 한빛아카데미검정연구회. (2013). 제어공학기사문제. 동일출판사,,True,True,False,False,False,True,target_department_and_target_course,missing_learning_objective,0.25
53999,2022,제주대학교,공과대학,전기공학전공,제어공학Ⅱ,3,2학기,3,3,0,전공,,임동진. (2019). 제어시스템공학. 생능출판,,김성중. (2018). 핵심이보이는 제어공학. 한빛아카데미이국희. (2017). 제어공학기사문제. 엔트미디어,,True,True,False,False,False,True,target_department_and_target_course,missing_learning_objective,0.25
54000,2022,제주대학교,공과대학,전기공학전공,맞춤형캡스톤디자인Ⅰ,3,2학기,3,3,0,전공,,,,,,True,False,True,False,False,True,target_department_and_foundational_course,missing_learning_objective;missing_main_textbook,0.4166666666666667
54001,2022,제주대학교,공과대학,전기공학전공,맞춤형캡스톤디자인Ⅱ,4,1학기,3,3,0,전공,,"김종오,지일구. (2016). 유인물 최신센서기술과활용. 복두",,조영열. (2018). 농가보급형 수분관리시스템. 세종,,True,False,True,False,False,True,target_department_and_foundational_course,missing_learning_objective,0.25
54003,2022,제주대학교,공과대학,전기공학전공,기초전자회로,2,2학기,3,3,0,전공,,Albert.P.Malvino. (2021). Electronic Principles. McGrawHill,,Thomas L. Floyd. (2018). Electronic Devices. Pearson김동식. (2015). 전자회로. 생능출판,,True,True,False,False,False,True,target_department_and_target_course,missing_learning_objective,0.25
54006,2022,제주대학교,공과대학,전기공학전공,회로일반,2,1학기,3,3,0,전공,,박송배. (2010). 신회로이론. 문운당,,,,True,True,False,False,False,True,target_department_and_target_course,missing_learning_objective,0.3333333333333333
54008,2022,제주대학교,공과대학,전기공학전공,회로이론,2,2학기,3,3,0,전공필수,,박 송 배. (2015). 알기쉬운 회로이론. 문 운 당,,이 병 효. (1983). 기초전기전자. 동 일 출 판 사양 흥 석 외 7인. (1993). 회로해석. 동 일 출 판 사,,True,True,False,False,False,True,target_department_and_target_course,missing_learning_objective,0.25
54010,2022,제주대학교,공과대학,전기공학전공,전기기초실험,3,1학기,2,0,4,전공필수,,신현철. (2021). 대학 전자회로 실험. 한티미디어,,"신현철,최준영. (2021). LabVolt 실험장비를 이용한 전력공학실험. 거북골",,True,False,True,False,False,True,target_department_and_foundational_course,missing_learning_objective,0.25
54011,2022,제주대학교,공과대학,전기공학전공,전기기초실험,3,1학기,2,0,4,전공필수,,신현철. (2021). 대학 전자회로 실험. 한티미디어,,"손광명,최준영. (2021). LabVolt 실험장비를 이용한 전력공학실험. 거북골",,True,False,True,False,False,True,target_department_and_foundational_course,missing_learning_objective,0.25
54012,2022,제주대학교,공과대학,전기공학전공,전기응용실험,3,2학기,2,0,4,전공필수,,,,,,True,False,True,False,False,True,target_department_and_foundational_course,missing_learning_objective;missing_main_textbook,0.4166666666666667
54013,2022,제주대학교,공과대학,전기공학전공,프로그래밍응용,2,1학기,3,3,0,전공,,천인국. (2021). (교재 1) (누구나 쉽게 즐기는) C언어 콘서트 (개정3판). 생능출판,,우재남. (2022). (교재 2) C 언어 for Beginner (개정4판). 한빛아카데미조성호. (2022). (참고도서 1) WONDER C. 인피니티북스,,True,True,False,False,False,True,target_department_and_target_course,missing_learning_objective,0.25
54015,2022,제주대학교,공과대학,전기공학전공,응용전자회로,3,1학기,3,3,0,전공,,Albert.P.Malvino. (2021). Electronic Principles. McGrawHill,,Thomas L. Floyd. (2018). Electronic Devices. Pearson김동식. (2015). 전자회로. 생능출판,,True,True,False,False,False,True,target_department_and_target_course,missing_learning_objective,0.25
54016,2022,제주대학교,공과대학,전자공학과,창의적공학설계,1,2학기,3,2,2,전공,,김은경. (2020). 창의적 공학설계. 한빛아카데미,,김대수. (2016). 창의 공학설계. 생능출판,,True,False,True,False,False,True,target_department_and_foundational_course,missing_learning_objective,0.25
54017,2022,제주대학교,공과대학,전자공학전공,디지털공학실험,2,1학기,2,0,4,전공필수,,디지털 논리회로 실험. (2014). 임석구. 한빛아카데미,,,,True,False,True,False,False,True,target_department_and_foundational_course,missing_learning_objective,0.3333333333333333
54018,2022,제주대학교,공과대학,전자공학전공,컴퓨터프로그래밍,2,1학기,3,3,0,전공,,열혈강의 C++ 프로그래밍. (2010). 윤성우. 오렌지미디어,,열혈강의 C 프로그래밍. (2010). 윤성우. 오렌지미디어,C프로그래밍 및 실습,True,True,False,False,False,True,target_department_and_target_course,missing_learning_objective,0.16666666666666666
54019,2022,제주대학교,공과대학,전자공학전공,기초전자공학실험,2,2학기,2,0,4,전공필수,,기초전자실험. (2022.04.27). 서경환. 생능출판,,,,True,False,True,False,False,True,target_department_and_foundational_course,missing_learning_objective,0.3333333333333333
54020,2022,제주대학교,공과대학,전자공학전공,전자회로,2,2학기,3,3,0,전공필수,,Electronic Principles(8th Ed.). (2016). McGrawHill. Malvino,,,회로이론1,True,True,False,False,False,True,target_department_and_target_course,missing_learning_objective,0.25
54021,2022,제주대학교,공과대학,전자공학전공,디지털시스템,2,2학기,3,3,0,전공,,"디지털공학. (2018). 김대정, 모현선. 한빛아카데미 (2018)",,,"디지털공학, 디지털공학실험",True,True,False,False,False,True,target_department_and_target_course,missing_learning_objective,0.25
54022,2022,제주대학교,공과대학,전자공학전공,전자회로실험,3,1학기,2,0,4,전공필수,,,,,"전자회로,기초전자공학실험",True,True,True,False,False,True,target_department_and_target_course,missing_learning_objective;missing_main_textbook,0.3333333333333333
54024,2022,제주대학교,공과대학,전자공학전공,반도체공학,3,2학기,3,3,0,전공,,"고체전자공학 7판. (). B.G.Streetman, S.K.Baerjee . 성진미디어",,,물리전자공학,True,True,False,False,False,True,target_department_and_target_course,missing_learning_objective,0.25
54025,2022,제주대학교,공과대학,전자공학전공,제어공학,3,2학기,3,3,0,전공,,제어 시스템 공학. (2019). 임동진. 생능출판,,"modern control systems(11th ed.), . (2010.). Pearson. R.C. DorfAutomatic Control Systems(8th ed.) . ( 2003). John Wiley & Sons. Inc., B.C. Kuo and M.F. Golnaraghi","자동제어, 공업수학",True,True,False,False,False,True,target_department_and_target_course,missing_learning_objective,0.16666666666666666
54026,2022,제주대학교,공과대학,전자공학전공,집적회로제조공정설계,3,2학기,3,2,2,전공,,"고체전자공학. (). 벤 스트리트만 저, 곽계달 역.",,DRAM 의 설계. (). 유희준 저.,,True,True,True,False,False,True,target_department_and_target_course,missing_learning_objective,0.25
54027,2022,제주대학교,공과대학,전자공학전공,컴퓨터이용회로설계,3,2학기,3,3,0,전공,,전자회로(Electronic Principles). (2016). McGrawHill. Malvino,,핵심이 보이는 전자회로 with PSPICE. (2018). 신경욱. 한빛아카데미,"응용전자회로, 전자회로실험",True,True,True,False,False,True,target_department_and_target_course,missing_learning_objective,0.16666666666666666
54028,2022,제주대학교,공과대학,전자공학전공,통신이론,3,2학기,3,3,0,전공,,,,,,True,True,False,False,False,True,target_department_and_target_course,missing_learning_objective;missing_main_textbook,0.4166666666666667
54029,2022,제주대학교,공과대학,전자공학전공,집적회로설계및실습,4,1학기,3,2,2,전공,,CMOS 디지털 집적회로 설계. (2014). 신경욱. 한빛아카데미,,CMOS VLSI Design. (2011). Neil Weste and David Harris. AddisonWesley,,True,True,True,False,False,True,target_department_and_target_course,missing_learning_objective,0.25
54030,2022,제주대학교,공과대학,전자공학전공,스마트센서공학,4,1학기,3,3,0,전공,,광전자 및 광자공학. (2013). S.O.Kasap. 퍼스트북,,,,True,True,False,False,False,True,target_department_and_target_course,missing_learning_objective,0.3333333333333333
54031,2022,제주대학교,공과대학,전자공학전공,캡스톤디자인Ⅰ,3,2학기,3,2,2,전공,,이창훈 김기수. (2012). 창의공학 설계. 한티미디어,,,기초공학설계,True,False,True,False,False,True,target_department_and_foundational_course,missing_learning_objective,0.25
54032,2022,제주대학교,공과대학,전자공학전공,캡스톤디자인Ⅱ,4,1학기,3,2,2,전공,,,,,기초공학설계,True,False,True,False,False,True,target_department_and_foundational_course,missing_learning_objective;missing_main_textbook,0.3333333333333333
54033,2022,제주대학교,공과대학,전자공학전공,딥러닝,3,2학기,3,3,0,전공,,쉬운 딥러닝. (2021). 변병현. 생능출판사,,밑바닥부터 시작하는 딥러닝. (2017). 사이토고키 . 한빛미디어,,True,True,False,True,False,True,target_department_and_target_course,missing_learning_objective,0.25
54036,2022,제주대학교,공과대학,전자공학전공,수치해석,3,1학기,3,3,0,전공,,MATLAB을 이용한 알기 쉬운 수치해석. (2021). 박태희. 생능출판,,,,True,False,True,False,False,True,target_department_and_foundational_course,missing_learning_objective,0.3333333333333333
54037,2022,제주대학교,공과대학,전자공학전공,자동제어,3,1학기,3,3,0,전공,,,,,,True,True,False,False,False,True,target_department_and_target_course,missing_learning_objective;missing_main_textbook,0.4166666666666667
54039,2022,제주대학교,공과대학,전자공학전공,마이크로프로세서,3,1학기,3,3,0,전공,,,,,,True,True,False,False,False,True,target_department_and_target_course,missing_learning_objective;missing_main_textbook,0.4166666666666667
54042,2022,제주대학교,공과대학,전자공학전공,회로이론Ⅰ,2,1학기,3,3,0,전공필수,,,,,,True,True,False,False,False,True,target_department_and_target_course,missing_learning_objective;missing_main_textbook,0.4166666666666667
54044,2022,제주대학교,공과대학,전자공학전공,신호및시스템,3,1학기,3,3,0,전공,,,,,,True,True,False,False,False,True,target_department_and_target_course,missing_learning_objective;missing_main_textbook,0.4166666666666667
54045,2022,제주대학교,공과대학,전자공학전공,회로이론Ⅱ,2,2학기,3,3,0,전공,,기초회로이론. (). 최윤식. 한빛미디어,,,"회로이론1,공업수학",True,True,False,False,False,True,target_department_and_target_course,missing_learning_objective,0.25
54046,2022,제주대학교,공과대학,전자공학전공,응용전자회로,3,1학기,3,3,0,전공,,,,,전자회로,True,True,False,False,False,True,target_department_and_target_course,missing_learning_objective;missing_main_textbook,0.3333333333333333
54047,2022,제주대학교,공과대학,전자공학전공,디지털신호처리,3,2학기,3,2,2,전공,,,,,,True,True,False,False,False,True,target_department_and_target_course,missing_learning_objective;missing_main_textbook,0.4166666666666667
54075,2022,제주대학교,공과대학,전기에너지공학과,기초통계학,1,2학기,3,3,0,전공,,"송성주,전명식. (2021. 7.). 기초통계학. 자유아카데미",,노경섭. (2022. 1.). 제대로시작하는 기초통계학. 한빛아카데미성태제. (2019. 2.). 현대기초통계학 이해와 적용. 학지사,,True,False,True,False,False,True,target_department_and_foundational_course,missing_learning_objective,0.25
54077,2022,제주대학교,공과대학,인공지능전공,인공지능개론,1,1학기,3,3,0,전공,,"한선관, 류미영, 김태령, 고병철, 서정원. (2021). 놀랍게 쉬운 인공지능의 이해와 실습. 성안당",,,,True,True,False,True,False,True,target_department_and_target_course,missing_learning_objective,0.3333333333333333
54078,2022,제주대학교,공과대학,인공지능전공,웹프로그래밍,1,2학기,3,3,0,전공,,나진호. (2022). HTML5+CSS3 실무테크닉. 성안당,,황기태. (2022). HTML5+CSS3+Javascript 웹 프로그래밍. 생능출판사,,True,True,False,False,False,True,target_department_and_target_course,missing_learning_objective,0.25
54079,2022,제주대학교,공과대학,컴퓨터공학전공,디지탈논리회로,2,1학기,3,3,0,전공,,M. Morris Mano. (2018). Digital Design(6th Edition). Pearson,,Thomas L. Floyd. (2009). Digital Fundamentals(10th Edition). Prentice HallStephen Brown외 1인. (2001). Fundamentals of Digital Logic with VHDL Design. McGraw Hill,,True,True,False,False,False,True,target_department_and_target_course,missing_learning_objective,0.25
54082,2022,제주대학교,공과대학,컴퓨터공학전공,프로그래밍언어론,3,2학기,3,3,0,전공,,원유헌. (2014). 프로그래밍 언어론. 정익사,,Mitchell. (2002). Concepts in Programming Languages. Cambridge,,True,True,False,False,False,True,target_department_and_target_course,missing_learning_objective,0.25
54083,2022,제주대학교,공과대학,컴퓨터공학전공,기초웹개발론,3,2학기,3,3,0,전공,,,,,,True,True,False,False,False,True,target_department_and_target_course,missing_learning_objective;missing_main_textbook,0.4166666666666667
54084,2022,제주대학교,공과대학,컴퓨터공학전공,스마트모바일컴퓨팅,2,2학기,3,3,0,전공,,정우기. (2022). 6세대 이동통신. 복두,,"SIMONE ALESSANDRIA외. (2021). 유인물, Flutter Cookbook[강의자료로 제공 예정]. Packt PublishingAlberto Miola. (2020). Flutter Complete Reference[강의자료로 제공 예정]. Independently Published",,True,True,False,False,False,True,target_department_and_target_course,missing_learning_objective,0.25
54085,2022,제주대학교,공과대학,컴퓨터공학전공,임베디드컴퓨팅,3,2학기,3,3,0,전공,,,,장성용. (2018). 예제로 쉽게 배우는 아두이노. 생능출판사후쿠다 카즈히로. (2018). 라즈베리 파이. 3: 입문과 실전 활용 한 권으로 끝내자!. 위키북스,,True,True,False,False,False,True,target_department_and_target_course,missing_learning_objective;missing_main_textbook,0.3333333333333333
54086,2022,제주대학교,공과대학,컴퓨터공학전공,고급웹개발론,4,1학기,3,3,0,전공,,데이비드 플래너건. (). 자바스크립트 완벽가이드. 인사이트,,,,True,True,False,False,False,True,target_department_and_target_course,missing_learning_objective,0.3333333333333333
54087,2022,제주대학교,공과대학,컴퓨터공학전공,머신러닝,4,1학기,3,3,0,전공,,,,사이토 고키. (). 맡바닥부터 시작하는 딥러닝(번역서). 한빛미디어,,True,True,False,True,False,True,target_department_and_target_course,missing_learning_objective;missing_main_textbook,0.3333333333333333
54088,2022,제주대학교,공과대학,컴퓨터공학전공,디지털영상처리,2,2학기,3,3,0,전공,,"신종홍 , 장선봉 , 지인호. (2015). 디지털 영상처리 입문 : 오감을 자극하는 3차원 입체 학습. 한빛아카데미",,,,True,True,False,False,False,True,target_department_and_target_course,missing_learning_objective,0.3333333333333333
54089,2022,제주대학교,공과대학,컴퓨터공학전공,프로젝트Lab,4,2학기,3,3,0,전공,,,,헨릭 크니버그(Henrik Kniberg). (20090506). 스크럼과XP. 인사이트,,True,False,True,False,False,True,target_department_and_foundational_course,missing_learning_objective;missing_main_textbook,0.3333333333333333
54090,2022,제주대학교,공과대학,컴퓨터공학전공,JAVA프로그래밍,2,1학기,3,3,0,전공,,"황기태 , 김효수. (2018). 명품 JAVA Programming [ 개정4판 ]. 생능출판사",,,,True,True,False,False,False,True,target_department_and_target_course,missing_learning_objective,0.3333333333333333
54091,2022,제주대학교,공과대학,컴퓨터공학전공,C 프로그래밍,2,2학기,3,3,0,전공,,,,,,True,True,False,False,False,True,target_department_and_target_course,missing_learning_objective;missing_main_textbook,0.4166666666666667
54095,2022,제주대학교,공과대학,컴퓨터공학전공,기초공학설계,1,1학기,3,3,0,전공,,"Glenn Brookshear, Dennis Brylow. (2019). 컴퓨터과학 총론(Computer Science: An Overview, 13th Edition). Pearson, 휴먼싸이언스",,김은경. (2020). 창의적 공학설계(3판). 한빛아카데미김대수. (2020). 창의공학설계. 생능출판,,True,False,True,False,False,True,target_department_and_foundational_course,missing_learning_objective,0.25
54097,2022,제주대학교,공과대학,컴퓨터공학전공,웹프로그래밍,1,2학기,3,3,0,전공,,황개태. (2022). 명품 HTML5+CSS3+Javascript 웹 프로그래밍[개정판]. 생능출판사,,,,True,True,False,False,False,True,target_department_and_target_course,missing_learning_objective,0.3333333333333333
54099,2022,제주대학교,공과대학,컴퓨터공학전공,자료구조,2,1학기,3,3,0,전공필수,,천인국 공용해 하상호. (2019). c 언어로 쉽게 풀어쓴 자료구조. 생능출판,,윤성우. (2013). 윤성우의 열혈자료구조. 오렌지미디어,,True,True,False,False,False,True,target_department_and_target_course,missing_learning_objective,0.25
54100,2022,제주대학교,공과대학,컴퓨터공학전공,객체지향프로그래밍,2,1학기,3,2,2,전공,,변영철. (). Visual C++.NET을 이용한 객체지향 프로그래밍. 한라사랑닷넷(학교 교내서점 구입가능),,,,True,True,False,False,False,True,target_department_and_target_course,missing_learning_objective,0.3333333333333333
54101,2022,제주대학교,공과대학,컴퓨터공학전공,응용확률론,2,1학기,3,3,0,전공,,고승곤 외 2인. (2009). 새일반통계학. 교우사,,한혁수. (2020). R로 쉽게 통계 배우기. 생능출판사,,True,False,True,False,False,True,target_department_and_foundational_course,missing_learning_objective,0.25
54102,2022,제주대학교,공과대학,컴퓨터공학전공,소프트웨어공학,3,1학기,3,3,0,전공필수,,김치수. (2019). 쉽게 배우는 소프트웨어 공학. 한빛아카데미,,,,True,True,False,False,False,True,target_department_and_target_course,missing_learning_objective,0.3333333333333333
54103,2022,제주대학교,공과대학,컴퓨터공학전공,알고리즘,2,2학기,3,3,0,전공필수,,문병로. (2022). <관계중심의 사고법> 쉽게 배우는 알고리즘 저 자 : 문병로. 한빛 미디어,,카일 루든. (). Mastering Algorithms with C 번역본. 한빛 미디어,,True,True,False,True,False,True,target_department_and_target_course,missing_learning_objective,0.25
54104,2022,제주대학교,공과대학,컴퓨터공학전공,시스템프로그래밍,2,2학기,3,3,0,전공,,"조충호, 이상곤. (2017). 인텔 프로세서를 위한 시스템 프로그래밍. 생능출판사",,,,True,True,False,False,False,True,target_department_and_target_course,missing_learning_objective,0.3333333333333333
54105,2022,제주대학교,공과대학,컴퓨터공학전공,컴퓨터구조,2,2학기,3,3,0,전공,,Morris M. Mano(김종상 역). (2017). 컴퓨터시스템구조(제3판). 프로텍미디아,,우종정. (2016). 컴퓨터 아키텍처. 한빛아카데미,,True,True,False,True,False,True,target_department_and_target_course,missing_learning_objective,0.25
54106,2022,제주대학교,공과대학,컴퓨터공학전공,데이터베이스,2,2학기,3,3,0,전공,,"박우창, 남송휘, 이현룡. (2021). MySQL로 배우는 데이터베이스 개론과 실습(‘오라클로 배우는 데이터베이스 개론과 실습’도 가능함). 한빛 아카데미",,이석호. (). 데이터베이스론. 정익사,,True,True,False,True,False,True,target_department_and_target_course,missing_learning_objective,0.25
54108,2022,제주대학교,공과대학,컴퓨터공학전공,SW융합캡스톤디자인Ⅰ,3,1학기,2,2,0,전공필수,,김에녹. (2005). 프로젝트 실습. 컴 앤 북,,,,True,False,True,False,False,True,target_department_and_foundational_course,missing_learning_objective,0.3333333333333333
54109,2022,제주대학교,공과대학,컴퓨터공학전공,정보통신,3,1학기,3,3,0,전공,,Behrouz A. Forouzan. (2013). Data Communications and Networking(5th Ed). McGraw Hill,,William Stalling. (2003). Data and Computer Communications (7th Edition). Prentice HalI,,True,True,False,False,False,True,target_department_and_target_course,missing_learning_objective,0.25
54110,2022,제주대학교,공과대학,컴퓨터공학전공,운영체제,3,1학기,3,3,0,전공,,조성호. (2018). 쉽게 배우는 운영체제. 한빛미디어,,,,True,True,False,True,False,True,target_department_and_target_course,missing_learning_objective,0.3333333333333333
54111,2022,제주대학교,공과대학,컴퓨터공학전공,소프트웨어분석및설계,3,2학기,3,3,0,전공,,,,Tommaso Lintrami. (2017). Unity 2017 Game Development Essentials. Packt Publishing; 3rd Revised edition edition,,True,False,True,False,False,True,target_department_and_foundational_course,missing_learning_objective;missing_main_textbook,0.3333333333333333
54112,2022,제주대학교,공과대학,컴퓨터공학전공,SW융합캡스톤디자인Ⅱ,3,2학기,2,2,0,전공필수,,양동호. (2020). 파이썬의 이해와 활용. 카피앤바인딩,,"김성백, 김민호. (2014). 창의 융합 코딩. 정보문화사",,True,False,True,False,False,True,target_department_and_foundational_course,missing_learning_objective,0.25
54113,2022,제주대학교,공과대학,컴퓨터공학전공,인공지능,3,2학기,3,3,0,전공,,,,,,True,True,False,True,False,True,target_department_and_target_course,missing_learning_objective;missing_main_textbook,0.4166666666666667
54114,2022,제주대학교,공과대학,컴퓨터공학전공,SW융합캡스톤디자인Ⅲ,4,1학기,2,2,0,전공필수,,,,,,True,False,True,False,False,True,target_department_and_foundational_course,missing_learning_objective;missing_main_textbook,0.4166666666666667
54115,2022,제주대학교,공과대학,컴퓨터공학전공,정보보안,3,2학기,3,3,0,전공,,윌리엄 스톨링. (2017). 네트워크 보안 에센셜. 진샘미디어,,장상근. (2021). 처음 배우는 네트워크 보안. 한빛미디어,,True,True,False,True,False,True,target_department_and_target_course,missing_learning_objective,0.25
54116,2022,제주대학교,공과대학,통신공학과,컴퓨터구조,3,1학기,3,3,0,전공,,김종현. (2016). 컴퓨터구조론. 생능출판,,"M.Morris MANO. (1997). Computer System Architecture. Prentice HallR.J.Baron , Lee Higbie. (1994). Computer Architecture. Addison Wesley",,True,True,False,True,False,True,target_department_and_target_course,missing_learning_objective,0.25
54117,2022,제주대학교,공과대학,통신공학과,통신이론,3,1학기,3,3,0,전공,,좌정우. (2017). 통신시스템. pdf 파일로 제공,,"좌정우. (2018). 통신시스템 이런닝 콘텐츠. 강의 이런닝 콘텐츠 제공Rodger E. Ziemer, William H. Tranter 저, 박상규, 김은수, 오성근 역. (20010). 통신이론. 교보문고",,True,True,False,False,False,True,target_department_and_target_course,missing_learning_objective,0.25
54118,2022,제주대학교,공과대학,통신공학과,기초공학설계,1,2학기,3,3,0,전공,,김은경. (2020). 창의적 공학설계 (3판). 한빛아카데미,,현승엽. (2017). 전기전자통신공학개론. 생능출판사노승환. (2014). 설계 프로세스로 배우는 창의적 공학설계. 한빛아카데미,,True,False,True,False,False,True,target_department_and_foundational_course,missing_learning_objective,0.25
54119,2022,제주대학교,공과대학,통신공학과,기초회로실험,2,1학기,3,2,2,전공필수,,"김흥수, 홍성욱. (2019). 기초회로실험. C&P",,"유태훈, 정성순. (2013). 기초회로실험 원리와 응용 9판. ITC홍순관. (2016). 기초전자실험 with PSPICE. 한빛아카데미",,True,True,True,False,False,True,target_department_and_target_course,missing_learning_objective,0.25
54121,2022,제주대학교,공과대학,통신공학과,회로이론Ⅰ,2,1학기,3,3,0,전공,,"장주욱 외 9명(J. W. Nilsson, S. A. Riedel). (2021). Electric Circuits(11판). Pearson",,David E. Johnson외 3인. (2006). Basic Electric Circuit Analysis 5th Edition. Wiley최윤호외 6인. (2019). Hayt의 회로이론 9판. McGrawHill,,True,True,False,False,False,True,target_department_and_target_course,missing_learning_objective,0.25
54123,2022,제주대학교,공과대학,통신공학과,디지털회로실험,2,2학기,3,2,2,전공필수,,"이승호, 민경옥. (2012). 단계별로 따라하며 배우는 디지털공학실험. 한빛미디어",,"임석구, 홍경호. (2012). 디지털 논리회로. 한빛미디어",,True,True,True,False,False,True,target_department_and_target_course,missing_learning_objective,0.25
54124,2022,제주대학교,공과대학,통신공학과,디지털회로실험,2,2학기,3,2,2,전공필수,,"이승호, 민경옥. (2013). 단계별로 따라하며 배우는 디지털공학실험. 한빛아카데미",,"원저자: R. L. Tokheim, 역자: 강창수 외4인. (2014). 디지털 공학 (8판). 생능출판사원저자: D. Buchla, 역자: 김응성. (2009). 최신 디지털 공학 실험 (10판). ITC",,True,True,True,False,False,True,target_department_and_target_course,missing_learning_objective,0.25
54125,2022,제주대학교,공과대학,통신공학과,신호및시스템,3,2학기,3,3,0,전공,,남승현. (2020년). 파이썬과 함께 배우는 신호와 시스템. 도서출판 홍릉(홍릉과학출판사),,"강철호, 유지상, 박호종. (2015년). 신호및시스템. 생능출판사김명진. (2018년). 신호와시슽템. 생능출판사",,True,True,False,False,False,True,target_department_and_target_course,missing_learning_objective,0.25
54126,2022,제주대학교,공과대학,통신공학과,회로이론Ⅱ,2,2학기,3,3,0,전공,,"장주욱 외 9명(J. W. Nilsson, S. A. Riedel). (2021). Electric Circuits(11판). Pearson",,David E. Johnson외 3인. (2006). Basic Electric Circuit Analysis 5th Edition. Wiley최윤호외 6인. (2019). Hayt의 회로이론 9판. McGrawHill,,True,True,False,False,False,True,target_department_and_target_course,missing_learning_objective,0.25
54127,2022,제주대학교,공과대학,통신공학과,이동통신공학,3,2학기,3,3,0,전공,,박용완외2. (2021). 이동통신공학(제5개정판). 생능출판사,,이상근. (2018). EASY LTE. 한빛아카데미,,True,True,False,False,False,True,target_department_and_target_course,missing_learning_objective,0.25
54129,2022,제주대학교,공과대학,통신공학과,통신시스템,3,2학기,3,3,0,전공필수,,좌정우. (2017). 통신시스템.,,,,True,True,False,False,False,True,target_department_and_target_course,missing_learning_objective,0.3333333333333333
54130,2022,제주대학교,공과대학,통신공학과,전파통신실험,3,1학기,3,2,2,전공필수,,양두영. (2018). 무선응용을 위한 전파통신실험. CP,,코너북. (2017). RF 기초 강의실(The Basic of RF). RFDH운영자(wwww.rfdh.com),,True,True,True,False,False,True,target_department_and_target_course,missing_learning_objective,0.25
54134,2022,제주대학교,공과대학,통신공학과,전파정보통신,2,1학기,3,3,0,전공,,양두영. (2018). 무선응용을 위한 전파통신실험. CP,,코너북. (2018). RF 기초 강의실(The Basic of RF). RFDH운영자(wwww.rfdh.com),,True,True,False,False,False,True,target_department_and_target_course,missing_learning_objective,0.25
54135,2022,제주대학교,공과대학,통신공학과,캡스톤디자인Ⅱ,4,1학기,3,3,0,전공,,,,,,True,False,True,False,False,True,target_department_and_foundational_course,missing_learning_objective;missing_main_textbook,0.4166666666666667
54136,2022,제주대학교,공과대학,통신공학과,공학수학,2,1학기,3,3,0,전공,,이연석외 22인 공역. (2019). 공학수학 5판. 한티미디어,,장윤석. (2012). 수식이 보이는 공업수학. 한빛미디어소상균. (2013). MATLAB으로 배우는 공학수학. 한빛미디어,,True,False,True,False,False,True,target_department_and_foundational_course,missing_learning_objective,0.25
54138,2022,제주대학교,공과대학,통신공학과,통신수학,2,2학기,3,3,0,전공,,이연석외 19인 공역. (2020). 공학수학. 한티미디어,,장윤석. (2012). 수식이 보이는 공업수학. 한티미디어소상균. (2013). MATLAB으로 배우는 공학수학. 한티미디어,,True,True,False,False,False,True,target_department_and_target_course,missing_learning_objective,0.25
54139,2022,제주대학교,공과대학,통신공학과,전자회로,3,2학기,3,3,0,전공필수,,진경복 외3인 역. (2016). 전자회로8판. McGrawHill Korea,,신윤기. (2002). 전자회로. 인터비젼정현기 외7인. (2009). 전자회로. 문운당,,True,True,False,False,False,True,target_department_and_target_course,missing_learning_objective,0.25
54145,2022,제주대학교,공과대학,통신공학과,확률및통계,2,2학기,3,3,0,전공,,임태진. (2021). R함수로 배우는 확률통계. 생능출판,,이연석 외 19명 공역. (2020). 공학수학. 한티미디어안기수. (2021). 엑셀로 풀어보는 생활 속의 통계학. 생능출판,,True,False,True,False,False,True,target_department_and_foundational_course,missing_learning_objective,0.25
54168,2022,제주대학교,공과대학,화학공학과,화학공학인공지능,4,2학기,3,3,0,전공,,,,오승환. (2021). 파이썬 딥러닝 텐서플로. 정보문화사조태호. (2021). 모두의 딥러닝 개정2판. 길벗,,False,True,False,True,True,True,strong_ai_cs_course_outside_target_department,missing_learning_objective;missing_main_textbook,0.3333333333333333
54364,2022,제주대학교,교육대학,초등교육과,자료구조와알고리즘,3,1학기,3,3,0,전공필수,,김종훈. (). 자체 제작.,,"김종훈 외. (2017). IT 퍼즐. 한빛미디어김종훈, 이재호 외. (2021). 엔트리와 함께하는 인공지능 교실. 홍릉",,False,True,False,True,True,True,strong_ai_cs_course_outside_target_department,missing_learning_objective,0.25
54381,2022,제주대학교,교육대학,초등교육과,정보보안과인터넷윤리,4,2학기,3,3,0,전공필수,,,,,,False,True,False,True,True,True,strong_ai_cs_course_outside_target_department,missing_learning_objective;missing_main_textbook,0.4166666666666667
54398,2022,제주대학교,교육대학,초등교육과,AI와도덕교육론,4,2학기,3,3,0,전공필수,,박형빈. (2022). 인공지능윤리와 도덕교육. 씨아이알,,한국정보통신보안윤리학회. (2021). AI 윤리. 배움터이지성. (2019). 에이트EIGHT. 차이정원,,False,True,False,True,True,True,strong_ai_cs_course_outside_target_department,missing_learning_objective,0.25
54500,2022,제주대학교,사범대학,윤리교육과,인공지능과윤리,4,2학기,3,3,0,전공,,김효은. (2019). 인공지능과 윤리. 커뮤니케이션북스(주),,"변순용, 이연희. (2020). 인공지능 윤리하다. 어문학사스티븐 핑커 외 지음/김보은 옮김. (2021). 인공지능은 무엇이 되려 하는가. 프시케의 숲",,False,True,False,True,True,True,strong_ai_cs_course_outside_target_department,missing_learning_objective,0.25
54565,2022,제주대학교,사범대학,컴퓨터교육과,디지털설계,2,1학기,3,3,0,전공필수,,"M. Morris Mano and Michael D. Ciletti. (). Digital Design (Sixth Edition). PrenticeHall, Inc.",,,,True,False,True,False,True,True,target_department_and_foundational_course,missing_learning_objective,0.3333333333333333
54570,2022,제주대학교,사범대학,컴퓨터교육과,컴퓨터프로그래밍언어,4,2학기,3,3,0,전공,,박흥복. (2013). 프로그래밍언어론. 문운당,,"Robert W. Sebesta (유원희, 하상호 옮김). (2012). 프로그래밍언어론 10판. PEARSON이흥직 지음. (2022). 흥달쌤의 문풀 프로그래밍 언어. 에듀콕스",,True,True,False,False,True,True,target_department_and_target_course,missing_learning_objective,0.25
54572,2022,제주대학교,사범대학,컴퓨터교육과,정보윤리와보안,1,2학기,3,3,0,전공,,인터넷윤리실천협의회. (2017). 인터넷윤리 3판. 엔아이컴즈,,최두진 외. (2010). 정보윤리의 이해와 실천. 한국지능정보화진흥원황성운. (2018). 정보 보안 원리 및 실습. 생능출판사,,True,True,False,False,True,True,target_department_and_target_course,missing_learning_objective,0.25
54576,2022,제주대학교,사범대학,컴퓨터교육과,웹앱프로그래밍,1,2학기,3,3,0,전공,,황기태. (2022). HTML5+CSS3+ JavaScript웹프로그래밍[개정판]. 생능,,오준석. (2021). 플러터 생존 코딩. 한빛미디어김응석. (2019). Do it! 프로그레시브 웹앱 만들기. 이지스퍼블리싱,,True,True,False,False,True,True,target_department_and_target_course,missing_learning_objective,0.25
54579,2022,제주대학교,사범대학,컴퓨터교육과,자료구조,2,1학기,3,3,0,전공필수,,윤성우. (2012). 윤성우의 열혈 자료구조. 오렌지미디어,,천인국. (2019). C언어로 쉽게 풀어 쓴 자료구조. 생능출판윤성우. (2010). 윤성우의 열혈 C 프로그래밍. 오렌지미디어,,True,True,False,False,True,True,target_department_and_target_course,missing_learning_objective,0.25
54580,2022,제주대학교,사범대학,컴퓨터교육과,객체지향프로그래밍,2,1학기,3,2,2,전공,,Paul Deitel & Harvey Deitel. (2018). Java How To Program (Elenventh Edition). Pearson Education,,,,True,True,False,False,True,True,target_department_and_target_course,missing_learning_objective,0.3333333333333333
54581,2022,제주대학교,사범대학,컴퓨터교육과,소프트웨어공학,3,1학기,3,3,0,전공필수,,최은만. (2020). 소프트웨어 공학의 모든 것. 생능,,이성구. (2020). 소프트웨어공학 기본 원리. 도서출판 홍릉정인상. (2017). 오픈소스 소프트웨어로 실습하는 소프트웨어 공학. 생능,,True,True,False,False,True,True,target_department_and_target_course,missing_learning_objective,0.25
54582,2022,제주대학교,사범대학,컴퓨터교육과,알고리즘,2,2학기,3,3,0,전공,,양성봉. (2021). 알기 쉬운 알고리즘. 생능출판,,정영식 외 12인. (2018). 중학교 정보. 씨마스김현철 외 4인. (2018). 고등학교 정보. 천재교과서,,True,True,False,True,True,True,target_department_and_target_course,missing_learning_objective,0.25
54583,2022,제주대학교,사범대학,컴퓨터교육과,시스템프로그래밍,2,2학기,3,3,0,전공필수,,김한일. (). 시스템 프로그래밍. 자체 제본,,Leland Beck. (). 한국어판 System Software. 홍릉과학출판사이기철외 2인 공저. (). 시스템 소프트웨어 이론 및 실제. 생능출판사,,True,True,False,False,True,True,target_department_and_target_course,missing_learning_objective,0.25
54584,2022,제주대학교,사범대학,컴퓨터교육과,컴퓨터구조,2,2학기,3,3,0,전공,,Randal E. Bryant and David R. O’Hallaron. (2015). Computer Systems: A Programmer’s Perspective (Third Edition). Pearson,,,,True,True,False,True,True,True,target_department_and_target_course,missing_learning_objective,0.3333333333333333
54585,2022,제주대학교,사범대학,컴퓨터교육과,데이터베이스,2,2학기,3,3,0,전공,,박찬정. (2019). MySQL 기반 데이터베이스 이론과 실습. 성민,,"박우창, 남송휘, 이현룡. (2019). MySQL로 배우는 데이터베이스 개론과 실습. 한빛아카데미홍의경. (2014). 데이터베이스 배움터. 생능",,True,True,False,True,True,True,target_department_and_target_course,missing_learning_objective,0.25
54586,2022,제주대학교,사범대학,컴퓨터교육과,SW융합캡스톤디자인Ⅰ,3,1학기,2,2,0,전공필수,,"김한일, 김성백, 김철민, 박찬정, 조정원. (2006). 협동프로젝트. 대동출판사",,"고석하. (2014). 소프트웨어 프로젝트 관리. 생능출판사양효식, 백성욱. (2020). 산학협력 프로젝트를 위한 캡스톤 디자인. 21세기사",,True,False,True,False,True,True,target_department_and_foundational_course,missing_learning_objective,0.25
54587,2022,제주대학교,사범대학,컴퓨터교육과,정보통신,3,1학기,3,3,0,전공필수,,James F. Kurose & Keith W. Ross. (). Computer Networking: A Topdown Approach (Seventh Edition). Pearson Education Asia,,"Douglas E. Comer. (). Internetworking with TCP/IP: Principles, Protocols, and Architecture. PrenticeHall, Inc.",,True,True,False,False,True,True,target_department_and_target_course,missing_learning_objective,0.25
54588,2022,제주대학교,사범대학,컴퓨터교육과,운영체제,3,1학기,3,3,0,전공,,"Stallings 저, 전광일 외 12인 역. (2015). 운영체제 내부구조 및 설계원리 (제8판). 프로텍미디어",,정영식 외 12인. (2018). 중학교 정보. 씨마스김현철 외 4인. (2018). 고등학교 정보. 천재교과서,,True,True,False,True,True,True,target_department_and_target_course,missing_learning_objective,0.25
54589,2022,제주대학교,사범대학,컴퓨터교육과,SW융합캡스톤디자인Ⅱ,3,2학기,2,2,0,전공필수,,,,고석하. (2014). 소프트웨어 프로젝트 관리. 생능,,True,False,True,False,True,True,target_department_and_foundational_course,missing_learning_objective;missing_main_textbook,0.3333333333333333
54590,2022,제주대학교,사범대학,컴퓨터교육과,인공지능,3,2학기,3,3,0,전공,,,,사이토 고키. (2017년). 밑바닥부터 시작하는 딥러닝: 파이썬으로 익히는 딥러닝 이론과 구현. 한빛미디어이건명. (2018년). 인공지능. 생능출판사,,True,True,False,True,True,True,target_department_and_target_course,missing_learning_objective;missing_main_textbook,0.3333333333333333
54591,2022,제주대학교,사범대학,컴퓨터교육과,SW융합캡스톤디자인Ⅲ,4,1학기,2,2,0,전공필수,,"김익환, 전규현. (2021). 소프트웨어 개발 필독서 세트: 프로젝트를 성공으로 이끄는 소프트웨어 스펙 작성법. 한빛미디어",,"김창완, 김화경, 이용우. (2020). 액션러닝과 디자인씽킹으로 캡스톤디자인 수업하기. 계명대학교출판부",,True,False,True,False,True,True,target_department_and_foundational_course,missing_learning_objective,0.25
54767,2022,제주대학교,사회과학대학,언론홍보학과,데이터분석과통계추론,3,1학기,3,3,0,전공,,박준석. (). 주교재1: 3일 만에 끝내는 코딩 통계. 사회평론아카데미,,이마이 코우스케. (). 주교재2: 계량 사회과학 입문 R을 활용한 데이터 분석. 에이콘출판사안도현. (). http://text.minds.kr.,,False,True,True,True,False,True,strong_ai_cs_course_outside_target_department,missing_learning_objective,0.25
54772,2022,제주대학교,사회과학대학,언론홍보학과,인공지능과커뮤니케이션,2,2학기,3,3,0,전공,,이대열. (2017). 지능의 탄생. 바다출판사,,페드로도밍고스. (2016). 마스터알고리즘. 비즈니스북스매튜리버먼. (2015). 사회적뇌 인류성공의 비밀. 시공사,,False,True,False,True,False,True,strong_ai_cs_course_outside_target_department,missing_learning_objective,0.25
54900,2022,제주대학교,생명자원과학대학,산업응용경제학과,농업빅데이터분석론,4,2학기,3,3,0,전공,,김영우. (2017). Do it! 쉽게 배우는 R 데이터 분석. 이지스퍼블리싱,,Hadley Wickham 외. (2016). R for Data Science. O'ReillyGarrett Grolemund 외. (2014). HandsOn Programming with R. O'Reilly,,False,True,False,True,True,True,strong_ai_cs_course_outside_target_department,missing_learning_objective,0.25
55018,2022,제주대학교,생명자원과학대학,분자생명공학전공,메타유전체데이터분석,3,2학기,2,0,4,전공,,"Yinglin Xia, Jun SUn DingGeng Chen. (2018). Statistical analysis of microbiome data with R. Springer",,,,False,True,False,True,True,True,strong_ai_cs_course_outside_target_department,missing_learning_objective,0.3333333333333333
56198,2022,제주대학교,자연과학대학,패션의류학과,패션코딩및데이터분석,2,1학기,1,0,2,전공,,. (). 유인물.,,임호선. (2021). 메이크코드를 활용한 웨어러블 테크 패션 (누구나 따라할 수 있는). 교문사. (). .,,False,True,False,True,False,True,strong_ai_cs_course_outside_target_department,missing_learning_objective,0.25
56217,2022,제주대학교,자연과학대학,수학과,암호학,4,2학기,3,3,0,전공,,진현성. (2019). Introduction to Applied Mathematics. CNP,,,,False,True,False,True,False,True,strong_ai_cs_course_outside_target_department,missing_learning_objective,0.3333333333333333
56229,2022,제주대학교,자연과학대학,수학과,인공지능수학및실습,2,2학기,3,2,2,전공,,진현성. (2021). 인공지능수학입문. CNP,,박해선옮김. (2018). 케라스창시자에게배우는 딥러닝. 길벗김성훈. (). Youtube 모두를 위한 딥러닝. 유투브,,False,True,False,True,False,True,strong_ai_cs_course_outside_target_department,missing_learning_objective,0.25
56231,2022,제주대학교,자연과학대학,전산통계학과,디지털논리,2,1학기,3,3,0,전공,,"임석구, 홍경호. (2015). 디지털논리회로(개정3판) : 이론,실습, 시뮬레이션. 한빛아카데미",,강철희 외 3인. (1999). 디지털논리와. 교보문고,,True,True,False,False,False,True,target_department_and_target_course,missing_learning_objective,0.25
56233,2022,제주대학교,자연과학대학,전산통계학과,통계조사방법,3,1학기,3,3,0,전공,,김수택. (2015). 표본조사설계. 자유아카데미,,,,True,False,True,False,False,True,target_department_and_foundational_course,missing_learning_objective,0.3333333333333333
56236,2022,제주대학교,자연과학대학,전산통계학과,이론통계학Ⅰ,2,1학기,3,3,0,전공,,"Hogg&Tanis 백장선&손영숙 옮김. (2021년). 수리통계학, 제10판. 자유아카데미",,"Hogg,Mckean&Craig. (2018년). Introduction to mathematical statistics, 8th edition. Pearson",,True,False,True,False,False,True,target_department_and_foundational_course,missing_learning_objective,0.25
56237,2022,제주대학교,자연과학대학,전산통계학과,이론통계학Ⅱ,2,2학기,3,3,0,전공필수,,,,,,True,False,True,False,False,True,target_department_and_foundational_course,missing_learning_objective;missing_main_textbook,0.4166666666666667
56238,2022,제주대학교,자연과학대학,전산통계학과,생물통계,2,1학기,3,3,0,전공,,박미라 외 2인. (). SPSS를 이용한 의학 데이타의 통계분석. 자유 아카데미,,,,True,False,True,False,False,True,target_department_and_foundational_course,missing_learning_objective,0.3333333333333333
56239,2022,제주대학교,자연과학대학,전산통계학과,공채코딩기초,3,2학기,3,3,0,전공,,,,,,True,True,False,False,False,True,target_department_and_target_course,missing_learning_objective;missing_main_textbook,0.4166666666666667
56241,2022,제주대학교,자연과학대학,전산통계학과,자료구조,2,1학기,3,3,0,전공필수,,이지영. (2017). C로 배우는 쉬운 자료구조. 한빛아카데미,,국형준. (2019). 데이터 구조 원리와응용. 21세기사,,True,True,False,False,False,True,target_department_and_target_course,missing_learning_objective,0.25
56242,2022,제주대학교,자연과학대학,전산통계학과,객체지향프로그래밍,2,1학기,3,2,2,전공,,황기태. (2019). 명품 자바 에센셜. 생능출판사,,,,True,True,False,False,False,True,target_department_and_target_course,missing_learning_objective,0.3333333333333333
56243,2022,제주대학교,자연과학대학,전산통계학과,소프트웨어공학,3,1학기,3,3,0,전공필수,,김치수. (2015). 쉽게 배우는 소프트웨어 공학. 한빛아카데미,,최은만. (2020). 소프트웨어 공학의 모든것. 생능출판사최은만. (2017). 객체지향 소프트웨어 공학. 한및아카데미,,True,True,False,False,False,True,target_department_and_target_course,missing_learning_objective,0.25
56244,2022,제주대학교,자연과학대학,전산통계학과,알고리즘,2,2학기,3,3,0,전공,,문병로. (2018). 쉽게 배우는 알고리즘 관계중심의 사고법. 한빛미디어,,,,True,True,False,True,False,True,target_department_and_target_course,missing_learning_objective,0.3333333333333333
56245,2022,제주대학교,자연과학대학,전산통계학과,시스템프로그래밍,2,2학기,3,3,0,전공,,이봉규. (). 강의자료 (동영상 ).,,"박영환. (2009). 임베디드시스템, 임베디드 리눅스. 사이텍미디어조유근. (2010). 시스템프로그래밍. 희중당",,True,True,False,False,False,True,target_department_and_target_course,missing_learning_objective,0.25
56246,2022,제주대학교,자연과학대학,전산통계학과,컴퓨터구조,2,2학기,3,3,0,전공,,김종현. (2019개정). 컴퓨터구조론(개정5판). 생능출판사,,,,True,True,False,True,False,True,target_department_and_target_course,missing_learning_objective,0.3333333333333333
56247,2022,제주대학교,자연과학대학,전산통계학과,데이터베이스,2,2학기,3,3,0,전공,,김연희. (2019). 데이터베이스 개론 2판. 한빛미디어,,,,True,True,False,True,False,True,target_department_and_target_course,missing_learning_objective,0.3333333333333333
56248,2022,제주대학교,자연과학대학,전산통계학과,SW융합캡스톤디자인Ⅰ,3,1학기,2,2,0,전공필수,,,,,,True,False,True,False,False,True,target_department_and_foundational_course,missing_learning_objective;missing_main_textbook,0.4166666666666667
56249,2022,제주대학교,자연과학대학,전산통계학과,정보통신,3,1학기,3,3,0,전공,,박창윤. (1998). 컴퓨터네트워크. 희중당,,,,True,True,False,False,False,True,target_department_and_target_course,missing_learning_objective,0.3333333333333333
56250,2022,제주대학교,자연과학대학,전산통계학과,운영체제,3,1학기,3,3,0,전공,,,,"구연회. (). 운영체제. 한빛출판사A. Silberschatz, J. Peterson, P. Galvin. (). Operating System Concepts. John Wiley & Sons",,True,True,False,True,False,True,target_department_and_target_course,missing_learning_objective;missing_main_textbook,0.3333333333333333
56251,2022,제주대학교,자연과학대학,전산통계학과,SW융합캡스톤디자인Ⅱ,3,2학기,2,2,0,전공필수,,,,,,True,False,True,False,False,True,target_department_and_foundational_course,missing_learning_objective;missing_main_textbook,0.4166666666666667
56252,2022,제주대학교,자연과학대학,전산통계학과,빅데이터분석,3,2학기,3,3,0,전공,,,,이지영. (2021). 데이터과학기반의 파이썬 빅데이터분석. 한빛아카데미윤철호. (2021). 빅데이터분석과 R활용. 생능,,True,True,False,True,False,True,target_department_and_target_course,missing_learning_objective;missing_main_textbook,0.3333333333333333
56254,2022,제주대학교,자연과학대학,전산통계학과,데이터마이닝,4,1학기,3,3,0,전공,,백영민. (2020). R을 이용한 텍스트마이닝. 한울,,박혜선. (2020). 혼자 공부하는 머신러닝 딥러닝. 한빛아카데미나종화. (2019). R데이터마이닝. 자유아카데미,,True,True,False,True,False,True,target_department_and_target_course,missing_learning_objective,0.25
56255,2022,제주대학교,자연과학대학,전산통계학과,정보보안,3,2학기,3,3,0,전공,,,,,,True,True,False,True,False,True,target_department_and_target_course,missing_learning_objective;missing_main_textbook,0.4166666666666667
56333,2022,제주대학교,자연과학대학,체육학과,스포츠빅데이터분석,4,1학기,3,3,0,전공,,,,"장용식, 최진호. (2020). 빅데이터 분석의 첫걸음 R코딩. 생능출판권상희. (2020). R을 이용한 웹 크롤링과 텍스트 분석. 컴원미디어",,False,True,False,True,True,True,strong_ai_cs_course_outside_target_department,missing_learning_objective;missing_main_textbook,0.3333333333333333
56373,2022,제주대학교,자연과학대학,데이터사이언스학과,고급프로그래밍,1,2학기,3,3,0,전공,,,,,,True,True,False,False,False,True,target_department_and_target_course,missing_learning_objective;missing_main_textbook,0.4166666666666667
56374,2022,제주대학교,자연과학대학,데이터사이언스학과,통계수학,1,2학기,3,3,0,전공,,,,,,True,False,True,False,False,True,target_department_and_foundational_course,missing_learning_objective;missing_main_textbook,0.4166666666666667
56375,2022,제주대학교,자연과학대학,데이터사이언스학과,SW프로그래밍기초,1,1학기,3,2,2,전공필수,,"우재남. (2018). IT CookBook, C 언어 for Beginner. 한빛아카데미",,,,True,True,False,False,False,True,target_department_and_target_course,missing_learning_objective,0.3333333333333333
56465,2022,제주대학교,해양과학대학,해양시스템공학과,인공지능개론,4,1학기,3,3,0,전공,,김용혁. (2013). 인공지능 개론. 한빛아카데미,,박광수. (2017). 처음 배우는 인공지능. 한빛아카데미,,False,True,False,True,False,True,strong_ai_cs_course_outside_target_department,missing_learning_objective,0.25
56472,2022,제주대학교,해양과학대학,해양시스템공학과,빅데이터 II,3,2학기,3,3,0,전공,,강의노트. (). .,,빅데이터 컴퓨팅 기술. (2019). 박두순. 한빛 아카데미데이터 과학 기반의 파이썬 빅데이터 분석. (2020). 이지영. 한빛아카데미,없음,False,True,False,True,False,True,strong_ai_cs_course_outside_target_department,missing_learning_objective,0.16666666666666666
56592,2022,제주대학교,단과대구분없음,블록체인보안전공,SW연계캡스톤디자인,3,2학기,3,3,0,전공,,,,,,True,False,True,False,False,True,target_department_and_foundational_course,missing_learning_objective;missing_main_textbook,0.4166666666666667
56593,2022,제주대학교,단과대구분없음,빅데이터융합전공,빅데이터기초및실습,2,1학기,3,2,2,전공,,박주미. (2020). 빅데이터 시대의 첫걸음 : 엑셀로 배우는 데이터 분석. 한빛미디어,,,,True,True,False,True,False,True,target_department_and_target_course,missing_learning_objective,0.3333333333333333
57754,2022,충남대학교,경상대학,경영학부,경영데이터분석,3,2학기,3,3,0,전공(심화),"본 과목에서는 머신러닝 기법(인공신경망, Tree 기반 방법 등)을 포함한 최신 데이터 분석 기법을 학습하며, 학습한 내용을 실제 경영 데이터에 적용해 보고 분석 결과를 바탕으로 효율적인 경영 의사결정을 도출하는 것을 목표로 함.기법들에 관한 이론적인 내용을 포함하지만 주로 개념적으로 해당 기법들을 설명하며, 심도있는 이론보다는 활용에 초점을 맞추고자 함.학습하는 기법들을 적용하기 위한 도구로서 R 프로그램을 사용하며, 기초부터 최대한 자세히 다룰 예정이므로 이에 대한 별도의 선수학습은 요구되지 않음.",,,"Business Analytics Data Analysis and Decision Making (5th Edition, Albright and Winston, Cengage)데이터마이닝 기법과 응용 (전치혁, 한나래)",없음.,False,True,False,True,True,True,strong_ai_cs_course_outside_target_department,missing_main_textbook,0.16666666666666666
58182,2022,충남대학교,공과대학,기계공학부,인공지능,3,2학기,3,2,2,전공(심화),"인공지능의 대표적인 구현도구인 기계학습에 대해 공부하고, 이를 구현할 수 있는 프로그래밍 스킬을 학습한다. 또한, 이를 응용하여 팀 프로젝트를 수행한다.",,,,프로그래밍 언어(파이썬)를 수강한 학생에게 권장합니다. 수업을 안들었을경우 수업전까지 개별적으로 학습 후 수강 바랍니다.(첫 시간 파이썬 Quiz 실시),False,True,False,True,True,True,strong_ai_cs_course_outside_target_department,missing_main_textbook,0.25
58238,2022,충남대학교,공과대학,전기공학과,모터기술융합 캡스톤디자인 I,1,1학기,3,2,2,전공,"전자기 특성이외에, 기계적특성, 재료특성 등을 고려한 모터를 팀웍을 기반으로 설계 할 수 있다.",,,,,True,False,True,False,False,True,target_department_and_foundational_course,missing_main_textbook,0.3333333333333333
58246,2022,충남대학교,공과대학,전자공학과,미래설계상담5,3,1학기,0,0,0,전공(기초),"1. 교수와 학생 간의 원활한 의사소통을 위해 미래설계상담제를 적극적으로 도입하여 학생 개개인의 각종 문제 해결은 물론, 대학 전체가 학업에 전념할 수 있는 면학분위기 조성에 이바지2. 학생 개개인의 전담 지도교수를 지정하여 학생들의 학사/생활/진로 등에 대한 교수와 학생간의 긴밀한 유대관계를 통해 학생들의 능률적인 학교생활과 졸업 후 이를 기반으로 성공적인 취업에 도달3. 체계적인 인성 교육 프로그램을 도입하여 최근 기업과 사회에서 특별히 요구하고 있는 소위 ‘인성을 갖춘 인재’ 양성4. 미래설계상담제를 통해 학생들의 대학생활에 대한 자기관리를 강조함으로써 우수학생이 평범한 학생으로 전락하여 졸업하는 현상을 예방",,,,,True,False,True,False,False,True,target_department_and_foundational_course,missing_main_textbook,0.3333333333333333
58247,2022,충남대학교,공과대학,전자공학과,미래설계상담6,3,2학기,0,0,0,전공(기초),"1. 교수와 학생 간의 원활한 의사소통을 위해 미래설계상담제를 적극적으로 도입하여 학생 개개인의 각종 문제 해결은 물론, 대학 전체가 학업에 전념할 수 있는 면학분위기 조성에 이바지2. 학생 개개인의 전담 지도교수를 지정하여 학생들의 학사/생활/진로 등에 대한 교수와 학생간의 긴밀한 유대 관계를 통해 학생들의 능률적인 학교생활과 졸업 후 이를 기반으로 성공적인 취업에 도달3. 체계적인 인성 교육 프로그램을 도입하여 최근 기업과 사회에서 특별히 요구하고 있는 소위 ‘인성을 갖춘 인재’ 양성4. 미래설계상담제를 통해 학생들의 대학생활에 대한 자기관리를 강조함으로써 우수학생이 평범한 학생으로 전락하여 졸업하는 현상을 예방",,,,없음,True,False,True,False,False,True,target_department_and_foundational_course,missing_main_textbook,0.25
58248,2022,충남대학교,공과대학,전자공학과,미래설계상담7,4,1학기,0,0,0,전공(기초),"1. 교수와 학생 간의 원활한 의사소통을 위해 미래설계상담제를 적극적으로 도입하여 학생 개개인의 각종 문제 해결은 물론, 대학 전체가 학업에 전념할 수 있는 면학분위기 조성에 이바지2. 학생 개개인의 전담 지도교수를 지정하여 학생들의 학사/생활/진로 등에 대한 교수와 학생간의 긴밀한 유대관계를 통해 학생들의 능률적인 학교생활과 졸업 후 이를 기반으로 성공적인 취업에 도달3. 체계적인 인성 교육 프로그램을 도입하여 최근 기업과 사회에서 특별히 요구하고 있는 소위 ‘인성을 갖춘 인재’ 양성4. 미래설계상담제를 통해 학생들의 대학생활에 대한 자기관리를 강조함으로써 우수학생이 평범한 학생으로 전락하여 졸업하는 현상을 예방",,,,,True,False,True,False,False,True,target_department_and_foundational_course,missing_main_textbook,0.3333333333333333
58249,2022,충남대학교,공과대학,전자공학과,미래설계상담8,4,2학기,0,0,0,전공(기초),"1. 교수와 학생 간의 원활한 의사소통을 위해 미래설계상담제를 적극적으로 도입하여 학생 개개인의 각종 문제 해결은 물론, 대학 전체가 학업에 전념할 수 있는 면학분위기 조성에 이바지2. 학생 개개인의 전담 지도교수를 지정하여 학생들의 학사/생활/진로 등에 대한 교수와 학생간의 긴밀한 유대 관계를 통해 학생들의 능률적인 학교생활과 졸업 후 이를 기반으로 성공적인 취업에 도달3. 체계적인 인성 교육 프로그램을 도입하여 최근 기업과 사회에서 특별히 요구하고 있는 소위 ‘인성을 갖춘 인재’ 양성4. 미래설계상담제를 통해 학생들의 대학생활에 대한 자기관리를 강조함으로써 우수학생이 평범한 학생으로 전락하여 졸업하는 현상을 예방",,,,없음,True,False,True,False,False,True,target_department_and_foundational_course,missing_main_textbook,0.25
58284,2022,충남대학교,공과대학,전자공학과,종합설계2,4,2학기,3,0,6,전공(심화),"1. 전자공학심화과정에서 학습한 전공지식을 활용하여 특정 주제에 대해 기초설계와 심화설계를 진행함으로써 종합적 설계 능력을 확보한다. (특정주제의 선택은 본 수강과정의 지도교수와 상호 협의하여 개별 팀(불가피한 경우 개인)이 달성 가능한 범위내의 주제로 설정함)2. 프로젝트랩1에서 설정된 주제 또는 목표에 대하여 이론검증/실험 및 제작/검증 및 평가함으로써 실무적 실험실습 능력을 확보한다. (신규로 배정된 주제 또는 목표의 경우 계획 수립, 이론 검토, 실험 및 검증의 단계를 거친다)3. 팀별 또는 개인별로 선정된 과제의 목표 달성을 위해 실험실별 프로젝트랩 구성원들 상호간 또는 구성된 팀원 상호간에 다양한 형태의 협업을 유도하여 협동심을 함양한다.4. 설계주제에 대한 정기적인 세미나를 통해 발표능력을 확보한다.",,,,"전공기초 및 전공심화 교과목, 실험실습 및 설계교과목",True,False,True,False,False,True,target_department_and_foundational_course,missing_main_textbook,0.25
58286,2022,충남대학교,공과대학,전자공학과,이동통신시스템,4,2학기,3,3,0,전공(심화),본 강의를 통하여 최신 이동통신 시스템들의 구성요소와 핵심기술들에 대하여 이해한다.,,,,"신호및 시스템, 확률 및 랜덤변수, 통신이론, 디지털통신, 데이터 통신, 통신 시스템",True,True,False,False,False,True,target_department_and_target_course,missing_main_textbook,0.25
58294,2022,충남대학교,공과대학,전자공학과,뉴로모픽 반도체소자 및 회로,1,1학기,3,3,0,전공,"o 뉴로모픽 반도체의 이해 및 연구역량 습득 뉴로모픽 반도체 소자 및 회로기술 이해 뉴로모픽 신경망 모델링, 알고리즘, 응용시스템 사례분석 및 개발능력 습득o 뉴로모픽 반도체의 개별 및 전체기술 이해 뉴로모픽과 관련한 제반 기술분야 (신경생리학, 반도체, 알고리즘, 시스템)의 핵심내용 이해 뉴로모픽반도체 관련 개별 기술간의 연계관계 이해 및 시스템개발 역량",,,"o Analog VLSI circuits and principles, SC Liu et al, MIT Press 2002o Principles of Neural Science, E.Kandel et al, McGrawHill 5th edition, 2013o Neuronal Dynamics, W.Gerstner et al, Cambridge, 2014o Dynamical Systems in Neuroscience, E.M. Izhikevich, MIT Press 2007o 주요 분야별 핵심 논문들","o 반도체 공정, 소자, 및 회로설계에 대한 기본지식 관련 핵심내용은 요약하여 리뷰 할 것이므로 관련분야 지식이 부족해도 수강이 가능토록 진행o SPICE, Python, MatLab 등의 Programming 혹은 Simulator 상기의 시뮬레이터는 전자공학 전공자들이 사용하는 일반적인 Tool을 예시로 제시한 것일 뿐, 수강을 위한 선수 (필수) 사항은 아님 상기의 시뮬레이션에 익숙한 수강자의 경우, 개별 Project 진행 및 발표 시 이를 활용할 수 있다는 뜻임",True,True,False,False,False,True,target_department_and_target_course,missing_main_textbook,0.16666666666666666
58371,2022,충남대학교,공과대학,인공지능학과,알고리즘,2,2학기,3,2,2,전공(핵심),,"Algorithms, McGRAW.HILL, S. Dasgupta, C. H. Papadimitriou, and U. V. Vazirani",,,"자료구조, 이산수학",True,True,False,True,False,True,target_department_and_target_course,missing_learning_objective,0.25
58376,2022,충남대학교,공과대학,인공지능학과,운영체제및실습,2,2학기,3,2,2,전공(핵심),"학생들이 운영체제가 무엇인지, 그리고 운영체제가 어떻게 컴퓨터를 제어해서 여러 프로그램들이 실시간으로 실행되도록 하는지를 이해하게 함. 컴퓨터 운영체제 개발자이든 컴퓨터 사용자이든 또는 프로그래머이든 간에 컴퓨터 자원을 효율적으로 사용하여야 하므로, 운영체제를 통한 컴퓨터의 동작원리를 이해하도록 지도함. 원리와 함께 Linux와 같은 상용 운영체제의 내부 구조와 기능을 사례로 소개하여 학생들이 실제적 지식을 얻도록 지도함. 컴퓨터공학과 학생들이 컴퓨터 하드웨어와 소프트웨어의 상관관계를 프로그래밍을 통해서 이해할 수 있도록 설계되었음. 주요 내용은 프로세스 관리,쓰레드 개념, 파일 관리, 파일 시스템, 입출력 관리, 인터럽트 처리 방법, 메모리 관리, 가상 메모리, 프로세스 스케줄링 등으로 구성됨. 이 과목의 실습에서는 리눅스를 활용하여 컴퓨터 운영체제의 주요 기능들을 이해하고, 활용하는 방법을 학습함",,,"(1) 교재 : Operating Systems, Internals and Design Principles (9th Ed.), William Stallings, Pearson, 2017 (8th Ed. 또는 7th Ed.도 가능)(2) 강의노트 : 충남대학교 사이버캠퍼스 운영체제및실습 과목의 '자료실' 게시판 참조","C (또는 Java) 프로그래밍, 자료구조",True,True,False,True,False,True,target_department_and_target_course,missing_main_textbook,0.16666666666666666
58389,2022,충남대학교,공과대학,컴퓨터공학과,SoC설계특강,1,1학기,3,3,0,전공,"본 과목에서는 SoC 설계기법에 대해 학습한다.최근 스마트폰으로 인해 중요성이 커지고 있는 Moblie SoC를 위한 SoC 플랫폼 및 전력관리에 대해 학습하며, 졸업 후 산업현장에서 필요한 SoC 설계 기술을 습득하는 것을 목표로 한다.",,,,"디지털시스템설계, 컴퓨터구조, 전자회로",True,False,True,False,False,True,target_department_and_foundational_course,missing_main_textbook,0.25
58560,2022,충남대학교,공과대학,전파정보통신공학과,무선임베디드시스템,3,2학기,3,3,0,전공(심화),"신호의 시간영역 표현과 주파수 영역 표현에 대해 이해한다.Discrete Fourier Transform을 통해 신호를 분석하는 방법에 대해 이해한다.Python 및 기본 디지털 신호에 대한 이해를 통해, 신호의 변조/복조에 대해 이해한다.",,,"교과서는 없으며, 강의자료를 통해 수업이 진행된다.참고문헌: The Scientist and Engineer's Guide to Digital Signal Processing By Steven W. Smith, Ph.D.","기초프로그래밍, 공학수학2, 신호및시스템",True,True,False,False,False,True,target_department_and_target_course,missing_main_textbook,0.16666666666666666
58564,2022,충남대학교,공과대학,전파정보통신공학과,정보통신특강,4,2학기,3,3,0,전공(심화),정보통신 분야의 다양한 기술에 대해 파악하고 최신 기술 동향에 대해 파악한다.,,,,,True,True,False,False,False,True,target_department_and_target_course,missing_main_textbook,0.3333333333333333
58632,2022,충남대학교,공과대학,컴퓨터융합학부,AI활용 표현과 문제해결,2,1학기,3,2,2,전공(핵심),인공지능의 현실문제에의 적용 과정에 대한 이해 및 구현 능력 배양인공지능이 다룰 수 있는 다양한 데이터와 그 표현방법 및 문제의 종류에 대한 이해실습(Lab.) 시간에는 인공지능의 도구에 대한 개념 소개 및 활용방법등을 배움,,,,프로그래밍 능력 (파이썬을 미리 공부하고 들어오면 좋음)선형대수 (기초적인 수준이면 됨),True,True,False,True,False,True,target_department_and_target_course,missing_main_textbook,0.25
58641,2022,충남대학교,공과대학,컴퓨터융합학부,실전코딩,3,1학기,2,0,4,전공(심화),일선 개발자들이 사용하는 개발환경을 그대로 활용하여 개발 프로젝트를 수행함으로써 실무 능력을 배양,,,,"사전지식이 있으면 매우 유리한 기술 : GitHub 활용, Java 프로그래밍",True,True,False,False,False,True,target_department_and_target_course,missing_main_textbook,0.25
58661,2022,충남대학교,공과대학,컴퓨터융합학부,종합설계1,4,1학기,3,2,2,전공(심화),"컴퓨터공학 전공 졸업프로젝트 주제를 대상으로 문제정의, 요구사항명세, 시스템분석, 구현 및 테스트 과정까지 일련의 프로젝트 개발 과정을 통하여 문제를 인식하고 이를 해결해나가는 전 과정을 경험해보도록 한다. 문제발견(공감과정), 문제정의, 아이디어, 프로토타입 만들기 및 테스트 등의 소프트웨어 개발 프로세스와 디자인씽킹 프로세스를 따른다.컴퓨터공학 전공과목의 특성상 코딩 능력, 테스팅 능력, GUI 개발 능력, GUI에 대한 사용자 고려/피드백을 통한 UI설계 능력 등도 중요하며, 프로토타이핑과 필드 테스트를 통한 피드백 과정을 포함하여 실제 현장에서의 프로젝트를 완성해나가는 전 과정을 수행하도록 한다.",,,,,True,False,True,False,False,True,target_department_and_foundational_course,missing_main_textbook,0.3333333333333333
58662,2022,충남대학교,공과대학,컴퓨터융합학부,종합설계2,4,2학기,3,2,2,전공(심화),"컴퓨터공학 전공 졸업프로젝트 주제를 대상으로 문제정의, 요구사항명세, 시스템분석, 구현 및 테스트 과정까지 일련의 프로젝트 개발 과정을 통하여 문제를 인식하고 이를 해결해나가는 전 과정을 경험해보도록 한다.문제발견(공감과정), 문제정의, 아이디어, 프로토타입 만들기 및 테스트 등의 소프트웨어 개발 프로세스와 디자인씽킹 프로세스를 따른다.컴퓨터공학 전공과목의 특성상 코딩 능력, 테스팅 능력, GUI 개발 능력, GUI에 대한 사용자 고려/피드백을 통한 UI설계 능력 등도 중요하며, 프로토타이핑과 필드 테스트를 통한 피드백 과정을 포함하여 실제 현장에서의 프로젝트를 완성해나가는 전 과정을 수행하도록 한다.",,,,없음,True,False,True,False,False,True,target_department_and_foundational_course,missing_main_textbook,0.25
58690,2022,충남대학교,공과대학,자율운항시스템공학과,인공지능개론,1,1학기,3,3,0,전공(기초),"본 교과목에서는 인공지능의 기본 개념을 학습하고인공지능의 여러 접근 방법 중에서 요즘 가장 주목을 받고 있는기계학습과 딥러닝의 기초 개념을 학습한다.수강자는 다음과 같은 능력을 갖추게 된다.1. 인공지능과 기계학습, 딥러닝에 대한 기본 지식 습득2. 기계학습과 딥러닝에 유용한 Matlab/Python 프로그래밍 언어에 대한 기초 지식 습득3. 기계학습과 딥러닝에 유용한 툴이나 패키지에 대한 기초 사용법 학습4. 기계학습과 딥러닝의 기본 작동 원리, 대표적인 방법론 학습5. 기계학습, 딥러닝의 적용 분야, 활용 방법에 대한 기초적인 지식 습득",,,,"미분 기초, 확률 통계 개념",False,True,False,True,False,True,strong_ai_cs_course_outside_target_department,missing_main_textbook,0.25
59522,2022,충남대학교,사범대학,전기전자통신공학교육과,전기·전자·통신 논술,2,2학기,2,2,0,전공(핵심),공업교육에서 전기전자 통신과 관련된 다양한 이슈에 대한 자신의 견해와 주장을 논리적으로 표현할 수 있다.,,,,,True,True,False,False,True,True,target_department_and_target_course,missing_main_textbook,0.3333333333333333
59530,2022,충남대학교,사범대학,전기전자통신공학교육과,전기.전자교육프로젝트,4,2학기,0,0,0,전공(심화),주어진 프로젝트를 통하여 전기전자통신공학교육관련 전공내용의 실무 적응 능력을 제고한다.,,,,,True,False,True,False,True,True,target_department_and_foundational_course,missing_main_textbook,0.3333333333333333
60205,2022,충남대학교,생활과학대학,소비자학과,소비자빅데이터분석,1,1학기,3,3,0,전공,"본 강의를 통해 데이터를 수집하고, 처리하여 분석하는 능력을 배양하고 이를 향후 자신의 연구에 활용할 수 있도록 하고자 합니다.",,,"별도의 교재는 없습니다. 강의에서 활용되는 자료의 경우, 공개된 자료의 출처를 밝힐 예정입니다.","본 강의에서는 수강 전, 기초적인 연구방법론 수준의 지식들을 갖추는 것을 요합니다. 강의에서는 시간의 제약 상 모든 내용을 자세하기 다룰 수 없기 때문에 미리 학습을 요합니다.본인이 만약 회귀분석에 대해 어느 정도 이해하고 있다면, 수강하는 데 큰 무리는 없습니다.",False,True,False,True,False,True,strong_ai_cs_course_outside_target_department,missing_main_textbook,0.16666666666666666
60996,2022,충남대학교,의과대학,의예과,인공지능과 의학,2,1학기,3,3,0,전공(핵심),의료분야에서 활용되고 있는 기계학습 및 딥러닝의 기초를 이해하여 응용할 수 있는 기초 능력을 배양한다다양한 의료분야에서의 인공 지능의 응용 사례를 학습한다의료 인공지능의 인허가 과정 및 현황을 안다인공지능 기술의 의료 적용과 관련된 법적 및 윤리적 이슈를 이해한다,,,딥메디슨의료인공지능,기계학습의 기초딥러닝의 기초,False,True,False,True,False,True,strong_ai_cs_course_outside_target_department,missing_main_textbook,0.16666666666666666
62358,2022,충남대학교,자연과학대학,스포츠과학과,스포츠데이터분석,3,2학기,3,3,0,전공(심화),"스포츠 데이터의 활용 사례, ICT 기술에 대해 이해하고 체계적 절차를 통해 데이터를 수집, 분석, 시각화, 활용하는 능력을 함양하는 것을 목표로 한다.",,,,없음,False,True,False,True,False,True,strong_ai_cs_course_outside_target_department,missing_main_textbook,0.25
62744,2022,충남대학교,단과대구분없음,신약개발학과,CAAIEChem,1,1학기,3,3,0,전공,"신약개발과 관련된 주제를 바탕으로 개별 혹은 팀별로 자율적인 발표 내용을 결정한다.이를 위해 필요한 자료 및 문헌을 검색, 정리, 발표하는 방식을 수업으로 진행된다.",,,,해당사항없음,False,True,False,True,False,True,strong_ai_cs_course_outside_target_department,missing_main_textbook,0.25
62890,2022,충남대학교,단과대구분없음,바이오AI융합학과,바이오 산업문제 기반 캡스톤 디자인,1,1학기,3,3,0,전공,바이오 분야의 문제 발굴인공지능을 활용한 발굴 문제 해결해결 문제 성과 발표를 통한 자기주도 학습역량을 함양하고 산업체 문제를 스스로 해결할 수 있는 역량을 기르는 것을 목표로 함,,,,"바이오AI 융합학과 기초 과목 및 인공지능 기초, 바이오 기초",True,False,True,False,True,True,target_department_and_foundational_course,missing_main_textbook,0.25
62891,2022,충남대학교,단과대구분없음,바이오AI융합학과,바이오AI 융합 인턴쉽,1,1학기,3,3,0,전공,To have a chance to apply the learned knowledge to a real research,,,,,True,True,False,True,True,True,target_department_and_target_course,missing_main_textbook,0.3333333333333333
62894,2022,충남대학교,단과대구분없음,바이오AI융합학과,바이오AI 융합 세미나,1,1학기,3,3,0,전공,"다양한 배경을 가지고 있는 바이오AI융합학과 학생들에게 바이오 및 인공지능 융합 분야의 최신 기술 동향, 관련 산업체의 최신 연구개발 현황 및 시장 동향, 주요 기술적 난제 등에 대한 세미나 및 특강을 제공함으로써 향후 연구논문 작성 및 진로 설계에 도움을 주고자 함",,,,,True,True,False,True,True,True,target_department_and_target_course,missing_main_textbook,0.3333333333333333
65223,2022,충북대학교,약학대학,약학과,바이오빅데이터,4,2학기,2,2,0,전공선택,"수업 및 자기주도적 발표학습을 통해, 제약을 포함한 헬스케어 산업에 필요한 빅데이터의 정의와 종류를 이해하고 산업에 어떻게 활용되는지 파악한다.1. 데이터, 빅데이터, 헬스케어 빅데이터를 이해할 수 있다.2. 헬스케어 빅데이터의 종류를 파악하고 특징을 설명할 수 있다.3. 제약 및 헬스케어 산업에서 빅데이터가 어떻게 활용되는지 파악한다.",,,"1. 이것이 헬스케어 빅데이터이다, 한현욱, 클라우드나인, 20192. 인공지능과 빅데이터의 핵심기술 개발동향과 국내외 시장 분석, IRB Global, IRB Global, 20193. 보건의료정보학, 한국의료정보교육협회, 에듀팩토리, 2018",,False,True,False,True,True,True,strong_ai_cs_course_outside_target_department,missing_main_textbook,0.25
65224,2022,충북대학교,약학대학,약학과,바이오인공지능,5,1학기,2,2,0,전공선택,이론수업 및 자기주도적 발표수업을 통한 바이오인공지능의 학습목표는 다음과 같다.빅데이터와 인공지능을 이해한다.인공지능의 기본개념을 이해한다.인공지능 기술과 방법론을 이해한다.,,,"1. 헬스케어 인공지능, 용왕식 외., 북스타, 20202. 헬스케어 인공지능과 머신러닝, 아르준 파네사, 에이콘출판사, 2020",,False,True,False,True,True,True,strong_ai_cs_course_outside_target_department,missing_main_textbook,0.25
65226,2022,충북대학교,약학대학,약학과,AI신약개발,5,2학기,2,2,0,전공선택,"강의 및 자기주도적 발표수업을 통해, 인공지능을 활용한 신약개발의 현황 및 방법론을 이해하고 및 앞으로의 전망을 파악한다.1. 신약개발 단계별 인공지능의 활용방법을 이해한다.2. 인공지능을 활용한 신약개발의 사례를 파악한다.",,,"1. Artificial Intelligence in Drug Discovery, Nathan Brown, Royal Society of Chemistry, 20212. Artificial Intelligence for Drug Development, Precision Medicine, and Healthcare, Mark Chang, CRC Press, 2020",,False,True,False,True,True,True,strong_ai_cs_course_outside_target_department,missing_main_textbook,0.25
66003,2022,충북대학교,자연과학대학,수학과,수학기반 기초 기계학습,4,1학기,3,3,0,전공선택,1. 기계학습을 위한 수학적 모델을 이해한다.2. 지도 학습(Supervised learning)에 대해 이해한다.3. 수학적 모델을 풀기 위한 수학적 알고리즘을 활용할 수 있다. 4. 파이썬(Python)을 활용할 수 있다.,,,"1. 파이썬 데이터 사이언스 핸드북, 제이크 밴더플래스, 위키북스, 20172. 점프 투 파이썬, 박응용, 이지스 퍼블리싱, 20163. Introduction to Machine Learning with Python, 안드레아스 뮐러, 세라 가이도, 한빛미디어, 20174. 25시간만에 배우는 머신러닝 예제 : 파이썬 활용, 김준석, 김상권, 한현수, 김영록, 이모션미디어, 20185. Mathematics for Machine Learning, Deisenroth, Marc Peter , Faisal, A. Aldo/ Ong, Cheng Soon, Cambridge University Press, 2020",,False,True,False,True,False,True,strong_ai_cs_course_outside_target_department,missing_main_textbook,0.25
66071,2022,충북대학교,자연과학대학,물리학과,머신러닝과 물리학,3,2학기,3,3,0,전공선택,"Matlab을 이용하여 물리문제를 수치적으로 해결하는 능력을 익히고 데이터분석, 기계학습의 기초를 익히는 것을 목표로 합니다. 대표적인 학습 주제는 다음과 같다.1. Matlab 프로그래밍 언어 기초2. 머신러닝 기초 3. 인공신경망과 딥러닝 기초수강생들의 성취도에 따라 수업진도는 달라질 수 있습니다.",,"1. 핸즈온 머신러닝, 오렐리앙 제롱, 한빛미디어, 20202. 공학도를 위한 매트랩, Holly Moore (유태훈 옮김), 퍼스트북, 2017","1. 단단한 머신러닝, 조우쯔화, , 20202. https://machinelearningforphysicists.org/, FLORIAN MARQUARDT, unpublished, 20213. https://docs.python.org/3/tutorial/, python, ,",,False,True,False,True,False,True,strong_ai_cs_course_outside_target_department,missing_main_textbook,0.16666666666666666
66211,2022,충북대학교,전자정보대학,전자공학부,종합설계 I,3,2학기,1,0,2,전공필수,"가. 목표 시스템을 설정하고 관련되는 자료를 분석하고, H/W 및 S/W 도구를 사용할 수 있다.나. 목표 시스템과 관련되어 적용된 전자공학 이론을 분석하고 응용할 수 있다.다. 2인이 팀을 구성하여 서로 협력하고 일을 분담하여 과제 전체를 완성할 수 있다. 라. 설계 시스템의 동작 원리 및 방법, 구현 방법 등을 효과적으로 전달할 수 있도록 보고서를 작성하고 발표할 수 있다.",,,"1. , , ,",,True,False,True,False,False,True,target_department_and_foundational_course,missing_main_textbook,0.25
66212,2022,충북대학교,전자정보대학,전자공학부,종합설계 I,3,2학기,1,0,2,전공필수,"· 목표 시스템을 설정하고 관련되는 자료를 분석하고, H/W 및 S/W 도구를 사용할 수 있다.· 목표 시스템과 관련되어 적용된 전자공학 이론을 분석하고 응용할 수 있다.· 2인이 팀을 구성하여 서로 협력하고 일을 분담하여 과제 전체를 완성할 수 있다. · 설계 시스템의 동작 원리 및 방법, 구현 방법 등을 효과적으로 전달할 수 있도록 보고서를 작성하고 발표할 수 있다.",,,"1. , , , 2022",,True,False,True,False,False,True,target_department_and_foundational_course,missing_main_textbook,0.25
66213,2022,충북대학교,전자정보대학,전자공학부,종합설계 I,3,2학기,1,0,2,전공필수,"가. 목표 시스템을 설정하고 관련되는 자료를 분석하고, H/W 및 S/W 도구를 사용할 수 있다.나. 목표 시스템과 관련되어 적용된 전자공학 이론을 분석하고 응용할 수 있다.다. 2인이 팀을 구성하여 서로 협력하고 일을 분담하여 과제 전체를 완성할 수 있다. 라. 설계 시스템의 동작 원리 및 방법, 구현 방법 등을 효과적으로 전달할 수 있도록 보고서를 작성하고 발표할 수 있다.",,,"1. 주제별 관련 자료를 조사함, ., ,",,True,False,True,False,False,True,target_department_and_foundational_course,missing_main_textbook,0.25
66214,2022,충북대학교,전자정보대학,전자공학부,종합설계 I,3,2학기,1,0,2,전공필수,"문제를 정의하고, 조별 프로젝트의 목표를 능동적으로 설정한다.문제해결을 위한 다양한 자료를 수집하고, 이를 체계적으로 분석한다.실험과정을 스스로 설계하고, HW 및 SW 를 활용하여 문제를 해결하고 결과를 분석한다.프리젠테이션을 통하여, 프로젝트 결과를 타인에게 효과적으로 발표하고, 결과보고서를 작성한다.",,,"1. 교재없음, 교재없음, ,",,True,False,True,False,False,True,target_department_and_foundational_course,missing_main_textbook,0.25
66219,2022,충북대학교,전자정보대학,전자공학부,종합설계II,4,1학기,2,0,4,전공필수,"가. 전자공학의 기본이론, 원리를 적용하고 필요한 H/W, S/W 도구를 이용하여 간단한 시스템을 구현할 수 있다. 나. 2인 이상이 팀을 구성하여 서로 협력하고 일을 분담하여 과제 전체를 완성할 수 있다. 다. 제작 시스템의 동작 원리 및 방법, 구현 방법 등을 효과적으로 전달할 수 있도록 보고서를 작성하고 발표할 수 있다.",,,,,True,False,True,False,False,True,target_department_and_foundational_course,missing_main_textbook,0.3333333333333333
66221,2022,충북대학교,전자정보대학,전자공학부,RF회로설계,4,1학기,3,3,0,전공선택,"(가) RF회로설계 기본이론을 이해한다.(나) 전력 증폭기,저잡음증폭기, 위상변위기 등 각종 RF회로의 원리와 특성을 이해하고 설계한다. (다) 안테나설계의 기본 이론을 이해한다.(라) 빔포밍회로 및 배열 안테나로 구성된 초고주파 안테나 모듈을 설계한다.",,"1. RF Microelectronics, Behzad Razavi, PRENTICE HALL, 2. 실무로 완성하는 최신 안테나 공학, 유태훈 (Huang & Boyle 원저), 한빛 아카데미, 2014",,,True,True,True,False,False,True,target_department_and_target_course,missing_main_textbook,0.25
66247,2022,충북대학교,전자정보대학,전자공학전공,프로젝트랩,2,2학기,0,1,0,전공선택,"가. 목표 시스템을 설정하고 관련되는 자료를 분석하고, H/W 및 S/W 도구를 사용할 수 있다.나. 목표 시스템과 관련되어 적용된 전자공학 이론을 분석하고 응용할 수 있다.다. 설계 시스템의 동작 원리 및 방법, 구현 방법 등을 효과적으로 전달할 수 있도록 보고서를 작성하고 발표할 수 있다.라. 전자공학전공 학생들의 전공 실무능력과 취업역량을 향상한다.",,,"1. , , ,",,True,False,True,False,False,True,target_department_and_foundational_course,missing_main_textbook,0.25
66252,2022,충북대학교,전자정보대학,컴퓨터공학과,C/C++프로그래밍,2,1학기,3,2,2,전공선택,The objective of the course is to present a number of fundamental techniques to learn of syntax and semantics of C++ programming language based on OOP philosophy.,,,"1. C++ Primer Plus, Stephen Prata, AddisonWesley Professional,",,True,True,False,False,False,True,target_department_and_target_course,missing_main_textbook,0.25
66293,2022,충북대학교,전자정보대학,컴퓨터공학과,산학프로젝트(종합설계),3,2학기,3,2,2,전공필수,1) To discover customer(market) centered project themes.2) To be able to describe the main process of carrying out a project development.3) To be able to systematically prepare major outputs to be created during the course of the project.4) To be able to explain the major problems expected in the project development and how to solve them.5) To be able to selfexamine students’ own ability to cooperate based on the experience gained from carrying out a project on a team level.6) To be able to use open source software for project development and management.,,,"1. https://github.com/bytecell/KoBERT, 정영섭, ,",,True,False,True,False,False,True,target_department_and_foundational_course,missing_main_textbook,0.25
66316,2022,충북대학교,전자정보대학,컴퓨터공학과,클라우드컴퓨팅,4,2학기,3,3,0,전공선택,1. 클라우드는 프라이빗(Private) 클라우드와 퍼블릭(Public) 클라우드의 관해 알아본다.프라이빗 클라우드와 퍼블릭 클라우드는 둘 다 유연하면서도 사용하기 쉬운 컴퓨팅 리소스와 IT 서비스를 제공하는 것을 목표로 하고 있다.2. 클라우드컴퓨팅의 특징을 알아본다.셀프 프로비저닝(provisioning)탄력성사용량에 따른 지불워크 로드 회복탄력성유연한 마이그레이션폭넓은 네트워크 접근성멀티 테넌시(Multitenancy) 및 리소스 풀링(Resource pooling)3.클라우드 컴퓨팅의 유형4.클라우드 컴퓨팅의 장점5.클라우드 컴퓨팅의 미래,,"1. 클라우드 컴퓨팅, 토마스 얼, 자이엄 마흐므드, 리카르토 푸티니, 에이콘출판, 2018",,,True,True,False,False,False,True,target_department_and_target_course,missing_main_textbook,0.25
66352,2022,충북대학교,전자정보대학,소프트웨어학과,프로그래밍언어론,2,2학기,3,3,0,전공선택,"After completion of this course, the student will understand the following concepts of programminglanguages such as.Syntax, SemanticsNames, Scopes, and BindingsControl flow and data types.Data abstraction.Functional programming",,,"1. Concepts of programming languages , Robert W. Sebesta, 2015 , ,",,True,True,False,False,False,True,target_department_and_target_course,missing_main_textbook,0.25
66407,2022,충북대학교,전자정보대학,소프트웨어학과,빅데이터분석시각화,4,2학기,3,3,0,전공선택,You can analyze CSV data and visualize the results by Python Libraries.,,,,,True,True,False,True,False,True,target_department_and_target_course,missing_main_textbook,0.3333333333333333
66515,2022,충북대학교,전자정보대학,정보통신공학부,임베디드IoT응용실험,4,1학기,2,0,4,전공선택,1. 정보통신 및 데이터통신의 기본을 이해할 수 있다.2. 이론 내용을 직접 실험해 봄으로써 지식 활용도를 높일 수 있다.3. 임베디드 장비를 활용한 네트워크 관련 신호 전달 및 프로토콜의 이해를 높일 수 있다.,,,"1. 추후 통보, 추후통보, ,",,True,True,True,False,False,True,target_department_and_target_course,missing_main_textbook,0.25
66524,2022,충북대학교,전자정보대학,정보통신공학부,운영체제,3,1학기,3,3,0,전공선택,"운영체제가 무엇인지, 어떤 일을 하는지, 어떻게 설계되고 구축되는지 학습한다.프로세스 스케쥴링, 프로세스간 통신, 프로세스 동기화, 그리고 교착 상태 취급을 위한 여러 방법들을 학습한다.저장 장치 관리를 위한 고전적인 내부 알고리즘들과 그 구조들에 대해 학습한다.I/O 시스템, 인터페이스, 그리고 내부 시스템 구조 및 기능들에 대해 학습한다.분산 시스템 즉, 메모리 또는 클락을 공유하지 않는 처리 기능들에 대해 학습한다.운영체제로부터 적절한 인가를 획득한 프로세스들만이 파일들, 메모리 세그먼트, CPU, 그리고 다른 자원들에 대해 적압을 하도록 보장하는 기법들에 대해 학습한다.",,"1. Operating System Concepts 8th edition, Silberschatz, Galvin, Gagne, John Wiley & Sons Inc., 2010",,,True,True,False,True,False,True,target_department_and_target_course,missing_main_textbook,0.25
66699,2022,충북대학교,융합전공,공공 데이터사이언스,공공 데이터사이언스의 이해(캡스톤디자인),3,2학기,3,3,0,전공필수,"본 과목은 데이터 사이언스 전반에 대한 이해를 위해 실무중심의 다양한 사례를 다루게 됨. 예시) 공공데이터로 무엇을 할 수 있을까 청주에서 미세먼지가 가장 심한 곳은 기본적인 분석을 위해 알아야할 기초적인 통계는 무엇이 있는가본 과목의 수강내용은 데이터 시각화, 기초통계 분석, 개인정보보호, 공공 데이터를 활용한 창업 등으로 연결됨* 학생 수준을 고려하여 일부 활용 도구나 주제의 변경이 있을 수 있음",,,"1. 데이터분석의 힘, 이토, 전선영, 이학배, 인플루엔셜, 2. 빅데이터분석기초 R을 중심으로, NIA, 2015, 3. Spotfire 초보자가이드, 김성기, 한나래,",,True,True,True,True,False,True,target_department_and_target_course,missing_main_textbook,0.25
67817,2022,충북대학교,융합전공,보안컨설팅전공,정보보호기술,2,2학기,3,3,0,전공선택,"o ""경영과 정보보호의 융합""을 목표로 경영학도 뿐만 아니라 여타 전공 학생들도 기본적으로 갖추어야 할 정보시스템 보안과 해킹 동향 등에 대한 지식과 마인드를 함양o 전세계적으로 발생하고 있는 각종 사이버 위협사례와 변화 동향을 파악함으로써 사이버 위협이 국가와 사회에 미치는 영향 및 대응 방향을 종합적으로 이해하는 기회를 제공 o 특히, 정보보호 이론과 더불어 국내외에서 실제로 발생한 사이버 위협 및 법적/물리적 대응 사례를 학습함으로써 사이버 위협이 실제로 발생하고 있으며, 이러한 사이버위협에 대응하기 위한 정보보호의 필요성과 중요성을 인식할 수 있는 계기를 마련o 또한 정보보안 기술과 함께 국내외 정보보호 정책과 전략, 보안관리 등을 이해하고 관련 산업의 현황 등을 파악함으로써 정책과 경영 마인드를 갖춘 실무형 인재를 양성",,,"1. KISA 자료실, KISA, , 2. NIST, ENISA 자료, NIST, ENISA 자료, , 3. 교재는 주차 전에 제공, 조태희, ,",,True,True,False,True,False,True,target_department_and_target_course,missing_main_textbook,0.25
