source_row_number,year,university_name,college_name,department_name,course_name,grade,semester,credit,lecture_hours,practice_hours,course_type,learning_objective,main_textbook,sub_textbook,reference_material,prerequisite_material,target_department_match,target_course_match,foundational_course_match,strong_ai_cs_course_match,excluded_department_match,final_target_keep,keep_reason
3337,2022,강원대학교,IT대학,전기전자공학과,컴퓨터프로그래밍,전학년,1학기,3,2,2,학문기초,,교재와 강의게시판은 추후공지,,,,True,True,False,False,False,True,target_department_and_target_course
3345,2022,강원대학교,IT대학,전기전자공학과,회로이론,1,2학기,3,3,0,전공선택,,회로이론; 박병국 외 3인 공역 (F.T. Ulaby 외 공저); 한빛아카데미,,,"1. 미분, 적분의 기초 지식2. 행렬식의 계산3. 연립방정식 풀이",True,True,False,False,False,True,target_department_and_target_course
3349,2022,강원대학교,IT대학,전기전자공학과,논리회로,1,1학기,3,3,0,전공선택,,"제목: 디지털논리회로(개정3판)출판사:한빛아카데미저자: 임석구, 홍경호",,,없음,True,True,False,False,False,True,target_department_and_target_course
3351,2022,강원대학교,IT대학,전기전자공학과,디지털회로실험,1,2학기,3,2,2,전공필수,,홈페이지자료,,,논리회로,True,True,True,False,False,True,target_department_and_target_course
3353,2022,강원대학교,IT대학,전기전자공학과,디지털회로실험,1,2학기,3,2,2,전공필수,"전기 전자 분야의 학생들이 기본적으로 필요한 디지털 회로에 대한 기본적인 사항을 실험 실습을 통하여 익히고, 설계 프로젝트를 통하여 응용 기술을 습득한다.","추후 공지, 이루리 사이트에 업로드 함",,,논리회로,True,True,True,False,False,True,target_department_and_target_course
3356,2022,강원대학교,IT대학,전기전자공학과,전자회로,2,1학기,3,3,0,전공선택,1. 반도체 소자의 전기적 특성 이해2. 바이어스 회로의 역할과 소신호 증폭의 개념 이해,"마이크로전자회로; Razavi; 한티미디어, 2015",,"전자회로; 김동식; 생능출판사, 2015","회로이론 (node/mesh 해석, 중첩의 원리, Thevenin 정리, 1차 회로 해석 기법 등)",True,True,False,False,False,True,target_department_and_target_course
3358,2022,강원대학교,IT대학,전기전자공학과,컴퓨터구조,2,2학기,3,3,0,전공선택,,"컴퓨터구조및설계 6판 하드웨어/소프트웨어 인터페이스, 한티미디어 (David Patterson, John Hennessy, ""Computer Organization and Design,"" The Hardware/Software Interface)",,,"논리회로, C언어",True,True,False,True,False,True,target_department_and_target_course
3368,2022,강원대학교,IT대학,전기전자공학과,디지털신호처리,2,2학기,3,3,0,전공선택,신호의 스펙트럼 분석과 디지털 필터 설계의 원리 및 기법을 확실하게 이해하고 익힌다.,"이철희, 디지털 신호 처리 2판, 한빛아카데미, 2022 이철희, 핵심이 보이는 신호 및 시스템, 한빛아카데미, 2015","A. Ambardar, ""Digital Signal Processing : A Modern Introduction"", CENGAGE Learning, 2006 (번역판 : 류철외, 최신디지털 신호 처리, CENGAGE Learning Korea)V. K. Ingle & J. G. Proakis, Digital Signal Processing Using Matlab 2nd ed., 2007, Thomson. H. Hayes, ""Schaum's Outlines Series : Digital signal Processing"", McGraw Hill, 1999J.H. McClellan, R.W. Schafer & M.A. Yoder, DSP FirstA Mlutimedia Approach, PrenticeHall, 1998A.V. Openheim & R.W. Schafer, Discrete Time Signal Processing, Prentice Hall, 1989 P. A. Lynn & W. Fuerst, Introductory Digital Signal Processing with Computer Application, 2nd ed., John wiley & Sons, 1998",,신호 및 시스템,True,True,False,False,False,True,target_department_and_target_course
3376,2022,강원대학교,IT대학,전기전자공학과,마이크로프로세서응용및실험,2,1학기,3,2,2,전공필수,,"추후 공지, 이루리 사이트에 업로드 함",,,"논리회로, 프로그래밍 기초 및 실습(C언어 or 파이썬), 디지털회로실험",True,True,True,False,False,True,target_department_and_target_course
3377,2022,강원대학교,IT대학,전기전자공학과,마이크로프로세서응용및실험,2,1학기,3,2,2,전공필수,,"추후 공지, 이루리 사이트에 업로드 함",,,"논리회로, 프로그래밍 기초 및 실습(C언어 or 파이썬), 디지털회로실험",True,True,True,False,False,True,target_department_and_target_course
3381,2022,강원대학교,IT대학,전기전자공학과,고급컴퓨터프로그래밍,2,2학기,3,2,2,전공선택,마이크로소프트 비주얼스튜디오 개발환경을 활용한다.,"C 프로그래밍 파워업그레이드, 윤성우, Infinity Books. 강의 교재/자료 홈페이지 제공",,,필수 선수과목 : 컴퓨터프로그래밍. C 언어를 모르는 학생은 수강할 수 없음.,True,True,False,False,False,True,target_department_and_target_course
3415,2022,강원대학교,IT대학,전기전자공학과,캡스톤디자인1,3,2학기,1,0,2,전공필수,계획한 설계 작품을 다양한 공학도구를 이용하여 구현,,,,,True,False,True,False,False,True,target_department_and_foundational_course
3422,2022,강원대학교,IT대학,전기전자공학과,직업선택과꿈설계,3,2학기,1,1,0,전공선택,대학 생활과 졸업후 진로를 설정하기 위한 방법 습득,,,,,True,False,True,False,False,True,target_department_and_foundational_course
3426,2022,강원대학교,IT대학,전자공학과,선형대수,전학년,1학기,3,3,0,학문기초,,"1. 교재 : MATLAB으로 배우는 선형대수학 ; 이광연 외 1인 ; 한빛아카데미, 20152. 참고문헌 : 선형대수학 ; 이정문 외 5인 ; 사이텍미디어, 2007",,,,True,False,True,False,False,True,target_department_and_foundational_course
3438,2022,강원대학교,IT대학,전자공학과,마이크로프로세서실험,2,2학기,3,1,4,전공필수,컴퓨터 동작원리를 이해하고 기본적인 프로그래밍 기술을 습득한다.,마이크로컨트롤러 CortexM3 한백전자,,,컴퓨터 구조논리회로(디지털 시스템)디지털 실험,True,True,True,False,False,True,target_department_and_target_course
3443,2022,강원대학교,IT대학,전자공학과,전자공학설계프로젝트1,4,1학기,3,0,6,전공필수,,,,,,True,False,True,False,False,True,target_department_and_foundational_course
3462,2022,강원대학교,IT대학,전자공학과,디지털회로실험,2,1학기,3,2,2,전공필수,,자체제작된 실험노트※ 실험노트는 디지털캠퍼스에 올려놓음,,,회로이론디지털공학,True,True,True,False,False,True,target_department_and_target_course
3533,2022,강원대학교,IT대학,컴퓨터공학과,자바프로그래밍1,1,1학기,3,2,2,학문기초,소규모 프로그래밍 과제가 주어졌을 때 자바를 이용해 해결할 수 있게 된다.,없음. 수업에서 자료를 제공함.,,"명품 JAVA Programming, 개정4판, 황기태, 김효수 저, 생능출판사, 2018년 / 자바의 정석 기초편, 남궁성 저, 도우출판, 2019년",없음,True,True,False,False,False,True,target_department_and_target_course
3540,2022,강원대학교,IT대학,컴퓨터공학과,자바프로그래밍2,1,2학기,3,2,2,학문기초,소규모 프로그래밍 과제가 주어졌을 때 자바를 이용해 해결할 수 있게 된다.,"가장 빨리 만나는 코어 자바 9, 카이 호스트만 저, 신경근 역, 길벗 2018년 03월 30일 (종이책도 있고 전자책도 있음)",,"(1) 이것이 자바다, 신용권 지음, 한빛미디어. (2) 명품 JAVA Programming, 황기태, 김효주 지음, 생능출판사, (3) Java의 정석, 제3판, 남궁성 지음, 도우출판.","자바프로그래밍 1, 혹은 C언어, Python, Basic 등 다른 프로그래밍 언어를 이용하는 프로그래밍 과목을 이수했거나 그에 상당하는 지식과 경험이 있어야 함.데이터 타입, 변수, 연산, 조건문, 반복문, 함수(메소드) 호출, 배열 등의 개념을 이해하고 있어야 하며 이들을 활용한 기본적인 프로그래밍 연습이 되어 있어야 함.",True,True,False,False,False,True,target_department_and_target_course
3542,2022,강원대학교,IT대학,컴퓨터공학과,자바프로그래밍2,1,2학기,3,2,2,학문기초,소규모 프로그래밍 과제가 주어졌을 때 자바를 이용해 해결할 수 있게 된다.,"가장 빨리 만나는 코어 자바 9, 카이 호스트만 저, 신경근 역, 길벗 2018년 03월 30일 (종이책도 있고 전자책도 있음)",,"(1) 이것이 자바다, 신용권 지음, 한빛미디어. (2) 명품 JAVA Programming, 황기태, 김효주 지음, 생능출판사, (3) Java의 정석, 제3판, 남궁성 지음, 도우출판.","자바프로그래밍 1, 혹은 C언어, Python, Basic 등 다른 프로그래밍 언어를 이용하는 프로그래밍 과목을 이수했거나 그에 상당하는 지식과 경험이 있어야 함.데이터 타입, 변수, 연산, 조건문, 반복문, 함수(메소드) 호출, 배열 등의 개념을 이해하고 있어야 하며 이들을 활용한 기본적인 프로그래밍 연습이 되어 있어야 함.",True,True,False,False,False,True,target_department_and_target_course
3544,2022,강원대학교,IT대학,컴퓨터공학과,논리회로,2,1학기,3,3,0,전공선택,,"김종현, “디지털 논리회로”, 생능출판사, 2016년 1월.",,"M. Morris R. Mano and Michael D. Ciletti, Digital Design, Global Edition, 6th Edition, 2019. 송상훈, 한동일,""논리회로 설계"", 생능출판, 2015년 12월. 설계도구 및 환경 : Logisim(evolution)",,True,True,False,False,False,True,target_department_and_target_course
3549,2022,강원대학교,IT대학,컴퓨터공학과,모바일프로그래밍,2,2학기,3,2,2,전공선택,,"Do it! 안드로이드 앱 프로그래밍 (이지스퍼블리싱, 정재근)",,,"기초 프로그래밍 지식, 자바 프로그래밍 언어",True,True,False,False,False,True,target_department_and_target_course
3567,2022,강원대학교,IT대학,컴퓨터공학과,데이터분석프로그래밍,2,2학기,3,2,2,전공선택,,"Avinash Navlani 저, ""Python Data Analysis Third Edition""","Joel Grus 저, ""Data Science from Scratch""",,"프로그래밍기초, 파이썬프로그래밍혹은 각 수업에 준하는 기본 프로그래밍 및 파이썬 기초 지식을 요함",True,True,False,True,False,True,target_department_and_target_course
3569,2022,강원대학교,IT대학,컴퓨터공학과,마이크로프로세서,2,2학기,3,3,0,전공선택,마이크로프로세서의 동작 원리를 이해하고 설명할 수 있다.,"김용석, 마이크로프로세서의 이해: 프로그래밍에서 프로세서 설계까지, 개정판, 2017, 홍릉과학출판사",,,"선수과목: C 언어에 대한 기본적인 지식이 필요함 후속과목:3학년의 컴퓨터구조, 운영체제 과목 이수에 필요한 지식을 습득함",True,True,False,False,False,True,target_department_and_target_course
3571,2022,강원대학교,IT대학,컴퓨터공학과,문제해결프로그래밍,2,2학기,3,2,2,전공선택,적합한 자료구조와 알고리즘을 문제에 맞게 선정할 수 있다.,"스티븐 스키에나, 미구엘 레비야 저, 서환수 역, 알고리즘 트레이닝 북 (Programming Challenges), 한빛미디어, 2014.5 (10쇄)",,,C/C++ 또는 자바 프로그래밍자료구조 및 실습,True,True,False,False,False,True,target_department_and_target_course
3574,2022,강원대학교,IT대학,컴퓨터공학과,시스템프로그래밍,2,2학기,3,3,0,전공선택,"In this course, you will learn how computers work from a programmer's perspective.","""Computer Systems: A Programmer's Perspective"", Third Edition, Pearson","""Computer Systems: A Programmer's Perspective"", 1st/2nd Edition, Pearson",,Courses on C and Linux,True,True,False,False,False,True,target_department_and_target_course
3576,2022,강원대학교,IT대학,컴퓨터공학과,운영체제,3,1학기,3,3,0,전공필수,,"운영체제의 이해 (김용석, 홍릉과학출판사, 2018년)",,"Silberschtz, Operating System Concepts, 9th Edition",C 또는 Java 언어 및 자료구조에 익숙할것마이크로프로세서 및 어셈블리언어에 대한 사전지식이 필요함,True,True,False,True,False,True,target_department_and_target_course
3588,2022,강원대학교,IT대학,컴퓨터공학과,컴퓨터시스템보안,3,1학기,3,3,0,전공선택,,"컴퓨터 보안 원리 및 실습 제3판, 한티미디어, 윌리엄 스톨링/로리 브라운 공저, 한명묵/김영천 외 6인 공역, 2016년 8월.",,,"운영체제, 데이터베이스, 컴퓨터 네트워크, 컴퓨터 프로그래밍",True,True,False,False,False,True,target_department_and_target_course
3595,2022,강원대학교,IT대학,컴퓨터공학과,데이터베이스,3,2학기,3,3,0,전공선택,,"오라클로 배우는 데이터베이스 개론과 실습 (2판), 박우창, 한빛아카데미, 2020년 7월",,,"C, Java 프로그래밍",True,True,False,True,False,True,target_department_and_target_course
3602,2022,강원대학교,IT대학,컴퓨터공학과,임베디드시스템,3,2학기,3,2,2,전공선택,"임베디드 시스템에서 사용되는 라즈베리 파이의 구조와 동작 특성을 이해하므로 시스템 프로그래밍을 할수 있는 실무 능력을 배양한다임베디드 시스템에서 활용되는 다양한 센서들의 특성을 이해하고, 이들을 동작시키위한 소프트웨어, 도구들에 대한 내용을 실습을 통하여 익히므로 임베디드 시스템을 이용한 사물인터넷 서비스 프로그램을 제작할수 있는 능력을 배양한다블루투스, Wifi를 탑재한 사무인터넷 모트들을 사용하여 모바일 환경에서 임베디드, 사물인터넷 서비스 프로그램을 제작하는 능력을 배양한다.",라즈베리 파이 기반 키트용 임베디드 프로그래밍,,,"C 프로그램밍, 리눅스 시스템 및 실습, 운영체제",True,True,False,False,False,True,target_department_and_target_course
3603,2022,강원대학교,IT대학,컴퓨터공학과,임베디드시스템,3,2학기,3,2,2,전공선택,"임베디드 시스템에서 사용되는 라즈베리 파이의 구조와 동작 특성을 이해하므로 시스템 프로그래밍을 할수 있는 실무 능력을 배양한다임베디드 시스템에서 활용되는 다양한 센서들의 특성을 이해하고, 이들을 동작시키위한 소프트웨어, 도구들에 대한 내용을 실습을 통하여 익히므로 임베디드 시스템을 이용한 사물인터넷 서비스 프로그램을 제작할수 있는 능력을 배양한다블루투스, Wifi를 탑재한 사무인터넷 모트들을 사용하여 모바일 환경에서 임베디드, 사물인터넷 서비스 프로그램을 제작하는 능력을 배양한다.",라즈베리 파이 기반 키트용 임베디드 프로그래밍,,,"C 프로그램밍, 리눅스 시스템 및 실습, 운영체제",True,True,False,False,False,True,target_department_and_target_course
3616,2022,강원대학교,IT대학,컴퓨터공학과,캡스톤디자인1,4,1학기,3,0,6,전공선택,,소프트웨어공학 혹은 시스템분석및설계 관련 전공도서 (필요시 추후 안내),,,Course on software engineering & C(or Java) language is required.,True,False,True,False,False,True,target_department_and_foundational_course
4391,2022,강원대학교,단과대구분없음,데이터사이언스학과,기계학습,4,1학기,3,2,2,전공선택,,,,,"[선택] 파이썬프로그래밍, 데이터분석프로그래밍, 인공지능",True,True,False,True,False,True,target_department_and_target_course
5715,2022,강원대학교,공학대학,전기공학전공,전기기초실험,2,1학기,3,2,2,전공선택,"초보자를 위한 전기기초실험으로 전자의 행동으로서 전자의 흐름.전자와 전위차.전기 저항.전기 에너지.교류 등을 들어 전자 현상을 물에 비유하여 전기에 입문하는 학생들의 실험, 실습으로 전공지식의 함양됨",전기기초실험,"전기, 전자기최실험",,전기기초 공학전기 분야 입문 단계에서 전기공학의 기본적인 원리와 관련 지식을 학생들이 쉽게 이해할 수 있도록 함전기에 대한 기초지식이 없어도 누구나 쉽게 접근할 수 있도록 내용을 강의식으로 구성하여 전기에 대한 흥미를 가질 수 있도록 함,True,False,True,False,False,True,target_department_and_foundational_course
5717,2022,강원대학교,공학대학,전기공학전공,전기응용실험,2,2학기,3,2,2,전공선택,,"전기회로실험, 회로이론, 전기사용시설물 설비 및 설계",,,,True,False,True,False,False,True,target_department_and_foundational_course
5721,2022,강원대학교,공학대학,전기공학전공,전력설비자동화종합설계,4,1학기,3,2,2,전공선택,"자동제어, 디지털 제어공학의 이론을 바탕으로 주어진 전공실무능력 활용","디지털 논리회로 실험(김동원 외 3인 공저, 한올 출판사), 실습관련 회로 프린트물, 멀티미디어 시스템(종합자동제어시스템) 교육자료",,,,True,False,True,False,False,True,target_department_and_foundational_course
5762,2022,강원대학교,공학대학,전기제어계측공학부,직업선택과꿈설계,3,2학기,1,1,0,전공선택,,,,,,True,False,True,False,False,True,target_department_and_foundational_course
5894,2022,강원대학교,공학대학,전자정보통신공학부,창의적입문설계,1,1학기,2,0,0,전공선택,"지식응용 : 전기 자기력 교육, 회로 부품의 역할 교육, 기어의 역학 교육, 여건이 되면 아두이노 코딩 교육을 목표로 한다.",없음. 강의 동영상 또는 PPT,,,,True,False,True,False,False,True,target_department_and_foundational_course
5904,2022,강원대학교,공학대학,전자정보통신공학부,벤처캡스톤디자인,4,1학기,3,0,0,전공필수,,,,,,True,False,True,False,False,True,target_department_and_foundational_course
5906,2022,강원대학교,공학대학,전자정보통신공학부,기초물리이론및실험,1,2학기,3,2,2,전공선택,"원하는 내용을 파악하고, 여러가지 도구를 이용하여 원하는 내용을 점검할 수 있는 실험 구성",자체 제작된 내용,,,,True,False,True,False,False,True,target_department_and_foundational_course
5916,2022,강원대학교,공학대학,정보통신공학전공,웹프로그래밍,2,2학기,3,3,0,전공선택,JAVA언어를 작성하고 컴파일 및 실행을 위한 도구를 활용할 수 있다.,JAVA 프로그래밍 실무 예제(Lotto)로 따라 배우는 권기현 저 | 홍릉과학출판사 | 2018년 08월 30일,,인터넷 신기술 조사 및 동향 관련 참고문헌,프로그래밍 흐름제어에 대한 간략한 이해가 필요하다.데이터에 대한 개념이 필요하다.컴퓨터 활용 기본 지식이 필요하다.,True,True,False,False,False,True,target_department_and_target_course
6196,2022,강원대학교,공학대학,AI소프트웨어학과,AI소프트웨어개론및응용,1,1학기,3,3,0,전공선택,,강의자료 제공,,,,True,True,False,True,False,True,target_department_and_target_course
6199,2022,강원대학교,공학대학,AI소프트웨어학과,최적화및기계학습,3,1학기,3,2,2,전공필수,,강의자료 제공,,,"수학, 확률/통계, 코딩 관련 과목",True,True,False,True,False,True,target_department_and_target_course
6230,2022,강원대학교,공학대학,AI소프트웨어학과,벤처캡스톤디자인,4,1학기,3,2,2,전공선택,,없음,,,,True,False,True,False,False,True,target_department_and_foundational_course
6235,2022,강원대학교,공학대학,AI소프트웨어학과,소프트웨어공학,2,2학기,3,2,2,전공선택,본 수업의 목표는 소프트웨어공학에 대한 전문성을 지니게 하는 것이다.,"PPT, 수업 프로젝트, 논문",,,,True,True,False,False,False,True,target_department_and_target_course
6240,2022,강원대학교,공학대학,AI소프트웨어학과,빅데이터분석,3,1학기,3,2,2,전공선택,,"빅데이터의 이해 한국방송통신대학이긍희, 함유근, 김용대, 이준환, 원중호",데이터분석 이훈영 청람,,,True,True,False,True,False,True,target_department_and_target_course
6242,2022,강원대학교,공학대학,AI소프트웨어학과,컴퓨터보안,4,2학기,3,3,0,전공선택,,컴퓨터보안 방통대 출판사,,,,True,True,False,False,False,True,target_department_and_target_course
6246,2022,강원대학교,공학대학,AI소프트웨어학과,미디어콘텐츠설계,2,2학기,3,3,0,전공선택,프로젝트 요구분석과 환경 분석을 통해 프로젝트의 핵심 내용을 파악하고 커뮤니케이션 및 의견 조율 방법을 알아봅니다.,디지털콘텐츠 기획(한빛아카데미김성은),,,,True,False,True,False,False,True,target_department_and_foundational_course
6253,2022,강원대학교,공학대학,AI소프트웨어학과,미디어통신공학,3,2학기,3,3,0,전공선택,"데이터통신과 네트워크 응용을 이해하기 위한 기초 이론부터 현재 사용되고 있는 주요 기술은 물론, 향후 제공될 차세대 네트워크 기술에 이르는 핵심적인 내용을 학습한다.",초연결사회의 데이터통신과 네트워킹 (한빛아카데미),,,,True,True,False,False,False,True,target_department_and_target_course
6255,2022,강원대학교,공학대학,AI소프트웨어학과,디지털논리설계,2,2학기,3,2,2,전공선택,직접 회로를 제작 할 수 있을 정도의 수행 능력 향상,"디지털 논리 회로 4판(임석구,홍경호/ 한빛 아카데미)",,,,True,True,True,False,False,True,target_department_and_target_course
6257,2022,강원대학교,공학대학,AI소프트웨어학과,컴퓨터구조,3,1학기,3,3,0,전공선택,,컴퓨터구조론,"컴퓨터구조특론, 고급컴퓨터",,,True,True,False,True,False,True,target_department_and_target_course
6259,2022,강원대학교,공학대학,AI소프트웨어학과,객체지향프로그래밍,2,1학기,3,2,2,전공선택,취업 분야에 적용할 수 있는 능력을 키우도록 한다.,"Java Programming, 황기태 외1 저, 생능출판사","Power JAVA, 천인국 외1저, INIFINITY BOOKS",,,True,True,False,False,False,True,target_department_and_target_course
6261,2022,강원대학교,공학대학,AI소프트웨어학과,모바일프로그래밍,3,2학기,3,2,2,전공선택,전공 기초 지식을 습득한 후 다른 과목에 적용할 수 있는 능력을 키우도록 한다.캡스톤디자인 과목을 위한 실습 능력을 갖추도록 한다.,"안드로이드 프로그래밍, 우재남 외1 저, 한빛아카데미","안드로이드 프로그래밍, 천인국 저, 생능출판사",,,True,True,False,False,False,True,target_department_and_target_course
6263,2022,강원대학교,공학대학,AI소프트웨어학과,웹프로그래밍,3,1학기,3,2,2,전공선택,전공 기초 지식을 습득한 후 다른 과목에 적용할 수 있는 능력을 키우도록 한다.,"쉽게 배우는 JSP 웹프로그래밍, 송미영 저, 한빛아카데미","모바일 웹 서비스 구현을 위한 JSP 웹 프로그래밍, 김현규 , 박유현 저, 한빛아카데미",,,True,True,False,False,False,True,target_department_and_target_course
6265,2022,강원대학교,공학대학,AI소프트웨어학과,AI응용수학,1,2학기,3,3,0,전공선택,,인공지능을 위한 수학 (이시카와 아키히코 지음; 프리렉),,,"* 선수 과목: 1학년에 필수 수강하는 수학 교과목 (1) 2022학번 기준: '공학기초수학및연습' (학문기초)(2) 2021학번 또는 이전 학번 기준: '대학수학및연습' (대학별교양)* 선수 지식: 수 및 수의 연산 이해, 함수의 정의 및 특성 이해, 함수의 미분 이해 및 관련 간단한 계산 방법 이해 등",True,True,False,True,False,True,target_department_and_target_course
6266,2022,강원대학교,공학대학,AI소프트웨어학과,AI응용수학,1,2학기,3,3,0,전공선택,,인공지능을 위한 수학 (이시카와 아키히코 지음; 프리렉),,,"* 선수 과목: 1학년에 필수 수강하는 수학 교과목 (1) 2022학번 기준: '공학기초수학및연습' (학문기초)(2) 2021학번 또는 이전 학번 기준: '대학수학및연습' (대학별교양)* 선수 지식: 수 및 수의 연산 이해, 함수의 정의 및 특성 이해, 함수의 미분 이해 및 관련 간단한 계산 방법 이해 등",True,True,False,True,False,True,target_department_and_target_course
6270,2022,강원대학교,공학대학,AI소프트웨어학과,문제해결프로그래밍,2,2학기,3,2,2,전공선택,,,,,,True,True,False,False,False,True,target_department_and_target_course
6274,2022,강원대학교,공학대학,AI소프트웨어학과,AI와사운드,2,1학기,3,3,0,전공선택,,없음,없음,"1. 『음향기술총론』 강성훈, SOUND MEDIA, 2018 2. 『오디오 기술』 강성훈, SOUND Media, 2018 3. 『미디어 음향』 Stanley Alten, 김윤철 옮김, 커뮤니케이션북스, 2006 4. 『장인석의 음향입문』 장인석, SRMUSIC, 2012 5. 『The Science of Sound』 Rossing, Moore & Wheeler, Addison Wesley, 2002 6. 『디지털 하이파이』 홍진표, e비즈북스, 2021 7. 『인공지능, 말을 걸다』 박현아, 스리체어스, 2020 8. 『보이스 퍼스트 패러다임』 호모 디지쿠스, 아마존의나비, 2017 9. 『음성인식 AI의 미래』 제임스 블라호스 지음, 박진서 옮김, 김영사, 2020 10. 『인공지능 콘텐츠 혁명』 고찬수, 한빛미디어, 2018 11. 『인공지능과 인간의 대화』 김지현, 미래의창, 2020 12. 『다가온 미래』 버나드 마 지음, 이경민 옮김, 다산사이언스, 2020 13. 『음향시스템 핸드북 4』 장호준 지음, BIC 미디어북스, 2016 14. 『IT융합 시대의 멀티미디어 배움터 2.0』 최윤철·임순범, 생능출판, 2016 15. 『PA입문』 코세 타카오, 스도 히로시 공저, SRMUSIC, 2015 16. 어도비 오디션(Adobe Audition) 17. 어도비 프리미어 프로(Adobe Premiere Pro) 18. 기타",,True,True,False,True,False,True,target_department_and_target_course
6280,2022,강원대학교,공학대학,AI소프트웨어학과,운영체제,3,2학기,3,3,0,전공선택,,쉽게 배우는 운영체제/조성호지음/한빛아카데이,그림으로 배우는 원리와 구조/구현회지음/한빛아카데미,Operating System Concepts 10e/ Avraham Silberschatz/John Wiley (번역본: 운영체제 : [10판]/박민규옮김/퍼스트북),,True,True,False,True,False,True,target_department_and_target_course
7772,2022,강원대학교,인문사회·디자인스포츠대학,레저스포츠학과,스포츠빅데이터분석과활용,3,2학기,2,1,2,전공선택,,"데이터마이닝 R Edition,비즈니스 애널리틱스를 위한",,,,False,True,False,True,False,True,strong_ai_cs_course_outside_target_department
8297,2022,경북대학교,경상대학,경영학부,데이터베이스입문,3,1학기,3,3,0,전공,본 수업을 통하여 학생들은 데이터베이스의 목적을 이해할 수 있다명세서를 보고 데이터베이스 디자인을 할 수 있다주어진 데이터 베이스를 정규화시킬 수 있다엑세스를 사용할 수 있으며 목적에 맞게 엑세스를 디자인하고 데이터를 삽입할 수 있다,"액세스 2019로 배우는 데이터베이스 기초와 실습, 김지연, 한빛아카데미",,,,False,True,False,True,True,True,strong_ai_cs_course_outside_target_department
8299,2022,경북대학교,경상대학,경영학부,데이터베이스입문,3,1학기,3,3,0,전공,"본 강의를 통해 데이터베이스 개념에 대한 이해와 데이터 모델, 데이터의 구축 및 관리에 대한 지식을 학습한다.","주교재 : 데이터베이스 개론, 김연희, 한빛아카데미부교재(액세스 실습) : 액세스 2019로 배우는 데이터베이스 기초와 실습, 김지연, 한빛아카데미강의자료는 LMS를 통해 PDF 파일로 제공될 예정첫 수업시간에 교재에 대한 설명이 있을 예정이니 참고바람",,,없음,False,True,False,True,True,True,strong_ai_cs_course_outside_target_department
8923,2022,경북대학교,공과대학,기계공학부 기계설계학전공,공학응용인공지능,4,1학기,3,3,0,공학전공,"The aim of this course is to be familiar with basic artificial intelligence techniques, especially machine learning, which are now popular as an alternative of traditional deterministic modeling. The machine learning covers supervised, unsupervised learning and more.","Main textbook: Introduction to Machine Learning 4th Ed., Alpaydin EthemReferences: 1. Introduction to Machine Learning with Python, OªReilly, 안드레아스 뮐러, 세라 가이도2. Deep Learning from Scratch, OªReilly, 사이토 고키3. Machine Learning in Python, Bowles4. Other materials from website",,,C++ programming,False,True,False,True,True,True,strong_ai_cs_course_outside_target_department
9131,2022,경북대학교,공과대학,신소재공학부 전자재료공학전공,창의기초설계,2,1학기,3,2,2,공학전공,"창의공학의 기본 내용을 학습하고, 개인별 및 팀별 과제를 통하여 창의성을 향상한다.","Kang Park, et al., Creative Engineering, 2nd Edition, Infinity, 2010.Brian S. Thompson, Creative Engineering Design, Okemos Press, 4th edition, 1998.Handouts.",,,없음,True,False,True,False,True,True,target_department_and_foundational_course
9147,2022,경북대학교,공과대학,신소재공학부 전자재료공학전공,재료공정실험,3,1학기,2,1,2,공학전공,"Students will be divided into teams and planed to do the following experimental tasks:Powder procssingSintering processingThin film depositionDesign team project (Introduction,Teamwok,and Report and presentation)","Textbook: Handouts in ClassReferences:Principles of ceramics processing by James S. Reed, John Wiley & Sons, Inc.,(1995)Modern Ceramic Engineering, 2nd Ed., David W. Richerson,Thinfilm deposition, Donald L. Smith, McGrawHill, Inc., 1997.",,,General Chemistry,True,False,True,False,True,True,target_department_and_foundational_course
14364,2022,경북대학교,자연과학대학,통계학과,빅데이터분석 및 실험,3,2학기,3,2,2,전공,Learn how to make the big data based on various data sources and make synthetic data based on critical thinkings and the use of statistical techniques,Lecture notes and various reading materials,,,mathematical statistics and regression analysis,False,True,True,True,False,True,strong_ai_cs_course_outside_target_department
14661,2022,경북대학교,IT대학,전기공학과,C프로그래밍과실습,1,1학기,3,2,2,전공기반,"본 강의에서는 프로그래밍 과정과 C 언어의 구성, 문법과 함수 학습하고 교과서의 연습문제와 프로젝트 과제를 C 언어로 프로그램을 설계하고 작성하는 실습으로 프로그램 능력을 키운다.","교재: 쉽게 풀어쓴 C언어 Express, 천인국 지음, 생능출판사.참고문헌: (명품) C 언어 프로그래밍, 생능출판사, 안기수, 2014. 차근차근 배우는 c프로그래밍 기초, 경북대출판부, 강동진외 4인, 2017",,,없음,True,True,False,False,False,True,target_department_and_target_course
14667,2022,경북대학교,IT대학,전기공학과,창의공학설계실험,1,2학기,3,2,2,공학전공,공학적 문제 해결을 위해 풍부한 구성의 이론 교육과 다양한 실습교육 수행을 통해 기초 공학지식을 함양하고 전기공학도로서 갖추어야 할 시스템 분석 능력과 창의설계 능력을 향상시킴으로서 정보화 시대를 선도할 수 있는 전문연구 능력 및 국가기간산업 발전의 핵심인 전기공학도로서 갖추어야 할 현장실무 능력과 국제협력 능력을 배양한다.,"[교재 1] Mark N. Horenstein,'Design Concepts for Engineers',4th Ed., Prentice Hall[교재 2] 김용세, ‘창의적 설계 입문’, 생능출판사 인터비전,'창의공학설계,'2005.등 기타 창의공학설계 관련 서적",,,"수학, 물리",True,False,True,False,False,True,target_department_and_foundational_course
14678,2022,경북대학교,IT대학,전기공학과,전자회로1,2,2학기,3,3,0,공학전공,"1. Understand the basic amplifier configurations2. Understand the diode physics and applications3. Understand the BJT physics and amplifiers4. Understand the MOSFET physics and amplifiersFinally, understand how the modern electronic devices and applications.","Textbook: Adel S. Sedra, ªMicroelectronics Circuitsª, Saunders College Publ, 8th ed,",,,"Basic circuits theory1, electromagnetics1",True,True,False,False,False,True,target_department_and_target_course
14683,2022,경북대학교,IT대학,전기공학과,논리회로,2,1학기,3,3,0,공학전공,"1) 디지털 회로 및 시스템들을 다루는데 가장 기본이 되는 개념과 관련 수학적 지식을 습득한다.2) 논리회로에 대한 기본 지식을 바탕으로 디지털 회로 및 시스템의 분석 및 해석, 설계 등에 관한 전문 능력을 배양한다.","Charles H. Roth, Jr. and Larry L. Kinney, Fundamentals of Logic Design, Cengage Learning.",,,없음,True,True,False,False,False,True,target_department_and_target_course
14684,2022,경북대학교,IT대학,전기공학과,논리회로,2,1학기,3,3,0,공학전공,"1) 디지털 회로 및 시스템들을 다루는데 가장 기본이 되는 개념과 관련 수학적 지식을 습득한다.2) 논리회로에 대한 기본 지식을 바탕으로 디지털 회로 및 시스템의 분석 및 해석, 설계 등에 관한 전문 능력을 배양한다.","Charles H. Roth, Jr. and Larry L. Kinney, Fundamentals of Logic Design, Cengage Learning.",,,없음,True,True,False,False,False,True,target_department_and_target_course
14685,2022,경북대학교,IT대학,전기공학과,논리회로,2,1학기,3,3,0,공학전공,"1) 디지털 회로 및 시스템들을 다루는데 가장 기본이 되는 개념과 관련 수학적 지식을 습득한다.2) 논리회로에 대한 기본 지식을 바탕으로 디지털 회로 및 시스템의 분석 및 해석, 설계 등에 관한 전문 능력을 배양한다.","Charles H. Roth, Jr. and Larry L. Kinney, Fundamentals of Logic Design, Cengage Learning.",,,없음,True,True,False,False,False,True,target_department_and_target_course
14703,2022,경북대학교,IT대학,전기공학과,전기물리학실험 1,1,1학기,3,2,2,전공기반,팀원들간의 교류와 협력을 통해 합리적인 논의를 도출함으로써 전기공학 기초에 관련된 지식가치를 창출하는 역량을 습득한다.,"교재: 스마트 시대의 IT 물리(기존 교재와 다름, 교보문고 인터넷서점에서 구매 가능)참고문헌: R. A. Serway, ªPhysics for scientist and engineers with modern physicsª, 6th ed.,Thomson, Learnning Inc., 2004.",,,해당없음,True,False,True,False,False,True,target_department_and_foundational_course
14707,2022,경북대학교,IT대학,전기공학과,전기물리학실험 2,1,2학기,3,2,2,전공기반,1.기초 이론교육과 실습교육을 통한 기초공학 지식 배양2.전기공학도로서 갖추어야할 시스템 분석능력과 창의설계능력 배양3.공학인으로서 요구되는 윤리 책임 의식과 협동심 배양4.정보화시대를 선도할수 있는 전문연구 능력배양 및 평생학습의식 고취,"교재:스마트 IT시대의전자기 2022 신판,금상택 김동훈 공저,인터넷교보문고(Pubple),2022년 8월말 출판 (예전교재와 다르므로 개강시 각자 인터넷 교보문고에서 주문하여 구비할 것)참고문헌:.R.A.Serway,ªPhysicsforscientistandengineerswithmodernphysicsª,6thed.,ThomsonLearnningInc.,2004.",,,전기물리학실험1,True,False,True,False,False,True,target_department_and_foundational_course
14715,2022,경북대학교,IT대학,전기공학과,기초전기공학실험설계 2,2,2학기,3,2,2,공학전공,융합 : 디지털 회로를 이용한 공학적 응용 역량 창출 탐색 : 디지털 소자에 대한 끈기 있는 호기심으로 공학적 문제해결 능력 배양 소통 : 조별실험에서 서로 의견을 나누고 협력하고 조별 성과에 기여하는 능력,"교재HBELogicLabD를 이용한 디지털 회로설계, 서보혁, 임정은, (주)한백전자 기술연구소",,,논리회로,True,False,True,False,False,True,target_department_and_foundational_course
14718,2022,경북대학교,IT대학,전기공학과,전기공학설계 1,3,1학기,3,2,2,공학전공,▶ 전기공학 전공과 관련한 실험의 설계 및 데이터 처리방법 숙지▶ 실험을 통한 전기회로에 원리 이해와 호기심과 끈기 있는 추리력 배양▶ 기존 실험 내용에 대한 물음과 문제 해결 정신 배양▶ 조별 실험에서 협동으로 문제를 해결하고 연대의식 배양,교재 : 전기공학설계 1 (박세광 저),,,"기초전기공학실험설계 1, 2",True,False,True,False,False,True,target_department_and_foundational_course
14725,2022,경북대학교,IT대학,전기공학과,공학수학 1,1,2학기,3,3,0,전공기반,"고등학교 과정에서 익힌 수학의 바탕에 공업수학의 기초확립과 응용력을 배양하여 전공 공부 및 과학 학습에 배가되도록 한다. 고교수학 연장선에서 미적분학을 교양과목으로 학습하였다. 그리고 도움을 받아야할것은 대학 물리학 전반에 대한 이해이다. 공학 수학 1의 학습 내용은 미적분학, 대수학, 라플라스 방정식, 그리고 벡터해석이다. 이공계 학생이면 공업수학 전체가 중요하지만 미적분과 대수학은 기본으로 숙지해야 하고 그중에서도 라플라스 방정식, 푸리에 함수(공학수학 2), 그리고 벡터해석(공학수학 2)은 아주 잘 이해해야 할 부분들이다.",,,,"자연의 여러가지 발생되는 현상에 대한 해석이므로 아래 2가지는 숙지하는것이 매우 도움이 될것이다. (1) 대학 물리학(일반물리학, 교양으로 이수하는 물리학) (2) 미적분학(교양과목으로 이수하는 수학).",True,False,True,False,False,True,target_department_and_foundational_course
14784,2022,경북대학교,IT대학,전자공학부,이산수학,2,2학기,3,3,0,전공,탐색: 다양한 연습문제 풀이를 통해 학습한 개념의 응용능력을 배양함창의: 이산수학의 중요개념 이해 및 응용을 통해 창의적 문제해결 능력을 배양할 수 있다.,"Textbook: Richard Johnsonbaugh, ªDiscrete Mathematicsª (8th edition)",,,없음,True,False,True,False,False,True,target_department_and_foundational_course
14786,2022,경북대학교,IT대학,전자공학부,이산수학,2,2학기,3,3,0,전공,기존의 이산수학 핵심이론들을 이해하고 응용 가능한 능력을 배양 함,"Textbook : Discrete Mathematics (8th edition), Richard Johnsonbaugh, PearsonReference : Discrete Mathematics with Applications (4th edition), Susanna S. Epp, Brooks/Cole",,,"공업수학, 논리회로",True,False,True,False,False,True,target_department_and_foundational_course
14787,2022,경북대학교,IT대학,전자공학부,이산수학,2,2학기,3,3,0,전공,탐색: 다양한 연습문제 풀이를 통해 학습한 개념의 응용능력을 배양함창의: 이산수학의 중요개념 이해 및 응용을 통해 창의적 문제해결 능력을 배양할 수 있다.,"Textbook: Richard Johnsonbaugh, ªDiscrete Mathematicsª (8th edition)",,,없음,True,False,True,False,False,True,target_department_and_foundational_course
14795,2022,경북대학교,IT대학,전자공학부,자료구조,2,2학기,3,3,0,전공,* 주어진 환경에서 다양한 문제를 분석하고 효율적으로 해결하기 위한 능력 배양* 보다 나은 문제해결 방법을 모색하는 능력 향상* 문제 해결 과정에서 토론을 통한 상호 의사소통 능력 배양,"* 교재: Data Structures A Pseudocode Approach with C (2nd edition), R.F. Gilberg & B.A.Forouzan, THOMSON, 2005.* 참고문헌: 다양한 인터넷 자료",,,C프로그래밍과실습,True,True,False,False,False,True,target_department_and_target_course
14798,2022,경북대학교,IT대학,전자공학부,논리회로설계,3,1학기,3,3,0,전공,Design digital circuits and verify themLearn engineering skills,"1. Presentation materials2. Verilog HDL by Samir Palnitkar, 2nd edition",,,Logic circuits,True,True,True,False,False,True,target_department_and_target_course
14800,2022,경북대학교,IT대학,전자공학부,논리회로설계,3,1학기,3,3,0,전공,Design applicationspecific digital logic circuitsComplete digital logic designs by utilizing combinational and sequential logic elements,"Verilog HDL, 2nd, Samir Palnitkar (Korean edition also acceptable)",,,"Logic Circuits, C Programming & Practice",True,True,True,False,False,True,target_department_and_target_course
14802,2022,경북대학교,IT대학,전자공학부,논리회로설계,3,1학기,3,3,0,전공,Design applicationspecific digital logic circuitsComplete digital logic designs by utilizing combinational and sequential logic elements,"Verilog HDL, 2nd, Samir Palnitkar (Korean edition also acceptable)",,,"Logic Circuits, C Programming & Practice",True,True,True,False,False,True,target_department_and_target_course
14803,2022,경북대학교,IT대학,전자공학부,논리회로설계,3,1학기,3,3,0,전공,Design applicationspecific digital logic circuitsComplete digital logic designs by utilizing combinational and sequential logic elements,"Verilog HDL, 2nd, Samir Palnitkar (Korean edition also acceptable)",,,"Logic Circuits, C Programming & Practice",True,True,True,False,False,True,target_department_and_target_course
14806,2022,경북대학교,IT대학,전자공학부,운영체제,3,1학기,3,3,0,전공,Theoretical learning and practice of the operating system are combined.,".Main Text:Operating Systems (3rd edition), Gary Nutt, Addision Wesley,2003.Aux. Text:Beginning Linux Programming(3rd Edition), Wrox,2003실시간 운영체제 기반 실물컴퓨팅 이론및 실습, 강순주, 20102011",,,"C,JAVA,자료구조",True,True,False,True,False,True,target_department_and_target_course
14814,2022,경북대학교,IT대학,전자공학부,데이타통신,4,1학기,3,3,0,전공,데이타통신과 인터넷의 기본 원리와 방식에 대한 이해와 이를 통한 응용 역량 배양,"Textbook: Behrouz A. Forouzan, Data Communications and Networking, 5th Ed., 2012",,,통신이론,True,True,False,False,False,True,target_department_and_target_course
14820,2022,경북대학교,IT대학,전자공학부,컴퓨터구조,3,2학기,3,3,0,전공,"Computer system의 구조에 대한 지식은 hardware 엔지니어 뿐 아니라 software 엔지니어 모두에게 필요한 것이다. CPU를 포함한 computer의 구조 및 구현에 사용되는 다양한 기법은 거의 모든 digital hardware 설계 분야에 응용될 수 있으며, CPU 및 computer 구조에 대한 해박한 지식은 system의 기능을 최대한 효율적으로 활용하는 programming에도 큰 도움이 된다. 본 강의는 이와 같이 유용한 지식적 기반을 제공하기 위해서 CPU를 중심으로 computer system의 구성 요소, CPU의 구조 및 구현, memory system 등에 대한 내용을 다룬다.","교재:David A. Patterson and Johh L. Hennessy, Computer Organization and Design: The Hardware/Software Interface, 5th edition, Elsevier Korea L.L.C, 2014.참고문헌:1. Israel Koren, Computer Arithmetic Algorithms, 2nd edition, A K Peters Ltd., 2002.2. Charles H. Roth, Jr. and Larry L. Kinney, ªFundamentals of Logic Designª, 7th edition, Cengage Learning, 2014.",,,"논리회로, C프로그래밍",True,True,False,True,False,True,target_department_and_target_course
14829,2022,경북대학교,IT대학,전자공학부,C프로그래밍과실습,1,2학기,3,2,2,전공,프로그래밍 실력 향상.,,,,없음.,True,True,False,False,False,True,target_department_and_target_course
14830,2022,경북대학교,IT대학,전자공학부,C프로그래밍과실습,1,2학기,3,2,2,전공,"C 프로그래밍 언어의 문법을 배우고 C 프로그램 문법을 바탕으로 콘솔용 C프로그램 작성 능력을 배양한다.이론 보다는 실제 구현, 활용 능력을 중점적으로 기른다. 활용 능력을 중점적으로 기른다.","든든한 C 프로그래밍 3rd edition 김원선저 연두에디션참고 교재:C 프로그래밍새내기를 위한 첫 C언어 책 강동진외 4명쉽게 풀어쓴 C언어 Express, 생능 출판사“Beginning Visual C++ 6”, Wrox Press, Ivor Horton 저",,,컴퓨터 개론,True,True,False,False,False,True,target_department_and_target_course
14833,2022,경북대학교,IT대학,전자공학부,C프로그래밍과실습,1,2학기,3,2,2,전공,C언어를 이용한 프로그램의 구현 능력 및 문제해결 능력 배양,"Perfect C 3판 (강환수,강환일,이동규 저), 2021, 인피니티북스",,,없음,True,True,False,False,False,True,target_department_and_target_course
14836,2022,경북대학교,IT대학,전자공학부,C프로그래밍과실습,1,2학기,3,2,2,전공,"C 프로그래밍 언어의 문법을 배우고 C 프로그램 문법을 바탕으로 콘솔용 C프로그램 작성 능력을 배양한다.이론 보다는 실제 구현, 활용 능력을 중점적으로 기른다. 활용 능력을 중점적으로 기른다.","든든한 C 프로그래밍 3rd edition 김원선저 연두에디션참고 교재:C 프로그래밍새내기를 위한 첫 C언어 책 강동진외 4명쉽게 풀어쓴 C언어 Express, 생능 출판사“Beginning Visual C++ 6”, Wrox Press, Ivor Horton 저",,,컴퓨터 개론,True,True,False,False,False,True,target_department_and_target_course
14837,2022,경북대학교,IT대학,전자공학부,C프로그래밍과실습,1,2학기,3,2,2,전공,다양한 예제를 통하여 실질적인 프로그래밍소양을 갖추도록 함,추후 알림,,,,True,True,False,False,False,True,target_department_and_target_course
14845,2022,경북대학교,IT대학,전자공학부,전자회로설계,3,2학기,3,3,0,전공,"학생들은 SPICE를 사용하여 전자회로를 분석, 설계 및 검증할 수 있어야 한다.","교재수업 시간 전에 배포하는 강의자료 (학습관리시스템 강의자료실 게시판)참고문헌1. Microelectronic Circuits, A. S. Sedra, K. C. Smith, 7th Ed, 2016.2. 마이크로전자회로, 정원섭, 김호성, 유상대, 유재희, 정덕진, 2011.3. PSpice 기초와 활용, 최평 외, 2017.4. SPICE for Circuits and Electronics Using PSpice, M. H. Rashid, 1990.5. Operational Amplifiers : Applications, Troubleshooting and Design, David A. Bell, 1990.",,,"회로이론1, 2 / 전자회로1, 2",True,True,True,False,False,True,target_department_and_target_course
14851,2022,경북대학교,IT대학,전자공학부,마이크로프로세서설계실험,3,2학기,3,2,2,전공,"Convergence: After learning each function of Microcontroller, cultivating the ability to realize various complex functions by fusion.Exploration: To cultivate the ability to analyze and understand the structure and operation of microprocessorbased systems",Lecture notes,,,Logic circuits,True,True,True,False,False,True,target_department_and_target_course
14928,2022,경북대학교,IT대학,전자공학부,기초전자실험 및 설계,1,2학기,3,2,2,전공,기초전기/전자 회로 시스템을 구성하는 기초 개별 소자와 기초 회로의 특성/동작을 실험을 통해 이해하고 전자회로의 분석 및 설계를 위한 능력을 배양한다.,온라인 실험교재,,,해당사항없음,True,False,True,False,False,True,target_department_and_foundational_course
14931,2022,경북대학교,IT대학,전자공학부,기초전자실험 및 설계,1,1학기,3,2,2,전공,"창의 : 학습한 이론적인 내용을 바탕으로 문제를 제안하고, 이를 해결하기 위한 회로를 설계 실험 할 수 있다.탐색 : 설계한 회로의 문제점을 파악하고, 이를 수정 보완할 수 있다.소통 : 조원과의 협업을 통해 효과적으로 실험을 설계 수행한다.",실험교재배포예정,,,,True,False,True,False,False,True,target_department_and_foundational_course
14932,2022,경북대학교,IT대학,전자공학부,기초전자실험 및 설계,1,2학기,3,2,2,전공,"본 강의 핵심역량은 첨단부부분에서 [창의], 성찰부분에서 [비판], 인성부분에서 [소통] 으로1. 창의 : 본인이 구성한 회로의 창의성 개발2. 비판 : 본인이 구성한 회로의 비판적 시선 3. 소통 : 팀원과의 교류 및 소통능력 향상전공능력은 [지식] 및 [태도] .위 핵심역량과 전공능력을 향상함을 본 강좌의 목표로 설정한다.",실험 및 강의 교재 온라인 배포,,,없음,True,False,True,False,False,True,target_department_and_foundational_course
14934,2022,경북대학교,IT대학,전자공학부,기초전자실험 및 설계,1,1학기,3,2,2,전공,"기초전기/전자회로시스템을 구성하는 개별소자와 회로의 특성/동작법칙과 현상을 시뮬레이션, 설계및실험(측정)의과정을 통해 실제적인 동작원리를 체험하도록 하여전자시스템의 분석 및 설계를 위한 기초 능력을 배양1. 회로의 구성요소2. 저항 중심의 회로 분석 능력3. 커패시터 중심의 회로분석 능력4. 인턱터 중심의 회로분석 능력5. 회로의 응용6. 심화실험",실험교재 온라인 배포,,,없음,True,False,True,False,False,True,target_department_and_foundational_course
14981,2022,경북대학교,IT대학,전자공학부,회로이론1,2,1학기,3,3,0,전공,회로해석 및 설계방법의 다양한 응용력과 실제문제와의 연관성에대해 학습한다.,".교재Alexander 외, Fundamentals of Electric Circuits, 6th edition, McGRAWHILL..참고문헌R.C.Dorf 외, Introduction to Electric Circuits, WileyIrwin 외, Basic Engineering Circuit Analysis, WileyHayt 외, Engineering Circuit Analysis, McGrawHillNilsson 외, Electric Circuits, Pearson",,,"수학, 기초전자실험 및 설계",True,True,False,False,False,True,target_department_and_target_course
14982,2022,경북대학교,IT대학,전자공학부,회로이론1,2,1학기,3,3,0,전공,1.회로해석 및 설계방법의 다양한 응용력과 실제 문제와의 연관성에 대해 학습한다.2.논리적이고 체계적인 직류회로 해석방법들을 학습한다.3.회로해석 및 설계를 위한 기본 원리및 정의들을 학습한다.,".교재Alexander 외, Fundamentals of Electric Circuits, 6th edition, McGRAWHILL..참고문헌R.C.Dorf 외, Introduction to Electric Circuits, WileyIrwin 외, Basic Engineering Circuit Analysis, WileyHayt 외, Engineering Circuit Analysis, McGrawHillNilsson 외, Electric Circuits, Pearson",,,"수학, 기초전자실험 및 설계",True,True,False,False,False,True,target_department_and_target_course
14983,2022,경북대학교,IT대학,전자공학부,회로이론1,2,1학기,3,3,0,전공,"1. 회로구성 요소인 수동소자에 대한 이해 및 전기적 특성 고찰2. 회로해석을 위한 회로방정식 구성방법과 해를 구하는 방법 소개 및 숙달3. 출력응답에 대한 정성적, 정량적 고찰",".TextbookAlexander,etal., Fundamentals of Electric Circuits, 6th edition ,McGRAWHILL,2017..ReferencesR.C.Dorf,etal., Introduction to Electric Circuits, WileyIrwin,etal., BasicEngineering Circuit Analysis, WileyHayt,etal., Engineering Circuit Analysis, McGrawHillNilsson,etal., Electric Circuits, Pearson",,,"물리학, 공업수학",True,True,False,False,False,True,target_department_and_target_course
14990,2022,경북대학교,IT대학,전자공학부,회로이론2,2,2학기,3,3,0,전공,1.회로해석및설계방법의다양한응용력과실제문제와의연관성에대해학습한다.2.논리적이고체계적인교류회로해석방법들을학습한다.3.회로해석및설계를위한기본원리및정의들을학습한다.,". 교재 Alexander 외, Fundamentals of Electric Circuits, 6th edition, McGRAWHILL. . 참고문헌R. C. Dorf 외, Introduction to Electric Circuits, Wiley Irwin 외, Basic Engineering Circuit Analysis, Wiley Hayt 외, Engineering Circuit Analysis, McGrawHill Nilsson 외, Electric Circuits, Pearson",,,회로이론 1,True,True,False,False,False,True,target_department_and_target_course
14991,2022,경북대학교,IT대학,전자공학부,회로이론2,2,2학기,3,3,0,전공,1. 회로 해석 및 설계 방법의 다양한 응용력과 실제 문제와의 연관성에 대해 학습한다.2. 논리적이고 체계적인 교류회로 해석 방법들을 학습한다.3. 회로 해석 및 설계를 위한 기본 원리 및 정의들을 학습한다.,". 교재Alexander 외, Fundamentals of Electric Circuits, 6th edition, McGRAWHILL. . 참고문헌R. C. Dorf 외, Introduction to Electric Circuits, Wiley Irwin 외, Basic Engineering Circuit Analysis, Wiley Hayt 외, Engineering Circuit Analysis, McGrawHill Nilsson 외, Electric Circuits, Pearson",,,회로이론 1,True,True,False,False,False,True,target_department_and_target_course
14992,2022,경북대학교,IT대학,전자공학부,회로이론2,2,2학기,3,3,0,전공,"(1) 전자, 전기회로에 대한 이해력 제고(2) 회로분석능력 증대(3) 창의적 문제해결 능력 함양 및 자기주도적 학습능력 배양","교재 : Alexander,etal., Fundamentals of Electric Circuits, 6th edition ,McGRAWHILL,2017.참고문헌 : 1. R.C.Dorf,etal., Introduction to Electric Circuits, Wiley 2. Irwin,etal., BasicEngineering Circuit Analysis, Wiley 3. Hayt,etal., Engineering Circuit Analysis, McGrawHill 4. Nilsson,etal., Electric Circuits, Pearson",,,1. 회로이론 1,True,True,False,False,False,True,target_department_and_target_course
14995,2022,경북대학교,IT대학,전자공학부,전자회로1,2,2학기,3,3,0,전공,"Developing the ability to analyze and design electronic circuits focused on diode and transistor circuit design.Approaching questions on the different transistor types, the analysis models, the device structure and its physical operation.","Text : Microelectronic Circuits, 7th edition, A. S. Sedra, K. C. Smith, 2015.References : Electronic Devices, T. L. Floyd, 1996.Microelectronic Circuit Design, R. C. Jaeger, T. N. Blalock, 2003.",,,Nothing,True,True,False,False,False,True,target_department_and_target_course
14999,2022,경북대학교,IT대학,전자공학부,전자회로1,2,2학기,3,3,0,전공,기본적인 전자 소자의 특성을 탐구하고 증폭기의 해석과 설계 원리를 함양한다.,"교 재 : Microelectronic Circuits, International 8th edition, A. S. Sedra, K. C. Smith, T. C. Carusone, V. Gaudet, 2021. 마이크로전자회로, 정원섭, 김호성, 김현철, 유상대, 도규봉, 이한호, 8판, 2022.강의자료 : 전자회로1, 유상대, 2022. (경대서점)참고문헌 : Electronic Devices, T. L. Floyd, 1996. Fundamentals of Microelectronics, B. Razavi, 2006. Microelectronic Circuit Design, R. C. Jaeger, T. N. Blalock, 2003.",,,회로 이론,True,True,False,False,False,True,target_department_and_target_course
15000,2022,경북대학교,IT대학,전자공학부,전자회로1,2,2학기,3,3,0,전공,Understand the operational principles of electronic circuits composed of semiconductor devices.Can design and analyze the diode application circuits as well as the discrete transistor amplifiers.Build up the engineering mind.,"Textbook: Microelectronic Circuits, 8'th International Edition, 2021, Adel S. Sedra, Kenneth C. Smith, Tony C. Carusone and Vincent Gaudet, Oxford University Press",,,Circuit Theory 1,True,True,False,False,False,True,target_department_and_target_course
15001,2022,경북대학교,IT대학,전자공학부,전자회로1,2,2학기,3,3,0,전공,기본적인 전자 소자의 특성을 탐구하고 증폭기의 해석과 설계 원리를 함양한다.,"교 재 : Microelectronic Circuits, International 8th edition, A. S. Sedra, K. C. Smith, T. C. Carusone, V. Gaudet, 2021. 마이크로전자회로, 정원섭, 김호성, 김현철, 유상대, 도규봉, 이한호, 8판, 2022.강의자료 : 전자회로1, 유상대, 2022. (경대서점)참고문헌 : Electronic Devices, T. L. Floyd, 1996. Fundamentals of Microelectronics, B. Razavi, 2006. Microelectronic Circuit Design, R. C. Jaeger, T. N. Blalock, 2003.",,,회로 이론,True,True,False,False,False,True,target_department_and_target_course
15008,2022,경북대학교,IT대학,전자공학부,전자회로2,3,1학기,3,3,0,전공,,,,,,True,True,False,False,False,True,target_department_and_target_course
15009,2022,경북대학교,IT대학,전자공학부,전자회로2,3,1학기,3,3,0,전공,Understand the operational principles of electronic circuits composed of semiconductor devices. Can design and analyze the transistor amplifiers as well as the versatile circuits utilizing operational amplifier. Build up the engineering mind.,"Textbook: Microelectronic Circuits, 7ªth Ed, 2016, Adel S. Sedra and Kenneth C. Smith, Oxford University Press",,,Electronic Circuits 1,True,True,False,False,False,True,target_department_and_target_course
15011,2022,경북대학교,IT대학,전자공학부,전자회로2,3,1학기,3,3,0,전공,Learn how to design integrated circuits,"Sedra & Smith, ªMicroelectronic Circuits,ª 7th Ed, 2016",,,Electronics Circuits I,True,True,False,False,False,True,target_department_and_target_course
15012,2022,경북대학교,IT대학,전자공학부,전자회로2,3,1학기,3,3,0,전공,"차동, 연산, 귀환 증폭기의 학습을 통해 전자 회로의 설계 개념을 학습한다.","교 재: Microelectronic Circuits, A. S. Sedra, K. C. Smith, 7th edition, 2016. 마이크로전자회로, 정원섭, 김현철, 김호성, 유상대, 도규봉, 정덕진 공역, 7판, 2016.강의자료: 전자회로 2, 유상대, 2017.참고문헌: Electronic Devices, T. L. Floyd, 1996. Microelectronic Circuit Design, R. C. Jaeger, T. N. Blalock, 2003.",,,"회로이론, 전자회로1",True,True,False,False,False,True,target_department_and_target_course
15013,2022,경북대학교,IT대학,전자공학부,전자회로2,3,1학기,3,3,0,전공,"Through studyng differential, operational, feedback amplifiers,students will learn the design concept of electronic circuits.","Textbook: ªMicroelectronic Circuits,ª A. S. Sedra, K. C. Smith, 7th edition, 2016.Lecture Note: ªElectronic Circuits 2,ª Sang Dae Yu, 2017.References: ªElectronic Devices,ª T. L. Floyd, 1996. ªFundamentals of Microelectronics,ª B. Razavi, 2006. ªMicroelectronic Circuit Design,ª R. C. Jaeger, T. N. Blalock, 2003.",,,"Circuit Theory, Electronic Circuits 1",True,True,False,False,False,True,target_department_and_target_course
15014,2022,경북대학교,IT대학,전자공학부,전자회로2,3,1학기,3,3,0,전공,"차동, 연산, 귀환 증폭기의 학습을 통해 전자 회로의 설계 개념을 학습한다.","교 재: Microelectronic Circuits, A. S. Sedra, K. C. Smith, 7th edition, 2016. 마이크로전자회로, 정원섭, 김현철, 김호성, 유상대, 도규봉, 정덕진 공역, 7판, 2016.강의자료: 전자회로 2, 유상대, 2017.참고문헌: Electronic Devices, T. L. Floyd, 1996. Microelectronic Circuit Design, R. C. Jaeger, T. N. Blalock, 2003.",,,"회로이론, 전자회로1",True,True,False,False,False,True,target_department_and_target_course
15015,2022,경북대학교,IT대학,전자공학부,전자회로2,3,1학기,3,3,0,전공,"Through studyng differential, operational, feedback amplifiers,students will learn the design concept of electronic circuits.","Textbook: ªMicroelectronic Circuits,ª A. S. Sedra, K. C. Smith, 7th edition, 2016.Lecture Note: ªElectronic Circuits 2,ª Sang Dae Yu, 2017.References: ªElectronic Devices,ª T. L. Floyd, 1996. ªFundamentals of Microelectronics,ª B. Razavi, 2006. ªMicroelectronic Circuit Design,ª R. C. Jaeger, T. N. Blalock, 2003.",,,"Circuit Theory, Electronic Circuits 1",True,True,False,False,False,True,target_department_and_target_course
15024,2022,경북대학교,IT대학,전자공학부,논리회로,2,1학기,3,3,0,전공,디지털 논리회로 배경이 되는 Boolean algenra 이해간단한 논리회로 설계 및 HDL을 이용한 구현Understand Boolean algebra which is the mathematical backgound of digital circuit designDesign simple digital circuits and implement them using HDL,"Text: Stephen Brown and Zvonko Vranesic, Fundamentals of Digital Logic with Verilog Design, 3rd ed., McGrawHill, 2014. Handouts (Most handouts are supplied online and can be downloaded from the class web siteReferences: 박길흠 외, 디지털 회로 설계의 기초, 도서출판 영, 2006. 02. R.H. Katz and G. Borriello, CONTEMPORARY LOGIC DESIGN (2nd ed.), The Benjamin/Cummings Publishing Company, Inc.,Textbook: Stephen Brown and Zvonko Vranesic, Fundamentals of Digital Logic with Verilog Design, 3rd ed., McGrawHill, 2014. Handouts (Most handouts are supplied online and can be downloaded from the class web siteReferences: 박길흠 외, 디지털 회로 설계의 기초, 도서출판 영, 2006. 02. R.H. Katz and G. Borriello, CONTEMPORARY LOGIC DESIGN (2nd ed.), The Benjamin/Cummings Publishing Company, Inc.,",,,이산 수학,True,True,False,False,False,True,target_department_and_target_course
15032,2022,경북대학교,IT대학,전자공학부,전자공학실험1,2,1학기,3,2,2,전공필수,(1) 창의적 문제해결 능력을 함양할 수 있는 내실있는 전공 교육 수행(2) 자기주도적 학습능력을 갖추고 미래 신기술에 능동적으로 대응 가능한 공학인재 육성(3) 통섭적 능력을 갖추고 미래 사회를 이끌어 나갈 수 있는 글로벌 리더 육성,"주교재: 최봉열, “전자공학실험1”, 제 1판, 경북대학교출판부, 2015.참고문헌1 : C. K. Alexander and M. N. O. Sadiku, “Fundamentals of Electric Circuits”, 5th ed.참고문헌2 : C. H. Roth, “이덕동 외, “Fundamentals of Logic Design”, 6th ed.참고문헌3 : 최평 외,ªPSpice 기초와 활용ª참고문헌4 : M. H. Rashid, ªSPICE for Circuits and Electronics Using PSpiceª, 1990.",,,기초전자실험 및 설계,True,False,True,False,False,True,target_department_and_foundational_course
15034,2022,경북대학교,IT대학,전자공학부,전자공학실험1,2,1학기,3,2,2,전공필수,(1) 창의적 문제해결 능력을 함양할 수 있는 내실있는 전공 교육 수행 (2) 자기주도적 학습능력을 갖추고 미래 신기술에 능동적으로 대응 가능한 공학인재 육성 (3) 통섭적 능력을 갖추고 미래 사회를 이끌어 나갈 수 있는 글로벌 리더 육성,"주교재: 최봉열, “전자공학실험1”, 제 1판, 경북대학교출판부, 2015.참고문헌1: C. K. Alexander and M. N. O. Sadiku, “Fundamentals of Electric Circuits”, 5th ed.참고문헌2: C. H. Roth, “이덕동 외, “Fundamentals of Logic Design”, 6th ed.",,,기초전자실험 및 설계,True,False,True,False,False,True,target_department_and_foundational_course
15035,2022,경북대학교,IT대학,전자공학부,전자공학실험1,2,1학기,3,2,2,전공필수,이 수업은 기초 전자공학 습득하므로써 새로운 전자공학 기술을 발전시키는데 기여함을 그 목표로 함.,"주교재: 최봉열, “전자공학실험1”, 제 1판, 경북대학교출판부, 2015.참고문헌1: C. K. Alexander and M. N. O. Sadiku, “Fundamentals of Electric Circuits”, 5th ed.참고문헌2: C. H. Roth, “이덕동 외, “Fundamentals of Logic Design”, 6th ed.",,,없음,True,False,True,False,False,True,target_department_and_foundational_course
15036,2022,경북대학교,IT대학,전자공학부,전자공학실험1,2,1학기,3,2,2,전공필수,(1) 창의적 문제해결 능력을 함양할 수 있는 내실있는 전공 교육 수행 (2) 자기주도적 학습능력을 갖추고 미래 신기술에 능동적으로 대응 가능한 공학인재 육성 (3) 통섭적 능력을 갖추고 미래 사회를 이끌어 나갈 수 있는 글로벌 리더 육성,"주교재: 최봉열, “전자공학실험1”, 제 1판, 경북대학교출판부, 2015.참고문헌1: C. K. Alexander and M. N. O. Sadiku, “Fundamentals of Electric Circuits”, 5th ed.참고문헌2: C. H. Roth, “이덕동 외, “Fundamentals of Logic Design”, 6th ed.",,,기초전자실험 및 설계,True,False,True,False,False,True,target_department_and_foundational_course
15037,2022,경북대학교,IT대학,전자공학부,전자공학실험1,2,1학기,3,2,2,전공필수,이 수업은 기초 전자공학 습득하므로써 새로운 전자공학 기술을 발전시키는데 기여함을 그 목표로 함.,"주교재: 최봉열, “전자공학실험1”, 제 1판, 경북대학교출판부, 2015.참고문헌1: C. K. Alexander and M. N. O. Sadiku, “Fundamentals of Electric Circuits”, 5th ed.참고문헌2: C. H. Roth, “이덕동 외, “Fundamentals of Logic Design”, 6th ed.",,,없음,True,False,True,False,False,True,target_department_and_foundational_course
15038,2022,경북대학교,IT대학,전자공학부,전자공학실험1,2,1학기,3,2,2,전공필수,* 다양한 계측 장비들의 활용 능력 배양 및 회로 해석에의 응용* 문제해결 과정에서 토론을 통한 의사소통 능력 배양,"* 주교재: 최봉열, “전자공학실험1”, 제 3판, 경북대학교출판부, 2020.* 참고문헌1: C. K. Alexander and M. N. O. Sadiku, “Fundamentals of Electric Circuits”, 5th ed.* 참고문헌2: C. H. Roth, “Fundamentals of Logic Design”, 6th ed.",,,기초전자실험 및 설계,True,False,True,False,False,True,target_department_and_foundational_course
15041,2022,경북대학교,IT대학,전자공학부,전자공학실험2,2,2학기,3,2,2,전공필수,(1) 창의적 문제해결 능력을 함양할 수 있는 내실있는 전공 교육 수행 (2) 자기주도적 학습능력을 갖추고 미래 신기술에 능동적으로 대응 가능한 공학인재 육성 (3) 통섭적 능력을 갖추고 미래 사회를 이끌어 나갈 수 있는 글로벌 리더 육성,"교재: 마이크로 전자공학실험, 제3판, 유상대 저",,,전자공학실험1,True,False,True,False,False,True,target_department_and_foundational_course
15042,2022,경북대학교,IT대학,전자공학부,전자공학실험2,2,2학기,3,2,2,전공필수,"회로도를 이해하고, 빵판에 여러가지 소자들을 이용한 회로를 효율적으로 구성할 수 있다.","교재: 마이크로 전자공학실험, 제3판, 유상대 저",,,전자공학실험1,True,False,True,False,False,True,target_department_and_foundational_course
15044,2022,경북대학교,IT대학,전자공학부,전자공학실험2,2,2학기,3,2,2,전공필수,(1) 창의적 문제해결 능력을 함양할 수 있는 내실있는 전공 교육 수행 (2) 자기주도적 학습능력을 갖추고 미래 신기술에 능동적으로 대응 가능한 공학인재 육성 (3) 통섭적 능력을 갖추고 미래 사회를 이끌어 나갈 수 있는 글로벌 리더 육성,"교재: 마이크로 전자공학실험, 제3판, 유상대 저",,,전자공학실험1,True,False,True,False,False,True,target_department_and_foundational_course
15045,2022,경북대학교,IT대학,전자공학부,전자공학실험2,2,2학기,3,2,2,전공필수,(1) 창의적 문제해결 능력을 함양할 수 있는 내실있는 전공 교육 수행 (2) 자기주도적 학습능력을 갖추고 미래 신기술에 능동적으로 대응 가능한 공학인재 육성 (3) 통섭적 능력을 갖추고 미래 사회를 이끌어 나갈 수 있는 글로벌 리더 육성,"교재: 마이크로 전자공학실험, 제3판, 유상대 저",,,전자공학실험1,True,False,True,False,False,True,target_department_and_foundational_course
15048,2022,경북대학교,IT대학,전자공학부,전자공학실험2,2,2학기,3,2,2,전공필수,(1) 창의적 문제해결 능력을 함양할 수 있는 내실있는 전공 교육 수행 (2) 자기주도적 학습능력을 갖추고 미래 신기술에 능동적으로 대응 가능한 공학인재 육성 (3) 통섭적 능력을 갖추고 미래 사회를 이끌어 나갈 수 있는 글로벌 리더 육성,"교재: 마이크로 전자공학실험, 제3판, 유상대 저",,,전자공학실험1,True,False,True,False,False,True,target_department_and_foundational_course
15050,2022,경북대학교,IT대학,전자공학부,전자공학실험2,2,2학기,3,2,2,전공필수,"회로도를 이해하고, 빵판에 여러가지 소자들을 이용한 회로를 효율적으로 구성할 수 있다.","교재: 마이크로 전자공학실험, 제3판, 유상대 저",,,전자공학실험1,True,False,True,False,False,True,target_department_and_foundational_course
15070,2022,경북대학교,IT대학,전자공학부,신호및시스템,3,1학기,3,3,0,전공,"시스템의 입출력 관계를 시간영역과 주파수영역에서 해석하는 방법 학습, 시스템 설계 및 해석능력을 배양","교재: Samir S. Soliman and Mandyam D. Srinath, Continuous and Discrete Signals and Systems, Prentice Hall, 참고문헌: G. E. Carlson, Signal and Linear System Analysis, 2nd Ed., John Wiley & Sons, 1998.E. Kamen and B. Heck, Fundamentals of Signals and System, Prentice Hall, 1997.S. Haykin and B. Van Veen, Signals and Systems, John Wiley & Sons, 1999.",,,없음,True,True,False,False,False,True,target_department_and_target_course
15082,2022,경북대학교,IT대학,전자공학부,자동제어,3,1학기,3,3,0,전공,The former part of the class addresses the basic principles and fundamental techniques of feedback control systems.The later part of the class focuses on the analysis and design of feedback control systems using frequencydomain techniques.,"R. C. Dorf and R. H. Bishop ªModern Control Systemsª 13 th Edition, Pearson, 2017.",,,,True,True,False,False,False,True,target_department_and_target_course
15087,2022,경북대학교,IT대학,전자공학부,자동제어,3,1학기,3,3,0,전공,The former part of the class addresses the basic principles and fundamental techniques of feedback control systems.The later part of the class focuses on the analysis and design of feedback control systems using frequencydomain techniques.,"R. C. Dorf and R. H. Bishop ªModern Control Systemsª 13 th Edition, Pearson, 2017.",,,,True,True,False,False,False,True,target_department_and_target_course
15088,2022,경북대학교,IT대학,전자공학부,자동제어,3,1학기,3,3,0,전공,The former part of the class addresses the basic principles and fundamental techniques of feedback control systems.The later part of the class focuses on the analysis and design of feedback control systems using frequencydomain techniques.,"R. C. Dorf and R. H. Bishop ªModern Control Systemsª 13 th Edition, Pearson, 2017.",,,,True,True,False,False,False,True,target_department_and_target_course
15115,2022,경북대학교,IT대학,전자공학부,아날로그집적회로,4,1학기,3,3,0,전공,Ability to design and verify basic CMOS integrated circuits.,"References:1. Behzad Razavi, Design of Analog CMOS Integrated Circuits, McGraw Hill 2. Gray, Hurst, Lewis, and Meyer, Analysis and Design of Analog Integrated Circuits, Wiley, 4th Edition3. Johns and Martin, Analog Integrated Circuit Design, Wiley",,,Electronic Circuits I/II; Electronic Circuit Design,True,True,False,False,False,True,target_department_and_target_course
15121,2022,경북대학교,IT대학,전자공학부,반도체재료,4,1학기,3,3,0,전공,"The overall aim of this course is for the student to earn an understanding of the semiconductor properties and growth and characterization techniques, useful for advanced semiconductor technology design and engineering. This is intended for the development of semiconductor knowledge skillsets forthe power, energy conversion, (opto)electronics, and healthcare industries, and industrial Internet of Things (IoT).The key objectives of this course are to:Understand basic semiconductor materials properties such as crystal structure, bandgap,effective mass, etc.Understand the behavior of electrons and holes in semiconductors.Acquire the understanding of the engineering of the electronic band structure and crystalstructure of semiconductor materials.Appreciate semiconductor alloys in semiconductor technologies.","R.F. Pierret, Advanced Semiconductor Fundamentals, Pearson Education Inc., 2nd Ed. (2003).D.K. Schroder, Semiconductor Material and Device Characterization, WileyIEEE Press, (2006).M. Grundman, The Physics of Semiconductors: An Introduction including Devices and Nanophysics, Springer (2006).G. S. May and S. M. Sze, Fundamentals of Semiconductor Fabrication, Wiley (2004).S. Tiwari, Semiconductor Physics: Principles, Theory, and Nanoscale, Oxford University Press (2020).",,,"ELEC 213 (Basic Electronics Physics), 311 (Physical Electronics), 333 (Electronic Devices).",True,True,False,False,False,True,target_department_and_target_course
15127,2022,경북대학교,IT대학,전자공학부,반도체소자,4,2학기,3,3,0,전공,"This course will deal with the semiconductor physics, nanoelectronic devices, 1TDRAM, and tunneling devices.","(I) Title: Nanoelectronic Devices Author: ByungGook Park, Sung Woo Hwang, Young June park Publisher: Pan Stanford publishing(II) various supplements",,,"Physical Electronics, Electronic Devices",True,True,False,False,False,True,target_department_and_target_course
15155,2022,경북대학교,IT대학,전자공학부,전자공학종합설계1,4,1학기,3,2,2,전공,Learning how to collaborate team members work Learning how to implement an engineering project Learning how to present and discuss within a project team,N.A.,,,,True,False,True,False,False,True,target_department_and_foundational_course
15158,2022,경북대학교,IT대학,전자공학부,전자공학종합설계1,4,1학기,3,2,2,전공,연구 능력을 함량하는 것을 목표로 한다.,담당교수님에 따라 운영,,,담당교수님에 따라 운영,True,False,True,False,False,True,target_department_and_foundational_course
15176,2022,경북대학교,IT대학,전자공학부,파이썬프로그래밍,2,1학기,3,2,2,전공,python 기초부터 시작하여 심도 있는 내용을 학습하여 프로그래밍 능력을 키운다.,개강 후 소개하겠습니다.,,,C프로그래밍 실습,True,True,False,False,False,True,target_department_and_target_course
15178,2022,경북대학교,IT대학,전자공학부,파이썬프로그래밍,2,1학기,3,2,2,전공,Learn basic python programming skills through handson lab assignments and homework programming assginments,Python for Everybody (PY4E)https://www.py4e.com/lessons,,,Any other programming lanuage classes,True,True,False,False,False,True,target_department_and_target_course
15180,2022,경북대학교,IT대학,전자공학부,파이썬프로그래밍,2,1학기,3,2,2,전공,,,,,,True,True,False,False,False,True,target_department_and_target_course
15181,2022,경북대학교,IT대학,전자공학부,파이썬프로그래밍,2,1학기,3,2,2,전공,"Students acquire Python programming skill, and practice them to cultivate their own ability to implement their own programs.","[main text]Liang, ªIntroduction to Programming Using Pythonª Pearsonhttps://overiq.com/python101/https://pythonspot.com/https://thepythonguru.com/https://www.datacamp.com/courses/introtopythonfordatascienceutm_source®thepythonguru&utm_campaign®thepythonguru_tutorials[sub text]https://www.py4e.com/lessons[reference]1. http://www.pythontutor.com/visualize.html this website is very useful and allows to run simple Python programs and visualize the execution. Many of the illustrations in the course notes were generated using this website.ª2. https://docs.python.org/2/tutorial an official Python tutorial3. https://www.tutorialspoint.com/python a detailed tutorial with many simple examples4. https://www.learnpython.org free, interactive tutorial5. https://www.python.org/community/sigs/current/edusig/ contains links to learning resources, including two free books",,,C programming,True,True,False,False,False,True,target_department_and_target_course
15188,2022,경북대학교,IT대학,전자공학부,공학수학 1,1,2학기,3,3,0,전공,1. 기본적인 미분방정식을 풀 수 있게 한다.2. 미분방정식으로 표현되는 다양한 전자공학적 모델을 해석할 수 있도록 한다.,"교 재 : Dennis G. Zill / Warren S. Wright, Advanced Engineering Mathematics, 7/E(or 6/E, 5/E and 4/E ), Jones and Bartlett참고 교재 : E. Kreyszig, Advanced Engineering Mathematics, John Wiley & Sons",,,수학1,True,False,True,False,False,True,target_department_and_foundational_course
15189,2022,경북대학교,IT대학,전자공학부,공학수학 1,1,2학기,3,3,0,전공,미분방정식의 해를 구하는 과정을 통해서 이에 연관된 공학 전공에서 발생하는 문제들을 창의적으로 해결하는 능력을 배양하게 한다.,"교 재 : Dennis G. Zill / Warren S. Wright, Advanced Engineering Mathematics, 7/E(or 6/E and 5/E ), Jones and Bartlett참고 교재 : E. Kreyszig, Advanced Engineering Mathematics, John Wiley & Sons",,,수학 I,True,False,True,False,False,True,target_department_and_foundational_course
15216,2022,경북대학교,IT대학,전자공학부,선형대수,2,1학기,3,3,0,전공,To learn how a linear system is analyzed and to understand relavent concepts.,"Lay, ªLinear Algebra and Its Applicationsª, 5th ed. Pearson, 2016",,,공학수학,True,False,True,False,False,True,target_department_and_foundational_course
15218,2022,경북대학교,IT대학,전자공학부,선형대수,2,1학기,3,3,0,전공,"행렬연산, 행렬식, 고유치, 고유벡터, 직교성 등의 이해 및 연산 방법 습득하여 선형방정식과 선형변환의 이해 및 분석 능력을 배양한다.","교 재 : D.C.Lay, S.R.Lay and J.J.McDonald, ªLinear Algebra and its Applicationsª, 6th edition, Pearson, 2016",,,기초전자수학 또는 수학2,True,False,True,False,False,True,target_department_and_foundational_course
15223,2022,경북대학교,IT대학,전자공학부,수치해석,3,2학기,3,3,0,전공,"1. 비선형 방정식, 미분방정식등을 이해하고, 컴퓨터 프로그램밍을 통해 해를 도출 할수 있는 능력 배양2. Matlab을 사용한 수치해석 실무기술 습득","Applied Numerical Methods with MATLAB for Engineers and Scientists, Steven C. Chapra",,,선형대수,True,False,True,False,False,True,target_department_and_foundational_course
15241,2022,경북대학교,IT대학,컴퓨터학부,물리학실험 I,1,1학기,1,0,2,전공기반,"물리학I 과목에서 이론적으로 배운 역학, 진동과 파동, 열역학에 관한 기본원리와 법칙을 실험을 통해 직접 확인해 보고 이론과 비교분석함으로써 기초적 개념들에 대한 이해를 명확히 한다. 실험실습을 통하여 학생들에게 창의적으로 문제를 해결할 수 있는 능력과 물리적 개념을 바탕으로 자연현상을 과학적으로 분석하고 이해할 수 있는 능력을 갖도록 하여 앞으로 다양한 분야로 진출하게 될 과학기술인재에게 필요한 실험적 기초지식을 제공한다.","교재 : 일반물리학실험 (경북대학교 출판부)(2021년)(1학기와 2학기 모두 사용)부교재 : 기초물리학(경북대학교 출판부) , 대학물리학 I(북스힐)유튜브 : 경북대학교 물리학과(KNU physics)",,,없음,True,False,True,False,False,True,target_department_and_foundational_course
15242,2022,경북대학교,IT대학,컴퓨터학부,물리학실험 I,1,1학기,1,0,2,전공기반,"물리학I 과목에서 이론적으로 배운 역학, 진동과 파동, 열역학에 관한 기본원리와 법칙을 실험을 통해 직접 확인해 보고 이론과 비교분석함으로써 기초적 개념들에 대한 이해를 명확히 한다. 실험실습을 통하여 학생들에게 창의적으로 문제를 해결할 수 있는 능력과 물리적 개념을 바탕으로 자연현상을 과학적으로 분석하고 이해할 수 있는 능력을 갖도록 하여 앞으로 다양한 분야로 진출하게 될 과학기술인재에게 필요한 실험적 기초지식을 제공한다.","교재 : 일반물리학실험 (경북대학교 출판부)(2021년)(1학기와 2학기 모두 사용)부교재 : 기초물리학(경북대학교 출판부) , 대학물리학 I(북스힐)유튜브 : 경북대학교 물리학과(KNU physics)",,,없음,True,False,True,False,False,True,target_department_and_foundational_course
15243,2022,경북대학교,IT대학,컴퓨터학부,물리학실험 I,1,1학기,1,0,2,전공기반,"물리학I 과목에서 이론적으로 배운 역학, 진동과 파동, 열역학에 관한 기본원리와 법칙을 실험을 통해 직접 확인해 보고 이론과 비교분석함으로써 기초적 개념들에 대한 이해를 명확히 한다. 실험실습을 통하여 학생들에게 창의적으로 문제를 해결할 수 있는 능력과 물리적 개념을 바탕으로 자연현상을 과학적으로 분석하고 이해할 수 있는 능력을 갖도록 하여 앞으로 다양한 분야로 진출하게 될 과학기술인재에게 필요한 실험적 기초지식을 제공한다.","교재 : 일반물리학실험 (경북대학교 출판부)(2021년)(1학기와 2학기 모두 사용)부교재 : 기초물리학(경북대학교 출판부) , 대학물리학 I(북스힐)유튜브 : 경북대학교 물리학과(KNU physics)",,,없음,True,False,True,False,False,True,target_department_and_foundational_course
15244,2022,경북대학교,IT대학,컴퓨터학부,물리학실험 I,1,1학기,1,0,2,전공기반,"물리학I 과목에서 이론적으로 배운 역학, 진동과 파동, 열역학에 관한 기본원리와 법칙을 실험을 통해 직접 확인해 보고 이론과 비교분석함으로써 기초적 개념들에 대한 이해를 명확히 한다. 실험실습을 통하여 학생들에게 창의적으로 문제를 해결할 수 있는 능력과 물리적 개념을 바탕으로 자연현상을 과학적으로 분석하고 이해할 수 있는 능력을 갖도록 하여 앞으로 다양한 분야로 진출하게 될 과학기술인재에게 필요한 실험적 기초지식을 제공한다.","교재 : 일반물리학실험 (경북대학교 출판부)(2021년)(1학기와 2학기 모두 사용)부교재 : 기초물리학(경북대학교 출판부) , 대학물리학 I(북스힐)유튜브 : 경북대학교 물리학과(KNU physics)",,,없음,True,False,True,False,False,True,target_department_and_foundational_course
15245,2022,경북대학교,IT대학,컴퓨터학부,물리학실험 I,1,1학기,1,0,2,전공기반,"물리학I 과목에서 이론적으로 배운 역학, 진동과 파동, 열역학에 관한 기본원리와 법칙을 실험을 통해 직접 확인해 보고 이론과 비교분석함으로써 기초적 개념들에 대한 이해를 명확히 한다. 실험실습을 통하여 학생들에게 창의적으로 문제를 해결할 수 있는 능력과 물리적 개념을 바탕으로 자연현상을 과학적으로 분석하고 이해할 수 있는 능력을 갖도록 하여 앞으로 다양한 분야로 진출하게 될 과학기술인재에게 필요한 실험적 기초지식을 제공한다.","교재 : 일반물리학실험 (경북대학교 출판부)(2021년)(1학기와 2학기 모두 사용)부교재 : 기초물리학(경북대학교 출판부) , 대학물리학 I(북스힐)유튜브 : 경북대학교 물리학과(KNU physics)",,,없음,True,False,True,False,False,True,target_department_and_foundational_course
15246,2022,경북대학교,IT대학,컴퓨터학부,물리학실험 I,1,1학기,1,0,2,전공기반,"물리학I 과목에서 이론적으로 배운 역학, 진동과 파동, 열역학에 관한 기본원리와 법칙을 실험을 통해 직접 확인해 보고 이론과 비교분석함으로써 기초적 개념들에 대한 이해를 명확히 한다. 실험실습을 통하여 학생들에게 창의적으로 문제를 해결할 수 있는 능력과 물리적 개념을 바탕으로 자연현상을 과학적으로 분석하고 이해할 수 있는 능력을 갖도록 하여 앞으로 다양한 분야로 진출하게 될 과학기술인재에게 필요한 실험적 기초지식을 제공한다.","교재 : 일반물리학실험 (경북대학교 출판부)(2021년)(1학기와 2학기 모두 사용)부교재 : 기초물리학(경북대학교 출판부) , 대학물리학 I(북스힐)유튜브 : 경북대학교 물리학과(KNU physics)",,,없음,True,False,True,False,False,True,target_department_and_foundational_course
15249,2022,경북대학교,IT대학,컴퓨터학부,소셜네트워크,1,1학기,3,3,0,기본소양,"융합 : 전반적인 SNS 생태계를 이해하고, 커뮤니케이션 이론, 개념, 현상을 분석하는 기초 이론과 실체를 이해. 각 전공 분야에서 이러한 네트워크 분석적 접근법을 융합하여 활용할 수 있도록 함.","교재 : 소셜네트워크 컴퓨팅 기초, 김상욱, 홍릉과학출판사, 2019.12.참고문헌 : 문화 기술 개론, 김상욱외1, 경북대학교출판부, 2017.2 R을 활용한 소셜 빅데이터 연구방법론, 송태민외1, 한나래, 2016.1.",,,없음,True,True,False,False,False,True,target_department_and_target_course
15255,2022,경북대학교,IT대학,컴퓨터학부,이산수학,1,2학기,3,3,0,전공기반,컴퓨터 탄생의 역사 및 발전 방향과 더불어 수학의 기본 개념과 논리 전개 방식 그리고 컴퓨터 공학에 필요한 수학의 기초에 대해 학습한다.,"* 아래 교재는 수업 준비를 위해 활용됩니다. 이산수학 및 응용, Susanna S. Epp 저",,,없음,True,False,True,False,False,True,target_department_and_foundational_course
15270,2022,경북대학교,IT대학,컴퓨터학부,기초창의공학설계,1,2학기,3,2,2,공학전공,"문제정의, 창의적 사고 개발 기법을 학습하고 이를 활용하는 방법을 배운다.팀웍, 의사소통 및 결정, 보고서 작성 및 발표 방법을 학습한다.팀 프로젝트를 통하여 창의적 문제 해결 능력을 배양한다.","창의적 발상기법 기반의 창의공학설계, 정동명 저, 생능출판사, 2007 결국 아이디어는 발견이다. KMAC(한국표준협회), 2019.창의공학설계, 김종식 외 3인, 북스힐 출판사, 창의발상론, 박영택 저, 개정판, KMAC, 2019.",,,SW 문제해결,True,False,True,False,False,True,target_department_and_foundational_course
15280,2022,경북대학교,IT대학,컴퓨터학부,자바프로그래밍,2,1학기,3,2,2,공학전공,This course provides firsttime programmers a fundamentalsfirst approach to learning the Java programming language.,"Main Textbook: 명품 Java Essential, 황기태 지음, 생능출판References: H. M. Deitel, P. J. Deitel, Java How to Program, 9th(10th) Edition Pearson. Other Java Related Materials",,,C or other basic languages,True,True,False,False,False,True,target_department_and_target_course
15281,2022,경북대학교,IT대학,컴퓨터학부,자바프로그래밍,2,1학기,3,2,2,공학전공,다양하고 풍부한 실습을 통해 Java 언어의 기본 개념과 이를 이용한 문제해결 능력 향상,"주교재 : 명품 Java Essential, 황기태 지음, 생능 출판부교재:H. M. Deitel, P. J. Deitel , Java How to Program, 9th(10th) Edition, Pearson.참고문헌 : 자바 관련 서적들",,,C언어나 다른 기초 언어,True,True,False,False,False,True,target_department_and_target_course
15290,2022,경북대학교,IT대학,컴퓨터학부,운영체제,3,1학기,3,3,0,공학전공,Understand core components of modern OS.Understand the relationship between OS components.Acquire detailed knowledge of OS concepts through intensive programming assignments.,"Operating System Concepts, 9th Edition by Abraham Silberschatz, Peter Baer Galvin, Greg Gagne",,,C programming,True,True,False,True,False,True,target_department_and_target_course
15302,2022,경북대학교,IT대학,컴퓨터학부,알고리즘2,3,2학기,3,2,2,공학전공,스스로 끈기 있게 문제에 대한 해법을 생각하는 능력을 기른다.주어진 해결 방법의 장단점을 분석하고 개선할 수 있는 능력을 기른다.,"* 교재는 LMS에 올려드리는 강의 자료가 대신하므로 구매하지 않아도 됩니다. * 아래 교재는 수업 준비를 위해 참조되었습니다.수업 내용에 대해 추가로 알고 싶을 때나, 이해가 잘되지 않는 부분이 있을 때 도서관 등에서 참고하세요.[1] Introduction to Algorithmsby Thomas H. Cormen, Charles E. Leiserson, Ronald L. Rivest, and Clifford Stein[2] Algorithmsby Robert Sedgewick and Kevin Wayne",,,"‘자료구조’, ‘알고리즘1’ 과목을 수강하였다고 가정하고 진행됨‘Python’으로 프로그래밍 가능하여야 함",True,True,False,True,False,True,target_department_and_target_course
15314,2022,경북대학교,IT대학,컴퓨터학부,모바일앱프로그래밍1,3,2학기,3,2,2,공학전공,앱 서비스를 통해 해결할 수 있는 문제를 발견하고 정의할 수 있다.다양한 전공지식 및 기술을 활용하여 통합적으로 주어진 문제를 해결할 수 있다.,"주교재: Do it! 깡샘의 안드로이드 앱 프로그래밍 with 코틀린 개정판, 강성윤, 이지스퍼블리싱, 2022부교재:Do it! (기초 문법부터 안드로이드 활용까지!) 코틀린 프로그래밍, 황영덕, 이지스퍼블리싱, 2019",,,자바프로그래밍,True,True,False,False,False,True,target_department_and_target_course
15322,2022,경북대학교,IT대학,컴퓨터학부,소프트웨어공학,3,1학기,3,3,0,공학전공,"This software engineering course aims at learning development skills such as requirements analysis, software testing, and evolution. In particular, the students will follow a general process of testdriven development (TDD), in which developers write test cases first and make the target software system comply with the test cases. TDD iterates this “writeandtest” activity for every development phase and software change.","Software Engineering: A Practitionerªs Approach, McGrawHill Education, 8th EditionJoel on Software, Apress; 2004. Corr. 3rd edition The Art of Readable Code: Simple and Practical Techniques for Writing Better Code, OªReilly Media; 1st editionHead First Design Patterns: A BrainFriendly Guide, OªReilly Media; 1st editionRefactoring: Improving the Design of Existing Code, AddisonWesley Professional; 1st editionPro Git, Apress; 1st ed. edition",,,"Software and Problem Solving, Creative Engineering Design, Java Programming, Data Structure",True,True,False,False,False,True,target_department_and_target_course
15331,2022,경북대학교,IT대학,컴퓨터학부,네트워크프로그래밍,3,1학기,3,2,2,공학전공,"The objectives of this lecture are as follows:After successfully taking this course, students will be able to programming for sever/client communications based on either TCP or UDP , such as chatting between multiple hosts, other communication activities among hosts, etc.","TCP/IP Socket Programming : 윤성우의 열혈 TCP/IP 소켓프로그래밍 (main)Unix Network Programming (The Socket Networking API), Volume 1, 3rd Edition, W. Richard Stevens, Bill Fenner, Andrew M. Rudoffother websearching materials that are useful",,,"C or C++, Linux",True,True,False,False,False,True,target_department_and_target_course
15332,2022,경북대학교,IT대학,컴퓨터학부,네트워크프로그래밍,3,1학기,3,2,2,공학전공,"The objectives of this lecture are as follows:After successfully taking this course, students will be able to programming for sever/client communications based on either TCP or UDP , such as chatting between multiple hosts, other communication activities among hosts, etc.","TCP/IP Socket Programming : 윤성우의 열혈 TCP/IP 소켓프로그래밍 (main)Unix Network Programming (The Socket Networking API), Volume 1, 3rd Edition, W. Richard Stevens, Bill Fenner, Andrew M. Rudoffother websearching materials that are useful",,,"C or C++, Linux",True,True,False,False,False,True,target_department_and_target_course
15333,2022,경북대학교,IT대학,컴퓨터학부,네트워크프로그래밍,3,1학기,3,2,2,공학전공,"The objectives of this lecture are as follows:After successfully taking this course, students will be able to programming for sever/client communications based on either TCP or UDP , such as chatting between multiple hosts, other communication activities among hosts, etc.","TCP/IP Socket Programming : 윤성우의 열혈 TCP/IP 소켓프로그래밍 (main)Unix Network Programming (The Socket Networking API), Volume 1, 3rd Edition, W. Richard Stevens, Bill Fenner, Andrew M. Rudoffother websearching materials that are useful",,,"C or C++, Linux",True,True,False,False,False,True,target_department_and_target_course
15336,2022,경북대학교,IT대학,컴퓨터학부,논리회로,2,1학기,3,3,0,공학전공,"본 강의를 통하여 논리회로에 대한 이해와 디지털 회로 설계를 위한 기초 지식에 대해서 배운다. 기본적인 불린 연산과 멀티플렉서, 디코더, 시퀀셜 로직 등에 대해서 배워 후속 과목인 컴퓨터 구조에 대한 이해를 돕도록 한다.","Fundamentals of Logic Design (7th Edition) by Charles H. Roth, Jr. and Larry L. Kinney",,,없음,True,True,False,False,False,True,target_department_and_target_course
15337,2022,경북대학교,IT대학,컴퓨터학부,논리회로,2,1학기,3,3,0,공학전공,"Students will learn basic concepts of digital logic design. The topics include boolean algebra, multiplexers, decoders, and sequential logic. The course will be used in the postrequired course such as computer architecture.","Fundamentals of Logic Design (7th Edition) by Charles H. Roth, Jr. and Larry L. Kinney",,,,True,True,False,False,False,True,target_department_and_target_course
15340,2022,경북대학교,IT대학,컴퓨터학부,시스템프로그래밍,2,2학기,3,2,2,공학전공,"본 강의는 시스템 프로그래밍을 위한 다양한 기초 지식에 대해서 실습하며 익힌다. 포인터의 개념을 시작으로 Linux 시스템, 파일, 시그널, 이벤트, 프로세스, I/O, 프로세스 간 통신, 쓰레드 등에 대해서 공부한다. 본 과목을 학습한 이후에 컴퓨터 시스템에 대한 이해와 깊이 있는 응용 프로그램 개발이 가능해진다.","Understanding Unix/Linux Programming, Bruce Molay, PrenticeHall.",,,C Programming; Introduction to Computer Science; Data Structures; Discrete Mathematics,True,True,False,False,False,True,target_department_and_target_course
15341,2022,경북대학교,IT대학,컴퓨터학부,시스템프로그래밍,2,2학기,3,2,2,공학전공,"This course cover all the major ideas of Unix/Linux programming; file I/O, file systems, device I/O, terminal driver, timers, signals, processes, pipes, and POSIX threads. Students will be expected to write programs that make full use of operating system services while learning how Unix/Linux works. Weªll play with Ubuntu system.","Understanding Unix/Linux Programming, Bruce Molay, PrenticeHall.",,,C Programming; Introduction to Computer Science; Data Structures; Discrete Mathematics,True,True,False,False,False,True,target_department_and_target_course
15343,2022,경북대학교,IT대학,컴퓨터학부,시스템프로그래밍,2,2학기,3,2,2,공학전공,1) 컴퓨터공학의 기본 지식 배양 2) 문제 해결 및 창의적 설계 능력 배양 3) 실무 능력 및 사회환경 변화를 선도하는 리더쉽 배양 4) 인격체로서의 기본 소양 및 국제적 협력 능력 배양,"주교재Understanding Unix/Linux Programming, PrenticeHall, 2003.부교재Computer systems: a programmer's perspective (3rd Edition), Pearson Academic, 2016Advanced Programming in the UNIX® Environment (Third Edition), AddisonWesley Professional, 2013",,,"Programming for Beginners, Data Structure",True,True,False,False,False,True,target_department_and_target_course
15344,2022,경북대학교,IT대학,컴퓨터학부,시스템프로그래밍,2,2학기,3,2,2,공학전공,"본 강의는 시스템 프로그래밍을 위한 다양한 기초 지식에 대해서 실습하며 익힌다. 포인터의 개념을 시작으로 Linux 시스템, 파일, 시그널, 이벤트, 프로세스, I/O, 프로세스 간 통신, 쓰레드 등에 대해서 공부한다. 본 과목을 학습한 이후에 컴퓨터 시스템에 대한 이해와 깊이 있는 응용 프로그램 개발이 가능해진다.","Understanding Unix/Linux Programming, Bruce Molay, PrenticeHall.",,,C Programming; Introduction to Computer Science; Data Structures; Discrete Mathematics,True,True,False,False,False,True,target_department_and_target_course
15345,2022,경북대학교,IT대학,컴퓨터학부,시스템프로그래밍,2,2학기,3,2,2,공학전공,"This course cover all the major ideas of Unix/Linux programming; file I/O, file systems, device I/O, terminal driver, timers, signals, processes, pipes, and POSIX threads. Students will be expected to write programs that make full use of operating system services while learning how Unix/Linux works. Weªll play with Ubuntu system.","Understanding Unix/Linux Programming, Bruce Molay, PrenticeHall.",,,C Programming; Introduction to Computer Science; Data Structures; Discrete Mathematics,True,True,False,False,False,True,target_department_and_target_course
15347,2022,경북대학교,IT대학,컴퓨터학부,공학수학 1,2,1학기,3,3,0,전공기반,일상생활에서 발견할 수 있는 문제들에 대하여 수학적 모델링을 수행한다.수학적 모델링을 통하여 문제 해결 능력을 배양한다.,"교 재 : Advanced Engineering Mathematics 8th solutions ONeil참고 교재 : Dennis G. Zill, Advanced Engineering Mathematics, 4/E, Jones and Bartlett, 2009 E. Kreyszig, Advanced Engineering Mathematics, John Wiley & Sons",,,"SW수학, 기타 수학교과목",True,False,True,False,False,True,target_department_and_foundational_course
15360,2022,경북대학교,IT대학,컴퓨터학부,선형대수,2,2학기,3,3,0,전공기반,"실생활에서 발생할 수 있는 문제를 수학적으로 모델링 할 수 있다.실생활에서 발생할 수 있는 문제를 선형 프로그래밍을 통하여 해결할 수 있다.실생활에서 발생할 수 있는 문제를 다양한 방법으로 해결하며, 이에 대한 절차 및 결과를 비교/분석할 수 있다.","Linear Algebra and its Application, 5th edition, David C. Lay, Steven R. Lay, Judi J. McDonald",,,"수학1, 수학2, 프로그래밍언어",True,False,True,False,False,True,target_department_and_foundational_course
15361,2022,경북대학교,IT대학,컴퓨터학부,선형대수,2,2학기,3,3,0,전공기반,"Problems that can occur in real life can be solved through linear programming.We can mathematically model problems that can occur in real life.It solves problems that can arise in real life in a multifaceted way, and the procedures and results for them can be compared and analyzed.","Linear Algebra and its Application, 5th edition, David C. Lay, Steven R. Lay, Judi J. McDonald",,,"Math in high school, Programming language",True,False,True,False,False,True,target_department_and_foundational_course
15371,2022,경북대학교,IT대학,전자공학부 모바일공학전공,파이썬프로그래밍,2,1학기,3,2,2,전공,python 기초부터 시작하여 심도 있는 내용을 학습하여 프로그래밍 능력을 키운다.,개강 후 소개하겠습니다.,,,C프로그래밍 실습,True,True,False,False,False,True,target_department_and_target_course
15408,2022,경북대학교,IT대학,컴퓨터학부 글로벌소프트웨어융합전공,이산수학,1,1학기,3,3,0,전공,수학의 기본 개념과 논리 전개 방식 그리고 컴퓨터 공학에 필요한 수학의 기초에 대해 학습한다.,"* 아래 교재는 수업 준비를 위해 활용됩니다. 이산수학 및 응용, Susanna S. Epp 저",,,없음,True,False,True,False,False,True,target_department_and_foundational_course
15442,2022,경북대학교,IT대학,컴퓨터학부 글로벌소프트웨어융합전공,창의융합설계,1,2학기,3,2,2,전공,"창의 IT 융합을 위한 창의적 해결 능력과 상상력을 키우고 적용하는 기술 습득하여 프로젝트에 적용함 융합 IT와 타학문의 소프트웨어 기반 융합 역량을 고양하기 위한 프로젝트 실습 수행 태도 프로젝트를 진행하면서 팀원들과 의견 조율하고 소통하며, 프로젝트 발표를 통해 발표하는 태도를 학습함",웹으로 강의 자료 배포,,,기초 프로그래밍,True,False,True,False,False,True,target_department_and_foundational_course
15445,2022,경북대학교,IT대학,컴퓨터학부 글로벌소프트웨어융합전공,오픈소스프로그래밍,2,1학기,3,2,2,전공,Development skills to fluently use opensource software systems.Communication skills to work together with other developers in the world.,"Refactoring: Improving the Design of Existing Code, AddisonWesley Professional; 1st editionPro Git, Apress; 1st ed. editionJoel on Software, Apress; 2004. Corr. 3rd edition The Art of Readable Code: Simple and Practical Techniques for Writing Better Code, OªReilly Media; 1st edition",,,"Software Computational Thinking, Data Structure",True,True,False,False,False,True,target_department_and_target_course
15447,2022,경북대학교,IT대학,컴퓨터학부 글로벌소프트웨어융합전공,오픈소스프로그래밍,2,1학기,3,2,2,전공,융합: 다양한 오픈소스프로젝트들을 기반으로 여러 기능들을 융합하여 자신만의 프로젝트를 수행하면서 전반적인 이론을 이해한다.,파워포인트 강의자료 (http://lms.knu.ac.kr/),,,"C/C++, Python",True,True,False,False,False,True,target_department_and_target_course
15449,2022,경북대학교,IT대학,컴퓨터학부 글로벌소프트웨어융합전공,알고리즘실습,2,1학기,3,2,2,전공필수,주어진 문제를 해결할 수 있는 절차를 명확하게 정의할 수 있는 알고리즘 설계 역량을 키운다.,"Richard E. Neapolitan, Foundations of Algorithms 5th Edition. Jones and Bartlett. 2015.(번역판) Richard E. Neapolitan, 도경구 역. 알고리즘 기초 5판. 홍릉과학출판사. 2017.",,,"프로그래밍기초, 자료구조/자료구조응용",True,True,False,True,False,True,target_department_and_target_course
15450,2022,경북대학교,IT대학,컴퓨터학부 글로벌소프트웨어융합전공,알고리즘실습,2,1학기,3,2,2,전공필수,주어진 문제를 해결할 수 있는 절차를 명확하게 정의할 수 있는 알고리즘 설계 역량을 키운다.,"Richard E. Neapolitan, Foundations of Algorithms 5th Edition. Jones and Bartlett. 2015.(번역판) Richard E. Neapolitan, 도경구 역. 알고리즘 기초 5판. 홍릉과학출판사. 2017.",,,"프로그래밍기초, 자료구조/자료구조응용",True,True,False,True,False,True,target_department_and_target_course
15452,2022,경북대학교,IT대학,컴퓨터학부 글로벌소프트웨어융합전공,컴퓨터망프로그래밍,2,2학기,3,2,2,전공,네트워크 기술의 기본 내용을 이해하고 TCP/IP 기반의 네트워크 프로그램을 개발할 수 있다.,"1. 주교재윤성우의 열혈 TCP/IP 소켓프로그래밍2. 보조교재Introduction to the Internet : Computer Networking: A TopDown Approach, J. F. Kurose and K.W. Ross",,,"C 프로그래밍, 시스템 프로그래밍",True,True,False,False,False,True,target_department_and_target_course
15995,2022,경상국립대학교,경영대학,경영정보학과,데이터베이스시스템,3,1학기,3,2,1,전공필수,"오늘날 기업에서는 기업 경영에 사용되는 다양한 데이터들을 효율적이고 관리하기 위해 데이터베이스 시스템을 사용하고 있다. 본 수업을 통해 (1) 데이터베이스 기초 이론, (2) 데이터베이스 설계 및 모델링, (3) SQL질의 및 4) DBMS 실습 등에 관한 내용을 학습한다. 본 강의에서는 MS사의 Access를 활용하여 테이블 작성, SQL 작성, 폼 및 보고서 작성 등을 실습하고 학사관리시스템을 구축해 봄으로써 데이터베이스 시스템에 관한 이해를 높이고자 한다. (참고: 본 강의계획서의 일부 내용은 변경될 수 있으며 수업 첫 시간때 최종 확정된 강의계획서를 전달하고자 한다.)",김연희/데이터베이스 개론 2판/한빛아카데미,,김지연/데이터베이스 기초와 실습 액세스 2013/한빛아카데이,,False,True,False,True,True,True,strong_ai_cs_course_outside_target_department
16009,2022,경상국립대학교,경영대학,경영정보학과,데이터마이닝,3,2학기,3,2,1,전공선택,"본 수업을 통해 학생들은 데이터마이닝 분석 기법에 대해 학습한다. 데이터 전처리 방법, 군집분석, 연관규칙분석, 분류분석 등에 대해 학습하며, 오픈 분석 프로그램인 Weka를 활용하여 실습을 진행한다. 또한 학생들은 팀 프로젝트를 통하여 비즈니스 문제 해결에 필요한 예측 모형을 개발하고, 이를 발표 및 토론하는 시간을 가진다. (※ 수업시간 이외 실습이 필요한 학생들은 201동 302호를 이용하기 바랍니다.)",유동희/강의자료(PPT) 배포/홈페이지에서 다운로드,,"유동희, 최근호/Weka를 활용한 데이터 마이닝, 데이터 분석의 기초부터 분석 방법 설계까지(2021)/혜명,이안 위튼, 아이베 프랭크, 마크 홀 (이승현 옮김)/데이터 마이닝 DATA MINING 데이터 속 숨은 의미를 찾는 기계 학습의 이론과 응용 (2013)/에이콘 출판사",,False,True,False,True,True,True,strong_ai_cs_course_outside_target_department
16010,2022,경상국립대학교,경영대학,경영정보학과,데이터마이닝,3,2학기,3,2,1,전공선택,"본 수업을 통해 학생들은 데이터마이닝 분석 기법에 대해 학습한다. 데이터 전처리 방법, 군집분석, 연관규칙분석, 분류분석 등에 대해 학습하며, 오픈 분석 프로그램인 Weka를 활용하여 실습을 진행한다. 또한 학생들은 팀 프로젝트를 통하여 비즈니스 문제 해결에 필요한 예측 모형을 개발하고, 이를 발표 및 토론하는 시간을 가진다. (※ 수업시간 이외 실습이 필요한 학생들은 201동 302호를 이용하기 바랍니다.)",유동희/강의자료(PPT) 배포/홈페이지에서 다운로드,,"유동희, 최근호/Weka를 활용한 데이터 마이닝, 데이터 분석의 기초부터 분석 방법 설계까지(2021)/혜명,이안 위튼, 아이베 프랭크, 마크 홀 (이승현 옮김)/데이터 마이닝 DATA MINING 데이터 속 숨은 의미를 찾는 기계 학습의 이론과 응용 (2013)/에이콘 출판사",,False,True,False,True,True,True,strong_ai_cs_course_outside_target_department
16012,2022,경상국립대학교,경영대학,경영정보학과,데이터베이스시스템종합설계및구현,3,2학기,3,1,2,전공선택,"데이터베이스시스템 기반의 응용 프로그램을 설계 및 개발하는 것을 목적으로 하며, MySQL를 활용한 프로그래밍 사례를 학습하고 프로토타입 시스템을 설계 및 개발함본 과목은 기업연계 캡스톤디자인 프로젝트가 포함된 수업으로 신성장 산업의 맞춤형 인재 양성을 목표로 ""유니드, ㈜하이스마트, 경남신용보증재단, (주)모듈링크, ㈜마엇"" 기업/기관 등과 산학 연계하여 DBMS(Database Management system) 분석 및 설계 기술을 토대로 기업 내 제품서비스 인프라 구축을 위한 데이터베이스 설계/프로토타입 시스템 개발을 위한 효율적인 방안에 대해 산업현장과 사회에서 요구하는 문제해결·협업·실무능력 등을 갖추고 학생의 역량강화와 기업의 경쟁력 제고를 학습 목표로 한다.해당 프로젝트 수행을 위해 경영정보학과 전용실습실(201동 302호)을 함께 활용한다.(실습실 사용시 경영정보학과 사무실 문의 필요)",김연희/데이터베이스 개론(3판)/한빛아카데미(주),,우재남/이것이 MySQL이다/한빛미디어,,False,True,True,True,True,True,strong_ai_cs_course_outside_target_department
16018,2022,경상국립대학교,경영대학,경영정보학과,빅데이터분석,3,1학기,3,1,2,전공선택,"This class introduces the concept of data science and the basic skills required to do big data analytics with Python.It will request you to find previous research, search useful datasets, and form research questions about the data.It will request you to perform basic data analysis, answer your research questions, and present your findings.","Wes McKinney/Python for Data Analysis/O'Reilly Media,웨스 맥키니/김영근/파이썬 라이브러리를 활용한 데이터 분석(2판)/한빛미디어",,"Andrew Bruce and Peter C. Bruce/Practical Statistics for Data Scientists/O'Reilly Media,Jake VanderPlas/Python Data Science Handbook/O'Reilly Media",,False,True,False,True,True,True,strong_ai_cs_course_outside_target_department
16019,2022,경상국립대학교,경영대학,경영정보학과,빅데이터분석,3,1학기,3,1,2,전공선택,"This class introduces the concept of data science and the basic skills required to do big data analytics with Python.It will request you to find previous research, search useful datasets, and form research questions about the data.It will request you to perform basic data analysis, answer your research questions, and present your findings.","Wes McKinney/Python for Data Analysis/O'Reilly Media,웨스 맥키니/김영근/파이썬 라이브러리를 활용한 데이터 분석(2판)/한빛미디어",,"Andrew Bruce and Peter C. Bruce/Practical Statistics for Data Scientists/O'Reilly Media,Jake VanderPlas/Python Data Science Handbook/O'Reilly Media",,False,True,False,True,True,True,strong_ai_cs_course_outside_target_department
16020,2022,경상국립대학교,경영대학,경영정보학과,빅데이터분석,3,1학기,3,1,2,전공선택,"This class introduces the concept of data science and the basic skills required to do big data analytics with Python.It will request you to find previous research, search useful datasets, and form research questions about the data.It will request you to perform basic data analysis, answer your research questions, and present your findings.","Wes McKinney/Python for Data Analysis/O'Reilly Media,웨스 맥키니/김영근/파이썬 라이브러리를 활용한 데이터 분석(2판)/한빛미디어",,"Andrew Bruce and Peter C. Bruce/Practical Statistics for Data Scientists/O'Reilly Media,Jake VanderPlas/Python Data Science Handbook/O'Reilly Media",,False,True,False,True,True,True,strong_ai_cs_course_outside_target_department
16049,2022,경상국립대학교,경영대학,경영정보학과,정보보안관리,4,1학기,3,3,0,전공선택,"4차 산업혁명과 메타버스, NFT, SNS 등의 기술이 우리 사회에 중요한 부분으로 자리 잡고 있지만, 이와 함께 “보안위협”에 대한 관심과 요구도 증가하고 있다. 본 강의의 목적은 IT지식이 없는 초보자의 관점에서 보안에 대한 기초 지식을 배우고, 사이버 보안 위협에 신속하게 대응할 수 있는 능력을 함량하는 데 있다.이를 위해 정보 보호의 기본 개념과 정보 보호를 위한 IT,네트워크 기초 지식, 그리고 사이버 위협에 대응하는 방법 등에 대해 초보자의 관점에서 쉽고 재미있게 학습하며, 이를 통해 한 학기 수업 후 정보 보호 관리에 대한 전반적인 지식을 배양할 수 있는 것으로 생각된다.",장상수/4차 산업혁명의 정보보호 개론/생능출판사,,양대일/정보보안 개론/한빛미디어,,False,True,False,True,True,True,strong_ai_cs_course_outside_target_department
16054,2022,경상국립대학교,경영대학,경영정보학과,경영빅데이터분석개론,2,1학기,3,3,0,전공선택,"빅데이터분석의 개념, 접근방향 및 분석과정 등에 대한 기본적인 지식을 학습함으로써빅데이터분석 분야에 대한 기본적인 통찰력을 가질 수 있는 지식을 정리하도록 한다.실제 빅데이터분석에 필수 수단인 분석 프로그래밍 언어(파이썬)를 활용한 분석의 실행경험을통하여 분야의 기초역량을 가지도록 한다.데이터 요약, 탐색, 시각화, 선형회귀모형, 분류 및 군집 등에 대해 파이썬을 적용해 봄으로써빅데이터 분석의 실행과정에 대해 경험하도록 한다.","/강의 유인물/,강지영/파이썬으로 시작하는 데이터 분석 /아이리포",,/관련 서적(수업중 소개)/,,False,True,False,True,True,True,strong_ai_cs_course_outside_target_department
16055,2022,경상국립대학교,경영대학,경영정보학과,경영빅데이터분석개론,2,1학기,3,3,0,전공선택,"빅데이터분석의 개념, 접근방향 및 분석과정 등에 대한 기본적인 지식을 학습함으로써빅데이터분석 분야에 대한 기본적인 통찰력을 가질 수 있는 지식을 정리하도록 한다.실제 빅데이터분석에 필수 수단인 분석 프로그래밍 언어(파이썬)를 활용한 분석의 실행경험을통하여 분야의 기초역량을 가지도록 한다.데이터 요약, 탐색, 시각화, 선형회귀모형, 분류 및 군집 등에 대해 파이썬을 적용해 봄으로써빅데이터 분석의 실행과정에 대해 경험하도록 한다.","/강의 유인물/,강지영/파이썬으로 시작하는 데이터 분석 /아이리포",,/관련 서적(수업중 소개)/,,False,True,False,True,True,True,strong_ai_cs_course_outside_target_department
16062,2022,경상국립대학교,경영대학,경영정보학과,데이터분석모형과활용,4,2학기,3,3,0,전공선택,"‘데이터분석 모형과 활용’이라는 교과목의 개발을 위해서는, 다음 두 영역을 충분히 조사하여 분석 및 정리하는 것이 필요하다.(1) 빅데이터 분석에 활용되는 다양한 데이터 분석기법(분석모형)들의 이론적 정리(2) 빅데이터 분석기법의 이론을 실현할 수 있는 실제 소프트웨어 구현 및 활용위 (1)을 위해서는 관련되는 여러 분야의 분석기법들의 이론이나 알고리즘 등을 조사 및 정리할 수 있는 참고문헌과 자료들을 분류하여 정리하고, 학생들이 가능한 한 쉽게 이해할 수 있는 수준으로 정리하여 제시하는 것이 필요할 것이다. 그리고 (2)를 위해서는 (1)에서 정리한 제 분석기법 각각 대하여 현실성 있는 사례문제(사례 데이터)를 조사하여 제시하고, 직접 소프트웨어 활용하여 분석 및 평가하는 과정을 접하고 실습할 수 있도록 소프트웨어 활용과정을 정리하도록 한다.",지원철/빅데이터AI를 위한 데이터과학(필요시 조정 또는 변경)/민영사,/강의유인물/,,,False,True,False,True,True,True,strong_ai_cs_course_outside_target_department
17206,2022,경상국립대학교,공과대학,전기공학과,전기전자응용실험1,3,1학기,3,0,3,전공필수,"먼저 AND, OR, NAND, NOR 등 각종 논리소자의 기본특성을 이해한다. MUX 및 DMUX, 플립플롭을 사용한 동기 및 비동기식 카운터 구성 등의 실험을 통해 논리회로 설계 능력을 기른다. 조별로 TTL을 사용하여 실험하며, 학기말에는 개인별 프로젝트를 수행한다.",,,,"추천선수과목 : 전기전자실험1, 디지털시스템",True,False,True,False,False,True,target_department_and_foundational_course
17207,2022,경상국립대학교,공과대학,전기공학과,전기전자응용실험1,3,1학기,3,0,3,전공필수,"먼저 AND, OR, NAND, NOR 등 각종 논리소자의 기본특성을 이해한다. MUX 및 DMUX, 플립플롭을 사용한 동기 및 비동기식 카운터 구성 등의 실험을 통해 논리회로 설계 능력을 기른다. 조별로 TTL을 사용하여 실험하며, 학기말에는 개인별 프로젝트를 수행한다.",,,,"추천선수과목 : 전기전자실험1, 디지털시스템",True,False,True,False,False,True,target_department_and_foundational_course
17209,2022,경상국립대학교,공과대학,전기공학과,전기전자응용실험2,3,2학기,3,0,3,전공필수,마이크로 콘트롤러 기본 개념 이해마이크로 콘트롤러 응용 능력 배양각종 센서의 원리 및 응용 능력 배양팀 활동에 따른 협동심 및 발표력 배양,김경연/아두이노 완전정복/복두출판사,,,"필수선수과목 : 공학프로그래밍 언어,추천선수과목 : 디지털시스템, 전기전자응용실험1",True,False,True,False,False,True,target_department_and_foundational_course
17210,2022,경상국립대학교,공과대학,전기공학과,전기전자응용실험2,3,2학기,3,0,3,전공필수,마이크로 콘트롤러 기본 개념 이해마이크로 콘트롤러 응용 능력 배양각종 센서의 원리 및 응용 능력 배양팀 활동에 따른 협동심 및 발표력 배양,김경연/아두이노 완전정복/복두출판사,,,"필수선수과목 : 공학프로그래밍 언어,추천선수과목 : 디지털시스템, 전기전자응용실험1",True,False,True,False,False,True,target_department_and_foundational_course
17212,2022,경상국립대학교,공과대학,전기공학과,전기전자실험1,2,1학기,2,0,2,전공필수,"전기공학의 기초적이고 중요한 여러가지 이론들을 다양한 기자재를 이용한 실험을 통해 습득하고, 향후 전기공학관련 실무에 적용할 수 있는 응용능력을 배양한다.",윤길중/기초전기전자실험/복두출판사,,"C.R.Paul, K.W.Whites,S.A.Nasar/Introduction to Electromagnetic Fields (3rd edn.)/McGrawHill,D.K.Cheng/Fundamentals of Engineering Electromagnetics/AddisonWesley,F.D.Ulaby/Fundamentals of Applied Electromagnetics (1999 edn.)/PrenticeHall, Inc.,Z.Popovic,B.D.Popovic/Introductory Electromagnetics/PrenticeHall, Inc.,정동규/기초전기전자회로실험/인터비전",,True,False,True,False,False,True,target_department_and_foundational_course
17213,2022,경상국립대학교,공과대학,전기공학과,전기전자실험1,2,1학기,2,0,2,전공필수,"전기공학의 기초적이고 중요한 여러가지 이론들을 다양한 기자재를 이용한 실험을 통해 습득하고, 향후 전기공학관련 실무에 적용할 수 있는 응용능력을 배양한다.",윤길중/기초전기전자실험/복두출판사,,"C.R.Paul, K.W.Whites,S.A.Nasar/Introduction to Electromagnetic Fields (3rd edn.)/McGrawHill,D.K.Cheng/Fundamentals of Engineering Electromagnetics/AddisonWesley,F.D.Ulaby/Fundamentals of Applied Electromagnetics (1999 edn.)/PrenticeHall, Inc.,Z.Popovic,B.D.Popovic/Introductory Electromagnetics/PrenticeHall, Inc.,정동규/기초전기전자회로실험/인터비전",,True,False,True,False,False,True,target_department_and_foundational_course
17214,2022,경상국립대학교,공과대학,전기공학과,전기전자실험1,2,1학기,2,0,2,전공필수,"전기공학의 기초적이고 중요한 여러가지 이론들을 다양한 기자재를 이용한 실험을 통해 습득하고, 향후 전기공학관련 실무에 적용할 수 있는 응용능력을 배양한다.",윤길중/기초전기전자실험/복두출판사,,"C.R.Paul, K.W.Whites,S.A.Nasar/Introduction to Electromagnetic Fields (3rd edn.)/McGrawHill,D.K.Cheng/Fundamentals of Engineering Electromagnetics/AddisonWesley,F.D.Ulaby/Fundamentals of Applied Electromagnetics (1999 edn.)/PrenticeHall, Inc.,Z.Popovic,B.D.Popovic/Introductory Electromagnetics/PrenticeHall, Inc.,정동규/기초전기전자회로실험/인터비전",,True,False,True,False,False,True,target_department_and_foundational_course
17215,2022,경상국립대학교,공과대학,전기공학과,전기전자실험1,2,1학기,2,0,2,전공필수,"전기공학의 기초적이고 중요한 여러가지 이론들을 다양한 기자재를 이용한 실험을 통해 습득하고, 향후 전기공학관련 실무에 적용할 수 있는 응용능력을 배양한다.",윤길중/기초전기전자실험/복두출판사,,"C.R.Paul, K.W.Whites,S.A.Nasar/Introduction to Electromagnetic Fields (3rd edn.)/McGrawHill,D.K.Cheng/Fundamentals of Engineering Electromagnetics/AddisonWesley,F.D.Ulaby/Fundamentals of Applied Electromagnetics (1999 edn.)/PrenticeHall, Inc.,Z.Popovic,B.D.Popovic/Introductory Electromagnetics/PrenticeHall, Inc.,정동규/기초전기전자회로실험/인터비전",,True,False,True,False,False,True,target_department_and_foundational_course
17216,2022,경상국립대학교,공과대학,전기공학과,전기전자실험1,2,1학기,2,0,2,전공필수,"전기공학의 기초적이고 중요한 여러가지 이론들을 다양한 기자재를 이용한 실험을 통해 습득하고, 향후 전기공학관련 실무에 적용할 수 있는 응용능력을 배양한다.",윤길중/기초전기전자실험/복두출판사,,"C.R.Paul, K.W.Whites,S.A.Nasar/Introduction to Electromagnetic Fields (3rd edn.)/McGrawHill,D.K.Cheng/Fundamentals of Engineering Electromagnetics/AddisonWesley,F.D.Ulaby/Fundamentals of Applied Electromagnetics (1999 edn.)/PrenticeHall, Inc.,Z.Popovic,B.D.Popovic/Introductory Electromagnetics/PrenticeHall, Inc.,정동규/기초전기전자회로실험/인터비전",,True,False,True,False,False,True,target_department_and_foundational_course
17217,2022,경상국립대학교,공과대학,전기공학과,전기전자실험1,2,1학기,2,0,2,전공필수,"전기공학의 기초적이고 중요한 여러가지 이론들을 다양한 기자재를 이용한 실험을 통해 습득하고, 향후 전기공학관련 실무에 적용할 수 있는 응용능력을 배양한다.",윤길중/기초전기전자실험/복두출판사,,"C.R.Paul, K.W.Whites,S.A.Nasar/Introduction to Electromagnetic Fields (3rd edn.)/McGrawHill,D.K.Cheng/Fundamentals of Engineering Electromagnetics/AddisonWesley,F.D.Ulaby/Fundamentals of Applied Electromagnetics (1999 edn.)/PrenticeHall, Inc.,Z.Popovic,B.D.Popovic/Introductory Electromagnetics/PrenticeHall, Inc.,정동규/기초전기전자회로실험/인터비전",,True,False,True,False,False,True,target_department_and_foundational_course
17218,2022,경상국립대학교,공과대학,전기공학과,전기전자실험1,2,1학기,2,0,2,전공필수,"전기공학의 기초적이고 중요한 여러가지 이론들을 다양한 기자재를 이용한 실험을 통해 습득하고, 향후 전기공학관련 실무에 적용할 수 있는 응용능력을 배양한다.",윤길중/기초전기전자실험/복두출판사,,"C.R.Paul, K.W.Whites,S.A.Nasar/Introduction to Electromagnetic Fields (3rd edn.)/McGrawHill,D.K.Cheng/Fundamentals of Engineering Electromagnetics/AddisonWesley,F.D.Ulaby/Fundamentals of Applied Electromagnetics (1999 edn.)/PrenticeHall, Inc.,Z.Popovic,B.D.Popovic/Introductory Electromagnetics/PrenticeHall, Inc.,정동규/기초전기전자회로실험/인터비전",,True,False,True,False,False,True,target_department_and_foundational_course
17219,2022,경상국립대학교,공과대학,전기공학과,전기전자실험1,2,1학기,2,0,2,전공필수,"전기공학의 기초적이고 중요한 여러가지 이론들을 다양한 기자재를 이용한 실험을 통해 습득하고, 향후 전기공학관련 실무에 적용할 수 있는 응용능력을 배양한다.",윤길중/기초전기전자실험/복두출판사,,"C.R.Paul, K.W.Whites,S.A.Nasar/Introduction to Electromagnetic Fields (3rd edn.)/McGrawHill,D.K.Cheng/Fundamentals of Engineering Electromagnetics/AddisonWesley,F.D.Ulaby/Fundamentals of Applied Electromagnetics (1999 edn.)/PrenticeHall, Inc.,Z.Popovic,B.D.Popovic/Introductory Electromagnetics/PrenticeHall, Inc.,정동규/기초전기전자회로실험/인터비전",,True,False,True,False,False,True,target_department_and_foundational_course
17220,2022,경상국립대학교,공과대학,전기공학과,전기전자실험1,2,1학기,2,0,2,전공필수,"전기공학의 기초적이고 중요한 여러가지 이론들을 다양한 기자재를 이용한 실험을 통해 습득하고, 향후 전기공학관련 실무에 적용할 수 있는 응용능력을 배양한다.",윤길중/기초전기전자실험/복두출판사,,"C.R.Paul, K.W.Whites,S.A.Nasar/Introduction to Electromagnetic Fields (3rd edn.)/McGrawHill,D.K.Cheng/Fundamentals of Engineering Electromagnetics/AddisonWesley,F.D.Ulaby/Fundamentals of Applied Electromagnetics (1999 edn.)/PrenticeHall, Inc.,Z.Popovic,B.D.Popovic/Introductory Electromagnetics/PrenticeHall, Inc.,정동규/기초전기전자회로실험/인터비전",,True,False,True,False,False,True,target_department_and_foundational_course
17221,2022,경상국립대학교,공과대학,전기공학과,전기전자실험1,2,1학기,2,0,2,전공필수,"전기공학의 기초적이고 중요한 여러가지 이론들을 다양한 기자재를 이용한 실험을 통해 습득하고, 향후 전기공학관련 실무에 적용할 수 있는 응용능력을 배양한다.",윤길중/기초전기전자실험/복두출판사,,"C.R.Paul, K.W.Whites,S.A.Nasar/Introduction to Electromagnetic Fields (3rd edn.)/McGrawHill,D.K.Cheng/Fundamentals of Engineering Electromagnetics/AddisonWesley,F.D.Ulaby/Fundamentals of Applied Electromagnetics (1999 edn.)/PrenticeHall, Inc.,Z.Popovic,B.D.Popovic/Introductory Electromagnetics/PrenticeHall, Inc.,정동규/기초전기전자회로실험/인터비전",,True,False,True,False,False,True,target_department_and_foundational_course
17222,2022,경상국립대학교,공과대학,전기공학과,전기전자실험1,2,1학기,2,0,2,전공필수,"전기공학의 기초적이고 중요한 여러가지 이론들을 다양한 기자재를 이용한 실험을 통해 습득하고, 향후 전기공학관련 실무에 적용할 수 있는 응용능력을 배양한다.",윤길중/기초전기전자실험/복두출판사,,"C.R.Paul, K.W.Whites,S.A.Nasar/Introduction to Electromagnetic Fields (3rd edn.)/McGrawHill,D.K.Cheng/Fundamentals of Engineering Electromagnetics/AddisonWesley,F.D.Ulaby/Fundamentals of Applied Electromagnetics (1999 edn.)/PrenticeHall, Inc.,Z.Popovic,B.D.Popovic/Introductory Electromagnetics/PrenticeHall, Inc.,정동규/기초전기전자회로실험/인터비전",,True,False,True,False,False,True,target_department_and_foundational_course
17223,2022,경상국립대학교,공과대학,전기공학과,전기전자실험1,2,1학기,2,0,2,전공필수,"전기공학의 기초적이고 중요한 여러가지 이론들을 다양한 기자재를 이용한 실험을 통해 습득하고, 향후 전기공학관련 실무에 적용할 수 있는 응용능력을 배양한다.",윤길중/기초전기전자실험/복두출판사,,"C.R.Paul, K.W.Whites,S.A.Nasar/Introduction to Electromagnetic Fields (3rd edn.)/McGrawHill,D.K.Cheng/Fundamentals of Engineering Electromagnetics/AddisonWesley,F.D.Ulaby/Fundamentals of Applied Electromagnetics (1999 edn.)/PrenticeHall, Inc.,Z.Popovic,B.D.Popovic/Introductory Electromagnetics/PrenticeHall, Inc.,정동규/기초전기전자회로실험/인터비전",,True,False,True,False,False,True,target_department_and_foundational_course
17224,2022,경상국립대학교,공과대학,전기공학과,전기전자실험1,2,1학기,2,0,2,전공필수,"전기공학의 기초적이고 중요한 여러가지 이론들을 다양한 기자재를 이용한 실험을 통해 습득하고, 향후 전기공학관련 실무에 적용할 수 있는 응용능력을 배양한다.",윤길중/기초전기전자실험/복두출판사,,"C.R.Paul, K.W.Whites,S.A.Nasar/Introduction to Electromagnetic Fields (3rd edn.)/McGrawHill,D.K.Cheng/Fundamentals of Engineering Electromagnetics/AddisonWesley,F.D.Ulaby/Fundamentals of Applied Electromagnetics (1999 edn.)/PrenticeHall, Inc.,Z.Popovic,B.D.Popovic/Introductory Electromagnetics/PrenticeHall, Inc.,정동규/기초전기전자회로실험/인터비전",,True,False,True,False,False,True,target_department_and_foundational_course
17225,2022,경상국립대학교,공과대학,전기공학과,전기전자실험1,2,1학기,2,0,2,전공필수,"전기공학의 기초적이고 중요한 여러가지 이론들을 다양한 기자재를 이용한 실험을 통해 습득하고, 향후 전기공학관련 실무에 적용할 수 있는 응용능력을 배양한다.",윤길중/기초전기전자실험/복두출판사,,"C.R.Paul, K.W.Whites,S.A.Nasar/Introduction to Electromagnetic Fields (3rd edn.)/McGrawHill,D.K.Cheng/Fundamentals of Engineering Electromagnetics/AddisonWesley,F.D.Ulaby/Fundamentals of Applied Electromagnetics (1999 edn.)/PrenticeHall, Inc.,Z.Popovic,B.D.Popovic/Introductory Electromagnetics/PrenticeHall, Inc.,정동규/기초전기전자회로실험/인터비전",,True,False,True,False,False,True,target_department_and_foundational_course
17226,2022,경상국립대학교,공과대학,전기공학과,전기전자실험1,2,1학기,2,0,2,전공필수,"전기공학의 기초적이고 중요한 여러가지 이론들을 다양한 기자재를 이용한 실험을 통해 습득하고, 향후 전기공학관련 실무에 적용할 수 있는 응용능력을 배양한다.",윤길중/기초전기전자실험/복두출판사,,"C.R.Paul, K.W.Whites,S.A.Nasar/Introduction to Electromagnetic Fields (3rd edn.)/McGrawHill,D.K.Cheng/Fundamentals of Engineering Electromagnetics/AddisonWesley,F.D.Ulaby/Fundamentals of Applied Electromagnetics (1999 edn.)/PrenticeHall, Inc.,Z.Popovic,B.D.Popovic/Introductory Electromagnetics/PrenticeHall, Inc.,정동규/기초전기전자회로실험/인터비전",,True,False,True,False,False,True,target_department_and_foundational_course
17227,2022,경상국립대학교,공과대학,전기공학과,전기전자실험1,2,1학기,2,0,2,전공필수,"전기공학의 기초적이고 중요한 여러가지 이론들을 다양한 기자재를 이용한 실험을 통해 습득하고, 향후 전기공학관련 실무에 적용할 수 있는 응용능력을 배양한다.",윤길중/기초전기전자실험/복두출판사,,"C.R.Paul, K.W.Whites,S.A.Nasar/Introduction to Electromagnetic Fields (3rd edn.)/McGrawHill,D.K.Cheng/Fundamentals of Engineering Electromagnetics/AddisonWesley,F.D.Ulaby/Fundamentals of Applied Electromagnetics (1999 edn.)/PrenticeHall, Inc.,Z.Popovic,B.D.Popovic/Introductory Electromagnetics/PrenticeHall, Inc.,정동규/기초전기전자회로실험/인터비전",,True,False,True,False,False,True,target_department_and_foundational_course
17228,2022,경상국립대학교,공과대학,전기공학과,전기전자실험1,2,1학기,2,0,2,전공필수,"전기공학의 기초적이고 중요한 여러가지 이론들을 다양한 기자재를 이용한 실험을 통해 습득하고, 향후 전기공학관련 실무에 적용할 수 있는 응용능력을 배양한다.",윤길중/기초전기전자실험/복두출판사,,"C.R.Paul, K.W.Whites,S.A.Nasar/Introduction to Electromagnetic Fields (3rd edn.)/McGrawHill,D.K.Cheng/Fundamentals of Engineering Electromagnetics/AddisonWesley,F.D.Ulaby/Fundamentals of Applied Electromagnetics (1999 edn.)/PrenticeHall, Inc.,Z.Popovic,B.D.Popovic/Introductory Electromagnetics/PrenticeHall, Inc.,정동규/기초전기전자회로실험/인터비전",,True,False,True,False,False,True,target_department_and_foundational_course
17230,2022,경상국립대학교,공과대학,전기공학과,전기전자실험2,2,2학기,2,0,2,전공필수,커패시터 및 인덕터 특성 이해교류회로 개념 이해전기회로설계 능력 배양 오실로스코프 및 함수발생기 사용능력 배양다이오드 및 트랜지스터 기본 특성 및 응용 능력 배양,"김태형/자체 수업교재/,박성희외5/전기전자제어공학도용 기초실험/동일출판사",,,추천선수과목 : 전자공학1,True,False,True,False,False,True,target_department_and_foundational_course
17231,2022,경상국립대학교,공과대학,전기공학과,전기전자실험2,2,2학기,2,0,2,전공필수,커패시터 및 인덕터 특성 이해교류회로 개념 이해전기회로설계 능력 배양 오실로스코프 및 함수발생기 사용능력 배양다이오드 및 트랜지스터 기본 특성 및 응용 능력 배양,"김태형/자체 수업교재/,박성희외5/전기전자제어공학도용 기초실험/동일출판사",,,추천선수과목 : 전자공학1,True,False,True,False,False,True,target_department_and_foundational_course
17232,2022,경상국립대학교,공과대학,전기공학과,전기전자실험2,2,2학기,2,0,2,전공필수,커패시터 및 인덕터 특성 이해교류회로 개념 이해전기회로설계 능력 배양 오실로스코프 및 함수발생기 사용능력 배양다이오드 및 트랜지스터 기본 특성 및 응용 능력 배양,"김태형/자체 수업교재/,박성희외5/전기전자제어공학도용 기초실험/동일출판사",,,추천선수과목 : 전자공학1,True,False,True,False,False,True,target_department_and_foundational_course
17233,2022,경상국립대학교,공과대학,전기공학과,전기전자실험2,2,2학기,2,0,2,전공필수,커패시터 및 인덕터 특성 이해교류회로 개념 이해전기회로설계 능력 배양 오실로스코프 및 함수발생기 사용능력 배양다이오드 및 트랜지스터 기본 특성 및 응용 능력 배양,"김태형/자체 수업교재/,박성희외5/전기전자제어공학도용 기초실험/동일출판사",,,추천선수과목 : 전자공학1,True,False,True,False,False,True,target_department_and_foundational_course
17234,2022,경상국립대학교,공과대학,전기공학과,전기전자실험2,2,2학기,2,0,2,전공필수,커패시터 및 인덕터 특성 이해교류회로 개념 이해전기회로설계 능력 배양 오실로스코프 및 함수발생기 사용능력 배양다이오드 및 트랜지스터 기본 특성 및 응용 능력 배양,"김태형/자체 수업교재/,박성희외5/전기전자제어공학도용 기초실험/동일출판사",,,추천선수과목 : 전자공학1,True,False,True,False,False,True,target_department_and_foundational_course
17240,2022,경상국립대학교,공과대학,전기공학과,종합설계,4,1학기,2,2,0,전공필수,"3학년까지 공부한 이론과 실험경험을 바탕으로 설계과제를 수행한다. 최대 7인으로 팀을 구성하며, 과제는 자율적으로 정한다. 정한 과제를 중심으로 토의 및 중간발표 등을 통해 의사전달 능력을 기르고, 과제 수행과정에서 팀웤 능력을 배양한다.",/각 종 전자회로 설계집/,,,"추천선수과목 : 회로이론, 전자공학, 전기기기",True,False,True,False,False,True,target_department_and_foundational_course
17244,2022,경상국립대학교,공과대학,전기공학과,회로해석론1,2,1학기,3,3,0,전공선택,기본적인 전기회로의 계산법과 선형회로망 해석법에 대하여 다룬다. 상급 학년에서 다루게 될 타 교과목들과의 연계성을 위하여 제반정리 및 이론에 관한 개념 파악에 역점을 둔다. 실제계에 대한 적용과 많은 연습 문제 풀이를 통하여 이해를 돕도록한다.,/프린트/,,김용권외 4인/회로이론 9판/퍼스트북,필수선수과목 : 없음,True,True,False,False,False,True,target_department_and_target_course
17246,2022,경상국립대학교,공과대학,전기공학과,회로해석론2,2,2학기,3,3,0,전공선택,본 교과목은 전기공학 입문자를 대상으로 회로해석의 핵심 개념들에 대해 강의한다. 특히 전기회로의 교류 해석법 및 삼상 교류회로에 대해 강의한다. 또한 다양한 문제풀이를 통해 학습자의 회로해석능력을 함양한다.,"최윤식/IT CookBook, 기초 회로이론(개정 2판)/한빛아카데미","김용권 외 5인/회로이론 9판(개정판)/퍼스트북,방성완/IT CookBook, 처음 만나는 회로이론(2판)/한빛아카데미",,추천선수과목 : 회로해석론 1,True,True,False,False,False,True,target_department_and_target_course
17247,2022,경상국립대학교,공과대학,전기공학과,회로해석론2,2,2학기,3,3,0,전공선택,본 교과목은 전기공학 입문자를 대상으로 회로해석의 핵심 개념들에 대해 강의한다. 특히 전기회로의 교류 해석법 및 삼상 교류회로에 대해 강의한다. 또한 다양한 문제풀이를 통해 학습자의 회로해석능력을 함양한다.,"최윤식/IT CookBook, 기초 회로이론(개정 2판)/한빛아카데미","김용권 외 5인/회로이론 9판(개정판)/퍼스트북,방성완/IT CookBook, 처음 만나는 회로이론(2판)/한빛아카데미",,추천선수과목 : 회로해석론 1,True,True,False,False,False,True,target_department_and_target_course
17276,2022,경상국립대학교,공과대학,전기공학과,자동제어1,3,1학기,3,3,0,전공선택,"제어계 해석에 필요로 되는 전달함수, 상태방정식, 신호흐름선도, 안정도 등에 대하여 강의한다. 개념 파악에 중점을 두어 실 계통 설계시에 바로 응용이 가능하도록 하며, 많은 연습문제를 통하여 이해를 돕도록 한다. 아울러 컴퓨터를 이용한 제어계 해석 법에 대하여 다루고, 실계통인 직류모터에 대한 해석을 행하여 본다.","Nise/Control Systems Engineering 6판/Wiley,/프린트/",,,,True,True,False,False,False,True,target_department_and_target_course
17282,2022,경상국립대학교,공과대학,전기공학과,공학수학1,2,1학기,3,3,0,전공선택,"工學系의 基本科目인 微積分學을 基礎로하여 微分方程式, Laplace變換, 線形代數, 벡터微積分 등의 基礎的인 性質 및 解法을 다루며 실제 電氣回路 및 電磁氣理論에 나오는 問題들을 檢討하고, 관계되는 제반 理論들의 應用 能力을 배양한다.",신흥교/전기공학도를 위한 공학수학/도서출판 홍릉,,"A Croft, R. Davison, M. Hargreaves/Engineering MathematicsA Modern Foundation for Electronic, Electrical and Control Engineers/AddisonWesley Publishing Co. Inc.,D. G. Zill, W. S. Wright/Advanced Engineering Mathematics 4th ed./Johns and Bartlett Pub. LLC,E. Kreyszig/Advanced Engineering Mathematics 10th ed./John Wiley & Sons, Inc.,P. V. O'Neil/Advanced Engineering Mathematics/Nelson, a Division of Thomson Canada Limited,S. Karni, W. J. Byatt/Mathematical Methods in Continuous and Discrete Systems/CBS Publishing","필수선수과목 : 없음,추천선수과목 : 수학 1, 2",True,False,True,False,False,True,target_department_and_foundational_course
17283,2022,경상국립대학교,공과대학,전기공학과,공학수학1,2,1학기,3,3,0,전공선택,"工學系의 基本科目인 微積分學을 基礎로하여 微分方程式, Laplace變換, 線形代數, 벡터微積分 등의 基礎的인 性質 및 解法을 다루며 실제 電氣回路 및 電磁氣理論에 나오는 問題들을 檢討하고, 관계되는 제반 理論들의 應用 能力을 배양한다.",신흥교/전기공학도를 위한 공학수학/도서출판 홍릉,,"A Croft, R. Davison, M. Hargreaves/Engineering MathematicsA Modern Foundation for Electronic, Electrical and Control Engineers/AddisonWesley Publishing Co. Inc.,D. G. Zill, W. S. Wright/Advanced Engineering Mathematics 4th ed./Johns and Bartlett Pub. LLC,E. Kreyszig/Advanced Engineering Mathematics 10th ed./John Wiley & Sons, Inc.,P. V. O'Neil/Advanced Engineering Mathematics/Nelson, a Division of Thomson Canada Limited,S. Karni, W. J. Byatt/Mathematical Methods in Continuous and Discrete Systems/CBS Publishing","필수선수과목 : 없음,추천선수과목 : 수학 1, 2",True,False,True,False,False,True,target_department_and_foundational_course
17284,2022,경상국립대학교,공과대학,전기공학과,공학수학1,2,1학기,3,3,0,전공선택,"工學系의 基本科目인 微積分學을 基礎로하여 微分方程式, Laplace變換, 線形代數, 벡터微積分 등의 基礎的인 性質 및 解法을 다루며 실제 電氣回路 및 電磁氣理論에 나오는 問題들을 檢討하고, 관계되는 제반 理論들의 應用 能力을 배양한다.",신흥교/전기공학도를 위한 공학수학/도서출판 홍릉,,"A Croft, R. Davison, M. Hargreaves/Engineering MathematicsA Modern Foundation for Electronic, Electrical and Control Engineers/AddisonWesley Publishing Co. Inc.,D. G. Zill, W. S. Wright/Advanced Engineering Mathematics 4th ed./Johns and Bartlett Pub. LLC,E. Kreyszig/Advanced Engineering Mathematics 10th ed./John Wiley & Sons, Inc.,P. V. O'Neil/Advanced Engineering Mathematics/Nelson, a Division of Thomson Canada Limited,S. Karni, W. J. Byatt/Mathematical Methods in Continuous and Discrete Systems/CBS Publishing","필수선수과목 : 없음,추천선수과목 : 수학 1, 2",True,False,True,False,False,True,target_department_and_foundational_course
17285,2022,경상국립대학교,공과대학,전기공학과,공학수학1,2,1학기,3,3,0,전공선택,"工學系의 基本科目인 微積分學을 基礎로하여 微分方程式, Laplace變換, 線形代數, 벡터微積分 등의 基礎的인 性質 및 解法을 다루며 실제 電氣回路 및 電磁氣理論에 나오는 問題들을 檢討하고, 관계되는 제반 理論들의 應用 能力을 배양한다.",신흥교/전기공학도를 위한 공학수학/도서출판 홍릉,,"A Croft, R. Davison, M. Hargreaves/Engineering MathematicsA Modern Foundation for Electronic, Electrical and Control Engineers/AddisonWesley Publishing Co. Inc.,D. G. Zill, W. S. Wright/Advanced Engineering Mathematics 4th ed./Johns and Bartlett Pub. LLC,E. Kreyszig/Advanced Engineering Mathematics 10th ed./John Wiley & Sons, Inc.,P. V. O'Neil/Advanced Engineering Mathematics/Nelson, a Division of Thomson Canada Limited,S. Karni, W. J. Byatt/Mathematical Methods in Continuous and Discrete Systems/CBS Publishing","필수선수과목 : 없음,추천선수과목 : 수학 1, 2",True,False,True,False,False,True,target_department_and_foundational_course
17286,2022,경상국립대학교,공과대학,전기공학과,공학수학1,2,1학기,3,3,0,전공선택,"工學系의 基本科目인 微積分學을 基礎로하여 微分方程式, Laplace變換, 線形代數, 벡터微積分 등의 基礎的인 性質 및 解法을 다루며 실제 電氣回路 및 電磁氣理論에 나오는 問題들을 檢討하고, 관계되는 제반 理論들의 應用 能力을 배양한다.",신흥교/전기공학도를 위한 공학수학/도서출판 홍릉,,"A Croft, R. Davison, M. Hargreaves/Engineering MathematicsA Modern Foundation for Electronic, Electrical and Control Engineers/AddisonWesley Publishing Co. Inc.,D. G. Zill, W. S. Wright/Advanced Engineering Mathematics 4th ed./Johns and Bartlett Pub. LLC,E. Kreyszig/Advanced Engineering Mathematics 10th ed./John Wiley & Sons, Inc.,P. V. O'Neil/Advanced Engineering Mathematics/Nelson, a Division of Thomson Canada Limited,S. Karni, W. J. Byatt/Mathematical Methods in Continuous and Discrete Systems/CBS Publishing","필수선수과목 : 없음,추천선수과목 : 수학 1, 2",True,False,True,False,False,True,target_department_and_foundational_course
17288,2022,경상국립대학교,공과대학,전기공학과,공학수학2,2,2학기,3,3,0,전공선택,"工學系의 基本科目인 微積分學을 基礎로하여 微分方程式, Laplace變換, 線形代數, 벡터微積分 등의 基礎的인 性質 및 解法을 다루며 실제 電氣回路 및 電磁氣理論에 나오는 問題들을 檢討하고, 관계되는 제반 理論들의 應用 能力을 배양한다.",신흥교/전기공학도를 위한 공학수학/도서출판 홍릉,,"A Croft, R. Davison, M. Hargreaves/Engineering MathematicsA Modern Foundation for Electronic, Electrical and Control Engineers/AddisonWesley Publishing Co. Inc.,D. G. Zill, W. S. Wright/Advanced Engineering Mathematics 4th ed./Johns and Bartlett Pub. LLC,E. Kreyszig/Advanced Engineering Mathematics 10th ed./John Wiley & Sons, Inc.,P. V. O'Neil/Advanced Engineering Mathematics/Nelson, a Division of Thomson Canada Limited,S. Karni, W. J. Byatt/Mathematical Methods in Continuous and Discrete Systems/CBS Publishing","필수선수과목 : 없음,추천선수과목 : 수학 1, 2",True,False,True,False,False,True,target_department_and_foundational_course
17289,2022,경상국립대학교,공과대학,전기공학과,공학수학2,2,2학기,3,3,0,전공선택,"工學系의 基本科目인 微積分學을 基礎로하여 微分方程式, Laplace變換, 線形代數, 벡터微積分 등의 基礎的인 性質 및 解法을 다루며 실제 電氣回路 및 電磁氣理論에 나오는 問題들을 檢討하고, 관계되는 제반 理論들의 應用 能力을 배양한다.",신흥교/전기공학도를 위한 공학수학/도서출판 홍릉,,"A Croft, R. Davison, M. Hargreaves/Engineering MathematicsA Modern Foundation for Electronic, Electrical and Control Engineers/AddisonWesley Publishing Co. Inc.,D. G. Zill, W. S. Wright/Advanced Engineering Mathematics 4th ed./Johns and Bartlett Pub. LLC,E. Kreyszig/Advanced Engineering Mathematics 10th ed./John Wiley & Sons, Inc.,P. V. O'Neil/Advanced Engineering Mathematics/Nelson, a Division of Thomson Canada Limited,S. Karni, W. J. Byatt/Mathematical Methods in Continuous and Discrete Systems/CBS Publishing","필수선수과목 : 없음,추천선수과목 : 수학 1, 2",True,False,True,False,False,True,target_department_and_foundational_course
17290,2022,경상국립대학교,공과대학,전기공학과,공학수학2,2,2학기,3,3,0,전공선택,"工學系의 基本科目인 微積分學을 基礎로하여 微分方程式, Laplace變換, 線形代數, 벡터微積分 등의 基礎的인 性質 및 解法을 다루며 실제 電氣回路 및 電磁氣理論에 나오는 問題들을 檢討하고, 관계되는 제반 理論들의 應用 能力을 배양한다.",신흥교/전기공학도를 위한 공학수학/도서출판 홍릉,,"A Croft, R. Davison, M. Hargreaves/Engineering MathematicsA Modern Foundation for Electronic, Electrical and Control Engineers/AddisonWesley Publishing Co. Inc.,D. G. Zill, W. S. Wright/Advanced Engineering Mathematics 4th ed./Johns and Bartlett Pub. LLC,E. Kreyszig/Advanced Engineering Mathematics 10th ed./John Wiley & Sons, Inc.,P. V. O'Neil/Advanced Engineering Mathematics/Nelson, a Division of Thomson Canada Limited,S. Karni, W. J. Byatt/Mathematical Methods in Continuous and Discrete Systems/CBS Publishing","필수선수과목 : 없음,추천선수과목 : 수학 1, 2",True,False,True,False,False,True,target_department_and_foundational_course
17291,2022,경상국립대학교,공과대학,전기공학과,공학수학2,2,2학기,3,3,0,전공선택,"工學系의 基本科目인 微積分學을 基礎로하여 微分方程式, Laplace變換, 線形代數, 벡터微積分 등의 基礎的인 性質 및 解法을 다루며 실제 電氣回路 및 電磁氣理論에 나오는 問題들을 檢討하고, 관계되는 제반 理論들의 應用 能力을 배양한다.",신흥교/전기공학도를 위한 공학수학/도서출판 홍릉,,"A Croft, R. Davison, M. Hargreaves/Engineering MathematicsA Modern Foundation for Electronic, Electrical and Control Engineers/AddisonWesley Publishing Co. Inc.,D. G. Zill, W. S. Wright/Advanced Engineering Mathematics 4th ed./Johns and Bartlett Pub. LLC,E. Kreyszig/Advanced Engineering Mathematics 10th ed./John Wiley & Sons, Inc.,P. V. O'Neil/Advanced Engineering Mathematics/Nelson, a Division of Thomson Canada Limited,S. Karni, W. J. Byatt/Mathematical Methods in Continuous and Discrete Systems/CBS Publishing","필수선수과목 : 없음,추천선수과목 : 수학 1, 2",True,False,True,False,False,True,target_department_and_foundational_course
17292,2022,경상국립대학교,공과대학,전기공학과,공학수학2,2,2학기,3,3,0,전공선택,"工學系의 基本科目인 微積分學을 基礎로하여 微分方程式, Laplace變換, 線形代數, 벡터微積分 등의 基礎的인 性質 및 解法을 다루며 실제 電氣回路 및 電磁氣理論에 나오는 問題들을 檢討하고, 관계되는 제반 理論들의 應用 能力을 배양한다.",신흥교/전기공학도를 위한 공학수학/도서출판 홍릉,,"A Croft, R. Davison, M. Hargreaves/Engineering MathematicsA Modern Foundation for Electronic, Electrical and Control Engineers/AddisonWesley Publishing Co. Inc.,D. G. Zill, W. S. Wright/Advanced Engineering Mathematics 4th ed./Johns and Bartlett Pub. LLC,E. Kreyszig/Advanced Engineering Mathematics 10th ed./John Wiley & Sons, Inc.,P. V. O'Neil/Advanced Engineering Mathematics/Nelson, a Division of Thomson Canada Limited,S. Karni, W. J. Byatt/Mathematical Methods in Continuous and Discrete Systems/CBS Publishing","필수선수과목 : 없음,추천선수과목 : 수학 1, 2",True,False,True,False,False,True,target_department_and_foundational_course
17313,2022,경상국립대학교,공과대학,전자공학과,파이썬프로그래밍,2,2학기,3,0,3,전공선택,"전자공학 관련 기초 과목인 전기자기학, 회로이론, 공학수학, 확률통계 등에서 다루는 내용을 보다 심도있게 이해하기 위하여 과제를 선정하고 파이썬 프로그래밍을 통한 실습을 수행한다. 파이썬 기초 사용법 , GUI 프로그래밍, 멀티 쓰레딩 등을 학습한 후 확률, 미분방정식, 전기장 및 전위, 선형연립방정식 등의 해석에 대한 문제를 다룬다.",,,"박동규 외 1/으뜸 파이썬/생능출판,홍의경/제대로 배우는 파이썬/생능출판",,True,True,False,False,False,True,target_department_and_target_course
17317,2022,경상국립대학교,공과대학,전자공학과,집적회로설계및실습,4,2학기,3,0,3,전공선택,EDA 툴을 활용한 Full Custom IC design 실습,"/강의용 ppt/,이병진/Cadence Virtuoso를 이용한 Full Custom IC Design/21세기사",,,"추천선수과목 : 회로이론, 전자회로, 아날로그회로, 디지털회로",True,True,True,False,False,True,target_department_and_target_course
17319,2022,경상국립대학교,공과대학,전자공학과,기초전자공학실험,2,1학기,3,0,3,전공필수,"본 교과목은 전자공학을 전공하고자 하는 공학도들에게 기초가 되는 회로의 동작원리 및 장비의 사용방법을 익히기 위한 것으로, 저항, 캐패시터, 인덕터 등 기본 수동소자의 배선실험 및 주파수 응답특성 등을 실험한다. 실험 교과목을 통하여 관련 이론과 실험결과를 비교 분석하는 능력을 학습한다.","Zbar, Rockmaker, Bates/기초회로실험/한올(McGraw Hill Education)",,,추천선수과목 : 물리,True,False,True,False,False,True,target_department_and_foundational_course
17322,2022,경상국립대학교,공과대학,전자공학과,전자회로실험,2,2학기,3,0,3,전공필수,실험을 통한 PN다이오드의 동작 특성 이해실험을 통한 MOSFET의 동작 특성의 이해실험을 통한 MOSFET ampilfier의 동작 이해,이강윤/단계별로 배우는 전자회로 실험 : 기본 소자 부터 응용 회로까지/한빛아카데미,,,추천선수과목 : 물리전자,True,True,True,False,False,True,target_department_and_target_course
17323,2022,경상국립대학교,공과대학,전자공학과,전자회로실험,2,2학기,3,0,3,전공필수,실험을 통한 PN다이오드의 동작 특성 이해실험을 통한 MOSFET의 동작 특성의 이해실험을 통한 MOSFET ampilfier의 동작 이해,이강윤/단계별로 배우는 전자회로 실험 : 기본 소자 부터 응용 회로까지/한빛아카데미,,,추천선수과목 : 물리전자,True,True,True,False,False,True,target_department_and_target_course
17324,2022,경상국립대학교,공과대학,전자공학과,전자회로실험,2,2학기,3,0,3,전공필수,,이강윤/단계별로 배우는 전자회로 실험 : 기본 소자 부터 응용 회로까지/한빛아카데미,,,추천선수과목 : 물리전자,True,True,True,False,False,True,target_department_and_target_course
17325,2022,경상국립대학교,공과대학,전자공학과,전자회로실험,2,2학기,3,0,3,전공필수,,이강윤/단계별로 배우는 전자회로 실험 : 기본 소자 부터 응용 회로까지/한빛아카데미,,,추천선수과목 : 물리전자,True,True,True,False,False,True,target_department_and_target_course
17327,2022,경상국립대학교,공과대학,전자공학과,디지털시스템설계및실습,3,1학기,3,0,3,전공필수,"전자공학의 기초지식을 이수한 학생들에게 논리 및 디지털회로에 대한 전반적인 기초이론과 실험을 행한다. 다음으로 이들을 응용한 디지털 시스템을 설계하고 실험을 하여 그 동작과 기능을 확인함으로서 산업체에서 바로 적용이 가능한 기술을 습득하도록 한다.본 과목은 2학점 2시간으로 구성되며, 우선 각 실험내용에 대하여 이론강의를 한 후, 이를 바탕으로 실제로 각 디지털 소자를 이용하여 디지털 회로를 완성하고, 측정장치들에 의하여 그 결과를 확인한다. 본 과목에서는 디지털 기본 회로들에 대한 실습을 행한 후, 시계칩 설계 프로젝트를 수행하여 실제 보드레벨의 디지털 시스템 설계기술도 익히게 된다. 이 프로젝트를 성공적으로 수행한 학생들은 산업체에서 적용 가능한 디지털 응용 설계 능력을 갖추게 된다.","이재곤, 이성렬/디지털 실험/신화전산기획",,,추천선수과목 : 디지털공학,True,True,True,False,False,True,target_department_and_target_course
17332,2022,경상국립대학교,공과대학,전자공학과,반도체설계개론,2,1학기,3,3,0,전공선택,"전자기술, 컴퓨터기술 등의 발전으로 도래한 정보화 사회는 우리 삶을 혁신적으로 변화시키고 있다. 이러한 기술 가운데 고속, 대용량 정보처리의 핵심이 되는 반도체 집적회로 기술은 매우 빠르게 발전하고 있으며, 최근 전공자나 산업현장 기술자뿐만 아니라 일반인들에게도 점차 많은 관심을 끌고 있다. 본 교과목에서는 반도체 집적회로의 필요성, 기본이론, 설계방식 그리고 반도체 산업 등의 집적회로 설계에 관련된 전반적인 지식을 강의한다. 또한, 간단한 집적회로 설계 툴을 소개하고, 집적회로 설계를 시연함으로서 집적회로 설계에 관한 실무능력도 개발한다.",담당교수/강의용 자료/파워 포인트 자료,,"Floyd/Electronic Devices(8/e)/Prentice Hall,Weste, Harris/CMOS VLSI Design/Addison Wesley,강구창/반도체제대로이해하기/지성사",추천선수과목 : 전자공학 개론,True,True,True,False,False,True,target_department_and_target_course
17333,2022,경상국립대학교,공과대학,전자공학과,반도체설계개론,2,1학기,3,3,0,전공선택,"전자기술, 컴퓨터기술 등의 발전으로 도래한 정보화 사회는 우리 삶을 혁신적으로 변화시키고 있다. 이러한 기술 가운데 고속, 대용량 정보처리의 핵심이 되는 반도체 집적회로 기술은 매우 빠르게 발전하고 있으며, 최근 전공자나 산업현장 기술자뿐만 아니라 일반인들에게도 점차 많은 관심을 끌고 있다. 본 교과목에서는 반도체 집적회로의 필요성, 기본이론, 설계방식 그리고 반도체 산업 등의 집적회로 설계에 관련된 전반적인 지식을 강의한다. 또한, 간단한 집적회로 설계 툴을 소개하고, 집적회로 설계를 시연함으로서 집적회로 설계에 관한 실무능력도 개발한다.",담당교수/강의용 자료/파워 포인트 자료,,"Floyd/Electronic Devices(8/e)/Prentice Hall,Weste, Harris/CMOS VLSI Design/Addison Wesley,강구창/반도체제대로이해하기/지성사",추천선수과목 : 전자공학 개론,True,True,True,False,False,True,target_department_and_target_course
17334,2022,경상국립대학교,공과대학,전자공학과,반도체설계개론,2,1학기,3,3,0,전공선택,"전자기술, 컴퓨터기술 등의 발전으로 도래한 정보화 사회는 우리 삶을 혁신적으로 변화시키고 있다. 이러한 기술 가운데 고속, 대용량 정보처리의 핵심이 되는 반도체 집적회로 기술은 매우 빠르게 발전하고 있으며, 최근 전공자나 산업현장 기술자뿐만 아니라 일반인들에게도 점차 많은 관심을 끌고 있다. 본 교과목에서는 반도체 집적회로의 필요성, 기본이론, 설계방식 그리고 반도체 산업 등의 집적회로 설계에 관련된 전반적인 지식을 강의한다. 또한, 간단한 집적회로 설계 툴을 소개하고, 집적회로 설계를 시연함으로서 집적회로 설계에 관한 실무능력도 개발한다.",담당교수/강의용 자료/파워 포인트 자료,,"Floyd/Electronic Devices(8/e)/Prentice Hall,Weste, Harris/CMOS VLSI Design/Addison Wesley,강구창/반도체제대로이해하기/지성사",추천선수과목 : 전자공학 개론,True,True,True,False,False,True,target_department_and_target_course
17338,2022,경상국립대학교,공과대학,전자공학과,전자회로,3,1학기,3,3,0,전공선택,"전자회로에 필요한 여러 반도체 소자의 물리를 이해하고, 이를 기반으로 바이폴라 증폭기, CMOS 증폭기 및 연산 증폭기를 이해하고 해석한다. 또한, 능동 부하와 캐스코드로 차동쌍을 구성하는데 필요한 배경지식인 캐스코드 단과 전류 거울을 다룬다.",Behzad Razavi/마이크로 전자회로 (Microelectronics)/한티미디어,,"Adel S. Sedra, Kenneth C. Smith/Microelectronic Circuits/Oxford University Press","추천선수과목 : 물리전자, 회로해석론",True,True,False,False,False,True,target_department_and_target_course
17346,2022,경상국립대학교,공과대학,전자공학과,통신시스템,3,1학기,3,3,0,전공선택,"신호 및 선형시스템의 해석을 위한 이론 학습 및 파이썬 프로그래밍 실습을 수행한 후 아날로그 신호를 전송하는 통신시스템의 구조 및 잡음 특성을 학습한다. 아날로그 신호의 디지털 변환, 기초적인 디지털 전송 방식에 대하여 학습한다.","S. Haykin, M. Moher/Haykin의 통신이론/한티미디어",/강의자료/,,추천선수과목 : 신호 및 시스템,True,True,False,False,False,True,target_department_and_target_course
17348,2022,경상국립대학교,공과대학,전자공학과,아날로그집적회로설계,4,1학기,3,3,0,전공선택,"고성능 첨단 반도체 제품의 핵심인 아날로그 집적회로에 대한 이해와 설계 능력을 배양한다. 전자회로에서 배운 반도체 소자의 특성을 파악하고 아날로그 시스템이 요구하는 기능을 이해하여 반도체 및 CMOS 소자들의 특성을 바탕으로 연산증폭기, 기준전압원, 증폭기, 전류 미러, 데이터 컨버터 등의 핵심 아날로그 집적회로를 학습하고, 산업체의 요구 사양에 맞는 회로를 설계할 수 있는 능력을 배양한다.",김대정외 2인(라자비 원저)/아날로그 CMOS 집적회로설계(2판)/Mc Graw Hill,,"P.E.Allen, D.R.Holberg/CMOS Analog Circuit Design/OXFORD","추천선수과목 : 반도체 설계개론, 디지털집적회로설계, 전자회로",True,True,True,False,False,True,target_department_and_target_course
17354,2022,경상국립대학교,공과대학,전자공학과,디지털집적회로설계,3,2학기,3,3,0,전공선택,디지털 집적회로의 기초 이론 및 각 디지털 블럭 설계디지털 집적회로의 설계 소프트웨어의 사용디지털 집적회로의 공정 이론,신경욱저/CMOS 디지털 집적회로 설계/한빛아카데미,,"Jan M, Rabaey/Digital Integrated Circuits/Prentice Hall,김대정역/초미세 공정을 이용한 디지털 집적회로 해석 및 설계/한빛 아카데미,박홍준저/CMOS 디지털 집적회로 설계/홍릉과학 출판사,조준동저/최신 VLSI 설계/한빛 아카데미","추천선수과목 : 반도체설계 개론, 디지털공학",True,True,True,False,False,True,target_department_and_target_course
17355,2022,경상국립대학교,공과대학,전자공학과,디지털집적회로설계,3,2학기,3,3,0,전공선택,디지털 집적회로의 기초 이론 및 각 디지털 블럭 설계디지털 집적회로의 설계 소프트웨어의 사용디지털 집적회로의 공정 이론,신경욱저/CMOS 디지털 집적회로 설계/한빛아카데미,,"Jan M, Rabaey/Digital Integrated Circuits/Prentice Hall,김대정역/초미세 공정을 이용한 디지털 집적회로 해석 및 설계/한빛 아카데미,박홍준저/CMOS 디지털 집적회로 설계/홍릉과학 출판사,조준동저/최신 VLSI 설계/한빛 아카데미","추천선수과목 : 반도체설계 개론, 디지털공학",True,True,True,False,False,True,target_department_and_target_course
17356,2022,경상국립대학교,공과대학,전자공학과,디지털집적회로설계,3,2학기,3,3,0,전공선택,디지털 집적회로의 기초 이론 및 각 디지털 블럭 설계디지털 집적회로의 설계 소프트웨어의 사용디지털 집적회로의 공정 이론,신경욱저/CMOS 디지털 집적회로 설계/한빛아카데미,,"Jan M, Rabaey/Digital Integrated Circuits/Prentice Hall,김대정역/초미세 공정을 이용한 디지털 집적회로 해석 및 설계/한빛 아카데미,박홍준저/CMOS 디지털 집적회로 설계/홍릉과학 출판사,조준동저/최신 VLSI 설계/한빛 아카데미","추천선수과목 : 반도체설계 개론, 디지털공학",True,True,True,False,False,True,target_department_and_target_course
17357,2022,경상국립대학교,공과대학,전자공학과,디지털집적회로설계,3,2학기,3,3,0,전공선택,디지털 집적회로의 기초 이론 및 각 디지털 블럭 설계디지털 집적회로의 설계 소프트웨어의 사용디지털 집적회로의 공정 이론,신경욱저/CMOS 디지털 집적회로 설계/한빛아카데미,,"Jan M, Rabaey/Digital Integrated Circuits/Prentice Hall,김대정역/초미세 공정을 이용한 디지털 집적회로 해석 및 설계/한빛 아카데미,박홍준저/CMOS 디지털 집적회로 설계/홍릉과학 출판사,조준동저/최신 VLSI 설계/한빛 아카데미","추천선수과목 : 반도체설계 개론, 디지털공학",True,True,True,False,False,True,target_department_and_target_course
17360,2022,경상국립대학교,공과대학,전자공학과,디지털통신,3,2학기,3,3,0,전공선택,"정보의 디지털 전송에 대하여 정보의 이용자의 관점과 기술적인 문제를 다루는 공학자의 관점에서 요구되는 조건들을 비교함으로서 강의의 목적을 개괄적으로 설명한다. 디지털 전송에서 가장 기본적이며 또한 가장 중요한 분야인 베이스밴드 및 패스밴드 디지털 전송, 정보이론, 오류정정코드 등 기본적인 디지털 전송의 원리를 파악한다. 데이터 통신 및 컴퓨터 네트워크와 관련된 기초 분야인 MAC, 데이터링크, TCP/IP, 소켓시스템, 네트워크 보안 등을 학습한다.",,,"J. Proakis 외 1/통신시스템의 기초 (이일근 외 6 옮김)/퍼스트 북, 2015년,박기현/데이터통신과 컴퓨터네트워크/한빛미디어, 2016년","추천선수과목 : 통신시스템설계및실습, 통신시스템",True,True,False,False,False,True,target_department_and_target_course
17362,2022,경상국립대학교,공과대학,전자공학과,마이크로프로세서,3,2학기,3,3,0,전공선택,,,,"/강의노트/,정영호 , 김덕영 , 조남형 /예제중심 쉽게 배우는 ATmega128 마이크로컨트롤러 하드웨어 인터페이스와 프로그래밍 5판/복두출판사",추천선수과목 : 컴퓨터구조,True,True,False,False,False,True,target_department_and_target_course
17368,2022,경상국립대학교,공과대학,전자공학과,공학수학1,2,1학기,3,3,0,전공선택,"대학 1학년에서 다루었던 수학 1과 수학 2에서 배운 미적분학의 내용을 바탕으로 공업수학을 공부한다. 공업수학은 공학의 각 분야에서 다양하게 이용될 수 있는 수학의 영역을 말한다. 공학의 각 분야에서 필수적으로 알아야 할 상미분방정식, 선형대수, 벡터, 편미분방정식, 수치해석, 복소변수중 1학기 과목인 공학수학1에서는 미분방정식의 기초, 2계 선형미분방정식, 미분방정식의 급수해, 라플라스 변환, 행렬과 행렬식, 벡터와 공간도형에 대해 배운다.",권길현 외 12인/KREYSZIC 공업수학/범한서적주식회사,,"강신민 외 16인/미분적분학/경문사,공업수학교재편찬위원회/핵심 공업수학/북스힐,김찬중/길잡이 공업수학/범한서적주식회사","필수선수과목 : 수학1, 수학2,추천선수과목 : 기본수학",True,False,True,False,False,True,target_department_and_foundational_course
17369,2022,경상국립대학교,공과대학,전자공학과,공학수학1,2,1학기,3,3,0,전공선택,"대학 1학년에서 다루었던 수학 1과 수학 2에서 배운 미적분학의 내용을 바탕으로 공업수학을 공부한다. 공업수학은 공학의 각 분야에서 다양하게 이용될 수 있는 수학의 영역을 말한다. 공학의 각 분야에서 필수적으로 알아야 할 상미분방정식, 선형대수, 벡터, 편미분방정식, 수치해석, 복소변수중 1학기 과목인 공학수학1에서는 미분방정식의 기초, 2계 선형미분방정식, 미분방정식의 급수해, 라플라스 변환, 행렬과 행렬식, 벡터와 공간도형에 대해 배운다.",권길현 외 12인/KREYSZIC 공업수학/범한서적주식회사,,"강신민 외 16인/미분적분학/경문사,공업수학교재편찬위원회/핵심 공업수학/북스힐,김찬중/길잡이 공업수학/범한서적주식회사","필수선수과목 : 수학1, 수학2,추천선수과목 : 기본수학",True,False,True,False,False,True,target_department_and_foundational_course
17370,2022,경상국립대학교,공과대학,전자공학과,공학수학1,2,1학기,3,3,0,전공선택,"대학 1학년에서 다루었던 수학 1과 수학 2에서 배운 미적분학의 내용을 바탕으로 공업수학을 공부한다. 공업수학은 공학의 각 분야에서 다양하게 이용될 수 있는 수학의 영역을 말한다. 공학의 각 분야에서 필수적으로 알아야 할 상미분방정식, 선형대수, 벡터, 편미분방정식, 수치해석, 복소변수중 1학기 과목인 공학수학1에서는 미분방정식의 기초, 2계 선형미분방정식, 미분방정식의 급수해, 라플라스 변환, 행렬과 행렬식, 벡터와 공간도형에 대해 배운다.",권길현 외 12인/KREYSZIC 공업수학/범한서적주식회사,,"강신민 외 16인/미분적분학/경문사,공업수학교재편찬위원회/핵심 공업수학/북스힐,김찬중/길잡이 공업수학/범한서적주식회사","필수선수과목 : 수학1, 수학2,추천선수과목 : 기본수학",True,False,True,False,False,True,target_department_and_foundational_course
17389,2022,경상국립대학교,공과대학,제어계측공학과,전자회로공학1,2,2학기,3,3,0,전공선택,"전력전자 공학은 일반가정의 전자 제품에서부터 산업용 기기 등을 구동하기 위한 전기 에너지의 효과적인 변환을 위한 전력 변환 회로기술 및 제어를 다루는 학문이다. 더욱이, 4차산업혁명과 더불어 그린에너지와 전기 자동차의 급속한 발전으로 전력전자에 대한 관심이 높아지고 있다. 본 강의에서는 다양한 전력변환기의 원리를 이해하고, 이를 바탕으로 전력변환기의 동작과 특징을 학습한다.","강문식, 신경욱/전자회로 핵심개념부터 응용까지/한빛 미디어",,"Robert Botkestad 외 1명/electronic devices and circuit theory/홍릉출판사,강영국/개념이 잡히는 디지털 전자회로/한빛미디어",,True,True,False,False,False,True,target_department_and_target_course
17390,2022,경상국립대학교,공과대학,제어계측공학과,전자회로공학1,2,2학기,3,3,0,전공선택,"전력전자 공학은 일반가정의 전자 제품에서부터 산업용 기기 등을 구동하기 위한 전기 에너지의 효과적인 변환을 위한 전력 변환 회로기술 및 제어를 다루는 학문이다. 더욱이, 4차산업혁명과 더불어 그린에너지와 전기 자동차의 급속한 발전으로 전력전자에 대한 관심이 높아지고 있다. 본 강의에서는 다양한 전력변환기의 원리를 이해하고, 이를 바탕으로 전력변환기의 동작과 특징을 학습한다.","강문식, 신경욱/전자회로 핵심개념부터 응용까지/한빛 미디어",,"Robert Botkestad 외 1명/electronic devices and circuit theory/홍릉출판사,강영국/개념이 잡히는 디지털 전자회로/한빛미디어",,True,True,False,False,False,True,target_department_and_target_course
17392,2022,경상국립대학교,공과대학,제어계측공학과,전자회로공학2,3,1학기,3,3,0,전공선택,"★ 강의 소개 ★전자회로공학2(Electronic Circuits 2)에서는 전자회로공학1에서 배운 반도체기초, 다이오드 회로, BJT에 이어서 다음에 대해서 학습한다.우선 전기/전자/제어 분야에 있어서 스위칭 소자와 집적회로에 주로 사용되는 FET에 대해서 다룬다. FET의 기초인 JFET를 우선적으로 학습하며 이후 집적회로에 주로 사용되는 공핍형 MOSFET와 전력용 반도체 스위칭 소자로 사용되는 증가형 MOSFET에 대하여 다룬다. 여기서는 3가지에 대하여 모두 학습을 하지만 학과의 특성에 맞게 증가형 MOSFET에 초점을 맞춰서 수업을 진행한다.다음으로 전기/전자/제어 회로의 성능에 영향을 미치는 필터에 대하여 알아본다. 전기회로2에서 배운 수동필터를 기반으로 전자회로공학2에서는 능동필터에 대하여 다룬다. 여기에서는 공학수학1에서 배운 라플라스 변환 기법이 활용된다.이후 본 교과목을 배우는 이유 중 하나인 연산증폭기(Op. Amp.)에 대하여 다룬다. 연산증폭기의 경우 센서회로에서 가장 기본이 되는 회로이고 앞 써 배운 모든 내용을 종합적으로 고려하고 공핍형 MOSFET를 활용한 집적회로를 구성하면 연산증폭기가 되며 이를 학습함으로써 제어를 위한 센싱에 대하여 학습할 수 있다.마지막으로 연산증폭기 응용회로를 다룸으로써 본 강의를 마무리 한다.★ 학습목표 ★FET ConceptFET Bias and Amplifier AnalysisOp. Amp. Fundamental and ApplicationBJT and FET Frequency Response","Robert L. Boylestad, Louis Nashelsky (공역: 김수원 외)/전자회로 (11/e)/도서출판 홍릉",,조규형/전자회로특론/도서출판 홍릉,,True,True,False,False,False,True,target_department_and_target_course
17394,2022,경상국립대학교,공과대학,제어계측공학과,제어공학1,3,1학기,3,3,0,전공선택,"제어공학는 제어계측공학 전공학생들이 제어공학에 대한 전공지식을 습득할 수 있도록 하기 위해 두 학기로 구성하여 강의를 진행한다.본 학기에는 제어공학의 개념, 수학적 모델링, 상태변수 모델, 궤환제어시스템의 특성 및 성능, 시스템의 상대안정도에 대해 다루고 현대제어 기술자에게 실무적인 제어공학에 대한 기초지식을 습득하고 또한 발표능력을 향상시킬 수 있도록 하여 제어계측공학 자질을 갖출 수 있도록 한다.본 강의는 학생지향형 강의방식으로 진행하여 응용능력을 향상시킴을 최대 목적으로 한다.",/미정/,,"B.C. Kuo/Automatic Control Systems/Wiley,G.F. Franklin (역)한도영/동적시스템 자동제어, 6판/한티미디어,N.S. Nise (역)박진배/제어시스템공학/홍릉과학출판사,강철구 역자/현대제어공학/사이텍미디어,김종식 외 3인/제어시스템설계/청문각,김종식/선형제어시스템공학/청문각,김종식/시스템모델링및제어/교보문고,이균경, 정은태/최신제어시스템, 11판/Pearson Education","추천선수과목 : 공학수학, 전기회로(회로이론)",True,True,False,False,False,True,target_department_and_target_course
17395,2022,경상국립대학교,공과대학,제어계측공학과,제어공학1,3,1학기,3,3,0,전공선택,"제어공학는 제어계측공학 전공학생들이 제어공학에 대한 전공지식을 습득할 수 있도록 하기 위해 두 학기로 구성하여 강의를 진행한다.본 학기에는 제어공학의 개념, 수학적 모델링, 상태변수 모델, 궤환제어시스템의 특성 및 성능, 시스템의 상대안정도에 대해 다루고 현대제어 기술자에게 실무적인 제어공학에 대한 기초지식을 습득하고 또한 발표능력을 향상시킬 수 있도록 하여 제어계측공학 자질을 갖출 수 있도록 한다.본 강의는 학생지향형 강의방식으로 진행하여 응용능력을 향상시킴을 최대 목적으로 한다.",/미정/,,"B.C. Kuo/Automatic Control Systems/Wiley,G.F. Franklin (역)한도영/동적시스템 자동제어, 6판/한티미디어,N.S. Nise (역)박진배/제어시스템공학/홍릉과학출판사,강철구 역자/현대제어공학/사이텍미디어,김종식 외 3인/제어시스템설계/청문각,김종식/선형제어시스템공학/청문각,김종식/시스템모델링및제어/교보문고,이균경, 정은태/최신제어시스템, 11판/Pearson Education","추천선수과목 : 공학수학, 전기회로(회로이론)",True,True,False,False,False,True,target_department_and_target_course
17396,2022,경상국립대학교,공과대학,제어계측공학과,제어공학1,3,1학기,3,3,0,전공선택,"제어공학는 제어계측공학 전공학생들이 제어공학에 대한 전공지식을 습득할 수 있도록 하기 위해 두 학기로 구성하여 강의를 진행한다.본 학기에는 제어공학의 개념, 수학적 모델링, 상태변수 모델, 궤환제어시스템의 특성 및 성능, 시스템의 상대안정도에 대해 다루고 현대제어 기술자에게 실무적인 제어공학에 대한 기초지식을 습득하고 또한 발표능력을 향상시킬 수 있도록 하여 제어계측공학 자질을 갖출 수 있도록 한다.본 강의는 학생지향형 강의방식으로 진행하여 응용능력을 향상시킴을 최대 목적으로 한다.",/미정/,,"B.C. Kuo/Automatic Control Systems/Wiley,G.F. Franklin (역)한도영/동적시스템 자동제어, 6판/한티미디어,N.S. Nise (역)박진배/제어시스템공학/홍릉과학출판사,강철구 역자/현대제어공학/사이텍미디어,김종식 외 3인/제어시스템설계/청문각,김종식/선형제어시스템공학/청문각,김종식/시스템모델링및제어/교보문고,이균경, 정은태/최신제어시스템, 11판/Pearson Education","추천선수과목 : 공학수학, 전기회로(회로이론)",True,True,False,False,False,True,target_department_and_target_course
17397,2022,경상국립대학교,공과대학,제어계측공학과,제어공학1,3,1학기,3,3,0,전공선택,"제어공학는 제어계측공학 전공학생들이 제어공학에 대한 전공지식을 습득할 수 있도록 하기 위해 두 학기로 구성하여 강의를 진행한다.본 학기에는 제어공학의 개념, 수학적 모델링, 상태변수 모델, 궤환제어시스템의 특성 및 성능, 시스템의 상대안정도에 대해 다루고 현대제어 기술자에게 실무적인 제어공학에 대한 기초지식을 습득하고 또한 발표능력을 향상시킬 수 있도록 하여 제어계측공학 자질을 갖출 수 있도록 한다.본 강의는 학생지향형 강의방식으로 진행하여 응용능력을 향상시킴을 최대 목적으로 한다.",/미정/,,"B.C. Kuo/Automatic Control Systems/Wiley,G.F. Franklin (역)한도영/동적시스템 자동제어, 6판/한티미디어,N.S. Nise (역)박진배/제어시스템공학/홍릉과학출판사,강철구 역자/현대제어공학/사이텍미디어,김종식 외 3인/제어시스템설계/청문각,김종식/선형제어시스템공학/청문각,김종식/시스템모델링및제어/교보문고,이균경, 정은태/최신제어시스템, 11판/Pearson Education","추천선수과목 : 공학수학, 전기회로(회로이론)",True,True,False,False,False,True,target_department_and_target_course
17398,2022,경상국립대학교,공과대학,제어계측공학과,제어공학1,3,1학기,3,3,0,전공선택,"제어공학는 제어계측공학 전공학생들이 제어공학에 대한 전공지식을 습득할 수 있도록 하기 위해 두 학기로 구성하여 강의를 진행한다.본 학기에는 제어공학의 개념, 수학적 모델링, 상태변수 모델, 궤환제어시스템의 특성 및 성능, 시스템의 상대안정도에 대해 다루고 현대제어 기술자에게 실무적인 제어공학에 대한 기초지식을 습득하고 또한 발표능력을 향상시킬 수 있도록 하여 제어계측공학 자질을 갖출 수 있도록 한다.본 강의는 학생지향형 강의방식으로 진행하여 응용능력을 향상시킴을 최대 목적으로 한다.",/미정/,,"B.C. Kuo/Automatic Control Systems/Wiley,G.F. Franklin (역)한도영/동적시스템 자동제어, 6판/한티미디어,N.S. Nise (역)박진배/제어시스템공학/홍릉과학출판사,강철구 역자/현대제어공학/사이텍미디어,김종식 외 3인/제어시스템설계/청문각,김종식/선형제어시스템공학/청문각,김종식/시스템모델링및제어/교보문고,이균경, 정은태/최신제어시스템, 11판/Pearson Education","추천선수과목 : 공학수학, 전기회로(회로이론)",True,True,False,False,False,True,target_department_and_target_course
17399,2022,경상국립대학교,공과대학,제어계측공학과,제어공학1,3,1학기,3,3,0,전공선택,"제어공학는 제어계측공학 전공학생들이 제어공학에 대한 전공지식을 습득할 수 있도록 하기 위해 두 학기로 구성하여 강의를 진행한다.본 학기에는 제어공학의 개념, 수학적 모델링, 상태변수 모델, 궤환제어시스템의 특성 및 성능, 시스템의 상대안정도에 대해 다루고 현대제어 기술자에게 실무적인 제어공학에 대한 기초지식을 습득하고 또한 발표능력을 향상시킬 수 있도록 하여 제어계측공학 자질을 갖출 수 있도록 한다.본 강의는 학생지향형 강의방식으로 진행하여 응용능력을 향상시킴을 최대 목적으로 한다.",/미정/,,"B.C. Kuo/Automatic Control Systems/Wiley,G.F. Franklin (역)한도영/동적시스템 자동제어, 6판/한티미디어,N.S. Nise (역)박진배/제어시스템공학/홍릉과학출판사,강철구 역자/현대제어공학/사이텍미디어,김종식 외 3인/제어시스템설계/청문각,김종식/선형제어시스템공학/청문각,김종식/시스템모델링및제어/교보문고,이균경, 정은태/최신제어시스템, 11판/Pearson Education","추천선수과목 : 공학수학, 전기회로(회로이론)",True,True,False,False,False,True,target_department_and_target_course
17400,2022,경상국립대학교,공과대학,제어계측공학과,제어공학1,3,1학기,3,3,0,전공선택,"제어공학는 제어계측공학 전공학생들이 제어공학에 대한 전공지식을 습득할 수 있도록 하기 위해 두 학기로 구성하여 강의를 진행한다.본 학기에는 제어공학의 개념, 수학적 모델링, 상태변수 모델, 궤환제어시스템의 특성 및 성능, 시스템의 상대안정도에 대해 다루고 현대제어 기술자에게 실무적인 제어공학에 대한 기초지식을 습득하고 또한 발표능력을 향상시킬 수 있도록 하여 제어계측공학 자질을 갖출 수 있도록 한다.본 강의는 학생지향형 강의방식으로 진행하여 응용능력을 향상시킴을 최대 목적으로 한다.",/미정/,,"B.C. Kuo/Automatic Control Systems/Wiley,G.F. Franklin (역)한도영/동적시스템 자동제어, 6판/한티미디어,N.S. Nise (역)박진배/제어시스템공학/홍릉과학출판사,강철구 역자/현대제어공학/사이텍미디어,김종식 외 3인/제어시스템설계/청문각,김종식/선형제어시스템공학/청문각,김종식/시스템모델링및제어/교보문고,이균경, 정은태/최신제어시스템, 11판/Pearson Education","추천선수과목 : 공학수학, 전기회로(회로이론)",True,True,False,False,False,True,target_department_and_target_course
17401,2022,경상국립대학교,공과대학,제어계측공학과,제어공학1,3,1학기,3,3,0,전공선택,"제어공학는 제어계측공학 전공학생들이 제어공학에 대한 전공지식을 습득할 수 있도록 하기 위해 두 학기로 구성하여 강의를 진행한다.본 학기에는 제어공학의 개념, 수학적 모델링, 상태변수 모델, 궤환제어시스템의 특성 및 성능, 시스템의 상대안정도에 대해 다루고 현대제어 기술자에게 실무적인 제어공학에 대한 기초지식을 습득하고 또한 발표능력을 향상시킬 수 있도록 하여 제어계측공학 자질을 갖출 수 있도록 한다.본 강의는 학생지향형 강의방식으로 진행하여 응용능력을 향상시킴을 최대 목적으로 한다.",/미정/,,"B.C. Kuo/Automatic Control Systems/Wiley,G.F. Franklin (역)한도영/동적시스템 자동제어, 6판/한티미디어,N.S. Nise (역)박진배/제어시스템공학/홍릉과학출판사,강철구 역자/현대제어공학/사이텍미디어,김종식 외 3인/제어시스템설계/청문각,김종식/선형제어시스템공학/청문각,김종식/시스템모델링및제어/교보문고,이균경, 정은태/최신제어시스템, 11판/Pearson Education","추천선수과목 : 공학수학, 전기회로(회로이론)",True,True,False,False,False,True,target_department_and_target_course
17403,2022,경상국립대학교,공과대학,제어계측공학과,제어공학2,3,2학기,3,3,0,전공필수,"4차산업혁명 시대에의 진입에 의해 제어공학/제어시스템/자동제어 역활이 중요시 되고 있고, 산업현장에서는 제어시스템의 구성, 모델링 및 해석, 설계, 성능최적화에 대한 문제는 더욱 그 중요성을 더하고 있어 차지하는 비중도 점차 확대되고 있는 추세이다. 따라서 제어공학에 대한 기초 및 응용, 고전 및 현대제어이론 기법까지 이해하고 구현하는 기법에 대한 이해가 필요하다.제어공학에 대한 전공지식을 습득할 수 있도록 하기위해 두 학기로 구성하였고. 본 학기에는 주파수영역에서의 안정도판별법 및 현대제어공학의 기본요소을 다루어 공학인들에게 필요한 제어공학의 기초지식을 제공하고자 한다. 본 강의를 수강하기 위해서는 수학적인 기초지식과 함께 회로해석능력을 갖추는 것을 전제로 해야 한다.1. 제어공학의 중요성 인식 / 고전제어기법의 안정도판별법 및 현대제어기법의 기초지식습득2. 과제물은 주로 예습위주로 제시 / 과제물작성시, 자신이 발표할 수 있을정도로 이해하면서 작성3. 고등학교와 같이 주입방식을 탈피하며 자발적이고 발표를 통한 토론식 강의로 진행 / 능동적 자세필요",김종식 외 3인/제어시스템설계/청문각,,"Benjamin C. Kuo, Farid Golnaraghi/Automatic Control Systems 8th edition/WILEY,Richard C. Dorf, Robert H. Bishop / 이균경, 정은태 옮김/최신제어시스템(Modern Control Systems) 10판/Pearson Education,강철구 역자/현대제어공학/사이텍미디어","추천선수과목 : 전기회로 혹은 회로이론, 공학수학, 제어공학1",True,True,False,False,False,True,target_department_and_target_course
17404,2022,경상국립대학교,공과대학,제어계측공학과,제어공학2,3,2학기,3,3,0,전공필수,"4차산업혁명 시대에의 진입에 의해 제어공학/제어시스템/자동제어 역활이 중요시 되고 있고, 산업현장에서는 제어시스템의 구성, 모델링 및 해석, 설계, 성능최적화에 대한 문제는 더욱 그 중요성을 더하고 있어 차지하는 비중도 점차 확대되고 있는 추세이다. 따라서 제어공학에 대한 기초 및 응용, 고전 및 현대제어이론 기법까지 이해하고 구현하는 기법에 대한 이해가 필요하다.제어공학에 대한 전공지식을 습득할 수 있도록 하기위해 두 학기로 구성하였고. 본 학기에는 주파수영역에서의 안정도판별법 및 현대제어공학의 기본요소을 다루어 공학인들에게 필요한 제어공학의 기초지식을 제공하고자 한다. 본 강의를 수강하기 위해서는 수학적인 기초지식과 함께 회로해석능력을 갖추는 것을 전제로 해야 한다.1. 제어공학의 중요성 인식 / 고전제어기법의 안정도판별법 및 현대제어기법의 기초지식습득2. 과제물은 주로 예습위주로 제시 / 과제물작성시, 자신이 발표할 수 있을정도로 이해하면서 작성3. 고등학교와 같이 주입방식을 탈피하며 자발적이고 발표를 통한 토론식 강의로 진행 / 능동적 자세필요",김종식 외 3인/제어시스템설계/청문각,,"Benjamin C. Kuo, Farid Golnaraghi/Automatic Control Systems 8th edition/WILEY,Richard C. Dorf, Robert H. Bishop / 이균경, 정은태 옮김/최신제어시스템(Modern Control Systems) 10판/Pearson Education,강철구 역자/현대제어공학/사이텍미디어","추천선수과목 : 전기회로 혹은 회로이론, 공학수학, 제어공학1",True,True,False,False,False,True,target_department_and_target_course
17405,2022,경상국립대학교,공과대학,제어계측공학과,제어공학2,3,2학기,3,3,0,전공필수,"4차산업혁명 시대에의 진입에 의해 제어공학/제어시스템/자동제어 역활이 중요시 되고 있고, 산업현장에서는 제어시스템의 구성, 모델링 및 해석, 설계, 성능최적화에 대한 문제는 더욱 그 중요성을 더하고 있어 차지하는 비중도 점차 확대되고 있는 추세이다. 따라서 제어공학에 대한 기초 및 응용, 고전 및 현대제어이론 기법까지 이해하고 구현하는 기법에 대한 이해가 필요하다.제어공학에 대한 전공지식을 습득할 수 있도록 하기위해 두 학기로 구성하였고. 본 학기에는 주파수영역에서의 안정도판별법 및 현대제어공학의 기본요소을 다루어 공학인들에게 필요한 제어공학의 기초지식을 제공하고자 한다. 본 강의를 수강하기 위해서는 수학적인 기초지식과 함께 회로해석능력을 갖추는 것을 전제로 해야 한다.1. 제어공학의 중요성 인식 / 고전제어기법의 안정도판별법 및 현대제어기법의 기초지식습득2. 과제물은 주로 예습위주로 제시 / 과제물작성시, 자신이 발표할 수 있을정도로 이해하면서 작성3. 고등학교와 같이 주입방식을 탈피하며 자발적이고 발표를 통한 토론식 강의로 진행 / 능동적 자세필요",김종식 외 3인/제어시스템설계/청문각,,"Benjamin C. Kuo, Farid Golnaraghi/Automatic Control Systems 8th edition/WILEY,Richard C. Dorf, Robert H. Bishop / 이균경, 정은태 옮김/최신제어시스템(Modern Control Systems) 10판/Pearson Education,강철구 역자/현대제어공학/사이텍미디어","추천선수과목 : 전기회로 혹은 회로이론, 공학수학, 제어공학1",True,True,False,False,False,True,target_department_and_target_course
17408,2022,경상국립대학교,공과대학,제어계측공학과,마이크로프로세서공학,3,2학기,3,3,0,전공필수,"마이크로프로세서의 기본구조와 개념을 이해하고 미이크로프로세서 시스템의 설계와 응용에 대해서 공부한다. 마이크로컴퓨터의 기본구조, ALU구조, 어드레싱기법, 디코딩회로, 디지털 및 아날로그 인터페이스에 대해서 다룬다.",/C어어로 배우는 8051 마이크로 프로세서/한빛비디어,,"Ayala/Microcontroller 8051/Thompson,K.L. Short/Microprocessors and programmed logic/청문각",필수선수과목 : 회로해석론1,True,True,False,False,False,True,target_department_and_target_course
17409,2022,경상국립대학교,공과대학,제어계측공학과,마이크로프로세서공학,3,2학기,3,3,0,전공필수,"마이크로프로세서의 기본구조와 개념을 이해하고 미이크로프로세서 시스템의 설계와 응용에 대해서 공부한다. 마이크로컴퓨터의 기본구조, ALU구조, 어드레싱기법, 디코딩회로, 디지털 및 아날로그 인터페이스에 대해서 다룬다.",/C어어로 배우는 8051 마이크로 프로세서/한빛비디어,,"Ayala/Microcontroller 8051/Thompson,K.L. Short/Microprocessors and programmed logic/청문각",필수선수과목 : 회로해석론1,True,True,False,False,False,True,target_department_and_target_course
17411,2022,경상국립대학교,공과대학,제어계측공학과,전자회로실험,3,1학기,2,0,4,전공필수,★ 강의 소개 ★전자회로실험(Electronic Circuit Lab.)은 이론 교과목인 전자회로공학 1/2에서 배운 내용을 바탕으로 실제 실험을 수행하여서 검증해보는 과목이다.본 교과목은 우선 실험에 앞 써 이론적인 부분에 대한 고찰을 하고 이를 토대로 실제 실험을 수행하여 이론적인 검증을 한다.매 실험 수업 진행에 앞 써 실험수행자는 예비레포트를 통해서 이론적인 부분에 대한 검증을 예습(이론 교과목의 복습)하고 실제 실험을 수행한 후 결과 보고서를 작성한다.본 교과목은 실험수업으로써 이론시간에 배운 지식을 바탕으로 실험을 수행하며 실험시간에는 이론적인 설명을 생략한다.(실험 수업시간에 예비 학습에 대한 공부를 하는 학생은 F학점),이정훈/전자회로실험 (2/e)/,,"Robert L. Boylestad, Louis Nashelsky (공역: 이적식 외)/전자회로실험 (11/e)/도서출판 홍릉",,True,True,True,False,False,True,target_department_and_target_course
17424,2022,경상국립대학교,공과대학,제어계측공학과,디지털제어공학,4,1학기,3,3,0,전공선택,"디지털제어공학은 디지털 특성을 이해하고, 디지털 제어기로 구성된 디지털제어시스템의 특성을 이해하여 설계하는 방법을 다루는 학문이다. 본 교과목의 주제는 ZTransform, Sampling, Discrete System, stability, Discrete PID 등에 대하여 익힌다. 또한 주어진 조건에 맞는 디지털제어기를 설계하는 능력을 배양한다.","C.L.Phillips and H.T.Nagle/Digital Control System Anlaysis and Design/PrenticeHall,박진배 외/디지털제어시스템/퍼스트북",,K.Ogata/DiscreteTime Control System/,,True,True,False,False,False,True,target_department_and_target_course
17425,2022,경상국립대학교,공과대학,제어계측공학과,디지털제어공학,4,1학기,3,3,0,전공선택,"디지털제어공학은 디지털 특성을 이해하고, 디지털 제어기로 구성된 디지털제어시스템의 특성을 이해하여 설계하는 방법을 다루는 학문이다. 본 교과목의 주제는 ZTransform, Sampling, Discrete System, stability, Discrete PID 등에 대하여 익힌다. 또한 주어진 조건에 맞는 디지털제어기를 설계하는 능력을 배양한다.","C.L.Phillips and H.T.Nagle/Digital Control System Anlaysis and Design/PrenticeHall,박진배 외/디지털제어시스템/퍼스트북",,K.Ogata/DiscreteTime Control System/,,True,True,False,False,False,True,target_department_and_target_course
17437,2022,경상국립대학교,공과대학,제어계측공학과,공학수학2,2,2학기,3,3,0,전공선택,,/syllabus/,,"김철 외 7명/공업수학/청문각,수학교재편찬위원회/미분적분학(CALCULUS)/교우사,윤영진/새로운 조합수학/교우사,최기헌/응용확률론 입문/자유아카데미",필수선수과목 : 공학수학 1,True,False,True,False,False,True,target_department_and_foundational_course
17438,2022,경상국립대학교,공과대학,제어계측공학과,공학수학2,2,2학기,3,3,0,전공선택,,/syllabus/,,"김철 외 7명/공업수학/청문각,수학교재편찬위원회/미분적분학(CALCULUS)/교우사,윤영진/새로운 조합수학/교우사,최기헌/응용확률론 입문/자유아카데미",필수선수과목 : 공학수학 1,True,False,True,False,False,True,target_department_and_foundational_course
17439,2022,경상국립대학교,공과대학,제어계측공학과,공학수학2,2,2학기,3,3,0,전공선택,,/syllabus/,,"김철 외 7명/공업수학/청문각,수학교재편찬위원회/미분적분학(CALCULUS)/교우사,윤영진/새로운 조합수학/교우사,최기헌/응용확률론 입문/자유아카데미",필수선수과목 : 공학수학 1,True,False,True,False,False,True,target_department_and_foundational_course
17440,2022,경상국립대학교,공과대학,제어계측공학과,공학수학2,2,2학기,3,3,0,전공선택,,/syllabus/,,"김철 외 7명/공업수학/청문각,수학교재편찬위원회/미분적분학(CALCULUS)/교우사,윤영진/새로운 조합수학/교우사,최기헌/응용확률론 입문/자유아카데미",필수선수과목 : 공학수학 1,True,False,True,False,False,True,target_department_and_foundational_course
17456,2022,경상국립대학교,공과대학,제어계측공학과,제어계측프로그래밍1,2,1학기,3,1,2,전공필수,C언어를 사용한 고급 프로그래밍 기법을 학습하고 예제와 실습 및 리포트을 통하여 프로그래밍을 훈련한다. 또한 응용 프로그래밍 능력을 배양하기 위하여 다양한 테마에 대한 응용 프로그램을 작성해 본다.,천인국/두근두근 C언어 수업/생능출판,,강환수/perfect C/인피니티북스,추천선수과목 : 공학프로그래밍언어,True,True,False,False,False,True,target_department_and_target_course
17458,2022,경상국립대학교,공과대학,제어계측공학과,전기회로기초실험,2,2학기,2,0,2,전공필수,전기회로에 대한 기본 개념과 설계를 중심으로 이론적으로 배운 내용을 검증한다.,백주기/공학도를 위한 전기/전자/제어/통신 기초 회로 실험/성안당,,정학기/기초전기회로실험/인터비젼,추천선수과목 : 창의적공학설계,True,True,True,False,False,True,target_department_and_target_course
17460,2022,경상국립대학교,공과대학,제어계측공학과,제어계측프로그래밍2,2,2학기,3,1,2,전공선택,"제어계측프로그래밍2에서는 C언어의 고급 기능을 다룬다.함수 및 포인터, 구조체, 동적메모리할당, 파일입출력등 다양한 고급 기술을 익히고 다양한 실습을 통하여 학습한다.",천인국/두근두근 C언어 수업/생능출판,,"김주호,신동준/비주얼C++300제/기전연구사",추천선수과목 : 제어계측프로그래밍1,True,True,False,False,False,True,target_department_and_target_course
17462,2022,경상국립대학교,공과대학,제어계측공학과,객체지향프로그래밍,3,1학기,3,1,2,전공선택,"산업체 및 기업체에서 가장 일반적으로 사용되는 객체지향 프로그래밍인 C++를 익히고 학습한다.객체지향프로그래밍은 컴퓨터프로그래밍의 새로운 패러다임의 하나로 컴퓨터 프로그램을 명령어의 목록에서 보는 시각에서 벗어나 여러 개의 독립된 단위, 즉 ""객체""들의 모임으로 파악하고자 하는 것이다. 이러한 고급 프로그래밍인 객체지향프로그래밍은 프로그램을 유연하고 변경이 용이하게 만들기 때문에 대규모 소프트웨어 개발에 많이 사용된다. 또한 프로그래밍을 더 배우기 쉽게 하고 소프트웨어 개발과 보수를 간편하게 하며, 직관적인 코드 분석을 가능하게 하는 장점을 갖고 있다.",이현창/생각하며 배우는 C++/한빛미디어,,황준하/C++ 프로그래밍 입문/카오스북,추천선수과목 : 공학프로그래밍언어,True,True,False,False,False,True,target_department_and_target_course
17464,2022,경상국립대학교,공과대학,제어계측공학과,디지털회로설계,3,2학기,2,0,3,전공필수,"본 강좌는 전자공학 및 디지털공학에 대한 선행학습이 필요로하며, 마이크로프로세서 및 전력전자에 대한 기초지식의 기반이 된다. 디지털 회로에 대한 이해를 돕고 실습 및 실험을 통하여 관련 수업에서 배운 동작을 직접 설계함으로써 동작 및 응용력을 극대화시킬 수 있도록 수업을 진행한다. 강의 내용은 가장 기본적인 AND, OR, NOT 게이트등를 이용하여 간단한 회로를 구성해 봄으로써 관련 기기 및 동작 방식을 익히고, 점차 고급 회로인 디코더와 인코더, 플립플롭등 핵심 디지털 회로를 직접 설계한다. 또한 카운터와 클럭을 이용한 복잡한 디지털 회로를 팀을 구성하여 직접 설계도를 작성하고 최종 디지털시스템에 대한 프로젝트를 수행함으로써 응용력을 증대시키고 관련 분야 취업시 활용가능한 회로 기술을 익힐 수 있도록 수업을 진행할 예정이다.",김태웅/디지털 회로실험/,,"M.M. Mano, C.R. Kime/Logic and Computer Design Fundamentals/Pearson,박건작/기초디지털회로실험/상학당","추천선수과목 : 회로해석론, 전자회로공학, 디지털논리회로",True,True,True,False,False,True,target_department_and_target_course
17465,2022,경상국립대학교,공과대학,제어계측공학과,디지털회로설계,3,2학기,2,0,3,전공필수,"본 강좌는 전자공학 및 디지털공학에 대한 선행학습이 필요로하며, 마이크로프로세서 및 전력전자에 대한 기초지식의 기반이 된다. 디지털 회로에 대한 이해를 돕고 실습 및 실험을 통하여 관련 수업에서 배운 동작을 직접 설계함으로써 동작 및 응용력을 극대화시킬 수 있도록 수업을 진행한다. 강의 내용은 가장 기본적인 AND, OR, NOT 게이트등를 이용하여 간단한 회로를 구성해 봄으로써 관련 기기 및 동작 방식을 익히고, 점차 고급 회로인 디코더와 인코더, 플립플롭등 핵심 디지털 회로를 직접 설계한다. 또한 카운터와 클럭을 이용한 복잡한 디지털 회로를 팀을 구성하여 직접 설계도를 작성하고 최종 디지털시스템에 대한 프로젝트를 수행함으로써 응용력을 증대시키고 관련 분야 취업시 활용가능한 회로 기술을 익힐 수 있도록 수업을 진행할 예정이다.",김태웅/디지털 회로실험/,,"M.M. Mano, C.R. Kime/Logic and Computer Design Fundamentals/Pearson,박건작/기초디지털회로실험/상학당","추천선수과목 : 회로해석론, 전자회로공학, 디지털논리회로",True,True,True,False,False,True,target_department_and_target_course
17468,2022,경상국립대학교,공과대학,제어계측공학과,마이크로프로세서응용설계,4,1학기,2,0,3,전공필수,"마이크로프로세서의 기본적인 프로그래밍 방법, C 언어를 이용한 프로그래밍 방법 습득하고 PC를 이용한 통신방법, 마이크로콘트롤러를 이용한 스텝모터제어, 디스플레이장치제어, 기구제어, 계측 등의 실험을 수행한다.최종적으로 마이크로프로세서 Atmega128을 이용한 응용시스템을 설계 및 제작한다.본 강의를 통해 다음을 배울 수 있다.1. 마이크로프로세서의 구조이해2. 마이크로프로세서 명령어3. 마이크로프로세서 어셈블리프로그래밍 방법4. 마이크로프로세서 시스템 설계5. 마이크로프로세서 응용시스템 제작",자체제작/마이크로프로세서응용설계 강의노트/자체,,김진환 외/AVR Atmega128/,추천선수과목 : 마이크로프로세서공학,True,True,True,False,False,True,target_department_and_target_course
17510,2022,경상국립대학교,공과대학,전기에너지공학과,전자장수치해석,2,2학기,3,3,0,전공선택,전자기이론 개념 이행전자장 수치해석 개념 이해수치해석 프로그램 사용 능력 배양다양한 해석모델 실습에 따른 응용 능력 배양,"P.P.Silvester,R.L.Ferrari/Finite Elements for Electrical Engineers (3rd edn.)/Cambridge Univ. Press",,"C.W.Steele/Numerical Computation of Electric and Magnetic Fields (2nd edn.)/Chapman & Hall,J.Jin/The Finite Element Method in Electromagnetics/John Wiley & Sons, Inc.",,True,False,True,False,False,True,target_department_and_foundational_course
17511,2022,경상국립대학교,공과대학,전기에너지공학과,전자장수치해석,2,2학기,3,3,0,전공선택,전자기이론 개념 이행전자장 수치해석 개념 이해수치해석 프로그램 사용 능력 배양다양한 해석모델 실습에 따른 응용 능력 배양,"P.P.Silvester,R.L.Ferrari/Finite Elements for Electrical Engineers (3rd edn.)/Cambridge Univ. Press",,"C.W.Steele/Numerical Computation of Electric and Magnetic Fields (2nd edn.)/Chapman & Hall,J.Jin/The Finite Element Method in Electromagnetics/John Wiley & Sons, Inc.",,True,False,True,False,False,True,target_department_and_foundational_course
17513,2022,경상국립대학교,공과대학,전기에너지공학과,회로망및제어1,3,1학기,3,3,0,전공선택,회로의 기본 개념을 익히고 선형 제어시스템의 원리에 대하여 공부한다.,"김용권외 4이/회로이론/퍼스트북,/프린트/",,,,True,True,False,False,False,True,target_department_and_target_course
17517,2022,경상국립대학교,공과대학,전기에너지공학과,메카트로닉스1,4,1학기,3,3,0,전공선택,메카트로닉스는 기계와 전자가 결합된 최신의 시스템이다. 오늘날 메카트로닉스 시스템의 핵심은 인공지능을 이용하여 센서로 부터 들어온 데이터를 이용하여 지능적인 메카트노닉스 시스템을 설계하고 구현하는 것이 가능해졌다. 본 과목은 바로 이러한 인공지능 관련 기술을 익히고 배운다.,이영호/모두의 인공지능 with 파이썬/길벗,,천인국/두근두근파이썬/생능출판,,True,True,False,False,False,True,target_department_and_target_course
17521,2022,경상국립대학교,공과대학,전기에너지공학과,메카트로닉스2,4,2학기,3,3,0,전공선택,"메카트로닉스공학은 기계, 전기, 전자, 제어, 계측, 정보통신, 컴퓨터 및 소프트웨어의 요소기술을 창의적으로 통합하여 시스템을 설계, 제작, 제어 및 지능 프로그래밍을 수행할 수 있도록 용합기술을 제공하는 학문분야이다. 따라서 현재 국내외 산업체에서 융복합기반 기술을 확장하고 있으며 이와 같은 분야에서 전공한 엔지니어를 요구하고 있는 추세에 있다.현대사회에서 요구하는 발표능력을 향상시키기 위해 학생중심적인 토론기반 강의로 진행하여 손쉽게 이해할 수 있도록 할 예정이다.메카트로닉스 시스템센서(아날로그>디지털) 사용기법구동시스템제어알고리즘프로그래밍 기법",양경모/메카트로닉스 공학/구민사,,"Bolton (노태정 번역/메카트로닉스 4판/사이텍미디어,장승호/메카트로닉스 시스템/문운당,//",,True,True,False,False,False,True,target_department_and_target_course
17522,2022,경상국립대학교,공과대학,전기에너지공학과,메카트로닉스2,4,2학기,3,3,0,전공선택,"메카트로닉스공학은 기계, 전기, 전자, 제어, 계측, 정보통신, 컴퓨터 및 소프트웨어의 요소기술을 창의적으로 통합하여 시스템을 설계, 제작, 제어 및 지능 프로그래밍을 수행할 수 있도록 용합기술을 제공하는 학문분야이다. 따라서 현재 국내외 산업체에서 융복합기반 기술을 확장하고 있으며 이와 같은 분야에서 전공한 엔지니어를 요구하고 있는 추세에 있다.현대사회에서 요구하는 발표능력을 향상시키기 위해 학생중심적인 토론기반 강의로 진행하여 손쉽게 이해할 수 있도록 할 예정이다.메카트로닉스 시스템센서(아날로그>디지털) 사용기법구동시스템제어알고리즘프로그래밍 기법",양경모/메카트로닉스 공학/구민사,,"Bolton (노태정 번역/메카트로닉스 4판/사이텍미디어,장승호/메카트로닉스 시스템/문운당,//",,True,True,False,False,False,True,target_department_and_target_course
17523,2022,경상국립대학교,공과대학,전기에너지공학과,메카트로닉스2,4,2학기,3,3,0,전공선택,"메카트로닉스공학은 기계, 전기, 전자, 제어, 계측, 정보통신, 컴퓨터 및 소프트웨어의 요소기술을 창의적으로 통합하여 시스템을 설계, 제작, 제어 및 지능 프로그래밍을 수행할 수 있도록 용합기술을 제공하는 학문분야이다. 따라서 현재 국내외 산업체에서 융복합기반 기술을 확장하고 있으며 이와 같은 분야에서 전공한 엔지니어를 요구하고 있는 추세에 있다.현대사회에서 요구하는 발표능력을 향상시키기 위해 학생중심적인 토론기반 강의로 진행하여 손쉽게 이해할 수 있도록 할 예정이다.메카트로닉스 시스템센서(아날로그>디지털) 사용기법구동시스템제어알고리즘프로그래밍 기법",양경모/메카트로닉스 공학/구민사,,"Bolton (노태정 번역/메카트로닉스 4판/사이텍미디어,장승호/메카트로닉스 시스템/문운당,//",,True,True,False,False,False,True,target_department_and_target_course
17533,2022,경상국립대학교,공과대학,반도체공학과,회로해석론1,2,1학기,3,3,0,전공선택,"회로해석론 I은 회로소자의 동작 및 특성에 대한 가장 기초적인 지식을 수업하고 이들 회로소자들의 조합으로 구성 가능한 1, 2차회로, 전력회로 등을 공부한다. 따라서 이러한 회로들의 해석을 위한 회로해석 기법들과 교류전원 및 위상해석법 그리고 정상상태 응답 등 다양한 형태의 회로구성 및 이에 대한 해석 기법들에 대한 소개와 수업이 이루어진다.","D. E. Johnson, J. L. Hilburn, J. R. Johnson, and P. D. Scott/Basic Electric Circuit Analysis, 5th edition/John Wiley & Sons Inc.",,"R. C. Dorf and J. A. Svoboda/Intorduction to Electric Circuits, 6th edition/John Wiley & Sons Inc.,W. H. Hayt and J. E. Kemmerly/Engineering Circuit Analysis, 6th ed/McGrawHill, New York, NY,","추천선수과목 : 대학수학, 공학수학",True,True,False,False,False,True,target_department_and_target_course
17534,2022,경상국립대학교,공과대학,반도체공학과,회로해석론1,2,1학기,3,3,0,전공선택,"회로해석론 I은 회로소자의 동작 및 특성에 대한 가장 기초적인 지식을 수업하고 이들 회로소자들의 조합으로 구성 가능한 1, 2차회로, 전력회로 등을 공부한다. 따라서 이러한 회로들의 해석을 위한 회로해석 기법들과 교류전원 및 위상해석법 그리고 정상상태 응답 등 다양한 형태의 회로구성 및 이에 대한 해석 기법들에 대한 소개와 수업이 이루어진다.","D. E. Johnson, J. L. Hilburn, J. R. Johnson, and P. D. Scott/Basic Electric Circuit Analysis, 5th edition/John Wiley & Sons Inc.",,"R. C. Dorf and J. A. Svoboda/Intorduction to Electric Circuits, 6th edition/John Wiley & Sons Inc.,W. H. Hayt and J. E. Kemmerly/Engineering Circuit Analysis, 6th ed/McGrawHill, New York, NY,","추천선수과목 : 대학수학, 공학수학",True,True,False,False,False,True,target_department_and_target_course
17536,2022,경상국립대학교,공과대학,반도체공학과,회로해석론2,2,2학기,3,3,0,전공필수,페이저를 이용한 교류 정상상태 해석의 이해라플라스 변환과 이를 이용한 전기회로 해석주파수응답과 푸리에 변환에 대한 이해 및 회로해석에의 활용 능력 제고,"D. E. Johnson 외 3인/Basic Electric Circuit Analysis, 5th ed/John Wiley and Sons",,"R. C. Dorf 외 1인/Introduction to Electric Circuits, 6th ed./John Wiley and Sons,W. H. Hayt 외 1인/Engineering Circuit Analysis, 6th ed./McGrawHill","필수선수과목 : 회로해석론I,추천선수과목 : 공학수학I",True,True,False,False,False,True,target_department_and_target_course
17537,2022,경상국립대학교,공과대학,반도체공학과,회로해석론2,2,2학기,3,3,0,전공필수,페이저를 이용한 교류 정상상태 해석의 이해라플라스 변환과 이를 이용한 전기회로 해석주파수응답과 푸리에 변환에 대한 이해 및 회로해석에의 활용 능력 제고,"D. E. Johnson 외 3인/Basic Electric Circuit Analysis, 5th ed/John Wiley and Sons",,"R. C. Dorf 외 1인/Introduction to Electric Circuits, 6th ed./John Wiley and Sons,W. H. Hayt 외 1인/Engineering Circuit Analysis, 6th ed./McGrawHill","필수선수과목 : 회로해석론I,추천선수과목 : 공학수학I",True,True,False,False,False,True,target_department_and_target_course
17549,2022,경상국립대학교,공과대학,반도체공학과,PBL창의융합설계,4,2학기,3,1,2,전공선택,창의융합에 대한 정의와 창의융합적 사고에 대한 이해창의융합적 사고에 기반한 시스템 설계 능력 배양,"B.A.Forouzan/ataCommunicationsandNetworking,3rded./McGrawHill,NewYork,NY",,"구자광외2인/정보통신개론/내하출판사,김응석/비주얼베이직6/대림출판사,정경환/비주얼베이직사용자를위한클라이언트/서버프로그래밍/정익사",추천선수과목 : 통신공학,True,False,True,False,False,True,target_department_and_foundational_course
17550,2022,경상국립대학교,공과대학,반도체공학과,PBL창의융합설계,4,2학기,3,1,2,전공선택,창의융합에 대한 정의와 창의융합적 사고에 대한 이해창의융합적 사고에 기반한 시스템 설계 능력 배양,"B.A.Forouzan/ataCommunicationsandNetworking,3rded./McGrawHill,NewYork,NY",,"구자광외2인/정보통신개론/내하출판사,김응석/비주얼베이직6/대림출판사,정경환/비주얼베이직사용자를위한클라이언트/서버프로그래밍/정익사",추천선수과목 : 통신공학,True,False,True,False,False,True,target_department_and_foundational_course
17551,2022,경상국립대학교,공과대학,반도체공학과,PBL창의융합설계,4,2학기,3,1,2,전공선택,창의융합에 대한 정의와 창의융합적 사고에 대한 이해창의융합적 사고에 기반한 시스템 설계 능력 배양,"B.A.Forouzan/ataCommunicationsandNetworking,3rded./McGrawHill,NewYork,NY",,"구자광외2인/정보통신개론/내하출판사,김응석/비주얼베이직6/대림출판사,정경환/비주얼베이직사용자를위한클라이언트/서버프로그래밍/정익사",추천선수과목 : 통신공학,True,False,True,False,False,True,target_department_and_foundational_course
17554,2022,경상국립대학교,공과대학,반도체공학과,반도체소자,3,1학기,3,3,0,전공필수,"반도체소자를 이해하기위하여 반도체재료의 기본물성과 반도체소자의 기본인 PN접합과 다이오드의 동작과 기본특성을 다시 복습한다. 그리고 다이오드를 만들어가는 과정을 통해 반도체의 기본제조공정도 배운다. 이를 바탕으로 JFET,(junction field effect transistor), BJT(bipolar junction transistor) 의 동작특성 그리고 MOS(Metal Oxide Semiconductor) 커패시터의 동작특성과 MOSFET(MOS Field Effect Transistor)의 동작특성에 대하여 배우고 IC소자로서의 MOSFET를 공부한다.","Chenming Hu/현대반도체소자공학 2판/Pearson(한빛출판사),박기철/강의자료/자체유인물",,Streetman/고체전자공학/Pearson(도서출판영),"필수선수과목 : 물리전자 2,추천선수과목 : 물리전자 1",True,True,False,False,False,True,target_department_and_target_course
17555,2022,경상국립대학교,공과대학,반도체공학과,반도체소자,3,1학기,3,3,0,전공필수,"반도체소자를 이해하기위하여 반도체재료의 기본물성과 반도체소자의 기본인 PN접합과 다이오드의 동작과 기본특성을 다시 복습한다. 그리고 다이오드를 만들어가는 과정을 통해 반도체의 기본제조공정도 배운다. 이를 바탕으로 JFET,(junction field effect transistor), BJT(bipolar junction transistor) 의 동작특성 그리고 MOS(Metal Oxide Semiconductor) 커패시터의 동작특성과 MOSFET(MOS Field Effect Transistor)의 동작특성에 대하여 배우고 IC소자로서의 MOSFET를 공부한다.","Chenming Hu/현대반도체소자공학 2판/Pearson(한빛출판사),박기철/강의자료/자체유인물",,Streetman/고체전자공학/Pearson(도서출판영),"필수선수과목 : 물리전자 2,추천선수과목 : 물리전자 1",True,True,False,False,False,True,target_department_and_target_course
17564,2022,경상국립대학교,공과대학,반도체공학과,전자회로1,3,1학기,3,3,0,전공선택,"전자회로의 이해와 설계를 위하여 다이오드, 트랜지스터및 수동 소자의 동작을 공부한다.다이오드를 이용한 정류회로, 파형변환회로, 증배기 등에 대하여 공부하고 트랜지스터를 이용하여 여러 회로 구성에 대한 스위칭 특성, 가청신호 증폭기, 증폭기의 주파수 특성에 대하여 공부한다.",정규범/알기쉽게 풀어쓴 전자회로/문운당,,Malvino/일렉트로닉스/보성문화사,"필수선수과목 : 회로이론, 물리전자",True,True,False,False,False,True,target_department_and_target_course
17566,2022,경상국립대학교,공과대학,반도체공학과,전자회로2,3,2학기,3,3,0,전공필수,"1. 바이폴라, MOS 트랜지스터 다단증폭기의 동작을 이해하고 증폭도가 큰 증폭기를 공부한다.2. 증폭기회로의 성는을 개선하기 위한 정전류원회로를 공부한다.3. 연산증폭기를 이용한 여파기, 미분기, 적분기를 공부한다.4. 연산증폭기를 이용한 발진회로를 공부한다.",정규범/알기쉽게 풀어쓴 전자회로/문운당,,Malvino/일렉트로닉스/보성문화사,필수선수과목 : 전자회로 1,True,True,False,False,False,True,target_department_and_target_course
17568,2022,경상국립대학교,공과대학,반도체공학과,반도체소자설계,3,2학기,3,3,0,전공필수,"반도체 소자(PN diode, MOSFET 등)의 공정 변수에 따른 소자의 동작 특성과의 상관관계를 이해하여 전기적 특성을 예측할 수 있는 능력을 기른다.","D. A. Neamen/반도체 물성과 소자/Mc Graw Hill,김동명/반도체공학/한빛아카데미",,,"필수선수과목 : 반도체소자,추천선수과목 : 물리전자, 전자기이론",True,True,True,False,False,True,target_department_and_target_course
17570,2022,경상국립대학교,공과대학,반도체공학과,통신공학,3,1학기,3,3,0,전공선택,"본 교과목에서는 아날로그 통신시스템의 동작과 특성에 대한 이해를 목표로 한다. 이를 위하여 우선 신호의 종류와 특성을 분석한다. 그리고 이러한 신호들의 주파수영역 해석을 위하여 푸리에 급수전개와 푸리에 변환을 공부한다. 더불어 신호의 효과적인 전달을 위한 변조방식들에 대하여 살펴보고 이들의 특성과 동작원리, 장단점 등을 구체적으로 학습한다.코로나19 확산으로 인하여 2021년도 1학기에는 비대면 동영상 강의로 진행한다.",강석근/통신공학I/네오디자인,,"R. E. Ziemer and W. H. Tranter/Principles of Communications, 5th ed/Wiley, Hoboken, NJ,,S. Haykin/Communication Systems, 4th ed/Wiley, New York, NY",추천선수과목 : 공학수학2,True,True,False,False,False,True,target_department_and_target_course
17571,2022,경상국립대학교,공과대학,반도체공학과,통신공학,3,1학기,3,3,0,전공선택,"본 교과목에서는 아날로그 통신시스템의 동작과 특성에 대한 이해를 목표로 한다. 이를 위하여 우선 신호의 종류와 특성을 분석한다. 그리고 이러한 신호들의 주파수영역 해석을 위하여 푸리에 급수전개와 푸리에 변환을 공부한다. 더불어 신호의 효과적인 전달을 위한 변조방식들에 대하여 살펴보고 이들의 특성과 동작원리, 장단점 등을 구체적으로 학습한다.코로나19 확산으로 인하여 2021년도 1학기에는 비대면 동영상 강의로 진행한다.",강석근/통신공학I/네오디자인,,"R. E. Ziemer and W. H. Tranter/Principles of Communications, 5th ed/Wiley, Hoboken, NJ,,S. Haykin/Communication Systems, 4th ed/Wiley, New York, NY",추천선수과목 : 공학수학2,True,True,False,False,False,True,target_department_and_target_course
17575,2022,경상국립대학교,공과대학,반도체공학과,공학수학1,2,1학기,3,3,0,전공선택,공학의 다방면에 활용할 수 있는 수학을 교수,조재경/공학수학이라면 만화로 공부하세요/,,/Erwin Kreyzig 9판/(범한서적),"추천선수과목 : 수학1,2",True,False,True,False,False,True,target_department_and_foundational_course
17587,2022,경상국립대학교,공과대학,반도체공학과,기초회로실험1,2,1학기,2,0,3,전공필수,기초회로이론의 기초가 되는 저항회로의 설계와 동작원리를 실험을 통하여 이해한다. 이를 위해 기본적인 계측장비의 사용법을 익히고 저항회로의 구성방법을 배운다. 그리고 저항회로를 응용한 회로를 설계하고 시뮬레이션하는 방법을 배우고 이를 통하여 공학설계능력을 기른다. 이를 토대로 저항회로를 분석하고 설계하는 기법과 능력을 배양한다.,P. B. Zbar/Basic Electricity/McGrawHill,,D.E. Jhonson/Basice Electric Circuit Analysis/Wiley,추천선수과목 : 물리학 II,True,True,True,False,False,True,target_department_and_target_course
17588,2022,경상국립대학교,공과대학,반도체공학과,기초회로실험1,2,1학기,2,0,3,전공필수,"기초회로이론의 기초가 되는 저항성회로의 설계와 동작원리를 통하여 실험을 통하여 이해하기위하여 기본적인 계측장비의 사용법을 익히고 저항성 회로의 구성방법을 배운다. 그리고 PSpice를 배워 설계후 회로를 시뮬레이션하며, 구성된 저항회로의 전류전압특성을 실험을 통하여 측정하여 회로해석론에서 배운 이론적인 내용과 비교 분석하는 능력을 기른다. 이를 토대로 주어진 조건에 적합한 회로설계 기법과 능력을 배양한다.코로나19 확산으로 인하여 2021년도 1학기에는 비대면 동영상 강의로 진행한다.",P. B. Zbar/Basic Electricity/McGrawHill,,D.E. Jhonson/Basice Electric Circuit Analysis/Wiley,추천선수과목 : 물리학 II,True,True,True,False,False,True,target_department_and_target_course
17590,2022,경상국립대학교,공과대학,반도체공학과,기초회로실험2,2,2학기,2,0,3,전공필수,전기회로의 구성과 해석방법에 대한 이해RLC 소자의 특성 이해RLC 소자를 이용한 필터회로 설계 능력 배양,"Zbar 외 2인/Basic Electricity: A TextLab Manual, 7th ed./McGrawHill",,"D.E. Jhonson 외 3인/Basic Electric Circuit Analysis, 5th ed./Wiley,R.C. Dorf 외 1인/Introduction to Electric Circuits, 6th ed./Wiley,/그 외 각종 전기회로 및 전기회로실험 관련 서적/",,True,True,True,False,False,True,target_department_and_target_course
17592,2022,경상국립대학교,공과대학,반도체공학과,기초회로실험2,2,2학기,2,0,3,전공필수,수동소자 회로의 교류 동작 특성을 이해하고 실습을 통해 회로를 설계하고 동작 특성을 측정 및 분석하는 방법을 체득한다.,"Zbar 외 2인/Basic Electricity: A TextLab Manual, 7th ed./McGrawHill",,"D.E. Jhonson 외 3인/Basic Electric Circuit Analysis, 5th ed./Wiley,R.C. Dorf 외 1인/Introduction to Electric Circuits, 6th ed./Wiley,/그 외 각종 전기회로 및 전기회로실험 관련 서적/",,True,True,True,False,False,True,target_department_and_target_course
17593,2022,경상국립대학교,공과대학,반도체공학과,기초회로실험2,2,2학기,2,0,3,전공필수,전기회로의 구성과 해석방법에 대한 이해RLC 소자의 특성 이해RLC 소자를 이용한 필터회로 설계 능력 배양,"Zbar 외 2인/Basic Electricity: A TextLab Manual, 7th ed./McGrawHill",,"D.E. Jhonson 외 3인/Basic Electric Circuit Analysis, 5th ed./Wiley,R.C. Dorf 외 1인/Introduction to Electric Circuits, 6th ed./Wiley,/그 외 각종 전기회로 및 전기회로실험 관련 서적/",,True,True,True,False,False,True,target_department_and_target_course
17594,2022,경상국립대학교,공과대학,반도체공학과,기초회로실험2,2,2학기,2,0,3,전공필수,전기회로의 구성과 해석방법에 대한 이해RLC 소자의 특성 이해RLC 소자를 이용한 필터회로 설계 능력 배양,"Zbar 외 2인/Basic Electricity: A TextLab Manual, 7th ed./McGrawHill",,"D.E. Jhonson 외 3인/Basic Electric Circuit Analysis, 5th ed./Wiley,R.C. Dorf 외 1인/Introduction to Electric Circuits, 6th ed./Wiley,/그 외 각종 전기회로 및 전기회로실험 관련 서적/",,True,True,True,False,False,True,target_department_and_target_course
17595,2022,경상국립대학교,공과대학,반도체공학과,기초회로실험2,2,2학기,2,0,3,전공필수,수동소자 회로의 교류 동작 특성을 이해하고 실습을 통해 회로를 설계하고 동작 특성을 측정 및 분석하는 방법을 체득한다.,"Zbar 외 2인/Basic Electricity: A TextLab Manual, 7th ed./McGrawHill",,"D.E. Jhonson 외 3인/Basic Electric Circuit Analysis, 5th ed./Wiley,R.C. Dorf 외 1인/Introduction to Electric Circuits, 6th ed./Wiley,/그 외 각종 전기회로 및 전기회로실험 관련 서적/",,True,True,True,False,False,True,target_department_and_target_course
17596,2022,경상국립대학교,공과대학,반도체공학과,기초회로실험2,2,2학기,2,0,3,전공필수,수동소자 회로의 교류 동작 특성을 이해하고 실습을 통해 회로를 설계하고 동작 특성을 측정 및 분석하는 방법을 체득한다.,"Zbar 외 2인/Basic Electricity: A TextLab Manual, 7th ed./McGrawHill",,"D.E. Jhonson 외 3인/Basic Electric Circuit Analysis, 5th ed./Wiley,R.C. Dorf 외 1인/Introduction to Electric Circuits, 6th ed./Wiley,/그 외 각종 전기회로 및 전기회로실험 관련 서적/",,True,True,True,False,False,True,target_department_and_target_course
17598,2022,경상국립대학교,공과대학,반도체공학과,전자회로실험1,3,1학기,2,0,3,전공필수,접합 다이오드의 특성을 이해하고 다이오드의 기본회로를 익히며 바이폴라 트랜지스터와 FET의 특성을 실험을 통하여 배운다. 증폭기의 원리와 특성 및 주파수 응답에 대해 공부한다.,"김정규, 박기철/반도체 공학도를 위한 전자회로/문운당",,Zbar 외/Basic Electronics/McGrawHill,"필수선수과목 : 회로이론,추천선수과목 : 전자회로, 물리전자",True,True,True,False,False,True,target_department_and_target_course
17599,2022,경상국립대학교,공과대학,반도체공학과,전자회로실험1,3,1학기,2,0,3,전공필수,접합 다이오드의 특성을 이해하고 다이오드의 기본회로를 익히며 바이폴라 트랜지스터와 FET의 특성을 실험을 통하여 배운다. 증폭기의 원리와 특성 및 주파수 응답에 대해 공부한다.,"김정규, 박기철/반도체 공학도를 위한 전자회로/문운당",,Zbar 외/Basic Electronics/McGrawHill,"필수선수과목 : 회로이론,추천선수과목 : 전자회로, 물리전자",True,True,True,False,False,True,target_department_and_target_course
17600,2022,경상국립대학교,공과대학,반도체공학과,전자회로실험1,3,1학기,2,0,3,전공필수,접합 다이오드의 특성을 이해하고 다이오드의 기본회로를 익히며 바이폴라 트랜지스터와 FET의 특성을 실험을 통하여 배운다. 증폭기의 원리와 특성 및 주파수 응답에 대해 공부한다.,"김정규, 박기철/반도체 공학도를 위한 전자회로/문운당",,Zbar 외/Basic Electronics/McGrawHill,"필수선수과목 : 회로이론,추천선수과목 : 전자회로, 물리전자",True,True,True,False,False,True,target_department_and_target_course
17602,2022,경상국립대학교,공과대학,반도체공학과,전자회로실험2,3,2학기,2,0,3,전공필수,"1. 전자회로에서 배운 회로들의 동작을 파형의 관찰을 통해 검증한다.2. 함수발생기, 정전압원, 오실로스코프 등의 전자회로 검증에 필요한 장비의 사용에 익숙해진다.3. 설계를 통해 회로를 설계하고, 검증하고 구현하는 과정을 공부한다.4. 설계발표를 통해 발표와 경청에 대하여 경험하고 기술을 익힌다.","김정규, 박기철/반도체 공학도를 위한 전자회로실험/문운당",,Bogart and Brown/Experiments in Electronic Device and Circuits(6Th ed.)/Prentice Hill,"필수선수과목 : 전자회로실험1,추천선수과목 : 전자회로1",True,True,True,False,False,True,target_department_and_target_course
17603,2022,경상국립대학교,공과대학,반도체공학과,전자회로실험2,3,2학기,2,0,3,전공필수,"1. 전자회로에서 배운 회로들의 동작을 파형의 관찰을 통해 검증한다.2. 함수발생기, 정전압원, 오실로스코프 등의 전자회로 검증에 필요한 장비의 사용에 익숙해진다.3. 설계를 통해 회로를 설계하고, 검증하고 구현하는 과정을 공부한다.4. 설계발표를 통해 발표와 경청에 대하여 경험하고 기술을 익힌다.","김정규, 박기철/반도체 공학도를 위한 전자회로실험/문운당",,Bogart and Brown/Experiments in Electronic Device and Circuits(6Th ed.)/Prentice Hill,"필수선수과목 : 전자회로실험1,추천선수과목 : 전자회로1",True,True,True,False,False,True,target_department_and_target_course
17604,2022,경상국립대학교,공과대학,반도체공학과,전자회로실험2,3,2학기,2,0,3,전공필수,"1. 전자회로에서 배운 회로들의 동작을 파형의 관찰을 통해 검증한다.2. 함수발생기, 정전압원, 오실로스코프 등의 전자회로 검증에 필요한 장비의 사용에 익숙해진다.3. 설계를 통해 회로를 설계하고, 검증하고 구현하는 과정을 공부한다.4. 설계발표를 통해 발표와 경청에 대하여 경험하고 기술을 익힌다.","김정규, 박기철/반도체 공학도를 위한 전자회로실험/문운당",,Bogart and Brown/Experiments in Electronic Device and Circuits(6Th ed.)/Prentice Hill,"필수선수과목 : 전자회로실험1,추천선수과목 : 전자회로1",True,True,True,False,False,True,target_department_and_target_course
17606,2022,경상국립대학교,공과대학,반도체공학과,컴퓨터프로그래밍언어,3,1학기,3,1,2,전공선택,"아두이노를 사용하여 임베디드 시스템의 기본구조 및 입출력, 인터럽트,타이머/카운터 인터페이스, A/D 변환기 등을 강의한다. 또한 실습보드 상에서 C 언어를 사용하여 인터페이스 프로그램을 작성하고 실습 한다.",양영일/AVR Studio를 이용한 AVR 활용/도서출판 디자인필,,양영일/AVR Studio를 이용한 AVR 응용/도서출판 디자인필,추천선수과목 : 공학프로그래밍언어,True,True,False,False,False,True,target_department_and_target_course
17609,2022,경상국립대학교,공과대학,반도체공학과,반도체제조공정,3,2학기,3,3,0,전공선택,반도체 단결정성장부터 반도체 집적회로의 제조까지를 배우고 이해하며 덧붙여 집적회로가 만들어지면 사용자가 시스템에 적용할 수 있도록 반도체칩의 조립 및 포장기술까지 배운다. 최소선폭을 줄이기 위한 현대의 공정기술을 EUV공정까지 조명하여 살펴 본다.,Richard C. Jaeger/Introduction to Microelectronic Fabrication/Addisonwesley,,"Franssila/Introduction to Microfabrication/Wiley,Gary S. May/Fundmentals of Semiconductor Fabrication/Wiley","필수선수과목 : 반도체소자,추천선수과목 : 물리전자1, 2",True,True,False,False,False,True,target_department_and_target_course
17610,2022,경상국립대학교,공과대학,반도체공학과,반도체제조공정,3,2학기,3,3,0,전공선택,반도체 단결정성장부터 반도체 집적회로의 제조까지를 배우고 이해하며 덧붙여 집적회로가 만들어지면 사용자가 시스템에 적용할 수 있도록 반도체칩의 조립 및 포장기술까지 배운다. 최소선폭을 줄이기 위한 현대의 공정기술을 EUV공정까지 조명하여 살펴 본다.,Richard C. Jaeger/Introduction to Microelectronic Fabrication/Addisonwesley,,"Franssila/Introduction to Microfabrication/Wiley,Gary S. May/Fundmentals of Semiconductor Fabrication/Wiley","필수선수과목 : 반도체소자,추천선수과목 : 물리전자1, 2",True,True,False,False,False,True,target_department_and_target_course
17612,2022,경상국립대학교,공과대학,반도체공학과,반도체제조실험,4,1학기,2,0,3,전공선택,"반도체 소자제작에 요구되는 반도체 제조장비의 기초가 되는 진공기술과 각 종 박막제조장비의 동작을 실험실습을 통하여 배우며, 이들 장비를 응용하여 금속박막, 투명도전막 등 각종 반도체 박막을 제조하고 이들의 동작특성을 측정한다. 설계과제로 박막저항소자를 설계하고 제조하여 이에 대한 마스크 설계와 제조공정을 이해하고 체득한다.",박기철/디스플레이제조공정실험/자체유인물,,Jaeger/반도체공정개론 2판/Pearson(교보문고),"필수선수과목 : 디스플레이제조공정,추천선수과목 : 물리전자, 반도체소자",True,True,True,False,False,True,target_department_and_target_course
17897,2022,경상국립대학교,공과대학,항공우주및소프트웨어공학부,컴퓨터프로그래밍기초PBL,1,2학기,2,2,0,전공선택,적극적 참여를 유도하고 학습한 내용을 적용하여 코딩을 활용하여 문제를 해결컴퓨터 기반의 논리적 사고체계를 적용하여 코딩으로 문제를 해결C언어의 기본 문법을 활용하여 주어진 문제를 코딩으로 해결코딩 중에 발생한 오류를 분석하고 해결동료가 작성한 코드를 읽고 발생가능한 문제점을 지적하고 더 좋은 코드로 변경더 좋은 코드를 작성하기 위해 동료와 소통하고 장단점 파악,"K.N. King/C Programming: A Modern Approach/Norton,그레그 페리 , 딘 밀러 지음 | 천인국 옮김/어서와 C언어는 처음이지! 초보자를 위한 C 프로그래밍 완벽가이드/인피니티북스",,"Brian W. Kernighan, Dennis M. Ritchie/C Programming Language/Prentice Hall,Stephen G. Kochan/Programming in C/Pearson Education","필수선수과목 : None,추천선수과목 : None",True,True,False,False,False,True,target_department_and_target_course
17898,2022,경상국립대학교,공과대학,항공우주및소프트웨어공학부,컴퓨터프로그래밍기초PBL,1,2학기,2,2,0,전공선택,적극적 참여를 유도하고 학습한 내용을 적용하여 코딩을 활용하여 문제를 해결컴퓨터 기반의 논리적 사고체계를 적용하여 코딩으로 문제를 해결C언어의 기본 문법을 활용하여 주어진 문제를 코딩으로 해결코딩 중에 발생한 오류를 분석하고 해결동료가 작성한 코드를 읽고 발생가능한 문제점을 지적하고 더 좋은 코드로 변경더 좋은 코드를 작성하기 위해 동료와 소통하고 장단점 파악,"K.N. King/C Programming: A Modern Approach/Norton,그레그 페리 , 딘 밀러 지음 | 천인국 옮김/어서와 C언어는 처음이지! 초보자를 위한 C 프로그래밍 완벽가이드/인피니티북스",,"Brian W. Kernighan, Dennis M. Ritchie/C Programming Language/Prentice Hall,Stephen G. Kochan/Programming in C/Pearson Education","필수선수과목 : None,추천선수과목 : None",True,True,False,False,False,True,target_department_and_target_course
17899,2022,경상국립대학교,공과대학,항공우주및소프트웨어공학부,컴퓨터프로그래밍기초PBL,1,2학기,2,2,0,전공선택,적극적 참여를 유도하고 학습한 내용을 적용하여 코딩을 활용하여 문제를 해결컴퓨터 기반의 논리적 사고체계를 적용하여 코딩으로 문제를 해결C언어의 기본 문법을 활용하여 주어진 문제를 코딩으로 해결코딩 중에 발생한 오류를 분석하고 해결동료가 작성한 코드를 읽고 발생가능한 문제점을 지적하고 더 좋은 코드로 변경더 좋은 코드를 작성하기 위해 동료와 소통하고 장단점 파악,"K.N. King/C Programming: A Modern Approach/Norton,그레그 페리 , 딘 밀러 지음 | 천인국 옮김/어서와 C언어는 처음이지! 초보자를 위한 C 프로그래밍 완벽가이드/인피니티북스",,"Brian W. Kernighan, Dennis M. Ritchie/C Programming Language/Prentice Hall,Stephen G. Kochan/Programming in C/Pearson Education","필수선수과목 : None,추천선수과목 : None",True,True,False,False,False,True,target_department_and_target_course
17901,2022,경상국립대학교,공과대학,항공우주및소프트웨어공학부,컴퓨터프로그래밍기초PBL,1,2학기,2,2,0,전공선택,c언어 프로그래밍 문법을 이해한다.c언어 프로그래밍으로 다양한 문제를 해결할 수 있다.,"K.N.KING/C Programming: A Modern Approach, 2nd Edition/,천인국/쉽게 풀어쓴 C언어 EXPRESS/생능출판사",,,,True,True,False,False,False,True,target_department_and_target_course
17904,2022,경상국립대학교,공과대학,항공우주및소프트웨어공학부,컴퓨터프로그래밍기초실습PBL,1,2학기,1,0,2,전공선택,적극적 참여를 유도하고 학습한 내용을 적용하여 코딩을 활용하여 문제를 해결컴퓨터 기반의 논리적 사고체계를 적용하여 코딩으로 문제를 해결C언어의 기본 문법을 활용하여 주어진 문제를 코딩으로 해결코딩 중에 발생한 오류를 분석하고 해결동료가 작성한 코드를 읽고 발생가능한 문제점을 지적하고 더 좋은 코드로 변경더 좋은 코드를 작성하기 위해 동료와 소통하고 장단점 파악,"K.N. King/C Programming: A Modern Approach/Norton,그레그 페리 , 딘 밀러 지음 | 천인국 옮김/어서와 C언어는 처음이지! 초보자를 위한 C 프로그래밍 완벽가이드/인피니티북스",,"Brian W. Kernighan, Dennis M. Ritchie/C Programming Language/Prentice Hall,Stephen G. Kochan/Programming in C/Pearson Education","필수선수과목 : None,추천선수과목 : None",True,True,False,False,False,True,target_department_and_target_course
17905,2022,경상국립대학교,공과대학,항공우주및소프트웨어공학부,컴퓨터프로그래밍기초실습PBL,1,2학기,1,0,2,전공선택,적극적 참여를 유도하고 학습한 내용을 적용하여 코딩을 활용하여 문제를 해결컴퓨터 기반의 논리적 사고체계를 적용하여 코딩으로 문제를 해결C언어의 기본 문법을 활용하여 주어진 문제를 코딩으로 해결코딩 중에 발생한 오류를 분석하고 해결동료가 작성한 코드를 읽고 발생가능한 문제점을 지적하고 더 좋은 코드로 변경더 좋은 코드를 작성하기 위해 동료와 소통하고 장단점 파악,"K.N. King/C Programming: A Modern Approach/Norton,그레그 페리 , 딘 밀러 지음 | 천인국 옮김/어서와 C언어는 처음이지! 초보자를 위한 C 프로그래밍 완벽가이드/인피니티북스",,"Brian W. Kernighan, Dennis M. Ritchie/C Programming Language/Prentice Hall,Stephen G. Kochan/Programming in C/Pearson Education","필수선수과목 : None,추천선수과목 : None",True,True,False,False,False,True,target_department_and_target_course
17906,2022,경상국립대학교,공과대학,항공우주및소프트웨어공학부,컴퓨터프로그래밍기초실습PBL,1,2학기,1,0,2,전공선택,적극적 참여를 유도하고 학습한 내용을 적용하여 코딩을 활용하여 문제를 해결컴퓨터 기반의 논리적 사고체계를 적용하여 코딩으로 문제를 해결C언어의 기본 문법을 활용하여 주어진 문제를 코딩으로 해결코딩 중에 발생한 오류를 분석하고 해결동료가 작성한 코드를 읽고 발생가능한 문제점을 지적하고 더 좋은 코드로 변경더 좋은 코드를 작성하기 위해 동료와 소통하고 장단점 파악,"K.N. King/C Programming: A Modern Approach/Norton,그레그 페리 , 딘 밀러 지음 | 천인국 옮김/어서와 C언어는 처음이지! 초보자를 위한 C 프로그래밍 완벽가이드/인피니티북스",,"Brian W. Kernighan, Dennis M. Ritchie/C Programming Language/Prentice Hall,Stephen G. Kochan/Programming in C/Pearson Education","필수선수과목 : None,추천선수과목 : None",True,True,False,False,False,True,target_department_and_target_course
17908,2022,경상국립대학교,공과대학,항공우주및소프트웨어공학부,자료구조및알고리즘PBL,2,1학기,3,2,2,전공필수,"A good algorithm usually comes together with a set of good data structures that allow the algorithm to manipulate the data efficiently. In this course, we consider the common data structures that are used in various computational problems.We are going to cover basic data structures such as arrays, singlylinked lists, doublylinked lists, stack, queues, and trees. We also cover algorithm topics such as binary trees priority queues, heap, disjoint sets, hash tables, and various search algorithms.",,,"Ellis Horowitz, Sartaj Sahni, and Susan AndersonFreed/Fundamentals of Data Structures in C,/Silicon Press,Udi Manber/Introduction to Algorithms: A Creative Approach/AddisonWesley","필수선수과목 : 컴퓨터프로그래밍기초, 컴퓨터프로그래밍기초실습",True,True,False,True,False,True,target_department_and_target_course
17910,2022,경상국립대학교,공과대학,항공우주및소프트웨어공학부,자료구조및알고리즘PBL,2,1학기,3,2,2,전공필수,"A good algorithm usually comes together with a set of good data structures that allow the algorithm to manipulate the data efficiently. In this course, we consider the common data structures that are used in various computational problems.We are going to cover basic data structures such as arrays, singlylinked lists, doublylinked lists, stacks, queues, and trees. We also cover algorithm topics such as binary trees priority queues, heap, hash tables, and various search algorithms.","Ellis Horowitz/Fundamentals of Data Structures in C, 2/E/Silicon Valley Publishers Group,천인국/C언어로 쉽게 풀어쓴 자료구조/생능출판사",,Udi Manber/Introduction to Algorithms: A Creative Approach/AddisonWesley,"필수선수과목 : 컴퓨터프로그래밍기초, 컴퓨터프로그래밍기초실습",True,True,False,True,False,True,target_department_and_target_course
17911,2022,경상국립대학교,공과대학,항공우주및소프트웨어공학부,자료구조및알고리즘PBL,2,1학기,3,2,2,전공필수,"A good algorithm usually comes together with a set of good data structures that allow the algorithm to manipulate the data efficiently. In this course, we consider the common data structures that are used in various computational problems.We are going to cover basic data structures such as arrays, singlylinked lists, doublylinked lists, stacks, queues, and trees. We also cover algorithm topics such as binary trees priority queues, heap, hash tables, and various search algorithms.","Ellis Horowitz/Fundamentals of Data Structures in C, 2/E/Silicon Valley Publishers Group,천인국/C언어로 쉽게 풀어쓴 자료구조/생능출판사",,Udi Manber/Introduction to Algorithms: A Creative Approach/AddisonWesley,"필수선수과목 : 컴퓨터프로그래밍기초, 컴퓨터프로그래밍기초실습",True,True,False,True,False,True,target_department_and_target_course
17922,2022,경상국립대학교,공과대학,항공우주및소프트웨어공학부,종합설계,4,1학기,3,0,3,전공필수,"미래의 정보처리시스템 및 항공전자시스템에 관련된 기술을 연구 및 개발할 수 있는 능력을 배양하기 위해서 지도교수의 지도에 따라 조별로 특정한 주제를 기획, 설계, 제작, 관리, 분석하는 종합적인 과정을 경험하고 이를 발표한다. 아울러 최종 결과물을 논문 형식으로 기술한다.",/임베디드 시스템 관련 전공서적/,,"김시중/과학논문 작성법/고려대학교 출판부,박준영외/보고서작성 및 프리젠테이션 기법/인터비전",,True,False,True,False,False,True,target_department_and_foundational_course
17923,2022,경상국립대학교,공과대학,항공우주및소프트웨어공학부,종합설계,4,1학기,3,0,3,전공필수,"미래의 정보처리시스템 및 항공전자시스템에 관련된 기술을 연구 및 개발할 수 있는 능력을 배양하기 위해서 지도교수의 지도에 따라 조별로 특정한 주제를 기획, 설계, 제작, 관리, 분석하는 종합적인 과정을 경험하고 이를 발표한다. 아울러 최종 결과물을 논문 형식으로 기술한다.",/임베디드 시스템 관련 전공서적/,,"김시중/과학논문 작성법/고려대학교 출판부,박준영외/보고서작성 및 프리젠테이션 기법/인터비전",,True,False,True,False,False,True,target_department_and_foundational_course
17936,2022,경상국립대학교,공과대학,항공우주및소프트웨어공학부,자동제어,3,1학기,3,3,0,전공선택,"본 교과목은 기계 항공 시스템의 동역학 모델에 대한 기본적인 제어기 설계 기법을 학습한다. 시간영역 및 주파수영역에서 표현된 동역학 모델에 대해 Bode, Nyquist 선도를 활용한 성능 및 안정성 해석 방법을 익히고, 아울러 주어진 모델에 대한 PID, Leadlag 제어기 설계 기법을 학습한다. 모든 모델링 및 제어기 설계는 MATLAB 소프트웨어를 사용해 수행한다.",이재원외 7인/동적시스템 자동제어(8판)/Pearson,,"김영탁외 3인/시스템 해석(4판)/Pearson,정길도외 5인/KUO의 자동제어(10판)/Mc Graw Hill",,True,True,False,False,False,True,target_department_and_target_course
17938,2022,경상국립대학교,공과대학,항공우주및소프트웨어공학부,자동제어,3,1학기,3,3,0,전공선택,"본 교과목은 기계 항공 시스템의 동역학 모델에 대한 기본적인 제어기 설계 기법을 학습한다. 시간영역 및 주파수영역에서 표현된 동역학 모델에 대해 Bode, Nyquist 선도를 활용한 성능 및 안정성 해석 방법을 익히고, 아울러 주어진 모델에 대한 PID, Leadlag 제어기 설계 기법을 학습한다. 모든 모델링 및 제어기 설계는 MATLAB 소프트웨어를 사용해 수행한다.",이재원외 7인/동적시스템 자동제어(8판)/Pearson,,"김영탁외 3인/시스템 해석(4판)/Pearson,정길도외 5인/KUO의 자동제어(10판)/Mc Graw Hill",,True,True,False,False,False,True,target_department_and_target_course
17949,2022,경상국립대학교,공과대학,항공우주및소프트웨어공학부,데이터베이스,3,1학기,3,2,1,전공선택,문제가 의도하는 쿼리를 작성하여 원하는 정보를 추출할 수 있다.서버에 접속하여 쿼리를 요청하고 정보를 획득하여 가공할 수 있다.시스템에서 요구하는 DB를 설계하여 스키마를 생성할 수 있다.,Gehrek Ramakrishnan/Database Management Systems/McGrawHill,,"C.J. Date/An Introduction to Database Systems/Pearson,Hector GarciaMolina, Jeff Ullman, and Jennifer Widom/Database Systems: The Complete book/Pearson,Takahashi Mana 지음 홍희정 옮김/만화로 쉽게 배우는 데이터베이스/성안당","추천선수과목 : Data Structure, C",True,True,False,True,False,True,target_department_and_target_course
17950,2022,경상국립대학교,공과대학,항공우주및소프트웨어공학부,데이터베이스,3,1학기,3,2,1,전공선택,문제가 의도하는 쿼리를 작성하여 원하는 정보를 추출할 수 있다.서버에 접속하여 쿼리를 요청하고 정보를 획득하여 가공할 수 있다.시스템에서 요구하는 DB를 설계하여 스키마를 생성할 수 있다.,Gehrek Ramakrishnan/Database Management Systems/McGrawHill,,"C.J. Date/An Introduction to Database Systems/Pearson,Hector GarciaMolina, Jeff Ullman, and Jennifer Widom/Database Systems: The Complete book/Pearson,Takahashi Mana 지음 홍희정 옮김/만화로 쉽게 배우는 데이터베이스/성안당","추천선수과목 : Data Structure, C",True,True,False,True,False,True,target_department_and_target_course
17951,2022,경상국립대학교,공과대학,항공우주및소프트웨어공학부,데이터베이스,3,1학기,3,2,1,전공선택,문제가 의도하는 쿼리를 작성하여 원하는 정보를 추출할 수 있다.서버에 접속하여 쿼리를 요청하고 정보를 획득하여 가공할 수 있다.시스템에서 요구하는 DB를 설계하여 스키마를 생성할 수 있다.,Gehrek Ramakrishnan/Database Management Systems/McGrawHill,,"C.J. Date/An Introduction to Database Systems/Pearson,Hector GarciaMolina, Jeff Ullman, and Jennifer Widom/Database Systems: The Complete book/Pearson,Takahashi Mana 지음 홍희정 옮김/만화로 쉽게 배우는 데이터베이스/성안당","추천선수과목 : Data Structure, C",True,True,False,True,False,True,target_department_and_target_course
17975,2022,경상국립대학교,공과대학,항공우주및소프트웨어공학부,이산신호처리,2,2학기,3,3,0,전공선택,,J. Proakis and D. K. Manolakis/Digital Signal processing/Pearson New International edition,,하석운/매트랩으로 배우는 디지털 신호처리/생능출판사,,True,True,False,False,False,True,target_department_and_target_course
17981,2022,경상국립대학교,공과대학,항공우주및소프트웨어공학부,비행제어설계,4,1학기,3,3,0,전공선택,"본 과목은 항공기 개발 시 비행역학 및 비행제어 분야가 담당하는 역할과 비중을 이해하고, 항공기 운동방정식 유도 및 분석을 통한 비행 조종/안정성 해석 능력을 배양하고, 항공기 자동비행조종장치 설계에 필요한 기본지식 및 응용 능력을 함양하는데 목적이 있다. 본 과목에서는 항공기의 비행특성 해석 및 정적 안정성과 조종성 해석 능력을 배양하고 이를 바탕으로 자동비행조종장치 설계 프로젝트를 수행한다. 이를 통해 항공기 설계 과정에서 비행제어분야의 역할을 이해하고 항공기 설계능력을 배양한다.","김병수, 김유단, 방효충, 탁민제, 홍성경/비행역학 및 제어/경문사",,"JanRoskam/Airplane Flight Dynamics and Automatic Flight Controls/DAR Corporation,John H. Blakelock/Automatic Control of Aircraft and Missiles,/ohn Wiley & Sons, Inc,Robert C. Nelson/FLIGHT STABILITY AND AUTOMATIC CONTROL/McGrawHill Book Company",추천선수과목 : 공학수학1; 동역학; 공기역학; 비행역학; 제어공학,True,False,True,False,False,True,target_department_and_foundational_course
17982,2022,경상국립대학교,공과대학,항공우주및소프트웨어공학부,비행제어설계,4,1학기,3,3,0,전공선택,"본 과목은 항공기 개발 시 비행역학 및 비행제어 분야가 담당하는 역할과 비중을 이해하고, 항공기 운동방정식 유도 및 분석을 통한 비행 조종/안정성 해석 능력을 배양하고, 항공기 자동비행조종장치 설계에 필요한 기본지식 및 응용 능력을 함양하는데 목적이 있다. 본 과목에서는 항공기의 비행특성 해석 및 정적 안정성과 조종성 해석 능력을 배양하고 이를 바탕으로 자동비행조종장치 설계 프로젝트를 수행한다. 이를 통해 항공기 설계 과정에서 비행제어분야의 역할을 이해하고 항공기 설계능력을 배양한다.","김병수, 김유단, 방효충, 탁민제, 홍성경/비행역학 및 제어/경문사",,"JanRoskam/Airplane Flight Dynamics and Automatic Flight Controls/DAR Corporation,John H. Blakelock/Automatic Control of Aircraft and Missiles,/ohn Wiley & Sons, Inc,Robert C. Nelson/FLIGHT STABILITY AND AUTOMATIC CONTROL/McGrawHill Book Company",추천선수과목 : 공학수학1; 동역학; 공기역학; 비행역학; 제어공학,True,False,True,False,False,True,target_department_and_foundational_course
17983,2022,경상국립대학교,공과대학,항공우주및소프트웨어공학부,비행제어설계,4,1학기,3,3,0,전공선택,"본 과목은 항공기 개발 시 비행역학 및 비행제어 분야가 담당하는 역할과 비중을 이해하고, 항공기 운동방정식 유도 및 분석을 통한 비행 조종/안정성 해석 능력을 배양하고, 항공기 자동비행조종장치 설계에 필요한 기본지식 및 응용 능력을 함양하는데 목적이 있다. 본 과목에서는 항공기의 비행특성 해석 및 정적 안정성과 조종성 해석 능력을 배양하고 이를 바탕으로 자동비행조종장치 설계 프로젝트를 수행한다. 이를 통해 항공기 설계 과정에서 비행제어분야의 역할을 이해하고 항공기 설계능력을 배양한다.","김병수, 김유단, 방효충, 탁민제, 홍성경/비행역학 및 제어/경문사",,"JanRoskam/Airplane Flight Dynamics and Automatic Flight Controls/DAR Corporation,John H. Blakelock/Automatic Control of Aircraft and Missiles,/ohn Wiley & Sons, Inc,Robert C. Nelson/FLIGHT STABILITY AND AUTOMATIC CONTROL/McGrawHill Book Company",추천선수과목 : 공학수학1; 동역학; 공기역학; 비행역학; 제어공학,True,False,True,False,False,True,target_department_and_foundational_course
17989,2022,경상국립대학교,공과대학,항공우주및소프트웨어공학부,항공우주및소프트웨어공학개론,2,1학기,3,3,0,전공선택,"항공우주및소프트웨어공학에 입문하는 학생이 (1) 항공우주공학 및 소프트웨어공학 각각의 주요 분야를 개략적으로 이해하고 (2) 두 분야의 공통적 영역에 해당되는 현대적 항공우주소프트웨어 공학의 성격, 내용, 중요성 등을 이해할 수 있도록 한다.","전용기/Introduction to Airborne Software/InHouse Copy,한국항공우주학회/항공우주학개론/경문사",,,"필수선수과목 : 컴퓨터프로그래밍기초,추천선수과목 : 없음",True,True,False,False,False,True,target_department_and_target_course
17991,2022,경상국립대학교,공과대학,항공우주및소프트웨어공학부,항공우주및소프트웨어공학개론,2,1학기,3,3,0,전공선택,"항공우주및소프트웨어공학에 입문하는 학생이 (1) 항공우주공학 및 소프트웨어공학 각각의 주요 분야를 개략적으로 이해하고 (2) 두 분야의 공통적 영역에 해당되는 현대적 항공우주소프트웨어 공학의 성격, 내용, 중요성 등을 이해할 수 있도록 한다.","전용기/Introduction to Airborne Software/,한국항공우주학회/항공우주공학개론/한국항공우주학회",,,,True,True,False,False,False,True,target_department_and_target_course
17993,2022,경상국립대학교,공과대학,항공우주및소프트웨어공학부,Linux시스템프로그래밍,2,2학기,3,2,2,전공필수,,Marc Mitchell/Advanced Linux Programming/New Riders,,,,True,True,False,False,False,True,target_department_and_target_course
17995,2022,경상국립대학교,공과대학,항공우주및소프트웨어공학부,컴퓨터구조,3,1학기,3,3,0,전공선택,"프로세서내 각 구성 요소의 구조 및 기능, 명령어 구조, 그리고 주변 장치들과의 인터페이스를 학습함으로써 임베디드 시스템에서의 하드웨어 및 소프트웨어의 연관성과 상호작용에 대한 지식을 배양한다. 프로세서의 하드웨어 구성과 각 구성요소의 내부 구조 및 동작 원리를 학습한다. 프로세서의 명령어 구조와 각 구성요소간의 관계를 이해한다. 프로세서 구조에 효과적인 프로그램 작성 능력을 배양한다. Verilog HDL을 이용한 기본 시스템 설계를 실습한다.",D. A. Patterson/Computer Organization and Design/Morgan Kaufmann,,"J. Hayes/Computer Architecture and Organization/McGrawHill,S. Furber/ARM SystemonChip Architecture/AddisonWesley,S. Palnitkar/Verilog HDLA guide to Digital Design and Synthesis/PrenticeHall,W. Stallings/Computer Organization & ArchitectureDesign for Performance/Pearson Education","추천선수과목 : 항공우주및소프트웨어공학개론, 항공전자기초, 컴퓨터프로그래밍기초",True,True,False,True,False,True,target_department_and_target_course
17996,2022,경상국립대학교,공과대학,항공우주및소프트웨어공학부,컴퓨터구조,3,1학기,3,3,0,전공선택,"프로세서내 각 구성 요소의 구조 및 기능, 명령어 구조, 그리고 주변 장치들과의 인터페이스를 학습함으로써 임베디드 시스템에서의 하드웨어 및 소프트웨어의 연관성과 상호작용에 대한 지식을 배양한다. 프로세서의 하드웨어 구성과 각 구성요소의 내부 구조 및 동작 원리를 학습한다. 프로세서의 명령어 구조와 각 구성요소간의 관계를 이해한다. 프로세서 구조에 효과적인 프로그램 작성 능력을 배양한다. Verilog HDL을 이용한 기본 시스템 설계를 실습한다.",D. A. Patterson/Computer Organization and Design/Morgan Kaufmann,,"J. Hayes/Computer Architecture and Organization/McGrawHill,S. Furber/ARM SystemonChip Architecture/AddisonWesley,S. Palnitkar/Verilog HDLA guide to Digital Design and Synthesis/PrenticeHall,W. Stallings/Computer Organization & ArchitectureDesign for Performance/Pearson Education","추천선수과목 : 항공우주및소프트웨어공학개론, 항공전자기초, 컴퓨터프로그래밍기초",True,True,False,True,False,True,target_department_and_target_course
17997,2022,경상국립대학교,공과대학,항공우주및소프트웨어공학부,컴퓨터구조,3,1학기,3,3,0,전공선택,"프로세서내 각 구성 요소의 구조 및 기능, 명령어 구조, 그리고 주변 장치들과의 인터페이스를 학습함으로써 임베디드 시스템에서의 하드웨어 및 소프트웨어의 연관성과 상호작용에 대한 지식을 배양한다. 프로세서의 하드웨어 구성과 각 구성요소의 내부 구조 및 동작 원리를 학습한다. 프로세서의 명령어 구조와 각 구성요소간의 관계를 이해한다. 프로세서 구조에 효과적인 프로그램 작성 능력을 배양한다. Verilog HDL을 이용한 기본 시스템 설계를 실습한다.",D. A. Patterson/Computer Organization and Design/Morgan Kaufmann,,"J. Hayes/Computer Architecture and Organization/McGrawHill,S. Furber/ARM SystemonChip Architecture/AddisonWesley,S. Palnitkar/Verilog HDLA guide to Digital Design and Synthesis/PrenticeHall,W. Stallings/Computer Organization & ArchitectureDesign for Performance/Pearson Education","추천선수과목 : 항공우주및소프트웨어공학개론, 항공전자기초, 컴퓨터프로그래밍기초",True,True,False,True,False,True,target_department_and_target_course
17998,2022,경상국립대학교,공과대학,항공우주및소프트웨어공학부,컴퓨터구조,3,1학기,3,3,0,전공선택,"프로세서내 각 구성 요소의 구조 및 기능, 명령어 구조, 그리고 주변 장치들과의 인터페이스를 학습함으로써 임베디드 시스템에서의 하드웨어 및 소프트웨어의 연관성과 상호작용에 대한 지식을 배양한다. 프로세서의 하드웨어 구성과 각 구성요소의 내부 구조 및 동작 원리를 학습한다. 프로세서의 명령어 구조와 각 구성요소간의 관계를 이해한다. 프로세서 구조에 효과적인 프로그램 작성 능력을 배양한다. Verilog HDL을 이용한 기본 시스템 설계를 실습한다.",D. A. Patterson/Computer Organization and Design/Morgan Kaufmann,,"J. Hayes/Computer Architecture and Organization/McGrawHill,S. Furber/ARM SystemonChip Architecture/AddisonWesley,S. Palnitkar/Verilog HDLA guide to Digital Design and Synthesis/PrenticeHall,W. Stallings/Computer Organization & ArchitectureDesign for Performance/Pearson Education","추천선수과목 : 항공우주및소프트웨어공학개론, 항공전자기초, 컴퓨터프로그래밍기초",True,True,False,True,False,True,target_department_and_target_course
18004,2022,경상국립대학교,공과대학,항공우주및소프트웨어공학부,임베디드하드웨어,4,2학기,3,3,0,전공선택,VerilogHDL을 이용한 내장형 시스템 설계 방법론에 대하여 학습하고 SoC 설계 및 HW/SW CoDesign을 위한 기초 능력을 배양한다. VerilogHDL을 습득하고 이를 이용한 시스템 설계 방식을 학습한다. 데이터 북의 타이밍 분석 및 설계 방식을 학습한다. SoC 설계 기술에 대한 전체적인 개념을 이해한다.,"S. Brown, Z. Vranesic/Fundamentals of Digital Logic with Verilog/McGrawHill",,"D. Smith/HDL Chip Design/,M. D. Ciletti/Advanced Dignal Design with Verilog HDL/PrenticeHall,S. Palnitkar/Verilog HDLA guide to Digital Design and Synthesis/PrenticeHall,송태훈/Verilog HDL을 이용한 FPGA 설계 이론 및 실습/","필수선수과목 : 항공전자기초, 컴퓨터구조,추천선수과목 : 이산신호처리, 회로및신호, 컴퓨터프로그래밍",True,True,False,False,False,True,target_department_and_target_course
18005,2022,경상국립대학교,공과대학,항공우주및소프트웨어공학부,임베디드하드웨어,4,2학기,3,3,0,전공선택,VerilogHDL을 이용한 내장형 시스템 설계 방법론에 대하여 학습하고 SoC 설계 및 HW/SW CoDesign을 위한 기초 능력을 배양한다. VerilogHDL을 습득하고 이를 이용한 시스템 설계 방식을 학습한다. 데이터 북의 타이밍 분석 및 설계 방식을 학습한다. SoC 설계 기술에 대한 전체적인 개념을 이해한다.,"S. Brown, Z. Vranesic/Fundamentals of Digital Logic with Verilog/McGrawHill",,"D. Smith/HDL Chip Design/,M. D. Ciletti/Advanced Dignal Design with Verilog HDL/PrenticeHall,S. Palnitkar/Verilog HDLA guide to Digital Design and Synthesis/PrenticeHall,송태훈/Verilog HDL을 이용한 FPGA 설계 이론 및 실습/","필수선수과목 : 항공전자기초, 컴퓨터구조,추천선수과목 : 이산신호처리, 회로및신호, 컴퓨터프로그래밍",True,True,False,False,False,True,target_department_and_target_course
18006,2022,경상국립대학교,공과대학,항공우주및소프트웨어공학부,임베디드하드웨어,4,2학기,3,3,0,전공선택,VerilogHDL을 이용한 내장형 시스템 설계 방법론에 대하여 학습하고 SoC 설계 및 HW/SW CoDesign을 위한 기초 능력을 배양한다. VerilogHDL을 습득하고 이를 이용한 시스템 설계 방식을 학습한다. 데이터 북의 타이밍 분석 및 설계 방식을 학습한다. SoC 설계 기술에 대한 전체적인 개념을 이해한다.,"S. Brown, Z. Vranesic/Fundamentals of Digital Logic with Verilog/McGrawHill",,"D. Smith/HDL Chip Design/,M. D. Ciletti/Advanced Dignal Design with Verilog HDL/PrenticeHall,S. Palnitkar/Verilog HDLA guide to Digital Design and Synthesis/PrenticeHall,송태훈/Verilog HDL을 이용한 FPGA 설계 이론 및 실습/","필수선수과목 : 항공전자기초, 컴퓨터구조,추천선수과목 : 이산신호처리, 회로및신호, 컴퓨터프로그래밍",True,True,False,False,False,True,target_department_and_target_course
18007,2022,경상국립대학교,공과대학,항공우주및소프트웨어공학부,임베디드하드웨어,4,2학기,3,3,0,전공선택,VerilogHDL을 이용한 내장형 시스템 설계 방법론에 대하여 학습하고 SoC 설계 및 HW/SW CoDesign을 위한 기초 능력을 배양한다. VerilogHDL을 습득하고 이를 이용한 시스템 설계 방식을 학습한다. 데이터 북의 타이밍 분석 및 설계 방식을 학습한다. SoC 설계 기술에 대한 전체적인 개념을 이해한다.,"S. Brown, Z. Vranesic/Fundamentals of Digital Logic with Verilog/McGrawHill",,"D. Smith/HDL Chip Design/,M. D. Ciletti/Advanced Dignal Design with Verilog HDL/PrenticeHall,S. Palnitkar/Verilog HDLA guide to Digital Design and Synthesis/PrenticeHall,송태훈/Verilog HDL을 이용한 FPGA 설계 이론 및 실습/","필수선수과목 : 항공전자기초, 컴퓨터구조,추천선수과목 : 이산신호처리, 회로및신호, 컴퓨터프로그래밍",True,True,False,False,False,True,target_department_and_target_course
18016,2022,경상국립대학교,공과대학,항공우주및소프트웨어공학부,객체지향프로그래밍,2,1학기,2,2,0,전공선택,"Java 언어를 기반으로 객체지향 프로그래밍의 주요 개념인 객체 모델, 클래스, 상속, 다형성, 재사용, 예외처리 등을 배우고 익힌다. 이를 바탕으로 복잡한 문제를 Java 프로그래밍을 사용해서 해결할 수 있는 능력을 배양한다. (해당 반은 영어반으로 002반보다 영어와 프로그래밍 모두 인텐시브하게 진행할 예정입니다. 과거 강의 내용은 다음 싸이트를 참조 부탁드려요 (수업 중 수시 갱신할 수 있습니다.) http://selab.gnu.ac.kr/index.php/courses/objectorientedprogramming)","MIT OpenCourseWare/Introduction to Programming in Java/,심재연/든든한 Java Programming/연두에디션",,,추천선수과목 : 컴퓨터프로그래밍기초,True,True,False,False,False,True,target_department_and_target_course
18017,2022,경상국립대학교,공과대학,항공우주및소프트웨어공학부,객체지향프로그래밍,2,1학기,2,2,0,전공선택,"Java 언어를 기반으로 객체지향 프로그래밍의 주요 개념인 객체 모델, 클래스, 상속, 다형성, 재사용, 예외처리 등을 배우고 익힌다. 이를 바탕으로 복잡한 문제를 Java 프로그래밍을 사용해서 해결할 수 있는 능력을 배양한다. (프로그래밍을 처음 배우거나, 복학 등의 이유로 기억이 잘 나지 않는 경우, 1학년 프로그래밍 기초에서 B학점 이하인 경우 해당반을 들어주세요. 자바 기초부터 시작할 예정입니다.) 과거 강의 내용은 다음 싸이트를 참조 부탁드려요 (수업 중 수시 갱신할 수 있습니다.) http://selab.gnu.ac.kr/index.php/courses/objectorientedprogramming","MIT OpenCourseWare/Introduction to Programming in Java/,심재연/든든한 Java Programming/연두에디션",,,추천선수과목 : 컴퓨터프로그래밍기초,True,True,False,False,False,True,target_department_and_target_course
18019,2022,경상국립대학교,공과대학,항공우주및소프트웨어공학부,객체지향프로그래밍실습,2,1학기,1,0,2,전공선택,"Java 언어를 기반으로 객체지향 프로그래밍의 주요 개념인 객체 모델, 클래스, 상속, 다형성, 재사용, 예외처리 등을 배우고 익힌다. 이를 바탕으로 복잡한 문제를 Java 프로그래밍을 사용해서 해결할 수 있는 능력을 배양한다.(프로그래밍을 처음 배우거나, 복학 등의 이유로 기억이 잘 나지 않는 경우, 1학년 프로그래밍 기초에서 B학점 이하인 경우 해당반을 들어주세요. 자바 기초부터 시작할 예정입니다.) 과거 강의 내용은 다음 싸이트를 참조 부탁드려요 (수업 중 수시 갱신할 수 있습니다.) http://selab.gnu.ac.kr/index.php/courses/objectorientedprogramming","MIT OpenCourseWare/Introduction to Programming in Java/,심재연/든든한 Java Programming/연두에디션",,,추천선수과목 : 컴퓨터프로그래밍기초,True,True,False,False,False,True,target_department_and_target_course
18020,2022,경상국립대학교,공과대학,항공우주및소프트웨어공학부,객체지향프로그래밍실습,2,1학기,1,0,2,전공선택,"Java 언어를 기반으로 객체지향 프로그래밍의 주요 개념인 객체 모델, 클래스, 상속, 다형성, 재사용, 예외처리 등을 배우고 익힌다. 이를 바탕으로 복잡한 문제를 Java 프로그래밍을 사용해서 해결할 수 있는 능력을 배양한다.(프로그래밍을 처음 배우거나, 복학 등의 이유로 기억이 잘 나지 않는 경우, 1학년 프로그래밍 기초에서 B학점 이하인 경우 해당반을 들어주세요. 자바 기초부터 시작할 예정입니다.) 과거 강의 내용은 다음 싸이트를 참조 부탁드려요 (수업 중 수시 갱신할 수 있습니다.) http://selab.gnu.ac.kr/index.php/courses/objectorientedprogramming","MIT OpenCourseWare/Introduction to Programming in Java/,심재연/든든한 Java Programming/연두에디션",,,추천선수과목 : 컴퓨터프로그래밍기초,True,True,False,False,False,True,target_department_and_target_course
18021,2022,경상국립대학교,공과대학,항공우주및소프트웨어공학부,객체지향프로그래밍실습,2,1학기,1,0,2,전공선택,"Java 언어를 기반으로 객체지향 프로그래밍의 주요 개념인 객체 모델, 클래스, 상속, 다형성, 재사용, 예외처리 등을 배우고 익힌다. 이를 바탕으로 복잡한 문제를 Java 프로그래밍을 사용해서 해결할 수 있는 능력을 배양한다.(프로그래밍을 처음 배우거나, 복학 등의 이유로 기억이 잘 나지 않는 경우, 1학년 프로그래밍 기초에서 B학점 이하인 경우 해당반을 들어주세요. 자바 기초부터 시작할 예정입니다.) 과거 강의 내용은 다음 싸이트를 참조 부탁드려요 (수업 중 수시 갱신할 수 있습니다.) http://selab.gnu.ac.kr/index.php/courses/objectorientedprogramming","MIT OpenCourseWare/Introduction to Programming in Java/,심재연/든든한 Java Programming/연두에디션",,,추천선수과목 : 컴퓨터프로그래밍기초,True,True,False,False,False,True,target_department_and_target_course
18024,2022,경상국립대학교,공과대학,항공우주및소프트웨어공학부,공학수학2,2,2학기,3,3,0,전공선택,"As a second part of “Engineering Mathematics” at the undergraduate level in the department of “Aerospace and System Engineering”, “Engineering Mathematics II” covers diverse mathematical techniques which can help various courses in aerospace engineering. It includes vector calculus (multivariable derivatives and integrals), Fourier transform, partial differential equations, etc. The purpose of this course is to make the students have concrete mathematical backgrounds as aerospace engineers.* 본 과목은 신성장 산업의 맞춤형 인재 양성을 목표로 한국항공우주산업 등과 산학 연계하여 산업현장과 사회에서 요구하는 문제해결·협업·실무 능력 등을 갖추고 학생의 역량강화와 기업의 경쟁력 제고를 위한 공학수학2 내용을 강의한다.",Erwin Kreyszig/Advanced Engineering Mathematics (10th edition)/Wiley,,"김찬중/길잡이공업수학/문운당,서진원 외/KREYSZIG 공업수학 (개정 10판)/범한서적",추천선수과목 : 공학수학1,True,False,True,False,False,True,target_department_and_foundational_course
18025,2022,경상국립대학교,공과대학,항공우주및소프트웨어공학부,공학수학2,2,2학기,3,3,0,전공선택,"As a second part of “Engineering Mathematics” at the undergraduate level in the department of “Aerospace and System Engineering”, “Engineering Mathematics II” covers diverse mathematical techniques which can help various courses in aerospace engineering. It includes vector calculus (multivariable derivatives and integrals), Fourier transform, partial differential equations, etc. The purpose of this course is to make the students have concrete mathematical backgrounds as aerospace engineers.* 본 과목은 신성장 산업의 맞춤형 인재 양성을 목표로 한국항공우주산업 등과 산학 연계하여 산업현장과 사회에서 요구하는 문제해결·협업·실무 능력 등을 갖추고 학생의 역량강화와 기업의 경쟁력 제고를 위한 공학수학2 내용을 강의한다.",Erwin Kreyszig/Advanced Engineering Mathematics (10th edition)/Wiley,,"김찬중/길잡이공업수학/문운당,서진원 외/KREYSZIG 공업수학 (개정 10판)/범한서적",추천선수과목 : 공학수학1,True,False,True,False,False,True,target_department_and_foundational_course
18028,2022,경상국립대학교,공과대학,항공우주및소프트웨어공학부,창의적기초공학설계,1,2학기,3,0,3,전공필수,* 본 강의는 공학설계와 관련된 문제의 인식과 정의로 부터 시작하여 개념화를 거쳐 상상한 것을 제품으로 만들기 위한 계획으로 바꾸는 과정과 제품이 사용되는 동안 유지/보수하는 과정에 이르기까지 설계과정의 핵심적인 내용들을 다룬다. 공학 강의시간에 접한 순수 해석적 관점의 문제와는 달리 설계와 관련된 개방형 문제들을 해결하기 위한 기본 공학설계 능력을 배양하는데 목적을 두고 있다.* 본 과목은 신성장 산업의 맞춤형 인재 양성을 목표로 한국항공우주산업 등과 산학 연계하여 산업현장과 사회에서 요구하는 문제해결·협업·실무 능력 등을 갖추고 학생의 역량강화와 기업의 경쟁력 제고를 위한 창의적기초공학설계 내용을 강의한다.,"서영성, 박문식 등 역./창의적 공학설계(1)/피어슨 에듀케이션 코리아",,Brian S. Thompson/Creative Engineering Design/Okemos Press,추천선수과목 : 전산기계제도,True,False,True,False,False,True,target_department_and_foundational_course
18214,2022,경상국립대학교,공과대학,나노신소재공학부(금속재료공학전공),머신러닝,3,2학기,3,3,0,전공선택,,,,"1. Bishop, C. M/Neural Networks for Pattern Recognition/Oxford University Press,2. Ian Goodfellow/Deep Learning/,N. S. Reddy/Artificial Neural Networks in Materials Science/,/Neural networks in materials science/,Prof. HKDH Bhadeshia/Machine Learning in Materials Science/,W. Sha and K.L. Edwards/The use of artificial neural networks in materials sciencebased/","필수선수과목 : 없음,추천선수과목 : 없음",False,True,False,True,True,True,strong_ai_cs_course_outside_target_department
18215,2022,경상국립대학교,공과대학,나노신소재공학부(금속재료공학전공),머신러닝,3,2학기,3,3,0,전공선택,,,,"1. Bishop, C. M/Neural Networks for Pattern Recognition/Oxford University Press,2. Ian Goodfellow/Deep Learning/,N. S. Reddy/Artificial Neural Networks in Materials Science/,/Neural networks in materials science/,Prof. HKDH Bhadeshia/Machine Learning in Materials Science/,W. Sha and K.L. Edwards/The use of artificial neural networks in materials sciencebased/","필수선수과목 : 없음,추천선수과목 : 없음",False,True,False,True,True,True,strong_ai_cs_course_outside_target_department
18216,2022,경상국립대학교,공과대학,나노신소재공학부(금속재료공학전공),머신러닝,3,2학기,3,3,0,전공선택,,,,"1. Bishop, C. M/Neural Networks for Pattern Recognition/Oxford University Press,2. Ian Goodfellow/Deep Learning/,N. S. Reddy/Artificial Neural Networks in Materials Science/,/Neural networks in materials science/,Prof. HKDH Bhadeshia/Machine Learning in Materials Science/,W. Sha and K.L. Edwards/The use of artificial neural networks in materials sciencebased/","필수선수과목 : 없음,추천선수과목 : 없음",False,True,False,True,True,True,strong_ai_cs_course_outside_target_department
18217,2022,경상국립대학교,공과대학,나노신소재공학부(금속재료공학전공),머신러닝,3,2학기,3,3,0,전공선택,,,,"1. Bishop, C. M/Neural Networks for Pattern Recognition/Oxford University Press,2. Ian Goodfellow/Deep Learning/,N. S. Reddy/Artificial Neural Networks in Materials Science/,/Neural networks in materials science/,Prof. HKDH Bhadeshia/Machine Learning in Materials Science/,W. Sha and K.L. Edwards/The use of artificial neural networks in materials sciencebased/","필수선수과목 : 없음,추천선수과목 : 없음",False,True,False,True,True,True,strong_ai_cs_course_outside_target_department
18218,2022,경상국립대학교,공과대학,나노신소재공학부(금속재료공학전공),머신러닝,3,2학기,3,3,0,전공선택,,,,"1. Bishop, C. M/Neural Networks for Pattern Recognition/Oxford University Press,2. Ian Goodfellow/Deep Learning/,N. S. Reddy/Artificial Neural Networks in Materials Science/,/Neural networks in materials science/,Prof. HKDH Bhadeshia/Machine Learning in Materials Science/,W. Sha and K.L. Edwards/The use of artificial neural networks in materials sciencebased/","필수선수과목 : 없음,추천선수과목 : 없음",False,True,False,True,True,True,strong_ai_cs_course_outside_target_department
18928,2022,경상국립대학교,농업생명과학대학,식품자원경제학과,식품경제데이터분석기초,2,2학기,3,3,0,전공선택,"현대사회는 데이터 시대라고 불릴 만큼 데이터는 세상의 흐름을 주도하고 변화시키는 주요 자원의 하나로 인식되고 있다. 데이터는 기업 경영, 의료관리, 정책 개발 등 다양한 분야에서 그 활용 가치는 대단히 높다. 이 강의에서는 대학생의 데이터 문해력을 높이기 위해 무료 데이터분석 도구인 R을 이용하여 데이터를 수집하고, 분석하는 방법을 학습한다. 강의는 학과 컴퓨터 강의실에서 진행하며, 이론보다는 실습 위주로 구성된다.",김성용/R을 이용한 식품경제데이터 분석/경상국립대학교 식품자원경제학과,,"S.C. AlbrightW.L. WinstonC. Zappe/Data Analysis and Decision Making/Thomson,장용식, 최진호/빅데이터 분석의 첫 걸음 R 코딩/생능출판사",,False,True,False,True,True,True,strong_ai_cs_course_outside_target_department
18929,2022,경상국립대학교,농업생명과학대학,식품자원경제학과,식품경제데이터분석기초,2,2학기,3,3,0,전공선택,"현대사회는 데이터 시대라고 불릴 만큼 데이터는 세상의 흐름을 주도하고 변화시키는 주요 자원의 하나로 인식되고 있다. 데이터는 기업 경영, 의료관리, 정책 개발 등 다양한 분야에서 그 활용 가치는 대단히 높다. 이 강의에서는 대학생의 데이터 문해력을 높이기 위해 무료 데이터분석 도구인 R을 이용하여 데이터를 수집하고, 분석하는 방법을 학습한다. 강의는 학과 컴퓨터 강의실에서 진행하며, 이론보다는 실습 위주로 구성된다.",김성용/R을 이용한 식품경제데이터 분석/경상국립대학교 식품자원경제학과,,"S.C. AlbrightW.L. WinstonC. Zappe/Data Analysis and Decision Making/Thomson,장용식, 최진호/빅데이터 분석의 첫 걸음 R 코딩/생능출판사",,False,True,False,True,True,True,strong_ai_cs_course_outside_target_department
20804,2022,경상국립대학교,사범대학,윤리교육과,인공지능과윤리교육,1,2학기,2,2,0,전공선택,미래 사회(인공지능형 로봇 시대)로의 변화를 이해하고 대비할 수 있도록 한다 도덕적 사고의 원리들을 익힘으로써 도덕적 사고력과 도덕적 상상력을 증진하도록 한다,"변순용, 송선영/로봇윤리란 무엇인가/어문학사,톰 앤슨/비판적 사고와 윤리/서광사",,"밀/공리주의/책세상,벤담/도덕과 입법의 원리 서설/나남,아리스토텔레스/니코마코스 윤리학/이제이북스,칸트/도덕형이상학을 위한 기초 놓기/책세상,플라톤/국가/서광사",,False,True,False,True,True,True,strong_ai_cs_course_outside_target_department
20805,2022,경상국립대학교,사범대학,윤리교육과,인공지능과윤리교육,1,2학기,2,2,0,전공선택,미래 사회(인공지능형 로봇 시대)로의 변화를 이해하고 대비할 수 있도록 한다 도덕적 사고의 원리들을 익힘으로써 도덕적 사고력과 도덕적 상상력을 증진하도록 한다,"변순용, 송선영/로봇윤리란 무엇인가/어문학사,톰 앤슨/비판적 사고와 윤리/서광사",,"밀/공리주의/책세상,벤담/도덕과 입법의 원리 서설/나남,아리스토텔레스/니코마코스 윤리학/이제이북스,칸트/도덕형이상학을 위한 기초 놓기/책세상,플라톤/국가/서광사",,False,True,False,True,True,True,strong_ai_cs_course_outside_target_department
20806,2022,경상국립대학교,사범대학,윤리교육과,인공지능과윤리교육,1,2학기,2,2,0,전공선택,미래 사회(인공지능형 로봇 시대)로의 변화를 이해하고 대비할 수 있도록 한다 도덕적 사고의 원리들을 익힘으로써 도덕적 사고력과 도덕적 상상력을 증진하도록 한다,"변순용, 송선영/로봇윤리란 무엇인가/어문학사,톰 앤슨/비판적 사고와 윤리/서광사",,"밀/공리주의/책세상,벤담/도덕과 입법의 원리 서설/나남,아리스토텔레스/니코마코스 윤리학/이제이북스,칸트/도덕형이상학을 위한 기초 놓기/책세상,플라톤/국가/서광사",,False,True,False,True,True,True,strong_ai_cs_course_outside_target_department
20807,2022,경상국립대학교,사범대학,윤리교육과,인공지능과윤리교육,1,2학기,2,2,0,전공선택,미래 사회(인공지능형 로봇 시대)로의 변화를 이해하고 대비할 수 있도록 한다 도덕적 사고의 원리들을 익힘으로써 도덕적 사고력과 도덕적 상상력을 증진하도록 한다,"변순용, 송선영/로봇윤리란 무엇인가/어문학사,톰 앤슨/비판적 사고와 윤리/서광사",,"밀/공리주의/책세상,벤담/도덕과 입법의 원리 서설/나남,아리스토텔레스/니코마코스 윤리학/이제이북스,칸트/도덕형이상학을 위한 기초 놓기/책세상,플라톤/국가/서광사",,False,True,False,True,True,True,strong_ai_cs_course_outside_target_department
20808,2022,경상국립대학교,사범대학,윤리교육과,인공지능과윤리교육,1,2학기,2,2,0,전공선택,미래 사회(인공지능형 로봇 시대)로의 변화를 이해하고 대비할 수 있도록 한다 도덕적 사고의 원리들을 익힘으로써 도덕적 사고력과 도덕적 상상력을 증진하도록 한다,"변순용, 송선영/로봇윤리란 무엇인가/어문학사,톰 앤슨/비판적 사고와 윤리/서광사",,"밀/공리주의/책세상,벤담/도덕과 입법의 원리 서설/나남,아리스토텔레스/니코마코스 윤리학/이제이북스,칸트/도덕형이상학을 위한 기초 놓기/책세상,플라톤/국가/서광사",,False,True,False,True,True,True,strong_ai_cs_course_outside_target_department
20809,2022,경상국립대학교,사범대학,윤리교육과,인공지능과윤리교육,1,2학기,2,2,0,전공선택,미래 사회(인공지능형 로봇 시대)로의 변화를 이해하고 대비할 수 있도록 한다 도덕적 사고의 원리들을 익힘으로써 도덕적 사고력과 도덕적 상상력을 증진하도록 한다,"변순용, 송선영/로봇윤리란 무엇인가/어문학사,톰 앤슨/비판적 사고와 윤리/서광사",,"밀/공리주의/책세상,벤담/도덕과 입법의 원리 서설/나남,아리스토텔레스/니코마코스 윤리학/이제이북스,칸트/도덕형이상학을 위한 기초 놓기/책세상,플라톤/국가/서광사",,False,True,False,True,True,True,strong_ai_cs_course_outside_target_department
23148,2022,경상국립대학교,융합기술공과대학,에너지공학과,에너지데이터분석,1,2학기,3,3,0,전공필수,에너지산업에서 다양한 데이터에 대한 이해와 이를 분석하여 에너지를 효율적으로 관리하고 사용할 수 있는 능력은 미래의 에너지공학자에게 매우 중요한 역량이다. 에너지 데이터의 분석에 사용할 수 있는 컴퓨터 프로그래밍의 하나인 Python을 기반한 실습을 통해 다양한 문제를 해결하는 능력을 배양한다. 프로그래밍에 대한 전문성과 컴퓨팅적 소통을 함양하고 나아가 새로운 문제에 대한 SW 해결 능력을 극대화하도록 한다. 최종적으로는 조별 과제 등을 통하여 실제 현장에서 얻어진 데이터를 분석하고 이를 활용할 수 있는 실무역량을 강화하고자 한다.,박동규 외 1인/으뜸 파이썬/생능출판,"천인국, 정영민, 최자영/시간순삭 파이썬/생능출판",,,False,True,False,True,False,True,strong_ai_cs_course_outside_target_department
26590,2022,경상국립대학교,자연과학대학,수학과,빅데이터수학,2,2학기,3,3,0,전공선택,"빅데이터 분석 및 딥러닝 연산을 이해하기 위해 필요한 기본 수학 지식을 강의한다. 선형대수학의 기초(vector space, matrix decomposition 등)를 주로 다루며 딥러닝과 관련된 수학적 개념(partial differentiation, chain rule 등)을 추가로 다룬다.",,,,,False,True,False,True,False,True,strong_ai_cs_course_outside_target_department
26599,2022,경상국립대학교,자연과학대학,정보통계학과,빅데이터입문,2,1학기,3,3,0,전공필수,빅데이터 분석 방법에 대해 학습하고 비정형 데이터 혹은 트위터와 같은 소셜 미디어 데이터를 직접 R 프로그래밍을 통해 분석한다.,임동훈/빅데이터분석 그것이 R고 싶다/자유아카데미,,임동훈/리눅스에서 R과 하둡을 이용한 빅데이터 처리 분석/자유아카데미,,False,True,False,True,False,True,strong_ai_cs_course_outside_target_department
26615,2022,경상국립대학교,자연과학대학,정보통계학과,빅데이터분석,2,2학기,3,3,0,전공선택,"빅데이터란 디지털 환경에서 생성되는 데이터로 과거 아날로그 환경의 데이터에 비해 규모가 방대하고 생성주기가 짧으며 수치 데이터뿐만 아니고 문자와 영상데이터를 포함하는 대규모 데이터를 말한다.본 강의에서는 빅데이터를 처리할 수 있는 환경 즉, 리눅스 상에서 R과 하둡을 이용하여 빅데이터 처리 기술에 대해 학습하고자 한다.특히, 리눅스와 하둡에 대해 중점적으로 강의가 진행되며 실습 위주로 진행된다.","임동훈/R을 이용한 빅데이터분석/자유아카데미,임동훈/리눅스에서 R과 하둡을 이용한 빅데이터처리 분석/자유아카데미",,,,False,True,False,True,False,True,strong_ai_cs_course_outside_target_department
26639,2022,경상국립대학교,자연과학대학,정보통계학과,통계데이터베이스,3,1학기,3,3,0,전공필수,"정보화 사회에서는 새로 수집한 자료 보다 정보 시스템에 끊임없이 축적되는 자료를 분석하여 정보를 생산하는 것은 매우 중요한 일이다. 정보 시스템의 자료는 대부분 데이터베이스로 관리 되고 있으므로 데이터베이스와 데이터베이스 관리 시스템을 이해하고, 그 이해를 바탕으로 자료를 추출하고 가공하는 능력은 높은 수준의 통계전공자가 갖추어야 하는 자질이다. 본 강좌는 정보통계학과 전공 과목으로 데이터베이스의 설계, 데이터베이스 관리 시스템의 이해, 데이터베이스의 구축, 데이터베이스의 활용, 통계적 방법의 적용 등을 다루기 위한 과목이다.",김연희/데이터베이스 개론(2판)/한빛아카데미,,우재남/데이터베이스 for Beginner/한빛아카데미,,False,True,True,True,False,True,strong_ai_cs_course_outside_target_department
26641,2022,경상국립대학교,자연과학대학,정보통계학과,데이터마이닝,3,2학기,3,3,0,전공필수,"본 교과에서는 기초적인 지도학습기법 (선형회귀, 판별분석, 로지스틱 회귀, 의사결정나무, 신경망 등)과 비지도학습기법 (연관규칙분석, 군집분석, 주성분분석 등)을 학습한다.데이터마이닝은 최근 통계학에서 매우 중요한 분야 중 하나로 대용량 고차원 자료 분석에 흔히 사용되는 R을 이용하여 자료 분석 실습을 병행하도록 한다.본 교과목은 통계학에 대한 전반적인 지식과 기초적인 선형대수학 개념을 요구한다.",박창이 외/R을 이용한 데이터마이닝/교우사,,Hastie et al./An Introduction to Statistical Learning: With Applications in R/Springer,,False,True,False,True,False,True,strong_ai_cs_course_outside_target_department
26695,2022,경상국립대학교,자연과학대학,정보통계학과,생명과학빅데이터분석,3,1학기,3,3,0,전공선택,통계학의 여러 분야 중 생명 및 보건 분야의 역량을 강화하여 보건산업 분야 관심도를 높이고 직무능력 및 실무역량 함양을 통해 보건생명분야 빅데이터 전문인재 양성을 목표로 함.국가 및 공공기관에서 제공하고 있는 보건의료 분야 빅데이터의 경험할 수 있는 기회를 주고 그 데이터를 통해 가치 창출의 역할을 경험하므로서 보건의료분야 취업역량 향상을 목표로 함,,,"박원명, 우영섭, 송후림, 이대보/의사가 알아야 할 통계학과 역학/황소걸음 아카데미,정종학, 김창윤, 김석범/보건학 역학 통계 입문/영남대학교출판부",,False,True,False,True,False,True,strong_ai_cs_course_outside_target_department
27046,2022,경상국립대학교,자연과학대학,물리학과,알고리즘,2,1학기,3,3,0,전공선택,"빅데이터 분야에 활용도가 높은 알고리즘을 위주로, 상황에 맞는 알고리즘을 활용하여 프로그램을 구현하고 프로그램의 효율성과 정확성을 평가할 수 있는 능력을 배양한다. 전반부에서는 복잡도를 이론적으로 해석하는 방법을 배우고, 재귀, 분할정복, 동적 프로그래밍, 백 트래킹 등 핵심 알고리즘 전략들에 대해 알아본다. 후반부에서는 20세기 10대 알고리즘이라 꼽히는 최신 알고리즘들 중에서 빅데이터에 활용도가 높은 것들을 중심으로 공부한다.",,,"Thomas H. Cormen 등/Introduction to Algorithms/The MIT Press,이승찬/모두의 알고리즘 with 파이썬 /길벗",,False,True,False,True,False,True,strong_ai_cs_course_outside_target_department
27268,2022,경상국립대학교,자연과학대학,컴퓨터과학부 컴퓨터과학전공,웹프로그래밍,2,2학기,2,2,0,전공선택,"컴퓨터 과학 전공자로서 알아야 할 웹프로그래밍 기초 내용들을 소개한다. HTML5에 기반을 둔 콘텐츠 작성 방법, 콘텐츠의 스타일을 지정하는 CSS3, 실제 웹 사이트 구성과 자바스크립트 캔버스를 이용하는 법을 다룬다.",천인국/HTML5 + CSS3 + JavaScript로 배우는 웹프로그래밍 기초/인피니티북스,,윤인성/HTML5 웹 프로그래밍 입문 (3판)/한빛아카데미,,True,True,False,False,False,True,target_department_and_target_course
27272,2022,경상국립대학교,자연과학대학,컴퓨터과학부 컴퓨터과학전공,인공지능,3,2학기,3,3,0,전공선택,1. 과거 튜링테스트/머신부터 현대의 딥러닝에까지 이르는 인공지능의 역사를 알아본다.2. 인공지능의 역사를 통해 각 인공지능 기술의 한계점을 이해한다.3. 기계학습과정을 이해한다.4. 인공신경망의 발전 과정을 이해한다.* 현 강의계획은 수업진도에 따라 변경 가능 합니다.,천인국/인공지능/인피니티북스,,이건명/인공지능: 튜링 테스트에서 딥러닝까지/생능출판사,,True,True,False,True,False,True,target_department_and_target_course
27282,2022,경상국립대학교,자연과학대학,컴퓨터과학부 컴퓨터과학전공,데이터베이스,3,1학기,2,2,0,전공선택,"데이터베이스 관리의 기초적인 개념, 데이터베이스 설계, 데이터베이스 언어, 데이터베이스 시스템의 구현에 대한 내용을 소개한다. 또한 윈도우 기반에서 사용 가능한 오라클(Oracle)을 활용해 배운 내용을 실습으로 연결시켜 SQL 응용, 데이터모델링, 데이터베이스 구축 등을 학습한다.","박우창, 남송휘, 이현룡/오라클로 배우는 데이터베이스 개론과 실습 2판/한빛아카데미",,"Abraham Silberscheatz, Henry F. Korth, S. Sudarsham/데이터베이스 시스템 7판/한빛아카데미",,True,True,False,True,False,True,target_department_and_target_course
27284,2022,경상국립대학교,자연과학대학,컴퓨터과학부 컴퓨터과학전공,데이터베이스실습,3,1학기,1,0,2,전공선택,"데이터베이스 관리의 기초적인 개념, 데이터베이스 설계, 데이터베이스 언어, 데이터베이스 시스템의 구현에 대한 내용을 소개한다. 또한 윈도우 기반에서 사용 가능한 오라클(Oracle)을 활용해 배운 내용을 실습으로 연결시켜 SQL 응용, 데이터모델링, 데이터베이스 구축 등을 학습한다.","박우창, 남송휘, 이현룡/오라클로 배우는 데이터베이스 개론과 실습 2판/한빛아카데미",,"Abraham Silberscheatz, Henry F. Korth, S. Sudarsham/데이터베이스 시스템 7판/한빛아카데미",,True,True,False,True,False,True,target_department_and_target_course
27289,2022,경상국립대학교,자연과학대학,컴퓨터과학부 컴퓨터과학전공,이산수학,2,1학기,3,3,0,전공선택,컴퓨터과학의 기초가 되는 이산수학의 개념을 이해한다.,"Kenneth H. Rosen/Rosen의 이산수학/한국맥그로힐,김대수/4차 산업혁명 시대의 이산수학/생능출판사",,,,True,False,True,False,False,True,target_department_and_foundational_course
27297,2022,경상국립대학교,자연과학대학,컴퓨터과학부 컴퓨터과학전공,빅데이터,3,2학기,3,3,0,전공선택,"본 강의에서는 빅데이터에서 의미있는 패턴, 규칙, 관계를 찾는 데이터 분석 능력을 키우는 것을 목표로 한다.분석의 관점과 데이터셋의 유형에 따라 실무에서 활용이 가능한 다양한 분석기법의 개념을 숙지하고 예제 중심으로 소개한다.빅데이터를 조작하고 분석하는 데 필요한 핵심기술과 통계분석법인 python과 기계학습의 핵심방법론을 학습니다.",최성철/데이터 과학을 위한 파이썬 머신러닝/한빛아카데미,,빅데이터전략연구소/빅데이터 개론/광문각,,True,True,False,True,False,True,target_department_and_target_course
27305,2022,경상국립대학교,자연과학대학,컴퓨터과학부 컴퓨터과학전공,영상처리,4,1학기,3,2,1,전공선택,"본 강좌에서는 디지털 영상을 원하는 목적에 따라 변형 및 가공하거나 영상으로부터 필요한 정보를 추출할 수 있는 다양한 영상처리 기법에 대하여 학습한다. 영상처리의 과정은 영상획득, 전처리, 영역분할, 대상의 표현 및 묘사, 인식 및 판단으로 구성된다. 본 강좌에서는 이러한 영상처리 과정에 따라 각 단계별로 기본적인 이론을 교수하고, 실습과제를 통하여 학습한 지식을 체득할 수 있도록 한다.","정성환, 배종욱/OpenCV로 배우는 영상 처리 및 응용/생능출판사",,"이희석/C++ API OpenCV 프로그래밍 (제2판)/가메출판사,황선규역/Leanring OpenCV 제대로 배우기/한빛미디어","추천선수과목 : C프로그래밍, C프로그래밍 실습, 객체지향언어, 객체지향언어 실습",True,True,False,False,False,True,target_department_and_target_course
27306,2022,경상국립대학교,자연과학대학,컴퓨터과학부 컴퓨터과학전공,영상처리,4,1학기,3,2,1,전공선택,"본 강좌에서는 디지털 영상을 원하는 목적에 따라 변형 및 가공하거나 영상으로부터 필요한 정보를 추출할 수 있는 다양한 영상처리 기법에 대하여 학습한다. 영상처리의 과정은 영상획득, 전처리, 영역분할, 대상의 표현 및 묘사, 인식 및 판단으로 구성된다. 본 강좌에서는 이러한 영상처리 과정에 따라 각 단계별로 기본적인 이론을 교수하고, 실습과제를 통하여 학습한 지식을 체득할 수 있도록 한다.","정성환, 배종욱/OpenCV로 배우는 영상 처리 및 응용/생능출판사",,"이희석/C++ API OpenCV 프로그래밍 (제2판)/가메출판사,황선규역/Leanring OpenCV 제대로 배우기/한빛미디어","추천선수과목 : C프로그래밍, C프로그래밍 실습, 객체지향언어, 객체지향언어 실습",True,True,False,False,False,True,target_department_and_target_course
27312,2022,경상국립대학교,자연과학대학,컴퓨터과학부 컴퓨터과학전공,기초설계PBL(어드벤처디자인),2,1학기,3,3,0,전공필수,"본 강의에서는 전반부에 소프트웨어 개발이라는 문제를 해결하기 위한 해결절차를 제시하고, 각 단계에서 사용할 수 있는 다양한 주요 원리 및 도구들에 대해 논의한다. 강의 후반부에는 제시한 원리 및 도구들을 특정 주제를 대상으로 팀 단위 PBL로 적용하고 그 결과물을 산출한다. 결과물은 프로젝트 계획서, 최종보고서, 포스터 등이다.",/PPT/,,김대수/창의공학설계/생능출판,"필수선수과목 : 없음,추천선수과목 : 없음",True,False,True,False,False,True,target_department_and_foundational_course
27314,2022,경상국립대학교,자연과학대학,컴퓨터과학부 컴퓨터과학전공,소프트웨어설계PBL,3,1학기,3,3,0,전공필수,협업을 통한 소프트웨어 개발과 관련 문서 작성 및 정리를 경험한다.,"Ian Sommerville/소프트웨어 공학/홍릉과학출판사,정문재/소프트웨어 개발에 따른 프로젝트 관리 및 문서화/정익사",,,,True,False,True,False,False,True,target_department_and_foundational_course
27316,2022,경상국립대학교,자연과학대학,컴퓨터과학부 컴퓨터과학전공,종합설계PBL,4,1학기,3,3,0,전공필수,"지금까지 학습한 모든 교과목의 내용을 활용하여 소프트웨어 작품을 개발하는 것을 목표로 한다. 이를 위하여 먼저, 소프트웨어 프로젝트를 수행할 팀을 구성하고, 팀 별로 프로젝트를 구상하여 소프트웨어를 설계, 개발하는 전 과정을 경험함으로서 졸업작품을 완성한다.",,,"김성훈 역/소프트웨어설계 테크닉/성안당,정운재/프로젝트관리및 문서화/정익사","필수선수과목 : 소프트웨어프로젝트, 기초설계프로젝트, 소프트웨어공학,추천선수과목 : 시스템분석과설계",True,False,True,False,False,True,target_department_and_foundational_course
27318,2022,경상국립대학교,자연과학대학,컴퓨터과학부 컴퓨터과학전공,C프로그래밍,1,1학기,2,2,0,전공필수,"본 강의는 C언어를 기반으로 프로그래밍의 기본 개념을 익히고, C언어가 제공하는 다양한 기능을 활용하여 프로그램을 작성할 수 있는 능력을 배양하는데 그 목적이 있다. 이를 위하여 C프로그래밍 언어가 갖는 기본 문법을 학습하고, 순차, 분기, 반복을 통한 논리적 제어의 흐름을 익힌다. 또한 배열, 함수, 포인터, 구조체의 개념과 파일 입출력 방법을 학습하여 보다 효과적인 자료의 표현 및 처리 방법을 습득한다. 그리고 문제중심학습(PBL)을 통해 학습한 내용을 문제해결에 적용하는 응용능력을 함양한다.",천인국/쉽게 풀어쓴 C언어 Express/생능출판사,,천정아/Warmingup C programming/연두에디션,,True,True,False,False,False,True,target_department_and_target_course
27320,2022,경상국립대학교,자연과학대학,컴퓨터과학부 컴퓨터과학전공,C프로그래밍실습,1,1학기,1,0,2,전공필수,"본 강의는 C언어를 기반으로 프로그래밍의 기본 개념을 익히고, C언어가 제공하는 다양한 기능을 활용하여 프로그램을 작성할 수 있는 능력을 배양하는데 그 목적이 있다. 이를 위하여 C프로그래밍 언어가 갖는 기본 문법을 학습하고, 순차, 분기, 반복을 통한 논리적 제어의 흐름을 익힌다. 또한 배열, 함수, 포인터, 구조체의 개념과 파일 입출력 방법을 학습하여 보다 효과적인 자료의 표현 및 처리 방법을 습득한다. 그리고 문제중심학습(PBL)을 통해 학습한 내용을 문제해결에 적용하는 응용능력을 함양한다.",천인국/쉽게 풀어쓴 C언어 Express/생능출판사,,천정아/Warmingup C programming/연두에디션,,True,True,False,False,False,True,target_department_and_target_course
27321,2022,경상국립대학교,자연과학대학,컴퓨터과학부 컴퓨터과학전공,C프로그래밍실습,1,1학기,1,0,2,전공필수,"본 강의는 C언어를 기반으로 프로그래밍의 기본 개념을 익히고, C언어가 제공하는 다양한 기능을 활용하여 프로그램을 작성할 수 있는 능력을 배양하는데 그 목적이 있다. 이를 위하여 C프로그래밍 언어가 갖는 기본 문법을 학습하고, 순차, 분기, 반복을 통한 논리적 제어의 흐름을 익힌다. 또한 배열, 함수, 포인터, 구조체의 개념과 파일 입출력 방법을 학습하여 보다 효과적인 자료의 표현 및 처리 방법을 습득한다. 그리고 문제중심학습(PBL)을 통해 학습한 내용을 문제해결에 적용하는 응용능력을 함양한다.",천인국/쉽게 풀어쓴 C언어 Express/생능출판사,,천정아/Warmingup C programming/연두에디션,,True,True,False,False,False,True,target_department_and_target_course
27322,2022,경상국립대학교,자연과학대학,컴퓨터과학부 컴퓨터과학전공,C프로그래밍실습,1,1학기,1,0,2,전공필수,"본 강의는 C언어를 기반으로 프로그래밍의 기본 개념을 익히고, C언어가 제공하는 다양한 기능을 활용하여 프로그램을 작성할 수 있는 능력을 배양하는데 그 목적이 있다. 이를 위하여 C프로그래밍 언어가 갖는 기본 문법을 학습하고, 순차, 분기, 반복을 통한 논리적 제어의 흐름을 익힌다. 또한 배열, 함수, 포인터, 구조체의 개념과 파일 입출력 방법을 학습하여 보다 효과적인 자료의 표현 및 처리 방법을 습득한다. 그리고 문제중심학습(PBL)을 통해 학습한 내용을 문제해결에 적용하는 응용능력을 함양한다.",천인국/쉽게 풀어쓴 C언어 Express/생능출판사,,천정아/Warmingup C programming/연두에디션,,True,True,False,False,False,True,target_department_and_target_course
27327,2022,경상국립대학교,자연과학대학,컴퓨터과학부 컴퓨터과학전공,컴퓨터구조,2,2학기,3,3,0,전공선택,"본 강좌에서는 컴퓨터의 구조와 동작 원리를 학습한다. 컴퓨터는의 기본 구조는 입출력장치, 중앙처리장치, 저장장치로 나누어 볼 수 있다.입출력장치에서는 외부장치와 메모리간의 입출력 방식에 대하여 학습하고, 중앙처리장치에서는 산술논리장치(ALU), 레지스터, 마이크로 프로세서 간의 연결과 동작원리에 대하여 학습한다. 저장창치에서는 캐시메모리, 메인메모리, 하드디스크로 구성되는 메모리 계층구조에 대하여 학습한다. 이를 통해서 컴퓨터의 동작 원리를 깊이있게 이해할 수 있다.",김종상 역/Mano의 컴퓨터시스템구조/프로텍미디어,,"William Stalling/Computer Organization and Architeture/Person,이상민 역/컴퓨터 시스템 구조/아이티씨,임석구, 홍경호/최신 컴퓨터 구조/한빛아카데미","필수선수과목 : 없음,추천선수과목 : 없음",True,True,False,True,False,True,target_department_and_target_course
27328,2022,경상국립대학교,자연과학대학,컴퓨터과학부 컴퓨터과학전공,컴퓨터구조,2,2학기,3,3,0,전공선택,"본 강좌에서는 컴퓨터의 구조와 동작 원리를 학습한다. 컴퓨터는의 기본 구조는 입출력장치, 중앙처리장치, 저장장치로 나누어 볼 수 있다.입출력장치에서는 외부장치와 메모리간의 입출력 방식에 대하여 학습하고, 중앙처리장치에서는 산술논리장치(ALU), 레지스터, 마이크로 프로세서 간의 연결과 동작원리에 대하여 학습한다. 저장창치에서는 캐시메모리, 메인메모리, 하드디스크로 구성되는 메모리 계층구조에 대하여 학습한다. 이를 통해서 컴퓨터의 동작 원리를 깊이있게 이해할 수 있다.",김종상 역/Mano의 컴퓨터시스템구조/프로텍미디어,,"William Stalling/Computer Organization and Architeture/Person,이상민 역/컴퓨터 시스템 구조/아이티씨,임석구, 홍경호/최신 컴퓨터 구조/한빛아카데미","필수선수과목 : 없음,추천선수과목 : 없음",True,True,False,True,False,True,target_department_and_target_course
27329,2022,경상국립대학교,자연과학대학,컴퓨터과학부 컴퓨터과학전공,컴퓨터구조,2,2학기,3,3,0,전공선택,"본 강좌에서는 컴퓨터의 구조와 동작 원리를 학습한다. 컴퓨터는의 기본 구조는 입출력장치, 중앙처리장치, 저장장치로 나누어 볼 수 있다.입출력장치에서는 외부장치와 메모리간의 입출력 방식에 대하여 학습하고, 중앙처리장치에서는 산술논리장치(ALU), 레지스터, 마이크로 프로세서 간의 연결과 동작원리에 대하여 학습한다. 저장창치에서는 캐시메모리, 메인메모리, 하드디스크로 구성되는 메모리 계층구조에 대하여 학습한다. 이를 통해서 컴퓨터의 동작 원리를 깊이있게 이해할 수 있다.",김종상 역/Mano의 컴퓨터시스템구조/프로텍미디어,,"William Stalling/Computer Organization and Architeture/Person,이상민 역/컴퓨터 시스템 구조/아이티씨,임석구, 홍경호/최신 컴퓨터 구조/한빛아카데미","필수선수과목 : 없음,추천선수과목 : 없음",True,True,False,True,False,True,target_department_and_target_course
27332,2022,경상국립대학교,자연과학대학,컴퓨터과학부 컴퓨터과학전공,Java프로그래밍실습,2,2학기,1,0,2,전공선택,동학기간 진행되는 Java 프로그래밍 수업에서 이론적으로 배운 Java의 기초 문법을 개발환경에서 실습한다. 이를 통해 Java 기초문법을 체득하고 더욱이 프로그래밍 감각을 습득할 수 있도록 한다.,우종정/쉽게 배우는 자바 프로그래밍/한빛아카데미,,,"필수선수과목 : 없음,추천선수과목 : C프로그래밍",True,True,False,False,False,True,target_department_and_target_course
27334,2022,경상국립대학교,자연과학대학,컴퓨터과학부 컴퓨터과학전공,자료구조,2,2학기,3,3,0,전공필수,자료구조의 개념과 응용을 이해한다.,"천인국, 공용해, 하상호/C언어로 쉽게 풀어쓴 자료구조/생능출판사,최영규, 천인국/파이썬으로 쉽게 풀어쓴 자료구조/생능출판사",,"By Thomas H. Cormen, Charles E. Leiserson, Ronald L. Rivest and Clifford Stein/Introduction to Algorithms/MIT Press",,True,True,False,False,False,True,target_department_and_target_course
27335,2022,경상국립대학교,자연과학대학,컴퓨터과학부 컴퓨터과학전공,자료구조,2,2학기,3,3,0,전공필수,자료구조의 개념과 응용을 이해한다.,"천인국, 공용해, 하상호/C언어로 쉽게 풀어쓴 자료구조/생능출판사,최영규, 천인국/파이썬으로 쉽게 풀어쓴 자료구조/생능출판사",,"By Thomas H. Cormen, Charles E. Leiserson, Ronald L. Rivest and Clifford Stein/Introduction to Algorithms/MIT Press",,True,True,False,False,False,True,target_department_and_target_course
27338,2022,경상국립대학교,자연과학대학,컴퓨터과학부 컴퓨터과학전공,운영체제,3,2학기,3,3,0,전공선택,"본 강의는 운영체제 배경지식를 비롯하여 운영체제 주요 주제인 프로세스(쓰레드), 병행성, 메모리, 스케줄링 그리고 보안(또는 가상머신) 등에 대하여 설명한다. 이러한 주제들은 상호연관성이 있으며, 상용화되어 있는 거의 모든 운영체제에서 포함하고 있는 주요 개념이다. 수업의 운영은 각 주제의 강의가 종료되는 시점에 수시고사 형식의 시험을 시행한다. 주별 강의내용에서 제시한 바와 같이 다양하고 광범위한 영역을 다루기 위해서는 기본 기능에 대한 학습자의 자기주도학습을 통한 예습이 필수이며, 수업에서는 보다 심도있는 주제 관련 내용을 설명 및 토의한다.","전광일, 김철민, 김한일, 김판구, 조성재 등/운영체제 내부구조 및 설계원리, 제8판/도서출판 그린 도서출판 그린",,"다니엘 보베이, 마르코 체사티/리눅스 커널의 이해/한빛미디어,박민규역/운영체제/퍼스트북,이민우/임베디드 OS 만들기/인사이트","필수선수과목 : 컴퓨터구조,추천선수과목 : 자료구조",True,True,False,True,False,True,target_department_and_target_course
27339,2022,경상국립대학교,자연과학대학,컴퓨터과학부 컴퓨터과학전공,운영체제,3,2학기,3,3,0,전공선택,"본 강의는 운영체제 배경지식를 비롯하여 운영체제 주요 주제인 프로세스(쓰레드), 병행성, 메모리, 스케줄링 그리고 보안(또는 가상머신) 등에 대하여 설명한다. 이러한 주제들은 상호연관성이 있으며, 상용화되어 있는 거의 모든 운영체제에서 포함하고 있는 주요 개념이다. 수업의 운영은 각 주제의 강의가 종료되는 시점에 수시고사 형식의 시험을 시행한다. 주별 강의내용에서 제시한 바와 같이 다양하고 광범위한 영역을 다루기 위해서는 기본 기능에 대한 학습자의 자기주도학습을 통한 예습이 필수이며, 수업에서는 보다 심도있는 주제 관련 내용을 설명 및 토의한다.","전광일, 김철민, 김한일, 김판구, 조성재 등/운영체제 내부구조 및 설계원리, 제8판/도서출판 그린 도서출판 그린",,"다니엘 보베이, 마르코 체사티/리눅스 커널의 이해/한빛미디어,박민규역/운영체제/퍼스트북,이민우/임베디드 OS 만들기/인사이트","필수선수과목 : 컴퓨터구조,추천선수과목 : 자료구조",True,True,False,True,False,True,target_department_and_target_course
27340,2022,경상국립대학교,자연과학대학,컴퓨터과학부 컴퓨터과학전공,운영체제,3,2학기,3,3,0,전공선택,"본 강의는 운영체제 배경지식를 비롯하여 운영체제 주요 주제인 프로세스(쓰레드), 병행성, 메모리, 스케줄링 그리고 보안(또는 가상머신) 등에 대하여 설명한다. 이러한 주제들은 상호연관성이 있으며, 상용화되어 있는 거의 모든 운영체제에서 포함하고 있는 주요 개념이다. 수업의 운영은 각 주제의 강의가 종료되는 시점에 수시고사 형식의 시험을 시행한다. 주별 강의내용에서 제시한 바와 같이 다양하고 광범위한 영역을 다루기 위해서는 기본 기능에 대한 학습자의 자기주도학습을 통한 예습이 필수이며, 수업에서는 보다 심도있는 주제 관련 내용을 설명 및 토의한다.","전광일, 김철민, 김한일, 김판구, 조성재 등/운영체제 내부구조 및 설계원리, 제8판/도서출판 그린 도서출판 그린",,"다니엘 보베이, 마르코 체사티/리눅스 커널의 이해/한빛미디어,박민규역/운영체제/퍼스트북,이민우/임베디드 OS 만들기/인사이트","필수선수과목 : 컴퓨터구조,추천선수과목 : 자료구조",True,True,False,True,False,True,target_department_and_target_course
27342,2022,경상국립대학교,자연과학대학,컴퓨터과학부 컴퓨터과학전공,알고리즘,3,2학기,3,3,0,전공선택,알고리즘의 개념과 응용을 이해한다.,양성봉/알기 쉬운 알고리즘/생능출판사,,"By Thomas H. Cormen, Charles E. Leiserson, Ronald L. Rivest and Clifford Stein/Introduction to Algorithms/MIT Press,Jon Kleinberg & Eva Tardos/Algorithm Design/Addison Wesley,양성봉/알고리즘으로 생각하기/생능출판사,최영규/파이썬 알고리즘/생능출판사",,True,True,False,True,False,True,target_department_and_target_course
27343,2022,경상국립대학교,자연과학대학,컴퓨터과학부 컴퓨터과학전공,알고리즘,3,2학기,3,3,0,전공선택,알고리즘의 개념과 응용을 이해한다.,양성봉/알기 쉬운 알고리즘/생능출판사,,"By Thomas H. Cormen, Charles E. Leiserson, Ronald L. Rivest and Clifford Stein/Introduction to Algorithms/MIT Press,Jon Kleinberg & Eva Tardos/Algorithm Design/Addison Wesley,양성봉/알고리즘으로 생각하기/생능출판사,최영규/파이썬 알고리즘/생능출판사",,True,True,False,True,False,True,target_department_and_target_course
27344,2022,경상국립대학교,자연과학대학,컴퓨터과학부 컴퓨터과학전공,알고리즘,3,2학기,3,3,0,전공선택,알고리즘의 개념과 응용을 이해한다.,양성봉/알기 쉬운 알고리즘/생능출판사,,"By Thomas H. Cormen, Charles E. Leiserson, Ronald L. Rivest and Clifford Stein/Introduction to Algorithms/MIT Press,Jon Kleinberg & Eva Tardos/Algorithm Design/Addison Wesley,양성봉/알고리즘으로 생각하기/생능출판사,최영규/파이썬 알고리즘/생능출판사",,True,True,False,True,False,True,target_department_and_target_course
27345,2022,경상국립대학교,자연과학대학,컴퓨터과학부 컴퓨터과학전공,알고리즘,3,2학기,3,3,0,전공선택,알고리즘의 개념과 응용을 이해한다.,양성봉/알기 쉬운 알고리즘/생능출판사,,"By Thomas H. Cormen, Charles E. Leiserson, Ronald L. Rivest and Clifford Stein/Introduction to Algorithms/MIT Press,Jon Kleinberg & Eva Tardos/Algorithm Design/Addison Wesley,양성봉/알고리즘으로 생각하기/생능출판사,최영규/파이썬 알고리즘/생능출판사",,True,True,False,True,False,True,target_department_and_target_course
27347,2022,경상국립대학교,자연과학대학,컴퓨터과학부 컴퓨터과학전공,소프트웨어공학론,2,2학기,3,3,0,전공선택,Software Engineering의 기초 개념과 응용에 대한 이해와 학습,"정인상/오픈 소스 소프트웨어로 실습하는 소프트웨어 공학/생능출판사,최은만/소프트웨어 공학의 모든 것/생능출판사",,,,True,True,False,False,False,True,target_department_and_target_course
27349,2022,경상국립대학교,자연과학대학,컴퓨터과학부 컴퓨터과학전공,기계학습,4,2학기,3,3,0,전공선택,1. 보안개론 학습을 통한 보안 3요소의 이해2. 정형 검증의 개념 및 도구 분석3. 정형 검증 도구의 활용 실습* 현 강의계획은 수업진도에 따라 변경 가능 합니다.,김지윤/강의자료/,,"A logic of authentication/Michael Burrows, Martn Abadi, Roger Needham/ACM,The AVISPA Tool for the Automated Validation of Internet Security Protocols and Applications/A. Armando et al./SPRINGER,The Scyther Tool: Verification, Falsification, and Analysis of Security Protocols/Cas Cremers/ETH Zurich",,True,True,False,True,False,True,target_department_and_target_course
27350,2022,경상국립대학교,자연과학대학,컴퓨터과학부 컴퓨터과학전공,기계학습,4,2학기,3,3,0,전공선택,1. 보안개론 학습을 통한 보안 3요소의 이해2. 정형 검증의 개념 및 도구 분석3. 정형 검증 도구의 활용 실습* 현 강의계획은 수업진도에 따라 변경 가능 합니다.,김지윤/강의자료/,,"A logic of authentication/Michael Burrows, Martn Abadi, Roger Needham/ACM,The AVISPA Tool for the Automated Validation of Internet Security Protocols and Applications/A. Armando et al./SPRINGER,The Scyther Tool: Verification, Falsification, and Analysis of Security Protocols/Cas Cremers/ETH Zurich",,True,True,False,True,False,True,target_department_and_target_course
27351,2022,경상국립대학교,자연과학대학,컴퓨터과학부 컴퓨터과학전공,기계학습,4,2학기,3,3,0,전공선택,1. 보안개론 학습을 통한 보안 3요소의 이해2. 정형 검증의 개념 및 도구 분석3. 정형 검증 도구의 활용 실습* 현 강의계획은 수업진도에 따라 변경 가능 합니다.,김지윤/강의자료/,,"A logic of authentication/Michael Burrows, Martn Abadi, Roger Needham/ACM,The AVISPA Tool for the Automated Validation of Internet Security Protocols and Applications/A. Armando et al./SPRINGER,The Scyther Tool: Verification, Falsification, and Analysis of Security Protocols/Cas Cremers/ETH Zurich",,True,True,False,True,False,True,target_department_and_target_course
27353,2022,경상국립대학교,자연과학대학,컴퓨터과학부 컴퓨터과학전공,시스템분석및설계,3,2학기,3,2,2,전공선택,시스템 분석 설계를 이해하고 관련 실습을 수행한다.,최은만/UML로 배우는 시스템 분석 설계/생능출판사,,"정인상/오픈 소스 소프트웨어로 실습하는 소프트웨어 공학/생능출판사,최은만/시스템 분석 설계 with 애자일/생능출판사",,True,False,True,False,False,True,target_department_and_foundational_course
27354,2022,경상국립대학교,자연과학대학,컴퓨터과학부 컴퓨터과학전공,시스템분석및설계,3,2학기,3,2,2,전공선택,시스템 분석 설계를 이해하고 관련 실습을 수행한다.,최은만/UML로 배우는 시스템 분석 설계/생능출판사,,"정인상/오픈 소스 소프트웨어로 실습하는 소프트웨어 공학/생능출판사,최은만/시스템 분석 설계 with 애자일/생능출판사",,True,False,True,False,False,True,target_department_and_foundational_course
27604,2022,경상국립대학교,자연과학대학,컴퓨터과학부 컴퓨터소프트웨어전공,C언어실습,1,1학기,3,2,2,전공선택,C언어는 현재도 공학 전반의 실무 현장에서 가장 많이 사용되는 하나로 C언어는 간결하고 효율적이며 저수준의 하드웨어 제어도 가능한 강력한 언어이며 대학 초년생들이 프로그래밍에 입문하고자 하는 경우 가장 과학적이고 논리적인 프로그래밍언어이다 이 언어를 이해하고 잘 사용할수 있도록 하는데 학습모고표가 있다.,천인국/C언어 Express/생능출판사,,"안기수/명품C언어 프로그래밍/생능출판사,천인국/C언어콘서트/생능출판사",,True,True,False,False,False,True,target_department_and_target_course
27605,2022,경상국립대학교,자연과학대학,컴퓨터과학부 컴퓨터소프트웨어전공,C언어실습,1,1학기,3,2,2,전공선택,C언어는 현재도 공학 전반의 실무 현장에서 가장 많이 사용되는 하나로 C언어는 간결하고 효율적이며 저수준의 하드웨어 제어도 가능한 강력한 언어이며 대학 초년생들이 프로그래밍에 입문하고자 하는 경우 가장 과학적이고 논리적인 프로그래밍언어이다 이 언어를 이해하고 잘 사용할수 있도록 하는데 학습모고표가 있다.,천인국/C언어 Express/생능출판사,,"안기수/명품C언어 프로그래밍/생능출판사,천인국/C언어콘서트/생능출판사",,True,True,False,False,False,True,target_department_and_target_course
27606,2022,경상국립대학교,자연과학대학,컴퓨터과학부 컴퓨터소프트웨어전공,C언어실습,1,1학기,3,2,2,전공선택,C언어는 현재도 공학 전반의 실무 현장에서 가장 많이 사용되는 하나로 C언어는 간결하고 효율적이며 저수준의 하드웨어 제어도 가능한 강력한 언어이며 대학 초년생들이 프로그래밍에 입문하고자 하는 경우 가장 과학적이고 논리적인 프로그래밍언어이다 이 언어를 이해하고 잘 사용할수 있도록 하는데 학습모고표가 있다.,천인국/C언어 Express/생능출판사,,"안기수/명품C언어 프로그래밍/생능출판사,천인국/C언어콘서트/생능출판사",,True,True,False,False,False,True,target_department_and_target_course
27607,2022,경상국립대학교,자연과학대학,컴퓨터과학부 컴퓨터소프트웨어전공,C언어실습,1,1학기,3,2,2,전공선택,C언어는 현재도 공학 전반의 실무 현장에서 가장 많이 사용되는 하나로 C언어는 간결하고 효율적이며 저수준의 하드웨어 제어도 가능한 강력한 언어이며 대학 초년생들이 프로그래밍에 입문하고자 하는 경우 가장 과학적이고 논리적인 프로그래밍언어이다 이 언어를 이해하고 잘 사용할수 있도록 하는데 학습모고표가 있다.,천인국/C언어 Express/생능출판사,,"안기수/명품C언어 프로그래밍/생능출판사,천인국/C언어콘서트/생능출판사",,True,True,False,False,False,True,target_department_and_target_course
27608,2022,경상국립대학교,자연과학대학,컴퓨터과학부 컴퓨터소프트웨어전공,C언어실습,1,1학기,3,2,2,전공선택,C언어는 현재도 공학 전반의 실무 현장에서 가장 많이 사용되는 하나로 C언어는 간결하고 효율적이며 저수준의 하드웨어 제어도 가능한 강력한 언어이며 대학 초년생들이 프로그래밍에 입문하고자 하는 경우 가장 과학적이고 논리적인 프로그래밍언어이다 이 언어를 이해하고 잘 사용할수 있도록 하는데 학습모고표가 있다.,천인국/C언어 Express/생능출판사,,"안기수/명품C언어 프로그래밍/생능출판사,천인국/C언어콘서트/생능출판사",,True,True,False,False,False,True,target_department_and_target_course
27612,2022,경상국립대학교,자연과학대학,컴퓨터과학부 컴퓨터소프트웨어전공,웹프로그래밍실습,1,2학기,3,2,2,전공필수,"자바스크립트는 웹 브라우저에서 작동하는 웹 클라이언트 페이지를 만들려는 목적으로 만들어졌다. 사용자의 인터페이스를 효과적으로 관리할 수 있는 기술이며, 2012년 이후 다양한 분야에서 폭발적으로 사용되기 시작하였다. 이에 웹 응용 개발자의 클라이언트와 서버에 대한 기술을 본 교과목에서 학습하고자 한다.","윤인성/IT CookBook, 자바스크립트 프로그래밍 입문(2판)/한빛아카데미",,윤인성/HTML5 웹 프로그래밍 입문/한빛아카데미,,True,True,False,False,False,True,target_department_and_target_course
27613,2022,경상국립대학교,자연과학대학,컴퓨터과학부 컴퓨터소프트웨어전공,웹프로그래밍실습,1,2학기,3,2,2,전공필수,"자바스크립트는 웹 브라우저에서 작동하는 웹 클라이언트 페이지를 만들려는 목적으로 만들어졌다. 사용자의 인터페이스를 효과적으로 관리할 수 있는 기술이며, 2012년 이후 다양한 분야에서 폭발적으로 사용되기 시작하였다. 이에 웹 응용 개발자의 클라이언트와 서버에 대한 기술을 본 교과목에서 학습하고자 한다.","윤인성/IT CookBook, 자바스크립트 프로그래밍 입문(2판)/한빛아카데미",,윤인성/HTML5 웹 프로그래밍 입문/한빛아카데미,,True,True,False,False,False,True,target_department_and_target_course
27614,2022,경상국립대학교,자연과학대학,컴퓨터과학부 컴퓨터소프트웨어전공,웹프로그래밍실습,1,2학기,3,2,2,전공필수,"자바스크립트는 웹 브라우저에서 작동하는 웹 클라이언트 페이지를 만들려는 목적으로 만들어졌다. 사용자의 인터페이스를 효과적으로 관리할 수 있는 기술이며, 2012년 이후 다양한 분야에서 폭발적으로 사용되기 시작하였다. 이에 웹 응용 개발자의 클라이언트와 서버에 대한 기술을 본 교과목에서 학습하고자 한다.","윤인성/IT CookBook, 자바스크립트 프로그래밍 입문(2판)/한빛아카데미",,윤인성/HTML5 웹 프로그래밍 입문/한빛아카데미,,True,True,False,False,False,True,target_department_and_target_course
27616,2022,경상국립대학교,자연과학대학,컴퓨터과학부 컴퓨터소프트웨어전공,확률과통계,1,2학기,3,3,0,전공필수,"교과목 개요: 컴퓨터과학 학문에서 활용되는 확률과 통계의 기본 개념 이해 기본 개념 및 활용방법 학습을 통해 데이터 기반 문제 해결 역량을 배양하고, 향후 Computer Scientist로서 성장하기 위한 토대 마련학습목표: 모집단, 표본, 확률변수, 확률분포, 추론 등 전반적인 확률과 통계 이론을 학습 Describing Datasets: 모집단(Population)과 표본(Sample)에 대한 개념 및 각종 기술통계(Descriptive Statistics) 방법 학습 Probability: 기본 확률 이론 (조합, 확률변수, 확률분포) 학습 Inference: 추론통계(Inferential Statistics) 및 확률 모델(Probability Model) 기반 추론 방법 학습","Sheldon Ross/A First Course in Probability (10th Edition)/Pearson,여인권/통계학: 기본개념과 원리/자유아카데미",,Sheldon Ross 저/강석복 역/확률의 입문(제10판)/자유아카데미,,True,False,True,False,False,True,target_department_and_foundational_course
27617,2022,경상국립대학교,자연과학대학,컴퓨터과학부 컴퓨터소프트웨어전공,확률과통계,1,2학기,3,3,0,전공필수,"교과목 개요: 컴퓨터과학 학문에서 활용되는 확률과 통계의 기본 개념 이해 기본 개념 및 활용방법 학습을 통해 데이터 기반 문제 해결 역량을 배양하고, 향후 Computer Scientist로서 성장하기 위한 토대 마련학습목표: 모집단, 표본, 확률변수, 확률분포, 추론 등 전반적인 확률과 통계 이론을 학습 Describing Datasets: 모집단(Population)과 표본(Sample)에 대한 개념 및 각종 기술통계(Descriptive Statistics) 방법 학습 Probability: 기본 확률 이론 (조합, 확률변수, 확률분포) 학습 Inference: 추론통계(Inferential Statistics) 및 확률 모델(Probability Model) 기반 추론 방법 학습","Sheldon Ross/A First Course in Probability (10th Edition)/Pearson,여인권/통계학: 기본개념과 원리/자유아카데미",,Sheldon Ross 저/강석복 역/확률의 입문(제10판)/자유아카데미,,True,False,True,False,False,True,target_department_and_foundational_course
27618,2022,경상국립대학교,자연과학대학,컴퓨터과학부 컴퓨터소프트웨어전공,확률과통계,1,2학기,3,3,0,전공필수,"교과목 개요: 컴퓨터과학 학문에서 활용되는 확률과 통계의 기본 개념 이해 기본 개념 및 활용방법 학습을 통해 데이터 기반 문제 해결 역량을 배양하고, 향후 Computer Scientist로서 성장하기 위한 토대 마련학습목표: 모집단, 표본, 확률변수, 확률분포, 추론 등 전반적인 확률과 통계 이론을 학습 Describing Datasets: 모집단(Population)과 표본(Sample)에 대한 개념 및 각종 기술통계(Descriptive Statistics) 방법 학습 Probability: 기본 확률 이론 (조합, 확률변수, 확률분포) 학습 Inference: 추론통계(Inferential Statistics) 및 확률 모델(Probability Model) 기반 추론 방법 학습","Sheldon Ross/A First Course in Probability (10th Edition)/Pearson,여인권/통계학: 기본개념과 원리/자유아카데미",,Sheldon Ross 저/강석복 역/확률의 입문(제10판)/자유아카데미,,True,False,True,False,False,True,target_department_and_foundational_course
27619,2022,경상국립대학교,자연과학대학,컴퓨터과학부 컴퓨터소프트웨어전공,확률과통계,1,2학기,3,3,0,전공필수,"교과목 개요: 컴퓨터과학 학문에서 활용되는 확률과 통계의 기본 개념 이해 기본 개념 및 활용방법 학습을 통해 데이터 기반 문제 해결 역량을 배양하고, 향후 Computer Scientist로서 성장하기 위한 토대 마련학습목표: 모집단, 표본, 확률변수, 확률분포, 추론 등 전반적인 확률과 통계 이론을 학습 Describing Datasets: 모집단(Population)과 표본(Sample)에 대한 개념 및 각종 기술통계(Descriptive Statistics) 방법 학습 Probability: 기본 확률 이론 (조합, 확률변수, 확률분포) 학습 Inference: 추론통계(Inferential Statistics) 및 확률 모델(Probability Model) 기반 추론 방법 학습","Sheldon Ross/A First Course in Probability (10th Edition)/Pearson,여인권/통계학: 기본개념과 원리/자유아카데미",,Sheldon Ross 저/강석복 역/확률의 입문(제10판)/자유아카데미,,True,False,True,False,False,True,target_department_and_foundational_course
27620,2022,경상국립대학교,자연과학대학,컴퓨터과학부 컴퓨터소프트웨어전공,확률과통계,1,2학기,3,3,0,전공필수,"교과목 개요: 컴퓨터과학 학문에서 활용되는 확률과 통계의 기본 개념 이해 기본 개념 및 활용방법 학습을 통해 데이터 기반 문제 해결 역량을 배양하고, 향후 Computer Scientist로서 성장하기 위한 토대 마련학습목표: 모집단, 표본, 확률변수, 확률분포, 추론 등 전반적인 확률과 통계 이론을 학습 Describing Datasets: 모집단(Population)과 표본(Sample)에 대한 개념 및 각종 기술통계(Descriptive Statistics) 방법 학습 Probability: 기본 확률 이론 (조합, 확률변수, 확률분포) 학습 Inference: 추론통계(Inferential Statistics) 및 확률 모델(Probability Model) 기반 추론 방법 학습","Sheldon Ross/A First Course in Probability (10th Edition)/Pearson,여인권/통계학: 기본개념과 원리/자유아카데미",,Sheldon Ross 저/강석복 역/확률의 입문(제10판)/자유아카데미,,True,False,True,False,False,True,target_department_and_foundational_course
27890,2022,경상국립대학교,해양과학대학,조선해양공학과,인공지능기초및활용,4,1학기,3,3,0,전공필수,"4차 산업과 관련하여, 스마트 쉽 빌딩의 기초가 되는 생산 자동화의 기초를 이해",한영근 외6/현대 생산자동화와 CIM/시그마프레스,,"조규갑, 차성운/생산시스템공학/사이텍미디어",,False,True,False,True,False,True,strong_ai_cs_course_outside_target_department
28134,2022,경상국립대학교,해양과학대학,기계시스템공학과,딥러닝과최적화개론,3,1학기,3,3,0,전공선택,"본 교육과정에서는 딥러닝과 최적화 개론에 대한 기초 개념을 학습하고, 비선형 방정식, 행렬식, 미분방정식 등의 해법을 계산할 수 있는 수치해석 알고리즘을 익힌다. 학습한 내용을 기반으로 Matlab을 사용한 수치해석 능력을 배양한다.",,,"Amos Gila/매트랩의 정석 [5판]/인피니티 북스,Steven C. Chapra/Applied Numerical Methods with MATLAB for Engineers and Scientists,/Mcgraw Hill,박태희/MATLAB을 이용한 알기 쉬운 수치해석/생능출판사",,False,True,False,True,True,True,strong_ai_cs_course_outside_target_department
28135,2022,경상국립대학교,해양과학대학,기계시스템공학과,딥러닝과최적화개론,3,1학기,3,3,0,전공선택,"본 교육과정에서는 딥러닝과 최적화 개론에 대한 기초 개념을 학습하고, 비선형 방정식, 행렬식, 미분방정식 등의 해법을 계산할 수 있는 수치해석 알고리즘을 익힌다. 학습한 내용을 기반으로 Matlab을 사용한 수치해석 능력을 배양한다.",,,"Amos Gila/매트랩의 정석 [5판]/인피니티 북스,Steven C. Chapra/Applied Numerical Methods with MATLAB for Engineers and Scientists,/Mcgraw Hill,박태희/MATLAB을 이용한 알기 쉬운 수치해석/생능출판사",,False,True,False,True,True,True,strong_ai_cs_course_outside_target_department
28550,2022,경상국립대학교,해양과학대학,지능형통신공학과,선형대수,2,1학기,3,3,0,전공선택,"In this course, we will study the matrix theory which is indispensible to the whole engineering and science areas such as electrical engineering, computer engineering, physics, chemistry, biology, economics, psychology, etc. The subjects covered in this course include systems of linear equations, Gaussian elimination, vector spaces, fundamental subspaces of matrix, matrix arithmetic, determinants, eigenvalues and eigenvectors, orthogonality, GramSchmidt orthogonalization, diagonalization, similarity, and positive definiteness.","G. Strang/Linear Algebra and its applications/WellesleyCambridge Press,H. Anton and C. Rorres/Elementary Linear Algebra/Wiley,이건명/응용이 보이는 선형대수학/한빛 아카데미",,,,True,False,True,False,False,True,target_department_and_foundational_course
28551,2022,경상국립대학교,해양과학대학,지능형통신공학과,선형대수,2,1학기,3,3,0,전공선택,"In this course, we will study the matrix theory which is indispensible to the whole engineering and science areas such as electrical engineering, computer engineering, physics, chemistry, biology, economics, psychology, etc. The subjects covered in this course include systems of linear equations, Gaussian elimination, vector spaces, fundamental subspaces of matrix, matrix arithmetic, determinants, eigenvalues and eigenvectors, orthogonality, GramSchmidt orthogonalization, diagonalization, similarity, and positive definiteness.","G. Strang/Linear Algebra and its applications/WellesleyCambridge Press,H. Anton and C. Rorres/Elementary Linear Algebra/Wiley,이건명/응용이 보이는 선형대수학/한빛 아카데미",,,,True,False,True,False,False,True,target_department_and_foundational_course
28552,2022,경상국립대학교,해양과학대학,지능형통신공학과,선형대수,2,1학기,3,3,0,전공선택,"In this course, we will study the matrix theory which is indispensible to the whole engineering and science areas such as electrical engineering, computer engineering, physics, chemistry, biology, economics, psychology, etc. The subjects covered in this course include systems of linear equations, Gaussian elimination, vector spaces, fundamental subspaces of matrix, matrix arithmetic, determinants, eigenvalues and eigenvectors, orthogonality, GramSchmidt orthogonalization, diagonalization, similarity, and positive definiteness.","G. Strang/Linear Algebra and its applications/WellesleyCambridge Press,H. Anton and C. Rorres/Elementary Linear Algebra/Wiley,이건명/응용이 보이는 선형대수학/한빛 아카데미",,,,True,False,True,False,False,True,target_department_and_foundational_course
28553,2022,경상국립대학교,해양과학대학,지능형통신공학과,선형대수,2,1학기,3,3,0,전공선택,"In this course, we will study the matrix theory which is indispensible to the whole engineering and science areas such as electrical engineering, computer engineering, physics, chemistry, biology, economics, psychology, etc. The subjects covered in this course include systems of linear equations, Gaussian elimination, vector spaces, fundamental subspaces of matrix, matrix arithmetic, determinants, eigenvalues and eigenvectors, orthogonality, GramSchmidt orthogonalization, diagonalization, similarity, and positive definiteness.","G. Strang/Linear Algebra and its applications/WellesleyCambridge Press,H. Anton and C. Rorres/Elementary Linear Algebra/Wiley,이건명/응용이 보이는 선형대수학/한빛 아카데미",,,,True,False,True,False,False,True,target_department_and_foundational_course
28554,2022,경상국립대학교,해양과학대학,지능형통신공학과,선형대수,2,1학기,3,3,0,전공선택,"In this course, we will study the matrix theory which is indispensible to the whole engineering and science areas such as electrical engineering, computer engineering, physics, chemistry, biology, economics, psychology, etc. The subjects covered in this course include systems of linear equations, Gaussian elimination, vector spaces, fundamental subspaces of matrix, matrix arithmetic, determinants, eigenvalues and eigenvectors, orthogonality, GramSchmidt orthogonalization, diagonalization, similarity, and positive definiteness.","G. Strang/Linear Algebra and its applications/WellesleyCambridge Press,H. Anton and C. Rorres/Elementary Linear Algebra/Wiley,이건명/응용이 보이는 선형대수학/한빛 아카데미",,,,True,False,True,False,False,True,target_department_and_foundational_course
28559,2022,경상국립대학교,해양과학대학,지능형통신공학과,파이썬프로그래밍,2,1학기,3,2,2,전공선택,"파이썬 언어의 기본적인 내용을 학습하고 프로그래밍에 대한 기본 스킬을 습득한다. 그리고, 습득한 내용을 바탕으로 다양한 문제들을 프로그래밍으로 해결하기 위한 실습을 진행한다.",우재남/파이썬 for Beginner/한빛아카데미(주),반태원/실습자료/자체제작,,,True,True,False,False,False,True,target_department_and_target_course
28561,2022,경상국립대학교,해양과학대학,지능형통신공학과,자료구조,2,2학기,3,3,0,전공필수,"Programming training for software engineers, thus students needs at least 8 hours, including class, lab, and class assignments.Class lectures will be given in videos and lab will be done by realtime online.Students need complete any given programming assignments by end of labs. Some programing assignments will need more days than one day이 과목은 고급 프로그래밍을 원하는 모든 프로그래머를 위한 기초적인 프로그래밍 기법을 제공한다. 따라서 고급 프로그래밍을 원하는 학생은 반드시 수강해야 하는 필수 과목이다. 이 강의에서는 파이썬 기초 프로그램부터 시작하여 프로그램에 필요한 다양한 자료구조와 알고리즘을 학습한다. 모든 학생에게는 매주 프로그래밍 과제가 적어도 1개 이상 주어지며, 대부분은 수업 시간 랩을 통해서 주어지고 그 시간 프로그래밍을 통해 해결하도록 유도한다. 수업 내용은 비디오를 통해 주어지며 랩을 통해서는 학생들 스스로 주어진 프로그램을 풀 수 있도록 돕는다. 학생들은 최소 10라인 많게는 200라인 정도의 프로그램을 작성하게되며 이를 통해서 다양한 프로그램의 기본을 다진다.","Bohyoh Shibata/Do it 자료구조와 함께 배우는 알고리즘 입문 파이썬 편/이지스퍼블리싱,최영규, 천인국/Data Structure using Python (파이선으로 쉽게 풀어쓴 자료구조)/생능",,,,True,True,False,False,False,True,target_department_and_target_course
28563,2022,경상국립대학교,해양과학대학,지능형통신공학과,확률및랜덤변수,2,2학기,3,3,0,전공필수,"Probability and random variable is an introductory course covering basic principles of probability and statistical inference. Axiomatic definition of probability, random variables, probability distributions, expectation will be covered. Moreover, basic theories of stochastic process will be also covered. Basic experiments which verifies the generation and characteristics of random variables will be given using Matlab.","Yates, Roy D./Probability and Stochastic Processes: A Friendly Introduction for Electrical and Computer Engineers : A Friendly Introduction for Electrical and Computer Engineers/Wiley,정호영/확률과 랜덤 과정/한빛미디어",,"Papoulis/Probability, Random Variables and Stochastic Processes 4/E/McGrawHill",,True,False,True,False,False,True,target_department_and_foundational_course
28564,2022,경상국립대학교,해양과학대학,지능형통신공학과,확률및랜덤변수,2,2학기,3,3,0,전공필수,"Probability and random variable is an introductory course covering basic principles of probability and statistical inference. Axiomatic definition of probability, random variables, probability distributions, expectation will be covered. Moreover, basic theories of stochastic process will be also covered. Basic experiments which verifies the generation and characteristics of random variables will be given using Matlab.","Yates, Roy D./Probability and Stochastic Processes: A Friendly Introduction for Electrical and Computer Engineers : A Friendly Introduction for Electrical and Computer Engineers/Wiley,정호영/확률과 랜덤 과정/한빛미디어",,"Papoulis/Probability, Random Variables and Stochastic Processes 4/E/McGrawHill",,True,False,True,False,False,True,target_department_and_foundational_course
28567,2022,경상국립대학교,해양과학대학,지능형통신공학과,인공지능개론,2,2학기,3,3,0,전공선택,This class will focus on AI technologies including Machine learning. AI is a computerbased intelligence system that learns an algorithm to solve problems. AI technologies are dramatically advanced recently thanks to Neural Network and Deep Learning techniques. This class will cover the fundamentals on Machine Learning and programming for Machine Learning models.,"오일석, 이진선 /파이썬으로 만드는 인공지능 /한빛미디어","세바스찬 라시카 외 2/머신러닝 교과서 with 파이선, 사이킷런, 텐서플로/길벗",,,True,True,False,True,False,True,target_department_and_target_course
28572,2022,경상국립대학교,해양과학대학,지능형통신공학과,컴퓨터네트워크,3,1학기,3,3,0,전공필수,"In this lecture, the origin of Internet network and the fundamentals behind the Internet will be learned. Especially, the overall summary on structure of OSI 7layer will be given and each layer will be explained more deeply. Some important notions such as TCP/IP, IP address, DNS, NAS, ICMP, HTTP, Web Caching, will be explained. Moreover, the security over the Internet will be also covered partially.",Kurose/Computer Networking: TopDown Approach/Pearson Education Korea,,"강문식,이상민/초고속정보통신과프로토콜/21세기사,김병철외5명/TCP/IP프로토콜/인터비젼,노정민/aboutNetwork구축과활용2/영진닷컴,이재호,구창회,김장권,이상훈/정보통신망과프로토콜/복두출판사",,True,True,False,False,False,True,target_department_and_target_course
28573,2022,경상국립대학교,해양과학대학,지능형통신공학과,컴퓨터네트워크,3,1학기,3,3,0,전공필수,"In this lecture, the origin of Internet network and the fundamentals behind the Internet will be learned. Especially, the overall summary on structure of OSI 7layer will be given and each layer will be explained more deeply. Some important notions such as TCP/IP, IP address, DNS, NAS, ICMP, HTTP, Web Caching, will be explained. Moreover, the security over the Internet will be also covered partially.",Kurose/Computer Networking: TopDown Approach/Pearson Education Korea,,"강문식,이상민/초고속정보통신과프로토콜/21세기사,김병철외5명/TCP/IP프로토콜/인터비젼,노정민/aboutNetwork구축과활용2/영진닷컴,이재호,구창회,김장권,이상훈/정보통신망과프로토콜/복두출판사",,True,True,False,False,False,True,target_department_and_target_course
28574,2022,경상국립대학교,해양과학대학,지능형통신공학과,컴퓨터네트워크,3,1학기,3,3,0,전공필수,"In this lecture, the origin of Internet network and the fundamentals behind the Internet will be learned. Especially, the overall summary on structure of OSI 7layer will be given and each layer will be explained more deeply. Some important notions such as TCP/IP, IP address, DNS, NAS, ICMP, HTTP, Web Caching, will be explained. Moreover, the security over the Internet will be also covered partially.",Kurose/Computer Networking: TopDown Approach/Pearson Education Korea,,"강문식,이상민/초고속정보통신과프로토콜/21세기사,김병철외5명/TCP/IP프로토콜/인터비젼,노정민/aboutNetwork구축과활용2/영진닷컴,이재호,구창회,김장권,이상훈/정보통신망과프로토콜/복두출판사",,True,True,False,False,False,True,target_department_and_target_course
28575,2022,경상국립대학교,해양과학대학,지능형통신공학과,컴퓨터네트워크,3,1학기,3,3,0,전공필수,"In this lecture, the origin of Internet network and the fundamentals behind the Internet will be learned. Especially, the overall summary on structure of OSI 7layer will be given and each layer will be explained more deeply. Some important notions such as TCP/IP, IP address, DNS, NAS, ICMP, HTTP, Web Caching, will be explained. Moreover, the security over the Internet will be also covered partially.",Kurose/Computer Networking: TopDown Approach/Pearson Education Korea,,"강문식,이상민/초고속정보통신과프로토콜/21세기사,김병철외5명/TCP/IP프로토콜/인터비젼,노정민/aboutNetwork구축과활용2/영진닷컴,이재호,구창회,김장권,이상훈/정보통신망과프로토콜/복두출판사",,True,True,False,False,False,True,target_department_and_target_course
28583,2022,경상국립대학교,해양과학대학,지능형통신공학과,디지털통신공학,3,2학기,3,3,0,전공필수,,"S. Haykin/Digital communication systems/Wiley,디지털 통신 시스템/정호영, 임승각/한빛미디어",,,,True,True,False,False,False,True,target_department_and_target_course
28585,2022,경상국립대학교,해양과학대학,지능형통신공학과,이동통신시스템,3,2학기,3,3,0,전공선택,,"J. Schiller/Mobile Communications/Addison Wesley,고영채, 곽경섭/최신이동통신 입문/한빛 아카데미",,"David Tse, Pramod Viswanath/Funadamentals of Wireless Communication/Cambridge,Theddore S. Rappaport/Wireless Communications: Principles and Practice/Prentice Hall",,True,True,False,False,False,True,target_department_and_target_course
28586,2022,경상국립대학교,해양과학대학,지능형통신공학과,이동통신시스템,3,2학기,3,3,0,전공선택,,"J. Schiller/Mobile Communications/Addison Wesley,고영채, 곽경섭/최신이동통신 입문/한빛 아카데미",,"David Tse, Pramod Viswanath/Funadamentals of Wireless Communication/Cambridge,Theddore S. Rappaport/Wireless Communications: Principles and Practice/Prentice Hall",,True,True,False,False,False,True,target_department_and_target_course
28587,2022,경상국립대학교,해양과학대학,지능형통신공학과,이동통신시스템,3,2학기,3,3,0,전공선택,,"J. Schiller/Mobile Communications/Addison Wesley,고영채, 곽경섭/최신이동통신 입문/한빛 아카데미",,"David Tse, Pramod Viswanath/Funadamentals of Wireless Communication/Cambridge,Theddore S. Rappaport/Wireless Communications: Principles and Practice/Prentice Hall",,True,True,False,False,False,True,target_department_and_target_course
28589,2022,경상국립대학교,해양과학대학,지능형통신공학과,고급인공지능,3,2학기,3,3,0,전공선택,기본적인 인공지능 이론을 학습하고 이를 다양한 실습과제에 적용하여 인공지능 기술을 이용하여 현실적인 문제들을 해결할 수 있는 능력을 학습함.,,,"김찬수, 김형오/파이썬과 OpenCV4를 활용한 컴퓨터 비전과 머신러닝/광문각,오일석, 이진선/파이썬으로 만드는 인공지능/한빛아카데미,황선규/OpenCV4로 배우는 컴퓨터 비전과 머신러닝/길벗",,True,True,False,True,False,True,target_department_and_target_course
28590,2022,경상국립대학교,해양과학대학,지능형통신공학과,고급인공지능,3,2학기,3,3,0,전공선택,기본적인 인공지능 이론을 학습하고 이를 다양한 실습과제에 적용하여 인공지능 기술을 이용하여 현실적인 문제들을 해결할 수 있는 능력을 학습함.,,,"김찬수, 김형오/파이썬과 OpenCV4를 활용한 컴퓨터 비전과 머신러닝/광문각,오일석, 이진선/파이썬으로 만드는 인공지능/한빛아카데미,황선규/OpenCV4로 배우는 컴퓨터 비전과 머신러닝/길벗",,True,True,False,True,False,True,target_department_and_target_course
28592,2022,경상국립대학교,해양과학대학,지능형통신공학과,모바일프로그래밍,3,2학기,3,2,2,전공선택,"컴퓨터 운영체재에 대해서 공부하고 현재 가장 큰 이슈가 되는 운영체재인 안드로이드 운영체재를 구성하는 JAVA 프로그래밍 언어에 대해서 학습한다. 특히 자바의 특징중 하나인 객체지향언어 방식과 JVM을 이용한 컴파일등에 대해서 공부하고 AWT, swing package등을 이용한 시각화 방안도 학습한다. 본 강의를 통해 수강생들이 간단한 JAVA 프로그램을 개발할 수 있는 능력을 배양하는 것을 목표로 한다.","김윤명/뇌를 자극하는 JAVA 프로그래밍/한빛미디어,황희정/Java for beginner/한빛미디어",,김성훈/JAVA가 보이는 그림책/성안당,,True,True,False,False,False,True,target_department_and_target_course
28593,2022,경상국립대학교,해양과학대학,지능형통신공학과,모바일프로그래밍,3,2학기,3,2,2,전공선택,"컴퓨터 운영체재에 대해서 공부하고 현재 가장 큰 이슈가 되는 운영체재인 안드로이드 운영체재를 구성하는 JAVA 프로그래밍 언어에 대해서 학습한다. 특히 자바의 특징중 하나인 객체지향언어 방식과 JVM을 이용한 컴파일등에 대해서 공부하고 AWT, swing package등을 이용한 시각화 방안도 학습한다. 본 강의를 통해 수강생들이 간단한 JAVA 프로그램을 개발할 수 있는 능력을 배양하는 것을 목표로 한다.","김윤명/뇌를 자극하는 JAVA 프로그래밍/한빛미디어,황희정/Java for beginner/한빛미디어",,김성훈/JAVA가 보이는 그림책/성안당,,True,True,False,False,False,True,target_department_and_target_course
28596,2022,경상국립대학교,해양과학대학,지능형통신공학과,모바일네트워크,3,2학기,3,3,0,전공선택,"In this lecture, we study the basic principles, current status, and evolution trends of mobile communication networks including LTE, LTEA, and wireless local area networks. We also study the architecture of the networks. We will practice various labs such as radio signal measurement and password cracking using WiFi.",반태원/Overview of LTE and OFDM/반태원,3gpp/technical specifications/3gpp,,,True,True,False,False,False,True,target_department_and_target_course
28599,2022,경상국립대학교,해양과학대학,지능형통신공학과,임베디드시스템프로그래밍,4,1학기,3,2,2,전공선택,"Until the midterm exam, students will study computer structure and Python language which is widely used in applications of embedded systems. After the midterm exam, students will study various functions of embedded systems using Raspberry Pi board, one of popular embedded system controllers.",/Lecture Material/,,김성우/사물인터넷을 품은 라즈베리파이/제이펍,,True,True,False,False,False,True,target_department_and_target_course
28609,2022,경상국립대학교,해양과학대학,지능형통신공학과,디지털신호처리실습,3,2학기,3,2,2,전공필수,,"A. V. Oppenheim, R. W. Schafer, J. R. Buck/DiscreteTime Signal Processing (2nd Edition)/Prentice Hall",,이철희/핵심이보이는 신호및 시스템: 기본이론부터 MATLAB실습까지/한빛미디어,,True,True,False,False,False,True,target_department_and_target_course
28611,2022,경상국립대학교,해양과학대학,지능형통신공학과,영상처리및패턴인식,3,1학기,3,3,0,전공필수,"본 과목에서는 이미지 위주의 영상 데이터를 컴퓨터 프로그램밍을 통해서 처리하는 다양한 기법과 배경이 되는 기초 이론을 학습한다. 한 학기 동안 영상 간의 산술 논리 연산, 기하학적 연산, 화질 개선, 공간 영역 필터링, 주파수 영역 필터링, 영상 복원, 영산 분할에 대하여 순서대로 학습한다. 그리고, 파이썬 프로그램을 통해서 습득한 기초 지식을 활용하여 실습을 진행하여 이해의 폭을 넓힌다.","정성환,배종옥/OpenCVPython으로 배우는 영상처리 및 응용/생능출판사",반태원/영상처리 응용 예제/,,,True,True,False,False,False,True,target_department_and_target_course
28878,2022,경상국립대학교,융합전공,데이터사이언스학,웹크롤러개발,3,1학기,3,1,2,전공선택,"본 수업에서는 데이터 수집과 관련하여 웹에 존재하고 있는 비정형 데이터를 자동으로 수집하는 웹 크롤러를 개발하고자 한다. 수업을 통해 학생들은 웹 정보를 크롤링하거나 스크래핑하는 전문 기술들을 학습할 수 있다. 또한 수집된 데이터를 대상으로 감성분석을 실시하는 프로그램을 개발하고 그 결과를 D3를 활용하여 시각화하는 방법을 교육하고자 한다. (주별강의계획 등 자세한 내용은 첫 수업때 공지하도록 함, Java 프로그램 중급 이상의 실력을 지닌 학생들만 수강 가능)",/강의자료/ecampus.gnu.ac.kr,,/크롤링 핵심 가이드/위키북스,,True,True,False,False,False,True,target_department_and_target_course
28880,2022,경상국립대학교,융합전공,데이터사이언스학,자료구조,2,2학기,3,3,0,전공선택,"컴퓨터를 활용하여 문제를 해결할 시 그 활용이 필수적인 기본적인 자료 구조에 대해 강의한다. 배열, linked list, stack, queue, search tree, hash table, balanced search tree 등의 자료 구조의 구성, 활용 방법 및 효율성에 대해 강의한다.","최영규, 천인국/파이썬으로 쉽게 풀어쓴 자료구조/생능출판사",,이지영/c로 배우는 쉬운 자료구조(4판)/한빛아카데미,,True,True,False,False,False,True,target_department_and_target_course
28886,2022,경상국립대학교,융합전공,데이터사이언스학,빅데이터개론,2,1학기,3,3,0,전공선택,"빅데이터분석의 개념, 접근방향 및 분석과정 등에 대한 기본적인 지식을 학습함으로써빅데이터분석 분야에 대한 기본적인 통찰력을 가질 수 있는 지식을 정리하도록 한다.실제 빅데이터분석에 필수 수단인 분석 프로그래밍 언어(파이썬)를 활용한 분석의 실행경험을통하여 분야의 기초역량을 가지도록 한다.데이터 요약, 탐색, 시각화, 선형회귀모형, 분류 및 군집 등에 대해 파이썬을 적용해 봄으로써빅데이터 분석의 실행과정에 대해 경험하도록 한다.","/강의 유인물/,강지영/파이썬으로 시작하는 데이터 분석 /아이리포",,/관련 서적(수업중 소개)/,,True,True,False,True,False,True,target_department_and_target_course
28887,2022,경상국립대학교,융합전공,데이터사이언스학,빅데이터개론,2,1학기,3,3,0,전공선택,"빅데이터분석의 개념, 접근방향 및 분석과정 등에 대한 기본적인 지식을 학습함으로써빅데이터분석 분야에 대한 기본적인 통찰력을 가질 수 있는 지식을 정리하도록 한다.실제 빅데이터분석에 필수 수단인 분석 프로그래밍 언어(파이썬)를 활용한 분석의 실행경험을통하여 분야의 기초역량을 가지도록 한다.데이터 요약, 탐색, 시각화, 선형회귀모형, 분류 및 군집 등에 대해 파이썬을 적용해 봄으로써빅데이터 분석의 실행과정에 대해 경험하도록 한다.","/강의 유인물/,강지영/파이썬으로 시작하는 데이터 분석 /아이리포",,/관련 서적(수업중 소개)/,,True,True,False,True,False,True,target_department_and_target_course
28889,2022,경상국립대학교,융합전공,데이터사이언스학,프로그래밍기초,2,1학기,3,3,0,전공선택,"본 과목은 프로그래밍에 대한 경험이 없는 학생들이 1) 목표에 맞게 파이썬 프로그램을 직접 작성하고 실행할 수 있도록 능력을 함양하는 것을 목표로 하며, 2) 작성한 프로그램이 컴퓨터 시스템에서 어떻게 동작하는지를 이해하고 필요시 이를 이용할 수 있는 능력을 함양하는 것을 목표로 한다.",우재남/파이썬 for Beginner(3판)/한빛아카데미,,"박동규, 강영민/으뜸 파이썬/생능출판사,천인국/파워 유저를 위한 파이썬 express/생능출판사",,True,True,False,False,False,True,target_department_and_target_course
28890,2022,경상국립대학교,융합전공,데이터사이언스학,프로그래밍기초,2,1학기,3,3,0,전공선택,"본 과목은 프로그래밍에 대한 경험이 없는 학생들이 1) 목표에 맞게 파이썬 프로그램을 직접 작성하고 실행할 수 있도록 능력을 함양하는 것을 목표로 하며, 2) 작성한 프로그램이 컴퓨터 시스템에서 어떻게 동작하는지를 이해하고 필요시 이를 이용할 수 있는 능력을 함양하는 것을 목표로 한다.",우재남/파이썬 for Beginner(3판)/한빛아카데미,,"박동규, 강영민/으뜸 파이썬/생능출판사,천인국/파워 유저를 위한 파이썬 express/생능출판사",,True,True,False,False,False,True,target_department_and_target_course
28892,2022,경상국립대학교,융합전공,데이터사이언스학,기초통계학,2,1학기,3,3,0,전공선택,빅데이터 시대에 의사결정과정에서 수집된 데이터로부터 통계학적으로 추출된 정보의 유용성이 점차 중요해지고 있다. 이에 따라 다양한 통계기법에 대한 정확한 이해와 적용뿐만 아니라 통계적 분석결과를 정확하게 해석하는 능력은 매우 중요하다. 이러한 관점에서 의사결정 문제를 효율적으로 해결해나가기 위해 필요한 통계학적 개념들과 통계기법의 기본원리에 대한 이해와 더불어 다양한 문제들에 대한 실전적 응용능력을 보유할 필요성이 있다. 따라서 본 과목은 파이썬과 R 프로그램을 활용한 통계기법에 대한 정확한 이해와 통계적 분석결과를 정확하게 해결할 수 있는 능력을 갖추는 것을 목표로 한다.,"김명준, 김영화, 박영호/기초통계 플러스알파/경문사",,이외숙/기초확률론/교우사,,True,False,True,False,False,True,target_department_and_foundational_course
28894,2022,경상국립대학교,융합전공,데이터사이언스학,데이터마이닝,3,1학기,3,3,0,전공선택,"기업들간의 경쟁이 심화되고 정보 활용의 중요성이 높아짐에 따라, 대량의 기업 데이터에서 유용한 정보를 찾아내는 데이터마이닝(data mining)에 대한 관심이 높아지고 있다. 본 수업에서는 최근 널리 사용되는 데이터마이닝의 대표적인 기법들을 학습하고, 데이터마이닝 프로그램인 웨카(Weka)를 이용하여 다양한 비즈니스 문제들을 해결하는 실습수업을 진행하고자 한다.본 수업을 통해 학생들은 데이터마이닝에 대해 전반적인 개념과 실제 비즈니스 환경에서 사용할 수 있는 데이터 분석 기술을 배울 수 있다.",유동희/강의자료(PPT) 배포/홈페이지에서 다운로드,,"유동희, 최근호/Weka를 활용한 데이터 마이닝, 데이터 분석의 기초부터 분석 방법 설계까지(2021)/혜명,이안 위튼, 아이베 프랭크, 마크 홀 (이승현 옮김)/데이터 마이닝 DATA MINING 데이터 속 숨은 의미를 찾는 기계 학습의 이론과 응용 (2013)/에이콘 출판사",,True,True,False,True,False,True,target_department_and_target_course
28895,2022,경상국립대학교,융합전공,데이터사이언스학,데이터마이닝,3,1학기,3,3,0,전공선택,"기업들간의 경쟁이 심화되고 정보 활용의 중요성이 높아짐에 따라, 대량의 기업 데이터에서 유용한 정보를 찾아내는 데이터마이닝(data mining)에 대한 관심이 높아지고 있다. 본 수업에서는 최근 널리 사용되는 데이터마이닝의 대표적인 기법들을 학습하고, 데이터마이닝 프로그램인 웨카(Weka)를 이용하여 다양한 비즈니스 문제들을 해결하는 실습수업을 진행하고자 한다.본 수업을 통해 학생들은 데이터마이닝에 대해 전반적인 개념과 실제 비즈니스 환경에서 사용할 수 있는 데이터 분석 기술을 배울 수 있다.",유동희/강의자료(PPT) 배포/홈페이지에서 다운로드,,"유동희, 최근호/Weka를 활용한 데이터 마이닝, 데이터 분석의 기초부터 분석 방법 설계까지(2021)/혜명,이안 위튼, 아이베 프랭크, 마크 홀 (이승현 옮김)/데이터 마이닝 DATA MINING 데이터 속 숨은 의미를 찾는 기계 학습의 이론과 응용 (2013)/에이콘 출판사",,True,True,False,True,False,True,target_department_and_target_course
28963,2022,경상국립대학교,융합전공,미래모빌리티,빅데이터와인공지능,3,1학기,3,3,0,전공선택,"머신러닝, 딥 러닝을 이용해 빅 데이터를 다루는 방법론을 배운다. 데이터를 이용한 실습을 통해 빅 데이터 분석 및 문제 해결 능력을 갖춘 인재를 양성한다. 첫 학기에 다양한 빅데이터를 교육함으로써, 이후 수강 과목들에서 활용할 수 있게 한다.머신러닝과 딥러닝의 개념 및 알고리즘들을 이해하기 데이터 처리, 시각화를 위한 파이썬 문법과 라이브러리 배우기 인공지능 알고리즘을 이용한 데이터 처리 방법 익히기","이영호, 이수현 저/파이썬으로 경험하는 빅데이터 분석과 머신러닝/생능출판사",,"천인국, 박동규, 강영민 저/따라하며 배우는 파이썬과 데이터과학/생능출판사",,False,True,False,True,False,True,strong_ai_cs_course_outside_target_department
29024,2022,경상국립대학교,융합전공,스마트제조ICT,기계학습의이해및활용,4,2학기,3,3,0,전공선택,"학습 목표기계학습의 이해를 위한 수학적 기초 이론을 습득한다.기계학습의 기본이 되는 회귀분석부터 다양한 분류 알고리즘을 실습과 병행하여 이해한다. 실전 문제를 통하여 학습 내용을 복습하고, 다양한 실제 문제에 활용하기 위한 통찰력을 높인다.",,/담당 강의 교원 제작 PPT/,"/데이터 과학을 위한 통계, 핸즈온 머신러닝, 케라스 창시자에게 배우는 딥러닝, 밑바닥부터 시작하는 딥러닝/",,False,True,False,True,False,True,strong_ai_cs_course_outside_target_department
29032,2022,경상국립대학교,융합전공,스마트제조ICT,인공지능원론,4,1학기,3,3,0,전공선택,,"/PPT/,천인국/인공지능 파이썬으로 배우는 머신러닝과 딥러닝/생능출판사",,"세바스찬 라시카/머신러닝 교과서 with 파이썬, 사이킷런, 텐서플로/길벗","필수선수과목 : C 프로그래밍, 파이썬 프로그래밍",False,True,False,True,False,True,strong_ai_cs_course_outside_target_department
29033,2022,경상국립대학교,융합전공,스마트제조ICT,인공지능원론,4,1학기,3,3,0,전공선택,,"/PPT/,천인국/인공지능 파이썬으로 배우는 머신러닝과 딥러닝/생능출판사",,"세바스찬 라시카/머신러닝 교과서 with 파이썬, 사이킷런, 텐서플로/길벗","필수선수과목 : C 프로그래밍, 파이썬 프로그래밍",False,True,False,True,False,True,strong_ai_cs_course_outside_target_department
29073,2022,경상국립대학교,융합전공,지능로봇,이동로봇설계및응용,4,1학기,3,3,0,전공선택,"로봇은 크게 매니퓰레이터 형과 이동형으로 구분된다. 매니퓰레이터형은 고정된 장소에서 작업 범위내에 주어진 작업을 수행하지만, 이동로봇은 작업 범위에 한계가 없이 이동하면서 주어진 임무를 수행하는 목적이 있다. 그러므로 이동로봇은 보통 매니퓰레이터형 로봇과는 구조와 환경 인식, 제어 방식에서 많은 차이가 있다. 본 교과의 목적은 이동 메카니즘, 환경 인식 및 기본적인 주행 방법에 대한 이해에 기반하여 이동로봇 시스템의 설계 및 요소 설계 능력을 확보하는 것이다. 본교과에서는 이동로봇의 이동기구인 기계 역학적인 요소, 자신의 위치를 인지하기 위한 센싱 및 인지 요소, 외부 환경을 탐색하고 계측하는 요소, 경로를 계획하고 주행을 관제하는 제어요소에 대한 기본적인 사항을 다룬다",주강사: 부광석/이동로봇설게및응용 교안/,,Siegwart et als./Autonomous Mobile Robots/The MIT Press/2011,,True,False,True,False,False,True,target_department_and_foundational_course
29075,2022,경상국립대학교,융합전공,지능로봇,제조로봇설계및응용,4,2학기,3,3,0,전공선택,"본 교과목은 제조로봇 개요, 기구학 및 동역학 해석, 기구학 및 동역학 시뮬레이션을 통한 로봇 구동기 설계, 정적구조해석을 통한 기구부 설계, Simulink RealTime을 이용한 로봇제어기 설계 실습을 포함한다.",온라인 강의노트(자체개발교재)//,,L.W. Tsai/Robot Analysis: The Mechanics of Serial and Parallel Manipulators/Weley,,True,False,True,False,False,True,target_department_and_foundational_course
29079,2022,경상국립대학교,융합전공,지능로봇,로봇시뮬레이션및설계,3,2학기,3,3,0,전공필수,"본 교과목에서는 로봇 기구부와 같이 다자유도 메커니즘의 기구학, 동역학 해석 및 컴퓨터 시뮬레이션을 통한 로봇 기구부의 설계방법을 강의한다. 대상 로봇 기구부는 평면/공간 직렬로봇과 병렬로봇 기구부를 포함한다.",담당교수/온라인 강의노트(자체개발교재)/,,"L.W. Tsai/Weley/Robot Analysis: The Mechanics of Serial and Parallel Manipulators/L.W. Tsai/Weley/,김정하/염영일 번역, Niku 저/사이텍미디어/로봇공학/",,True,False,True,False,False,True,target_department_and_foundational_course
29080,2022,경상국립대학교,융합전공,지능로봇,로봇시뮬레이션및설계,3,2학기,3,3,0,전공필수,"본 교과목에서는 로봇 기구부와 같이 다자유도 메커니즘의 기구학, 동역학 해석 및 컴퓨터 시뮬레이션을 통한 로봇 기구부의 설계방법을 강의한다. 대상 로봇 기구부는 평면/공간 직렬로봇과 병렬로봇 기구부를 포함한다.",담당교수/온라인 강의노트(자체개발교재)/,,"L.W. Tsai/Weley/Robot Analysis: The Mechanics of Serial and Parallel Manipulators/L.W. Tsai/Weley/,김정하/염영일 번역, Niku 저/사이텍미디어/로봇공학/",,True,False,True,False,False,True,target_department_and_foundational_course
29085,2022,경상국립대학교,융합전공,지능로봇,로봇비전시스템설계및응용,4,1학기,3,3,0,전공선택,"지능로봇 등 각종 로봇에서 필요한 로봇의 눈 역활을 할 수 있는 카메라, 라이더센서, 초음파센서 등의 로봇시각시스템을 구성하고, C언어의 기초를 공부하며, 카메라를 이용한 영상처리를 공부한다. 주요내용은 로봇시스템 구성 및 기본적인 성능 등, C언의의 기초, OpenCV설치 및 사용방법, 각종 영상처리 프로그램 및 실습, 카메라를 연결한 실시간 영상처리, 배운 영상처리 기초를 이용한 종합프로젝트 수행 등이다.",주강사 제공//,,/C++API OpenCV 프로그래밍/,,True,False,True,False,False,True,target_department_and_foundational_course
29099,2022,경상국립대학교,융합전공,지식재산학,지식재산빅데이터,4,1학기,3,3,0,전공선택,"학습목표: 다양한 특허기반 지표에 대한 이론적 이해와 파이썬을 통해 특허 데이터를 수집 및 분석하고, 이를 바탕으로 트렌드 보고서를 작성할 수 있는 역량을 쌓는다.대학의 비전, 미션 목표와 관련성: 본 강좌는 특허 빅데이터 관련 이론과 실무 사례분석을 통한 문제 해결형 인재의 양성을 목표로 한다. 위와 관련된 지식은 지식기반 사회에서 필요한 컴퓨팅적 사고(computational thinking)를 촉진하는 데 유용하다.(참고사항: 강의 세부내용 및 일정은 진행 상황에 맞게 변경될 수 있음)",송지훈/수자가 매주 강의 슬라이드(PDF) 및 Colab 파일 제공/,,류태규 외 12/지식재산 경쟁력 및 특성지표 개발/,,False,True,False,True,False,True,strong_ai_cs_course_outside_target_department
29509,2022,경상국립대학교,본부대학Ⅰ,기계융합공학과,빅데이터공학,3,2학기,3,3,0,전공선택,독창성및혁신성15기계시스템에관련된소프트네트워크를이해하고모델시스템의메타데이터를바탕으로새로운네트워크를개발확장할수있다.실무역량15실제산업분야에서의데이터수집을통한메타데이터를구성하고이에대한응용을통하여새로운소프트네트워크를개발할수있다.융합역량20복잡계와데이터의상관관계를파악하여목적하는메타데이터를구성함으로써기계시스템에관한유사복잡계에적용할수있다.전공지식응용역량104차산업에이용되는소프트컴퓨팅기술을이용하여입출력값과시스템을구성하는복잡계에대한상관관계를도출할수있다.창의적문제해결능력20개별시스템에서생성되는데이터를분류하여새로운메타데이터를개발하고이를바탕으로시스템과데이터의연관성을추정할수있다.프로젝트수행능력20기존의네트워크를바탕으로실제개별메타데이터를가공함으로써실제시스템에서의빅데이터기반시스템을파악할수있다.,"강영민/으뜸 머신러닝/생능출판사,이건명/인공지능/생능출판사",,앙제르/핸즈온머신러닝/한빛출판사,,False,True,False,True,True,True,strong_ai_cs_course_outside_target_department
29510,2022,경상국립대학교,본부대학Ⅰ,기계융합공학과,빅데이터공학,3,2학기,3,3,0,전공선택,독창성및혁신성15기계시스템에관련된소프트네트워크를이해하고모델시스템의메타데이터를바탕으로새로운네트워크를개발확장할수있다.실무역량15실제산업분야에서의데이터수집을통한메타데이터를구성하고이에대한응용을통하여새로운소프트네트워크를개발할수있다.융합역량20복잡계와데이터의상관관계를파악하여목적하는메타데이터를구성함으로써기계시스템에관한유사복잡계에적용할수있다.전공지식응용역량104차산업에이용되는소프트컴퓨팅기술을이용하여입출력값과시스템을구성하는복잡계에대한상관관계를도출할수있다.창의적문제해결능력20개별시스템에서생성되는데이터를분류하여새로운메타데이터를개발하고이를바탕으로시스템과데이터의연관성을추정할수있다.프로젝트수행능력20기존의네트워크를바탕으로실제개별메타데이터를가공함으로써실제시스템에서의빅데이터기반시스템을파악할수있다.,"강영민/으뜸 머신러닝/생능출판사,이건명/인공지능/생능출판사",,앙제르/핸즈온머신러닝/한빛출판사,,False,True,False,True,True,True,strong_ai_cs_course_outside_target_department
30922,2022,부산대학교,공과대학,전기공학과,일반물리학실험(I),1,1학기,1,0,2,전공기초,,,,,,True,False,True,False,False,True,target_department_and_foundational_course
30923,2022,부산대학교,공과대학,전기공학과,일반물리학실험(I),1,1학기,1,0,2,전공기초,,,,,,True,False,True,False,False,True,target_department_and_foundational_course
30924,2022,부산대학교,공과대학,전기공학과,일반물리학실험(I),1,1학기,1,0,2,전공기초,,,,,,True,False,True,False,False,True,target_department_and_foundational_course
30925,2022,부산대학교,공과대학,전기공학과,일반물리학실험(I),1,1학기,1,0,2,전공기초,,,,,,True,False,True,False,False,True,target_department_and_foundational_course
30926,2022,부산대학교,공과대학,전기공학과,일반물리학실험(I),1,1학기,1,0,2,전공기초,,,,,,True,False,True,False,False,True,target_department_and_foundational_course
30932,2022,부산대학교,공과대학,전기공학과,일반물리학실험(II),1,2학기,1,0,2,전공기초,"1. 물리학에 관한 기초적인 실험 방법, 측정결과를 분석하는 방법 그리고 보고서 작성법을 배운다. 2. 일반물리학(II) 강의에서 배운 지식을 실험으로 확인하거나 강의에 보다 깊은 관심을 가질 동기를 제공한다.","부산대학교 물리학교재편찬위원회, 일반물리학실험, 제5판(청문각)",,"1) 심경무 외(Randall. R. Knight 원저), 대학물리학 4판, 청문각 2) D.HallidayR.ResnickJ.Walker 원저, 일반물리학 9판, 범한서적",일반물리학(II),True,False,True,False,False,True,target_department_and_foundational_course
30933,2022,부산대학교,공과대학,전기공학과,일반물리학실험(II),1,2학기,1,0,2,전공기초,"1. 물리학에 관한 기초적인 실험 방법, 측정결과를 분석하는 방법 그리고 보고서 작성법을 배운다. 2. 일반물리학(II) 강의에서 배운 지식을 실험으로 확인하거나 강의에 보다 깊은 관심을 가질 동기를 제공한다.","부산대학교 물리학교재편찬위원회, 일반물리학실험, 제5판(청문각)",,"1) 심경무 외(Randall. R. Knight 원저), 대학물리학 4판, 청문각 2) D.HallidayR.ResnickJ.Walker 원저, 일반물리학 9판, 범한서적",일반물리학(II),True,False,True,False,False,True,target_department_and_foundational_course
30934,2022,부산대학교,공과대학,전기공학과,일반물리학실험(II),1,2학기,1,0,2,전공기초,"1. 물리학에 관한 기초적인 실험 방법, 측정결과를 분석하는 방법 그리고 보고서 작성법을 배운다. 2. 일반물리학(II) 강의에서 배운 지식을 실험으로 확인하거나 강의에 보다 깊은 관심을 가질 동기를 제공한다.","부산대학교 물리학교재편찬위원회, 일반물리학실험, 제5판(청문각)",,"1) 심경무 외(Randall. R. Knight 원저), 대학물리학 4판, 청문각 2) D.HallidayR.ResnickJ.Walker 원저, 일반물리학 9판, 범한서적",일반물리학(II),True,False,True,False,False,True,target_department_and_foundational_course
30935,2022,부산대학교,공과대학,전기공학과,일반물리학실험(II),1,2학기,1,0,2,전공기초,"1. 물리학에 관한 기초적인 실험 방법, 측정결과를 분석하는 방법 그리고 보고서 작성법을 배운다. 2. 일반물리학(II) 강의에서 배운 지식을 실험으로 확인하거나 강의에 보다 깊은 관심을 가질 동기를 제공한다.","부산대학교 물리학교재편찬위원회, 일반물리학실험, 제5판(청문각)",,"1) 심경무 외(Randall. R. Knight 원저), 대학물리학 4판, 청문각 2) D.HallidayR.ResnickJ.Walker 원저, 일반물리학 9판, 범한서적",일반물리학(II),True,False,True,False,False,True,target_department_and_foundational_course
30936,2022,부산대학교,공과대학,전기공학과,일반물리학실험(II),1,2학기,1,0,2,전공기초,"1. 물리학에 관한 기초적인 실험 방법, 측정결과를 분석하는 방법 그리고 보고서 작성법을 배운다. 2. 일반물리학(II) 강의에서 배운 지식을 실험으로 확인하거나 강의에 보다 깊은 관심을 가질 동기를 제공한다.","부산대학교 물리학교재편찬위원회, 일반물리학실험, 제5판(청문각)",,"1) 심경무 외(Randall. R. Knight 원저), 대학물리학 4판, 청문각 2) D.HallidayR.ResnickJ.Walker 원저, 일반물리학 9판, 범한서적",일반물리학(II),True,False,True,False,False,True,target_department_and_foundational_course
30948,2022,부산대학교,공과대학,전기공학과,프로그래밍언어,1,1학기,2,2,0,전공기초,"컴퓨터 프로그래밍이란 프로그램을 작성하는 것을 말한다. 즉 실생활의 문제를 분석하고 알고리즘을 개발한 후, 컴퓨터가 이해할 수 있는 언어를 이용해 프로그램을 작성하여 문제를 해결하는 것이다. 본 교과목에서도 마찬가지 로 컴퓨터를 통해 문제를 해결하기 위해 컴퓨터 프로그래밍 언어 중 하나 인 C언어를 사용한다. C언어의 기초적인 문법과 활용을 이해하고, 프로그램의 설계, 알고리즘 개발을 통해 프로그램을 개발하는 것을 목표로 한다","컴퓨터 비전공자를 위한 C언어를 활용한 기초컴퓨터 프로그래밍, 최윤호.홍기진.신정화.문정욱. 부산대학교 출판부",,,,True,True,False,False,False,True,target_department_and_target_course
30949,2022,부산대학교,공과대학,전기공학과,프로그래밍언어,1,1학기,2,2,0,전공기초,"컴퓨터 프로그래밍이란 프로그램을 작성하는 것을 말한다. 즉 실생활의 문제를 분석하고 알고리즘을 개발한 후, 컴퓨터가 이해할 수 있는 언어를 이용해 프로그램을 작성하여 문제를 해결하는 것이다. 본 교과목에서도 마찬가지 로 컴퓨터를 통해 문제를 해결하기 위해 컴퓨터 프로그래밍 언어 중 하나 인 C언어를 사용한다. C언어의 기초적인 문법과 활용을 이해하고, 프로그램의 설계, 알고리즘 개발을 통해 프로그램을 개발하는 것을 목표로 한다","컴퓨터 비전공자를 위한 C언어를 활용한 기초컴퓨터 프로그래밍, 최윤호.홍기진.신정화.문정욱. 부산대학교 출판부",,,,True,True,False,False,False,True,target_department_and_target_course
30952,2022,부산대학교,공과대학,전기공학과,AI프로그래밍,1,2학기,3,3,0,전공기초,"C와 MATLAB의 다양한 프로그래밍 기법들을 학습하고, 프로젝트 수행을 통하여 전기공학 분야의 문제 해결에 필요한 C 프로그램을 구현하는 방법을 습득하고 MATLAB을 이용한 인공지능 응용 프로그램 구현 능력을 기르는 것을 목표로 한다.",,,,프로그래밍 언어,True,True,False,True,False,True,target_department_and_target_course
30980,2022,부산대학교,공과대학,전기공학과,공학수학(II),2,2학기,3,3,0,전공필수,공학전공과목의 효과적 이해를 위한 공학수학을 응용할 수 있는 학생들의 능력향상을 추구한다. 퓨리에 해석학과 복소 해석학에 관한 여러 정리들을 강의하여 학생들의 공학수학적 지식의 영역을 넓힌다. 관련 영역별 예제의 분석 및 해석을 통하여 공학적 문제해결을 위한 기본 원리의 이해능력을 함양한다.,"공학수학 2,개정7판, Zill&Wright,텍스트북스",,"공학수학2, Advanced Engineering Marhematics,7th edition, Zill & Wright, Text Books Advanced Engineering Mathematics, Erwin Kreyszig, John Wiley & Sons, Inc.",,True,False,True,False,False,True,target_department_and_foundational_course
30982,2022,부산대학교,공과대학,전기공학과,공학설계과제(I),4,1학기,2,0,4,전공필수,"설계 및 분석능력, 공학 영향에 대한 이해를 바탕으로 한 문제 해결 능력을 키우고 학제 팀원으로서의 역할을 수행하며 팀웍과 표현력을 키우고 공학도구 사용 능력, 전공응용 능력을 배양한다.",과제의 주제 및 지도 교수에 따라 자유롭게 정함,,,,True,False,True,False,False,True,target_department_and_foundational_course
30983,2022,부산대학교,공과대학,전기공학과,공학설계과제(I),4,1학기,2,0,4,전공필수,"설계 및 분석능력, 공학 영향에 대한 이해를 바탕으로 한 문제 해결 능력을 키우고 학제 팀원으로서의 역할을 수행하며 팀웍과 표현력을 키우고 공학도구 사용 능력, 전공응용 능력을 배양한다.",과제의 주제 및 지도 교수에 따라 자유롭게 정함,,,,True,False,True,False,False,True,target_department_and_foundational_course
30984,2022,부산대학교,공과대학,전기공학과,공학설계과제(I),4,1학기,2,0,4,전공필수,"설계 및 분석능력, 공학 영향에 대한 이해를 바탕으로 한 문제 해결 능력을 키우고 학제 팀원으로서의 역할을 수행하며 팀웍과 표현력을 키우고 공학도구 사용 능력, 전공응용 능력을 배양한다.",과제의 주제 및 지도 교수에 따라 자유롭게 정함,,,,True,False,True,False,False,True,target_department_and_foundational_course
30987,2022,부산대학교,공과대학,전기공학과,공학설계과제(II),4,2학기,2,0,4,전공필수,"설계 및 분석능력, 공학 영향에 대한 이해를 바탕으로 한 문제 해결 능력을 키우고 학제 팀원으로서의 역할을 수행하며 팀웍과 표현력을 키우고 공학도구 사용 능력, 전공응용 능력을 배양한다.",과제의 주제 및 지도 교수에 따라 자유롭게 정함,,,,True,False,True,False,False,True,target_department_and_foundational_course
30988,2022,부산대학교,공과대학,전기공학과,공학설계과제(II),4,2학기,2,0,4,전공필수,"설계 및 분석능력, 공학 영향에 대한 이해를 바탕으로 한 문제 해결 능력을 키우고 학제 팀원으로서의 역할을 수행하며 팀웍과 표현력을 키우고 공학도구 사용 능력, 전공응용 능력을 배양한다.",과제의 주제 및 지도 교수에 따라 자유롭게 정함,,,,True,False,True,False,False,True,target_department_and_foundational_course
30989,2022,부산대학교,공과대학,전기공학과,공학설계과제(II),4,2학기,2,0,4,전공필수,"설계 및 분석능력, 공학 영향에 대한 이해를 바탕으로 한 문제 해결 능력을 키우고 학제 팀원으로서의 역할을 수행하며 팀웍과 표현력을 키우고 공학도구 사용 능력, 전공응용 능력을 배양한다.",과제의 주제 및 지도 교수에 따라 자유롭게 정함,,,,True,False,True,False,False,True,target_department_and_foundational_course
30990,2022,부산대학교,공과대학,전기공학과,공학설계과제(II),4,2학기,2,0,4,전공필수,"설계 및 분석능력, 공학 영향에 대한 이해를 바탕으로 한 문제 해결 능력을 키우고 학제 팀원으로서의 역할을 수행하며 팀웍과 표현력을 키우고 공학도구 사용 능력, 전공응용 능력을 배양한다.",과제의 주제 및 지도 교수에 따라 자유롭게 정함,,,,True,False,True,False,False,True,target_department_and_foundational_course
30992,2022,부산대학교,공과대학,전기공학과,기초전기전자실험(I),2,1학기,2,0,4,전공필수,실험과 개념이해를 통한 회로이론의 기본 원리를 확인한다,기초전기전자실험(I),,,"전기회로, 전자회로",True,False,True,False,False,True,target_department_and_foundational_course
30993,2022,부산대학교,공과대학,전기공학과,기초전기전자실험(I),2,1학기,2,0,4,전공필수,실험과 개념이해를 통한 회로이론의 기본 원리를 확인한다,기초전기전자실험(I),,,"전기회로, 전자회로",True,False,True,False,False,True,target_department_and_foundational_course
30997,2022,부산대학교,공과대학,전기공학과,응용전기전자실험(I),3,1학기,2,0,4,전공필수,전기공학의 기초 및 응용회로의 특성해석 및 설계능력을 배양한다,응용전기전자실험(I),,,"전기회로, 전자회로",True,False,True,False,False,True,target_department_and_foundational_course
30998,2022,부산대학교,공과대학,전기공학과,응용전기전자실험(I),3,1학기,2,0,4,전공필수,전기공학의 기초 및 응용회로의 특성해석 및 설계능력을 배양한다,응용전기전자실험(I),,,"전기회로, 전자회로",True,False,True,False,False,True,target_department_and_foundational_course
31000,2022,부산대학교,공과대학,전기공학과,응용전기전자실험(II),3,2학기,2,0,4,전공필수,"전기공학의 중요한 과목인 전기기기, 전력계통, 전력전자를 실험을 통해 개념 이해 및 기본 원리를 확인한다.",응용전기전자실험(II),,,"전력전자, 전력공학, 전기기기, 제어공학",True,False,True,False,False,True,target_department_and_foundational_course
31001,2022,부산대학교,공과대학,전기공학과,응용전기전자실험(II),3,2학기,2,0,4,전공필수,"전기공학의 중요한 과목인 전기기기, 전력계통, 전력전자를 실험을 통해 개념 이해 및 기본 원리를 확인한다.",응용전기전자실험(II),,,"전력전자, 전력공학, 전기기기, 제어공학",True,False,True,False,False,True,target_department_and_foundational_course
31023,2022,부산대학교,공과대학,전자공학과,일반물리학실험(I),1,1학기,1,0,2,전공기초,,,,,,True,False,True,False,False,True,target_department_and_foundational_course
31024,2022,부산대학교,공과대학,전자공학과,일반물리학실험(I),1,1학기,1,0,2,전공기초,,,,,,True,False,True,False,False,True,target_department_and_foundational_course
31025,2022,부산대학교,공과대학,전자공학과,일반물리학실험(I),1,1학기,1,0,2,전공기초,,,,,,True,False,True,False,False,True,target_department_and_foundational_course
31026,2022,부산대학교,공과대학,전자공학과,일반물리학실험(I),1,1학기,1,0,2,전공기초,,,,,,True,False,True,False,False,True,target_department_and_foundational_course
31027,2022,부산대학교,공과대학,전자공학과,일반물리학실험(I),1,1학기,1,0,2,전공기초,,,,,,True,False,True,False,False,True,target_department_and_foundational_course
31028,2022,부산대학교,공과대학,전자공학과,일반물리학실험(I),1,1학기,1,0,2,전공기초,,,,,,True,False,True,False,False,True,target_department_and_foundational_course
31034,2022,부산대학교,공과대학,전자공학과,일반물리학실험(II),1,2학기,1,0,2,전공기초,"1. 물리학에 관한 기초적인 실험 방법, 측정결과를 분석하는 방법 그리고 보고서 작성법을 배운다. 2. 일반물리학(I) 강의에서 배운 지식을 실험으로 확인하거나 강의에 보다 깊은 관심을 가질 동기를 제공한다.","부산대학교 물리학교재편찬위원회, 일반물리학실험, 제6판(교문사)",,"1) 대학물리학교재편찬위원회, SerwayJewett 원저, 대학물리학I, II 10판, 북스힐 2) D.HallidayR.ResnickJ.Walker 원저, 일반물리학 9판, 범한서적",일반물리학(II),True,False,True,False,False,True,target_department_and_foundational_course
31035,2022,부산대학교,공과대학,전자공학과,일반물리학실험(II),1,2학기,1,0,2,전공기초,"1. 물리학에 관한 기초적인 실험 방법, 측정결과를 분석하는 방법 그리고 보고서 작성법을 배운다. 2. 일반물리학(I) 강의에서 배운 지식을 실험으로 확인하거나 강의에 보다 깊은 관심을 가질 동기를 제공한다.","부산대학교 물리학교재편찬위원회, 일반물리학실험, 제6판(교문사)",,"1) 대학물리학교재편찬위원회, SerwayJewett 원저, 대학물리학I, II 10판, 북스힐 2) D.HallidayR.ResnickJ.Walker 원저, 일반물리학 9판, 범한서적",일반물리학(II),True,False,True,False,False,True,target_department_and_foundational_course
31036,2022,부산대학교,공과대학,전자공학과,일반물리학실험(II),1,2학기,1,0,2,전공기초,"1. 물리학에 관한 기초적인 실험 방법, 측정결과를 분석하는 방법 그리고 보고서 작성법을 배운다. 2. 일반물리학(I) 강의에서 배운 지식을 실험으로 확인하거나 강의에 보다 깊은 관심을 가질 동기를 제공한다.","부산대학교 물리학교재편찬위원회, 일반물리학실험, 제6판(교문사)",,"1) 대학물리학교재편찬위원회, SerwayJewett 원저, 대학물리학I, II 10판, 북스힐 2) D.HallidayR.ResnickJ.Walker 원저, 일반물리학 9판, 범한서적",일반물리학(II),True,False,True,False,False,True,target_department_and_foundational_course
31037,2022,부산대학교,공과대학,전자공학과,일반물리학실험(II),1,2학기,1,0,2,전공기초,"1. 물리학에 관한 기초적인 실험 방법, 측정결과를 분석하는 방법 그리고 보고서 작성법을 배운다. 2. 일반물리학(I) 강의에서 배운 지식을 실험으로 확인하거나 강의에 보다 깊은 관심을 가질 동기를 제공한다.","부산대학교 물리학교재편찬위원회, 일반물리학실험, 제6판(교문사)",,"1) 대학물리학교재편찬위원회, SerwayJewett 원저, 대학물리학I, II 10판, 북스힐 2) D.HallidayR.ResnickJ.Walker 원저, 일반물리학 9판, 범한서적",일반물리학(II),True,False,True,False,False,True,target_department_and_foundational_course
31038,2022,부산대학교,공과대학,전자공학과,일반물리학실험(II),1,2학기,1,0,2,전공기초,"1. 물리학에 관한 기초적인 실험 방법, 측정결과를 분석하는 방법 그리고 보고서 작성법을 배운다. 2. 일반물리학(I) 강의에서 배운 지식을 실험으로 확인하거나 강의에 보다 깊은 관심을 가질 동기를 제공한다.","부산대학교 물리학교재편찬위원회, 일반물리학실험, 제6판(교문사)",,"1) 대학물리학교재편찬위원회, SerwayJewett 원저, 대학물리학I, II 10판, 북스힐 2) D.HallidayR.ResnickJ.Walker 원저, 일반물리학 9판, 범한서적",일반물리학(II),True,False,True,False,False,True,target_department_and_foundational_course
31046,2022,부산대학교,공과대학,전자공학과,공학선형대수학,3,1학기,3,3,0,전공기초,"본 강좌에서는선형대수학의 기본내용인 선형방정식, 벡터공간, 행렬과행렬식,고유값과 고유벡터에 대해 학습한다. 선형대수학 개념들이 전자공학 및 기타분야에 어떻게 쓰이는지 응용기술에 대해서도 살펴본다.","Introduction to Linear Algebra(4/E),Gilbert Strang,Wellesley Cambridge Press",,,,True,False,True,False,False,True,target_department_and_foundational_course
31047,2022,부산대학교,공과대학,전자공학과,프로그래밍언어,1,1학기,2,2,0,전공기초,"컴퓨터 프로그래밍이란 프로그램을 작성하는 것을 말한다. 즉 실생활의 문제를 분석하고 알고리즘을 개발한 후, 컴퓨터가 이해할 수 있는 언어를 이용해 프로그램을 작성하여 문제를 해결하는 것이다. 본 교과목에서도 마찬가지 로 컴퓨터를 통해 문제를 해결하기 위해 컴퓨터 프로그래밍 언어 중 하나 인 C언어를 사용한다. C언어의 기초적인 문법과 활용을 이해하고, 프로그램의 설계, 알고리즘 개발을 통해 프로그램을 개발하는 것을 목표로 한다","컴퓨터 비전공자를 위한 C언어를 활용한 기초컴퓨터 프로그래밍, 최윤호.홍기진.신정화.문정욱. 부산대학교 출판부",,,,True,True,False,False,False,True,target_department_and_target_course
31048,2022,부산대학교,공과대학,전자공학과,프로그래밍언어,1,1학기,2,2,0,전공기초,"컴퓨터 프로그래밍이란 프로그램을 작성하는 것을 말한다. 즉 실생활의 문제를 분석하고 알고리즘을 개발한 후, 컴퓨터가 이해할 수 있는 언어를 이용해 프로그램을 작성하여 문제를 해결하는 것이다. 본 교과목에서도 마찬가지 로 컴퓨터를 통해 문제를 해결하기 위해 컴퓨터 프로그래밍 언어 중 하나 인 C언어를 사용한다. C언어의 기초적인 문법과 활용을 이해하고, 프로그램의 설계, 알고리즘 개발을 통해 프로그램을 개발하는 것을 목표로 한다","컴퓨터 비전공자를 위한 C언어를 활용한 기초컴퓨터 프로그래밍, 최윤호.홍기진.신정화.문정욱. 부산대학교 출판부",,,,True,True,False,False,False,True,target_department_and_target_course
31049,2022,부산대학교,공과대학,전자공학과,프로그래밍언어,1,1학기,2,2,0,전공기초,"컴퓨터 프로그래밍이란 프로그램을 작성하는 것을 말한다. 즉 실생활의 문제를 분석하고 알고리즘을 개발한 후, 컴퓨터가 이해할 수 있는 언어를 이용해 프로그램을 작성하여 문제를 해결하는 것이다. 본 교과목에서도 마찬가지 로 컴퓨터를 통해 문제를 해결하기 위해 컴퓨터 프로그래밍 언어 중 하나 인 C언어를 사용한다. C언어의 기초적인 문법과 활용을 이해하고, 프로그램의 설계, 알고리즘 개발을 통해 프로그램을 개발하는 것을 목표로 한다","컴퓨터 비전공자를 위한 C언어를 활용한 기초컴퓨터 프로그래밍, 최윤호.홍기진.신정화.문정욱. 부산대학교 출판부",,,,True,True,False,False,False,True,target_department_and_target_course
31051,2022,부산대학교,공과대학,전자공학과,AI프로그래밍,1,2학기,3,3,0,전공기초,MATLAB의 다양한 프로그래밍 기법들을 학습하고 Python을 이용한 인공지능 응용 프로그램 구현 능력을 기르는 것을 목표로 한다,쉽게 배우는 매트랩 프로그래밍/앤아이컴즈/양자영 외 3인,,컴퓨터 시뮬레이션을 위한 매트랩과 시뮬링크 프로그래밍/이한출판사/양자영 외 https://ko.coursera.org/learn/machinelearninghttps://www.tensorflow.org/api_docs,,True,True,False,True,False,True,target_department_and_target_course
31052,2022,부산대학교,공과대학,전자공학과,AI프로그래밍,1,2학기,3,3,0,전공기초,MATLAB의 다양한 프로그래밍 기법들을 학습하고 Python을 이용한 인공지능 응용 프로그램 구현 능력을 기르는 것을 목표로 한다,쉽게 배우는 매트랩 프로그래밍/앤아이컴즈/양자영 외 3인,,컴퓨터 시뮬레이션을 위한 매트랩과 시뮬링크 프로그래밍/이한출판사/양자영 외 https://ko.coursera.org/learn/machinelearninghttps://www.tensorflow.org/api_docs,,True,True,False,True,False,True,target_department_and_target_course
31054,2022,부산대학교,공과대학,전자공학과,아날로그회로실험,3,1학기,2,0,4,전공필수,"BJT, FET 그리고 OpAmp를 이용한 아날로그 증폭기 설계 및 해석. 기본적인 아날로그 회로의 해석과 설계. 아날로그 필터 디자인.",전자회로설계및실험/백광렬,,"Microelectronic Circuits, by Sedra/Smith",마이크로전자회로,True,True,True,False,False,True,target_department_and_target_course
31055,2022,부산대학교,공과대학,전자공학과,아날로그회로실험,3,1학기,2,0,4,전공필수,"BJT, FET 그리고 OpAmp를 이용한 아날로그 증폭기 설계 및 해석. 기본적인 아날로그 회로의 해석과 설계. 아날로그 필터 디자인.",전자회로설계및실험/백광렬,,"Microelectronic Circuits, by Sedra/Smith",마이크로전자회로,True,True,True,False,False,True,target_department_and_target_course
31056,2022,부산대학교,공과대학,전자공학과,아날로그회로실험,3,1학기,2,0,4,전공필수,"BJT, FET 그리고 OpAmp를 이용한 아날로그 증폭기 설계 및 해석. 기본적인 아날로그 회로의 해석과 설계. 아날로그 필터 디자인.",전자회로설계및실험/백광렬,,"Microelectronic Circuits, by Sedra/Smith",마이크로전자회로,True,True,True,False,False,True,target_department_and_target_course
31057,2022,부산대학교,공과대학,전자공학과,아날로그회로실험,3,1학기,2,0,4,전공필수,"BJT, FET 그리고 OpAmp를 이용한 아날로그 증폭기 설계 및 해석. 기본적인 아날로그 회로의 해석과 설계. 아날로그 필터 디자인.",전자회로설계및실험/백광렬,,"Microelectronic Circuits, by Sedra/Smith",마이크로전자회로,True,True,True,False,False,True,target_department_and_target_course
31058,2022,부산대학교,공과대학,전자공학과,아날로그회로실험,3,1학기,2,0,4,전공필수,"BJT, FET 그리고 OpAmp를 이용한 아날로그 증폭기 설계 및 해석. 기본적인 아날로그 회로의 해석과 설계. 아날로그 필터 디자인.",전자회로설계및실험/백광렬,,"Microelectronic Circuits, by Sedra/Smith",마이크로전자회로,True,True,True,False,False,True,target_department_and_target_course
31061,2022,부산대학교,공과대학,전자공학과,제어시스템설계,3,2학기,3,3,0,전공선택,1. 제어시스템의 분석 2. 제어시스템의 설계 개념 확립 3. 설계된 제어시스템의 구현 4. 실제 제어 문제를 해결할 수 있는 능력 함양,"Norman S. Nise, Control Systems Engineering, the 8th edition, John Wiley & Sons, INC., 2011",,,제어공학,True,False,True,False,False,True,target_department_and_foundational_course
31074,2022,부산대학교,공과대학,전자공학과,신호및시스템,2,2학기,3,3,0,전공필수,1. Understanding of Properties and Types of Continuous time and Discrete time Systems 2. Understanding of Filtering and Frequency Responses of Systems 3. Understanding of Continuous time Fourier Transform and the Concept of Spectrum 4. Understanding of Discrete time Fourier Transform 5. Understanding of z Transform,"Oktay Alkin, Signals and Systems, CRC Press.",,"A. V. Oppenheim and A. S. Willsky, Signals and Systems, 2nd edition, Prentice Hall.",,True,True,False,False,False,True,target_department_and_target_course
31078,2022,부산대학교,공과대학,전자공학과,제어공학,3,1학기,3,3,0,전공선택,"제어 공학은 공학 전반에 널리 적용되는 학문이며, 제어대상시스템의 출력이 원하는 방향이 되도록 입력을 적절히 조절해 주는 제어기를 설계하는 다양한 방법을 포괄적으로 다룬다.","Norman S. Nise, Control Systems Engineering: Eighth Edition (8/e), John Wiley & Sons, Inc.",,,,True,True,False,False,False,True,target_department_and_target_course
31082,2022,부산대학교,공과대학,전자공학과,공학수학(I),2,1학기,3,3,0,전공필수,공학에 응용되는 미분방정식의 제반이론과 유형별 해법을 교수하여 공학에 연계된 응용문제 해결을 위한 분석 및 해석 능력을 배양한다.,"공학수학1, 개정7판, Dennis G. Zill, 텍스트븍스",,"Advanced Engineering Mathematics, 7th edition, Dennis G. Zill, Jones&Bartlett Learning, 텍스트븍스 Kreyszig 공업수학, Kreyszig, 텍스트북스",,True,False,True,False,False,True,target_department_and_foundational_course
31083,2022,부산대학교,공과대학,전자공학과,공학수학(I),2,1학기,3,3,0,전공필수,공학에 응용되는 미분방정식의 제반이론과 유형별 해법을 교수하여 공학에 연계된 응용문제 해결을 위한 분석 및 해석 능력을 배양한다.,"공학수학1, 개정7판, Dennis G. Zill, 텍스트븍스",,"Advanced Engineering Mathematics, 7th edition, Dennis G. Zill, Jones&Bartlett Learning, 텍스트븍스 Kreyszig 공업수학, Kreyszig, 텍스트북스",,True,False,True,False,False,True,target_department_and_foundational_course
31085,2022,부산대학교,공과대학,전자공학과,공학수학(II),2,2학기,3,3,0,전공필수,퓨리에급수와 적분이론 및 복소함수의 제반정리를 교수하여 공학수학적 인식의 영역을 넓히며 관련 영역별 예제의 분석 및 해석을 통하여 공학적 문제해결을 위한 기본 원리의 이해능력을 함양한다.,"공학수학 2,개정6판, Zill&Wright,텍스트북스",,"Advanced Engineering Mathematics, Erwin Kreyszig, John Wiley & Sons, Inc.",,True,False,True,False,False,True,target_department_and_foundational_course
31089,2022,부산대학교,공과대학,전자공학과,공학설계과제(I),4,1학기,2,0,4,전공필수,"설계 및 분석능력, 공학 영향에 대한 이해를 바탕으로 한 문제 해결 능력을 키우고 학제 팀원으로서의 역할을 수행하며 팀웍과 표현력을 키우고 공학도구 사용 능력, 전공응용 능력을 배양한다.",과제의 주제 및 지도 교수에 따라 자유롭게 정함,,,,True,False,True,False,False,True,target_department_and_foundational_course
31090,2022,부산대학교,공과대학,전자공학과,공학설계과제(I),4,1학기,2,0,4,전공필수,"설계 및 분석능력, 공학 영향에 대한 이해를 바탕으로 한 문제 해결 능력을 키우고 학제 팀원으로서의 역할을 수행하며 팀웍과 표현력을 키우고 공학도구 사용 능력, 전공응용 능력을 배양한다.",과제의 주제 및 지도 교수에 따라 자유롭게 정함,,,,True,False,True,False,False,True,target_department_and_foundational_course
31091,2022,부산대학교,공과대학,전자공학과,공학설계과제(I),4,1학기,2,0,4,전공필수,"설계 및 분석능력, 공학 영향에 대한 이해를 바탕으로 한 문제 해결 능력을 키우고 학제 팀원으로서의 역할을 수행하며 팀웍과 표현력을 키우고 공학도구 사용 능력, 전공응용 능력을 배양한다.",과제의 주제 및 지도 교수에 따라 자유롭게 정함,,,,True,False,True,False,False,True,target_department_and_foundational_course
31092,2022,부산대학교,공과대학,전자공학과,공학설계과제(I),4,1학기,2,0,4,전공필수,"설계 및 분석능력, 공학 영향에 대한 이해를 바탕으로 한 문제 해결 능력을 키우고 학제 팀원으로서의 역할을 수행하며 팀웍과 표현력을 키우고 공학도구 사용 능력, 전공응용 능력을 배양한다.",과제의 주제 및 지도 교수에 따라 자유롭게 정함,,,,True,False,True,False,False,True,target_department_and_foundational_course
31093,2022,부산대학교,공과대학,전자공학과,공학설계과제(I),4,1학기,2,0,4,전공필수,"설계 및 분석능력, 공학 영향에 대한 이해를 바탕으로 한 문제 해결 능력을 키우고 학제 팀원으로서의 역할을 수행하며 팀웍과 표현력을 키우고 공학도구 사용 능력, 전공응용 능력을 배양한다.",과제의 주제 및 지도 교수에 따라 자유롭게 정함,,,,True,False,True,False,False,True,target_department_and_foundational_course
31094,2022,부산대학교,공과대학,전자공학과,공학설계과제(I),4,1학기,2,0,4,전공필수,"설계 및 분석능력, 공학 영향에 대한 이해를 바탕으로 한 문제 해결 능력을 키우고 학제 팀원으로서의 역할을 수행하며 팀웍과 표현력을 키우고 공학도구 사용 능력, 전공응용 능력을 배양한다.",과제의 주제 및 지도 교수에 따라 자유롭게 정함,,,,True,False,True,False,False,True,target_department_and_foundational_course
31095,2022,부산대학교,공과대학,전자공학과,공학설계과제(I),4,1학기,2,0,4,전공필수,"설계 및 분석능력, 공학 영향에 대한 이해를 바탕으로 한 문제 해결 능력을 키우고 학제 팀원으로서의 역할을 수행하며 팀웍과 표현력을 키우고 공학도구 사용 능력, 전공응용 능력을 배양한다.",과제의 주제 및 지도 교수에 따라 자유롭게 정함,,,,True,False,True,False,False,True,target_department_and_foundational_course
31096,2022,부산대학교,공과대학,전자공학과,공학설계과제(II),4,2학기,2,0,4,전공필수,"설계 및 분석능력, 공학 영향에 대한 이해를 바탕으로 한 문제 해결 능력을 키우고 학제 팀원으로서의 역할을 수행하며 팀웍과 표현력을 키우고 공학도구 사용 능력, 전공응용 능력을 배양한다.",과제의 주제 및 지도 교수에 따라 자유롭게 정함,,,,True,False,True,False,False,True,target_department_and_foundational_course
31097,2022,부산대학교,공과대학,전자공학과,공학설계과제(II),4,2학기,2,0,4,전공필수,"설계 및 분석능력, 공학 영향에 대한 이해를 바탕으로 한 문제 해결 능력을 키우고 학제 팀원으로서의 역할을 수행하며 팀웍과 표현력을 키우고 공학도구 사용 능력, 전공응용 능력을 배양한다.",과제의 주제 및 지도 교수에 따라 자유롭게 정함,,,,True,False,True,False,False,True,target_department_and_foundational_course
31098,2022,부산대학교,공과대학,전자공학과,공학설계과제(II),4,2학기,2,0,4,전공필수,"설계 및 분석능력, 공학 영향에 대한 이해를 바탕으로 한 문제 해결 능력을 키우고 학제 팀원으로서의 역할을 수행하며 팀웍과 표현력을 키우고 공학도구 사용 능력, 전공응용 능력을 배양한다.",과제의 주제 및 지도 교수에 따라 자유롭게 정함,,,,True,False,True,False,False,True,target_department_and_foundational_course
31099,2022,부산대학교,공과대학,전자공학과,공학설계과제(II),4,2학기,2,0,4,전공필수,"설계 및 분석능력, 공학 영향에 대한 이해를 바탕으로 한 문제 해결 능력을 키우고 학제 팀원으로서의 역할을 수행하며 팀웍과 표현력을 키우고 공학도구 사용 능력, 전공응용 능력을 배양한다.",과제의 주제 및 지도 교수에 따라 자유롭게 정함,,,,True,False,True,False,False,True,target_department_and_foundational_course
31100,2022,부산대학교,공과대학,전자공학과,공학설계과제(II),4,2학기,2,0,4,전공필수,"설계 및 분석능력, 공학 영향에 대한 이해를 바탕으로 한 문제 해결 능력을 키우고 학제 팀원으로서의 역할을 수행하며 팀웍과 표현력을 키우고 공학도구 사용 능력, 전공응용 능력을 배양한다.",과제의 주제 및 지도 교수에 따라 자유롭게 정함,,,,True,False,True,False,False,True,target_department_and_foundational_course
31101,2022,부산대학교,공과대학,전자공학과,공학설계과제(II),4,2학기,2,0,4,전공필수,"설계 및 분석능력, 공학 영향에 대한 이해를 바탕으로 한 문제 해결 능력을 키우고 학제 팀원으로서의 역할을 수행하며 팀웍과 표현력을 키우고 공학도구 사용 능력, 전공응용 능력을 배양한다.",과제의 주제 및 지도 교수에 따라 자유롭게 정함,,,,True,False,True,False,False,True,target_department_and_foundational_course
31102,2022,부산대학교,공과대학,전자공학과,공학설계과제(II),4,2학기,2,0,4,전공필수,"설계 및 분석능력, 공학 영향에 대한 이해를 바탕으로 한 문제 해결 능력을 키우고 학제 팀원으로서의 역할을 수행하며 팀웍과 표현력을 키우고 공학도구 사용 능력, 전공응용 능력을 배양한다.",과제의 주제 및 지도 교수에 따라 자유롭게 정함,,,,True,False,True,False,False,True,target_department_and_foundational_course
31105,2022,부산대학교,공과대학,전자공학과,회로이론(I),1,2학기,3,3,0,전공필수,"이 과목에서는 직류(DC) 및 교류(AC)회로를 해석하고 설계할 수 있는 능력을 갖추도록 하는 것을 목표로 한다. 이를 위해 키르히호프법칙을 기반으로 한 회로 해석 기법, 수동 및 능동 회로 소자 이해, 연산증폭기 회로 설계, 일차/이차 회로의 응답 특성, 정현파의 정상상태 해석을 공부한다.",Fundamentals of Electric Circuits Alexander 6th or 7th edition,,,공업수학 및 일반물리학,True,True,False,False,False,True,target_department_and_target_course
31107,2022,부산대학교,공과대학,전자공학과,회로이론(II),2,1학기,3,3,0,전공필수,1. Systematic analysis of circuit using mathematical methods. 2. Understanding basic circuit theory for power circuits. 3. Circuit Analysis Using Fourier Analysis. 4. Two Port Network Analysis.,"Fundamentals of Electric Circuits, by Charles K. Alexander, latest edition",,,회로이론(I),True,True,False,False,False,True,target_department_and_target_course
31108,2022,부산대학교,공과대학,전자공학과,회로이론(II),2,1학기,3,3,0,전공필수,1. Systematic analysis of circuit using mathematical methods. 2. Understanding basic circuit theory for power circuits. 3. Circuit Analysis Using Fourier Analysis. 4. Two Port Network Analysis.,"Fundamentals of Electric Circuits, by Charles K. Alexander, latest edition",,,회로이론(I),True,True,False,False,False,True,target_department_and_target_course
31111,2022,부산대학교,공과대학,전자공학과,전자회로(I),2,2학기,3,3,0,전공필수,"이 강의의 목표는 아날로그 회로를 해석하고 설계하는 능력을 배양하는것이다. 신호의 기본 및 연산증폭기와 응용회로에 대해 이해한다. 또한 가장 대표적인 전자회로인 다이오드와 응용회로, BJT와 MOSFET 트랜지스터의 직류해석 및 등가회로을 이용한 소신호해석, 주파수 특성등을 이해한다.","Microelectronic Circuits, international 8th Ed. Sedra/ Smith",,,회로이론,True,True,False,False,False,True,target_department_and_target_course
31113,2022,부산대학교,공과대학,전자공학과,전자회로(II),3,1학기,3,3,0,전공필수,"Understanding of integrated single stage amplifiers, subordinate integrated circuits Understanding of differential and multistage amplifiers Understanding of frequency response and frequency response improvement for various amplifiers Analysis of feedback circuits and understanding of stability for feedback system Understanding and design of active filter Understanding and design of signal generator and waveshaping circuits.",Microelectronic Circuits Sedra & Smith,,"Fundamentals of Microelectronics, B. Razavi",회로이론 및 전자회로(I),True,True,False,False,False,True,target_department_and_target_course
31114,2022,부산대학교,공과대학,전자공학과,전자회로(II),3,1학기,3,3,0,전공필수,"Understanding of integrated single stage amplifiers, subordinate integrated circuits Understanding of differential and multistage amplifiers Understanding of frequency response and frequency response improvement for various amplifiers Analysis of feedback circuits and understanding of stability for feedback system Understanding and design of active filter Understanding and design of signal generator and waveshaping circuits.",Microelectronic Circuits Sedra & Smith,,"Fundamentals of Microelectronics, B. Razavi",회로이론 및 전자회로(I),True,True,False,False,False,True,target_department_and_target_course
31116,2022,부산대학교,공과대학,전자공학과,기초전자전기실험(I),2,1학기,2,0,4,전공필수,본격적인 디지털 시대를 맞이하여 모든 분야로 그 응용분야가 확대되고 있는 디지털 시스템을 논리회로 실험을 통해 기초부터 응용분야까지 다양하게 익히고 설계하여 문제 해결형 엔지니어로 성장하는데 도움이 되고자 함,"논리회로설계및실험/김재호,김성신,남일구",,"Digital Logic Circuit Analysis & Design, PrenticeHall, V.P Nelson",논리회로,True,False,True,False,False,True,target_department_and_foundational_course
31117,2022,부산대학교,공과대학,전자공학과,기초전자전기실험(I),2,1학기,2,0,4,전공필수,본격적인 디지털 시대를 맞이하여 모든 분야로 그 응용분야가 확대되고 있는 디지털 시스템을 논리회로 실험을 통해 기초부터 응용분야까지 다양하게 익히고 설계하여 문제 해결형 엔지니어로 성장하는데 도움이 되고자 함,"논리회로설계및실험/김재호,김성신,남일구",,"Digital Logic Circuit Analysis & Design, PrenticeHall, V.P Nelson",논리회로,True,False,True,False,False,True,target_department_and_foundational_course
31118,2022,부산대학교,공과대학,전자공학과,기초전자전기실험(I),2,1학기,2,0,4,전공필수,본격적인 디지털 시대를 맞이하여 모든 분야로 그 응용분야가 확대되고 있는 디지털 시스템을 논리회로 실험을 통해 기초부터 응용분야까지 다양하게 익히고 설계하여 문제 해결형 엔지니어로 성장하는데 도움이 되고자 함,"논리회로설계및실험/김재호,김성신,남일구",,"Digital Logic Circuit Analysis & Design, PrenticeHall, V.P Nelson",논리회로,True,False,True,False,False,True,target_department_and_foundational_course
31119,2022,부산대학교,공과대학,전자공학과,기초전자전기실험(I),2,1학기,2,0,4,전공필수,본격적인 디지털 시대를 맞이하여 모든 분야로 그 응용분야가 확대되고 있는 디지털 시스템을 논리회로 실험을 통해 기초부터 응용분야까지 다양하게 익히고 설계하여 문제 해결형 엔지니어로 성장하는데 도움이 되고자 함,"논리회로설계및실험/김재호,김성신,남일구",,"Digital Logic Circuit Analysis & Design, PrenticeHall, V.P Nelson",논리회로,True,False,True,False,False,True,target_department_and_foundational_course
31120,2022,부산대학교,공과대학,전자공학과,기초전자전기실험(I),2,1학기,2,0,4,전공필수,본격적인 디지털 시대를 맞이하여 모든 분야로 그 응용분야가 확대되고 있는 디지털 시스템을 논리회로 실험을 통해 기초부터 응용분야까지 다양하게 익히고 설계하여 문제 해결형 엔지니어로 성장하는데 도움이 되고자 함,"논리회로설계및실험/김재호,김성신,남일구",,"Digital Logic Circuit Analysis & Design, PrenticeHall, V.P Nelson",논리회로,True,False,True,False,False,True,target_department_and_foundational_course
31122,2022,부산대학교,공과대학,전자공학과,기초전자전기실험(II),2,2학기,2,0,4,전공필수,실험과 개념이해를 통한 전기회로의 기본 원리 확인,전기회로설계및실험 / 백광렬,,"Microelectronic Circuits, by Sedra/Smith",전기회로,True,False,True,False,False,True,target_department_and_foundational_course
31123,2022,부산대학교,공과대학,전자공학과,기초전자전기실험(II),2,2학기,2,0,4,전공필수,실험과 개념이해를 통한 전기회로의 기본 원리 확인,전기회로설계및실험 / 백광렬,,"Microelectronic Circuits, by Sedra/Smith",전기회로,True,False,True,False,False,True,target_department_and_foundational_course
31124,2022,부산대학교,공과대학,전자공학과,기초전자전기실험(II),2,2학기,2,0,4,전공필수,실험과 개념이해를 통한 전기회로의 기본 원리 확인,전기회로설계및실험 / 백광렬,,"Microelectronic Circuits, by Sedra/Smith",전기회로,True,False,True,False,False,True,target_department_and_foundational_course
31125,2022,부산대학교,공과대학,전자공학과,기초전자전기실험(II),2,2학기,2,0,4,전공필수,실험과 개념이해를 통한 전기회로의 기본 원리 확인,전기회로설계및실험 / 백광렬,,"Microelectronic Circuits, by Sedra/Smith",전기회로,True,False,True,False,False,True,target_department_and_foundational_course
31126,2022,부산대학교,공과대학,전자공학과,기초전자전기실험(II),2,2학기,2,0,4,전공필수,실험과 개념이해를 통한 전기회로의 기본 원리 확인,전기회로설계및실험 / 백광렬,,"Microelectronic Circuits, by Sedra/Smith",전기회로,True,False,True,False,False,True,target_department_and_foundational_course
31128,2022,부산대학교,공과대학,전자공학과,디지털회로실험,3,2학기,2,0,4,전공필수,마이크로프로세서설계의 기초가 되는 4비트 마이크로프로세서의 설계 및 FPGA 구현,"디지털 회로 설계 실험 / 박주성, 최준영",,"Introduction to Logic Design, Alan B. Marcoviz, McGraw Hill, 3rd.","논리회로, 디지털회로",True,True,True,False,False,True,target_department_and_target_course
31129,2022,부산대학교,공과대학,전자공학과,디지털회로실험,3,2학기,2,0,4,전공필수,마이크로프로세서설계의 기초가 되는 4비트 마이크로프로세서의 설계 및 FPGA 구현,"디지털 회로 설계 실험 / 박주성, 최준영",,"Introduction to Logic Design, Alan B. Marcoviz, McGraw Hill, 3rd.","논리회로, 디지털회로",True,True,True,False,False,True,target_department_and_target_course
31130,2022,부산대학교,공과대학,전자공학과,디지털회로실험,3,2학기,2,0,4,전공필수,마이크로프로세서설계의 기초가 되는 4비트 마이크로프로세서의 설계 및 FPGA 구현,"디지털 회로 설계 실험 / 박주성, 최준영",,"Introduction to Logic Design, Alan B. Marcoviz, McGraw Hill, 3rd.","논리회로, 디지털회로",True,True,True,False,False,True,target_department_and_target_course
31131,2022,부산대학교,공과대학,전자공학과,디지털회로실험,3,2학기,2,0,4,전공필수,마이크로프로세서설계의 기초가 되는 4비트 마이크로프로세서의 설계 및 FPGA 구현,"디지털 회로 설계 실험 / 박주성, 최준영",,"Introduction to Logic Design, Alan B. Marcoviz, McGraw Hill, 3rd.","논리회로, 디지털회로",True,True,True,False,False,True,target_department_and_target_course
31132,2022,부산대학교,공과대학,전자공학과,디지털회로실험,3,2학기,2,0,4,전공필수,마이크로프로세서설계의 기초가 되는 4비트 마이크로프로세서의 설계 및 FPGA 구현,"디지털 회로 설계 실험 / 박주성, 최준영",,"Introduction to Logic Design, Alan B. Marcoviz, McGraw Hill, 3rd.","논리회로, 디지털회로",True,True,True,False,False,True,target_department_and_target_course
31147,2022,부산대학교,공과대학,전자공학과,컴퓨터구조,3,2학기,3,3,0,전공선택,,,,,,True,True,False,True,False,True,target_department_and_target_course
31238,2022,부산대학교,공과대학,재료공학부,AI프로그래밍,2,2학기,3,3,0,전공기초,,,,,,False,True,False,True,True,True,strong_ai_cs_course_outside_target_department
31313,2022,부산대학교,공과대학,정보컴퓨터공학부,논리회로및설계,2,1학기,3,3,0,전공필수,디지털 하드웨어 설계를 위한 기초 스위칭 이론 및 설계방법 습득,"Logic and Computer Design Fundamentals, 4th Edition, M. Mano and C, Kime, Pearson, 2016",,,,True,True,True,False,False,True,target_department_and_target_course
31314,2022,부산대학교,공과대학,정보컴퓨터공학부,논리회로및설계,2,1학기,3,3,0,전공필수,디지털 하드웨어 설계를 위한 기초 스위칭 이론 및 설계방법 습득,"Logic and Computer Design Fundamentals, 4th Edition, M. Mano and C, Kime, Pearson, 2016",,,,True,True,True,False,False,True,target_department_and_target_course
31317,2022,부산대학교,공과대학,정보컴퓨터공학부,컴퓨터및프로그래밍입문,1,1학기,4,4,0,전공기초,"Python 언어와 window용 PC에 기초한 코딩, 프로그래밍, 및 시스템 설계에 대한 이해","박동규, 강영민, 으뜸 파이썬, 생능출판사, 2020 http://www.yes24.com/Product/Goods/89140722",,매주 강의자료(PPT)를 PLATO를 통해 배포합니다.,선수과목은 필요하지 않습니다. 집에서 사용할 수 있는 개인용 컴퓨터가 있어야 합니다.,True,True,False,False,False,True,target_department_and_target_course
31322,2022,부산대학교,공과대학,정보컴퓨터공학부,프로그래밍원리와실습,1,2학기,4,4,0,전공기초,"본 교과목은 프로그래밍 개발 역량을 배양하기 위해 C 프로그래밍 언어를 이용하여 프로그래밍의 기초, 구조적 프로그래밍 등 프로그래밍 기본 원리와 S/W 개발의 기본 원칙을 학습한다.","모든 강의 자료는 PLATO(http://plato.pusan.ac.kr)를 통해 제공된다. 필수 주교재는 없으나 아래 책을 학습에 활용할 것을 권장한다. “The C Programming Language. 2nd ed.,” Kernighan, Brian, and Dennis Ritchie. Upper Saddle River, NJ: Prentice Hall, 1988. ISBN: 9780131103627. “Playing with C”, 우균 창병모 지음 교보문고",,,"본 교과목에 대한 공식 선수과목은 없다. 그러나 “CB16700:컴퓨터및프로그래밍입문""의 선 이수를 강하게 권고한다",True,True,False,False,False,True,target_department_and_target_course
31340,2022,부산대학교,공과대학,정보컴퓨터공학부,자료구조,2,2학기,3,3,0,전공필수,이 과목은 프로그래밍으로 문제해결 할 때 필요한 논리력과 그것을 표현할 적절한 자료 구조를 학습한다. 또한 문제해결을 위한 전통적인 알고리즘을 통해 체계적 사고 방법을 익히고 나아가 주어진 문제해결을 위해 설계하는 방법을 학습한다.,"M.T.Goodrich et. al., Data Structures and Algorithms in C++, 2nd Ed, John Wiley&Sons, Inc., 2011",,"Horowitz et. al, Fundamentals of DATA STRUCTURE in C++, Computer Sci. Press, 2001",C or C++,True,True,False,False,False,True,target_department_and_target_course
31348,2022,부산대학교,공과대학,정보컴퓨터공학부,이산수학(II),2,2학기,3,3,0,전공필수,"이산 물체 및 데이터 관련 문제에 적용이 가능한 주요 모델링 기법, 그래프 이론, 정수론 및 대수학, 오토마타 이론 등을 컴퓨터공학 전공 문제와 연계시켜 다룬다. 특히 정의와 정리에 기반하여 논리적인 사고를 할 수 있는 능력을 키우는 것을 주요 목표로 한다.","Discrete and Combinatorial Mathematics (5th Ed.), R.P. Grimaldi, Pearson Education Limited, 2014",,Lecture Notes at the PLATO system,없음,True,False,True,False,False,True,target_department_and_foundational_course
31358,2022,부산대학교,공과대학,정보컴퓨터공학부,데이터베이스,3,2학기,3,3,0,전공선택,본강의의목적은정보모델링방법과데이터베이스설계및관리개념과방법론을학습하는것이다.,"A First course in Database Systems,Jeffrey D.Ullman and Jennifer Widom,3rd ed. Pearson International Edition",,"데이터베이스시스템개론,JeffreyD.UllmanandJenniferWidom저,김명호,이윤준,유재수역,도서출판그린(2판)",,True,True,False,True,False,True,target_department_and_target_course
31368,2022,부산대학교,공과대학,정보컴퓨터공학부,소프트웨어공학,3,2학기,3,3,0,전공필수,"본 과목은 대규모 고품질 소프트웨어를 개발하기 위한 다양한 기술을 익히는 것을 목표로 한다. 특히 메트릭, 정적 분석, 동적 테스팅 등의 주제에 대해서는 오픈소스 도구를 소개하며 오픈소스 도구를 활동한 과제를 수행한다.",,,,,True,True,False,False,False,True,target_department_and_target_course
31369,2022,부산대학교,공과대학,정보컴퓨터공학부,소프트웨어공학,3,2학기,3,3,0,전공필수,"본 과목은 대규모 고품질 소프트웨어를 개발하기 위한 다양한 기술을 익히는 것을 목표로 한다. 특히 메트릭, 정적 분석, 동적 테스팅 등의 주제에 대해서는 오픈소스 도구를 소개하며 오픈소스 도구를 활동한 과제를 수행한다.",,,,,True,True,False,False,False,True,target_department_and_target_course
31377,2022,부산대학교,공과대학,정보컴퓨터공학부,논리회로설계및실험,2,2학기,2,0,4,전공필수,Study on design and analysis of digital system Study on design method of logic circuit using design tools Study on verification method of logic circuit using simulation,"양세양외 3인 Flowrian을 이용한 논리회로도 설계 및 검증실험, 브레인코리아",,"강병익, 양세양, 디지털 논리실험, 한성출판사, 2000",Nothing,True,True,True,False,False,True,target_department_and_target_course
31378,2022,부산대학교,공과대학,정보컴퓨터공학부,논리회로설계및실험,2,2학기,2,0,4,전공필수,1. Study on design and analysis of digital system 2. Study on design method of logic circuit using design tools 3. Study on verification method of logic circuit using simulation,"양세양외 3인 Flowrican을 이용한 논리회로도 설계 및 검증실험, 브레인코리아",,,논리설계,True,True,True,False,False,True,target_department_and_target_course
31382,2022,부산대학교,공과대학,정보컴퓨터공학부,소프트웨어설계및실험,3,1학기,2,0,4,전공필수,"1. 모바일 프로그래밍을 통한 일상생활 속 문제 해결 능력 향상 2. 안드로이드 개발플랫폼을 활용한 다양한 모바일 응용프로그램 개발 기초 능력 향상 3. 기초, 응용, 심화 단계별 실습 프로그램을 통한 모바일 응용프로그래밍 개발 능력 향상 4. 모바일 프로그래밍을 통한 문제 해결 능력 향상","강성윤, ""Do it! 깡샘의 안드로이드 앱 프로그래밍 with 코틀린"", 이지스퍼블리싱(주), 2021 우재남 유혜림, ""코틀린을 활용한 안드로이드 프로그래밍"", 한빛아카데미, 2020 임태규, ""텐서플로 라이트를 활용한 안드로이드 딥러닝"", 한빛미디어, 2021",,https://developer.android.com/,객체지향프로그래밍 혹은 자바프로그래밍,True,False,True,False,False,True,target_department_and_foundational_course
31383,2022,부산대학교,공과대학,정보컴퓨터공학부,소프트웨어설계및실험,3,1학기,2,0,4,전공필수,"1. 모바일 프로그래밍을 통한 일상생활 속 문제 해결 능력 향상 2. 안드로이드 개발플랫폼을 활용한 다양한 모바일 응용프로그램 개발 기초 능력 향상 3. 기초, 응용, 심화 단계별 실습 프로그램을 통한 모바일 응용프로그래밍 개발 능력 향상 4. 모바일 프로그래밍을 통한 문제 해결 능력 향상","강성윤, ""Do it! 깡샘의 안드로이드 앱 프로그래밍 with 코틀린"", 이지스퍼블리싱(주), 2021 우재남 유혜림, ""코틀린을 활용한 안드로이드 프로그래밍"", 한빛아카데미, 2020 임태규, ""텐서플로 라이트를 활용한 안드로이드 딥러닝"", 한빛미디어, 2021",,https://developer.android.com/,객체지향프로그래밍 혹은 자바프로그래밍,True,False,True,False,False,True,target_department_and_foundational_course
31385,2022,부산대학교,공과대학,정보컴퓨터공학부,웹응용프로그래밍,2,2학기,3,3,0,전공선택,"1. Teaching about ability to develop Internet application programs 2. The course covers programming languages like HTML5.0, XML, CSS, JavaScript, PHP, JSON 3. Learn to analyze the requirement of real problems related to Internet applications and to implement ideas by clientserver model 4. Understanding platforms to develop internet applications 5. Improvement of communication and cowork skill within a team","Internet & World Wide Web how to program(5th), Deitel et al. Pearson Education Inc",,인터넷에서 접근 가능한 이 강의에서 소개하는 프로그래밍 언어 메뉴얼,인터넷과 웹기초(11) 과목 이수 프로그램에 대한 기본 지식(최소한 한 개 프로그래밍 언어에 대해 익숙할 것) 인터넷 응용 프로그램을 활용해본 경험,True,True,False,False,False,True,target_department_and_target_course
31389,2022,부산대학교,공과대학,정보컴퓨터공학부,플랫폼기반프로그래밍,2,2학기,3,3,0,전공선택,"본 과목은 Java 언어를 이용한 기본적인 객체지향 프로그래밍을 학습하고 이를 활용하여 GUI, Database, Network 등 응용 프로그래밍 기술을 익히는 것을 목표로 한다.",,,,C++ Programming,True,True,False,False,False,True,target_department_and_target_course
31390,2022,부산대학교,공과대학,정보컴퓨터공학부,플랫폼기반프로그래밍,2,2학기,3,3,0,전공선택,"본 과목은 Java 언어를 이용한 기본적인 객체지향 프로그래밍을 학습하고 이를 활용하여 GUI, Database, Network 등 응용 프로그래밍 기술을 익히는 것을 목표로 한다.",,,,C++ Programming,True,True,False,False,False,True,target_department_and_target_course
31392,2022,부산대학교,공과대학,정보컴퓨터공학부,임베디드시스템설계및실험,3,2학기,2,0,4,전공필수,Study ARM based embedded system and learn about HW & SW implementation technology,Weekly experimentation manual & design project guide,,,,True,True,True,False,False,True,target_department_and_target_course
31393,2022,부산대학교,공과대학,정보컴퓨터공학부,임베디드시스템설계및실험,3,2학기,2,0,4,전공필수,Study ARM based embedded system and learn about HW & SW implementation technology,Weekly experimentation manual & design project guide,,,,True,True,True,False,False,True,target_department_and_target_course
31394,2022,부산대학교,공과대학,정보컴퓨터공학부,임베디드시스템설계및실험,3,2학기,2,0,4,전공필수,Study ARM based embedded system and learn about HW & SW implementation technology,Weekly experimentation manual & design project guide,,,,True,True,True,False,False,True,target_department_and_target_course
31399,2022,부산대학교,공과대학,정보컴퓨터공학부,인터넷과웹기초,1,1학기,3,3,0,전공필수,Understanding the history and basic structure of the Internet and the web Understanding clientside programming through learning HTML/CSS/JavaScript Increase problem solving ability using Open API utilization,"김경민, 문제해결을 통한 웹 프로그래밍 입문 , 이한미디어, 2019.10 고경희 저, Do it! HTML5+CSS3 웹 표준의 정석 2판, 이지스퍼블리싱, 2019.12",,W3Schools Online Web Tutorials https://www.w3schools.com,,True,True,False,False,False,True,target_department_and_target_course
31408,2022,부산대학교,공과대학,정보컴퓨터공학부,공학선형대수학,2,1학기,3,3,0,전공필수,"선형대수학에 대한 기본 개념, 속성, 기법 등을 소개한다. 실제 발생하는 여러가지 공학적인 문제에 대한 선형대수적 해결 예제를 통해, 학생들이 자신의 전공분야에서 발생할 수 있는 여러가지 선형대수적 문제를 직접 모델링 하여 해결할 수 있는 능력을 배양하도록 한다.","Linear Algebra with Applications (10th Ed.), S.J. Leon, PEARSON, 2020",,"선형대수학과 응용, 이재진 외 4인 옮김, PEARSON, 제8판, 2012 Linear Algebra with Applications, written by George nakos and David Joyner",없음,True,False,True,False,False,True,target_department_and_foundational_course
31422,2022,부산대학교,공과대학,정보컴퓨터공학부,프로그래밍언어론,4,1학기,3,3,0,전공필수,"이 과정의 목표는 1) 프로그래밍 언어 패러다임의 비교: 명령형, 기능적, 논리 및 객체 지향, 2) 개념 기반, 구문, 의미론(예: 표시, 공리 및 연산) 및 구현, 3)다양한 언어 기능을 지원하는 데 필요한 구조에 대한 이해 및 구현 입니다","프로그래밍 언어론 제10판 Robert W. Sebesta (지은이),하상호,유원희 (옮긴이), 피어슨에듀케이션코리아",,,,True,True,False,False,False,True,target_department_and_target_course
31423,2022,부산대학교,공과대학,정보컴퓨터공학부,프로그래밍언어론,4,1학기,3,3,0,전공필수,"이 과정의 목표는 1) 프로그래밍 언어 패러다임의 비교: 명령형, 기능적, 논리 및 객체 지향, 2) 개념 기반, 구문, 의미론(예: 표시, 공리 및 연산) 및 구현, 3)다양한 언어 기능을 지원하는 데 필요한 구조에 대한 이해 및 구현 입니다","프로그래밍 언어론 제10판 Robert W. Sebesta (지은이),하상호,유원희 (옮긴이), 피어슨에듀케이션코리아",,,,True,True,False,False,False,True,target_department_and_target_course
31431,2022,부산대학교,공과대학,정보컴퓨터공학부,머신러닝,4,1학기,3,3,0,전공선택,머신러닝에 사용되는 각종 기법의 원리를 이해하고 실제 문제에 이를 응용할 수 있는 능력을 배양한다.,"Data Mining: Practical Machine Learning Tools and Techniques, 4th Edition. Ian. H. Witten, Eibe Frank, Mark Hall, and Christopher Pal Morgan Kaufmann Publishers, Inc., 2016",,,,True,True,False,True,False,True,target_department_and_target_course
36684,2022,부산대학교,자연과학대학,화학과,화학 빅데이터 분석법,2,1학기,1,1,0,전공선택,다양한 데이터들을 처리하고 분석하는 원리를 익히고 이를 실제 화학 데이터에 적용해 보는 것을 목표로 합니다.,강의 슬라이드,,,일반화학 수준의 화학 지식,False,True,False,True,True,True,strong_ai_cs_course_outside_target_department
37056,2022,부산대학교,정보의생명공학대학,정보컴퓨터공학부,이산수학(I),1,1학기,3,3,0,전공기초,"정의, 정리, 증명의 엄격한 과정에 따른 수학적 논리적 사고력을 배양한다. Computer Science의 여러 분야에 필요한 수학적 기본 개념을 숙지한다. 문제 해결 능력과 응용 능력을 제고한다.","Ralph P. Grimaldi Discrete and Combinatorial Mathematics, 5th Edition. Addison Wesley, 2004",,,,True,False,True,False,False,True,target_department_and_foundational_course
37057,2022,부산대학교,정보의생명공학대학,정보컴퓨터공학부,이산수학(I),1,1학기,3,3,0,전공기초,"정의, 정리, 증명의 엄격한 과정에 따른 수학적 논리적 사고력을 배양한다. Computer Science의 여러 분야에 필요한 수학적 기본 개념을 숙지한다. 문제 해결 능력과 응용 능력을 제고시킨다.","Discrete and Combinatorial Mathematics, 5th Edition. Ralph. P. Grimaldi, Addison Wesley, 2004",,,,True,False,True,False,False,True,target_department_and_foundational_course
37058,2022,부산대학교,정보의생명공학대학,정보컴퓨터공학부,이산수학(I),1,1학기,3,3,0,전공기초,"정의, 정리, 증명을 통한 수학적 논리적 사고능력을 배양하고, 컴퓨터공학 전공에 필요한 수학적 개념을 체득하도록 한다. 아울러 실제 예제를 통해 문제해결 및 응용 능력을 제고한다.","Discrete and Combinatorial Mathematics, 5th Edition. R.P. Grimaldi, Pearson Education Limited, 2014",,,없음,True,False,True,False,False,True,target_department_and_foundational_course
37059,2022,부산대학교,정보의생명공학대학,정보컴퓨터공학부,논리회로및설계,2,1학기,3,3,0,전공필수,디지털 하드웨어 설계를 위한 기초 스위칭 이론 및 설계방법 습득,"Logic and Computer Design Fundamentals, 4th Edition, M. Mano and C, Kime, Pearson, 2016",,,,True,True,True,False,False,True,target_department_and_target_course
37060,2022,부산대학교,정보의생명공학대학,정보컴퓨터공학부,논리회로및설계,2,1학기,3,3,0,전공필수,디지털 하드웨어 설계를 위한 기초 스위칭 이론 및 설계방법 습득,"Logic and Computer Design Fundamentals, 4th Edition, M. Mano and C, Kime, Pearson, 2016",,,,True,True,True,False,False,True,target_department_and_target_course
37061,2022,부산대학교,정보의생명공학대학,정보컴퓨터공학부,논리회로및설계,2,1학기,3,3,0,전공필수,디지털 하드웨어 설계를 위한 기초 스위칭 이론 및 설계방법 습득,"Logic and Computer Design Fundamentals, 4th Edition, M. Mano and C, Kime, Pearson, 2016",,,,True,True,True,False,False,True,target_department_and_target_course
37062,2022,부산대학교,정보의생명공학대학,정보컴퓨터공학부,컴퓨터및프로그래밍입문,1,1학기,4,4,0,전공기초,"컴퓨터공학에 대한 흥미를 높여 수월한 전공 진입 유도 프로그래밍 개념, 과정, 동작 방식에 대한 전반적 이해도 향상 파이썬(Python) 프로그래밍 실습을 통한 컴퓨팅 사고력 향상","난생처음 파이썬 프로그래밍 / 우재남,최민아 / 한빛아카데미 / 2021 (시험 응시 시 주교재만 지참 가능)",,매주 PLATO에 강의자료 업로드,없음,True,True,False,False,False,True,target_department_and_target_course
37063,2022,부산대학교,정보의생명공학대학,정보컴퓨터공학부,컴퓨터및프로그래밍입문,1,1학기,4,4,0,전공기초,"Python 언어와 window용 PC에 기초한 코딩, 프로그래밍, 및 시스템 설계에 대한 이해","박동규, 강영민, 으뜸 파이썬, 생능출판사, 2020 http://www.yes24.com/Product/Goods/89140722",,매주 강의자료(PPT)를 PLATO를 통해 배포합니다.,선수과목은 필요하지 않습니다. 집에서 사용할 수 있는 개인용 컴퓨터가 있어야 합니다.,True,True,False,False,False,True,target_department_and_target_course
37064,2022,부산대학교,정보의생명공학대학,정보컴퓨터공학부,컴퓨터및프로그래밍입문,1,1학기,4,4,0,전공기초,"Python 언어와 window용 PC에 기초한 코딩, 프로그래밍, 및 시스템 설계에 대한 이해","박동규, 강영민, 으뜸 파이썬, 생능출판사, 2020 http://www.yes24.com/Product/Goods/89140722",,매주 강의자료(PPT)를 PLATO를 통해 배포합니다.,선수과목은 필요하지 않습니다. 집에서 사용할 수 있는 개인용 컴퓨터가 있어야 합니다.,True,True,False,False,False,True,target_department_and_target_course
37065,2022,부산대학교,정보의생명공학대학,정보컴퓨터공학부,컴퓨터및프로그래밍입문,1,1학기,4,4,0,전공기초,"교육목표 1) 컴퓨터공학 및 과학에 대한 흥미를 높여 수월한 전공 진입을 유도함 컴퓨터가 실제적인 문제 해결의 도구로 활용됨을 경험 코딩 작업 과정을 이해 프로그래밍 작업의 이해 자기 주도적 탐구를 위한 기초 소양 함양 2) 기초적인 컴퓨터 구조에 대한 이해 하드웨어에 대한 이해 운영체제에 대한 이해 Window machine에 대한 이해 (매우 매우 중요) 3) 가장 기본적인 윈도우 시스템 구조 및 조작에 대한 이해 DOS 및 DOS 명령 파일 시스템 구조의 이해 (path, working directory) 수행 파일에 대한 이해 4) 프로그래밍 환경에 대한 이해 프로그래밍 언어에 대한 기초적인 이해 프로그래밍 단계 (Editor 시스템 숙지하기) 프로그래밍 관련 자료 사이트 소개 및 탐색방법 online manual 사용법 5) Python 언어를 통한 실제 코딩 화일 입출력 Control 구조 이해하기 비교 반복 문자열 처리 자료구조의 이해 (리스트) 함수(function) 고차함수 근 구하기 뉴턴랩슨 방식 : GUI 설계 맛보기 그래픽스 맛보기",으뜸 파이썬/ 생능출판사 /2020 (중간 기말 시험칠 때 주교재만 지참이 허용됩니다. ) http://www.yes24.com/Product/Goods/89140722,,부교재는 수업 중간에 PDF 로 배포합니다. 주교재(으뜸 파이썬/ 생능출판사 /2020 )는 중간 기말 시험에 가지고 와서 활용할 수 있음. (중간 기말은 인터넷을 끈 상태에서 학과 실습실 PC에서 시행함.),선수과목은 필요하지 않습니다. 그러나 집에서 개인적으로 사용할 수 있는 PC 또는 랩탑(notebook) 컴퓨터가 있어야 합니다.,True,True,False,False,False,True,target_department_and_target_course
37066,2022,부산대학교,정보의생명공학대학,정보컴퓨터공학부,컴퓨터및프로그래밍입문,1,1학기,4,4,0,전공기초,컴퓨터공학 및 과학에 대한 흥미를 높여 수월한 전공 진입을 유도함 기초적인 컴퓨터 및 운영체제 구조에 대한 이해 파이썬 프로그래밍 환경에 대한 이해 Python 언어를 통한 실제 코딩,으뜸 파이썬/ 생능출판사 /2020 (중간 기말 시험칠 때 주교재만 지참이 허용됩니다. ),,강의 자료,선수과목은 필요하지 않습니다. 그러나 집에서 개인적으로 사용할 수 있는 PC 또는 노트북이 있어야 합니다.,True,True,False,False,False,True,target_department_and_target_course
37067,2022,부산대학교,정보의생명공학대학,정보컴퓨터공학부,프로그래밍원리와실습,1,1학기,4,4,0,전공기초,C언어의 개념 파악 및 RobotC 추가 교육 실습을 통한 프로그램 실습 실세계에 응용할 수 있는 방법에 대해 교육,Playing with C 우균 창병모 지음 교보문고,,기타 다른 C 언어 교재,없음,True,True,False,False,False,True,target_department_and_target_course
37068,2022,부산대학교,정보의생명공학대학,정보컴퓨터공학부,프로그래밍원리와실습,1,2학기,4,4,0,전공기초,"본 교과목은 프로그래밍 개발 역량을 배양하기 위해 C 프로그래밍 언어를 이용하여 프로그래밍의 기초, 구조적 프로그래밍 등 프로그래밍 기본 원리와 S/W 개발의 기본 원칙을 학습한다.","모든 강의 자료는 PLATO(http://plato.pusan.ac.kr)를 통해 제공된다. 필수 주교재는 없으나 아래 책을 학습에 활용할 것을 권장한다. “The C Programming Language. 2nd ed.,” Kernighan, Brian, and Dennis Ritchie. Upper Saddle River, NJ: Prentice Hall, 1988. ISBN: 9780131103627. “Playing with C”, 우균 창병모 지음 교보문고",,,"본 교과목에 대한 공식 선수과목은 없다. 그러나 “CB16700:컴퓨터및프로그래밍입문""의 선 이수를 강하게 권고한다",True,True,False,False,False,True,target_department_and_target_course
37069,2022,부산대학교,정보의생명공학대학,정보컴퓨터공학부,프로그래밍원리와실습,1,2학기,4,4,0,전공기초,"본 교과목은 프로그래밍 개발 역량을 배양하기 위해 C 프로그래밍 언어를 이용하여 프로그래밍의 기초, 구조적 프로그래밍 등 프로그래밍 기본 원리와 S/W 개발의 기본 원칙을 학습한다.","모든 강의 자료는 PLATO(http://plato.pusan.ac.kr)를 통해 제공된다. 필수 주교재는 없으나 아래 책을 학습에 활용할 것을 권장한다. “The C Programming Language. 2nd ed.,” Kernighan, Brian, and Dennis Ritchie. Upper Saddle River, NJ: Prentice Hall, 1988. ISBN: 9780131103627. “Playing with C”, 우균 창병모 지음 교보문고",,,"본 교과목에 대한 공식 선수과목은 없다. 그러나 “CB16700:컴퓨터및프로그래밍입문""의 선 이수를 강하게 권고한다",True,True,False,False,False,True,target_department_and_target_course
37070,2022,부산대학교,정보의생명공학대학,정보컴퓨터공학부,프로그래밍원리와실습,1,2학기,4,4,0,전공기초,본 교과목은 C 프로그래밍 언어를 이용하여 학생들이 프로그래밍 기초와 구조적 프로그래밍에 대한 개념과 방법론을 이해 할 수 있도록 훈련 시키는 것을 목적으로 한다.,"모든 강의 자료는 PLATO(http://plato.pusan.ac.kr)를 통해 제공된다. 필수 주교재는 없으나 아래 책을 학습에 활용할 것을 권장한다. “The C Programming Language. 2nd ed.,” Kernighan, Brian, and Dennis Ritchie. Upper Saddle River, NJ: Prentice Hall, 1988. ISBN: 9780131103627. Playing with C”, 우균 창병모 지음 교보문고",,,"본 교과목에 대한 공식 선수과목은 없다. 그러나 “CB16700: 컴퓨터및프로그래밍입문""과 같은 교과목 이수를 통해 수강생 들이 컴퓨터 프로그래밍에 대한 기초 이해를 가지고 있다는 전제 하에 강의가 진행된다.",True,True,False,False,False,True,target_department_and_target_course
37071,2022,부산대학교,정보의생명공학대학,정보컴퓨터공학부,프로그래밍원리와실습,1,2학기,4,4,0,전공기초,본 교과목은 C 프로그래밍 언어를 이용하여 학생들이 프로그래밍 기초와 구조적 프로그래밍에 대한 개념과 방법론을 이해할 수 있도록 훈련 시키는 것을 목적으로 한다.,모든 강의 자료는 PLATO(http://plato.pusan.ac.kr)를 통해 제공된다. 주요 참고교재는 교과목 소개 시간에 안내한다.,,,"본 교과목에 대한 공식 선수과목은 없다. 그러나 “CB16700: 컴퓨터및프로그래밍입문""과 같은 교과목 이수를 통해 수강생들이 컴퓨터 프로그래밍에 대한 기초 이해를 가지고 있다는 전제 하에 강의가 진행된다.",True,True,False,False,False,True,target_department_and_target_course
37072,2022,부산대학교,정보의생명공학대학,정보컴퓨터공학부,프로그래밍원리와실습,1,2학기,4,4,0,전공기초,본 강의에서는 Clanguage로 된 프로그램을 이해할 수 있으며 개발할 수 있는 능력을 기르는 것을 목표로 한다.,"B. W. Kernighan and D. M. Ritchie, The C Programming Language, 2nd Ed., PrenticeHall, 1988.",,,,True,True,False,False,False,True,target_department_and_target_course
37073,2022,부산대학교,정보의생명공학대학,정보컴퓨터공학부,프로그래밍원리와실습,1,2학기,4,4,0,전공기초,본 교과목은 C 프로그래밍 언어를 이용하여 학생들이 프로그래밍 기초와 구조적 프로그래밍에 대한 개념과 방법론을 이애할 수 있도록 훈련 시키는 것을 목표로 한다.,없음. 모든 강의 자료는 PLATP(http://plato.pusan.ac.kr)를 통해 제공된다.,,"아래의 도서를 학습에 활용할 것을 권장한다. ""The C Programming Language"", 2nd ed, Brian W. Kernighan, Dennis M. Ritchie, Prentice Hall, 1988. ""Playing with C"", 우균, 창병모","본 교과목에 대한 공식 선수과목은 없다. 단, ""CB16700: 컴퓨터프로그래밍입문""과 같은 교과목 이수를 통해 수강생들이 컴퓨터 프로그래밍에 대한 기초 이해를 가지고 있다는 전제 하에 강의가 진행된다.",True,True,False,False,False,True,target_department_and_target_course
37083,2022,부산대학교,정보의생명공학대학,정보컴퓨터공학부,자료구조,2,2학기,3,3,0,전공필수,이 과목은 프로그래밍으로 문제해결 할 때 필요한 논리력과 그것을 표현할 적절한 자료 구조를 학습한다. 또한 문제해결을 위한 전통적인 알고리즘을 통해 체계적 사고 방법을 익히고 나아가 주어진 문제해결을 위해 설계하는 방법을 학습한다.,"M.T.Goodrich et. al., Data Structures and Algorithms in C++, 2nd Ed, John Wiley&Sons, Inc., 2011",,"Horowitz et. al, Fundamentals of DATA STRUCTURE in C++, Computer Sci. Press, 2001",C or C++,True,True,False,False,False,True,target_department_and_target_course
37084,2022,부산대학교,정보의생명공학대학,정보컴퓨터공학부,자료구조,2,2학기,3,3,0,전공필수,1. 실제 현장에서 일어나는 문제를 형식화하여 프로그램을 통하여 해결하는 능력 2. 해당 문제를 프로그래밍할 때 가장 유용한 자료구조의 설계 3. 어떤 문제해결을 위한 다양한 자료구조의 성능을 평가할 수 있는 능력 4. C++에서 제공하는 STL(14 version)의 이해와 실전 활용 5. 입사를 위한 coding test를 중급이상으로 통과할 수 있는 실전 능력 Competitive Coding 실력 배양,[1] 수업에 사용하는 교재는 handout 형태로 나누어 줄 예정입니다. STL에 관련된 모든 교재 Data Structure with Algorithmic Thinking with Python Data Structures and Algorithms in C++ (Tamssia and D. Mount),,[1] 수업에 사용하는 교재는 handout 형태로 나누어 줄 예정입니다. STL에 관련된 모든 교재 Data Structure with Algorithmic Thinking with Python 아래 강의록 일부분을 확인하기 바랍니다.,C 프로그래밍 C++ 프로그래밍 (기초 정도) 아주 잘 할 필요는 없지만 아래 사항은 알고 있어야 합니다. 기본적인 stream io 함수 작성 및 parameter passing 기초 디버깅 수행시간 측정 간단한 class 만들기 template code 만들기,True,True,False,False,False,True,target_department_and_target_course
37085,2022,부산대학교,정보의생명공학대학,정보컴퓨터공학부,자료구조,2,2학기,3,3,0,전공필수,"자료구조 설계 구현 능력, C/C++ 소스코드 개발 능력","자료구조 프로그래밍, 홍봉희편저, 2022, 부산대학교 출판문화원",,"SW 코딩 역량을 위한 C++ 프로그래밍, 홍봉희, 정익사","C/C++ 프로그래밍, 이산수학",True,True,False,False,False,True,target_department_and_target_course
37086,2022,부산대학교,정보의생명공학대학,정보컴퓨터공학부,자료구조,2,2학기,3,3,0,전공필수,"본 과목을 통해 자료구조와 알고리즘을 이용한 문제 해결 능력을 기른다. 특히 다양한 자료구조에 대한 이론적인 이해와 실전 문제 적용을 중심으로 강의가 진행되며, 이를 통해 문제 분석 및 해결 방법 설계 능력의 발전을 도모한다.","Data Structures and Algorithms in C++, 2nd Edition Michael T. Goodrich, Roberto Tamassia, David M. Mount John Wiley & Sons, 2011 ISBN: 9780470383278",,,C++,True,True,False,False,False,True,target_department_and_target_course
37087,2022,부산대학교,정보의생명공학대학,정보컴퓨터공학부,자료구조,2,2학기,3,3,0,전공필수,이 과목은 프로그래밍으로 문제해결 할 때 필요한 논리력과 그것을 표현할 적절한 자료 구조를 학습한다. 또한 문제해결을 위한 전통적인 알고리즘을 통해 체계적 사고 방법을 익히고 나아가 주어진 문제해결을 위해 설계하는 방법을 학습한다.,"M.T.Goodrich et. al., Data Structures and Algorithms in C++, 2nd Ed, John Wiley&Sons, Inc., 2011",,"Horowitz et. al, Fundamentals of DATA STRUCTURE in C++, Computer Sci. Press, 2001",C or C++,True,True,False,False,False,True,target_department_and_target_course
37090,2022,부산대학교,정보의생명공학대학,정보컴퓨터공학부,컴퓨터알고리즘,3,1학기,3,3,0,전공필수,This course learns fundamentals and systematic skills for designing computer algorithms to solve realworld problems.,Foundations of Algorithms (4th edition) written by Richard Neapolitan and Kumarss Naimipour,,,Data structure,True,True,False,True,False,True,target_department_and_target_course
37091,2022,부산대학교,정보의생명공학대학,정보컴퓨터공학부,컴퓨터알고리즘,3,1학기,3,3,0,전공필수,"이론 전산학(theoretical computer science)의 기초개념 이해 막프로그래밍과 알고리즘 설계가 동반된 프로그래밍의 차이점 이해하기 자료구조와 프로그램 성능의 차이 이해하기 컴퓨터 공학에서 왜 알고리즘이 가장 중요한 개념인가를 실제 프로그래밍으로 체험하기 이론적 분석의 의미와 그 실용성 체험하기 이론 전산학(theoretical computer science)의 기초개념 이해 막프로그래밍과 알고리즘 설계가 동반된 프로그래밍의 차이점 이해하기 자료구조와 프로그램 성능의 차이 이해하기 컴퓨터 공학에서 왜 알고리즘이 가장 중요한 개념인가를 실제 프로그래밍으로 체험하기 이론적 분석의 의미와 그 실용성 체험하기 삼성에서도 최근 알고리즘의 중요성을 인식해서 삼성 SW직군 중에 알고리즘 이해도를 평가해서 진급에 적용한다고 합니다. 이와 같이 알고리즘은 단순히 소프트웨어 설계 및 구현 이상의 창의적인 가치를 포함하고 있는 매우 중요한 과목이며, 그 중요성을 갈수록 올라가고 있습니다. 컴퓨터 비전공자 중에서도 프로그램을 잘 하는 사람이 있지만 그들과 전공자와의 가장 큰 차이는 <알고리즘>과 같은 전산과학적 background 입니다. 동시에 국내 대기업에서는 2015년 이후부터 입사시험에서 문제해결기법, 자료구조, 알고리즘 프로그래밍 능력을 직접 test해 본다고 합니다. 따라서 본 과목은 이런 과정을 위한 학생들에게 적합한 과목이 될 것입니다. 다양한 알고리즘 실계 방법론의 이해 효율적인 프로그램 설계 그 목표를 위한 효율적인 자료구조의 설계 구현한 자료구조 및 그 지원 알고리즘의 성능평가 Efficient Programming 연습 및 수행된 프로그램의 알고리즘 분석 예를 들어 주어진 과제에 대하여 다음과 같은 경쟁을 하는 것에 부담이 없어야 한다. 가장 빠른 프로그램( in term of execution time) 가장 짧은 프로그램( in terms of source code lines) 이 과목을 수강하는 학생은 반드시 국제대학생 프로그래밍 대회( ICPC 2013)의 지역예선 즉 부산대학교 예선에 참가해야 합니다. 이것은 수강의 기본조건 입니다. 단 참여할 팀에 다른 학과 또는 알고리즘 이 분반 수강생 이외의 학생과 같이 참여해도 됩니다. 특히 이 분반을 수강하는 학생은 반드시 3인 1조로 ICPC 대회에 참가해야만 한다. 이것은 requirement이고 그렇지 못한 경우에는 과제 하나를 Missing한 것으로 간주한다. (작년 2021년에 사용한 알고리즘 프로그래밍 과제가 첨부화일에 있습니다. 참고해서 이 정도 프로그래밍을 할 수 있는지 감을 잡아 보시기 바랍니다. ) Preliminary for Algorithm Theory + Ethics for Engineering Measure for Algorithm Performance Time and Space complexity Analysis Divide and Conquer Method(1) Divide and Conquer Method(2) Greedy Method and Optimality(1) Real Application and Greedy Method Dynamic Programming Model + Mid Exam Application of Dynamic Programming Iterative Methodology: Backtracking(1) Iterative Methodology: Branch and Bound (1) Iterative Methodology: Branch and Bound (2) Graph Algorithm Basic Computational Geometry and real application for real world problems Theoretical Computation Theory NPcompleteness Heuristics","강의식으로 진행합니다. 프로그래밍 과제물이 10개 이상 주어질 예정입니다. 만일 C++, Python, JAVA를 기반으로 프로그래밍이 힘들다면 수강을 권하지 않습니다. 학기말에 실습실에서 부분적인 실습이 같이 진행될 예정입니다.",,"기본 강의자료는 Hwp hand out으로 수업 전에 NESPA 사이트를 통해서 제공합니다. 참고로 사용하는 교재는 <알고리즘 기초 5판 (홍릉과학출판사)>, 도경구 번역 수업시 handout은 교수가 강의 사이트에 매주 올립니다. 아래 첨부화일은 작년에 사용한 프로그래밍 과제물 일부입니다. 만일 이 정도 프로그래밍을 할 수 없는 학생이라면 수강을 권하지 않습니다.",이산수학(discrete Mathematics) 자료구조(필수적으로 수강) C/C++ 프로그래밍 중급이상 Python으로 과제물 작성도 가능하지만 어떤 과제물은 반드시 C/C++로만 제출해야 합니다.,True,True,False,True,False,True,target_department_and_target_course
37092,2022,부산대학교,정보의생명공학대학,정보컴퓨터공학부,컴퓨터알고리즘,3,1학기,3,3,0,전공필수,"To provide a solid foundation in algorithm design and analysis. Specifically, the student learning outcomes include: Ability to understand and design algorithms using greedy strategy, divide and conquer approach, dynamic programming, and max flow min cut theory. Ability to analyze asymptotic runtime complexity of algorithms including formulating recurrence relations. Basic knowledge of computational complexity","Richard Neapolitan and Kumarss Naimipour, Foundations of Algorithms, 4th Ed., Jones & Bartlett, 2011.",,"도경구 역, 알고리즘 기초, 홍릉출판사, 2014(번역서)",data structure and programming,True,True,False,True,False,True,target_department_and_target_course
37093,2022,부산대학교,정보의생명공학대학,정보컴퓨터공학부,이산수학(II),2,2학기,3,3,0,전공필수,"이산 물체 및 데이터 관련 문제에 적용이 가능한 주요 모델링 기법, 그래프 이론, 정수론 및 대수학, 오토마타 이론 등을 컴퓨터공학 전공 문제와 연계시켜 다룬다. 특히 정의와 정리에 기반하여 논리적인 사고를 할 수 있는 능력을 키우는 것을 주요 목표로 한다.","Discrete and Combinatorial Mathematics (5th Ed.), R.P. Grimaldi, Pearson Education Limited, 2014",,Lecture Notes at the PLATO system,없음,True,False,True,False,False,True,target_department_and_foundational_course
37094,2022,부산대학교,정보의생명공학대학,정보컴퓨터공학부,이산수학(II),2,2학기,3,3,0,전공필수,"1. Understanding the basics on number theory 2. Understanding the basics on Automata theory 3. Understanding the basics on graph theory 4. Understanding the number theory with applications(cryptography) 5. Understading the graph theory & automata with applications(computer arch. blockchain, etc.)","Discrete and combinatorial mathematics (5th Edition) by R.P.Grimaldi, 2004",,Handbout 자료 제공,없음,True,False,True,False,False,True,target_department_and_foundational_course
37095,2022,부산대학교,정보의생명공학대학,정보컴퓨터공학부,이산수학(II),2,2학기,3,3,0,전공필수,"이산 물체 및 데이터 관련 문제에 적용이 가능한 주요 모델링 기법, 그래프 이론, 정수론 및 대수학, 오토마타 이론 등을 컴퓨터공학 전공 문제와 연계시켜 다룬다. 특히 정의와 정리에 기반하여 논리적인 사고를 할 수 있는 능력을 키우는 것을 주요 목표로 한다.","Discrete and Combinatorial Mathematics (5th Ed.), R.P. Grimaldi, Pearson Education Limited, 2014",,Lecture Notes at the PLATO system,없음,True,False,True,False,False,True,target_department_and_foundational_course
37096,2022,부산대학교,정보의생명공학대학,정보컴퓨터공학부,인공지능,3,2학기,3,3,0,전공선택,탐색기반 문제해결 기본 개념을 이해하고 실제 문제에 적용 실생활 문제를 공식화하는 능력을 함양하고 이를 논리적 수학적 추론 방법으로 해결 다양한 학습 알고리즘을 공부하고 이를 실생활 문제에 적용,"Artificial Intelligence: A Modern Approach, 3rd ed. Stuart Russell and Peter Norvig Prentice Hall, 2009",,,,True,True,False,True,False,True,target_department_and_target_course
37097,2022,부산대학교,정보의생명공학대학,정보컴퓨터공학부,인공지능,3,2학기,3,3,0,전공선택,1. 문제해결의 개념을 이해하고 실제로 응용할 수 있다 (Understand the concept of solving problems and apply for practical problems). 2. 실세계 문제들을 정형화하고 논리적 혹은 수학적 추론 기법을 적용하여 해결할 수 있다 (Formulize realworld problems and solve them using logical and mathematical reasoning). 3. 학습 알고리즘들을 이해하고 이를 실제 문제에 적용할 수 있다 (Understand learning algorithms and apply this for practical problems).,"Stuart Russell and Peter Norvig, Artificial Intelligence: A Modern Approach, 3rd ed. Prentice Hall, 2010.",,,"자료구조 (Data structure), 확룔통계 (Probabilities and Statistics)",True,True,False,True,False,True,target_department_and_target_course
37102,2022,부산대학교,정보의생명공학대학,정보컴퓨터공학부,데이터통신,3,1학기,3,3,0,전공선택,1) 데이터통신 기본 기술 요소의 목적과 원리를 이해한다 2) 데이터통신 기술 요소를 확률 등의 이론 도구를 이용하여 그 성능과 특성을 평가할 수 있는 능력을 갖춘다 3) 데이터통신 기술 요소를 Python 등의 실습 도구를 이용하여 그 성능과 특성을 분석할 수 있는 능력을 갖춘다 4) 기본적인 형식 및 내용 요건을 충족시키는 기술 보고서를 작성하는 능력을 갖춘다,"W. Stallings, Data and Computer Communications, PrenticeHall",,,해당 사항 없음,True,True,False,False,False,True,target_department_and_target_course
37103,2022,부산대학교,정보의생명공학대학,정보컴퓨터공학부,데이터통신,3,1학기,3,3,0,전공선택,데이터 통신의 원리를 익히고 이것의 응용능력을 개발한다.,"Behrouz A. Forouzan, Data Communications and Networking with TCP/IP Protocol Suite(6E), McGraw Hill, 2022",,"W. Stallings, Data and Computer Communications(10E), Prentice Hall, 2014",해당사항 없음,True,True,False,False,False,True,target_department_and_target_course
37104,2022,부산대학교,정보의생명공학대학,정보컴퓨터공학부,데이터베이스,3,2학기,3,3,0,전공선택,본강의의목적은정보모델링방법과데이터베이스설계및관리개념과방법론을학습하는것이다.,"A First course in Database Systems,Jeffrey D.Ullman and Jennifer Widom,3rd ed. Pearson International Edition",,"데이터베이스시스템개론,JeffreyD.UllmanandJenniferWidom저,김명호,이윤준,유재수역,도서출판그린(2판)",,True,True,False,True,False,True,target_department_and_target_course
37105,2022,부산대학교,정보의생명공학대학,정보컴퓨터공학부,데이터베이스,3,2학기,3,3,0,전공선택,본강의의목적은정보모델링방법과데이터베이스설계및관리개념과방법론을학습하는것이다.,"A First course in Database Systems,Jeffrey D.Ullman and Jennifer Widom,3rd ed. Pearson International Edition",,"데이터베이스시스템개론,JeffreyD.UllmanandJenniferWidom저,김명호,이윤준,유재수역,도서출판그린(2판)",,True,True,False,True,False,True,target_department_and_target_course
37106,2022,부산대학교,정보의생명공학대학,정보컴퓨터공학부,데이터베이스,3,2학기,3,3,0,전공선택,"DB 모델링, DB 설계, SQL 프로그래밍, MySQL Workbench, DB연동 프로그래밍","데이터베이스 SQL 프로그래밍(MySQL 실습), 홍봉희편저, 부산대학교 출판문화원, 2022",,,"자료구조, 파일구조",True,True,False,True,False,True,target_department_and_target_course
37107,2022,부산대학교,정보의생명공학대학,정보컴퓨터공학부,임베디드시스템,3,2학기,3,3,0,전공선택,"Study general architectures of embedded systems, Study structure and instruction set of ARM architecture, Study ARM assembler language, Study ARM processor and CPU cores, Study RTOS and programming","1. ARM System on chip Architecture (2nd Ed.), Steve Furber, Addison Wesley 2. μC/OSIII, The RealTime Kernel For the STM32 ARM CortexM3, Jean J. Labrosse, https://micrium.atlassian.net/wiki/spaces/osiiidoc/overview (Free PDF)",,,,True,True,False,False,False,True,target_department_and_target_course
37108,2022,부산대학교,정보의생명공학대학,정보컴퓨터공학부,확률통계,1,2학기,3,3,0,전공기초,"수학 및 기초공학에 대한 지식을 이해하고, 이를 공학적 문제에 응용할 수 있는 능력 개발 컴퓨터공학 핵심지식을 이해하고, 실세계 컴퓨터공학 문제들의 자료를 분석하여 평가할 수 있는 능력 배양 컴퓨터시스템을 설계할 수 있는 능력과, 도구 및 프로그래밍 언어를 활용하여 실세계에 존재하는 공학적 문제들을 해결할 수 있는 능력 배양 자신의 생각을 효율적으로 전달하고 동료들과 협업을 할 수 있으며, 경영마인드를 갖춘 국제적 리더쉽 배양","핵심 확률 및 통계학 (청문각, 로널드 월폴, 레이먼드 마이어스, 새런 마이어스, 키잉 예 지음; 김봉선, 유영관, 박종천, 이상호 옮김)",,,수학 (미적분 포함),True,False,True,False,False,True,target_department_and_foundational_course
37109,2022,부산대학교,정보의생명공학대학,정보컴퓨터공학부,확률통계,1,2학기,3,3,0,전공기초,확률 이론 기초에 대한 이해 공학 문제 분석을 위한 확률 모형 적용 능력 함양 Python/R과 같은 컴퓨터 S/W를 이용한 확률 문제 해결 능력 함양 요건을 만족하는 기술문서 작성 능력 함양,"다음 3가지 교재 중 하나로 분반 담당 교수가 지정 Probability and Random Processes with Application to Signal Processing and Communications, S. Miller, Elsevier Introduction to Probability Models, 11th edition, Sheldon Ross Introduction to Probability, 2nd Ed. Dimitri P. Bertsekas and John N. Tsitsiklis,",,,,True,False,True,False,False,True,target_department_and_foundational_course
37110,2022,부산대학교,정보의생명공학대학,정보컴퓨터공학부,확률통계,1,2학기,3,3,0,전공기초,"다양한 형태의 데이터 분석에 필요한 확률, 통계적인 기초적인 지식을 이해하여 그 응용력을 키운다.","Introdcution to Probability Models, 11th edition written by Sheldon Ross",,,,True,False,True,False,False,True,target_department_and_foundational_course
37111,2022,부산대학교,정보의생명공학대학,정보컴퓨터공학부,운영체제,3,1학기,3,3,0,전공필수,운영체제를 구성하는 기본 개념을 이해하고 이를 구현하기 위한 각 구성요소의 동작 원리를 이해한다. 운영체제 전반에 대한 이해를 바탕으로 시스템에 최적화된 소프트웨어를 개발할 수 있는 능력을 배양한다. 운영체제의 각 구성 요소를 구현하는 프로젝트를 통해 시스템프로그래밍 능력을 향상시킨다.,"Remzi H. ArpaciDusseau and Andrea C. ArpaciDusseau, ""Operating Systems: Three Easy Pieces"" https://pages.cs.wisc.edu/~remzi/OSTEP/",,"Operating System Concepts, 9th Edition, by Avi Silberschatz, Peter Baer Galvin and Greg Gagne, John Wiley & Sons, Inc., 2012 Operating Systems, Internals and Design Principles, 7th edition, William Stallings, Pearson International Edition, 2009",C Programing language Data structure Basic knowledge on Unix/Linux systems,True,True,False,True,False,True,target_department_and_target_course
37112,2022,부산대학교,정보의생명공학대학,정보컴퓨터공학부,운영체제,3,1학기,3,3,0,전공필수,"운영체제의 개념과 발전과정, 구성요소 및 동작 원리 이해 프로세스 개념 및 관리, 스케줄링, 동기화 학습 병행 프로그래밍, 교착상태, 주기억장치/보조기억장치, 파일시스템 이해 시스템에 최적화된 소프트웨어 개발 능력 배양","Operating System Concepts 10th Edition / A. Silberschatz, P.B. Galvin, G. Gagne / John Wiley & Sons / 2018",,매주 PLATO에 강의자료 업로드,C Programing language Data structure Basic knowledge on Unix/Linux systems,True,True,False,True,False,True,target_department_and_target_course
37113,2022,부산대학교,정보의생명공학대학,정보컴퓨터공학부,운영체제,3,1학기,3,3,0,전공필수,"With this course, students can understand the basics on OS and the structure of the OS. Also, student can learn the details of the OS through using and analyzing the Linux OS.","OS concepts, 9th edition by Avi silberschatz Operating System, three easy pieces by Remzi, et. al.",,"OS related materials, etc. Linux OS materials, etc.",C programming skill,True,True,False,True,False,True,target_department_and_target_course
37114,2022,부산대학교,정보의생명공학대학,정보컴퓨터공학부,소프트웨어공학,3,2학기,3,3,0,전공필수,"본 과목은 대규모 고품질 소프트웨어를 개발하기 위한 다양한 기술을 익히는 것을 목표로 한다. 특히 메트릭, 정적 분석, 동적 테스팅 등의 주제에 대해서는 오픈소스 도구를 소개하며 오픈소스 도구를 활동한 과제를 수행한다.",,,,,True,True,False,False,False,True,target_department_and_target_course
37115,2022,부산대학교,정보의생명공학대학,정보컴퓨터공학부,소프트웨어공학,3,2학기,3,3,0,전공필수,"본 과목은 대규모 고품질 소프트웨어를 개발하기 위한 다양한 기술을 익히는 것을 목표로 한다. 특히 메트릭, 정적 분석, 동적 테스팅 등의 주제에 대해서는 오픈소스 도구를 소개하며 오픈소스 도구를 활동한 과제를 수행한다.",,,,,True,True,False,False,False,True,target_department_and_target_course
37116,2022,부산대학교,정보의생명공학대학,정보컴퓨터공학부,소프트웨어공학,3,2학기,3,3,0,전공필수,"본 과목은 대규모 고품질 소프트웨어를 개발하기 위한 다양한 기술을 익히는 것을 목표로 한다. 특히 메트릭, 정적 분석, 동적 테스팅 등의 주제에 대해서는 오픈소스 도구를 소개하며 오픈소스 도구를 활동한 과제를 수행한다.",,,,,True,True,False,False,False,True,target_department_and_target_course
37117,2022,부산대학교,정보의생명공학대학,정보컴퓨터공학부,컴퓨터구조,3,1학기,3,3,0,전공필수,본 과목에서는 디지탈 컴퓨터 시스템의 구조 및 설계에 관한 기본적인 지식을 습득함을 목표로 한다.,"Computer Organization and Architecture,10thEdition,W.Stallings,Prentice Hall,2 016",,,,True,True,False,True,False,True,target_department_and_target_course
37118,2022,부산대학교,정보의생명공학대학,정보컴퓨터공학부,컴퓨터구조,3,1학기,3,3,0,전공필수,"컴퓨터 시스템의 구조 및 설계에 관한 기본적인 지식 습득 프로세서의 주요 구성요소와 동작 방식 학습 메모리 계층, 입출력장치, 시스템 버스와 관련된 지식 습득",Computer Organization and Architecture 10th Edition / W. Stallings / Prentice Hall / 2016,,매주 PLATO에 강의자료 업로드,C Programing language Data structure,True,True,False,True,False,True,target_department_and_target_course
37119,2022,부산대학교,정보의생명공학대학,정보컴퓨터공학부,컴퓨터구조,3,1학기,3,3,0,전공필수,"Study basic knowledge about computer systems in general including CPU, memory system, I/O device, and bus. Study cache, internal & external memory, interconnection mechanism, computer arithmetic and CPU structure. Also study RISC based CPU structure and control units of RISC and CISC systems.'","Computer Organization and Architecture, 10th Edition, W. Stallings, Prentice Hall, 2016",,"컴퓨터구조 관련 자료. 온라인 materials 활용 등 RISCV processor architecture, etc.",,True,True,False,True,False,True,target_department_and_target_course
37120,2022,부산대학교,정보의생명공학대학,정보컴퓨터공학부,컴퓨터네트워크,3,2학기,3,3,0,전공선택,,,,,,True,True,False,False,False,True,target_department_and_target_course
37121,2022,부산대학교,정보의생명공학대학,정보컴퓨터공학부,컴퓨터네트워크,3,2학기,3,3,0,전공선택,컴퓨터 네트워크 기초 및 현대 컴퓨터 네트워킹에 대한 이해 증진,Computer Networking: A TopDown Approach 8th Edition / J.F. Kurose and K.W. Ross / Pearson / 2022 컴퓨터 네트워킹: 하향식 접근 (제8판) / J.F. Kurose and K.W. Ross / 퍼스트북 / 2022,,매주 PLATO에 강의자료 업로드,,True,True,False,False,False,True,target_department_and_target_course
37122,2022,부산대학교,정보의생명공학대학,정보컴퓨터공학부,논리회로설계및실험,2,2학기,2,0,4,전공필수,1. Study on design and analysis of digital system 2. Study on design method of logic circuit using design tools 3. Study on verification method of logic circuit using simulation,"양세양외 3인 Flowrican을 이용한 논리회로도 설계 및 검증실험, 브레인코리아",,,논리설계,True,True,True,False,False,True,target_department_and_target_course
37123,2022,부산대학교,정보의생명공학대학,정보컴퓨터공학부,논리회로설계및실험,2,2학기,2,0,4,전공필수,Study on design and analysis of digital system Study on design method of logic circuit using design tools Study on verification method of logic circuit using simulation,"양세양외 3인 Flowrian을 이용한 논리회로도 설계 및 검증실험, 브레인코리아",,"강병익, 양세양, 디지털 논리실험, 한성출판사, 2000",Nothing,True,True,True,False,False,True,target_department_and_target_course
37124,2022,부산대학교,정보의생명공학대학,정보컴퓨터공학부,논리회로설계및실험,2,2학기,2,0,4,전공필수,Study on design and analysis of digital system Study on design method of logic circuit using design tools Study on verification method of logic circuit using simulation,"양세양외 3인 Flowrian을 이용한 논리회로도 설계 및 검증실험, 브레인코리아",,"강병익, 양세양, 디지털 논리실험, 한성출판사, 2000",Nothing,True,True,True,False,False,True,target_department_and_target_course
37125,2022,부산대학교,정보의생명공학대학,정보컴퓨터공학부,논리회로설계및실험,2,2학기,2,0,4,전공필수,1. Study on design and analysis of digital system 2. Study on design method of logic circuit using design tools 3. Study on verification method of logic circuit using simulation,"양세양외 3인 Flowrican을 이용한 논리회로도 설계 및 검증실험, 브레인코리아",,,논리설계,True,True,True,False,False,True,target_department_and_target_course
37126,2022,부산대학교,정보의생명공학대학,정보컴퓨터공학부,유닉스응용프로그래밍,3,1학기,3,3,0,전공선택,,,,,,True,True,False,False,False,True,target_department_and_target_course
37127,2022,부산대학교,정보의생명공학대학,정보컴퓨터공학부,소프트웨어설계및실험,3,1학기,2,0,4,전공필수,"1. 모바일 프로그래밍을 통한 일상생활 속 문제 해결 능력 향상 2 .안드로이드 개발플랫폼을 활용한 다양한 모바일 응용프로그램 개발 기초 능력 향상 3. 기초, 응용, 심화 단계별 실습 프로그램을 통한 모바일 응용프로그래밍 개발 능력 향상 4. 모바일 프로그래밍을 통한 문제 해결 능력 향상","강성윤, ""Do it! 깡샘의 안드로이드 앱 프로그래밍 wit h코틀린"", 이지스퍼블리싱(주), 2021 우재남, 유혜림, ""코틀린을 활용한 안드로이드 프로그래밍"", 한빛아카데미, 2020 임태규, ""텐서플로 라이트를 활용한 안드로이드 딥러닝"", 한빛미디어, 2021",,https://developer.android.com/,객체지향프로그래밍 혹은 자바프로그래밍,True,False,True,False,False,True,target_department_and_foundational_course
37128,2022,부산대학교,정보의생명공학대학,정보컴퓨터공학부,소프트웨어설계및실험,3,1학기,2,0,4,전공필수,"1. 모바일 프로그래밍을 통한 일상생활 속 문제 해결 능력 향상 2. 안드로이드 개발플랫폼을 활용한 다양한 모바일 응용프로그램 개발 기초 능력 향상 3. 기초, 응용, 심화 단계별 실습 프로그램을 통한 모바일 응용프로그래밍 개발 능력 향상 4. 모바일 프로그래밍을 통한 문제 해결 능력 향상","강성윤, ""Do it! 깡샘의 안드로이드 앱 프로그래밍 with 코틀린"", 이지스퍼블리싱(주), 2021 우재남 유혜림, ""코틀린을 활용한 안드로이드 프로그래밍"", 한빛아카데미, 2020 임태규, ""텐서플로 라이트를 활용한 안드로이드 딥러닝"", 한빛미디어, 2021",,https://developer.android.com/,객체지향프로그래밍 혹은 자바프로그래밍,True,False,True,False,False,True,target_department_and_foundational_course
37129,2022,부산대학교,정보의생명공학대학,정보컴퓨터공학부,소프트웨어설계및실험,3,1학기,2,0,4,전공필수,"1. 모바일 프로그래밍을 통한 일상생활 속 문제 해결 능력 향상 2. 안드로이드 개발플랫폼을 활용한 다양한 모바일 응용프로그램 개발 기초 능력 향상 3. 기초, 응용, 심화 단계별 실습 프로그램을 통한 모바일 응용프로그래밍 개발 능력 향상 4. 모바일 프로그래밍을 통한 문제 해결 능력 향상","강성윤, ""Do it! 깡샘의 안드로이드 앱 프로그래밍 with 코틀린"", 이지스퍼블리싱(주), 2021 우재남 유혜림, ""코틀린을 활용한 안드로이드 프로그래밍"", 한빛아카데미, 2020 임태규, ""텐서플로 라이트를 활용한 안드로이드 딥러닝"", 한빛미디어, 2021",,https://developer.android.com/,객체지향프로그래밍 혹은 자바프로그래밍,True,False,True,False,False,True,target_department_and_foundational_course
37130,2022,부산대학교,정보의생명공학대학,정보컴퓨터공학부,소프트웨어설계및실험,3,1학기,2,0,4,전공필수,"1. 모바일 프로그래밍을 통한 일상생활 속 문제 해결 능력 향상 2. 안드로이드 개발플랫폼을 활용한 다양한 모바일 응용프로그램 개발 기초 능력 향상 3. 기초, 응용, 심화 단계별 실습 프로그램을 통한 모바일 응용프로그래밍 개발 능력 향상 4. 모바일 프로그래밍을 통한 문제 해결 능력 향상","강성윤, ""Do it! 깡샘의 안드로이드 앱 프로그래밍 with 코틀린"", 이지스퍼블리싱(주), 2021 우재남 유혜림, ""코틀린을 활용한 안드로이드 프로그래밍"", 한빛아카데미, 2020 임태규, ""텐서플로 라이트를 활용한 안드로이드 딥러닝"", 한빛미디어, 2021",,https://developer.android.com/,객체지향프로그래밍 혹은 자바프로그래밍,True,False,True,False,False,True,target_department_and_foundational_course
37131,2022,부산대학교,정보의생명공학대학,정보컴퓨터공학부,웹응용프로그래밍,2,2학기,3,3,0,전공선택,"1. Teaching about ability to develop Internet application programs 2. The course covers programming languages like HTML5.0, XML, CSS, JavaScript, PHP, JSON 3. Learn to analyze the requirement of real problems related to Internet applications and to implement ideas by clientserver model 4. Understanding platforms to develop internet applications 5. Improvement of communication and cowork skill within a team","Internet & World Wide Web how to program(5th), Deitel et al. Pearson Education Inc",,인터넷에서 접근 가능한 이 강의에서 소개하는 프로그래밍 언어 메뉴얼,인터넷과 웹기초(11) 과목 이수 프로그램에 대한 기본 지식(최소한 한 개 프로그래밍 언어에 대해 익숙할 것) 인터넷 응용 프로그램을 활용해본 경험,True,True,False,False,False,True,target_department_and_target_course
37132,2022,부산대학교,정보의생명공학대학,정보컴퓨터공학부,웹응용프로그래밍,2,2학기,3,3,0,전공선택,"1. Teaching about ability to develop Internet application programs 2. The course covers programming languages like HTML5.0, XML, CSS, JavaScript, PHP, JSON 3. Learn to analyze the requirement of real problems related to Internet applications and to implement ideas by clientserver model 4. Understanding platforms to develop internet applications 5. Improvement of communication and cowork skill within a team","Internet & World Wide Web how to program(5th), Deitel et al. Pearson Education Inc",,인터넷에서 접근 가능한 이 강의에서 소개하는 프로그래밍 언어 메뉴얼,인터넷과 웹기초(11) 과목 이수 프로그램에 대한 기본 지식(최소한 한 개 프로그래밍 언어에 대해 익숙할 것) 인터넷 응용 프로그램을 활용해본 경험,True,True,False,False,False,True,target_department_and_target_course
37133,2022,부산대학교,정보의생명공학대학,정보컴퓨터공학부,웹응용프로그래밍,2,2학기,3,3,0,전공선택,"1. Understanding frontend web development techniques. (HTML, CSS, JavaScript, etc.) 2. Understanding backend web development techniques (Webserver, DabaBase, PHP, XML/JSON, etc.)","Fundamentals of web development (1st/global edition), Randy Connolly and Ricardo Hoar, Pearson",,"Internet & World Wide Web how to program(5th), Deitel et al. Pearson Education Inc. W3schools.com",인터넷과 웹기초 과목 이수 혹은 HTML/CSS/JAVASCRIPT와 관련된 기본적인 지식,True,True,False,False,False,True,target_department_and_target_course
37134,2022,부산대학교,정보의생명공학대학,정보컴퓨터공학부,플랫폼기반프로그래밍,2,2학기,3,3,0,전공선택,,,,,,True,True,False,False,False,True,target_department_and_target_course
37135,2022,부산대학교,정보의생명공학대학,정보컴퓨터공학부,플랫폼기반프로그래밍,2,2학기,3,3,0,전공선택,"본 과목은 Java 언어를 이용한 기본적인 객체지향 프로그래밍을 학습하고 이를 활용하여 GUI, Database, Network 등 응용 프로그래밍 기술을 익히는 것을 목표로 한다.",,,,C++ Programming,True,True,False,False,False,True,target_department_and_target_course
37136,2022,부산대학교,정보의생명공학대학,정보컴퓨터공학부,플랫폼기반프로그래밍,2,2학기,3,3,0,전공선택,"본 과목은 Java 언어를 이용한 기본적인 객체지향 프로그래밍을 학습하고 이를 활용하여 GUI, Database, Network 등 응용 프로그래밍 기술을 익히는 것을 목표로 한다.",,,,C++ Programming,True,True,False,False,False,True,target_department_and_target_course
37137,2022,부산대학교,정보의생명공학대학,정보컴퓨터공학부,플랫폼기반프로그래밍,2,2학기,3,3,0,전공선택,"본 과목은 Java 언어를 이용한 기본적인 객체지향 프로그래밍을 학습하고 이를 활용하여 GUI, Database, Network 등 응용 프로그래밍 기술을 익히는 것을 목표로 한다.",,,,C++ Programming,True,True,False,False,False,True,target_department_and_target_course
37138,2022,부산대학교,정보의생명공학대학,정보컴퓨터공학부,임베디드시스템설계및실험,3,2학기,2,0,4,전공필수,Study ARM based embedded system and learn about HW & SW implementation technology,Weekly experimentation manual & design project guide,,,,True,True,True,False,False,True,target_department_and_target_course
37139,2022,부산대학교,정보의생명공학대학,정보컴퓨터공학부,임베디드시스템설계및실험,3,2학기,2,0,4,전공필수,Study ARM based embedded system and learn about HW & SW implementation technology,Weekly experimentation manual & design project guide,,,,True,True,True,False,False,True,target_department_and_target_course
37140,2022,부산대학교,정보의생명공학대학,정보컴퓨터공학부,임베디드시스템설계및실험,3,2학기,2,0,4,전공필수,Study ARM based embedded system and learn about HW & SW implementation technology,Weekly experimentation manual & design project guide,,,,True,True,True,False,False,True,target_department_and_target_course
37141,2022,부산대학교,정보의생명공학대학,정보컴퓨터공학부,임베디드시스템설계및실험,3,2학기,2,0,4,전공필수,Study ARM based embedded system and learn about HW & SW implementation technology,Weekly experimentation manual & design project guide,,,,True,True,True,False,False,True,target_department_and_target_course
37145,2022,부산대학교,정보의생명공학대학,정보컴퓨터공학부,인터넷과웹기초,1,1학기,3,3,0,전공필수,Understanding the history and basic structure of the Internet and the web Understanding clientside programming through learning HTML/CSS/JavaScript Increase problem solving ability using Open API utilization,"김경민, 문제해결을 통한 웹 프로그래밍 입문 , 이한미디어, 2019.10 고경희 저, Do it! HTML5+CSS3 웹 표준의 정석 2판, 이지스퍼블리싱, 2019.12",,W3Schools Online Web Tutorials https://www.w3schools.com,,True,True,False,False,False,True,target_department_and_target_course
37146,2022,부산대학교,정보의생명공학대학,정보컴퓨터공학부,인터넷과웹기초,1,1학기,3,3,0,전공필수,Understanding the history and basic structure of the Internet and the web Understanding clientside programming through learning HTML/CSS/JavaScript Increase problem solving ability using Open API utilization,"김경민, 문제해결을 통한 웹 프로그래밍 입문 , 이한미디어, 2019.10 고경희 저, Do it! HTML5+CSS3 웹 표준의 정석 2판, 이지스퍼블리싱, 2019.12",,W3Schools Online Web Tutorials https://www.w3schools.com,,True,True,False,False,False,True,target_department_and_target_course
37147,2022,부산대학교,정보의생명공학대학,정보컴퓨터공학부,인터넷과웹기초,1,1학기,3,3,0,전공필수,Understanding the history and basic structure of the Internet and the web Understanding clientside programming through learning HTML/CSS/JavaScript Increase problem solving ability using Open API utilization,"고경희 저, Do it! HTML5+CSS3 웹 표준의 정석 2판, 이지스퍼블리싱, 2019.12 김경민, 문제해결을 통한 웹 프로그래밍 입문 , 이한미디어, 2019.10",,W3Schools Online Web Tutorials https://www.w3schools.com,,True,True,False,False,False,True,target_department_and_target_course
37148,2022,부산대학교,정보의생명공학대학,정보컴퓨터공학부,C++프로그래밍과실습,2,1학기,4,4,0,전공필수,객체지향언어(OOP)의 특징을 이해한다. 주어진 문제를 C++ 언어를 이용하여 알고리즘을 구현한다. 주제별 과제를 부여항 과제 수행 능력을 배양한다.,수업 중 공지,,,C 프로그래밍,True,True,False,False,False,True,target_department_and_target_course
37149,2022,부산대학교,정보의생명공학대학,정보컴퓨터공학부,C++프로그래밍과실습,2,1학기,4,4,0,전공필수,교수목표: 객체지향 개념에 바탕을 둔 C++ 프로그래밍 C++ 언어를 통해 객체지향 개념을 학습한다 C++ 프로그래밍의 기본 개념을 학습한다. C++ 프로그램의 설계 능력과 구현 능력을 기른다. C++ 도구를 사용한 디버깅 및 개발 능력을 체득한다.,,,"프로그래밍센스를 살리는 비타민 C++, 교보출판사",C 프로그래밍,True,True,False,False,False,True,target_department_and_target_course
37150,2022,부산대학교,정보의생명공학대학,정보컴퓨터공학부,C++프로그래밍과실습,2,1학기,4,4,0,전공필수,,,,,,True,True,False,False,False,True,target_department_and_target_course
37151,2022,부산대학교,정보의생명공학대학,정보컴퓨터공학부,C++프로그래밍과실습,2,1학기,4,4,0,전공필수,교수목표: 객체지향 개념에 바탕을 둔 Modern C++ 프로그래밍 C++ 프로그래밍의 기본 개념을 학습한다. C++ 언어를 통해 객체지향 개념을 학습한다. C++ 프로그램의 설계 능력과 구현 능력을 기른다. C++ 도구를 사용한 디버깅 및 개발 능력을 체득한다. C++11 에서 C++17 표준 까지의 특징들 및 STL 사용을 익힌다.,,,"프로그래밍센스를 살리는 비타민 C++, 교보출판사",C 프로그래밍,True,True,False,False,False,True,target_department_and_target_course
37152,2022,부산대학교,정보의생명공학대학,정보컴퓨터공학부,C++프로그래밍과실습,2,1학기,4,4,0,전공필수,객체 지향 프로그래밍 능력으로 C++ 구사 능력,SW 코딩 역량을 위한 C++ 프로그래밍,,,C,True,True,False,False,False,True,target_department_and_target_course
37153,2022,부산대학교,정보의생명공학대학,정보컴퓨터공학부,C++프로그래밍과실습,2,1학기,4,4,0,전공필수,"1. C++ 프로그래밍언어의 Syntax, Semantics, 그리고 Programming Style 및 Design Pattern을 학습하고 2. 주어진 문제를 C++ 프로그래밍 언어로 해결할 수 있는 능력을 양성한다.",(선정 중선정후 공지),,,C프로그래밍 언어,True,True,False,False,False,True,target_department_and_target_course
37154,2022,부산대학교,정보의생명공학대학,정보컴퓨터공학부,공학선형대수학,2,1학기,3,3,0,전공필수,"Linear Algebra is an important subject to the students who are going to study mathematics, science and engineering. In this course, we study linear systems, vector, matrices, vector spaces, linear transformation, dterminants, eignvalues and eignvectors, dot and inner product. We examinate those definition, concepts and its applications. Also we enlarge the capacity of its application using program or tools.","Steven J. Leon, Linear Algebra with Application, 9th Ed., Pearson",,,,True,False,True,False,False,True,target_department_and_foundational_course
37155,2022,부산대학교,정보의생명공학대학,정보컴퓨터공학부,공학선형대수학,2,1학기,3,3,0,전공필수,"선형대수학에 대한 기본 개념, 속성, 기법 등을 소개한다. 실제 발생하는 여러가지 공학적인 문제에 대한 선형대수적 해결 예제를 통해, 학생들이 자신의 전공분야에서 발생할 수 있는 여러가지 선형대수적 문제를 직접 모델링 하여 해결할 수 있는 능력을 배양하도록 한다.","Linear Algebra with Applications (10th Ed.), S.J. Leon, PEARSON, 2020",,"선형대수학과 응용, 이재진 외 4인 옮김, PEARSON, 제8판, 2012 Linear Algebra with Applications, written by George nakos and David Joyner",없음,True,False,True,False,False,True,target_department_and_foundational_course
37156,2022,부산대학교,정보의생명공학대학,정보컴퓨터공학부,공학선형대수학,2,1학기,3,3,0,전공필수,"선형대수학에 대한 기본 개념, 속성, 기법 등을 소개한다. 실제 발생하는 여러가지 공학적인 문제에 대한 선형대수적 해결 예제를 통해, 학생들이 자신의 전공분야에서 발생할 수 있는 여러가지 선형대수적 문제를 직접 모델링 하여 해결할 수 있는 능력을 배양하도록 한다.","Linear Algebra with Applications (10th Ed.), S.J. Leon, PEARSON, 2020",,"선형대수학과 응용, 이재진 외 4인 옮김, PEARSON, 제8판, 2012 Linear Algebra with Applications, written by George nakos and David Joyner",없음,True,False,True,False,False,True,target_department_and_foundational_course
37161,2022,부산대학교,정보의생명공학대학,정보컴퓨터공학부,AI프로그래밍,2,2학기,3,3,0,전공선택,"AI 기반의 최적화, 추론, 학습 등에 사용되는 알고리즘의 이론을 공부하고, 이를 설계 및 구현할 수 있는 프로그래밍 능력 개발","David I. Schneider, An Introduction to Programming Using Python, Pearson, 2016",,,없음,True,True,False,True,False,True,target_department_and_target_course
37162,2022,부산대학교,정보의생명공학대학,정보컴퓨터공학부,AI프로그래밍,2,2학기,3,3,0,전공선택,"AI 기반의 최적화, 추론, 학습 등에 사용되는 알고리즘들을 공부하고, 그를 바탕으로 이들을 설계, 구현할 수 있는 프로그래밍 능력 개발","David I. Schneider An Introduction to Programming Using Python, Pearson, 2016",,,컴퓨터및프로그래밍입문,True,True,False,True,False,True,target_department_and_target_course
37163,2022,부산대학교,정보의생명공학대학,정보컴퓨터공학부,AI프로그래밍,2,2학기,3,3,0,전공선택,"AI 기반의 최적화, 추론, 학습 등에 사용되는 알고리즘들을 공부하고, 그를 바탕으로 이들을 설계, 구현할 수 있는 프로그래밍 능력 개발","David I. Schneider An Introduction to Programming Using Python, Pearson, 2016",,,,True,True,False,True,False,True,target_department_and_target_course
37183,2022,부산대학교,정보의생명공학대학,의생명공학전공,데이터사이언스입문,2,1학기,3,2,2,전공필수,"데이터 과학의 기본과정을 이해하고 실제 데이터에 적용한다. Python을 이용한 데이터 처리와 시각화, 통계모델 분석을 실습한다. 데이터를 갖고 흥미로운 질문을 던지고, 자신의 결론을 시각화로 명쾌히 전달한다.","파이썬 데이터 과학 통계 학습 (황보현우, 정지현 지음, 정보문화사, 2021년)",,"데이터 과학 트레이닝 북 (츠카모토 쿠니타카, 야마다 노리카즈, 오오사와 후미타카 지음, 인사이트, 2020년) 데이터 과학을 위한 통계 2판 (피터 브루스 외 지음, 한빛미디어, 2021년)",기초 컴퓨터 프로그래밍 (Python),False,True,False,True,True,True,strong_ai_cs_course_outside_target_department
37204,2022,부산대학교,정보의생명공학대학,데이터사이언스전공,기계학습개론,3,1학기,3,3,0,전공필수,기계학습의 기본 개념을 익힌다. 기계학습을 이용해서 실전 문제 해결 능력을 기른다.,"기계학습, 오일석, 한빛아카데미",,,선형대수 데이터과학,True,True,False,True,False,True,target_department_and_target_course
37207,2022,부산대학교,정보의생명공학대학,데이터사이언스전공,의생명데이터사이언스,3,2학기,3,2,2,전공필수,"의료/생명 분야의 다양한 데이터 유형(유전체/오믹스 데이터, 역학, 영상, 의료보험, 역학 등)의 형식과 특성을 이해하고, 이를 처리하는 데이터과학 실무 역량을 습득한다.",강의자료,,R for Data Science Wickham & Grolemund (https://r4ds.had.co.nz/),"확률 및 통계, 고급통계모델",True,True,False,True,False,True,target_department_and_target_course
37658,2022,서울대학교,공과대학,전기·정보공학부,창의공학설계,전학년,2학기,3,2,2,전선,,,,,,True,False,True,False,False,True,target_department_and_foundational_course
37680,2022,서울대학교,공과대학,전기·정보공학부,기초회로이론 및 실험,전학년,1학기,4,3,2,전필,,,,,,True,True,True,False,False,True,target_department_and_target_course
37681,2022,서울대학교,공과대학,전기·정보공학부,기초회로이론 및 실험,전학년,1학기,4,3,2,전필,,,,,,True,True,True,False,False,True,target_department_and_target_course
37713,2022,서울대학교,공과대학,전기·정보공학부,전기공학설계프로젝트,전학년,1학기,3,1,4,전필,,,,,,True,False,True,False,False,True,target_department_and_foundational_course
37714,2022,서울대학교,공과대학,전기·정보공학부,전기공학설계프로젝트,전학년,2학기,3,1,4,전필,,,,,,True,False,True,False,False,True,target_department_and_foundational_course
37715,2022,서울대학교,공과대학,전기·정보공학부,전기공학설계프로젝트,전학년,1학기,3,1,4,전필,,,,,,True,False,True,False,False,True,target_department_and_foundational_course
37716,2022,서울대학교,공과대학,전기·정보공학부,전기공학설계프로젝트,전학년,2학기,3,1,4,전필,,,,,,True,False,True,False,False,True,target_department_and_foundational_course
37717,2022,서울대학교,공과대학,전기·정보공학부,전기공학설계프로젝트,전학년,1학기,3,1,4,전필,,,,,,True,False,True,False,False,True,target_department_and_foundational_course
37718,2022,서울대학교,공과대학,전기·정보공학부,전기공학설계프로젝트,전학년,2학기,3,1,4,전필,,,,,,True,False,True,False,False,True,target_department_and_foundational_course
37719,2022,서울대학교,공과대학,전기·정보공학부,전기공학설계프로젝트,전학년,1학기,3,1,4,전필,,,,,,True,False,True,False,False,True,target_department_and_foundational_course
37720,2022,서울대학교,공과대학,전기·정보공학부,전기공학설계프로젝트,전학년,2학기,3,1,4,전필,,,,,,True,False,True,False,False,True,target_department_and_foundational_course
37721,2022,서울대학교,공과대학,전기·정보공학부,전기공학설계프로젝트,전학년,1학기,3,1,4,전필,,,,,,True,False,True,False,False,True,target_department_and_foundational_course
37722,2022,서울대학교,공과대학,전기·정보공학부,전기공학설계프로젝트,전학년,2학기,3,1,4,전필,,,,,,True,False,True,False,False,True,target_department_and_foundational_course
37723,2022,서울대학교,공과대학,전기·정보공학부,전기공학설계프로젝트,전학년,1학기,3,1,4,전필,,,,,,True,False,True,False,False,True,target_department_and_foundational_course
37724,2022,서울대학교,공과대학,전기·정보공학부,전기공학설계프로젝트,전학년,2학기,3,1,4,전필,,,,,,True,False,True,False,False,True,target_department_and_foundational_course
37725,2022,서울대학교,공과대학,전기·정보공학부,전기공학설계프로젝트,전학년,1학기,3,1,4,전필,,,,,,True,False,True,False,False,True,target_department_and_foundational_course
37726,2022,서울대학교,공과대학,전기·정보공학부,전기공학설계프로젝트,전학년,2학기,3,1,4,전필,,,,,,True,False,True,False,False,True,target_department_and_foundational_course
37727,2022,서울대학교,공과대학,전기·정보공학부,전기공학설계프로젝트,전학년,1학기,3,1,4,전필,,,,,,True,False,True,False,False,True,target_department_and_foundational_course
37728,2022,서울대학교,공과대학,전기·정보공학부,전기공학설계프로젝트,전학년,2학기,3,1,4,전필,,,,,,True,False,True,False,False,True,target_department_and_foundational_course
37729,2022,서울대학교,공과대학,전기·정보공학부,전기공학설계프로젝트,전학년,1학기,3,1,4,전필,,,,,,True,False,True,False,False,True,target_department_and_foundational_course
37730,2022,서울대학교,공과대학,전기·정보공학부,전기공학설계프로젝트,전학년,2학기,3,1,4,전필,,,,,,True,False,True,False,False,True,target_department_and_foundational_course
37731,2022,서울대학교,공과대학,전기·정보공학부,전기공학설계프로젝트,전학년,1학기,3,1,4,전필,,,,,,True,False,True,False,False,True,target_department_and_foundational_course
37732,2022,서울대학교,공과대학,전기·정보공학부,전기공학설계프로젝트,전학년,2학기,3,1,4,전필,,,,,,True,False,True,False,False,True,target_department_and_foundational_course
37733,2022,서울대학교,공과대학,전기·정보공학부,전기공학설계프로젝트,전학년,2학기,3,1,4,전필,,,,,,True,False,True,False,False,True,target_department_and_foundational_course
37952,2022,서울대학교,공과대학,컴퓨터공학부,논리설계,전학년,1학기,4,3,2,전필,"디지털 논리 회로는 컴퓨터 뿐 아니라 각종 디지털 전자 기기의 하드웨어를 구성하는 기본 요소이며 이 강좌를 통해서 기본 지식을 학습한다. 학생들은 논리회로를 구성하는 기본 소자, 조합회로와 순차회로의 설계 이론을 배운다. 이와 병행하여 학습한 이론을 실험을 통해 확인하여 하드웨어 설계의 기초를 공고히 한다.",,,,,True,False,True,False,False,True,target_department_and_foundational_course
37953,2022,서울대학교,공과대학,컴퓨터공학부,논리설계,전학년,1학기,4,3,2,전필,"디지털 논리 회로는 컴퓨터 뿐 아니라 각종 디지털 전자 기기의 하드웨어를 구성하는 기본 요소이며 이 강좌를 통해서 기본 지식을 학습한다. 학생들은 논리회로를 구성하는 기본 소자, 조합회로와 순차회로의 설계 이론을 배운다. 이와 병행하여 학습한 이론을 실험을 통해 확인하여 하드웨어 설계의 기초를 공고히 한다.",,,,,True,False,True,False,False,True,target_department_and_foundational_course
45171,2022,전북대학교,공과대학,기계공학과,머신러닝개론,2,1학기,3,3,0,전공선택,머신러닝에 대한 기초 수학 및 기본 지식을 강의하여 향후 심화 학습을 위한 근간이 되게 하고 궁극적으로 딥러닝 등 머신러닝 기반의 기계공학적 응용에 활용될 수 있도록 한다.,,,,"컴퓨터과학과코딩, 수학2",False,True,False,True,True,True,strong_ai_cs_course_outside_target_department
45488,2022,전북대학교,공과대학,전기공학과,전기기기실험,3,2학기,3,0,6,전공선택,"전기에너지변환원리에 입각한 전기기기의 동작 원리와 특성을 실험을 통하여 확인하는 데에 본 수업의 핵심 목표가 있다. 학부 전기기기1, 2에서 학습한 등가회로에 입각한 전기기기 동작 원리와 특성을 실제 실험을 통하여 비교 분석한다.",,,,. 전기기기1,True,False,True,False,False,True,target_department_and_foundational_course
45497,2022,전북대학교,공과대학,전기공학과,회로이론 1,2,1학기,3,3,0,전공필수,"회로이론은 전기및 전자공학 분야에서 가장 기본이 되는 회로의 해석 및 설계를 체계화한 학문으로 전기공학 전공 학생들은 반드시 수강해야 할 필수과목이다.본 강의에서는 기본이 되는 선형회로의 해석을 중점으로 공부한다. 먼저 회로의 변수들은 무엇인지, 회로의 구성요소들은 어떠한 것들이 있는지, 또 수동소자와 는동소자는 어떻게 다른지를 공부한다.그리고 회로해석에 필요한 원리와 법칙들을 공부하고 문제를 통해 회로변수들을 구해보고, 에너지 저장소자에 관하여 학습한다.",,,,,True,True,False,False,False,True,target_department_and_target_course
45499,2022,전북대학교,공과대학,전기공학과,회로이론 2,2,2학기,3,3,0,전공선택,회로이론1 에서 학습한 직류 회로 해석법을 기반으로 교류 회로 해석법을 강의한다.,,,,회로이론 1(필수),True,True,False,False,False,True,target_department_and_target_course
45505,2022,전북대학교,공과대학,전기공학과,설계소프트웨어실습,2,2학기,3,2,2,전공선택,"본 강의 및 실습에서는 전기, 전자회로 등을 설계하고 회로 특성을 평가할 수 있는 프로그램에 관한 내용을 다룬다. 강의 내용은 PSPICE와 MATLAB에 관한 일반적인 내용을 습득하고 회로 설계 등을 통하여 회로의 특성을 시뮬레이션하고 평가한다.",,이용성외 3인. (2016). PSpice Designer. 복두출판사박민기외 3인 공역. (2017). 매트랩의 기초. 인터비젼,,회로이론1(권장),True,False,True,False,False,True,target_department_and_foundational_course
45514,2022,전북대학교,공과대학,전기공학과,전자회로응용실험,3,1학기,3,0,6,전공선택,"실무 능력 강화를 위하여 엔지니어가 갖추어야 할 1)전자회로를 구성하는 주요소자(다이오드, 트랜지스터, 연산증폭기 등)를 이용하여 회로를 구성할 수 있고, 2) 측정 장비를 사용할 수 있는 능력을 실험을 통하여 배양한다. 또한, 이를 바탕으로 주어진 설계과제를 수행하는 능력을 함양하는 데 있다.",,,,전자회로 또는 전자회로1,True,True,True,False,False,True,target_department_and_target_course
45524,2022,전북대학교,공과대학,전자공학부(나노전자공학),선형대수학,2,1학기,3,3,0,전공선택,"선형대수는 전기, 전자공학의 기초가 되는 과목으로 회로이론, 신호 및 시스템, 디지털신호처리, 통신, 제어공학 등을 배우는데 필수적으로 필요한 과목이다. 벡터, 선형방정식, 행렬과 이에 관한 이론, 선형 변환, 차원과 구조 등에 대해 공부한다.",,,,,True,False,True,False,False,True,target_department_and_foundational_course
45525,2022,전북대학교,공과대학,전자공학부(나노전자공학),선형대수학,2,1학기,3,3,0,전공선택,"선형대수는 전기, 전자공학의 기초가 되는 과목으로 회로이론, 신호 및 시스템, 디지털신호처리, 통신, 제어공학 등을 배우는데 필수적으로 필요한 과목이다. 벡터, 선형방정식, 행렬과 이에 관한 이론, 선형 변환, 차원과 구조 등에 대해 공부한다.",,,,일반수학,True,False,True,False,False,True,target_department_and_foundational_course
45529,2022,전북대학교,공과대학,전자공학부(나노전자공학),신호및시스템,2,2학기,3,3,0,전공필수,"아날로그 및 디지털 신호의 종류와 성질, 이들 신호를 편리하게 다루기 위한 각종 변환, 시스템의 성질에 대하여 학습한다.",,,,수학 2,True,True,False,False,False,True,target_department_and_target_course
45546,2022,전북대학교,공과대학,전자공학부(나노전자공학),전자회로 1,2,2학기,3,3,0,전공선택,"전자회로는 전자공학의 핵심 학문의 요소로서 메모리나 통신 및 신호처리 등에서 사용되는 전자회로의 기본 원리 및 응용을 배우는 과목이다. 전자회로 과목은 전자회로1 과 전자회로2 및 실험으로 구성되는데, 이번 학기에 다룰 전자회로 1은 전자회로의 기초를 마련하는 과정으로써 전자회로에 관한 개론 및 p형과 n형 반도체를 접합하여 만든 다이오드, BJT, MOSFET 구조, 특성, 동작원리와 해석 및 관련 등가회로를 학습한 다음 이를 토대로 응용회로의 기본이 되는 증폭기 회로를 해석하고 설계할 수 있는 능력을 함양하는데 있다.",,,,,True,True,False,False,False,True,target_department_and_target_course
45548,2022,전북대학교,공과대학,전자공학부(나노전자공학),전자회로 2,3,1학기,3,3,0,전공선택,"전자회로1에서 배운 OP Amp, Diode, BJT 및 FET등의 내용을 기초로 하여, 더 복잡하고 심화된 고급 전자회로를 집적회로 구현을 목표로 하여 학습한다. 이를 위해서, FET를 기반으로하는 증폭기들의 주파수 특성, 차동 증폭기, 궤환회로, OP amp의 내부회로 및 아날로그 필터회로를 배우며, 이들 회로의 해석과 설계능력을 배양한다.",,,,전자회로 1,True,True,False,False,False,True,target_department_and_target_course
45552,2022,전북대학교,공과대학,전자공학부(나노전자공학),전자회로실험,3,1학기,3,2,2,전공필수,"전자회로에서 학습한 이론을 실험을 통하여 확인함으로써 이론에 대한 이해를 깊게 하며, 이론과 측정치의 차이를 규명함으로써 간략화된 이론 및 측정 오차 등의 한계를 인식하도록 한다. 또한 피측정 회로의 설계 방법 및 구현 방법, 부품에 대한 이해, 측정 장비의 사용법 등을 익혀 전자회로의 구현 능력을 배양한다.",,,,"회로이론, 전자회로 1",True,True,True,False,False,True,target_department_and_target_course
45553,2022,전북대학교,공과대학,전자공학부(나노전자공학),전자회로실험,3,1학기,3,2,2,전공필수,"전자회로에서 학습한 이론을 실험을 통하여 확인함으로써 이론에 대한 이해를 깊게 하며, 이론과 측정치의 차이를 규명함으로써 간략화된 이론 및 측정 오차 등의 한계를 인식하도록 한다. 또한 피측정 회로의 설계 방법 및 구현 방법, 부품에 대한 이해, 측정 장비의 사용법 등을 익혀 전자회로의 구현 능력을 배양한다.",,,,전자회로 1,True,True,True,False,False,True,target_department_and_target_course
45554,2022,전북대학교,공과대학,전자공학부(나노전자공학),전자회로실험,3,1학기,3,2,2,전공필수,"전자회로에서 학습한 이론을 실험을 통하여 확인함으로써 이론에 대한 이해를 깊게 하며, 이론과 측정치의 차이를 규명함으로써 간략화된 이론 및 측정 오차 등의 한계를 인식하도록 한다. 또한 피측정 회로의 설계 방법 및 구현 방법, 부품에 대한 이해, 측정 장비의 사용법 등을 익혀 전자회로의 구현 능력을 배양한다.",,,,전자회로 1,True,True,True,False,False,True,target_department_and_target_course
45569,2022,전북대학교,공과대학,전자공학부(나노전자공학),회로이론 1,2,1학기,3,3,0,전공필수,회로 이론은 전자정보공학 모든 분야의 기본이 되는 기초 학문으로서 이에 대한 확고한 개념을 파악하고 있어야만 더욱심화된 전공 분야를 이해할 수 있다. 이를 위해 본 과정에서는 전기의 흐름 및 회로 해석에 대한 기본 개념과 회로에 관한 정리 등의 이론을 습득한다.,,김용권. (2014). 회로이론. 퍼스트북,,,True,True,False,False,False,True,target_department_and_target_course
45573,2022,전북대학교,공과대학,전자공학부(나노전자공학),회로이론 2,2,2학기,3,3,0,전공선택,회로이론 1에서 공부한 직류회로 해석을 토대로 교류 회로 해석을 익힌다.,,,,회로이론 1,True,True,False,False,False,True,target_department_and_target_course
45579,2022,전북대학교,공과대학,전자공학부(나노전자공학),창의적공학설계입문,1,2학기,3,3,0,전공선택,공학적 문제를 인식하고 창의적으로 해결할 수 있는 설계능력 배양,,,,,True,False,True,False,False,True,target_department_and_foundational_course
45580,2022,전북대학교,공과대학,전자공학부(나노전자공학),창의적공학설계입문,1,2학기,3,3,0,전공선택,공학적 문제를 인식하고 창의적으로 해결할 수 있는 설계능력 배양,,,,,True,False,True,False,False,True,target_department_and_foundational_course
45581,2022,전북대학교,공과대학,전자공학부(나노전자공학),창의적공학설계입문,1,2학기,3,3,0,전공선택,공학적 문제를 인식하고 창의적으로 해결할 수 있는 설계능력 배양,,,,,True,False,True,False,False,True,target_department_and_foundational_course
45583,2022,전북대학교,공과대학,전자공학부(나노전자공학),디지털신호처리,3,2학기,3,3,0,전공선택,이산신호 및 선형 시불변 시스템에 대한 수학적인 표현 및 처리 방법을 공부한다.수집된 데이터의 분석 기법을 토대로 신호처리분야 연구에 필요한 기본적인 소양을 배양한다.,,,,신호및시스템,True,True,False,False,False,True,target_department_and_target_course
45584,2022,전북대학교,공과대학,전자공학부(나노전자공학),디지털신호처리,3,2학기,3,3,0,전공선택,이산신호 및 선형 시불변 시스템에 대한 수학적인 표현 및 처리 방법을 공부한다.수집된 데이터의 분석 기법을 토대로 신호처리분야 연구에 필요한 기본적인 소양을 배양한다.,,,,신호및시스템,True,True,False,False,False,True,target_department_and_target_course
45593,2022,전북대학교,공과대학,전자공학부(나노전자공학),기초회로실험,2,2학기,3,2,2,전공필수,"전자공학 입문 학생들을 위한 오실로스코프, 파워 서플라이 등의 기초 장비 교육부터 회로이론 및 디지털 논리 회로와 관련된 기초 회로 실험을 순차적으로 진행한다.",,,,"회로이론 1, 디지털 논리 회로",True,True,True,False,False,True,target_department_and_target_course
45594,2022,전북대학교,공과대학,전자공학부(나노전자공학),기초회로실험,2,2학기,3,2,2,전공필수,"저항, 콘덴서,코일 및 다이오드로 구성된 여러가지 형태의 기초 전기회로망에서 입력 (전류,전압)신호와 출력(전류,전압)신호의 관계를 이해한다. 그리고 전기 회로 의 저항소자값 및 전류,전압 측정을 할 수 있는 계측기 사용법을 배워 전기회로 저항소자값 및 입,출력 신호의 전류와 전압값을 측정하고 , 전류 및 전압값들의 시간축에서의 변화를 보여 주는 입,출력 신호 파형을 관찰하면서 원하는 신호를 발생시킬 수 있는 전기회로를 설계하는 방법을 배운다. A ND,OR, NOT 의 기본 논리와 Ka rna ugh ma p을 이용해 디지탈 논리회로를 설계한다. 논리회로 설계용 S W 를 이용해서 회로 결과의 timing s imula tion을 한 후 TTL 소자를 이용하여 HW 회로를 구성 후 결과를 오실로스코프로 확인한다.",,,,"창의적공학설계입문,회로이론 1",True,True,True,False,False,True,target_department_and_target_course
45596,2022,전북대학교,공과대학,전자공학부(나노전자공학),기초회로실험,2,2학기,3,2,2,전공필수,"회로이론과 논리회로에서 배운 내용을 실험을 통해 확인한다. 이를 위해 실험에 필요한 장비(오실로스코프, 직류전원 공급장치, 함수 발생기, 디지털 멀티미터, 브레트 보드)의 사용법을 공부한다. 저항, 콘덴서, 코일등의 수동 소자의 특성에 대해 공부하고, 접지 개년, 부하 효과, 시간 응딥과 주파수 응답, R,L,C 공진 회로의 특성 등 어낼로그 소자를 이용한 기본 회로의 특성을 배운다. 아울러 TTL IC의 전기적인 특성, TTL IC를 이용한 응용 회로(부호기와 복호기, Flipflop, Counter, Sfifterregister)를 제작하고 이들의 특성을 배운다.",,,,"창의적공학설계입문, 회로이론1",True,True,True,False,False,True,target_department_and_target_course
45603,2022,전북대학교,공과대학,전자공학부(나노전자공학),디지털논리공학,2,1학기,3,3,0,전공선택,Digital 회로 설계에 필요한 논리회로의 개념과 해석 능력을 습득한다.이를 토대로 digital 논리 소자를 사용하여 마이크로프로세서를 비롯한 각종 논리 회로를 설계할 수 있는 지식을 습득한다.,,,,,True,True,False,False,False,True,target_department_and_target_course
45604,2022,전북대학교,공과대학,전자공학부(나노전자공학),디지털논리공학,2,1학기,3,3,0,전공선택,Digital 회로 설계에 필요한 논리회로의 개념과 해석 능력을 습득한다.이를 토대로 digital 논리 소자를 사용하여 마이크로프로세서를 비롯한 각종 논리 회로를 설계할 수 있는 지식을 습득한다.,,,,,True,True,False,False,False,True,target_department_and_target_course
45748,2022,전북대학교,공과대학,전자공학부(나노전자공학),데이터구조및프로그래밍실습,2,1학기,3,3,0,전공선택,효율적인 프로그래밍을 위하여 자료구조와 기본적인 알고리즘에 대하여 학습하고 이를 이용하여 전자공학 전공에서 다루는 주요한 문제에 대하여 프로그래밍 실습을 진행한다.,,,,C언어기초,True,True,False,False,False,True,target_department_and_target_course
45953,2022,전북대학교,공과대학,컴퓨터공학부,소프트웨어공학,3,2학기,3,3,0,전공필수,"소프트웨어 공학은 소프트웨어를 개발하는 과정에서 다양한 공학적 원리를 적용하여 개발 생산성을 높이고 품질 좋은 소프트웨어를 생산하는 것을 의미한다. 본 강좌에서는 소프트웨어 공학의 핵심 개념과 개발 과정에서 요구되는 공학적 방법을 습득하고 이를 적용할 수 있는 능력을 배양하여 소프트웨어 엔지니어로서의 기본 자질을 갖추도록 한다. 이를 위해 소프트웨어 개발 방법론에 대해 학습하고 요구 분석, 설계, 구현, 테스트, 유지보수의 각 단계에서 필요한 이론, 방법, 도구들에 대해 학습한다.",소프트웨어 공학 에센셜,,"소프트웨어 공학의 모든 것, 최은만, 생능출판쉽게 배우는 소프트웨어 공학, 김치수 , 한빛아카데미",,True,True,False,False,False,True,target_department_and_target_course
45959,2022,전북대학교,공과대학,컴퓨터공학부,운영체제,3,1학기,3,3,0,전공필수,"운영체제의 구조, 기능 및 역할을 심도있게 이해한다.교과 수행 능력을 향상할 수 있도록 개인별 PBL(Project Based Learning)을 적용한다. FlippedLearning 형태로 강의 예정 (동영상 5시수+토론 1시수)","Operating System Concepts, 9th ed.",,"Operating System Concepts (한국어판), 홍릉 과학 출판사Modern Operating Systems, 3rd ed.저자: Andrew S. Tanenbaum","C언어 기초, 자료구조, 컴퓨터구조, 유닉스 시스템 프로그래밍",True,True,False,True,False,True,target_department_and_target_course
46008,2022,전북대학교,공과대학,컴퓨터공학부,이산수학,2,1학기,3,3,0,전공선택,"이산수학은 이산적인 객체를 연구하는 수학의 한 분야로, 자료구조, 알고리즘을 비롯한 많은 컴퓨터공학 교과목의 수학적 토대를 제공한다. 본 강좌에서는 논리, 증명, 집합, 알고리즘, 확률, 그래프, 트리 등 이산 수학 분야의 다양한 정의와 정리를 학습하여 학생들이 논리적, 수학적 사고를 하는 방법을 터득하는 것을 목표로 하며, 이를 바탕으로 향후 컴퓨터공학 교과목을 수강하는 데 도움을 주고자 한다.","공은배 외 6인 공역, Rosen의 이산수학 8th Edition, McGrawHill Edition, 2018",,"주교재의 경우 기존의 7th Edition을 사용하여도 전체적인 내용에는 큰 차이가 없으나, 세부 내용에서 약간의 차이가 있을 수 있음을 유의 바람",,True,False,True,False,False,True,target_department_and_foundational_course
46010,2022,전북대학교,공과대학,컴퓨터공학부,데이터베이스,3,2학기,3,3,0,전공선택,"데이터베이스 시스템의 기본 개념을 SQL 과 관계형 모델을 중심으로 설명하고, 다양한 응용에서 데이터베이스 기술을 접목시킬 수 있는 능력을 배양한다. 특히 현장 전문가를 초빙하여 상용제품을 통한 SQL실습을 수행함으로써 수업운영에 있어서 현장성을 높인다.",Database system Concept,,Cubrid Manual,"파일처리, 컴파일러, C, C++ 또는 자바 프로그래밍",True,True,False,True,False,True,target_department_and_target_course
46019,2022,전북대학교,공과대학,컴퓨터공학부,C++프로그래밍,1,2학기,3,2,2,전공선택,Goal 1. C언어기초를 공부한 학생을 대상으로 C++ 언어의 프로그래밍 문법 학습Goal 2. 객체지향프로그래밍 (OOP)의 개념 이해와 C++ 언어를 이용하여 OOP 프로그램 설계 및 구현 능력 함양Goal 3. 다양한 문제에 대한 프로그래밍 실습을 통해 각 주제를 심층적으로 이해하고 C++ 프로그래밍의 실력 향상,열혈 C++ 프로그래밍,,,C언어기초,True,True,False,False,False,True,target_department_and_target_course
49187,2022,전북대학교,상과대학,경영학과,빅데이터마케팅,4,2학기,3,3,0,전공선택,,,"김창수, 송민정. (2017). 빅데이터 경영론. 학현사",,,False,True,False,True,True,True,strong_ai_cs_course_outside_target_department
51895,2022,전북대학교,자연과학대학,반도체과학기술학과,반도체공정실험 1,3,2학기,3,2,2,전공필수,"본 반도체공정실험1 수업을 통하여, 실제 질화물화합물 반도체 발광다이오드 제작 실습을 할 예정임.현재까지배운 pn junction 소자의 실제 응용에 대한 기초 이론 학습화합물반도체 기초 공정 이론 및 실습 (Cleaning, Photolithography, Dry etching, Metallization, Electrical and Optical characterization)발광다이오드 소자 특성 평가본 수업은 '반도체인프라 구축 지원사업과 연계'하여 진행됨.",Light Emitting Diodes 2nd Ed.,,화합물반도체 공정 PPT 자료,"반도체공정, 반도체소자",True,True,True,False,False,True,target_department_and_target_course
56253,2022,제주대학교,자연과학대학,전산통계학과,SW융합캡스톤디자인Ⅲ,4,1학기,2,2,0,전공필수,,,,,,True,False,True,False,False,True,target_department_and_foundational_course
56595,2022,제주대학교,단과대구분없음,빅데이터융합전공,경제빅데이터분석론,3,1학기,3,3,0,전공,,박헌수. (). 강의노트.,,윤철호. (2021). 빅데이터 분석과 R 활용. 생능,,True,True,False,True,False,True,target_department_and_target_course
56598,2022,제주대학교,단과대구분없음,빅데이터융합전공,SW연계캡스톤디자인,3,2학기,3,3,0,전공,,,,,,True,False,True,False,False,True,target_department_and_foundational_course
56647,2022,제주대학교,단과대구분없음,전기자동차전공,SW연계캡스톤디자인,3,2학기,3,3,0,전공,,,,,,True,False,True,False,False,True,target_department_and_foundational_course
62912,2022,충남대학교,단과대구분없음,모빌리티ICT융합학부,데이터베이스,3,1학기,3,2,2,전공(핵심),"본 강의는 대량의 데이타를 저장하고 검색하며, 조작할 수 있는 데이타베이스의 기본 개념 및 이론, 응용 기술을 습득시키는 데 그 목적이 있다. 이를 위해 데이터베이스 시스템에 대한 전반적인 개요 및 관계 데이터베이스 개념, 질의언어 및 트랜잭션 처리방법, 시스템 구조 등에 대한 이해를 통하여 데이터베이스 시스템 운용 및 응용프로그램 개발 능력을 갖도록 한다.","주 교재: “The Guide for SQL Professional (SQL 전문가 가이드)”, 한국데이터산업진흥원, 2020.이규철, “데이타베이스 시스템 이론과 응용 인터넷과 Java 중심으로”, 홍릉과학출판사참고 문헌: 데이터베이스 프로그래밍 관련 서적",,,"자료구조, 웹 프로그래밍",False,True,False,True,False,True,strong_ai_cs_course_outside_target_department
66101,2022,충북대학교,전자정보대학,전기공학부,창의공학설계I,1,1학기,2,0,4,전공선택,1. 전기공학도로서 갖추어야 할 공학적소양및 설계능력향상2. 마이크로프로세서를 이용한 센서신호처리 및 모터구동3. 하드웨어와 소프트웨어간의 유기적 관계이해,"1. 자체 제작 실험 교재, ,, ,","1. 모두의 아두이노, 장진희,, 길벗, 2. 한권으로 끝내는 아두이노 입문 + 실전(종합편), 서민우 외 1인, 앤써북,",,,True,False,True,False,False,True,target_department_and_foundational_course
66124,2022,충북대학교,전자정보대학,전기공학부,전자회로실험 I,3,1학기,2,0,4,전공필수,"(가) 전자소자 특성 분석 및 기본회로의 해석, 설계, 시뮬레이션, 실현 및 성능평가 (나) 전자회로실험을 통해 시뮬레이션 도구 사용 및 시뮬레이션 결과를 토대로 실험과 설계기법을 익힌다.(다) 실험보고서 작성 기법 및 발표자료 작성 기법을 익힌다.","1. 전자회로실험, 이형규, 김영석, 충북대학교 출판부, 2013",,"1. Microelectronics Circuits, Sedra and Smith, Oxford, 2010",,True,True,True,False,False,True,target_department_and_target_course
66125,2022,충북대학교,전자정보대학,전기공학부,전자회로실험 I,3,1학기,2,0,4,전공필수,"(가) 전자소자 특성 분석 및 기본회로의 해석, 설계, 시뮬레이션, 실현 및 성능평가 (나) 전자회로실험을 통해 시뮬레이션 도구 사용 및 시뮬레이션 결과를 토대로 실험과 설계기법을 익힌다.(다) 실험보고서 작성 기법 및 발표자료 작성 기법을 익힌다.","1. 전자회로실험, 이형규, 김영석, 충북대학교 출판부, 2013",,"1. Microelectronics Circuits, Sedra and Smith, Oxford, 2010",,True,True,True,False,False,True,target_department_and_target_course
66132,2022,충북대학교,전자정보대학,전기공학부,전자회로실험 II,3,2학기,2,0,4,전공필수,1. Linear IC를 사용하는 선형시스템의 해석 및 설계법을 배양한다.2. 시스템의 실제 구현을 통한 H/W 설계 개념을 익히며 아날로그디지털 회로 설계능력을 배양한다.3. 두가지 이상의 기능 회로을 결합한 시스템의 실험과 설계로 시스템 집적화 능력을 배양한다.,"1. 전자회로 실습 및 설계, 전기공학부, , 20102. 전자회로 실습설계, 권오욱 외3인, 충북대학교, 2011",,"1. Microelectronics, Sedra, Oxford, 2015",,True,True,True,False,False,True,target_department_and_target_course
66133,2022,충북대학교,전자정보대학,전기공학부,전자회로실험 II,3,2학기,2,0,4,전공필수,1. Linear IC를 사용하는 선형시스템의 해석 및 설계법을 배양한다.2. 시스템의 실제 구현을 통한 H/W 설계 개념을 익히며 아날로그디지털 회로 설계능력을 배양한다.3. 두가지 이상의 기능 회로을 결합한 시스템의 실험과 설계로 시스템 집적화 능력을 배양한다.,"1. 전자회로 실습 및 설계, 전기공학부, , 20102. 전자회로 실습설계, 권오욱 외3인, 충북대학교, 2011",,"1. Microelectronics, Sedra, Oxford, 2015",,True,True,True,False,False,True,target_department_and_target_course
66151,2022,충북대학교,전자정보대학,전기공학부,기초회로 및 디지털실험 I,2,1학기,2,0,4,전공필수,"가. 전기회로, 디지털회로 및 시스템의 기초 이론에 대한 이해와 응용능력 배양나. 실험에 필요한 기본장비의 사용법을 익히고 장비의 활용능력을 배양다. 기본 회로소자(저항, 인덕터, 커패시터)의 기본특성 파악라. 기본 논리회로를 디지털 회로로 구현하는 방법 배양마. 개별 디지털 회로들을 연결, 조합하는 방법 배양바. 회로 및 시스템의 성능 평가법 배양","1. 기초회로실험, 충북대 전기공학부, 내하출판사, 20162. 디지털실험, 충북대전기공학부, 내하출판사, 2016",,,,True,True,True,False,False,True,target_department_and_target_course
66152,2022,충북대학교,전자정보대학,전기공학부,기초회로 및 디지털실험 I,2,1학기,2,0,4,전공필수,"가. 전기회로, 디지털회로 및 시스템의 기초 이론에 대한 이해와 응용능력 배양나. 실험에 필요한 기본장비의 사용법을 익히고 장비의 활용능력을 배양다. 기본 회로소자(저항, 인덕터, 커패시터)의 기본특성 파악라. 기본 논리회로를 디지털 회로로 구현하는 방법 배양마. 개별 디지털 회로들을 연결, 조합하는 방법 배양바. 회로 및 시스템의 성능 평가법 배양","1. 기초회로실험, 충북대 전기공학부, 내하출판사, 20162. 디지털실험, 충북대전기공학부, 내하출판사, 2016",,,,True,True,True,False,False,True,target_department_and_target_course
66154,2022,충북대학교,전자정보대학,전기공학부,기초회로 및 디지털실험 II,2,2학기,2,0,4,전공필수,"가. 전기회로, 디지털회로 및 시스템의 기초 이론에 대한 이해와 응용능력 배양나. 실험에 필요한 기본장비의 사용법을 익히고 장비의 활용능력을 배양다. 기본 회로소자(저항, 인덕터, 커패시터)의 기본특성 파악라. 기본 논리회로를 디지털 회로로 구현하는 방법 배양마. 개별 디지털 회로들을 연결, 조합하는 방법 배양바. 회로 및 시스템의 성능 평가법 배양","1. 디지털실험, 충북대전기공학부, 내화풀판사, 20162. 기초회로실험, 임기조, 고창섭, 김재언, 내화출판사, 2016",,,,True,True,True,False,False,True,target_department_and_target_course
66155,2022,충북대학교,전자정보대학,전기공학부,기초회로 및 디지털실험 II,2,2학기,2,0,4,전공필수,"가. 전기회로, 디지털회로 및 시스템의 기초 이론에 대한 이해와 응용능력 배양나. 실험에 필요한 기본장비의 사용법을 익히고 장비의 활용능력을 배양다. 기본 회로소자(저항, 인덕터, 커패시터)의 기본특성 파악라. 기본 논리회로를 디지털 회로로 구현하는 방법 배양마. 개별 디지털 회로들을 연결, 조합하는 방법 배양바. 회로 및 시스템의 성능 평가법 배양","1. 디지털실험, 충북대전기공학부, 내화풀판사, 20162. 기초회로실험, 임기조, 고창섭, 김재언, 내화출판사, 2016",,,,True,True,True,False,False,True,target_department_and_target_course
66169,2022,충북대학교,전자정보대학,전자공학부,전자회로 I,3,1학기,3,3,0,전공필수,"가. 다이오드 회로의 해석 및 주어진 사양의 회로를 설계할 수 있다. 나. BJT 및 MOSFET 소자의 특성, 대신호 및 소신호 등가회로를 설명할 수 있고, 이 소자들을 이용한 회로의 바이어스 해석, 마지막으로 주어진 사양대로 회로를 설계할 수 있다.다. 이상적인 OPAMP의 특성 및 OPAMP 회로의 소신호 전압 이득을 구할 수 있다.라. Cascode stage및 current mirror를 해석하고, 원하는 전류값을 가진 전류원을 설계할 수 있다.마. 차등증폭기의 대신호 및 소신호 분석을 한다.","1. 마이크로전자회로, 2판, Behzad Razabi, Wiley, 한티미디어, 2015",,,,True,True,False,False,False,True,target_department_and_target_course
66171,2022,충북대학교,전자정보대학,전자공학부,전자회로 I,3,1학기,3,3,0,전공필수,"가. 다이오드 회로의 해석 및 주어진 사양의 회로를 설계할 수 있다. 나. BJT 및 MOSFET 소자의 특성, 대신호 및 소신호 등가회로를 설명할 수 있고, 이 소자들을 이용한 회로의 바이어스 해석, 마지막으로 주어진 사양대로 회로를 설계할 수 있다.다. 이상적인 OPAMP의 특성 및 OPAMP 회로의 소신호 전압 이득을 구할 수 있다.라. Cascode stage및 current mirror를 해석하고, 원하는 전류값을 가진 전류원을 설계 할 수 있다.마. 차등증폭기의 대신호 및 소신호 분석을 한다.","1. 마이크로전자회로, 2판, Behzad Razabi, Wiley, 한티미디어, 2015",,,,True,True,False,False,False,True,target_department_and_target_course
66183,2022,충북대학교,전자정보대학,전자공학부,반도체소자,3,1학기,3,3,0,전공선택,"반도체의 물성인 밴드갭, 이동자, 이동자의 전계와 농도차이에 의한 움직임, 다이오드의 전압전류 특성을 설명할 수 있다.MOS 구조에서 전계에 의한 밴드의 휨과 이에 따른 이동자의 변화, 전계에 의한 이동자의 이동, 이를 이용한 트랜지스터의 동작 구현을 설명할 수 있다.전자정공의 재결합과 생성 현상을 이용한 LED, organic LED, 이미지 센서 동작원리를 설명할 수 있다.MOSFET의 구조와 전계에 의한 밴드의 휨, 이동자의 변화, 이동자의 흐름, 그 결과인 드레인 전압에 의한 전류 특성, 게이트 전압 변화에 의한 드레인 전류 특성을 설명할 수 있다. 미세 구조의 MOSFET에서 발생하는 누설전류와 비이상적인 동작 특성을 설명할 수 있다. 현대 반도체 소자의 신 개념, 나노크기의 MOSFET의 구조가 필요한 이유를 설명할 수 있다. 박막트랜지스터가 무엇이고 왜 디스플레이에 응용되는지 설명할 수 있으며, OLED의 동작원리와 패널 구성을 설명할 수 있다.이미지 센서 픽셀의 구조와 빛에 의한 반응을 설명할 수 있다.DRAM 메모리소자의 동작원리와 플레시 메모리 소자를 구별하여 이해한다. 미래 반도체 기술과 소자를 이해하고 제시할 수 있다.소자물리학을 이해하여 IC 회로 설계에 응용토록 한다.","1. 고체전자공학, 곽계달 외 공역, Streetman & Barnerjee, 사이텍미디어,","1. 현대반도체소자공학, 첸밍 후 저, 귄기영,신형철,이종호 역, 한빛미디어, 2010",,,True,True,False,False,False,True,target_department_and_target_course
66204,2022,충북대학교,전자정보대학,전자공학부,디지털집적회로설계,4,1학기,3,3,0,전공선택,1. CMOS TR 및 기본 회로에 대해 설계 및 분석을 할 수 있다. 2. 집적회로 설계 Tool을 이용하여 디지털 응용회로를 설계할 수 있다.,"1. Introduction to VLSI Circuits and Systems, John P. Uyemura, Wiley, 2002","1. CMOS Digital Integrated Circuits, Kang SungMo, McGraw Hill, 20032. CMOS VLSI Design: A Circuits and Systems Perspective, 4th, N. Weste and D. Harris, Pearson, 20113. Basics of CMOS Cell Design, Sicard and Bendhia, Tara McGrawHill, 2005",,,True,True,True,False,False,True,target_department_and_target_course
66210,2022,충북대학교,전자정보대학,전자공학부,종합설계 I,3,2학기,1,0,2,전공필수,"가. 목표 시스템을 설정하고 관련되는 자료를 분석하고, H/W 및 S/W 도구를 사용할 수 있다.나. 목표 시스템과 관련되어 적용된 전자공학 이론을 분석하고 응용할 수 있다.다. 2인이 팀을 구성하여 서로 협력하고 일을 분담하여 과제 전체를 완성할 수 있다. 라. 설계 시스템의 동작 원리 및 방법, 구현 방법 등을 효과적으로 전달할 수 있도록 보고서를 작성하고 발표할 수 있다.","1. 없음, 미정, ,",,,,True,False,True,False,False,True,target_department_and_foundational_course
66216,2022,충북대학교,전자정보대학,전자공학부,종합설계II,4,1학기,2,0,4,전공필수,"가. 전자공학의 기본이론, 원리를 적용하고 필요한 H/W, S/W 도구를 이용하여 간단한 시스템을 구현할 수 있다. 나. 2인 이상이 팀을 구성하여 서로 협력하고 일을 분담하여 과제 전체를 완성할 수 있다. 다. 제작 시스템의 동작 원리 및 방법, 구현 방법 등을 효과적으로 전달할 수 있도록 보고서를 작성하고 발표할 수 있다.","1. 없음, 없음, ,",,,,True,False,True,False,False,True,target_department_and_foundational_course
66227,2022,충북대학교,전자정보대학,전자공학부,전자회로실험,3,1학기,2,0,4,전공선택,"(가) 전자소자 특성 분석 및 기본회로의 해석, 설계, 시뮬레이션, 실현 및 성능평가 (나) 전자회로실험을 통해 시뮬레이션 도구 사용 및 시뮬레이션 결과를 토대로 실험과 설계기법을 익힌다.(다) 실험보고서 작성 기법 및 발표자료 작성 기법을 익힌다.","1. 전자회로실험, 양병도, PDF 파일 제공, 2019",,,,True,True,True,False,False,True,target_department_and_target_course
66228,2022,충북대학교,전자정보대학,전자공학부,전자회로실험,3,1학기,2,0,4,전공선택,"(가) 전자소자 특성 분석 및 기본회로의 해석, 설계, 시뮬레이션, 실현 및 성능평가 (나) 전자회로실험을 통해 시뮬레이션 도구 사용 및 시뮬레이션 결과를 토대로 실험과 설계기법을 익힌다.(다) 실험보고서 작성 기법 및 발표자료 작성 기법을 익힌다.","1. 전자회로실험, 양병도, PDF 파일 제공, 2019",,,,True,True,True,False,False,True,target_department_and_target_course
66229,2022,충북대학교,전자정보대학,전자공학부,전자회로실험,3,1학기,2,0,4,전공선택,"(가) 전자소자 특성 분석 및 기본회로의 해석, 설계, 시뮬레이션, 실현 및 성능평가 (나) 전자회로실험을 통해 시뮬레이션 도구 사용 및 시뮬레이션 결과를 토대로 실험과 설계기법을 익힌다.(다) 실험보고서 작성 기법 및 발표자료 작성 기법을 익힌다.","1. 전자회로실험, 양병도, PDF 파일 제공, 2019",,,,True,True,True,False,False,True,target_department_and_target_course
66230,2022,충북대학교,전자정보대학,전자공학부,전자회로실험,3,1학기,2,0,4,전공선택,"(가) 전자소자 특성 분석 및 기본회로의 해석, 설계, 시뮬레이션, 실현 및 성능평가 (나) 전자회로실험을 통해 시뮬레이션 도구 사용 및 시뮬레이션 결과를 토대로 실험과 설계기법을 익힌다.(다) 실험보고서 작성 기법 및 발표자료 작성 기법을 익힌다.","1. 전자회로실험, 양병도, PDF 파일 제공, 2019",,,,True,True,True,False,False,True,target_department_and_target_course
66344,2022,충북대학교,전자정보대학,소프트웨어학과,자료구조,2,1학기,3,3,1,전공필수,"After completing this course, it is expected for students to be able to: 1) Successfully explain the fundamental concept of data structures. 2) Make appropriate data structure and algorithm design decisions with respect to program size, execution speed, and storage efficiency. 3) Successfully use data structures in their programming such as stacks, queues, linked lists, trees, graphs, heap and so on. 4) Successfully explain key sorting algorithms. 5) Successfully explain the relationship between algorithms and data structures in time complexity perspective such as BigOh, LittleOh, and Omega.","1. Fundamental of Data Structures in C, Hprowitz and Sahni, SP, 2008","1. IT CookBook, C로 배우는 쉬운 자료구조(개정3판) , 이지영, 한빛출판사,",,,True,True,False,False,False,True,target_department_and_target_course
66346,2022,충북대학교,전자정보대학,소프트웨어학과,객체지향 프로그래밍,2,1학기,3,2,2,전공선택,1. Understanding ObjectOriented Programming2. Developing C ++ Language Programming Skills3. Cultivating the capability of analyzing and solving problems related to C ++ programming,"1. Lecture Note, Prepared Materials, Coordinated by Lecturer , , 2020, ,","1. C++ Programming with a workbook, 천정아, 이한출판사, 20072. 뇌를 자극하는 C++ 프로그래밍, 이현창, 한빛미디어, 2006",,,True,True,False,False,False,True,target_department_and_target_course
66348,2022,충북대학교,전자정보대학,소프트웨어학과,선형대수학,2,1학기,3,3,0,전공선택,"After completing this course, it is expected for students to have good knowledge on followings:1) Systems of linear equations2) Row reduction and echelon forms3) Matrix operations, including inverses4) Block matrices5) Linear dependence and independence6) Subspaces and bases and dimensions7) Orthogonal bases and orthogonal projections8) GramSchmidt process9) Linear models and leastsquares problems10) Determinants and their properties11) Cramer's Rule12) Eigenvalues and eigenvectors13) Diagonalization of a matrix14) Symmetric matrices15) Linear transformations16) Singular Value Decomposition","1. Linear Algebra and Its Applications (5th Edition), David C. Lay , Pearson,","1. 선형대수학 (5판), David C. Lay 저 (김병학 등 번역), (주)피어슨에듀케이션코리아, 2. 응용이 보이는 선형대수학, 이건명, 한빛출판사, 2020",,,True,False,True,False,False,True,target_department_and_foundational_course
66351,2022,충북대학교,전자정보대학,소프트웨어학과,컴퓨터구조,2,1학기,3,3,0,전공필수,"In our class, we focus on common computer architectural features for personal computers, servers, and embedded devices. At the end of this course you will understand basic principles on pipelining, cache hierarchies, memory systems, storage, and I/O systems.","1. Computer Organization and Design The Hardware/Software Interface, David A. Patterson and John L. Hennessy, ,","1. 한 눈에 보이는 컴퓨터구조, 전중남, 생능출판사, 2017",,,True,True,False,True,False,True,target_department_and_target_course
66353,2022,충북대학교,전자정보대학,소프트웨어학과,프로그래밍언어론,2,2학기,3,3,0,전공선택,"After completion of this course, the student will understand the following concepts of programminglanguages such as.Syntax, SemanticsNames, Scopes, and BindingsControl flow and data types.Data abstraction.Functional programming",,,"1. Concepts of programming languages , Robert W. Sebesta, 2015 , ,",,True,True,False,False,False,True,target_department_and_target_course
66355,2022,충북대학교,전자정보대학,소프트웨어학과,시스템프로그래밍,2,2학기,3,3,0,전공선택,"In this course, we will study the lower concepts of computer systems through assembly programmingEspecially, from the perspective of programmer, we will focus on assembly programming language and how a computer launches applications and stores information","1. Computer Systems: A Programmer's Perspective, Randal E. Bryant and David R. O'Hallaron, Prentice Hall, 1800",,,,True,True,False,False,False,True,target_department_and_target_course
66362,2022,충북대학교,전자정보대학,소프트웨어학과,객체지향 설계,3,1학기,3,3,1,전공필수,"The course will familiarize students with UML(Unified Modeling Language) and objectoriented software design in both theoretical and practical views. At the completion of this course, students will have gained the following competencies: Understand the fundamental concepts, approaches, and methodologies in objectoriented software development. Understand the semantics and syntax of UML as a modeling language Understand and exercise what is and how to draw the diagrams representing functional, structural, behavioral aspects of software, respectively. Understand the relationship among diagrams through software development process. Be able to apply the modeling techniques of objectorientation to project (design project) practices.","1. Systems Analysis and Design with UML, 4th Edition, Alan Dennis, et al., Wiley Publishing, Inc., 2013","1. UML을 활용한 시스템 분석 설계, 최은만, 생능출판, 2010",,,True,True,True,False,False,True,target_department_and_target_course
66365,2022,충북대학교,전자정보대학,소프트웨어학과,알고리즘,2,2학기,3,3,0,전공필수,"The students can explain the definition of algorithms and how to analyze the efficiency of algorithms. The students can understand and explain the classical algorithm development strategies such as divideandconquer, greedy algorithms, and dynamic programming with some representative algorithms. The students can implement the algorithms with a programming language.","1. Introduction to Algorithms, 3rd Ed., Cormen, Leiserson, Rivest, Stein, The MIT Press, 2009",,,,True,True,False,True,False,True,target_department_and_target_course
66382,2022,충북대학교,전자정보대학,소프트웨어학과,펌웨어프로그래밍,3,2학기,3,2,2,전공선택,1. Understanding the Arduino hardware platform2. Understanding the operation principles of sensors and actuators3. Improving the reading ability for data sheets and hardware manuals.4. Develop the software techniques to control the IO devices,"1. https://www.arduino.cc/, 아두이노 홈페이지, , 2. 기타 강의자료는 강의 사이트를 통해 제공, 전중남, , 3. AVR Processor 홈페이지, Microchip, ,",,,,True,True,False,False,False,True,target_department_and_target_course
66392,2022,충북대학교,전자정보대학,소프트웨어학과,기계학습,4,1학기,3,3,0,전공선택,Understand and explain the basic ideas of machine learning techniquesUnderstand and use important machine learning algorithms Use a machine learning framework Develop a strategy to use machine learning techniques for real problem solving,"1. 인공지능: 튜링테스트에서 딥러닝까지, 이건명, 생능출판, 2018",,,,True,True,False,True,False,True,target_department_and_target_course
66396,2022,충북대학교,전자정보대학,소프트웨어학과,오픈소스기초프로젝트,2,1학기,2,0,4,전공선택,Python syntax and concept of objectoriented programmingUtilizations of Python open source libraries for conducting projectsGit/Github basics and team project based on Git,"1. 파이썬 for Beginner, 우재남, 한빛아카데미, 2020","1. 나의 첫 파이썬설치부터 시작하는 가장 쉬운 입문서, 에릭 마테스 저, 한성용 옮김, ,",,,True,False,True,False,False,True,target_department_and_foundational_course
66427,2022,충북대학교,전자정보대학,정보통신공학부,공학수학 I,2,1학기,3,3,0,전공필수,"지식1) 1계 상수계수 선형미분방정식 해법을 이해할 수 있다.2) 2계 상수계수 선형미분방정식 해법을 이해할 수 있다.3) 라플라스 변환을 이용하여, 보다 쉽게 미분방정식을 이해할 수 있다.기술1) 전기회로 분석을 위하여 미분방정식 적용 기법을 익힐 수 있다.2) 라플라스 변환을 이용하여 미분방정식을 간단하게 푸는 방법을 익힐 수 있다.태도1) 여러가지 물리 현상이 미분방정식으로 설명될 수 있음을 이해하게 된다.2) 전자공학 분야에서의 과제를 수학적으로 모델링하도록 노력하게 된다.","1. Advanced Engineering Mathmatics, 10th ed., E.Kreszig, John Wiley & Son, 2011","1. Advanced Engineering Mathmatics, 5th ed., Zill & Wright, Jones & Bartlett Learning, 2014",,,True,False,True,False,False,True,target_department_and_foundational_course
66429,2022,충북대학교,전자정보대학,정보통신공학부,회로실험 I,2,1학기,2,0,4,전공필수,1. 기본적인 계측기를 사용할 수 있다.2. 아날로그 및 디지털 회로의 기본 소자의 기능을 이해할 수 있다.3. PSPICE로 아날로그 및 디지털 회로를 해석할 수 있다.1. I can use basic measuring instruments.2. I can understand the function of basic elements for analog and digital circuits.3. I can analysis analog and digital circuits using PSPICE simulation.,"1. 기초실험(자체교재), 충북대 전자정보대학, 충북대,",,,,True,True,True,False,False,True,target_department_and_target_course
66431,2022,충북대학교,전자정보대학,정보통신공학부,회로실험 I,2,1학기,2,0,4,전공필수,"1. 기본적인 계측기를 사용할 수 있다.2. 기본 회로소자(저항, 인덕터, 커패시터, 변압기)를 사용할 수 있다.3. RLC 회로를 설계할 수 있다.","1. 아날로그 및 디지털 기초회로 실험, 조태원, 김영철, 김남수, 양병도, 개신, 2009",,,,True,True,True,False,False,True,target_department_and_target_course
66435,2022,충북대학교,전자정보대학,정보통신공학부,회로실험 II,2,2학기,2,0,4,전공선택,"1. RLC회로의 시간응답/주파수 응답특성을 설계하고 실험할 수 있다.2. 저항, 인덕터, 커패시터, 변압기 등 기본 회로소자의 특성을 이용한 회로를 설계하고 실험할 수 있다.3. Flipflop을 이용한 순차회로를 설계하고 실험할 수 있다.4. Shiftregister를 설계하고 실험할 수 있다.","1. 아나로그 및 디지털 기초회로 실험, 조태원, 김영철, 김남수, 양병도, 개신, 2009",,,,True,True,True,False,False,True,target_department_and_target_course
66436,2022,충북대학교,전자정보대학,정보통신공학부,회로실험 II,2,2학기,2,0,4,전공선택,"1. RLC회로의 시간응답/주파수 응답특성을 설계하고 실험할 수 있다.2. 저항, 인덕터, 커패시터, 변압기 등 기본 회로소자의 특성을 이용한 회로를 설계하고 실험할 수 있다.3. Flipflop을 이용한 순차회로를 설계하고 실험할 수 있다.4. Shiftregister를 설계하고 실험할 수 있다.","1. 아나로그 및 디지털 기초회로 실험, 조태원, 김영철, 김남수, 양병도, 개신, 2009",,,,True,True,True,False,False,True,target_department_and_target_course
66439,2022,충북대학교,전자정보대학,정보통신공학부,확률및통계,2,2학기,3,3,0,전공선택,"1. 실험, 모델, 확률의 개념을 이해할 수 있다.2. 이산 랜덤변수의 개념과 다양한 특성을 이해할 수 있다.3. 연속 랜덤변수의 개념과 다양한 특성을 이해할 수 있다.4. 복수 랜덤변수의 개념과 다양한 특성을 이해할 수 있다.1. You can understand the concept of experiments, models, and probabilities.2. You can understand the concept and various properties of discrete random variables.3. You can understand the concept and various properties of continuous random variables.4. You can understand the concept and various properties of multiple random variables.","1. Probability and Stochastic Processes: A Friendly Introduction for Electrical and Computer Engineers 3rd Edition, Roy D. Yates and David J. Goodman, Wiley, 2014",,,,True,False,True,False,False,True,target_department_and_foundational_course
66452,2022,충북대학교,전자정보대학,정보통신공학부,자료구조,3,1학기,3,3,0,전공필수,1. Students can learn the basic concepts of data structure.2. Students can learn how to represent data and realize it with implementation.,"1. Fundamentals of Data Structures, Horowitzs and Shani, Prentice Hall, 2008",,,,True,True,False,False,False,True,target_department_and_target_course
66462,2022,충북대학교,전자정보대학,정보통신공학부,컴퓨터네트워크,2,2학기,3,3,0,전공필수,"1. Become familiar with layered communication architectures (OSI and TCP/IP).2. Understand the client/server model and key application layer protocols2. Understand the concepts of reliable data transfer and how TCP implements these concepts.3. Know the principles of congestion control and tradeoffs in fairness and efficiency.4. Learn the principles of routing and the semantics and syntax of IP.5. Familiarize the student with current topics such as security, network management, sensor networks, and/or other topics.","1. Computer Networking: A TopDown Approach (7th Edition), James Kurose, Keith Ross, Pearson, 2017",,,,True,True,False,False,False,True,target_department_and_target_course
66463,2022,충북대학교,전자정보대학,정보통신공학부,컴퓨터네트워크,2,2학기,3,3,0,전공필수,"1. Become familiar with layered communication architectures (OSI and TCP/IP).2. Understand the client/server model and key application layer protocols2. Understand the concepts of reliable data transfer and how TCP implements these concepts.3. Know the principles of congestion control and tradeoffs in fairness and efficiency.4. Learn the principles of routing and the semantics and syntax of IP.5. Familiarize the student with current topics such as security, network management, sensor networks, and/or other topics.","1. Computer Networking: A TopDown Approach (7th Edition), James Kurose, Keith Ross, Pearson, 2017",,,,True,True,False,False,False,True,target_department_and_target_course
66474,2022,충북대학교,전자정보대학,정보통신공학부,임베디드소프트웨어실습,2,2학기,3,2,2,전공필수,"1. ARM 프로세서/임베디드시스템/ARM SoC 컨트롤러의 개념 및 특징을 이해할 수 있다. PO1(기초지식)중2. ARM 임베디드시스템 및 마이크로프로세서의 기능을 이해하고, C언어 및 ARM 명령어를 활용하여 프로그래밍을 할 수 있다. PO3(공학문제)중3. ARM 프로세서를 다루기 위한 JTAG 디버거를 이해할 수 있다. PO4(공학도구)중","1. 8bit microcontroller with 128K bytes in system programmable flash, ATMEL, ATMEL, 2006","1. AVR ATmega128 마이크로컨트롤러, 김진환, 김동식, 생능출판사, 20142. 마이크로컨트롤러 AVR ATmega128, 이상설, 한빛아카데미, 2013",,,True,True,False,False,False,True,target_department_and_target_course
66478,2022,충북대학교,전자정보대학,정보통신공학부,정보통신개론,2,1학기,3,3,0,전공필수,1. Understand diverse technologies related to Information and Communication Engineering major. 2. Learn the required practical skills related to courses in Information and Communication Engineering.,"1. Computer Networking: A TopDown Approach (7th Edition), James Kurose, Keith Ross, Pearson, 2017",,,,True,True,False,False,False,True,target_department_and_target_course
66479,2022,충북대학교,전자정보대학,정보통신공학부,정보통신개론,2,1학기,3,3,0,전공필수,1. Understand diverse technologies related to Information and Communication Engineering major. 2. Learn the required practical skills related to courses in Information and Communication Engineering.,"1. Computer Networking: A TopDown Approach (7th Edition), James Kurose, Keith Ross, Pearson, 2017",,,,True,True,False,False,False,True,target_department_and_target_course
66486,2022,충북대학교,전자정보대학,정보통신공학부,정보통신실험,3,2학기,2,0,4,전공필수,1. Understand the operating principles of the circuits used in this course.2. Have knowledge on components used in the course.3. Be able to construct circuits used in the couse.4. Be able to test circuits used in the course.5. Be able to analyze the circuit test results.6. Be able to work and interact with other students in the team.,"1. 전자회로실험, 안재형, 김남, 김태준, 충북대학교CK사업단교육지원부, 2016","1. 핵심이 보이는 전자회로, 신경욱, 한빛아카데미, 2014",,,True,True,True,False,False,True,target_department_and_target_course
66488,2022,충북대학교,전자정보대학,정보통신공학부,안테나설계,3,2학기,3,3,0,전공선택,1. Understand operating principles of various antennas.2. Know how to design various antennas.3. Know how to measure antenna characteristics4. Know how to complete antenna application projects.,"1. Antennas: From Theory to Practice, Yi Huang and Kevin Boyle, Wiley, 20082. 실무로 완성하는 최신 안테나공학, 유태훈 (Huang & Boyle 원저), 한빛아카데미, 2014",,,,True,False,True,False,False,True,target_department_and_foundational_course
66490,2022,충북대학교,전자정보대학,정보통신공학부,미래설계준비,1,2학기,0,0,2,전공필수,Improve leadershipUnderstand the latest industry trendsObserve what skills are needed in modern companies,"1. Lecture Notes, 강의자 , ,",,,,True,False,True,False,False,True,target_department_and_foundational_course
66493,2022,충북대학교,전자정보대학,정보통신공학부,오픈소스 기초프로젝트,2,1학기,1,0,2,전공선택,1. Improve the coding skill of software by performing termproject of basic program and application programming.2. Complete the termproject supervised by professor3. Make presentations of the results in lecture.,"1. None, N.A., ,",,,,True,False,True,False,False,True,target_department_and_foundational_course
66494,2022,충북대학교,전자정보대학,정보통신공학부,오픈소스 기초프로젝트,2,1학기,1,0,2,전공선택,1. Improve the coding skill of software by performing termproject of basic program and application programming.2. Complete the termproject supervised by professor3. Make presentations of the results in lecture.,"1. None, N.A., ,",,,,True,False,True,False,False,True,target_department_and_foundational_course
66495,2022,충북대학교,전자정보대학,정보통신공학부,오픈소스 기초프로젝트,2,1학기,1,0,2,전공선택,1. Improve the coding skill of software by performing termproject of basic program and application programming.2. Complete the termproject supervised by professor3. Make presentations of the results in lecture.,"1. None, N.A., ,",,,,True,False,True,False,False,True,target_department_and_foundational_course
66499,2022,충북대학교,전자정보대학,정보통신공학부,오픈소스 개발프로젝트,2,2학기,1,0,2,전공선택,1. Improve the coding skill of software by performing termproject of basic program and application programming.2. Complete the termproject supervised by professor3. Make presentations of the results in lecture. 본 교과목을 수강하는 학생은 가디언 상담 보고서를 반드시 제출해야함(가디언과 상담 1회 이상 필수),"1. None, N.A., ,",,,,True,False,True,False,False,True,target_department_and_foundational_course
66501,2022,충북대학교,전자정보대학,정보통신공학부,오픈소스 전문프로젝트,3,1학기,1,0,2,전공선택,"□ 4차 산업시대를 맞이하여 신산업 분야의 미래인재를 체계적으로 양성하기 위한 창의·융합교육과정이 필요함□ 본 교과에서는 빅데이터, 인공지능, 사물인터넷 등 4차 산업혁명시대를 대표하는 신산업분야의 산학연 전문가들을 초청함으로써 각 분야의 기술개발 동향 및 관련 전공지식을 파악할 기회를 제공함. 이를 통하여 학생들의 창의력 및 융복합 관련 사고방식을 함양함은 물론 졸업 후의 진로 설계 및 전공지식 학습에 대한 동기를 부여함□ 또한, 학생들의 창업에 대한 도전의식을 높이기 위해서 창업 관련 전문가들을 초청하여 창업에 대한 지식을 전달하여 학생들에게 창업에 대한 동기를 부여함□ 또한, 빠르게 변화하는 산업 기술 변화에 대응하기 위해서는 실무능력향상 및 취업 역량 강화가 절실히 필요하며, 학생들 스스로 관심분야의 문제를 파악하고 해결해 나가는 자기주도형 프로젝트의 수행을 통하여 문제해결능력, 협업능력, 실무능력 등을 함양하고자 함□ 텀프로젝트 수행을 위해서, 학생들은 리눅스와 같은 오픈 소스 운영체를 사용하는 다양한 시스템 환경에서 이클립스와 같은 다양한 개발 및 텍스트 에디터 툴을 이용하여 파이썬과 같은 다양한 프로그래밍 언어를 사용할 수 있어야 함□ 수업과정을 통해 산출되는 모든 소스코드는 Github를 통해 코드이력관리를 수행할 수 있어야 함□ This course provides creative and integrated education processes to train future outstanding persons of new industrial fields in the era of the fourth industrial revolution.□ This course invites experts of industries, universities, and institutes of new industry fields such as Big Data, AI, and IoT represented in the era of the fourth industrial revolution and provides the opportunity to understand the trend of technology developments and the knowledge of related majors in each field.□ This course also invites experts of business startup to raise the challenging spirits about the business startup to students and provides the knowledges on it for the motivation about it.□ Students carry out selfdirected projects to figure out problems of interested fields and to solve them and thus foster problemsolving, collaboration, and practical affair abilities, and so on.□ Through performing termprojects, students use various programming languages such as Python in various development and editor tools such as Eclipse in various system environments using opensource operating systems such as Linux.□ Students upload all source codes produced from class activities to Github, the versatile sourcecode management tool, in order to effectively and efficiently control the source codes.","1. 추후 통보, 추후 통보, 추후 통보,",,,,True,False,True,False,False,True,target_department_and_foundational_course
66506,2022,충북대학교,전자정보대학,정보통신공학부,산학프로젝트(종합설계),3,2학기,1,0,2,전공필수,"1. Survey previous graduation projects2. Present the selected graduation project topic and development plan3. Study required knowledge and skills to fulfill the graduation project, and get the preliminary results4. Utilize open source software","1. Lecture notes from ecampus, School of information and communication engineering, ,",,,,True,False,True,False,False,True,target_department_and_foundational_course
66507,2022,충북대학교,전자정보대학,정보통신공학부,산학프로젝트(종합설계),3,2학기,1,0,2,전공필수,"1. Survey previous graduation projects2. Present the selected graduation project topic and development plan3. Study required knowledge and skills to fulfill the graduation project, and get the preliminary results4. Utilize open source software","1. Lecture notes from ecampus, School of information and communication engineering, ,",,,,True,False,True,False,False,True,target_department_and_foundational_course
66509,2022,충북대학교,전자정보대학,정보통신공학부,빅데이터시스템설계,3,2학기,3,3,0,전공선택,"In this course, students understand what database is and study the core components of database systems. Especially, students should understand and study the concepts of database systems, ER modeling, the design of a relational database, SQL, Embedded SQL programming, Index structures and Transaction processing.","1. 데이터베이스 시스템 개론, 김명호, 이윤준, 유재수, 도서출판 그린, 2004","1. 데이터베이스 배움터ORACLE을 기반(개정 3판), 홍의경, 생능출판사, 2014","1. A First Course in Database Systems, , J. D. Ullman and J. Widom, Prentice Hall, 2002",,True,True,True,True,False,True,target_department_and_target_course
66513,2022,충북대학교,전자정보대학,정보통신공학부,캡스톤디자인,4,1학기,1,0,2,전공필수,1. Survey of works related to a graduation project2. Select a graduation project topic and implement,"1. Lecture notes from ecampus, School of information and communication engineering, ,",,,,True,False,True,False,False,True,target_department_and_foundational_course
66528,2022,충북대학교,전자정보대학,정보통신공학부,미래설계탐색,1,1학기,1,0,2,전공선택,"1. 대학생활에 필요한 학습 방법, 생활 방법등을 학습한다.2. 자기주도학습 능력을 기른다.3. 정보통신 분야 공학에 관한 기초 소양을 학습한다.","1. 클라우스 슈밥의 제4차 산업혁명 THE NEXT, 클라우스 슈밥, 새로운현재, 2018",,"1. 성공하는 대학생들의 7가지 습관, 숀코비, 한국리더십센터출판사, 2015",,True,False,True,False,False,True,target_department_and_foundational_course
66540,2022,충북대학교,전자정보대학,반도체공학전공,기초회로실험,2,2학기,2,0,4,전공필수,"가. 기본적인 계측기의 사용법을 익힌다.나. 기본 회로소자(저항, 인덕터, 커패시터의 기본특성을 익힌고, RL, RC, RLC회로의 시간응답/주파수 응답특성을 설계하고 실험한다.다. 게이트, 가산기등 조합논리회로와 FlipFlop을 이용한 쉬프트 레지스터, 카운터 회로 등의 순차회로를 설계하고 실험한다.라. 시뮬레이션 툴을 이용하여 회로를 검증하고 소자로 구현 확인한다. 마. 종합설계 과제로 디지털시계를 설계한다.","1. 기초회로 실험, 조태원, 김영철, 김남수, 양병도, 개신, 2009",,,,True,True,True,False,False,True,target_department_and_target_course
66543,2022,충북대학교,전자정보대학,반도체공학전공,프로그래밍프로젝트,2,2학기,1,0,2,전공선택,1. 프로그래밍 역량 강화2. 프로젝트 제작 경험,"1. 없음, 없음, ,",,,,True,True,True,False,False,True,target_department_and_target_course
