source_row_number,year,university_name,college_name,department_name,course_name,grade,semester,credit,lecture_hours,practice_hours,course_type,learning_objective,main_textbook,sub_textbook,reference_material,prerequisite_material,target_department_match,target_course_match,foundational_course_match,strong_ai_cs_course_match,excluded_department_match,final_target_keep,keep_reason,quality_missing_ratio
552,2022,강원대학교,경영대학,정보통계학전공,빅데이터자료분석및실습,4,2학기,3,2,2,전공선택,통계적 가설을 설정하고 그에 맞게 실제 자료를 수집하는 능력 배양,"임동훈, 빅데이터 분석 그것이 R고싶다","김영우, 쉽게배우는 R데이터분석","김경태, 빅데이터 활용서 I","기초통계학, 통계프로그래밍언어R 초급",False,True,False,True,False,True,strong_ai_cs_course_outside_target_department,0.0
881,2022,강원대학교,농업생명과학대학,바이오시스템기계공학전공,인공지능개론,2,1학기,3,3,0,전공선택,"인공지능 핵심 이론이라 할 수 있는 탐색과 최적화, 지식 표현과 추론, 기계학습, 딥러닝, 계획수립 에 대해서 다루며 인공지능의 주요 응용분야라고 할 수 있는 데이터 마이닝, 자연어 처리, 컴퓨터 비전, 지능 로봇에 대해서 배운다",인공지능: 튜링 테스트에서 딥러닝까지 (저자: 이건명; ISBN: 9788970509594),,,,False,True,False,True,True,True,strong_ai_cs_course_outside_target_department,0.25
923,2022,강원대학교,동물생명과학대학,동물산업융합학과,풀사료자원과빅데이터,2,2학기,3,3,0,전공선택,"축산중 풀사료 big data를 이용한 이론적 실제를 배우고, 통계학, IT, 풀사료, 토양 및 기후 전문가와 공동으로 수량예측 등을 하며 이에 필요한 각종 프로그램을 구성해 봄",자체 인쇄물(또는 동영상자료) 배부,인쇄물( 또는 동영상 자료)를 주교재와 함께 공급함,,"o 초지/풀사료생산 및 이용학. o 코딩 관련 지식,o 4차산업혁명과 관련 책자 및 지식",False,True,False,True,False,True,strong_ai_cs_course_outside_target_department,0.08333333333333333
971,2022,강원대학교,동물생명과학대학,동물응용과학과,인공지능과동물산업,4,2학기,3,3,0,전공선택,"동물생명산업에서 필요한 인공지능, IoT 기술 등을 어떻게 응용하여 구현할 수 있는지 기술적인 부분을 배운다.",개념 설명 그림/표/동영상 + 주요 내용 요약 자료 + 수업 요약형 퀴즈,"놀랍게 쉬운 인공지능의 이해와 실습 (출판사: 성안당, 저자: 한선관 등, 출판년도: 2021년) 수업시간에 활용하기 바람.",,"프로그래밍(코딩)을 직접 다루지 않으나, 코딩 예시를 보여줄 수 있음. 수업 중, 코딩 기초 지식은 없어도 됩니다.",False,True,False,True,False,True,strong_ai_cs_course_outside_target_department,0.08333333333333333
1913,2022,강원대학교,사회과학대학,정치외교학과,정치와데이터분석,2,2학기,3,3,0,전공선택,정치이론을 기반으로 연구가설을 설정하고 이를 양적분석을 통해 검증한다.,소정현. 2022. 『2022 사회조사분석사 2급 2차 실기 한권으로 끝내기』. 시대고시기획,이종익. 2022. 『2022 사회조사분석사 2급 필기 한권으로 끝내기』. 시대고시기획,"Angrist, Joshua D. 외. 『고수들의 계량경제학: 인간관계란 무엇인가』. 시그마프레스",<정치학연구방법>을 수강했거나 유권자의 정치행태를 통계적으로 분석하고 싶은 학생들을 대상으로 하는 수업입니다. 만약 <정치학연구방법>이나 이와 비슷한 방법론 과목을 수강 하지 않은 학생들이 있으면 23주차에 진행할 변수측정과 자료수집에 관한 보충수업을 수강해야 합니다.,False,True,False,True,False,True,strong_ai_cs_course_outside_target_department,0.0
2604,2022,강원대학교,인문대학,영어영문학전공,인문학데이터마이닝,전학년,2학기,3,3,0,학문기초,데이터를 유형별로 구분하는 방법을 이해한다.프로그래밍을 통해 데이터를 분석하고 시각화 기술을 사용하여 효과적으로 표현한다.,"빅데이터 분석과 R 활용, 윤철호 저, 생능출판사, 2021","모두를 위한 R 데이터 분석 입문, 오세종 저, 한빛아카데미, 2019 / Do it! 쉽게 배우는 R 데이터 분석, 김영우 지음, 이지스퍼블리싱",수업 시간에 제시,"특별한 선수 과목과 지식은 없지만, 교양필수의 <컴퓨팅 사고력>이나 <파이썬 프로그래밍>을 수강하면 이해가 수월할 수 있음.",False,True,False,True,False,True,strong_ai_cs_course_outside_target_department,0.0
3193,2022,강원대학교,자연과학대학,수학과,알고리즘과수학,2,1학기,3,3,0,전공선택,문제를 해결하는 대표적인 앨거리듬 종류를 안다.,강의노트,"Foundations of Algorithms, Richard E. Neapolitan ( 이 책은 개강 후 무료로 얻을 수 있다)",,"특별한 선수 과목은 없고, 시중에 떠도는 퀴즈를 풀 때 필요한 지식이 있으면 좋다. 미분적분학이 필요하지는 않지만, 미분적분학을 공부할 수 있으면 충분하다.",False,True,False,True,False,True,strong_ai_cs_course_outside_target_department,0.08333333333333333
3338,2022,강원대학교,IT대학,전기전자공학과,컴퓨터프로그래밍,전학년,1학기,3,2,2,학문기초,주어진 문제를 해결할 수 있는 알고리즘을 설계하고 컴퓨터프로그래밍을 통해 구현한다.,"C언어 for beginner (개정4판), 우재남, 한빛아카데미",,,,True,True,False,False,False,True,target_department_and_target_course,0.25
3346,2022,강원대학교,IT대학,전기전자공학과,회로이론,1,2학기,3,3,0,전공선택,회로해석을 위한 수학적인 접근 방법 이해,회로이론; 박병국 외 3인 공역 (F.T. Ulaby 외 공저); 한빛아카데미,,,"1. 미분, 적분의 기초 지식2. 행렬식의 계산3. 미분방정식 풀이의 기본 개념",True,True,False,False,False,True,target_department_and_target_course,0.16666666666666666
3352,2022,강원대학교,IT대학,전기전자공학과,디지털회로실험,1,2학기,3,2,2,전공필수,"전기 전자 분야의 학생들이 기본적으로 필요한 디지털 회로에 대한 기본적인 사항을 실험 실습을 통하여 익히고, 설계 프로젝트를 통하여 응용 기술을 습득한다.","추후 공지, 이루리 사이트에 업로드 함",,,논리회로,True,True,True,False,False,True,target_department_and_target_course,0.16666666666666666
3354,2022,강원대학교,IT대학,전기전자공학과,전자회로,2,1학기,3,3,0,전공선택,1. 반도체 소자의 전기적 특성 이해2. 바이어스 회로의 역할과 소신호 증폭의 개념 이해,"Behzad Razavi, ""Fundamentals of Microelectronics"", Wiley",,"마이크로전자회로 (제2판), 한티미디어",회로 이론,True,True,False,False,False,True,target_department_and_target_course,0.08333333333333333
3355,2022,강원대학교,IT대학,전기전자공학과,전자회로,2,1학기,3,3,0,전공선택,1. 반도체 소자의 전기적 특성 이해2. 바이어스 회로의 역할과 소신호 증폭의 개념 이해,"마이크로전자회로; Razavi; 한티미디어, 2015",,"전자회로; 김동식; 생능출판사, 2015","회로이론 (node/mesh 해석, 중첩의 원리, Thevenin 정리, 1차 회로 해석 기법 등)",True,True,False,False,False,True,target_department_and_target_course,0.08333333333333333
3363,2022,강원대학교,IT대학,전기전자공학과,전자회로실험,2,2학기,3,2,2,전공필수,회로이론 및 전자회로 과목의 이론을 실험적으로 확인,"전기전자공학실험; 박종연, 박찬원 편저",,대학전자회로실험; 신인철 외 3인 공저; 청문각,"회로이론, 전자회로",True,True,True,False,False,True,target_department_and_target_course,0.08333333333333333
3365,2022,강원대학교,IT대학,전기전자공학과,전자회로실험,2,2학기,3,2,2,전공필수,회로이론 및 전자회로 과목의 이론을 실험적으로 확인하는 과정을 이해하고 실행,온라인 수업자료,기 수강한 전자회로 교재,,전자회로반도체소자의기본원리와 응용에 관한 지식,True,True,True,False,False,True,target_department_and_target_course,0.08333333333333333
3367,2022,강원대학교,IT대학,전기전자공학과,디지털신호처리,2,2학기,3,3,0,전공선택,신호의 스펙트럼 분석과 디지털 필터 설계의 원리 및 기법을 확실하게 이해하고 익힌다.,"이철희, 디지털 신호 처리 2판, 한빛아카데미, 2022 이철희, 핵심이 보이는 신호 및 시스템, 한빛아카데미, 2015","A. Ambardar, ""Digital Signal Processing : A Modern Introduction"", CENGAGE Learning, 2006 (번역판 : 류철외, 최신디지털 신호 처리, CENGAGE Learning Korea)V. K. Ingle & J. G. Proakis, Digital Signal Processing Using Matlab 2nd ed., 2007, Thomson. H. Hayes, ""Schaum's Outlines Series : Digital signal Processing"", McGraw Hill, 1999J.H. McClellan, R.W. Schafer & M.A. Yoder, DSP FirstA Mlutimedia Approach, PrenticeHall, 1998A.V. Openheim & R.W. Schafer, Discrete Time Signal Processing, Prentice Hall, 1989 P. A. Lynn & W. Fuerst, Introductory Digital Signal Processing with Computer Application, 2nd ed., John wiley & Sons, 1998",,신호 및 시스템,True,True,False,False,False,True,target_department_and_target_course,0.08333333333333333
3369,2022,강원대학교,IT대학,전기전자공학과,디지털신호처리,2,2학기,3,3,0,전공선택,신호의 스펙트럼 분석과 디지털 필터 설계의 원리 및 기법을 확실하게 이해하고 익힌다.,"디지털신호처리 : 기본 이론부터 MATLAB 실습까지, 이철희 저, 한빛아카데미",,,신호 및 시스템,True,True,False,False,False,True,target_department_and_target_course,0.16666666666666666
3380,2022,강원대학교,IT대학,전기전자공학과,고급컴퓨터프로그래밍,2,2학기,3,2,2,전공선택,마이크로소프트 비주얼스튜디오 개발환경을 활용한다.,"C 프로그래밍 파워업그레이드, 윤성우, Infinity Books. 강의 교재/자료 홈페이지 제공",,,필수 선수과목 : 컴퓨터프로그래밍. C 언어를 모르는 학생은 수강할 수 없음.,True,True,False,False,False,True,target_department_and_target_course,0.16666666666666666
3406,2022,강원대학교,IT대학,전기전자공학과,로봇공학개론,3,2학기,3,3,0,전공선택,"로봇 기구학, 위치와 방향의 기본원리를 배운다.",로보틱스입문 John J. Craig 저. 장평훈역. (주)텍스트북스. 강의자료 홈페이지 제공,,,C 프로그래밍 언어.수식으로 나타난 이론을 프로그래밍으로 시뮬레이션 하는데 필요함.,True,True,False,False,False,True,target_department_and_target_course,0.16666666666666666
3407,2022,강원대학교,IT대학,전기전자공학과,반도체공학,3,2학기,3,3,0,전공선택,"본 수업을 수강할 경우, pn 접합에 대한 기본 이해를 통해 각종 반도체 소자 및 집적회로에 대한 동작 원리와 그 제조 공정에 대한 이해도를 향상시킨다.",개념이 보이는 물리전자공학 (한빛아카데미),"S. O. Kasap, ""Principles of Electronic Materials and Devices""",,"화학 또는 물리학, 공학수학, 전자회로, 전자기학",True,True,False,False,False,True,target_department_and_target_course,0.08333333333333333
3410,2022,강원대학교,IT대학,전기전자공학과,디지털영상처리,3,2학기,3,2,2,전공선택,디지털영상처리의 기반이 되는 배경 이론의 이해,OpenCVPython으로 배우는 영상 처리 및 응용; 정성환 외 1인; 생능출판사,,,신호 및 시스템,True,True,False,False,False,True,target_department_and_target_course,0.16666666666666666
3413,2022,강원대학교,IT대학,전기전자공학과,차세대통신기술,4,2학기,3,3,0,전공선택,4차 산업혁명과 정보통신의 이해의 핵심 기술의 주요 주제에 대한 이해,"4차 산업혁명과 정보통신의 이해, 김정섭, 이호상, 양인창 저, 한빛아카데미",,,없음,True,True,False,False,False,True,target_department_and_target_course,0.16666666666666666
3416,2022,강원대학교,IT대학,전기전자공학과,캡스톤디자인2,4,1학기,1,0,2,전공필수,계획한 설계 작품을 다양한 공학도구를 이용하여 구현,별도 교재 없음,,,없음,True,False,True,False,False,True,target_department_and_foundational_course,0.16666666666666666
3423,2022,강원대학교,IT대학,전자공학과,선형대수,전학년,1학기,3,3,0,학문기초,선형대수의 주요 주제에 대한 이해,"MATLAB으로 배우는 선형대수학 ; 이광연 외 1인 ; 한빛아카데미, 2015",,"선형대수학 ; 이정문 외 5인 ; 사이텍미디어, 2007",,True,False,True,False,False,True,target_department_and_foundational_course,0.16666666666666666
3424,2022,강원대학교,IT대학,전자공학과,선형대수,전학년,2학기,3,3,0,학문기초,공학에서 자주 등장하는 선형시스템 분석 이해에 필요한 선형대수 이론을 숙지한다.,한 걸음씩 알아가는 선형대수학(출판사: 한빛아카데미) (원저: Linear Algebra: Step by Step (저자: Kuldeep Singh)),,,,True,False,True,False,False,True,target_department_and_foundational_course,0.25
3429,2022,강원대학교,IT대학,전자공학과,신호및시스템,2,2학기,3,3,0,전공필수,전자 공학 이론들을 이해하기 위한 필수 선수 지식인 신호와 시스템 관련 이론 개념을 이해한다.,"기초 신호및시스템(저자:이철희, 출판사:한빛아카데미)",,,IT미적분학,True,True,False,False,False,True,target_department_and_target_course,0.16666666666666666
3430,2022,강원대학교,IT대학,전자공학과,디지털통신,3,2학기,3,3,0,전공선택,디지털 통신의 기본 개념 및 이론들을 이해한다.,"통신이론 7판 (역자: 박상규 외, 출판사: 시그마프레스) (원저: Principles of Communications: Systems, Modulation, and Noise, 저자: Ziemer 외)",,,"IT 미적분학, 신호 및 시스템, 확률 및 통계, 통신이론",True,True,False,False,False,True,target_department_and_target_course,0.16666666666666666
3437,2022,강원대학교,IT대학,전자공학과,마이크로프로세서실험,2,2학기,3,1,4,전공필수,컴퓨터 동작원리를 이해하고 기본적인 프로그래밍 기술을 습득한다.,마이크로컨트롤러 CortexM3 한백전자,,,컴퓨터 구조논리회로(디지털 시스템)디지털 실험,True,True,True,False,False,True,target_department_and_target_course,0.16666666666666666
3447,2022,강원대학교,IT대학,전자공학과,전자공학설계프로젝트2,4,2학기,3,0,6,전공선택,"학습한 전공 지식을 활용하여 실용 시스템 개발한다. (이를 위해 기존 실용 제품/작품들을 조사한다.)아누이노, 라즈베리파이, 앱인벤터 등 실제 공통적으로 많이 사용되는 간단한 실무 지식을 추가 학습한다.",없음,,,없음,True,False,True,False,False,True,target_department_and_foundational_course,0.16666666666666666
3450,2022,강원대학교,IT대학,전자공학과,컴퓨터구조,2,1학기,3,3,0,전공선택,"전자공학 세부전공으로서의 마이크로프로세서 실험, 마이크로프로세서 응용, Embedded System 등의 과목을 수강하기 위한 기초 과목으로서의 역할을 한다.현대 컴퓨터의 하드웨어적 구조를 바탕으로 설계 능력을 배양하고, 주변기기를 통합하여 컴퓨터 시스템을 구축하는 방법을 익힌다.","1. 최신 컴퓨터구조, 임석구,홍경호, 한빛아카데미 2.Computer System Architecture, M. Morris Mano, Prentice Hall.,","컴퓨터구조론 : 김종현, 생능출판","Computer Design & Architecture, Sajja G. Shiva 컴퓨터구조, 최승욱, 삼진출판사","Digital System (디지털공학, 논리회로)",True,True,False,True,False,True,target_department_and_target_course,0.0
3453,2022,강원대학교,IT대학,전자공학과,회로이론,1,1학기,3,3,0,전공선택,"회로이론을 공부하는 모든 이들이 향후 전자회로, 반도체소자, 아날로그및디지털 회로, 통신시스템, 제어이론 등 다양한 전자전자 분야에 진출하는데 있어 기초 학문이라 할 수 있는 본 과목을 학습함을 통해 미래의 전기전자 및 통신공학을 이끌어갈 인재로 커가는데 큰 도움이 되길 바랍니다.","김동식, ""회로이론 Express"", 생능출판사, 2014.02","박병국, ""회로이론"", 한빛출판사, 2020.2",,"기초전자공학, 공학수학, 대학물리, 미적분학",True,True,False,False,False,True,target_department_and_target_course,0.08333333333333333
3460,2022,강원대학교,IT대학,전자공학과,실시간신호처리,3,2학기,3,3,0,전공선택,RTOS 활용 능력 및 실시간 구현 및 문제 해결 능력을 배양하여 실무 능력 향상,배포되는 강의자료 및 실습 자료,Digital Signal Processing and Applications with the OMAPL138 eXperimenterDigital Signal Processing Using Matlab,,"디지털 신호 처리C 언어, 마이크로프로세서",True,True,False,False,False,True,target_department_and_target_course,0.08333333333333333
3464,2022,강원대학교,IT대학,전자공학과,전자회로실험,2,2학기,3,2,2,전공선택,회로 동작원리 이해,자체제작 교재 (매주 이루리에 올려놓을 예정),,,회로이론전자회로,True,True,True,False,False,True,target_department_and_target_course,0.16666666666666666
3524,2022,강원대학교,IT대학,컴퓨터공학과,C프로그래밍,1,2학기,3,2,2,학문기초,이론 시간에 배운 C 프로그래밍 기법을 적용하여 주어진 문제를 창의적으로 해결하는 알고리즘을 작성할 수 있다.,개정판 누구나 쉽게 즐기는 C언어 콘서트,쉽게 풀어쓴 C언어 Express,,없음.,True,True,False,False,False,True,target_department_and_target_course,0.08333333333333333
3525,2022,강원대학교,IT대학,컴퓨터공학과,C프로그래밍,1,2학기,3,2,2,학문기초,이론 시간에 배운 C 프로그래밍 기법을 적용하여 주어진 문제를 창의적으로 해결하는 알고리즘을 작성할 수 있다.,개정3판 명품 C언어 프로그래밍,,,없음.,True,True,False,False,False,True,target_department_and_target_course,0.16666666666666666
3526,2022,강원대학교,IT대학,컴퓨터공학과,C프로그래밍,1,2학기,3,2,2,학문기초,이론 시간에 배운 C 프로그래밍 기법을 적용하여 주어진 문제를 창의적으로 해결하는 알고리즘을 작성할 수 있다.,"누구나 쉽게 즐기는 C언어 콘서트. 개정 3판. 천인국 지음, 생능출판사","쉽게 풀어 쓴 C언어 Express, 개정 3판. 천인국 지음, 생능출판사",,해당 사항 없음,True,True,False,False,False,True,target_department_and_target_course,0.08333333333333333
3527,2022,강원대학교,IT대학,컴퓨터공학과,C프로그래밍,1,2학기,3,2,2,학문기초,"c 언어 프로그래밍을 활용하여 자연수, 정수, 실수에 대한 추상화를 유도하므로, 문제 해결을 위한 필요한 데이터 타입을 만들수 있는 능력을 연마한다.기존 문제점들을 해결한 사례들을 분석하고 실습 하므로 새로운 문제들을 해결하기위한 방안을 스스로 만들어 내고, 그 방안을 C 언어를 사용하여 프로그래밍화하여 결과를 입증하므로 문제 해결을 위한 창의성을 키운다.","천인국 저, 쉽게 풀어쓴 C 언어 Express 개정 3판, 생능출판사",,,없음,True,True,False,False,False,True,target_department_and_target_course,0.16666666666666666
3528,2022,강원대학교,IT대학,컴퓨터공학과,C프로그래밍,1,2학기,3,2,2,학문기초,이론 시간에 배운 C 프로그래밍 기법을 적용하여 주어진 문제를 창의적으로 해결하는 알고리즘을 작성할 수 있다.,"천인국 저, 쉽게 풀어쓴 C 언어 Express 수정판(개정판 3판), 생능출판사, 2018년 8월.",,,없음,True,True,False,False,False,True,target_department_and_target_course,0.16666666666666666
3529,2022,강원대학교,IT대학,컴퓨터공학과,C프로그래밍,1,2학기,3,2,2,학문기초,이론 시간에 배운 C 프로그래밍 기법을 적용하여 주어진 문제를 창의적으로 해결하는 알고리즘을 작성할 수 있다.,"누구나 쉽게 즐기는 C언어 콘서트(개정3판), 천인국 저, 생능출판사, 2021.07.23 출판","쉽게 풀어쓴 C언서 Express(개정3판), 천인국 저, 생능출판사",,없음.,True,True,False,False,False,True,target_department_and_target_course,0.08333333333333333
3530,2022,강원대학교,IT대학,컴퓨터공학과,C프로그래밍,1,2학기,3,2,2,학문기초,이론 시간에 배운 C 프로그래밍 기법을 적용하여 주어진 문제를 창의적으로 해결하는 알고리즘을 작성할 수 있다.,"천인국 저, 쉽게 풀어쓴 C언서 Express 개정 3판, 생능출판사","안기수 저, 명품 C언어 프로그래밍 개정 3판, 생능출판사 / 천인국 저, 누구나 쉽게 즐기는 C언어 콘서트",,없음.,True,True,False,False,False,True,target_department_and_target_course,0.08333333333333333
3532,2022,강원대학교,IT대학,컴퓨터공학과,자바프로그래밍1,1,1학기,3,2,2,학문기초,소규모 프로그래밍 과제가 주어졌을 때 자바를 이용해 해결할 수 있게 된다.,없음. 수업에서 자료를 제공함.,,"명품 JAVA Programming, 개정4판, 황기태, 김효수 저, 생능출판사, 2018년 / 자바의 정석 기초편, 남궁성 저, 도우출판, 2019년",없음,True,True,False,False,False,True,target_department_and_target_course,0.08333333333333333
3536,2022,강원대학교,IT대학,컴퓨터공학과,자바프로그래밍1,1,1학기,3,2,2,학문기초,"실습 시간의 예제를 구현하고, 목적에 따라 수정을 추가하여 다양한 형태의 프로그래밍 결과를 학습","어서와 Java는 처음이지!, 천인국, 인피니티북스.",기타 자바 입문 교재,,,True,True,False,False,False,True,target_department_and_target_course,0.16666666666666666
3537,2022,강원대학교,IT대학,컴퓨터공학과,자바프로그래밍1,1,1학기,3,2,2,학문기초,소규모 프로그래밍 과제가 주어졌을 때 자바를 이용해 해결할 수 있게 된다.,수업시간에 제공되는 자료,,"명품 JAVA Programming, 개정4판, 황기태, 김효수 저, 생능출판사, 2018년 / 자바의 정석 기초편, 남궁성 저, 도우출판, 2019년","선수 과목및 지식이 필요없는 기초 과목입니다.쉽게 포기하지 않고, 스스로 해내려 하는 의지.복붙하지 않고 나만의 코드를 완성하려는 마음을 필요로합니다.",True,True,False,False,False,True,target_department_and_target_course,0.08333333333333333
3538,2022,강원대학교,IT대학,컴퓨터공학과,자바프로그래밍2,1,2학기,3,2,2,학문기초,소규모 프로그래밍 과제가 주어졌을 때 자바를 이용해 객체지향 프로그래밍 기법으로 해결할 수 있게 된다.,없음,,"명품 JAVA Programming, 개정4판, 황기태, 김효수 저, 생능출판사, 2018년 / 자바의 정석 기초편, 남궁성 저,| 도우출판, 2019년 / 가장 빨리 만나는 코어 자바 9, 카이 호스트만 저, 신경근 역, 길벗 2018년","자바프로그래밍 1, 혹은 C언어, Python, Basic 등 다른 프로그래밍 언어를 이용하는 프로그래밍 과목을 이수했거나 그에 상당하는 지식과 경험이 있어야 함.데이터 타입, 변수, 연산, 조건문, 반복문, 함수(메소드) 호출, 배열 등의 개념을 이해하고 있어야 하며 이들을 활용한 기본적인 프로그래밍 연습이 되어 있어야 함.",True,True,False,False,False,True,target_department_and_target_course,0.08333333333333333
3539,2022,강원대학교,IT대학,컴퓨터공학과,자바프로그래밍2,1,2학기,3,2,2,학문기초,소규모 프로그래밍 과제가 주어졌을 때 자바를 이용해 해결할 수 있게 된다.,"가장 빨리 만나는 코어 자바 9, 카이 호스트만 저, 신경근 역, 길벗 2018년 03월 30일 (종이책도 있고 전자책도 있음)",,"(1) 이것이 자바다, 신용권 지음, 한빛미디어. (2) 명품 JAVA Programming, 황기태, 김효주 지음, 생능출판사, (3) Java의 정석, 제3판, 남궁성 지음, 도우출판.","자바프로그래밍 1, 혹은 C언어, Python, Basic 등 다른 프로그래밍 언어를 이용하는 프로그래밍 과목을 이수했거나 그에 상당하는 지식과 경험이 있어야 함.데이터 타입, 변수, 연산, 조건문, 반복문, 함수(메소드) 호출, 배열 등의 개념을 이해하고 있어야 하며 이들을 활용한 기본적인 프로그래밍 연습이 되어 있어야 함.",True,True,False,False,False,True,target_department_and_target_course,0.08333333333333333
3541,2022,강원대학교,IT대학,컴퓨터공학과,자바프로그래밍2,1,2학기,3,2,2,학문기초,프로그래밍 문제를 분석하고 이해하여 객체지향 프로그램(Java 프로그램)으로 작성할 수 있도록 함,"어서와 Java는 처음이지!, 천인국, 인피니티북스.",,"First Java, 유영진, 이도연, 연두에디션, 2021년1월 초판",자바프로그래밍1,True,True,False,False,False,True,target_department_and_target_course,0.08333333333333333
3545,2022,강원대학교,IT대학,컴퓨터공학과,논리회로,2,1학기,3,3,0,전공선택,디지털 시스템의 구성 및 동작에 대한 기초 원리를 학습한다,"""디지털 논리회로"", 생능출판사, 김종현","Fundamentals of Logic Design 7/E, Roth",,,True,True,False,False,False,True,target_department_and_target_course,0.16666666666666666
3546,2022,강원대학교,IT대학,컴퓨터공학과,이산수학,2,1학기,3,3,0,전공선택,이산수학에서 사용하는 용어를 정확히 이해하는 것이 중요함,"컴퓨팅 사고력을 키우는 이산수학 [3판], 박주미(저자) 한빛아카데미",,,없음,True,False,True,False,False,True,target_department_and_foundational_course,0.16666666666666666
3550,2022,강원대학교,IT대학,컴퓨터공학과,자료구조,2,1학기,3,2,2,전공필수,"각 자료구조에 대하여 구성 요소 및 연산 방법을 자바로 구현하고, 이를 기반으로 응용 문제를 구현하여 그 결과를 확인한다.","파이썬으로 쉽게 풀어쓴 자료구조, 생능출판사, 최영규, 천인국 저, 2020년",,,파이썬에 대한 기본지식이 요구됨(파이썬 코딩 능력이 부족한 학생을 위해 강의 초기에 파이썬 프로그래밍에 대하여 요약 강의를 할 예정임),True,True,False,False,False,True,target_department_and_target_course,0.16666666666666666
3551,2022,강원대학교,IT대학,컴퓨터공학과,자료구조,2,1학기,3,2,2,전공필수,"각 자료구조에 대하여 구성 요소 및 연산 방법을 자바로 구현하고, 이를 기반으로 응용 문제를 구현하여 그 결과를 확인한다.","교재 : 자바로 배우는 쉬운 자료구조, 이지영, 한빛아카데미, 2013(수정판)","부교재 : 쉽게 배우는 자료구조 with 자바, 문병로, 한빛아카데미, 2022.","참고도서 : 이것이 자바다, 신용권, 한빛미디어, 2015.",컴퓨터 프로그래밍 과목을 이수하여 Java에 대한 기본지식이 요구됨,True,True,False,False,False,True,target_department_and_target_course,0.0
3554,2022,강원대학교,IT대학,컴퓨터공학과,선형대수학,2,1학기,3,3,0,전공선택,선형대수는 현대 응용수학에서 미적분학과 함께 가장 기본적이며 중요한 분야이다. 특히 수리적 문제 해결을 위해 선형대수의 이론과 응용에 관한 지식이 반드시 필요하다. 본 과목에서는 이러한 선형대수학의 이론적 개념을 배울 뿐만 아니라 실제 문제에 응용한 해법을 연습한다.,"기초 선형대수학, 이광연 , 설한국, 김진수 지음, 2판 | 한빛아카데미 | 2021년",,,1. 기초수학2. 고교수학,True,False,True,False,False,True,target_department_and_foundational_course,0.16666666666666666
3558,2022,강원대학교,IT대학,컴퓨터공학과,리눅스프로그래밍,2,1학기,3,2,2,전공선택,"리눅스 시스템은 임베디드 시스템, 시스템 보안, 시스템 프로그래밍, 네트워크 시스템 등다양한 분야와 밀접하게 관련되어있으며,리눅스 프로그래밍 수업을 통해서 기초 능력을 배양한다.","Advanced Programming in the UNIX Environment, Stevens, W. Richard",유닉스 리눅스 프로그래밍 필수 유틸리티,,C 언어,True,True,False,False,False,True,target_department_and_target_course,0.08333333333333333
3562,2022,강원대학교,IT대학,컴퓨터공학과,알고리즘,2,2학기,3,3,0,전공선택,이론/실용적인 문제에 대해 정형적으로 정의하고 이를 알고리즘으로 표현하는 능력을 키운다.,"알고리즘 기초 (5판), Richard Neapolitan 지음, 도경구 옮김, 홍릉과학출판사, 2017년.","Introduction to Algorithms 토머스 코멘 , 찰스 레이서손 , 로날드 리베스트 , 클리포드 스타인 지음, 문병로 , 심규석 , 이충세 옮김, 한빛아카데미 , 2014년.","파이썬 알고리즘 인터뷰 95가지 알고리즘 문제 풀이로 완성하는 코딩 테스트, 박상길 지음, 정진호 그림, 책만, 2020년.",,True,True,False,True,False,True,target_department_and_target_course,0.08333333333333333
3563,2022,강원대학교,IT대학,컴퓨터공학과,알고리즘,2,2학기,3,3,0,전공선택,이론/실용적인 문제에 대해 정형적으로 정의하고 이를 알고리즘으로 표현하는 능력을 키운다.,"교재: 도경구 역, 알고리즘 기초 (제5판), 홍릉과학출판사","Foundations of Algorithms Using C++ Pseudocode (제3판), 사이텍미디어 (원저자: Richard Neapolitan and Kumarss Naimipour)","장직현 역, 컴퓨터 알고리즘/C++, 사이텍미디어 (원저자: Horowitz, Sahni, and Rajasekaran)",,True,True,False,True,False,True,target_department_and_target_course,0.08333333333333333
3564,2022,강원대학교,IT대학,컴퓨터공학과,알고리즘,2,2학기,3,3,0,전공선택,제시된 문제에 대한 알고리즘을 작성할 수 있다.,"(번역본) 도경구 역, 알고리즘 기초, , 홍릉과학출판사, 2017, (원서) R. E. Neapolitan, Foundations of Algorithms, 5th ed., 2015, Jones and Bartlett Learning",,"T. H. Cormen et al., Introduction to Algorithms, 3rd ed., 2009, MIT Press",컴퓨터 프로그래밍 과목 및 자료구조 과목을 이수한 경우에만 본 과목을 이수할 수 있다.,True,True,False,True,False,True,target_department_and_target_course,0.08333333333333333
3565,2022,강원대학교,IT대학,컴퓨터공학과,알고리즘,2,2학기,3,3,0,전공선택,중요한 computational 문제 및 문제 해결을 위한 핵심 알고리즘들에 대해 학습함.,"Richard E. Neapolitan, ""Foundations of Algorithms"", 5th edition",,"Thomas H. Cormen, Charles E. Leiserson, Ronald L. Rivest, Clifford Stein, ""Introduction to Algorithms"", 3rd edition",,True,True,False,True,False,True,target_department_and_target_course,0.16666666666666666
3568,2022,강원대학교,IT대학,컴퓨터공학과,마이크로프로세서,2,2학기,3,3,0,전공선택,마이크로프로세서의 동작 원리를 이해하고 설명할 수 있다.,"김용석, 마이크로프로세서의 이해: 프로그래밍에서 프로세서 설계까지, 개정판, 2017, 홍릉과학출판사",,,"선수과목: C 언어에 대한 기본적인 지식이 필요함 후속과목:3학년의 컴퓨터구조, 운영체제 과목 이수에 필요한 지식을 습득함",True,True,False,False,False,True,target_department_and_target_course,0.16666666666666666
3570,2022,강원대학교,IT대학,컴퓨터공학과,문제해결프로그래밍,2,2학기,3,2,2,전공선택,적합한 자료구조와 알고리즘을 문제에 맞게 선정할 수 있다.,"스티븐 스키에나, 미구엘 레비야 저, 서환수 역, 알고리즘 트레이닝 북 (Programming Challenges), 한빛미디어, 2014.5 (10쇄)",,,C/C++ 또는 자바 프로그래밍자료구조 및 실습,True,True,False,False,False,True,target_department_and_target_course,0.16666666666666666
3572,2022,강원대학교,IT대학,컴퓨터공학과,문제해결프로그래밍,2,2학기,3,2,2,전공선택,컴퓨터를 이용하여 주어진 문제를 효과적으로 해결하기 위한 알고리즘 설계 능력을 배운다.,"스티븐 스키에나, 미구엘 레비야 저, 서환수 역, 알고리즘 트레이닝 북 (Programming Challenges), 한빛미디어, 2014.5 (10쇄)",,,,True,True,False,False,False,True,target_department_and_target_course,0.25
3573,2022,강원대학교,IT대학,컴퓨터공학과,시스템프로그래밍,2,2학기,3,3,0,전공선택,"In this course, you will learn how computers work from a programmer's perspective.","""Computer Systems: A Programmer's Perspective"", Third Edition, Pearson","""Computer Systems: A Programmer's Perspective"", 1st/2nd Edition, Pearson",,Courses on C and Linux,True,True,False,False,False,True,target_department_and_target_course,0.08333333333333333
3578,2022,강원대학교,IT대학,컴퓨터공학과,운영체제,3,1학기,3,3,0,전공필수,운영체게 구성 및 원리 이해,"Operating system concepts (10/e), Avraham Silberschatz",,,"시스템 프로그래밍, 리눅스 프로그래밍, C 언어",True,True,False,True,False,True,target_department_and_target_course,0.16666666666666666
3579,2022,강원대학교,IT대학,컴퓨터공학과,데이터통신,3,1학기,3,3,0,전공선택,사물인터넷에 사용되는 데이터통신 기술의 원리를 이해한다,교재 내용은 PDF 형태의 프린트물로 제공함,,,없음,True,True,False,False,False,True,target_department_and_target_course,0.16666666666666666
3589,2022,강원대학교,IT대학,컴퓨터공학과,프로그래밍언어,3,1학기,3,3,0,전공선택,컴퓨터과학 분야의 핵심 이론인 프로그래밍 언어 이론을 배우고 프로그래밍 언어 해석기와 타입 검사기를 직접 구현해본다.,강의 슬라이드,"Daniel P. Friedman and Mitchell Wand, Essentials of Programming Languages, 3rd edition. The MIT Press",Notes on Programming Languages (한글) 이광근 저; Programming Languages Course Notes (영어) 박성우 저,"필수 선수과목은 없지만 이산수학, 객체지향프로그래밍, 자료구조, 자료처리, 리눅스프로그래밍, 알고리즘 등의 교과목을 미리 수강하면 좋습니다.",True,True,False,False,False,True,target_department_and_target_course,0.0
3591,2022,강원대학교,IT대학,컴퓨터공학과,컴퓨터구조,3,2학기,3,3,0,전공필수,you can learn how to think critically in solving problem.,"""Computer Organization and Design"", A Patterson and John L. Hennessy",,,It would be good if you took system programming(4471020) and C programming classes,True,True,False,True,False,True,target_department_and_target_course,0.16666666666666666
3592,2022,강원대학교,IT대학,컴퓨터공학과,컴퓨터구조,3,2학기,3,3,0,전공필수,문제의 핵심을 파악하고 적극적으로 추론하여 사용 가능한 다양한 대안을 도출하고 구체적 행동으로 연계될 수 있는 최적의 해결책을 도출하는 능력을 배양한다.,"""컴퓨터시스템 구조론 (제10판)"", 김종현 역, 성진미디어, 2018.8 발행",,,,True,True,False,True,False,True,target_department_and_target_course,0.25
3593,2022,강원대학교,IT대학,컴퓨터공학과,컴퓨터구조,3,2학기,3,3,0,전공필수,"실제 시스템에 구현된 사례 분석, 이해를 통해 응용 및 설계 능력을 배양함","David A. Patterson and John L.Hennessy, Computer Organization and Design : The Hardware/Software Interface, Fifth/Sixth Edition, 2014/2020.","Bryant and O'Hallaron, Computer Systems A Programmer's Perspective, Third Edition, 2015.","RISCV Foundation https://riscv.org/, William Stallings, Computer Organization and Architecture, 11th Edition, Pearson, 2019","마이크로프로세서, 시스템프로그래밍에 대한 사전지식이 있으면 본 교과목 내용을 복합적, 심층적으로 이해하는데 도움이 됨",True,True,False,True,False,True,target_department_and_target_course,0.0
3596,2022,강원대학교,IT대학,컴퓨터공학과,데이터베이스,3,2학기,3,3,0,전공선택,"데이터 저장, 관리, 분석에 관련된 현실의 문제를 컴퓨터로 모델링하여 해결하는 방법을 학습한다.","황규영외(역), 데이터베이스 시스템(7판,6판)","박석(역), 데이터베이스 시스템, 홍릉과학출판사",,선택: 데이터 구조(자료구조),True,True,False,True,False,True,target_department_and_target_course,0.08333333333333333
3597,2022,강원대학교,IT대학,컴퓨터공학과,디지털영상처리,3,2학기,3,3,0,전공선택,전공에 대한 전문성과 타 학문에 대한 이해 및 개방적 태도를 바탕으로 여러 전공 분야의 지식을 통합 혹은 융합하여 유용한 지식이나 가치를 창출한다.,교재는 강의 시간에 공지하겠습니다.,,,기본 수학,True,True,False,False,False,True,target_department_and_target_course,0.16666666666666666
3598,2022,강원대학교,IT대학,컴퓨터공학과,인공지능,3,2학기,3,3,0,전공선택,인공지능을 구현하는 프로그래밍 능력을 습득한다,온강의 자료 제공,,파이썬으로 배우는 머신러닝 / 홍릉과학출판사 / 김화종 저,"수업에서 파이선을 이용한 프로그램을 많이 다루므로, 미리 파이썬을 공부하면 도움이 되며 한 학기동안 지속적으로 사용할 개인 PC가 확보 되어야 한다.",True,True,False,True,False,True,target_department_and_target_course,0.08333333333333333
3600,2022,강원대학교,IT대학,컴퓨터공학과,인공지능,3,2학기,3,3,0,전공선택,인공지능을 위한 통계적 모델과 신경망 모델을 구축할 수 있다.,"교재: G.F. Luger, Artificial Intelligence Structures and Strategies for Complex Problem Solving (6th ed.), Addison Wesley, 2009.참고서: 도용태 외 3인 공저, 인공지능 개념 및 응용(개정판), 사이텍미디어, 2001.",,,"이산수학, 컴퓨터프로그래밍(교재가 영어로 되어 있음을 참고하세요.)",True,True,False,True,False,True,target_department_and_target_course,0.16666666666666666
3601,2022,강원대학교,IT대학,컴퓨터공학과,임베디드시스템,3,2학기,3,2,2,전공선택,"임베디드 시스템에서 사용되는 라즈베리 파이의 구조와 동작 특성을 이해하므로 시스템 프로그래밍을 할수 있는 실무 능력을 배양한다임베디드 시스템에서 활용되는 다양한 센서들의 특성을 이해하고, 이들을 동작시키위한 소프트웨어, 도구들에 대한 내용을 실습을 통하여 익히므로 임베디드 시스템을 이용한 사물인터넷 서비스 프로그램을 제작할수 있는 능력을 배양한다블루투스, Wifi를 탑재한 사무인터넷 모트들을 사용하여 모바일 환경에서 임베디드, 사물인터넷 서비스 프로그램을 제작하는 능력을 배양한다.",라즈베리 파이 기반 키트용 임베디드 프로그래밍,,,"C 프로그램밍, 리눅스 시스템 및 실습, 운영체제",True,True,False,False,False,True,target_department_and_target_course,0.16666666666666666
3604,2022,강원대학교,IT대학,컴퓨터공학과,컴퓨터네트워크,3,2학기,3,3,0,전공선택,"컴퓨터 네트워크의 동작원리를 이해하고 이를 기반으로 하는 사물인터넷, 모바일 네트워크 응용 시스템의 동작을 이해한다",온라인 수업에서 강의자료를 제공한다.,,,"데이터통신, 파이썬 프로그램 언어 (기본적인 파이썬 프로그래밍 방법은 스스로 각자 공부하여야 함)",True,True,False,False,False,True,target_department_and_target_course,0.16666666666666666
3605,2022,강원대학교,IT대학,컴퓨터공학과,컴퓨터네트워크,3,2학기,3,3,0,전공선택,컴퓨터 네트워크 및 모바일 네트워크 지식을 바탕으로 IoT 환경에 필요한 내용을 이해할 수 있다.,"Computer Networking A TopDown Approach, 7th Edition, James F. Kurose, Keith W. Ross, Pearson(컴퓨터 네트워킹 하향식 접근, 제7판, 강현국외 5인 공역, 교보문고)",,,데이터통신,True,True,False,False,False,True,target_department_and_target_course,0.16666666666666666
3606,2022,강원대학교,IT대학,컴퓨터공학과,컴퓨터네트워크,3,2학기,3,3,0,전공선택,"무선 인터넷의 특성을 파악하고, 효과적인 채널 엑세스 기법 및 무선 라우팅 기법에 대해 학습함.","James F. Kurose and Keith W. Ross, ""Computer Networking A TopDown Approach"", 7th edition.",,,,True,True,False,False,False,True,target_department_and_target_course,0.25
3612,2022,강원대학교,IT대학,컴퓨터공학과,소프트웨어공학,4,1학기,3,3,0,전공선택,"소프트웨어 공학을 디지털 전환 (Digital Transformation) 프로젝트를 수행하는 관점에서 다루고, 데이터 처리, 머신러닝 모델 구현과 관련된 내용을 배우며 파이썬을 이용한 프로그래밍을 배운다.",pdf 형태의 강의 자료 제공,,,"수업에서 파이썬을 이용한 프로그램을 다루므로, 미리 파이썬을 공부하면 도움이 됩니다.",True,True,False,False,False,True,target_department_and_target_course,0.16666666666666666
3622,2022,강원대학교,IT대학,컴퓨터공학과,분산및병렬프로그래밍,4,2학기,3,3,0,전공선택,"분산 및 병렬처리 기본 개념을 이해하고, 파이썬 언어를 사용한 분산/병렬 프로그래밍 능력을 익힘","파이썬 동시성 프로그래밍, 엘리엇 포브스 지음, 이창화 옮김, 에이콘출판(주), 2018.","파이썬 병렬 프로그래밍, 얀 팔라호 지음, 이문호 옮김, 에이콘출판(주), 2016.",,"파이썬프로그래밍/자바프로그래밍/C프로그래밍/C++프로그래밍 등 프로그래밍 과목 중 하나 이상,자료구조, 컴퓨터구조, 운영체제",True,True,False,False,False,True,target_department_and_target_course,0.08333333333333333
3623,2022,강원대학교,IT대학,컴퓨터공학과,영상통신,4,2학기,3,3,0,전공선택,"전공에 대한 전문성과 타 학문에 대한 이해 및개방적 태도를 바탕으로 여러 전공 분야의 지식을 통합 혹은 융합하여 유용한 지식이나 가치를 창출하는 능력영상 기술에 이해와 이를 기반으로 산업체의 활용기술, 특히 인공지능에 응용되는 기반지식을 강의한다.",멀티미디어신호처리 2판 (조재수 저),,,없음,True,True,False,False,False,True,target_department_and_target_course,0.16666666666666666
3629,2022,강원대학교,IT대학,컴퓨터공학과,C++프로그래밍,2,1학기,3,2,2,전공선택,"객체지향 프로그래밍의 원리를 이해하고, 객체지향 구조의 SW 작성을 실습함.",No official textbook,,http://www.cplusplus.com/doc/tutorial/,,True,True,False,False,False,True,target_department_and_target_course,0.16666666666666666
3633,2022,강원대학교,IT대학,컴퓨터공학과,직업선택과꿈설계,3,2학기,1,1,0,전공선택,결과 도출 능력 향상,진로탐색과 꿈설계 학생용 워크북(별도 제공 예정),,,,True,False,True,False,False,True,target_department_and_foundational_course,0.25
3635,2022,강원대학교,IT대학,컴퓨터공학과,직업선택과꿈설계,3,2학기,1,1,0,전공선택,"관련 기술과 서비스의 최근 동향, 희망 기업/기관 분석을 통한 목표 설정","교재 : 직업선택과꿈설계 교수가이드북 그리고 학생워크북, 2021년 8월.",직무에세이작성 그리고 글쓰기 자료들,직업선택과 취업/채용 관련 사이트,,True,False,True,False,False,True,target_department_and_foundational_course,0.08333333333333333
4190,2022,강원대학교,단과대구분없음,기타모집단위,알고리즘,2,2학기,3,3,0,전공선택,제시된 문제에 대해서 적절한 알고리즘을 작성할 수 있다.,"양성봉, 알기쉬운 알고리즘, 2013, 생능출판사. Neapolitan(도경구 역), 알고리즘 기초 (5판), 2017, 홍릉과학출판사",,"S. Baase & A.V. Gelder(이상호, 김희철, 박정흠 역), 컴퓨터 알고리즘, 홍릉과학출판사","프로그래밍 기초, 및 자료구조 과목을 이수한 후에 수강할 것을 권장한다.",False,True,False,True,False,True,strong_ai_cs_course_outside_target_department,0.08333333333333333
4191,2022,강원대학교,단과대구분없음,기타모집단위,알고리즘,2,2학기,3,3,0,전공선택,제시된 문제에 대해서 적절한 알고리즘을 작성할 수 있다.,"양성봉, 알기쉬운 알고리즘, 2013, 생능출판",,"Neapolitan(도경구 역), 알고리즘 기초 (5판), 2017, 홍릉과학출판사","프로그래밍 기초, 및 자료구조 과목을 이수한 후에 수강할 것을 권장한다.",False,True,False,True,False,True,strong_ai_cs_course_outside_target_department,0.08333333333333333
4192,2022,강원대학교,단과대구분없음,기타모집단위,데이터분석프로그래밍,2,2학기,3,2,2,전공선택,데이터 분석 능력 향상을 통한 실제 문제 해결,"오승환 저, 파이썬 머신러닝 판다스 데이터 분석, 정보문화사 / 오일석 저, 기계 학습, 한빛아카데미","Christopher M. Bishop, Pattern Recognition and Machine Learning, Springer (2008)","조준모 저, 빅데이터분석 및 인공지능, 인피니티북스 / 천인국 저, 인공지능 파이썬으로 배우는 머신러닝과 딥러닝, 인피니티북스","파이썬 프로그래밍, 알고리즘, 자료구조, 선형대수학 등 권장 (파이썬 프로그래밍은 필수)",False,True,False,True,False,True,strong_ai_cs_course_outside_target_department,0.0
4195,2022,강원대학교,단과대구분없음,기타모집단위,컴퓨터구조,3,2학기,3,3,0,전공선택,문제의 핵심을 파악하고 적극적으로 추론하여 사용 가능한 다양한 대안을 도출하고 구체적 행동으로 연계될 수 있는 최적의 해결책을 도출하는 능력을 배양한다.,"IT CookBook, 최신 컴퓨터 구조, 임석구, 홍경호, 한빛아카데미, 2019.8.17 발행",,,,False,True,False,True,False,True,strong_ai_cs_course_outside_target_department,0.25
4196,2022,강원대학교,단과대구분없음,기타모집단위,컴퓨터구조,3,2학기,3,3,0,전공선택,문제의 핵심을 파악하고 적극적으로 추론하여 사용 가능한 다양한 대안을 도출하고 구체적 행동으로 연계될 수 있는 최적의 해결책을 도출하는 능력을 배양한다.,"""컴퓨터시스템 구조론 (제10판)"", 김종현 역, 성진미디어, 2018.8 발행",,,,False,True,False,True,False,True,strong_ai_cs_course_outside_target_department,0.25
4197,2022,강원대학교,단과대구분없음,기타모집단위,데이터베이스,3,2학기,3,3,0,전공선택,"데이터 저장, 관리, 분석에 관련된 현실의 문제를 컴퓨터로 모델링하여 해결하는 방법을 학습한다.","황규영외(역), 데이터베이스 시스템(7판), 홍릉과학출판사","박석(역), 데이터베이스 시스템, 홍릉과학출판사",,선택: 데이터 구조(자료구조),False,True,False,True,False,True,strong_ai_cs_course_outside_target_department,0.08333333333333333
4199,2022,강원대학교,단과대구분없음,기타모집단위,인공지능,3,2학기,3,3,0,전공선택,인공지능을 위한 통계적 모델과 신경망 모델을 구축할 수 있다.,"교재: G.F. Luger, Artificial Intelligence Structures and Strategies for Complex Problem Solving (6th ed.), Addison Wesley, 2009.참고서: 도용태 외 3인 공저, 인공지능 개념 및 응용(개정판), 사이텍미디어, 2001.",,,"이산수학, 컴퓨터프로그래밍* 주의: 교재가 영어로 되어 있음을 참고.* 수업에서 파이선을 이용한 프로그램을 많이 다루므로, 미리 파이썬을 공부하면 도움이 되며 한 학기동안 지속적으로 사용할 개인 PC가 확보되어야 한다.",False,True,False,True,False,True,strong_ai_cs_course_outside_target_department,0.16666666666666666
4348,2022,강원대학교,단과대구분없음,기타모집단위,사이버보안개론,2,1학기,3,3,0,전공필수,4차 산업혁명 시대에 정보보안의 중요성 및 정보보호가 무엇인지에 대한 이해를 하고자 한다.,"IT CookBook, 정보 보안 개론(4판)[양대일, 한빛아카데미]","정보보호개론 4판[Radall J. Byle 등, 한티미디어]",,,False,True,False,True,False,True,strong_ai_cs_course_outside_target_department,0.16666666666666666
4349,2022,강원대학교,단과대구분없음,기타모집단위,현대암호이론및응용,2,2학기,3,3,0,전공필수,암호기술을 이용해 정보보호기술에 대한 설계를 이해한다.,"현대암호학(제7판), 원동호","컴퓨터 보안과 암호(그린출판사), 2013, Cryptography and Network Security: Principles and Practice(William Stallings)",,,False,True,False,True,False,True,strong_ai_cs_course_outside_target_department,0.16666666666666666
4350,2022,강원대학교,단과대구분없음,기타모집단위,정보보호법제도와정책,2,2학기,3,3,0,전공선택,"정보보호 컴플라이언스 요건을 이해하고, 요구사항이 무엇인지 명확히 이해한다.",자체 제작 PPT 교안,"ISMSP 인증기준 안내서 (2022.04, KISA)",,없음,False,True,False,True,False,True,strong_ai_cs_course_outside_target_department,0.08333333333333333
4351,2022,강원대학교,단과대구분없음,기타모집단위,사이버보안관제,3,1학기,3,3,0,전공선택,"네트워크 7Layer 및 인테넷 프로토콜의 이해와 트래픽 분석기법과 서버시스템 로그분석 기법 학습하고, 대응 및 복구 방법론을 익힐 수 있도록 한다","네트워크 보안시스템 구축과 보안관제(정상근, 한빛미디어)","보안관제실무가이드(공병철, 인포더북스)",,데이터 통신 및 네트워크 기본 프로토콜 이해,False,True,False,True,False,True,strong_ai_cs_course_outside_target_department,0.08333333333333333
4392,2022,강원대학교,단과대구분없음,데이터사이언스학과,데이터사이언스개론,2,1학기,3,3,0,전공필수,"프로그래밍을 통한 데이터분석, 머신러닝 모델 구현기술을 배운다.",pdf 형태의 강의 자료 제공,,,"수업에서 파이선을 이용한 프로그램을 많이 다루므로, 미리 파이썬을 공부하면 도움이 되며 한 학기동안 지속적으로 사용할 개인 PC가 확보 되어야 한다.",True,True,False,True,False,True,target_department_and_target_course,0.16666666666666666
4394,2022,강원대학교,단과대구분없음,데이터사이언스학과,데이터처리프로그래밍,3,1학기,3,2,2,전공선택,파이썬 프로그래밍 기초지식을 바탕으로 데이터과학 문제를 해결할 수 있다.,"데이터과학을 위한 파이썬 프로그래밍, 최성철, 한빛미디어, 2019",,,,True,True,False,False,False,True,target_department_and_target_course,0.25
4399,2022,강원대학교,단과대구분없음,데이터사이언스학과,빅데이터분석및활용,4,2학기,3,2,2,전공선택,빅데이터분석을 위한 머신러닝 기법을 이해하고 다양한 데이터를 분석하여 설명할 수 있다.,"HandsOn Machine Learning with ScikitLearn, Keras and TensorFlow [2nd Edition] / Aurelien Geron / O'Reilly / 2020",,,파이썬프로그래밍,True,True,False,True,False,True,target_department_and_target_course,0.16666666666666666
4641,2022,강원대학교,문화예술·공과대학,산업공학전공,데이터분석,3,2학기,3,3,0,전공선택,데이터 분석을 위해 최근 많이 사용중인 R 프로그램을 활용할 수 있는 능력을 기른다.,"비즈니스 애널리틱스를 위한 데이터 마이닝 R edition, 저자 : Galit Shmueli, Peter C. Bruce, Inbal Yahav, Nitin R. Patel, Kenneth C. Lichtendahl Jr, 역자: 조재희, 조성배, 이성임, 신현정, 김성범, 출판사: 이앤비플러스","R 응용 회귀분석, 저자: 나종화, 출판사: 자유아카데미",,,False,True,False,True,False,True,strong_ai_cs_course_outside_target_department,0.16666666666666666
4691,2022,강원대학교,문화예술·공과대학,메카트로닉스공학전공,머신러닝,4,1학기,3,3,0,전공선택,전공지식을 응용하여 실질 문제에 활용,자료제공,"핸즈온 머신러닝 2판, 오렐리앙 제롱(박해선 옮김), 한빛미디어, 2020","텐서플로 2.0 프로그래밍, 김환희, 위키북스, 2020",,False,True,False,True,False,True,strong_ai_cs_course_outside_target_department,0.08333333333333333
5453,2022,강원대학교,문화예술·공과대학,에너지자원공학전공,핸즈온딥러닝,4,1학기,3,3,0,전공선택,"컴퓨터를 이용하여 문제를 정의하고 타당한 방법론을 도출하게 함으로 자료처리, 분석절차를 익힌다.","조태호, 모두의 딥러닝 (개정 2판), 길벗","오렐리앙 제롱 (박해선 옮김), 핸즈온 머신러닝 (2판), 한빛미디어",,선수과목과 기초지식은 없음 (코딩은 파이썬으로 진행하지만 기초적인 파이썬 코딩numpy는 수업시간에 강의함),False,True,False,True,False,True,strong_ai_cs_course_outside_target_department,0.08333333333333333
5693,2022,강원대학교,공학대학,전기공학전공,자동제어1,3,1학기,3,3,0,전공선택,현대 사회의 근간이 되는 자동제어 시스템에 대한 기초지식을 기반으로 전기 에너지를 근간으로 하는 다양한 제어시스템 응용 분야에 대한 폭 넓은 이해와 으용력을 통해 유용한 지식이나 가치를 창출하는 능력을 함양한다.,핵심이 보이는 제어공학(김성중한빛 미디어),동적시스템 자동제어(한도영외Prenetics Hall),,,True,True,False,False,False,True,target_department_and_target_course,0.16666666666666666
5695,2022,강원대학교,공학대학,전기공학전공,자동제어2,3,2학기,3,3,0,전공선택,현대 사회의 근간이 되는 자동 제어 시스템에 대한 기초 지식을 기반으로 전기 에너지를 근간으로 하는 다양한 제어시스템 응용 분야에 대한 폭 넓은 이해와 응용력을 통해 유용한 지식이나 가치를 창출하는 능력을 함양한다.,핵심이 보이는 제어공학(김성중한빛 미디어),동적시스템 자동제어(한도영외Prenetics Hall),,,True,True,False,False,False,True,target_department_and_target_course,0.16666666666666666
5701,2022,강원대학교,공학대학,전기공학전공,센서공학,4,2학기,3,3,0,전공선택,센서의 원리와 동작 특성을 이애하여 자동화 시스템에 적용하는 기술을 익힌다.,"현대센서공학 5판, 한빛아카데미 Jacob Traden지음 , 김윤,김혁,박동욱 옮김",,"센서공학 입문, 동일출판사 민남기, 김준협",,True,True,False,False,False,True,target_department_and_target_course,0.16666666666666666
5708,2022,강원대학교,공학대학,전기공학전공,수치해석프로그래밍,4,1학기,3,3,0,전공선택,"수치해석 프로그래밍은 전기자기학, 회로이론, 공업수학 등의 전기공학 필수과목 전공지식을 바탕으로 전기공학에서 다루는 총체적인 현상에 대한 종합적인 해결능력을 배양하는 것을 목표로 한다. 공학 문제해결을 위해서 대상을 분석하고 수치적으로 모델링하여 해석적인 결과보다 가시적으로 다양한 결과를 도출하는데 주안점을 두어 강의를 진행한다. 이러한 수치해석적인 문제해결 도구로 MATLAB이라는 공학 소프트웨어를 학습하고 이를 적용하여 문제해결 능력을 높일 것이다,","MATLAB으로 배우는 공학 수치해석 개정판(방성완 저, 한빛아카데미)",강의자료(강의기간 중 배포),,"회로이론, 전자기학",True,True,True,False,False,True,target_department_and_target_course,0.08333333333333333
5711,2022,강원대학교,공학대학,전기공학전공,전기기기실험,3,2학기,3,2,2,전공선택,전기기기 강좌에서 주로 학습한 이론과 원리위주의 학습내용을 실제 전기기기 시험 모델에 적용하여 전기기기의 특성과 운전능력을 배양한다.,별도 배포용 자료,,,"전자기학, 회로이론, 공업수학, 전기기기 등의 선수과목 이수를 권장함",True,False,True,False,False,True,target_department_and_foundational_course,0.16666666666666666
5713,2022,강원대학교,공학대학,전기공학전공,전기심화실험,4,2학기,3,2,2,전공선택,이론으로 배운 내용을 실제 실험/실습을 통해 구체화 할 수 있는 능력.,별도 배부,"최신 전기설비설계(문운당), 안전공학 개론 (동화기술)","MATLAB, Powerworld simulator","전력계통공학1, 전기설비의 일부 내용에 대한 실험과 실습임.",True,False,True,False,False,True,target_department_and_foundational_course,0.0
5714,2022,강원대학교,공학대학,전기공학전공,전기기초실험,2,1학기,3,2,2,전공선택,"초보자를 위한 전기기초실험으로 전자의 행동으로서 전자의 흐름.전자와 전위차.전기 저항.전기 에너지.교류 등을 들어 전자 현상을 물에 비유하여 전기에 입문하는 학생들의 실험, 실습으로 전공지식의 함양됨",전기기초실험,"전기, 전자기최실험",,전기기초 공학전기 분야 입문 단계에서 전기공학의 기본적인 원리와 관련 지식을 학생들이 쉽게 이해할 수 있도록 함전기에 대한 기초지식이 없어도 누구나 쉽게 접근할 수 있도록 내용을 강의식으로 구성하여 전기에 대한 흥미를 가질 수 있도록 함,True,False,True,False,False,True,target_department_and_foundational_course,0.08333333333333333
5720,2022,강원대학교,공학대학,전기공학전공,전력설비자동화종합설계,4,1학기,3,2,2,전공선택,"자동제어, 디지털 제어공학의 이론을 바탕으로 주어진 전공실무능력 활용","디지털 논리회로 실험(김동원 외 3인 공저, 한올 출판사), 실습관련 회로 프린트물, 멀티미디어 시스템(종합자동제어시스템) 교육자료",,,,True,False,True,False,False,True,target_department_and_foundational_course,0.25
5723,2022,강원대학교,공학대학,전기공학전공,선형대수프로그래밍,2,2학기,3,3,0,전공선택,"전기공학도에게 필요한 벡터, 행렬, 연립 선형 방정식을 컴퓨터 프로그래밍 언어를 통해 계산할 수 있는 방법을 다룬다. 다중 변수를 가장 편리하게 계산할 수 있는 MATLAB 프로그램의 활용법을 익히고, 전기회로와 관련한 문제를 해결할 수 있는 능력을 배양한다.",MATLAB 입문과 활용 (높이깊이),공업수학Erwin Kreyszig (WILEY),,공업수학1,True,True,True,False,False,True,target_department_and_target_course,0.08333333333333333
5725,2022,강원대학교,공학대학,전자공학전공,기초전자회로실험,2,2학기,2,0,4,전공선택,"팀 또는 개인의 역활을 명확히 인지하고 참여하여 목표를 달성 가능.목표핵심역량지표인 자기주도적 학습, 목표설정, 도전정신에 대한 역량 강화 수준 상.",자체 제작된 내용,,기초전기회로실험 Zbar 외 9인,회로이론,True,True,True,False,False,True,target_department_and_target_course,0.08333333333333333
5727,2022,강원대학교,공학대학,전자공학전공,회로이론2,2,2학기,3,3,0,전공선택,전공 지식에 대한 응용 능력 배양,"교재명:기초회로이론, 출판사:한빛아카데미, 저자:최윤식",,,"전자정보통신개론, 회로이론1",True,True,False,False,False,True,target_department_and_target_course,0.16666666666666666
5731,2022,강원대학교,공학대학,전자공학전공,통신이론,3,1학기,3,3,0,전공선택,"수학: 적분 미분, 기초과학: 진동 개념속 진폭과 주파수 위상 개념 공학 지식과 정보기술: 파형 분해 및 합성을 통해 Fourier Transform 이해.신호의 곱셈과 증폭을 통한 AM, FM 변복조 방식 작품 설계 가능해야 함.",PPT,,,,True,True,False,False,False,True,target_department_and_target_course,0.25
5733,2022,강원대학교,공학대학,전자공학전공,제어공학2,3,2학기,3,3,0,전공선택,"해당 교과목에 대한 전반적인 내용을 전공 지식과 함께 적절하게 사용 가능을 목표로 함.목표핵심 역량지표인 개념적 이해, 논리적 사고, 대안적 사고, 수렴적 사고에 대한 역량 강화 수준을 상승시키고자 함.",핵심이보이는 제어공학(개정판) 한빛아카데미(김성종 저),,,제어공학 1,True,True,False,False,False,True,target_department_and_target_course,0.16666666666666666
5734,2022,강원대학교,공학대학,전자공학전공,전자회로2,3,2학기,3,3,0,전공선택,전공 실무에 대한 문제 해결 능력 배양,"Microelectronics, Behzad Razavi.",,,"회로이론, 전자회로1",True,True,False,False,False,True,target_department_and_target_course,0.16666666666666666
5735,2022,강원대학교,공학대학,전자공학전공,전자회로설계,3,2학기,3,2,0,전공선택,라즈베리파이에 파이썬 언어를 이용하여 전자 회로를 동작시키는 것을 배움,"교재명:핵심이 보이는 전자회로실험 with PSPICE, 출판사:한빛아카데미, 저자:신경욱",,,,True,True,True,False,False,True,target_department_and_target_course,0.25
5736,2022,강원대학교,공학대학,전자공학전공,인터페이스설계,3,2학기,3,2,2,전공선택,"서로 다른 장비간의 인터페이스 연결을 이해하고, 인터페이스 연결을 통해 검출된 신호를 처리한다.",자체 교안,,,선수과목으로 디지털신호처리에 대한 지식이 필요하다.,True,False,True,False,False,True,target_department_and_foundational_course,0.16666666666666666
5737,2022,강원대학교,공학대학,전자공학전공,신호및시스템,3,2학기,3,3,0,전공선택,"해당 교과목에 대한 전반적인 내용을 전공 지식과 함께 적절하게 사용 가능을 목표로 함.목표핵심 역량지표인 개념적 이해, 논리적 사고, 대안적 사고, 수렴적 사고에 대한 역량 강화 수준을 상승시키고자 함.",기초 신호 및 시스템 (한빛아카데미) (이철희 저),"Signal & systems, second edition (A. V. Oppenheim)",,"회로이론, 제어공학, 공학미적분",True,True,False,False,False,True,target_department_and_target_course,0.08333333333333333
5740,2022,강원대학교,공학대학,전자공학전공,마이크로파시스템실험,4,1학기,2,0,4,전공선택,"초고주파 분야에 대한 기초 지식을 실험을 통해 습득하고, 측정할 수 있으며, 측정 데이터를 분석하고 이해할 수 있다.",자체 제작된 실험 노트,,,,True,False,True,False,False,True,target_department_and_foundational_course,0.25
5741,2022,강원대학교,공학대학,전자공학전공,마이크로프로세서1,2,2학기,3,3,0,전공선택,"본 교과목을 통해 마이크로프로세서와 컴퓨터시스템에 대한 전반적인 학습을 한다. 본 과목은 컴퓨터의 조직과 기능에 관한 것으로, 컴퓨터 분야는 다양성과 급속한 발전에도 불구하고, 근본적인 개념은 변하지 않고 적용되고 있다. 또한, 컴퓨팅 시스템 뿐만 아니라 다양한 시스템 설계에 활용된다. 이 개념들을 어느 정도 적용할 것인지는 현재의 기술 수준과 설계자의 설계 목표에 의존한다. 이를 바탕으로, 컴퓨터 구조와 조직에 대한 기본 사항들을 면밀히 학습하고, 그 결과를 최신 컴퓨팅 시스템에 활용할 수 있도록 한다.",Pearson 컴퓨터시스템구조론 제10판 김종현 역,,,컴퓨터 관련 개론 수준의 지식이 필요합니다,True,True,False,False,False,True,target_department_and_target_course,0.16666666666666666
5742,2022,강원대학교,공학대학,전자공학전공,마이크로프로세서2,3,1학기,2,2,0,전공선택,"컴퓨터 관련 하드웨어뿐만 아니라 소프트웨어를 이해한다. 이를 위해 컴퓨터 언어중 스크립트 형태의 파이썬 언어를 학습한다. 이 과정을 통해 수학, 기초과학, 공학 지식과 정보기술을 조합하여 설계 및 검증에 활용할 수 있는 능력을 배양한다","마이크로프로세서, 김종현, 생능출판사",,,,True,True,False,False,False,True,target_department_and_target_course,0.25
5744,2022,강원대학교,공학대학,전자공학전공,확률이론및응용,2,2학기,3,3,0,전공선택,확률과 통계를 바탕으로 프로그램에서 보다 확률적으로 높은 선택을 통해 에러 확률을 줄일 수 있는 접근 방법 습득,기초확률과 통계 (한빛미디어),,,,True,False,True,False,False,True,target_department_and_foundational_course,0.25
5750,2022,강원대학교,공학대학,전자공학전공,임베디드SoC,4,1학기,3,3,0,전공선택,"임베디드 SoC를 구현하기 위한 구체적 타겟으로 Intel DE1SoC를 사용한 임베디드 SoC 설계를 학습한다.ARM 구조와 인스트럭션을 이해하고 AMBA bus 구조, ADS 툴 사용법 등을 익힌다.",ARM9 기반의 SoC 설계와 응용,,,,True,True,False,False,False,True,target_department_and_target_course,0.25
5755,2022,강원대학교,공학대학,전기제어계측공학부,회로이론1,2,1학기,3,3,0,전공필수,"전기 에너지를 사용하는 다양한 분야에서 가장 기본이 되는 과목 중 하나로, 전기회로에 사용되는 전원 및 각종 수동 소자들의 특성과 이들로 구성된 회로의 응답 특성, 이들의 구성 방식에 따른 다양한 회로 특성 변화 등을 체계적으로 익힘으로써 전기공학 분야의 기초 전공 지식을 함양할 수 있도록 한다.",회로이론 4U (정도영외북두),회로이론(박종국 외 역한빛미디어),,,True,True,False,False,False,True,target_department_and_target_course,0.16666666666666666
5756,2022,강원대학교,공학대학,전기제어계측공학부,회로이론1,2,1학기,3,3,0,전공필수,직류전기회로에 대한 기초 전공지식을 익힌다.,"회로이론4U 제11판, 정도영 공저, 복두출판사",영어 유인물,"전기전자공학영어, 정도영 저, 복두출판사, 2020",,True,True,False,False,False,True,target_department_and_target_course,0.08333333333333333
5757,2022,강원대학교,공학대학,전기제어계측공학부,회로이론2,2,2학기,3,3,0,전공선택,"전기 에너지를 사용하는 다양한 분야에서 가장 기본이 되는 과목 중 하나로, 전기회로에 사용되는 전원 및 각종 수동소자들의 특성과 이들로 구성된 회로의 응답 특성, 이들의 구성 방식에 따른 다양한 회로 특성 변화 등을 체계적으로 익힘으로써 전기공학 분야의 기초 전공 지식을 함양할 수 있도록 한다.",회로이론 4U (정도영외북두),회로이론(박종국 외 역한빛미디어),,,True,True,False,False,False,True,target_department_and_target_course,0.16666666666666666
5758,2022,강원대학교,공학대학,전기제어계측공학부,회로이론2,2,2학기,3,3,0,전공선택,"교류 회로를 해석할 수 있는 페이져변환(Phasor transformation)을 이해하도록 한다. 이것을 바탕으로 단상, 3상 교류회로에 대한 지식을 함양한다.","제11판 회로이론4U, 정도영 공저, 복두출판사",영어 유인물(pdf),,"선수과목은 지정되어있지 않으나 기본적인 선형대수학, 미적분, 삼각함수 등의 지식이 요구된다.",True,True,False,False,False,True,target_department_and_target_course,0.08333333333333333
5761,2022,강원대학교,공학대학,전기제어계측공학부,직업선택과꿈설계,3,2학기,1,1,0,전공선택,전기공학 관련 기업과 직무 파악.,진로탐색과 꿈설계 학생용 워크북슬라이드 및 동영상 자료,,,,True,False,True,False,False,True,target_department_and_foundational_course,0.25
5770,2022,강원대학교,공학대학,제어계측공학전공,전자회로2,3,2학기,3,3,0,전공선택,"전자회로를 이루는 반도체 소자의 구조와 동작원리, 전압전류 특성 이해를 통한 반도체 소자를 포함한 회로에 대한 직교류 해석 능력 함양","전자회로(RobertL.Boylestad저,피어슨에듀케이션코리아)",,,"회로이론1,2",True,True,False,False,False,True,target_department_and_target_course,0.16666666666666666
5772,2022,강원대학교,공학대학,제어계측공학전공,데이터베이스,3,2학기,3,3,0,전공필수,현장에서의 데이터베이스 구축능력을 가짐,"데이터베이스 개론(3판), 김연희 지음, 한빛아카데미",,,,True,True,False,True,False,True,target_department_and_target_course,0.25
5773,2022,강원대학교,공학대학,제어계측공학전공,컴퓨터구조,3,2학기,3,3,0,전공선택,기본적인 컴퓨터 구조에 대하여 학습하고 마이크로 프로세서의 시스템의 기본 설계를 학습하고자 한다.,컴퓨터 구조론 생능출판,8086/88 마이크로 프로세서와 그 주변소자들 집문당,,,True,True,False,True,False,True,target_department_and_target_course,0.16666666666666666
5782,2022,강원대학교,공학대학,제어계측공학전공,기초전기응용및실험,2,2학기,3,2,2,전공선택,교류회로 이론과 응용실험을 통해서 전기회로해석이라는 개념적 이해를 확고히 하여 전공의 기초지식을 쌓도록 한다.,"제3판 기초전기 및 전력전자실험, 정도영 저, 문운당",,,"회로이론1 교과목이 기반이 되며, 회로이론2와 병행하여 실험을 수행하므로 회로이론2의 병렬 수강이 필요함.",True,False,True,False,False,True,target_department_and_foundational_course,0.16666666666666666
5784,2022,강원대학교,공학대학,제어계측공학전공,제어공학및실험,3,1학기,3,2,2,전공선택,자동제어 원리를 이해,자동제어 실험 삼대기획,,,,True,True,True,False,False,True,target_department_and_target_course,0.25
5785,2022,강원대학교,공학대학,제어계측공학전공,제어공학응용및실험,3,2학기,2,1,2,전공선택,현장 적응능력 배양,내부교재,,,,True,True,True,False,False,True,target_department_and_target_course,0.25
5788,2022,강원대학교,공학대학,제어계측공학전공,모바일프로그래밍,2,2학기,3,2,2,전공선택,모바일환경에서의 프로그램 작성능력 배양,관련도서를 활용하여 재구성한 강의자료 이용,,"Android Studio를 활용한 안드로이드 프로그래밍(7판) , 우재남 외1, 한빛아카데미",,True,True,False,False,False,True,target_department_and_target_course,0.16666666666666666
5789,2022,강원대학교,공학대학,제어계측공학전공,전자회로응용및실험,3,2학기,2,1,2,전공선택,이론적으로 학습한 반도체 소자의 동작 특성에 대해 실험 수행을 통한 실질적 동작 특성을 이해하고 이를 기반으로 다양한 전기공학의 회로 해석 및 설계 능력 함양,"핵심 전자회로실험(문운당, 정도영 저)",,,,True,True,True,False,False,True,target_department_and_target_course,0.25
5790,2022,강원대학교,공학대학,제어계측공학전공,자동제어1,3,1학기,3,3,0,전공필수,원리와 실전능력을 배양,제어공학 한산,,,,True,True,False,False,False,True,target_department_and_target_course,0.25
5893,2022,강원대학교,공학대학,전자정보통신공학부,창의적입문설계,1,1학기,2,0,0,전공선택,"지식응용 : 전기 자기력 교육, 회로 부품의 역할 교육, 기어의 역학 교육, 여건이 되면 아두이노 코딩 교육을 목표로 한다.",없음. 강의 동영상 또는 PPT,,,,True,False,True,False,False,True,target_department_and_foundational_course,0.25
5902,2022,강원대학교,공학대학,전자정보통신공학부,벤처캡스톤디자인,4,1학기,3,0,0,전공필수,"현실적 제한조건을 고려하여 시스템, 요소, 공정 등을 설계현실적 제한조건을 결과보고서에 검토 및 작성하고 평가함",각 지도교수별 지도 교안,인터넷 신기술 조사 및 동향,인터넷 신기술 조사 및 동향 관련 참고문헌,창의설계 과목요소설계 과목마이크로프로세서 응용 능력프로그래밍 언어 구현 능력,True,False,True,False,False,True,target_department_and_foundational_course,0.0
5905,2022,강원대학교,공학대학,전자정보통신공학부,기초물리이론및실험,1,2학기,3,2,2,전공선택,"원하는 내용을 파악하고, 여러가지 도구를 이용하여 원하는 내용을 점검할 수 있는 실험 구성",자체 제작된 내용,,,,True,False,True,False,False,True,target_department_and_foundational_course,0.25
5909,2022,강원대학교,공학대학,전자정보통신공학부,직업선택과꿈설계,3,2학기,1,1,0,전공선택,자신이 제안한 접근법이 사회 공동체의 안전이나 환경에 어떠한 영향을 결과로 나올 지 예측하는 학습을 목표로 한다.,없음. 강의 동영상 또는 PPT,,,,True,False,True,False,False,True,target_department_and_foundational_course,0.25
5911,2022,강원대학교,공학대학,정보통신공학전공,회로이론,2,1학기,2,2,0,전공선택,"전기, 전자의 흐름에 대한 이해와 그에 대한 수학적인 변환과 해석 방법을 이해하고, 회로를 설계할 수 있는 능력을 배양","회로이론, 복두출판사, 정도영외 4인 공저","신회로이론 문운당(박송배), 회로이론 복두출판사(권기호외 5인),","회로이론 광문각최규열외4인, 회로해석 희중당(임제탁외 2인)",,True,True,False,False,False,True,target_department_and_target_course,0.08333333333333333
5912,2022,강원대학교,공학대학,정보통신공학전공,회로이론응용및실험,2,2학기,3,2,2,전공선택,실험기구의 사용 방법을 익히고 활용하는 능력회로해석을 위한 회로 디자인과 시뮬레이레이션 프로그램의 활용방법,"1. 기초전자실험 with PSpice 생능출판사 서경환저, 2.회로이론, 복두출판사, 정도영외 4인 공저,",회로이론사이텍미디어(Robert Boylestad),"신회로이론 문운당(박송배), 회로이론","회로이론, 공업수학의 기초지식(미분함수)",True,True,True,False,False,True,target_department_and_target_course,0.0
5913,2022,강원대학교,공학대학,정보통신공학전공,네트워크프로그래밍,3,2학기,3,2,2,전공선택,"실습과정에서 네트워크 프로그래밍의 실제문제를 해결하기 위해 분석하고, 해결방법을 찾아내는 과정을 익힌다. 과제를 통해 직접 수행함으로써 새로운 문제가 주어졌을때, 효과적인 해결 방법을 찾아내는 기능을 습득함.",TCP/IP 윈도우 소켓 프로그래밍 2판 (한빛미디어),,,,True,True,False,False,False,True,target_department_and_target_course,0.25
5914,2022,강원대학교,공학대학,정보통신공학전공,정보보호이론,2,2학기,3,3,0,전공선택,"정보보호와 관련된 수학적 개념과 원리를 통한 공학적 접근을 통해 정보보호에 대한 이해를 높이며, 응용해석 능력을 기른다.",정보보호 개론 장상수 저 배움터,"정보보호 이론 및 실제, 마크 스탬프 공역, 안태남, 손용락, 이광석 역/한빛아카데미, 해킹 사례로 풀어 쓴 웹보안, 노태영, 최기준 공역/한빛미디어, 정보보호의 이해, 홍승필 외/아이워크북, 정보보호론, 박승철 저/한국기술교육대학교출판부",,,True,True,False,True,False,True,target_department_and_target_course,0.16666666666666666
5915,2022,강원대학교,공학대학,정보통신공학전공,웹프로그래밍,2,2학기,3,3,0,전공선택,JAVA언어를 작성하고 컴파일 및 실행을 위한 도구를 활용할 수 있다.,JAVA 프로그래밍 실무 예제(Lotto)로 따라 배우는 권기현 저 | 홍릉과학출판사 | 2018년 08월 30일,,인터넷 신기술 조사 및 동향 관련 참고문헌,프로그래밍 흐름제어에 대한 간략한 이해가 필요하다.데이터에 대한 개념이 필요하다.컴퓨터 활용 기본 지식이 필요하다.,True,True,False,False,False,True,target_department_and_target_course,0.08333333333333333
5919,2022,강원대학교,공학대학,정보통신공학전공,통신이론및실험,3,1학기,2,1,2,전공선택,"적절한 기술, 방법, 도구들: C++ 언어 코딩 기술로 통신 신호처리 방식에 대해 체계적으로 구성하여 원하는 출력 파형을 낼 수 있어야 한다.",PPT and SW codes,,,,True,True,True,False,False,True,target_department_and_target_course,0.25
5923,2022,강원대학교,공학대학,정보통신공학전공,디지털통신이론및실험,3,2학기,2,1,2,전공선택,"발표 전달 능력, 특강을 통한 효과적 의사 전달법 및 대화법 강의 및 실습을 목표로한다.",1학기 통신이론 및 실험 강의 동영상,ppt,,,True,True,True,False,False,True,target_department_and_target_course,0.16666666666666666
5924,2022,강원대학교,공학대학,정보통신공학전공,정보보호시스템,3,2학기,2,1,2,전공선택,정보시스템보호 관련 주제로 각각 다른 아이이디어로 팀을 구성하여 과제를 진행 함으로 써 다른 팀과의 경쟁과 팀 내부의 결속력등을 통해 상승 작용을 이루워 팀웍을 능동적으로 움직이면서 팀원과 함께 문제점과 그것들을 해결할수 있는 능력을 향상시킨다.,"정보보호총론, 장상수 지음/생능출판사","정보시스템보안개론, David Kim저, 원동호 역/홍릉과학출판사, 정보시스템 보안론, 남길현, 원동호 저/그린, 정보시스템 보안, 이성몽 저//인포드림, 정보시스템 개론, R. Kelly Rainer, CASEY G. CEGIELSKI저, 양정식, 함유근, 김대호 역/한경",,,True,True,False,True,False,True,target_department_and_target_course,0.16666666666666666
5925,2022,강원대학교,공학대학,정보통신공학전공,디지털프로세서실험,4,1학기,2,1,2,전공선택,주어진 과제 해결을 팀원과 역할을 분답하여 협의,"마이크로컨트롤러 AVR ATmega128 , 한빛아카데미, 이상설 저","마이크로컴퓨터구조, 동우사, 장춘서 저",Atmega128 datasheet,,True,False,True,False,False,True,target_department_and_foundational_course,0.08333333333333333
5929,2022,강원대학교,공학대학,정보통신공학전공,정보보호관리,4,2학기,2,1,2,전공선택,정보보호관리 관련 주제로 각각 다른 아이이디어로 팀을 구성하여 과제를 진행 함으로 써 다른 팀과의 경쟁과 팀 내부의 결속력등을 통해 상승 작용을 이루워 팀웍을 능동적으로 움직이면서 팀원과 함께 문제점과 그것들을 해결할수 있는 능력을 향상시킨다.,"정보보호 및 개인정보보호 관리체계 개론, 장상수 지음/생능출판사","부교재: 정보시스템보안개론, David Kim저, 원동호 역/홍릉과학출판사, 정보시스템 보안론, 남길현, 원동호 저/그린, 정보보호관리, 이홍섭, 박진섭 공저, 생능출판사, 정보시스템 개론, R. Kelly Rainer, CASEY G. CEGIELSKI저, 양정식, 함유근, 김대호 역/한경",,,True,True,False,True,False,True,target_department_and_target_course,0.16666666666666666
5930,2022,강원대학교,공학대학,정보통신공학전공,전자회로실습,3,2학기,2,0,4,전공선택,실험 결과와 예측결과를 분석할수 있는 능력,"핵심이 보이는 전자회로 실험 with PSPICE, 신경욱 저, 한빛 아카데미","전자회로, Robert L. Boylstead, Pearson",,본 교과목은 반도체 소자의 특성 및 응용하는 내용을 공부하므로 회로이론과 전자회로 과목을 이수한 경우라면 도움이 될 것입니다. 회로해석중에는 수학적인 연산이 포함되므로 수학의 기초적인 내용 또한 필요합니다.,True,True,False,False,False,True,target_department_and_target_course,0.08333333333333333
5932,2022,강원대학교,공학대학,정보통신공학전공,디지털신호처리실험,3,2학기,2,0,4,전공선택,모형화 및 시스템 개발을 위한 모의실험등에 필요한 하드웨어 및 소프트웨어 구현 능력의 함양,파이썬으로 배우는 디지털 신호처리,파이썬 for Beginner (2nd Ed),초보자도 간단히 단숨에 배우는 파이썬,다자털 신호처리,True,True,True,False,False,True,target_department_and_target_course,0.0
5935,2022,강원대학교,공학대학,정보통신공학전공,사물인터넷설계,3,2학기,3,0,0,전공필수,"산업체에서 IoT 시스템에 대한 수요와 우리나라 경제 동향의 연관성을 이해한다. 현장에 투입되었을때, 직접 장비를 다룰 수 있는 능력을 키운다.",사물인터넷을 위한 파이썬 네트워크 프로그래밍 제3판 (북두출판사),,,,True,False,True,False,False,True,target_department_and_foundational_course,0.25
5936,2022,강원대학교,공학대학,정보통신공학전공,사물인터넷운영체제,3,2학기,3,3,0,전공선택,"사물인터넷 운영체제 기본 개념 전공 기초(지식 기초)를 학습한다.Linux OS, Raspberry PI 환경 관리 전공 기초(지식 기초)를 숙지한다.","IoT 사물인터넷을 위한 라즈베리파이 4 정석 파이썬을 활용한 센서제어 및 나만의 가상비서 만들기 최주호, 김재범, 정동진 저 | 앤써북 | 2019년 11월 30일",사물인터넷을 품은 라즈베리 파이(개정판) 0과 1이 꿈꾸는 세상 제이펍 2020. 8. 14,따라 하면서 배우는 사물인터넷 아두이노와 NodeRED로 IoT 실습하기 양재삼 저 | 한빛아카데미 | 2020년 07월 23일,마이크로프로세서설계하드웨어 부품 및 센서 사용 능력C언어/Python언어 프로그래밍 능력,True,True,False,True,False,True,target_department_and_target_course,0.0
5937,2022,강원대학교,공학대학,정보통신공학전공,사물인터넷프로그래밍,2,2학기,3,3,0,전공선택,"프로그래밍 개념을 이해하고 구사할 수 있는 역량을 갖추기 위해, 스스로 고민하고 문제를 해결해가는 과정을 통해 실천(자기주도성) 능력을 배양한다.",처음 시작하는 프로그래밍 with Raptor(flowchart) & Javascript 김충석 저 | 앤아이컴즈 | 2016년 03월 01일,,,,True,True,False,False,False,True,target_department_and_target_course,0.25
5938,2022,강원대학교,공학대학,정보통신공학전공,차세대통신기술,4,2학기,3,3,0,전공선택,"차세대 통신 장치의 변조 기술 이해 + 직업 설계 및 취업방향 발표, 토론에서 상대방 의견을 듣기, 말하기 방법, 소통 대화법 습득을 목표로 한다.",없음. 강의 동영상 또는 PPT,,,,True,True,False,False,False,True,target_department_and_target_course,0.25
5940,2022,강원대학교,공학대학,정보통신공학전공,확률과인공지능,2,1학기,3,3,0,전공선택,"최신 정보, 연구 결과를 조사 정리할 수 있는 능력적절한 도구 (확률 통계 분석 패키지) 를 활용할 수 있는 능력 배양",PPT,"Probability, random variables, and random signal processing/Peebles/McGrawHill/, 모두의 딥러닝/길벗, 모두의 인공지능/길벗, 선형대수와 통계학으로 배우는 머신러닝/비제이퍼블릭",,,True,True,True,True,False,True,target_department_and_target_course,0.16666666666666666
5943,2022,강원대학교,공학대학,정보통신공학전공,딥러닝,4,1학기,3,3,0,전공선택,"텐서플로로 간단한 인공 신경망 모델을 작성할 수 있도록 강의, 실험 실습 수행 및 과제를 통해 능력을 배양한다.",혼자 공부하는 머신러닝+딥러닝 1:1 과외하듯 배우는 인공지능 자습서,,,웹프로그래밍 기초Python 프로그래밍 기초,True,True,False,True,False,True,target_department_and_target_course,0.16666666666666666
6202,2022,강원대학교,공학대학,AI소프트웨어학과,머신러닝을위한통계학2,2,2학기,3,2,2,전공선택,"통계적인 해석에 대한 이해와 회귀분석 및 분산분석에 대한 이해를 토대로 머신러닝의 지도학습 방법과 비지도학습 방법에 대하여 배우고, 이를 통해 빅데이터 분석을 통한 정보추출 및 해석 능력 배양을 목적으로 한다.",통계학 /,,,,True,True,True,True,False,True,target_department_and_target_course,0.25
6215,2022,강원대학교,공학대학,AI소프트웨어학과,직업선택과꿈설계,3,2학기,1,1,0,전공선택,졸업 후 목표 구체적으로 정하기,없음,없음,각종 참고자료,,True,False,True,False,False,True,target_department_and_foundational_course,0.08333333333333333
6216,2022,강원대학교,공학대학,AI소프트웨어학과,직업선택과꿈설계,3,2학기,1,1,0,전공선택,"사회 변화를 선도하기 위하여 학문과 학문, 지역과 세계, 현실과 가상을 초연결하는 능력",직업선택과 꿈설계,,,,True,False,True,False,False,True,target_department_and_foundational_course,0.25
6218,2022,강원대학교,공학대학,AI소프트웨어학과,제품설계및개발,4,2학기,3,2,2,전공선택,"사회 변화를 선도하기 위하여 학문과 학문, 지역과 세계, 현실과 가상을 초연결하는 능력",직업선택과 꿈설계,,,,True,False,True,False,False,True,target_department_and_foundational_course,0.25
6223,2022,강원대학교,공학대학,AI소프트웨어학과,고급프로그래밍언어,2,2학기,3,2,2,전공선택,시스템 분석 능력 배양,점프 투 파이썬,,,,True,True,False,False,False,True,target_department_and_target_course,0.25
6227,2022,강원대학교,공학대학,AI소프트웨어학과,데이터베이스2,3,2학기,3,2,2,전공선택,시스템 분석 능력 배양,데이터베이스 개론,,,,True,True,False,True,False,True,target_department_and_target_course,0.25
6233,2022,강원대학교,공학대학,AI소프트웨어학과,데이터마이닝,4,2학기,3,2,2,전공선택,시스템 분석 능력 배양,Data Mining with Rattle and R,,,,True,True,False,True,False,True,target_department_and_target_course,0.25
6234,2022,강원대학교,공학대학,AI소프트웨어학과,소프트웨어공학,2,2학기,3,2,2,전공선택,본 수업의 목표는 소프트웨어공학에 대한 전문성을 지니게 하는 것이다.,"PPT, 수업 프로젝트, 논문",,,,True,True,False,False,False,True,target_department_and_target_course,0.25
6245,2022,강원대학교,공학대학,AI소프트웨어학과,미디어콘텐츠설계,2,2학기,3,3,0,전공선택,프로젝트 요구분석과 환경 분석을 통해 프로젝트의 핵심 내용을 파악하고 커뮤니케이션 및 의견 조율 방법을 알아봅니다.,디지털콘텐츠 기획(한빛아카데미김성은),,,,True,False,True,False,False,True,target_department_and_foundational_course,0.25
6249,2022,강원대학교,공학대학,AI소프트웨어학과,컴퓨터네트워크,4,2학기,3,3,0,전공선택,수업에 관련된 내용을 바탕으로 탐구 능력 향상을 위해 타 학문 또는 다른 과목과의 접목 가능성을 높이는데 그 목표를 둠.,"Data Communication(데이터 통신), 생능 출판사, 정진욱. 한정수 지음","Computer Network(컴퓨터 네트워크), 생능출판사, 정진욱 외 3인",,선수 교과목인 컴퓨터 개론과 운영체제 및 정보통신 개론과 관련된 교과목의 이수한 지식을 갖춘 대상자들에게 강의 함.,True,True,False,False,False,True,target_department_and_target_course,0.08333333333333333
6252,2022,강원대학교,공학대학,AI소프트웨어학과,미디어통신공학,3,2학기,3,3,0,전공선택,"데이터통신과 네트워크 응용을 이해하기 위한 기초 이론부터 현재 사용되고 있는 주요 기술은 물론, 향후 제공될 차세대 네트워크 기술에 이르는 핵심적인 내용을 학습한다.",초연결사회의 데이터통신과 네트워킹 (한빛아카데미),,,,True,True,False,False,False,True,target_department_and_target_course,0.25
6254,2022,강원대학교,공학대학,AI소프트웨어학과,디지털논리설계,2,2학기,3,2,2,전공선택,직접 회로를 제작 할 수 있을 정도의 수행 능력 향상,"디지털 논리 회로 4판(임석구,홍경호/ 한빛 아카데미)",,,,True,True,True,False,False,True,target_department_and_target_course,0.25
6258,2022,강원대학교,공학대학,AI소프트웨어학과,객체지향프로그래밍,2,1학기,3,2,2,전공선택,취업 분야에 적용할 수 있는 능력을 키우도록 한다.,"Java Programming, 황기태 외1 저, 생능출판사","Power JAVA, 천인국 외1저, INIFINITY BOOKS",,,True,True,False,False,False,True,target_department_and_target_course,0.16666666666666666
6260,2022,강원대학교,공학대학,AI소프트웨어학과,모바일프로그래밍,3,2학기,3,2,2,전공선택,전공 기초 지식을 습득한 후 다른 과목에 적용할 수 있는 능력을 키우도록 한다.캡스톤디자인 과목을 위한 실습 능력을 갖추도록 한다.,"안드로이드 프로그래밍, 우재남 외1 저, 한빛아카데미","안드로이드 프로그래밍, 천인국 저, 생능출판사",,,True,True,False,False,False,True,target_department_and_target_course,0.16666666666666666
6262,2022,강원대학교,공학대학,AI소프트웨어학과,웹프로그래밍,3,1학기,3,2,2,전공선택,전공 기초 지식을 습득한 후 다른 과목에 적용할 수 있는 능력을 키우도록 한다.,"쉽게 배우는 JSP 웹프로그래밍, 송미영 저, 한빛아카데미","모바일 웹 서비스 구현을 위한 JSP 웹 프로그래밍, 김현규 , 박유현 저, 한빛아카데미",,,True,True,False,False,False,True,target_department_and_target_course,0.16666666666666666
7185,2022,강원대학교,단과대구분없음,기타모집단위,데이터분석프로그래밍,2,2학기,3,2,2,전공선택,파이썬 데이터 분석 환경을 구축할 수 있다.파이썬 데이터 분석을 위한 데이터 가공이 가능하다.사례를 통해 파이썬 데이터 분석을 수행할 수 있다.,"Do it! 쉽게 배우는 파이썬 데이터 분석, 김영우 저 | 이지스퍼블리싱 | 2022년 05월 31일",,온라인 자료 제공,컴퓨터에 대한 이해컴퓨터 프로그래밍 원리,False,True,False,True,False,True,strong_ai_cs_course_outside_target_department,0.08333333333333333
7198,2022,강원대학교,단과대구분없음,기타모집단위,인공지능과법,2,1학기,3,3,0,전공선택,"인공지능 기술이 야기하는 역기능에 대한 우려로 인공지능 기술을 포기하는 것이 아니라, 인공지능 기술의 순기능을 증폭하고 역기능을 해소하기 위하여 법제도를 정비하려는 노력이 이뤄져야 할 것이다. 이를 위해 인공지능 기술의 영향을 분석하기 위한 출발점으로 인공지능 기술의 특성을 이해한다.",강의자료 PPT,"인공지능과 법, 한국인공지능법학회, 박영사,2019",,,False,True,False,True,False,True,strong_ai_cs_course_outside_target_department,0.16666666666666666
7201,2022,강원대학교,단과대구분없음,기타모집단위,머신러닝을이용한재난통계,2,2학기,3,3,0,전공선택,R 프로그래밍을 통해 기계학습 관련 문제를 해결할 수 있다.,"데이터 과학을 위한 통계, 한빛미디어",Leture notes by Prof. Lee,,"확률, 통계, 공업수학, 프로그래밍 관련 수업",False,True,True,True,False,True,strong_ai_cs_course_outside_target_department,0.08333333333333333
7904,2022,강원대학교,인문사회·디자인스포츠대학,지역경제전공,빅데이터와금융,4,1학기,3,2,2,전공선택,"빅데이터에 대해 이해하고, 분석 방법에 대해 학습한다.","금융 빅데이터 분석, 김세미 외 5인, 디지털북스","1)계량경제학 이론과 활용, 남준우 외 1인, 홍문사 2)금융 빅데이터 분석, 배재권, 카오스북",,,False,True,False,True,True,True,strong_ai_cs_course_outside_target_department,0.16666666666666666
8290,2022,경북대학교,경상대학,경영학부,경영데이터분석,3,2학기,3,3,0,전공,데이터 수집 기획 역량 데이터 수집 기술 데이터 분석 기획 역량 및 분석 기술 분석 결과 해석 능력,Do it! 쉽게 배우는 R 데이터 분석 (김영우),,,"데이터베이스 입문, 기초통계",False,True,False,True,True,True,strong_ai_cs_course_outside_target_department,0.16666666666666666
8291,2022,경북대학교,경상대학,경영학부,경영데이터분석,3,2학기,3,3,0,전공,"기업에서의 데이터 활용, 데이터 활용 사례, 데이터 수집 기획 및 관련 기술, 분석결과 해석 등에 학습할 예정임","주교재: 데이터 과학 기반의 파이썬 빅데이터 분석, 이지영 저, 한빛아카데미주교재 외에 수업 중에 보충이 필요한 내용들은 부교재로 사용될 교재들을 바탕으로 PPT 파일로 제공될 예정임자세한 내용은 1주차 1차시 수업에서 안내할 예정임",,,"데이터베이스 입문, 기초통계",False,True,False,True,True,True,strong_ai_cs_course_outside_target_department,0.16666666666666666
8295,2022,경북대학교,경상대학,경영학부,데이터베이스입문,3,1학기,3,3,0,전공,"본 강좌의 복표는첫째, MS Access를 이용하여 데이터를 처리할 수 있다. 둘째, 개체관계다이어그램을 이용하여 관계형 데이터베이스를 설계할 수 있다.셋째, 주어진 데이터베이스를 제3정규형까지 정규화할 수 있다","김지연 지음, 액세스 2019로 배우는 데이터베이스 기초와 실습, 한빛아카데미, 2020.",,,경영정보시스템,False,True,False,True,True,True,strong_ai_cs_course_outside_target_department,0.16666666666666666
8296,2022,경북대학교,경상대학,경영학부,데이터베이스입문,3,1학기,3,3,0,전공,본 수업을 통하여 학생들은 데이터베이스의 목적을 이해할 수 있다명세서를 보고 데이터베이스 디자인을 할 수 있다주어진 데이터 베이스를 정규화시킬 수 있다엑세스를 사용할 수 있으며 목적에 맞게 엑세스를 디자인하고 데이터를 삽입할 수 있다,"액세스 2019로 배우는 데이터베이스 기초와 실습, 김지연, 한빛아카데미",,,,False,True,False,True,True,True,strong_ai_cs_course_outside_target_department,0.25
8298,2022,경북대학교,경상대학,경영학부,데이터베이스입문,3,1학기,3,3,0,전공,"본 강의를 통해 데이터베이스 개념에 대한 이해와 데이터 모델, 데이터의 구축 및 관리에 대한 지식을 학습한다.","주교재 : 데이터베이스 개론, 김연희, 한빛아카데미부교재(액세스 실습) : 액세스 2019로 배우는 데이터베이스 기초와 실습, 김지연, 한빛아카데미강의자료는 LMS를 통해 PDF 파일로 제공될 예정첫 수업시간에 교재에 대한 설명이 있을 예정이니 참고바람",,,없음,False,True,False,True,True,True,strong_ai_cs_course_outside_target_department,0.16666666666666666
8922,2022,경북대학교,공과대학,기계공학부 기계설계학전공,공학응용인공지능,4,1학기,3,3,0,공학전공,"The aim of this course is to be familiar with basic artificial intelligence techniques, especially machine learning, which are now popular as an alternative of traditional deterministic modeling. The machine learning covers supervised, unsupervised learning and more.","Main textbook: Introduction to Machine Learning 4th Ed., Alpaydin EthemReferences: 1. Introduction to Machine Learning with Python, OªReilly, 안드레아스 뮐러, 세라 가이도2. Deep Learning from Scratch, OªReilly, 사이토 고키3. Machine Learning in Python, Bowles4. Other materials from website",,,C++ programming,False,True,False,True,True,True,strong_ai_cs_course_outside_target_department,0.16666666666666666
8924,2022,경북대학교,공과대학,기계공학부 기계설계학전공,공학응용인공지능,4,1학기,3,3,0,공학전공,"This lecture aims to understand the basic principle of the undergraduatelevel reinforcement learning, including the applications with the hands on coding.","Reinforcement Learning: An Introduction (Adaptive Computation and Machine Learning) (Adaptive Computation and Machine Learning series), Richard S. SuttonReinforcement Learning Toolbox Matlab",,,System Control,False,True,False,True,True,True,strong_ai_cs_course_outside_target_department,0.16666666666666666
8925,2022,경북대학교,공과대학,기계공학부 기계설계학전공,공학응용인공지능,4,1학기,3,3,0,공학전공,"본 강의에서는 학부레벨에서 학습가능한 인공지능, 강화학습 기초에 대한 이해 및 실습을 통한 코드 구현을 목표로 한다.","Reinforcement Learning: An Introduction (Adaptive Computation and Machine Learning) (Adaptive Computation and Machine Learning series), Richard S. SuttonReinforcement Learning Toolbox Matlab",,,시스템제어,False,True,False,True,True,True,strong_ai_cs_course_outside_target_department,0.16666666666666666
9129,2022,경북대학교,공과대학,신소재공학부 전자재료공학전공,창의기초설계,2,1학기,3,2,2,공학전공,"Study on the fundamental concepts of creative engineering, and enhance creativity through the various projects.","Kang Park, et al., Creative Engineering, 2nd Edition, Infinity, 2010.Brian S. Thompson, Creative Engineering Design, Okemos Press, 4th edition, 1998.Handouts.",,,,True,False,True,False,True,True,target_department_and_foundational_course,0.25
9130,2022,경북대학교,공과대학,신소재공학부 전자재료공학전공,창의기초설계,2,1학기,3,2,2,공학전공,"창의공학의 기본 내용을 학습하고, 개인별 및 팀별 과제를 통하여 창의성을 향상한다.","Kang Park, et al., Creative Engineering, 2nd Edition, Infinity, 2010.Brian S. Thompson, Creative Engineering Design, Okemos Press, 4th edition, 1998.Handouts.",,,없음,True,False,True,False,True,True,target_department_and_foundational_course,0.16666666666666666
9137,2022,경북대학교,공과대학,신소재공학부 전자재료공학전공,재료분석실험,3,2학기,2,1,2,공학전공,The objective of this course is to familiarize you with analysis techniques and equipment common to our materials sciences and engineering and characterize materials with the analysis equipment.,"Handouts in ClassReferences. Encyclopedia of materials characterization by C. R. Brundle, ButterworthHeinemann . Principles pf ceramics processing by James S. Reed, John Wiley & Sons.",,,"재료과학1&2,",True,False,True,False,True,True,target_department_and_foundational_course,0.16666666666666666
9138,2022,경북대학교,공과대학,신소재공학부 전자재료공학전공,재료분석실험,3,2학기,2,1,2,공학전공,"융합: 본 강의를 통해 학습자는 재료 분석법과 분석장비에 대한 이해를 기반으로 재료의 특성을 이해할 수 있다.융합: 분석을 기반으로 재료의 특성을 이해하고, 적용 분야를 생각해볼 수 있다.","Handouts in ClassReferencesEncyclopedia of materials characterization by C. R. Brundle, ButterworthHeinemann Principles of ceramics processing by James S. Reed, John Wiley & Sons.",,,"재료과학1, 재료과학2",True,False,True,False,True,True,target_department_and_foundational_course,0.16666666666666666
9145,2022,경북대학교,공과대학,신소재공학부 전자재료공학전공,재료공정실험,3,1학기,2,1,2,공학전공,"The objective of this course is to familiarize you with the synthetic methods of electronic and ceramic materials in the forms of powder, sintered body, and thin film.","Text book: Handouts in ClassReferences:Principles of ceramics processing by James S. Reed,John Wiley & Sons, Inc.,(1995)“Modern Ceramic Engineering” 2nd ed., David W. Richerson, “Thinfilm deposition” Donald L. Smith, Mc GrawHill, Inc., 1997.",,,,True,False,True,False,True,True,target_department_and_foundational_course,0.25
9146,2022,경북대학교,공과대학,신소재공학부 전자재료공학전공,재료공정실험,3,1학기,2,1,2,공학전공,"Students will be divided into teams and planed to do the following experimental tasks:Powder procssingSintering processingThin film depositionDesign team project (Introduction,Teamwok,and Report and presentation)","Textbook: Handouts in ClassReferences:Principles of ceramics processing by James S. Reed, John Wiley & Sons, Inc.,(1995)Modern Ceramic Engineering, 2nd Ed., David W. Richerson,Thinfilm deposition, Donald L. Smith, McGrawHill, Inc., 1997.",,,General Chemistry,True,False,True,False,True,True,target_department_and_foundational_course,0.16666666666666666
9151,2022,경북대학교,공과대학,신소재공학부 전자재료공학전공,반도체공학,3,2학기,3,3,0,공학전공,"The goals of this course are to provide students with a sound understanding of the elements of semiconductor physics and principles of semiconductor devices, and to develop the basic tools with which they can later learn about newly developed devices and applications.","Text book [Solid State Electronic Devices7th edition.], by Ben G. Streetman & Sanjay Kumar Banerjee, published by Pearson Education(2015)References [Principles of electronic materials and devices, by S. D. Kasap, published by McGraw Hill,[Electronic properties of materials, by Rolf E. Hummel, published by Springer,",,,"Materials Science 1 & 2, 공학수학1 & 2, 물리1 & 2, 화학1 & 2,",True,True,False,False,True,True,target_department_and_target_course,0.16666666666666666
9164,2022,경북대학교,공과대학,신소재공학부 전자재료공학전공,캡스톤디자인,4,1학기,3,1,4,공학전공,"The capstone design project is conceived as an opportunity for you to demonstrate mastery of the learning outcomes that have been adopted by the Materials Science and Engineering(MSE) program as a whole. The objective of this course is to demonstrate the ability to apply of the scientific and engineering principles that underlie the four major elements of the field (structure, properties, processing, and performance) to materials systems.",This course does not have a required text. Handout and PPT will be provided.,,,,True,False,True,False,True,True,target_department_and_foundational_course,0.25
9165,2022,경북대학교,공과대학,신소재공학부 전자재료공학전공,캡스톤디자인,4,1학기,3,1,4,공학전공,* 학과 전공 기반 연구 능력 함양* 창의적인 해결책 도출* 발표/소통 능력 함양,학과 전공 서적 국제 저명 전공학술지,,,창의기초설계,True,False,True,False,True,True,target_department_and_foundational_course,0.16666666666666666
9166,2022,경북대학교,공과대학,신소재공학부 전자재료공학전공,창의적 재료설계,4,2학기,3,1,4,공학전공,"The capstone design project is conceived as an opportunity for you to demonstrate mastery of the learning outcomes that have been adopted by the Materials Science and Engineering(MSE) program as a whole. The objective of this course is to demonstrate the ability to apply of the scientific and engineering principles that underlie the four major elements of the field (structure, properties, processing, and performance) to materials systems.",This course does not have a required text. Handout and PPT will be provided.,,,,True,False,True,False,True,True,target_department_and_foundational_course,0.25
9170,2022,경북대학교,공과대학,신소재공학부 전자재료공학전공,공학수학 1,2,1학기,3,3,0,전공기반,물리적 현상의 수학적 표현을 이해하고 해석할 수 있는 능력의 향상.다양한 질문과 예시를 통해 물리적 현상 해석을 위한 미분 방정식의 풀이 능력 향상.,"[교재] Advanced Engineering Mathematics, 6th ed. by D.G. Zill and W.S. Wright. Jones and Bartlett Publishers (2016).한글판 교재 가능. 4,5,6판 교재 모두 가능.[참고문헌][1]ErwinKreyszig, Advanced Engineering Mathematics, John Wiley",,,수학 1 (미적분 관련 과목),True,False,True,False,True,True,target_department_and_foundational_course,0.16666666666666666
9171,2022,경북대학교,공과대학,신소재공학부 전자재료공학전공,공학수학 2,2,2학기,3,3,0,전공기반,"벡터의 함수와 그 미적분의 개념과 Fourier 급수, 편미분방정식의 해결 방법 등을 학습하여 여러 공학적 문제의 해결에 이용할 수 있다. 복소수의 기본 개념과 복소평면에서의 적분을 이해하고, 문제에 적용하여 해결한다.","Main : Dennis G. Zill / Warren S. Wright, Advanced Engineering Mathematics, 7/E, Jones and Bartlett7판 외 이전 편집본(6판,5판,...등) 같은 도서로 수업가능. 한글판의 경우 공학수학1,2로 나눠져있으며 2권 내용위주수업.(아래 강의 내용 및 일정 참조)(9장 벡터 미적분관련 내용은 한글판 공학수학1에 포함되나, 뒷내용에 필요한 내용만 보면 되기에, 강의자료로 제공예정)References1) 고형준 외 공역, 공학수학 I, 텍스트북스2) Erwin Kreyszig, Advanced Engineering Mathematics, Wiley.",,,"공학수학1 (상미분방정식 해법, Laplace 변환, 급수해법은 필히 학습 완료 되어야 함.)",True,False,True,False,True,True,target_department_and_foundational_course,0.16666666666666666
9782,2022,경북대학교,과학기술대학,소프트웨어학과,디지털논리회로,1,2학기,3,2,2,전공,"창의적 문제 제기 및 해결 능력, 상상력, 실험정신",디지털 논리회로(이론및 실험)저자 : 김종현출판사 : 생능출판사,,,ICT 개론,True,True,False,False,False,True,target_department_and_target_course,0.16666666666666666
9783,2022,경북대학교,과학기술대학,소프트웨어학과,컴퓨터구조개론,3,1학기,3,3,0,전공,"논리적 사고 능력, 문제 제기 및 대안 모색 능력","Textbook : 컴퓨터구조론 (저자 김종현 , 생능출판사)",,,"ICT 개론, 논리회로설계, 프로그래밍 언어(C)",True,True,False,True,False,True,target_department_and_target_course,0.16666666666666666
9785,2022,경북대학교,과학기술대학,소프트웨어학과,인공지능개론,3,2학기,3,2,2,전공필수,"강의목표: 이 강좌를 마치고 나면, 학생들은 다음과 같은 주제의 대한 지식을 습득하게 된다: 1. 인공지능의 정의, 발전 역사, 현재의 기술 수준에 대한 이해, 2. 지능형 에이전트의 개념, 활동 환경, 에이전트의 기본 구조를 배운다.3. 휴리스틱 정보을 이용하는 다양한 탐색 방법을 다루어보고, 이를 활용한 응수 게임을 만들어본다. 4. 제약 만족 문제의 개념을 익히고, 제약 만족 문제의 해 탐색 기법을 배운다. 5. 논리적 에이전트의 기초 이론을 배우고, 1차술어논리에 의한 추론시스템의 동작원리를 배운다.6. 온톨로지공학과 지식공학을 활용하여 1차술어논리의 지식표현 기법을 배운다. 7. 탐색기반 및 지식기반 에이전트 기술을 종합적으로 활용한 자동화된 계획수립기법을 배운다.","교재:인공지능: 현대적 접근 1권(제4판 번역본), 스튜어트러셀과 피터노빅 저, 류광 역, 제이펍, 2021.8.25.(주의: 4판의 번역서임)Stuart Russel and Peter Norvig, Artificial Intelligence; a Modern Approach, 4th Edition, Pearson Pub., 2020. (available in Amazon)Reference books: 1. (Written in Korean) 이건명, 인공지능, 생능출판사, 2018.2. D. Poole and A. Mackworth, Artificial Intelligence: Foundations of Computational Agents, 2nd Ed., Cambridge Univ. Press, 2017.",,,정보처리알고리즘,True,True,False,True,False,True,target_department_and_target_course,0.16666666666666666
9786,2022,경북대학교,과학기술대학,소프트웨어학과,프로그래밍언어1,1,1학기,3,3,0,전공,본 강의에서는 프로그래밍 개념과 원리를 익히는 초급 단계로 프로그래밍 작업에서 기초적인 이론 습득을 목표로 한다.,"쉽게 풀어쓴 C언어 Express 천인국 저, 생능출판사",,,,True,True,False,False,False,True,target_department_and_target_course,0.25
9787,2022,경북대학교,과학기술대학,소프트웨어학과,프로그래밍언어2,1,2학기,3,2,2,전공,이 과정에서는 프로그래밍 언어 C/C++에 대한 문법 이론 지식을 실제 실습을 통해서 이루어진다.,쉽게 풀어쓴 C언어 Express. 천인국 지음. 생능 출판.(1학기 교재)명품 c++ programming. 황기태 지음. 생능 출판.,,,,True,True,False,False,False,True,target_department_and_target_course,0.25
9789,2022,경북대학교,과학기술대학,소프트웨어학과,객체지향언어,2,2학기,3,3,0,전공,이 과정에서는 MFC 기반의 윈도우즈 프로그래밍 과목으로 윈도우용 응용프로그램을 설계에서부터 최종 완성된 응용 프로그램의 개발단계를 습득하게 된다.,"MFC 윈도우 프로그래밍, 강경우 지음. 한빛미디어,",,,"c, c++, 자료구조",True,True,False,False,False,True,target_department_and_target_course,0.16666666666666666
9790,2022,경북대학교,과학기술대학,소프트웨어학과,JAVA1,2,1학기,3,2,2,전공,"논리적 사고 능력, 문제 제기 및 대안 모색 능력",교재명 : 명품 자바 에센셜(Light Version)저자 : 황기태 지음출판사 : 생능 출판사,,,C Language,True,True,False,False,False,True,target_department_and_target_course,0.16666666666666666
9793,2022,경북대학교,과학기술대학,소프트웨어학과,정보처리알고리즘,3,1학기,3,2,2,전공,강의목표:1. 알고리즘 분석과 설계에 대한 기본 개념을 배운다.2. 알고리즘의 실무적 구현을 통한 성능 분석 및 개선 기법을 익힌다.3. 최종적으로 문제 해결의 핵심이 되는 코어 솔루션 개발 능력을 갖춘다.,"Textbook: 알기 쉬운 알고리즘, 양성봉, 생능출판사, 2013.Reference Books: 1. Introduction to Algorithms, Thomas H. Cormen etal., 3rd Ed., 2009. (1230p)2. Algorithms, Robert Sedgewick and Kevin Watnick, 4th Ed., 2011. Highly Recommended Reading Books: 1. Cracking the Coding Interview, 150 programming questions and solutions, Fifth Ed., Gayle Laakmann McDowell, 2013. 2. The Google Resume, Gayle L. McDowell, 2011. 3. Programming Interview Exposed, 3rd Ed., John Morgan etal, 2013. 4. Elements of Programming Interviews, 300 questions, Adnan Aziz teal., http://elementsofprogramminginterviews.com",,,없음,True,True,False,True,False,True,target_department_and_target_course,0.16666666666666666
9794,2022,경북대학교,과학기술대학,소프트웨어학과,데이터베이스개론,3,1학기,3,3,0,전공,"* 관계형 모델과 관계 대수 연산을 설명할 수 있다.* SQL을 사용하여 데이터베이스에서 투플을 추가, 삭제, 검색할 수 있다. * 데이터베이스 드라이버(ODBC, JDBC)를 사용하여 데이터베이스 응용프로그램을 작성할 수 있다.","(원서) Avi Silberschatz, Henry F. Korth, S. Sudarshan, Database System Concepts, Seventh Edition, 2020(번역서) Abraham Silberschatz, Henry F. Korth, S. Sudarshan 저/정연돈, 권준호 역 외 3명, 데이터베이스 시스템 [ 7판 ], 한빛아카데미, 2021년 08월 05일",,,데이터구조론,True,True,False,True,False,True,target_department_and_target_course,0.16666666666666666
9795,2022,경북대학교,과학기술대학,소프트웨어학과,기계학습응용,4,1학기,3,2,2,전공,"강의목표:이 강좌를 마치고 나면, 학생들은 다음과 같은 주제의 대한 지식을 습득하게 된다:1. 확률기반의 불확실성 처리 및 기계학습의 기초 개념을 이해한다.2. 베이지안망에 의한 불확실성 지식의 표현 기법과 추론 기법을 배운다.3. 다양한 지도학습 기법들을 익히고 학습이론에 입각한 실용적인 기계학습을 배운다.","교재:인공지능1, 2: 현대적 접근 2권(제4판 번역판), 스튜어트러셀과 피터노빅 저, 류광 역, 제이펍, 2021. 참고문헌: 1.Stuart Russel and Peter Norvig, Artificial Intelligence; a Modern Approach, Fourth Edition, PrenticeHall, 2020. 2. D. Poole and A. Mackworth, Artificial Intelligence: Foundations of Computational Agents, 2nd Ed., Cambridge Univ. Press, 2017.3. 이건명, 인공지능, 생능출판사, 2018.",,,인공지능개론,True,True,False,True,False,True,target_department_and_target_course,0.16666666666666666
9796,2022,경북대학교,과학기술대학,소프트웨어학과,운영체제론,3,2학기,3,3,0,전공필수,운영체제의 필요성을 이해하는 능력 배양 운영체제의 구성 및 각 구성 요소를 이해하는 능력 배양 운영체제의 각 구성 요소를 설계하고 구현하는 방법을 이해하는 능력 배양 운영체제 설계 시의 문제점을 파악하고 이를 해결할 수 있는 능력 배양,"주교재 : 쉽게 배우는 운영체제, 조성호, 한빛미디어 부교재 : Operating System Concepts, 10th ed., Silberschatz, Galvin, Gagne, Wiley.",,,컴퓨터개론,True,True,False,True,False,True,target_department_and_target_course,0.16666666666666666
9799,2022,경북대학교,과학기술대학,소프트웨어학과,소프트웨어공학론,2,1학기,3,3,0,전공,"시스템 개발에서 운영에 이르는 소프트웨어 공학 기술을 배양하는 것입니다. (* Raising a capability for software engineering technology from system development to maintenace)본 교과목은 소프트웨어의 계획에서 개발 및 운영에 이르는 S/W 생명주기의 전 과정에 대한 방법과 절차에 대한 기술을 이해를 통해서 소프트웨어의 분석, 설계 그리고 유지보수의 능력을 배양하는 것입니다. (* This course aims to cultivate software analysis, design, and maintenance skills through understanding the techniques of methods and procedures for the entire S/W life cycle from software planning to S/W development and operation.)","주 교재 . 소프트웨어 공학의 모든 것, 최은만, 색능사, 2020. 2부 교재 . 쉽게 배우는 소프트웨어공학, 김치수, 한빛 아키데미, 2016. 2* Textbook . 소프트웨어 공학의 모든 것, 최은만, 색능사, 2020. 2* Supplementary textbook . 쉽게 배우는 소프트웨어공학, 김치수, 한빛 아키데미, 2016. 2프트웨어 공학의 모든 것, 최은만, 색능사, 2020. 2, 색능사, 2020. 2",,,ICT의 이해와 활용 (* Understanding and practical use of ICT),True,True,False,False,False,True,target_department_and_target_course,0.16666666666666666
9800,2022,경북대학교,과학기술대학,소프트웨어학과,소프트웨어공학론,2,1학기,3,3,0,전공,"시스템 개발에서 운영에 이르는 소프트웨어 공학 기술을 배양하는 것입니다. (* Raising a capability for software engineering technology from system development to maintenace)본 교과목은 소프트웨어의 계획에서 개발 및 운영에 이르는 S/W 생명주기의 전 과정에 대한 방법과 절차에 대한 기술을 이해를 통해서 소프트웨어의 분석, 설계 그리고 유지보수의 능력을 배양하는 것입니다. (* This course aims to cultivate software analysis, design, and maintenance skills through understanding the techniques of methods and procedures for the entire S/W life cycle from software planning to S/W development and operation.)","주 교재 . 소프트웨어 공학의 모든 것, 최은만, 색능사, 2020. 2부 교재 . 쉽게 배우는 소프트웨어공학, 김치수, 한빛 아키데미, 2016. 2* Textbook . 소프트웨어 공학의 모든 것, 최은만, 색능사, 2020. 2* Supplementary textbook . 쉽게 배우는 소프트웨어공학, 김치수, 한빛 아키데미, 2016. 2프트웨어 공학의 모든 것, 최은만, 색능사, 2020. 2모든 것, 최은만, 색능, 2020. 2",,,ICT의 이해와 활용 (* Understanding and practical use of ICT),True,True,False,False,False,True,target_department_and_target_course,0.16666666666666666
9801,2022,경북대학교,과학기술대학,소프트웨어학과,응용소프트웨어설계,3,1학기,3,3,0,전공필수,MFC 기반으로 기본적인 윈도우의 컴포턴트를 이용 및 활용하는 이론 강의와 실습을 통한 실제 활용 기술을 학습한다.,.기본적인 윈도우의 컴포턴트를 이용 및 활용하는 이론 강의와 실습을 통한 실제 활용 기술을 학습한다.,,,객체지향언어,True,False,True,False,False,True,target_department_and_foundational_course,0.16666666666666666
9807,2022,경북대학교,과학기술대학,소프트웨어학과,컴퓨터통신,3,2학기,3,3,0,전공,"컴퓨터통신은 컴퓨터의 연결이 아니고, 인공위성 시스템, 패킷 스위치, 개인용 컴퓨터, LAN, 디지털 장치를 포함한 여러 장치가 연결되어 있다. 이처럼 복잡한 장치들이 서로 연결되고 이를 기반으로 정보를 원활하게 전달하기 위해서는 장치 상호 간의 통신규약이 필요하다. 이런 규약을 수학이나 알고리즘을 기반으로 이해한다. 컴퓨터통신을 구현하기 위하여 전기적 특성을 설명하며 장치별로 그 특성을 이해한다. 이에 따라 각종 프로토콜과 연결 방법, 패킷 스위치 네트워크를 이해한다.","교재 : DATA AND COMPUTER COMMUNICATIONS, TENTH EDITION, William Stallings, Prentice Hall",,,"ICT이해와 활용, 이산구조기초",True,True,False,False,False,True,target_department_and_target_course,0.16666666666666666
9808,2022,경북대학교,과학기술대학,소프트웨어학과,정보보안기술,4,2학기,3,3,0,전공,"블록체인의 분산장부, 분산네트워크 등 기반 기술과 구조를 설명할 수 있다.블록체인에 필요한 암호 기반 기술에 대해 설명할 수 있다.블록체인과 P2P 분산 네트워크의 원리를 설명할 수 있다.블록체인에서 위변조 행위를 막기 위해 필요한 해시, 전자서명 등의 정보보호 기술을 설명할 수 있다.",수업시간내 추후공지,,,해당없음,True,True,False,True,False,True,target_department_and_target_course,0.25
9809,2022,경북대학교,과학기술대학,소프트웨어학과,웹프로그래밍1,2,2학기,3,3,0,전공,"[학습 목표] . 웹(익스플러러 등)에서 실행되는 웹 페이지 및 웹 게임의 제작능력을 배양하는 것입니다. . 사용자단(Frontend) 웹 프로그래머를 양성합니다.[학습 내용] . 웹 프로그래밍 언어인 HTML, CSS와 Java Script를 사용한 웹 프로그램 작성 방법을 학습합니다. . HTML을 사용해서 웹 페이지의 정보 연결, 정보 구성, 정보의 입.출력 화면을 만들기 텍스트와 이미지(사진)의 출력 그리고 동영상 실행하기 . CSS 사용한 웹 페이지의 모양을 꾸미고 공통 서식 만들기 . JS (자바 스크립트) 사용의 동적 웹 문서와 응용 프로그램 만들기[학습 효과] . 졸업작품 개발, 취업면접 그리고 전산직 공무원 시험시 ª프로그래밍 언어ª 부문의 대비를 위한 웹 프로그래밍 기술력을 배양할 수 있습니다.","Textbook . “HTML5+CSS3+Javascript 웹 프로그래밍”, 황기태, 색능출판사, 2017. 1Other references . ª인터넷 프로그래밍 기초ª, 고민정, 한빛미디어, 2008 . “HTML5 + CSS3 + JavaScript로 배우는 웹프로그래밍기초”, 천인국, 인피니티북스, 2014. 3",,,소프트웨어공학론,True,True,False,False,False,True,target_department_and_target_course,0.16666666666666666
9810,2022,경북대학교,과학기술대학,소프트웨어학과,웹프로그래밍1,2,2학기,3,3,0,전공,"[학습 목표] . 웹(익스플러러 등)에서 실행되는 웹 페이지 및 웹 게임의 제작능력을 배양하는 것입니다. . 사용자단(Frontend) 웹 프로그래머를 양성합니다.[학습 내용] . 웹 프로그래밍 언어인 HTML, CSS와 Java Script를 사용한 웹 프로그램 작성 방법을 학습합니다. . HTML을 사용해서 웹 페이지의 정보 연결, 정보 구성, 정보의 입.출력 화면을 만들기 텍스트와 이미지(사진)의 출력 그리고 동영상 실행하기 . CSS 사용한 웹 페이지의 모양을 꾸미고 공통 서식 만들기 . JS (자바 스크립트) 사용의 동적 웹 문서와 응용 프로그램 만들기[학습 효과] . 졸업작품 개발, 취업면접 그리고 전산직 공무원 시험시 ª프로그래밍 언어ª 부문의 대비를 위한 웹 프로그래밍 기술력을 배양할 수 있습니다.* [Learning content] . Education for training a Web program experts(Frontend programmer) who can make a web page or mini homepage on the internet using HTML, CSS and java script which are web programming language . Making a structuring, linking, inputoutput screen between information using HTML language and displaying data of text, image(photo) and video . Building more adornment of screen and common style with using CSS language . Creating a web page with dynamic properties and application program using Java Script language","Textbook . “HTML5+CSS3+Javascript 웹 프로그래밍”, 황기태, 색능출판사, 2017. 1Other references . ª인터넷 프로그래밍 기초ª, 고민정, 한빛미디어, 2008 . “HTML5 + CSS3 + JavaScript로 배우는 웹프로그래밍기초”, 천인국, 인피니티북스, 2014. 3",,,Introduction to software engineering,True,True,False,False,False,True,target_department_and_target_course,0.16666666666666666
9811,2022,경북대학교,과학기술대학,소프트웨어학과,웹프로그래밍2,3,1학기,3,3,0,전공,JSP를 사용해서 웹 서버에서 실행되는 웹 페이지의 제작 능력을 배양 (* Cultivating the ability to create web pages running on a web server using JSP),"주 교재 . JSP Programming with a workbook, 이진선/장병욱, 이한출판사, 2007부 교재 . JSPStudy의 JSP 웹 프로그래밍 입문 + 활용, 정동진/김준형/정영석, 앤써북, 2014 . 은노기의 JSP 웹 프로그래밍 입문, 김은옥, 삼양미디어, 2013* Textbook . JSP Programming with a workbook, 이진선/장병욱, 이한출판사, 2007* Supplementary textbook . JSPStudy의 JSP 웹 프로그래밍 입문 + 활용, 정동진/김준형/정영석, 앤써북, 2014 . 은노기의 JSP 웹 프로그래밍 입문, 김은옥, 삼양미디어, 2013",,,웹프로그래밍1 (* webprogramming1),True,True,False,False,False,True,target_department_and_target_course,0.16666666666666666
9812,2022,경북대학교,과학기술대학,소프트웨어학과,웹프로그래밍2,3,1학기,3,3,0,전공,"JSP를 사용해서 웹 서버에서 실행되는 웹 페이지의 제작 능력을 배양 * Cultivating the ability to create web pages running on a web server using JSP* The subjec aims to learn how to create web pages using JSP, a serverside web programming language.","주 교재 . JSP Programming with a workbook, 이진선/장병욱, 이한출판사, 2007부 교재 . JSPStudy의 JSP 웹 프로그래밍 입문 + 활용, 정동진/김준형/정영석, 앤써북, 2014 . 은노기의 JSP 웹 프로그래밍 입문, 김은옥, 삼양미디어, 2013* Textbook . JSP Programming with a workbook, 이진선/장병욱, 이한출판사, 2007* Supplementary textbook . JSPStudy의 JSP 웹 프로그래밍 입문 + 활용, 정동진/김준형/정영석, 앤써북, 2014 . 은노기의 JSP 웹 프로그래밍 입문, 김은옥, 삼양미디어, 2013",,,웹프로그래밍1 (* webprogramming1),True,True,False,False,False,True,target_department_and_target_course,0.16666666666666666
9813,2022,경북대학교,과학기술대학,소프트웨어학과,모바일소프트웨어,4,1학기,3,3,0,전공,안드로이드 기반의 모바일 앱 개발 능력의 배양 (*Cultivating a development capability of androidbased mobile app development),"주 교재 . 안드로이드 프로그래밍 정복 4판(혹은 3판) 1권2권, 김상형, 한빛미디어, 2016. 1참조 교재 . 안드로이드 앱 프로그래밍, 정재곤, 이지스퍼블리싱, 2011 . Android Studio를 활용한 안드로이드 프로그래밍, 우재남/박길식, 2017.3 . 안드로이드 프로그래밍, 생능출판사, 천인국, 2013 . Step by step 안드로이드 앱 개발, 장용식/김관옥/성낙현, 인퍼니티북스, 2011* Textbook . 안드로이드 프로그래밍 정복 4판(혹은 3판) 1권2권, 김상형, 한빛미디어, 2016. 1* Other reference . 안드로이드 앱 프로그래밍, 정재곤, 이지스퍼블리싱, 2011 . Android Studio를 활용한 안드로이드 프로그래밍, 우재남/박길식, 2017.3 . 안드로이드 프로그래밍, 생능출판사, 천인국, 2013 . Step by step 안드로이드 앱 개발, 장용식/김관옥/성낙현, 인퍼니티북스, 2011",,,웹프로그래밍1과 웹프로그래밍2 (* webprogramming1 and webprogramming2),True,True,False,False,False,True,target_department_and_target_course,0.16666666666666666
9814,2022,경북대학교,과학기술대학,소프트웨어학과,모바일소프트웨어,4,1학기,3,3,0,전공,안드로이드 기반의 모바일 앱 개발 능력의 배양 * Cultivating a development capability of androidbased mobile app development),"주 교재 . 안드로이드 프로그래밍 정복 4판(혹은 3판) 1권2권, 김상형, 한빛미디어, 2016. 1참조 교재 . 안드로이드 앱 프로그래밍, 정재곤, 이지스퍼블리싱, 2011 . Android Studio를 활용한 안드로이드 프로그래밍, 우재남/박길식, 2017.3 . 안드로이드 프로그래밍, 생능출판사, 천인국, 2013 . Step by step 안드로이드 앱 개발, 장용식/김관옥/성낙현, 인퍼니티북스, 2011* Textbook . 안드로이드 프로그래밍 정복 4판(혹은 3판) 1권2권, 김상형, 한빛미디어, 2016. 1* Other reference . 안드로이드 앱 프로그래밍, 정재곤, 이지스퍼블리싱, 2011 . Android Studio를 활용한 안드로이드 프로그래밍, 우재남/박길식, 2017.3 . 안드로이드 프로그래밍, 생능출판사, 천인국, 2013 . Step by step 안드로이드 앱 개발, 장용식/김관옥/성낙현, 인퍼니티북스, 2011",,,웹프로그래밍1과 웹프로그래밍2 (* webprogramming1 and webprogramming2),True,True,False,False,False,True,target_department_and_target_course,0.16666666666666666
9815,2022,경북대학교,과학기술대학,소프트웨어학과,소프트웨어프로젝트1,3,2학기,3,2,2,전공필수,"o 개인별, 팀별 발표 및 토론",주제 관련 전공서적 및 기타 참고 자료,,,전공 전 분야 교과목,True,False,True,False,False,True,target_department_and_foundational_course,0.16666666666666666
9816,2022,경북대학교,과학기술대학,소프트웨어학과,소프트웨어프로젝트2,4,1학기,3,2,2,전공필수,* 팀을 기반으로 학습을 수행하여 팀워크 역량을 증대할 수 있다.* 창의성/효율성/경제성 등에 대한 통합적 해결능력을 배양하여 실무능력 향상시킬 수 있다. * 학부과정에서 배운 지식을 종합하여 실제 현업에서 일어날 수 있는 사항을 체험하는 직업적 훈련과정을 경험할 수 있다. * 산업체 현장 적응능력을 갖춘 창의적 맞춤형 인력양성을 위해 다양한 문제해결 방법과 의사결정 및 의사전달 방법을 학습할 수 있다.,* 교재 없음,,,"데이터베이스 개론, 컴퓨터통신, 데이터구조론, 알고리즘, 프로그래밍 언어, 컴퓨터 구조",True,False,True,False,False,True,target_department_and_foundational_course,0.16666666666666666
10164,2022,경북대학교,과학기술대학,융복합시스템공학부 플랜트시스템전공,플랜트 빅데이터 분석 실습,3,1학기,3,2,2,전공,4차산업 시대의 창의적인 융합인재로 성장하기 위한 기초 지식을 학습함.,"주교재: 파이썬 라이브러리를 활용한 데이터 분석 개정판, 한빛미디어 부교재: 모두의 데이터 분석 with 파이썬, 길벗(주교재/부교재는 수업시작 이후 다시 공고할 예정)",,,"프로그래밍언어 실습 이수 권장, 마이크로 컴퓨터 실습 이수 권장",False,True,False,True,False,True,strong_ai_cs_course_outside_target_department,0.16666666666666666
10165,2022,경북대학교,과학기술대학,융복합시스템공학부 플랜트시스템전공,인공지능 및 기계학습 개론,3,2학기,3,3,0,전공,4차산업 융복합 분야의 우수한 지능형 시스템 전문 인력 양성을 목표로 함.,"주교재: 기계학습, 오일석(한빛아카데미)부교재: 패턴인식과 머신러닝(제이펍, 크리스토퍼비숍), 으뜸머신러닝(생능출판사), Deep Learning with Python(Manning Publications), CS231n Lecture Series, Deep Learning Book(https://www.deeplearningbook.org)",,,"프로그래밍언어, 플랜트빅데이터분석실습 등 관련 교과 등의 수업 이수를 권장하고 있으나 필요한 기초전공지식에 대해서는 수업시간에 다룰 예정임.",False,True,False,True,False,True,strong_ai_cs_course_outside_target_department,0.16666666666666666
10658,2022,경북대학교,농업생명과학대학,농업토목.생물산업공학부,빅데이터 기초 실습,1,2학기,3,2,2,전공기반,디지털 환경에서 발생하는 대량의 데이터를 수집하고 처리하는 과정과 효과적으로 분석할 수 있는 방법을 배우고 필요한 데이터를 찾아 의미 있는 결과 및 모델을 도출할 수 있도록 한다. 데이터 탐색 및 통찰력을 가진 데이터 과학자가 되기 위한 기초과정으로 데이터 처리 및 분석 과정을 통해 통합적 사고력과 응용력을 향상하고 다양한 분야에 접목하여 활용할 수 있도록 한다.,"* 교재빅데이터기초실습 ,홍릉과학출판사",,,없음,False,True,False,True,True,True,strong_ai_cs_course_outside_target_department,0.16666666666666666
10659,2022,경북대학교,농업생명과학대학,농업토목.생물산업공학부,빅데이터 기초 실습,1,2학기,3,2,2,전공기반,디지털 환경에서 발생하는 대량의 데이터를 수집하고 처리하는 과정과 효과적으로 분석할 수 있는 방법을 배우고 필요한 데이터를 찾아 의미 있는 결과 및 모델을 도출할 수 있도록 한다. 데이터 탐색 및 통찰력을 가진 데이터 과학자가 되기 위한 기초과정으로 데이터 처리 및 분석 과정을 통해 통합적 사고력과 응용력을 향상하고 다양한 분야에 접목하여 활용할 수 있도록 한다.,"*교재빅데이터 기초 실습 , 홍릉출판사, 2019년 2월 *참고문헌엑셀 2013 기초+활용 (다양한 예제로 배우는), 아티오, 이형범·이소영 지음 빅데이터 처리와 통계 분석, 컴원 미디어, 변정한·이순철 지음빅데이터 기초 실습 , 홍릉출판사, 2019년 2월 *참고문헌엑셀 2013 기초+활용 (다양한 예제로 배우는), 아티오, 이형범·이소영 지음 빅데이터 처리와 통계 분석, 컴원 미디어, 변정한·이순철 지음",,,없음,False,True,False,True,True,True,strong_ai_cs_course_outside_target_department,0.16666666666666666
11503,2022,경북대학교,사회과학대학,문헌정보학과,데이터베이스 디자인,3,1학기,3,3,0,융합전공,to provide instruction in both fundamental principles and usercentric methodologies for the effective creation of a database management system,"Course Website http://widit2.knu.ac.kr/~kiyang/teaching/DB/[Required]Lecture material & online content[Recommended]Access 2013: The Missing Manualby Matthew MacDonald; 2013, OªReilly MediaDatabases Demystified (2nd Edition) by Andrew Oppel, 2010, McGrawHillDatabase Systems: Design, Implementation, and Management (12th Edition) by Carlos Coronel, Steven A. Morris, Peter Rob; 2016, Cengage LearningMicrosoft Access 2016 Tutorial by Quackit (Online)Access 2016 Tutorial by GCFGlobal (Online)Database Tutorial by GCFGlobal (Online)DBMS Tutorial by BeginnersBook (Online)",,,,False,True,False,True,False,True,strong_ai_cs_course_outside_target_department,0.25
11523,2022,경북대학교,사회과학대학,문헌정보학과,데이터분석론,2,2학기,3,3,0,전공,"이 수업의 강의 목표는 다음과 같다.분석 대상 데이터를 식별하며 전처리를 할 수 있다.유의미한 데이터 분석을 위해 주요 데이터를 대상으로 탐험적 분석과 시각화를 제시한다.데이터에 대한 다양한 분석을 수행하고 그 의미를 이해한다.특정 데이터에 대한 다양한 시각화 기법을 익히며, 가장 적절한 기법을 적용한다.","(( 작성중!!! ))주교재:(1) 웨스 맥키니 지음, 김영근 옮김. 2019. 파이썬 라이브러리를 활용한 데이터 분석(2판). 한빛미디어(2) 점프 투 파이썬(https://wikidocs.net/book/1), 종이책이나 ebook도 있음참고문헌(굳이 구매하지 않아도 됨):조엘 그루스 지음, 김한결 등 옮김. 2020. 밑바닥부터 시작하는 데이터 과학(2판). 인사이트기타 문헌(제목만):Pandas로 하는 데이터 과학파이썬으로 시작하는 데이터 분석엑셀과 비교하며 배우는 파이썬 데이터 분석이것이 데이터 분석이다 with 파이썬",,,데이터사이언스개론,False,True,False,True,False,True,strong_ai_cs_course_outside_target_department,0.16666666666666666
11525,2022,경북대학교,사회과학대학,문헌정보학과,데이터사이언스개론,1,2학기,3,3,0,전공,이 수업의 강의 목표는 다음과 같다.데이터 사이언스 분야의 의의를 알 수 있다.데이터 분석에 사용되는 기본적 통계 개념을 이해한다.데이터 사이언스 분야에서 데이터를 식별하며 전처리를 할 수 있다.유의미한 데이터 분석을 위해 주요 데이터를 대상으로 시각화의 의미를 파악한다.,"(( 작성중!!! ))주교재:(1) 타케무라 아키미치 교수 외 12. 2020. 데이터사이언스 입문. INFINITYBOOKS, 경기도(2) 점프 투 파이썬(https://wikidocs.net/book/1), 종이책이나 ebook도 있음참고문헌:(1) 조엘 그루스 지음, 김한결 등 옮김. 2020. 밑바닥부터 시작하는 데이터 과학(2판). 인사이트(2)하시모토 히로시, 마키노 코오지 공저, 권기태 역. 2020. 데이터 사이언스 교과서. 성안당제이크 밴터플래스 지음, 김정인 옮김. 2017. 파이썬 데이터 사이언스 핸드북. 위키북스코딩 문헌:문용준, 문성혁. 2020. (한권으로 PYTHON) 데이터 사이언스 입문 A to Z. 잇플, 서울웨스 맥키니 지음, 김영근 옮김. 2019. 파이썬 라이브러리를 활용한 데이터 분석(2판). 한빛미디어",,,없음,False,True,False,True,False,True,strong_ai_cs_course_outside_target_department,0.16666666666666666
14304,2022,경북대학교,자연과학대학,수학과,수리적빅데이터개론(캡스톤디자인),4,2학기,3,2,2,전공,Each team performs the project related to big data analysis and machine learning.,None.,,,"Analysis, linear algebra, Python(or MATLAB)",False,True,True,True,False,True,strong_ai_cs_course_outside_target_department,0.16666666666666666
14357,2022,경북대학교,자연과학대학,통계학과,데이터마이닝 및 실험,4,1학기,3,2,2,전공,복잡한 자료를 다룰 수 있는 다양한 통계적 및 기계학습 방법론 학습을 통해 통계적인 시각으로 세상을 볼 수 있다.,"Textbook: An Introduction to Statistical Learning with applications in R James, Witten, Hastie and Tibshirani (2/e) (You can buy or download from https://hastie.su.domains/ISLR2/ISLRv2_website.pdf) (2/e)References: Data mining for business intelligence Galit Shumeli, Nitin R. Patel, Peter C. Bruce (번역본: 비즈니스 인텔리전트를 위한 데이터 마이닝, 옮김:조재희, 조성배,이성임, 신현정, 김성범) R을 이용한 데이터 마이닝 (박창이, 김용대, 김진석, 송종우, 최호식) 파이썬을 이용한 통계적 머신 러닝 (박유성)",,,"회귀분석 및 실험, R 프로그래밍 및 실험, 다변량 자료 분석 및 실험",False,True,True,True,False,True,strong_ai_cs_course_outside_target_department,0.16666666666666666
14358,2022,경북대학교,자연과학대학,통계학과,데이터마이닝 및 실험,4,1학기,3,2,2,전공,"By learning a variety of statistical and machine learning methodologies that can handle complex data, you can criticize the world from a statistical perspective.","Textbook: An Introduction to Statistical Learning with applications in R James, Witten, Hastie and Tibshirani (2/e) (You can buy or download from https://hastie.su.domains/ISLR2/ISLRv2_website.pdf) (2/e) References: : 비즈니스 애널리틱스를 위한 데이터 마이닝 R edition, 4/e, 옮김:조재희, 조성배,이성임, 신현정, 김성범) Data Mining using R R을 이용한 데이터 마이닝 (박창이, 김용대, 김진석, 송종우, 최호식) 파이썬을 이용한 통계적 머신 러닝 (박유성)",,,"Multivariate Data Analysis, Programming with R, Regression Analysis and Lab",False,True,True,True,False,True,strong_ai_cs_course_outside_target_department,0.16666666666666666
14363,2022,경북대학교,자연과학대학,통계학과,빅데이터분석 및 실험,3,2학기,3,2,2,전공,Learn how to make the big data based on various data sources and make synthetic data based on critical thinkings and the use of statistical techniques,Lecture notes and various reading materials,,,mathematical statistics and regression analysis,False,True,True,True,False,True,strong_ai_cs_course_outside_target_department,0.16666666666666666
14647,2022,경북대학교,IT대학,전기공학과,생활속의통계,2,2학기,3,3,0,기본소양,"일상 생활 속의 다양한 통계를 제대로 이해하고, 이를 바탕으로 현실을 잘 판단하고 미래을 예측할 수 있는 능력을 배양한다.","교재: 통계로 세상보기(2021) 제2판,김달호 외 6인, 자유아카데미 참고서적: 정남구(2008), 통계가 전하는 거짓말, 시대의 창이기원(2001) 인터넷 시대의 생활속의 통계, 교우사 최제호 (2007) 통계의 미학, 동아시아울코트 스미스(전영택옮김)(2007), 세상에서 가장 재미있는 통계학, 궁리",,,없음,True,False,True,False,False,True,target_department_and_foundational_course,0.16666666666666666
14659,2022,경북대학교,IT대학,전기공학과,C프로그래밍과실습,1,1학기,3,2,2,전공기반,기존 인식의 체계에 프로그래밍으로 창의적 문제 해결 능력을 배양한다.학문을 통합하는 융합적 응용력을 프로그래밍에 접목한다.,"Textbook: 쉽게 풀어쓴 C언어 Express[개정3판], 생능출판사, 천인국, 2018. Reference : 차근차근 배우는 C프로그래밍 기초, 경북대출판부, 강동진외 4인, 2017.",,,수학1,True,True,False,False,False,True,target_department_and_target_course,0.16666666666666666
14660,2022,경북대학교,IT대학,전기공학과,C프로그래밍과실습,1,1학기,3,2,2,전공기반,"본 강의에서는 프로그래밍 과정과 C 언어의 구성, 문법과 함수 학습하고 교과서의 연습문제와 프로젝트 과제를 C 언어로 프로그램을 설계하고 작성하는 실습으로 프로그램 능력을 키운다.","교재: 쉽게 풀어쓴 C언어 Express, 천인국 지음, 생능출판사.참고문헌: (명품) C 언어 프로그래밍, 생능출판사, 안기수, 2014. 차근차근 배우는 c프로그래밍 기초, 경북대출판부, 강동진외 4인, 2017",,,없음,True,True,False,False,False,True,target_department_and_target_course,0.16666666666666666
14664,2022,경북대학교,IT대학,전기공학과,창의공학설계실험,1,2학기,3,2,2,공학전공,"* Students can improve the team managing skills such as decision making, leadershipfollowership, and communication skills.* Students can understand the engineering design process and team culture for collaboration in a team.* Students can recognize the importance of communicationpersuasionexpression in a team.","Design Concepts for Engineers, 5th Edition, Mark Horenstein, Pearson, 2015",,,None,True,False,True,False,False,True,target_department_and_foundational_course,0.16666666666666666
14665,2022,경북대학교,IT대학,전기공학과,창의공학설계실험,1,2학기,3,2,2,공학전공,"1. 팀내에서의 의사결정, leadership, followship 에 대해 상호 이해하고 팀의 가치추구를 위해 상호적인 관계를 형성할 수 있다.2. 프로젝트를 통해 공학분야의 연구개발 과정을 이해하고 이를 실현하기 위한 체계적인 팀문화를 체득한다.3. 다양한 창의적인 사고기법을 활용할 수 있고, 이를 반영할 수 있는 대화설득표현의 기술에 대해 체득하고 활용한다.","[교재 1] Mark N. Horenstein,ªDesign Concepts for Engineersª,4th Ed., Prentice Hall, 2010[교재 2] 김용세, ‘창의적 설계 입문’, 2009 인터비전,ª창의공학설계,ª2005.등 기타 창의공학설계 관련 서적",,,"수학1, 물리1",True,False,True,False,False,True,target_department_and_foundational_course,0.16666666666666666
14666,2022,경북대학교,IT대학,전기공학과,창의공학설계실험,1,2학기,3,2,2,공학전공,공학적 문제 해결을 위해 풍부한 구성의 이론 교육과 다양한 실습교육 수행을 통해 기초 공학지식을 함양하고 전기공학도로서 갖추어야 할 시스템 분석 능력과 창의설계 능력을 향상시킴으로서 정보화 시대를 선도할 수 있는 전문연구 능력 및 국가기간산업 발전의 핵심인 전기공학도로서 갖추어야 할 현장실무 능력과 국제협력 능력을 배양한다.,"[교재 1] Mark N. Horenstein,'Design Concepts for Engineers',4th Ed., Prentice Hall[교재 2] 김용세, ‘창의적 설계 입문’, 생능출판사 인터비전,'창의공학설계,'2005.등 기타 창의공학설계 관련 서적",,,"수학, 물리",True,False,True,False,False,True,target_department_and_foundational_course,0.16666666666666666
14673,2022,경북대학교,IT대학,전기공학과,회로이론1,2,1학기,3,3,0,공학전공,회로해석 방법에 대한 부단한 질문과 탐구로 궁극적 원리 이해회로해석 방법에 대한 수학적 물음과 의문제기 및 해결 능력회로해석 방법에 대한 토론과 질문 및 답변으로 공감하는 능력,"교재 : ªFundamentals of Electric Circuitsª, 7th edition, by Charles K. Alexander/Mattew N. O. Sadiku, McGRAWHILL참고문헌: 회로이론, 9판, 저자: James W. Nilsson, Susan A. Riedel, 번역자: 장주욱 외 9인, 한티미디어.",,,공학수학,True,True,False,False,False,True,target_department_and_target_course,0.16666666666666666
14674,2022,경북대학교,IT대학,전기공학과,회로이론1,2,1학기,3,3,0,공학전공,1. 전기회로에 사용되는 여러가지 소자들의 물리적 개념과 수학적 표현을 이해한다.2. 소자들이 연결된 전기회로에 대한 댜양한 해석방법을 습득한다.3. 전기회로에 대한 응용능력을 키운다.,"교재 : “Fundamentals of Electric Circuits”, 6th edition, by Alexander, McGRAWHILL",,,없음,True,True,False,False,False,True,target_department_and_target_course,0.16666666666666666
14675,2022,경북대학교,IT대학,전기공학과,회로이론2,2,2학기,3,3,0,공학전공,회로해석 방법에 대한 부단한 질문과 탐구로 궁극적 원리 이해회로해석 방법에 대한 수학적 물음과 의문제기 및 해결 능력회로해석 방법에 대한 토론과 질문 및 답변으로 공감하는 능력회로해석에서 도출되는 입력과 출력 특성에 대한 해석과 분석 능력,"교재Alexander 외, Fundamentals of Electric Circuits, 7th edition, McGRAWHILL. 참고문헌R. C. Dorf 외, Introduction to Electric Circuits, 7th ed., WileyNilsson 외, Electric Circuits, 8th ed., Pearson",,,회로이론 1,True,True,False,False,False,True,target_department_and_target_course,0.16666666666666666
14676,2022,경북대학교,IT대학,전기공학과,회로이론2,2,2학기,3,3,0,공학전공,"3상 회로를 해석할 수 있다.자기적 결합회로를 해석할 수 있다.주파수 응답을 이해하고, 회로에 적용한다.라플라스 변환을 이해하고, 회로에 적용할 수 있다.Fourier Series를 통해 회로를 해석한다.twoport circuit을 이해한다.","교재 : “Fundamentals of Electric Circuits”, 7th edition, by Alexander, McGRAWHILL",,,회로이론1,True,True,False,False,False,True,target_department_and_target_course,0.16666666666666666
14677,2022,경북대학교,IT대학,전기공학과,전자회로1,2,2학기,3,3,0,공학전공,"1. Understand the basic amplifier configurations2. Understand the diode physics and applications3. Understand the BJT physics and amplifiers4. Understand the MOSFET physics and amplifiersFinally, understand how the modern electronic devices and applications.","Textbook: Adel S. Sedra, ªMicroelectronics Circuitsª, Saunders College Publ, 8th ed,",,,"Basic circuits theory1, electromagnetics1",True,True,False,False,False,True,target_department_and_target_course,0.16666666666666666
14679,2022,경북대학교,IT대학,전기공학과,전자회로2,3,1학기,3,3,0,공학전공,1. Understand how to converge the various knowledge in this field,"Microelectronic Circuits, 8th ed., Sedra & Smith, Oxford University Press",,,Electronics1,True,True,False,False,False,True,target_department_and_target_course,0.16666666666666666
14681,2022,경북대학교,IT대학,전기공학과,전자회로2,3,1학기,3,3,0,공학전공,Understand how to converge various knowledges in this field,"Microelectronic Circuits, 8th ed., Sedra & Smith, Oxford University Press",,,Electronics1,True,True,False,False,False,True,target_department_and_target_course,0.16666666666666666
14682,2022,경북대학교,IT대학,전기공학과,논리회로,2,1학기,3,3,0,공학전공,"1) 디지털 회로 및 시스템들을 다루는데 가장 기본이 되는 개념과 관련 수학적 지식을 습득한다.2) 논리회로에 대한 기본 지식을 바탕으로 디지털 회로 및 시스템의 분석 및 해석, 설계 등에 관한 전문 능력을 배양한다.","Charles H. Roth, Jr. and Larry L. Kinney, Fundamentals of Logic Design, Cengage Learning.",,,없음,True,True,False,False,False,True,target_department_and_target_course,0.16666666666666666
14686,2022,경북대학교,IT대학,전기공학과,신호및시스템,3,1학기,3,3,0,공학전공,신호와 시스템의 기본 개념시간 영역에서의 처리시간 영역과 주파수 영역 간의 변환주파수 영역에서의 처리,"Mrinal Mandal and Amir Asif, Continuous and Discrete Time Signals and Systems, Cambridge University Press, 2007.",,,공학수학,True,True,False,False,False,True,target_department_and_target_course,0.16666666666666666
14689,2022,경북대학교,IT대학,전기공학과,자동제어,3,2학기,3,3,0,공학전공,"Based on the system analysis in frequency domain, we derive the time response of the system and learn basic knowledge of how to control the system based on it.","Main : Norman S. Nise, Control Systems Engineering, 8/E, Wiley, 2021.References1) 주영훈 외 공역, 제어시스템공학, 8판, 홍릉과학출판사, 2021.2) Gene F. Franklin, J. David Powell, Abbas EmamiNaeini, Feedback Control of Dynamic Systems, 7/E, Pearson, 2014.3) Farid Golnaraghi, Benjamin C. Kuo, Automatic Control Systems, 10/E, Mc Graw Hill, 2017.4) Richard C. Dorf, Robert H. Bishop, Modern Control Systems, 13/E, Pearson, 2017.5) Katsuhiko Ogata, System Dynamics, 4/E, Pearson, 2014.",,,"Engineering Mathematics, Linear Algebra, Signal and Systems",True,True,False,False,False,True,target_department_and_target_course,0.16666666666666666
14702,2022,경북대학교,IT대학,전기공학과,전기물리학실험 1,1,1학기,3,2,2,전공기반,팀원들간의 교류와 협력을 통해 합리적인 논의를 도출함으로써 전기공학 기초에 관련된 지식가치를 창출하는 역량을 습득한다.,"교재: 스마트 시대의 IT 물리(기존 교재와 다름, 교보문고 인터넷서점에서 구매 가능)참고문헌: R. A. Serway, ªPhysics for scientist and engineers with modern physicsª, 6th ed.,Thomson, Learnning Inc., 2004.",,,해당없음,True,False,True,False,False,True,target_department_and_foundational_course,0.25
14704,2022,경북대학교,IT대학,전기공학과,전기물리학실험 1,1,1학기,3,2,2,전공기반,1. 물리학에서 배운 이론을 실험을 통하여 확인한다.2. LoggerPro등의 첨단측정장비의 사용법을 익힌다.3. 실험에 사용되는 실험기자재의 사용법을 습득한다.4. 조원과 함께 실험을 계획하고 수행한다.5. 실험결과를 분석한다.,"스마트시대의IT 물리 (저자 금상택, 김동훈)개별적으로 인터넷 “교보문고”에서 구매",,,해당사항 없음,True,False,True,False,False,True,target_department_and_foundational_course,0.16666666666666666
14705,2022,경북대학교,IT대학,전기공학과,전기물리학실험 2,1,2학기,3,2,2,전공기반,팀원들 간의 교류와 협력을 통해 합리적인 논의를 통해 새로운 지식가치를 창출하는 역량을 습득한다.,"교재: 스마트 IT 시대의 전자기 2022 교정판, 금상택, 김동훈 공저, 인터넷 교보문고(Pubple), 2022년 (기존 교재와 다름, 교보문고 인터넷 서점에서 2022년 8월부터 구매 가능)참고문헌: R. A. Serway, ªPhysics for scientist and engineers with modern physicsª, 6th ed.,Thomson, Learnning Inc., 2004.",,,전기물리학실험1,True,False,True,False,False,True,target_department_and_foundational_course,0.16666666666666666
14706,2022,경북대학교,IT대학,전기공학과,전기물리학실험 2,1,2학기,3,2,2,전공기반,1.기초 이론교육과 실습교육을 통한 기초공학 지식 배양2.전기공학도로서 갖추어야할 시스템 분석능력과 창의설계능력 배양3.공학인으로서 요구되는 윤리 책임 의식과 협동심 배양4.정보화시대를 선도할수 있는 전문연구 능력배양 및 평생학습의식 고취,"교재:스마트 IT시대의전자기 2022 신판,금상택 김동훈 공저,인터넷교보문고(Pubple),2022년 8월말 출판 (예전교재와 다르므로 개강시 각자 인터넷 교보문고에서 주문하여 구비할 것)참고문헌:.R.A.Serway,ªPhysicsforscientistandengineerswithmodernphysicsª,6thed.,ThomsonLearnningInc.,2004.",,,전기물리학실험1,True,False,True,False,False,True,target_department_and_foundational_course,0.16666666666666666
14710,2022,경북대학교,IT대학,전기공학과,기초전기공학실험설계 1,2,1학기,3,2,2,공학전공,.실험중발생가능한다양한문제점해결을통한창의역량강화.전기기초이론과실험을통한실적용가능성판단및전공심화능력강화.조별실험실습을통한공동책임의식고취,"주교재:유인물외수업자료부교재:FundamentalsofElectricCircuits,6thedition,byAlexander,McGRAWHILLExperimentsinBasicCircuits:TheoryandApplication,6thedition,SciTechMedia",,,없음,True,False,True,False,False,True,target_department_and_foundational_course,0.16666666666666666
14711,2022,경북대학교,IT대학,전기공학과,기초전기공학실험설계 1,2,1학기,3,2,2,공학전공,"전기공학 분야의 기초 교과목 이론들을 관련 실험을 통해서 검증하고, 실제 실험중에 발생가능한 다양한 문제점들을 스스로 해결할 수 있는 능력을 키울수 있도록 한다.","주교재: 유인물외 수업자료부교재: Fundamentals of ElectricCircuits, 6th edition, by Alexander, McGRAWHILLExperiments in Basic Circuits: Theory and Application, 6th edition, SciTech Media",,,없음,True,False,True,False,False,True,target_department_and_foundational_course,0.16666666666666666
14712,2022,경북대학교,IT대학,전기공학과,기초전기공학실험설계 1,2,1학기,3,2,2,공학전공,"전기공학 분야의 기초 교과목 이론들을 관련 실험을 통해서 검증하고, 실제 실험중에 발생가능한 다양한 문제점들을 스스로 해결할 수 있다.","주교재: 유인물외 수업자료부교재: Fundamentals of ElectricCircuits, 6th edition, by Alexander, McGRAWHILLExperiments in Basic Circuits: Theory and Application, 6th edition, SciTech Media",,,없음,True,False,True,False,False,True,target_department_and_foundational_course,0.16666666666666666
14713,2022,경북대학교,IT대학,전기공학과,기초전기공학실험설계 2,2,2학기,3,2,2,공학전공,실험을 통한 디지털회로 원리 이해와 호기심과 끈기 있는 추리력 배양실험 내용에 대한 물음과 문제 해결 정신 배양조별 실험에서 협동으로 문제 해결하고 연대의식 배양디지털회로 텀프로젝트로 응용력 향상,"교재HBELogicLabD를 이용한 디지털 회로설계, 서보혁, 임정은, (주)한백전자 기술연구소",,,논리회로,True,False,True,False,False,True,target_department_and_foundational_course,0.16666666666666666
14714,2022,경북대학교,IT대학,전기공학과,기초전기공학실험설계 2,2,2학기,3,2,2,공학전공,융합 : 디지털 회로를 이용한 공학적 응용 역량 창출 탐색 : 디지털 소자에 대한 끈기 있는 호기심으로 공학적 문제해결 능력 배양 소통 : 조별실험에서 서로 의견을 나누고 협력하고 조별 성과에 기여하는 능력,"교재HBELogicLabD를 이용한 디지털 회로설계, 서보혁, 임정은, (주)한백전자 기술연구소",,,논리회로,True,False,True,False,False,True,target_department_and_foundational_course,0.16666666666666666
14716,2022,경북대학교,IT대학,전기공학과,전기공학설계 1,3,1학기,3,2,2,공학전공,실험을 통한 전기회로 원리 이해와 호기심과 끈기 있는 추리력 배양실험 내용에 대한 물음과 문제 해결 정신 배양조별 실험에서 협동으로 문제 해결하고 연대의식 배양,교재 : 전기공학설계 1 (첫 수업시간에 안내),,,"기초전기공학실험설계 1, 2",True,False,True,False,False,True,target_department_and_foundational_course,0.16666666666666666
14717,2022,경북대학교,IT대학,전기공학과,전기공학설계 1,3,1학기,3,2,2,공학전공,▶ 전기공학 전공과 관련한 실험의 설계 및 데이터 처리방법 숙지▶ 실험을 통한 전기회로에 원리 이해와 호기심과 끈기 있는 추리력 배양▶ 기존 실험 내용에 대한 물음과 문제 해결 정신 배양▶ 조별 실험에서 협동으로 문제를 해결하고 연대의식 배양,교재 : 전기공학설계 1 (박세광 저),,,"기초전기공학실험설계 1, 2",True,False,True,False,False,True,target_department_and_foundational_course,0.16666666666666666
14719,2022,경북대학교,IT대학,전기공학과,전기공학설계 2,3,2학기,3,2,2,공학전공,실험을 통한 전기기기 원리 이해와 호기심과 끈기 있는 추리력 배양실험 내용에 대한 물음과 문제 해결 정신 배양조별 실험에서 협동으로 문제 해결하고 연대의식 배양전기기기 실험을 안전하고 안정적으로 수행하여 출력의 특성을 분석 및 해석하는 능력,전기공학설계실험2 첫 수업시간에 제공,,,"에너지변환, 전력전자",True,False,True,False,False,True,target_department_and_foundational_course,0.16666666666666666
14720,2022,경북대학교,IT대학,전기공학과,전기공학설계 2,3,2학기,3,2,2,공학전공,변압기의 특성을 이해하고 실험결과를 분석할 수 있다.전력전자 회로의 동작을 이해하고 실험결과를 분석할 수 있다.전동기의 특성을 이해하고 실험결과를 분석할 수 있다.,전기공학설계실험2,,,"전력전자, 에너지변환",True,False,True,False,False,True,target_department_and_foundational_course,0.16666666666666666
14721,2022,경북대학교,IT대학,전기공학과,전기공학설계 2,3,2학기,3,2,2,공학전공,회전기의 특성과 전력변환장치의 동작원리에 대한 이해,전기공학설계실험2,,,"전력전자, 에너지변환",True,False,True,False,False,True,target_department_and_foundational_course,0.16666666666666666
14726,2022,경북대학교,IT대학,전기공학과,공학수학 2,2,1학기,3,3,0,전공기반,"● 벡터의 미적분에 대한 도식적, 수식적, 물리적 의미를 설명할 수 있다.● 벡터의 미분과 적분을 수행할 수 있다.● 퓨리에 급수의 의미를 이해하고 퓨리에 급수로 표현할 수 있다.","Main: DenniesG.Zill, AdvancedEngineeringMathematics,6/E,Jones&BartlettLearning,2018.References1) ErwinKreyszig,AdvancedEngineeringMathematics,10/E,Wiley,2011.",,,공학수학1,True,False,True,False,False,True,target_department_and_foundational_course,0.16666666666666666
14727,2022,경북대학교,IT대학,전기공학과,종합설계프로젝트1,4,1학기,4,3,2,공학전공,학부교육과정을 통해 습득한 공학 및 설계지식을 토대로 팀프로젝트를 수행하면서 특정문제를 계획하고 설계하는 능력을 배양하고 동시에 팀원간의 조직력 구성능력과 팀원들간의 소통방식을 고취하는 것을 목적으로 한다.,종합설계에 관련한 참고자료 및 도구,,,"전자회로 1,2 , 센서와 액츄에이터",True,False,True,False,False,True,target_department_and_foundational_course,0.16666666666666666
14728,2022,경북대학교,IT대학,전기공학과,종합설계프로젝트1,4,1학기,4,3,2,공학전공,"1) 팀을 구성하고, 팀별로 공학적 문제 정의, 해법 도출, 시스템 설계 및 제작 등 프로젝트 수행에 있어 발생할 수 있는 다양한 문제들을 팀 협력을 통해 해결하는 능력을 배양한다.2) 창의적이고, 도전적인 태도로 문제해결에 적극 참여하며, 팀원들간의 원만한 의사소통을 위한 열린 사고 태도를 견지할 수 있도록 한다.",종합설계에 관련한 참고자료,,,없음,True,False,True,False,False,True,target_department_and_foundational_course,0.16666666666666666
14729,2022,경북대학교,IT대학,전기공학과,종합설계프로젝트2,4,2학기,4,3,2,공학전공,학부교육과정을 통해 습득한 공학 및 설계지식을 토대로 팀프로젝트를 수행하면서 특정문제를 계획하고 설계하는 능력을 배양하고 동시에 팀원간의 조직력 구성능력과 팀원들간의 소통방식을 고취하는 것을 목적으로 한다.,종합설계에 관련한 참고자료 및 도구,,,종합설계프로젝트1,True,False,True,False,False,True,target_department_and_foundational_course,0.16666666666666666
14730,2022,경북대학교,IT대학,전기공학과,종합설계프로젝트2,4,2학기,4,3,2,공학전공,주어진 목표를 향해 팀 단위 협업하는 방법을 체득실용적이면서도 기술적 도전성이 있는 과제를 직접 발굴하고 개발까지 수행,없음None,,,졸업프로젝트1,True,False,True,False,False,True,target_department_and_foundational_course,0.16666666666666666
14731,2022,경북대학교,IT대학,전기공학과,선형대수,2,2학기,3,3,0,전공기반,"1. 행렬의 연산과 행렬의 변환을 바탕으로 선형연립방정식의 해를 구할 수 있고 선형변환을 행렬로 표현할 수 있다.2. 행렬의 연산, 역행렬, 행렬의 분해, 행렬의 차원과 계수를 이해한다.3. 행렬의 행렬식을 계산할 수 있고 행렬식을 이용한 선형연립방정식의 해를 구할 수 있다.4. 벡터공간, 기저, 차원, 기저의 변환 등의 벡터개념을 이해하고 계산할 수 있다.5. 행렬의 고유벡터와 고유공간, 행렬의 대학화와 직교화를 이해하고 구할 수 있다.6. 행렬을 이용한 응용문제를 이해하고 풀 수 있다.","주교재 : Gilbert Strang, Linear Algebra and Its Applications, 4/E, Thomson, 2006.참고문헌 1) 허민 역, 선형 대수학과 그 응용, 경문사, 2013. 2) Gilbert Strang, Introduction to Linear Algebra, 4/E, Wellesley Cambridge Press, 2009. 3) David C. Lay, Linear Algebra and Its Applications, 4/E, Pearson, 2011.",,,없음,True,False,True,False,False,True,target_department_and_foundational_course,0.16666666666666666
14732,2022,경북대학교,IT대학,전기공학과,수치해석,3,2학기,3,3,0,전공기반,주어진 공학문제를 수학적으로 분석하여 구체적인 수치적 해결법을 찾아 문제를 해결할 수 있다.,"Applied Numerical Methods with MATLAB for Engineers and Scientists, Steven C. Chapra참고교재: Numerical Methods for Engineers, Steven C. Chapra and Raymond P. Canale",,,공학수학 관련 교과목,True,False,True,False,False,True,target_department_and_foundational_course,0.16666666666666666
14781,2022,경북대학교,IT대학,전자공학부,이산수학,2,2학기,3,3,0,전공,"이산수학에서의 중요 개념(Logics, Sets, Relations, Number Theory, Graph Theory, Tree 등)과 관련이론을 이해하고 이를 통해 다양한 문제에 대한 응용능력을 배양","Textbook: Richard Johnsonbaugh, ªDiscrete Mathematicsª (7th edition)",,,없음,True,False,True,False,False,True,target_department_and_foundational_course,0.16666666666666666
14782,2022,경북대학교,IT대학,전자공학부,이산수학,2,2학기,3,3,0,전공,"The objective of this course is to understand important concepts (Logics, Sets, Relations, Number Theory, Graph Theory, Tree, etc.) and related theories in discrete mathematics, and cultivate application ability to various problems","Textbook: Richard Johnsonbaugh, ªDiscrete Mathematicsª (7th edition)",,,,True,False,True,False,False,True,target_department_and_foundational_course,0.25
14783,2022,경북대학교,IT대학,전자공학부,이산수학,2,2학기,3,3,0,전공,탐색: 다양한 연습문제 풀이를 통해 학습한 개념의 응용능력을 배양함창의: 이산수학의 중요개념 이해 및 응용을 통해 창의적 문제해결 능력을 배양할 수 있다.,"Textbook: Richard Johnsonbaugh, ªDiscrete Mathematicsª (8th edition)",,,없음,True,False,True,False,False,True,target_department_and_foundational_course,0.16666666666666666
14785,2022,경북대학교,IT대학,전자공학부,이산수학,2,2학기,3,3,0,전공,기존의 이산수학 핵심이론들을 이해하고 응용 가능한 능력을 배양 함,"Textbook : Discrete Mathematics (8th edition), Richard Johnsonbaugh, PearsonReference : Discrete Mathematics with Applications (4th edition), Susanna S. Epp, Brooks/Cole",,,"공업수학, 논리회로",True,False,True,False,False,True,target_department_and_foundational_course,0.16666666666666666
14788,2022,경북대학교,IT대학,전자공학부,이산수학,2,2학기,3,3,0,전공,컴퓨터 시뮬레이션을 위한 여러 가지 수학적 기초지식들과 자료구조 지식들을 익힌다.,"Discrete Mathematics Richard Johnsonbaugh 8th edition, Pearson, 2019",,,C Programming,True,False,True,False,False,True,target_department_and_foundational_course,0.16666666666666666
14789,2022,경북대학교,IT대학,전자공학부,자료구조,2,2학기,3,3,0,전공,* 주어진 환경에서 다양한 문제를 분석하고 효율적으로 해결하기 위한 능력 배양* 보다 나은 문제해결 방법을 모색하는 능력 향상* 문제 해결 과정에서 토론을 통한 상호 의사소통 능력 배양,"* 교재: Data Structures A Pseudocode Approach with C (2nd edition), R.F. Gilberg & B.A.Forouzan, THOMSON, 2005.* 참고문헌: 다양한 인터넷 자료",,,C프로그래밍과실습,True,True,False,False,False,True,target_department_and_target_course,0.16666666666666666
14790,2022,경북대학교,IT대학,전자공학부,자료구조,2,2학기,3,3,0,전공,"습득한 이론을 바탕으로 실제 소프트웨어 구현까지 해 봄으로써 창의, 융합, 탐색의 과정을 수강시 훈련하게 됨.","주교재: Richard F. Gilberg and Behrouz Forouzan, ªData Structures a peudocode approach with Cª, 2nd ed, THOMSON,2005부교재: Horowitz, Shani, & AndersonFreed, ªFundamentals of data structures in Cª, (2nd edition) Siliconpress.부교재: C언어로 쉽게 풀어 쓴 자료구조(천인국, 공용해), 생능출판사, 2009.",,,C (권장아니고 필수),True,True,False,False,False,True,target_department_and_target_course,0.16666666666666666
14791,2022,경북대학교,IT대학,전자공학부,자료구조,2,2학기,3,3,0,전공,"Training convergence, creativity and responsibility by studying theory and implementation of data structure","Main Textbook: Richard F. Gilberg and Behrouz Forouzan, ªData Structures a pseudocode approach with Cª, 2nd ed, THOMSONAuxiliary Textbook: Horowitz,Shani,AndersonFreed,ªFundamentals of data structures in Cª,(2nd edition) Siliconpress.이지영, ‘C로 배우는 쉬운 자료구조’ 한빛아카데미C언어로 쉽게 풀어 쓴 자료구조(천인국, 공용해), 생능출판사, 2009.",,,C programming,True,True,False,False,False,True,target_department_and_target_course,0.16666666666666666
14792,2022,경북대학교,IT대학,전자공학부,자료구조,2,2학기,3,3,0,전공,The goals of this course are to learn how to solve problems in computer science using various data structures and get programming skills.,"Richard F. Gilberg and Behrouz Forouzan, ªData Structures a peudocode approach with Cª, 2nd ed, THOMSON,2005",,,C programming (Mandatory),True,True,False,False,False,True,target_department_and_target_course,0.16666666666666666
14796,2022,경북대학교,IT대학,전자공학부,논리회로설계,3,1학기,3,3,0,전공,Design digital circuits and verify themLearn engineering skills,"1. Presentation materials2. Verilog HDL by Samir Palnitkar, 2nd edition",,,Logic circuits,True,True,True,False,False,True,target_department_and_target_course,0.16666666666666666
14797,2022,경북대학교,IT대학,전자공학부,논리회로설계,3,2학기,3,3,0,전공,이론으로 배운 논리회로를 HDL 코딩으로 설계하고 시뮬레이션 한다.,교재 : Verilog HDL을 이용한 논리회로설계 최준림 편저 (수업 자료로 업로드 예정),,,논리회로,True,True,True,False,False,True,target_department_and_target_course,0.16666666666666666
14799,2022,경북대학교,IT대학,전자공학부,논리회로설계,3,1학기,3,3,0,전공,Design applicationspecific digital logic circuitsComplete digital logic designs by utilizing combinational and sequential logic elements,"Verilog HDL, 2nd, Samir Palnitkar (Korean edition also acceptable)",,,"Logic Circuits, C Programming & Practice",True,True,True,False,False,True,target_department_and_target_course,0.16666666666666666
14801,2022,경북대학교,IT대학,전자공학부,논리회로설계,3,1학기,3,3,0,전공,이론으로 배운 논리회로를 HDL 코딩으로 설계하고 시뮬레이션 한다.,교재 : Verilog HDL을 이용한 논리회로설계 최준림 편저 (수업 자료로 업로드 예정),,,논리회로,True,True,True,False,False,True,target_department_and_target_course,0.16666666666666666
14804,2022,경북대학교,IT대학,전자공학부,운영체제,3,1학기,3,3,0,전공,Theoretical learning and practice of the operating system are combined.,".Main Text:Operating Systems (3rd edition), Gary Nutt, Addision Wesley,2003.Aux. Text:Beginning Linux Programming(3rd Edition), Wrox,2003실시간 운영체제 기반 실물컴퓨팅 이론및 실습, 강순주, 20102011",,,"C,JAVA,자료구조",True,True,False,True,False,True,target_department_and_target_course,0.16666666666666666
14805,2022,경북대학교,IT대학,전자공학부,운영체제,3,1학기,3,3,0,전공,모든 IT 기기의 공통 시스템 소프트웨어인 운영체제에 대한 이론적 개념과 실무적 실습을 통하여 전문 인력으로 발전함,주교재 : Operating System COncepts(10 ed.) A. Silberschat et al.*참고문헌 LIUX Internal 관련 서적,,,"C,JAVA,자료구조",True,True,False,True,False,True,target_department_and_target_course,0.16666666666666666
14807,2022,경북대학교,IT대학,전자공학부,운영체제,3,1학기,3,3,0,전공,모든 IT기기의 핵심 시스템 소프트웨어인 운영체제에 대한 이론적 학습과 실습을 통한 전문 기술 배양,주교재 : Operating System COncepts(10 ed.) A. Silberschat et al.*참고문헌 LIUX Internal 관련 서적,,,"C,JAVA,자료구조",True,True,False,True,False,True,target_department_and_target_course,0.16666666666666666
14808,2022,경북대학교,IT대학,전자공학부,알고리즘1,4,1학기,3,3,0,전공,(1)창의적문제해결능력을함양할수있는내실있는전공교육수행(2)자기주도적학습능력을갖추고미래신기술에능동적으로대응가능한공학인재육성(3)통섭적능력을갖추고미래사회를이끌어나갈수있는글로벌리더육성,"Introduction to Algorithms, Thomas H. Cormenhttp://www.yes24.com/24/goods/1488338* Prerequisite Subject Data structure, C programming",,,자료구조설계,True,True,False,True,False,True,target_department_and_target_course,0.16666666666666666
14810,2022,경북대학교,IT대학,전자공학부,알고리즘1,4,1학기,3,3,0,전공,(1)창의적문제해결능력을함양할수있는내실있는전공교육수행(2)자기주도적학습능력을갖추고미래신기술에능동적으로대응가능한공학인재육성(3)통섭적능력을갖추고미래사회를이끌어나갈수있는글로벌리더육성,"Textbook and Other References Introduction to Algorithms, Thomas H. Cormenhttp://www.yes24.com/24/goods/1488338* Prerequisite Subject Data structure, C programming",,,COME331 Data Structure,True,True,False,True,False,True,target_department_and_target_course,0.16666666666666666
14811,2022,경북대학교,IT대학,전자공학부,데이타통신,4,1학기,3,3,0,전공,데이타통신과 인터넷의 기본 원리와 방식에 대한 이해와 이를 통한 응용 역량 배양,"Textbook: Behrouz A. Forouzan, Data Communications and Networking, 5th Ed., 2012",,,통신이론,True,True,False,False,False,True,target_department_and_target_course,0.16666666666666666
14812,2022,경북대학교,IT대학,전자공학부,데이타통신,4,2학기,3,3,0,전공,Knowledge of basic data communication technologies and Internet,"Textbook: Behrouz A. Forouzan, Data Communications and Networking, 5th Ed., 2012",,,Communication theory,True,True,False,False,False,True,target_department_and_target_course,0.16666666666666666
14813,2022,경북대학교,IT대학,전자공학부,데이타통신,4,2학기,3,3,0,전공,데이타통신과 인터냇의 기본원리를 이해하고 응용할 수 있는 역량배양,"Textbook: Behrouz A. Forouzan, Data Communications and Networking, 5th Ed., 2012",,,통신이론,True,True,False,False,False,True,target_department_and_target_course,0.16666666666666666
14815,2022,경북대학교,IT대학,전자공학부,인공지능,4,1학기,3,3,0,전공,1. 인공지능의 기본개념을 이해한다.2. 인공지능 실현을 위한 핵심 방법들에 대해 학습한다.3. 파이썬을 이용한 실제 구현실습을 통해 응용능력을 배양한다.,"Textbook: 인공지능 파이썬으로 배우는 머신러닝과 딥러닝 (천인국 지음, 인피니티북스)References: Artificial Intelligence A modern approach (4th edition)",,,"파이썬 프로그래밍, 빅데이터응용",True,True,False,True,False,True,target_department_and_target_course,0.16666666666666666
14816,2022,경북대학교,IT대학,전자공학부,인공지능,4,1학기,3,3,0,전공,1. Understanding basic concepts of artificial intelligence 2. Learning key methods to realize artificial intelligence 3. Cultivating implementation skills with Python,"Textbook: 인공지능 파이썬으로 배우는 머신러닝과 딥러닝 (천인국 지음, 인피니티북스)References: Artificial Intelligence A modern approach (4th edition)",,,"Python Programming, Big Data Applications",True,True,False,True,False,True,target_department_and_target_course,0.16666666666666666
14817,2022,경북대학교,IT대학,전자공학부,빅데이터응용,3,2학기,3,2,2,전공,* 빅데이터 분석의 개념과 목적을 이해할 수 있다. * 빅데이터 활용의 다양한 사례를 살펴볼 수 있다. * 빅데이터 분석 도구로서 파이썬과 머신러닝(딥러닝) 기법을 활용할 수 있다. * 실습을 바탕으로 하여 빅데이터 분석 방법을 직접 구현할 수 있다.,교재 : 1. 혼자 공부하는 파이썬 1:1 과외하듯 배우는 프로그래밍 자습서 2. 혼자 공부하는 머신러닝+딥러닝 1:1 과외하듯 배우는 인공지능 자습서3. 딥러닝 EXPRESS (참고교재),,,"운영체제, 소프트웨어공학 개론",True,True,False,True,False,True,target_department_and_target_course,0.16666666666666666
14818,2022,경북대학교,IT대학,전자공학부,컴퓨터구조,3,2학기,3,3,0,전공,"Computer system의 구조에 대한 지식은 hardware 엔지니어 뿐 아니라 software 엔지니어 모두에게 필요한 것이다. CPU를 포함한 computer의 구조 및 구현에 사용되는 다양한 기법은 거의 모든 digital hardware 설계 분야에 응용될 수 있으며, CPU 및 computer 구조에 대한 해박한 지식은 system의 기능을 최대한 효율적으로 활용하는 programming에도 큰 도움이 된다. 본 강의는 이와 같이 유용한 지식적 기반을 제공하기 위해서 CPU를 중심으로 computer system의 구성 요소, CPU의 구조 및 구현, memory system 등에 대한 내용을 다룬다.","교재:David A. Patterson and Johh L. Hennessy, Computer Organization and Design: The Hardware/Software Interface, 5th edition, Elsevier Korea L.L.C, 2014.참고문헌:1. Israel Koren, Computer Arithmetic Algorithms, 2nd edition, A K Peters Ltd., 2002.2. Charles H. Roth, Jr. and Larry L. Kinney, ªFundamentals of Logic Designª, 7th edition, Cengage Learning, 2014.",,,"논리회로, C프로그래밍",True,True,False,True,False,True,target_department_and_target_course,0.16666666666666666
14819,2022,경북대학교,IT대학,전자공학부,컴퓨터구조,3,2학기,3,3,0,전공,Understanding the following concepts.1. hardwaresoftware interface2. processor design3. pipelining4. memory hierarchies5. recent hot issues in computer architecture design,"John L. Hennessy and David A. Patterson, Computer Organization and Design : The Hardware/Software Interface (RISCV edition)Lecture slides",,,Logic design,True,True,False,True,False,True,target_department_and_target_course,0.16666666666666666
14821,2022,경북대학교,IT대학,전자공학부,영상처리,4,2학기,3,3,0,전공,* Course Objectives Implement a solution using realworld images Get a experience from planning to publish an implemented solution Enhance cowork skills based on team project experience,"교재: 천인국, OpenCV를 이용한 디지털 영상처리, 인피니티북스, 2019. 02. (변경 가능성 있음)참고문헌: Rafael C. Gonzalez, Richard E. Woods,Digital Image Processing, Addison Wesley, 1992.박길흠, 윤병주, 최두현, 디지털영상처리기초, 도서출판 YOUNG, 2006년 3월.",,,신호및시스템,True,True,False,False,False,True,target_department_and_target_course,0.16666666666666666
14822,2022,경북대학교,IT대학,전자공학부,소프트웨어공학,3,1학기,3,3,0,전공,Students can analyze various requirements obtained from customers.Students can design a complex software system using a modeling language.Students can develop and test their systems.,"I will provide course materials, but the course will be based on the following textbook.Software Engineering, Tenth Edition, Ian Sommerville",,,Basic Programming,True,True,False,False,False,True,target_department_and_target_course,0.16666666666666666
14823,2022,경북대학교,IT대학,전자공학부,소프트웨어공학,3,1학기,3,3,0,전공,"강의 목표 여러가지 소프트웨어 개발 방법론을 이해한다. UML(Unified Modeling Language)를 사용하여 소프트웨어를 디자인할 수 있는 능력을 기른다. 소프트웨어 개발주기에 따라 소프트웨어를 설계, 구현, 테스트를 하는 능력을 기른다. 요구사항을 분석할 수 있는 능력을 기른다. 팀프로젝트를 통하여 협업 능력을 키운다","수업 자료가 제공될 것이며 다음 참고자료를 사용할 것임Software Engineering, Tenth Edition, Ian Sommerville",,,"자바 프로그래밍, 프로그래밍 기초",True,True,False,False,False,True,target_department_and_target_course,0.16666666666666666
14825,2022,경북대학교,IT대학,전자공학부,C프로그래밍과실습,1,1학기,3,2,2,전공,C언어를 이용하여 전자 공학의 다양한 문제를 스스로 해결할 수 있도록 함.다양한 예제를 통하여 실질적인 프로그래밍 소양을 갖추도록 함.,"쉽게 풀어쓴 C언어 EXPRESS (개정3판): 천인국 지음, 생능출판",,,없음.,True,True,False,False,False,True,target_department_and_target_course,0.16666666666666666
14826,2022,경북대학교,IT대학,전자공학부,C프로그래밍과실습,1,2학기,3,2,2,전공,* Course Objectives Understand C language and implement sample programs using C language Plan a program and implement it using C langiage Enhance presentation skills by presenting the implemented program,"교재: 서현우, 혼자 공부하는 C언어, 한빛미디어, 2019년 6월 (변경가능성 있음)기타 참고 자료 추후 공지 / To be announced",,,,True,True,False,False,False,True,target_department_and_target_course,0.25
14827,2022,경북대학교,IT대학,전자공학부,C프로그래밍과실습,1,2학기,3,2,2,전공,C 언어를 활용하여 전자공학의 다양한 문제를 스스로 해결할 수 있는 능력을 갖춘다.다양한 예제를 통하여 실질적인 프로그래밍 소양을 갖추도록 한다.,"[주교재]C로 시작하는 컴퓨터 프로그래밍(개정 3판), 문호석, 손명호 저, 한빛아카데미, 2017년 또는 이 책의 내용을 포함하는 다른 서적[부교재]The C++ Programming Language 한국어판 (4판), 비야네 스트롭스트룹 저, 에이콘출판사, 2015년다양한 온라인/오프라인 C언어 관련 서적들",,,없음,True,True,False,False,False,True,target_department_and_target_course,0.16666666666666666
14828,2022,경북대학교,IT대학,전자공학부,C프로그래밍과실습,1,2학기,3,2,2,전공,"C 프로그래밍 언어의 문법을 배우고 C 프로그램 문법을 바탕으로 콘솔용 C프로그램 작성 능력을 배양한다.이론 보다는 실제 구현, 활용 능력을 중점적으로 기른다. 활용 능력을 중점적으로 기른다.","든든한 C 프로그래밍 3rd edition 김원선저 연두에디션참고 교재:C 프로그래밍새내기를 위한 첫 C언어 책 강동진외 4명쉽게 풀어쓴 C언어 Express, 생능 출판사“Beginning Visual C++ 6”, Wrox Press, Ivor Horton 저",,,컴퓨터 개론,True,True,False,False,False,True,target_department_and_target_course,0.16666666666666666
14831,2022,경북대학교,IT대학,전자공학부,C프로그래밍과실습,1,2학기,3,2,2,전공,C언어를 이용한 프로그램의 구현 능력 및 문제해결 능력 배양,"Perfect C 3판 (강환수,강환일,이동규 저), 2021, 인피니티북스",,,없음,True,True,False,False,False,True,target_department_and_target_course,0.16666666666666666
14834,2022,경북대학교,IT대학,전자공학부,C프로그래밍과실습,1,2학기,3,2,2,전공,다양한 예제를 통하여 실질적인 프로그래밍소양을 갖추도록 함,추후 알림,,,,True,True,False,False,False,True,target_department_and_target_course,0.25
14838,2022,경북대학교,IT대학,전자공학부,네트워크프로그래밍,4,1학기,3,2,2,전공,Studying how to program socketbased applications.,"Introduction to the Internet : Computer Networking: A TopDown Approach, J. F. Kurose and K.W. Ross (Presentation Slides)TCP/IP Socket Programming : 윤성우의 열혈 TCP/IP 소켓프로그래밍",,,데이타통신,True,True,False,False,False,True,target_department_and_target_course,0.16666666666666666
14839,2022,경북대학교,IT대학,전자공학부,네트워크프로그래밍,4,1학기,3,2,2,전공,Studying how to program socketbased applications.,"Introduction to the Internet : Computer Networking: A TopDown Approach, J. F. Kurose and K.W. Ross (Presentation Slides)TCP/IP Socket Programming : 윤성우의 열혈 TCP/IP 소켓프로그래밍",,,Data Communication,True,True,False,False,False,True,target_department_and_target_course,0.16666666666666666
14840,2022,경북대학교,IT대학,전자공학부,전자회로설계,3,2학기,3,3,0,전공,Enhance the creative problemsolving capability through the implementation of practical analog/digital circuits. Can design and analyze the opamp application circuits as well as the transistorlevel CMOS digital circuits. Build up the engineering design skills.,"* Textbook: Lecture Slides * References: Microelectronic Circuits, 7'th Ed, 2016, Adel S. Sedra and Kenneth C. Smith, Oxford University Press Analysis and Design of Digital Integrated Circuits, 3'rd Ed, David A. Hodges, Horace G. Jackson and Resve A. Saleh, McGraw Hill LTspice IV OnLine Manual, Linear Technology Corporation",,,"Electronic Circuits 1 & 2, Logic Circuits",True,True,True,False,False,True,target_department_and_target_course,0.16666666666666666
14842,2022,경북대학교,IT대학,전자공학부,전자회로설계,3,1학기,3,3,0,전공,Enhance the creative problemsolving capability through the implementation of practical analog/digital circuits. Can design and analyze the opamp application circuits as well as the transistorlevel CMOS digital circuits. Build up the engineering design skills.,"* Textbook: Lecture Slides * References: Microelectronic Circuits, 7ªth Ed, 2016, Adel S. Sedra and Kenneth C. Smith, Oxford University Press Analysis and Design of Digital Integrated Circuits, 3ªrd Ed, David A. Hodges, Horace G. Jackson and Resve A. Saleh, McGraw Hill LTspice IV OnLine Manual, Linear Technology Corporation",,,"Electronic Circuits 1 & 2, Logic Circuits",True,True,True,False,False,True,target_department_and_target_course,0.16666666666666666
14843,2022,경북대학교,IT대학,전자공학부,전자회로설계,3,2학기,3,3,0,전공,"학생들은 SPICE를 사용하여 전자회로를 분석, 설계 및 검증할 수 있어야 한다.","교재수업 시간 전에 배포하는 강의자료 (학습관리시스템 강의자료실 게시판)참고문헌1. Microelectronic Circuits, A. S. Sedra, K. C. Smith, 7th Ed, 2016.2. 마이크로전자회로, 정원섭, 김호성, 유상대, 유재희, 정덕진, 2011.3. PSpice 기초와 활용, 최평 외, 2017.4. SPICE for Circuits and Electronics Using PSpice, M. H. Rashid, 1990.5. Operational Amplifiers : Applications, Troubleshooting and Design, David A. Bell, 1990.",,,"회로이론1, 2 / 전자회로1, 2",True,True,True,False,False,True,target_department_and_target_course,0.16666666666666666
14844,2022,경북대학교,IT대학,전자공학부,전자회로설계,3,2학기,3,3,0,전공,1. 창의적 문제해결 능력 함양 및 자기주도적 학습능력 배양2. 전자회로 설계 및 검증 능력 제고,"교재 : 전자회로설계(강의자 저술)References : Operational Amplifiers Applications, Troubleshooting, and Designs By David A. Bell The books for Microelectronics, Circuit Theory and Digital Circuits",,,1. 회로이론 1&2 2. 전자회로 1&2 3. 논리회로,True,True,True,False,False,True,target_department_and_target_course,0.16666666666666666
14846,2022,경북대학교,IT대학,전자공학부,전자회로설계,3,2학기,3,3,0,전공,회로 지식 기반으로 응용 목표에 부합된 전공 지식 탐색 역량.문제 분석 능력과 해결을 위한 설계 역량.공학적 이론을 습득하여 근원적 원리와 응용의 필요성 이해.,"Text: Operational Amplifiers: Application, Troubleshooting and Design, David A. Bell.References: 1. Microelectronic Circuits, 6th edition, A. S. Sedra and K. C. Smith, 20112. Pspice 기초와 활용, 최평 저",,,"전자회로 1, 전자회로 2.",True,True,True,False,False,True,target_department_and_target_course,0.16666666666666666
14847,2022,경북대학교,IT대학,전자공학부,마이크로프로세서설계실험,3,2학기,3,2,2,전공,"Convergence: Microcontroller의 각 기능을 익힌 후, 이를 융합해 다양한 복합 기능을 구현할 수 있는 능력을 배양함Exploration: Microprocessor 기반 시스템의 구조와 동작을 분석하고 이해하는 능력을 배양함",수업강의자료 진행,,,"마이크로프로세서, C 프로그래밍",True,True,True,False,False,True,target_department_and_target_course,0.16666666666666666
14848,2022,경북대학교,IT대학,전자공학부,마이크로프로세서설계실험,3,2학기,3,2,2,전공,* 단위 실험으로 습득한 지식을 바탕으로 다양한 복합 기능 구현 능력 배양* 보다 나은 문제해결 방법을 모색하는 능력 향상* 조별 텀프로젝트 수행을 통해 상호 소통하는 능력 배양,* 추후 공지,,,C프로그래밍과실습,True,True,True,False,False,True,target_department_and_target_course,0.16666666666666666
14849,2022,경북대학교,IT대학,전자공학부,마이크로프로세서설계실험,3,2학기,3,2,2,전공,"Convergence: Microcontroller의 각 기능을 익힌 후, 이를 융합해 다양한 복합 기능을 구현할 수 있는 능력을 배양함Exploration: Microprocessor 기반 시스템의 구조와 동작을 분석하고 이해하는 능력을 배양함",LMS강의자료 참고,,,논리회로,True,True,True,False,False,True,target_department_and_target_course,0.16666666666666666
14850,2022,경북대학교,IT대학,전자공학부,마이크로프로세서설계실험,3,2학기,3,2,2,전공,"Convergence: After learning each function of Microcontroller, cultivating the ability to realize various complex functions by fusion.Exploration: To cultivate the ability to analyze and understand the structure and operation of microprocessorbased systems",Lecture notes,,,Logic circuits,True,True,True,False,False,True,target_department_and_target_course,0.16666666666666666
14852,2022,경북대학교,IT대학,전자공학부,마이크로프로세서설계실험,3,2학기,3,2,2,전공,MCU 사용 능력 향상임베디드 C 프로그래밍 향상임베디드 시스템 개발 능력 향상프로젝트 진행 능력 향상,추후 공개,,,C언어,True,True,True,False,False,True,target_department_and_target_course,0.16666666666666666
14853,2022,경북대학교,IT대학,전자공학부,임베디드시스템설계실험,4,1학기,3,2,2,전공,"기존 컴퓨터구조 및 관련 과목에서 마이크로프로세서 위주로 컴퓨터구조를 소개하는 것에 대응하여, 본 과목에서는 메모리 시스템, 입출력 및 버스 등의 구조를 강조하여 소개하여, 내장형 시스템 전체의 하드웨어의 이해와 설계 능력을 배양하는데 그 목표를 둔다. 1) 임베디드시스템에 대한 개념 이해 2) 임베디드시스템/실시간 시스템/고장허용시스템에 대한 각종 이론 습득 3) 실시간운영체제에 대한 이해",Beginner Kit for Arduino Tutorial.pdf,,,"마이크로프로세서, C언어",True,True,True,False,False,True,target_department_and_target_course,0.16666666666666666
14913,2022,경북대학교,IT대학,전자공학부,확률과정,3,1학기,3,3,0,전공,공학 현장에서 직면하게 되는 복잡한 시스템을 통계적으로 분석하고 그 결과를 논리적이고 효과적으로 적용하기 위해서 확률의 기본 개념과 확률 도구를 이용하도록 한다.,"주 교재: Albert LeonGarcia, ªProbability, Statistics and Random Processes for Electrical Engineering,ª 3nd edition, Prentice Hall, 2008 참고문헌: Roy D. Yates, David J. Goodman, ªProbability and Stochastic Processes,ª 2nd edition, John Wiley and Sons, 2005",,,"수학 1, 기초전자수학 등",True,False,True,False,False,True,target_department_and_foundational_course,0.16666666666666666
14914,2022,경북대학교,IT대학,전자공학부,확률과정,3,1학기,3,3,0,전공,"At the end of the semester, the student is able to:1. understand the theory for random variables, discrete random variables, continuous random variables, and random processes;2. solve the electronic engineering problems related to the random variables and random processes.","Textbooks: Alberto LeonGarcia, Probability, Statistics, and Random Processes For Electrical Engineering (3rd edition), PrenticeHall, 2008.References:Roy D. Yates and David J. Goodman, Probability and Stochastic Processes (2nd edition), Wiley, 2005.",,,There is no prerequisites.,True,False,True,False,False,True,target_department_and_foundational_course,0.16666666666666666
14915,2022,경북대학교,IT대학,전자공학부,확률과정,3,1학기,3,3,0,전공,"1. 확률 변수의 개념, 이산 확률 변수, 연속 확률 변수, 확률 과정에 대한 이론을 습득한다.2. 확률 변수 및 확률 과정에 대한 이론을 바탕으로 전자공학 문제를 해결할 수 있다.","Textbooks: Alberto LeonGarcia, Probability, Statistics, and Random Processes For Electrical Engineering (3rd edition), PrenticeHall, 2008.References:Roy D. Yates and David J. Goodman, Probability and Stochastic Processes (2nd edition), Wiley, 2005.",,,There is no prerequisites.,True,False,True,False,False,True,target_department_and_foundational_course,0.16666666666666666
14916,2022,경북대학교,IT대학,전자공학부,확률과정,3,1학기,3,3,0,전공,(1) Providing innovative higher education to cultivate and enhance creative problemsolving capacity.(2) Promoting engineering skills for selfdirected learning ability and active adaptation to new technology of the future.(3) Fostering global leadership skills to provide the future society with comprehensive and prominent potential.,"PROBABILITY AND STOCHASTIC PROCESSES (3rd edition)> Roy D. Yates and David J.Goodman> JOHN WILLEY & SONS, INC",,,High schoollevel knowledge of probability,True,False,True,False,False,True,target_department_and_foundational_course,0.16666666666666666
14917,2022,경북대학교,IT대학,전자공학부,확률과정,3,1학기,3,3,0,전공,"Critical thinking, Skill",Probability and Stochastic Processes: A Friendly Introduction for Electrical and Computer Engineers (Roy D. Yates)Introduction to Probability (Dimitri P. Bertsekas),,,"Taking linear algebra will be helpful, but not necessarily required",True,False,True,False,False,True,target_department_and_foundational_course,0.16666666666666666
14918,2022,경북대학교,IT대학,전자공학부,확률과정,3,1학기,3,3,0,전공,비판 및 기술,Probability and Stochastic Processes: A Friendly Introduction for Electrical and Computer Engineers (Roy D. Yates)Introduction to Probability (Dimitri P. Bertsekas),,,"Taking linear algebra will be helpful, but not necessarily required",True,False,True,False,False,True,target_department_and_foundational_course,0.16666666666666666
14919,2022,경북대학교,IT대학,전자공학부,확률과정,3,1학기,3,3,0,전공,공학 현장에서 직면하게 되는 복잡한 시스템을 통계적으로 분석하고 그 결과를 논리적이고 효과적으로 적용하기 위해서 확률의 기본 개념과 확률 도구를 이용하도록 한다.,"주 교재: Albert LeonGarcia, ªProbability, Statistics and Random Processes for Electrical Engineering,ª 3nd eition, Prentice Hall, 2008 참고문헌: Roy D. Yates, David J. Goodman, ªProbability and Stochastic Processes,ª 2nd edition, John Wiley and Sons, 2005",,,"수학 1, 기초전자수학 등",True,False,True,False,False,True,target_department_and_foundational_course,0.16666666666666666
14920,2022,경북대학교,IT대학,전자공학부,확률과정,3,1학기,3,3,0,전공,understanding of probability and statisticsunderstanding of random variable and random processes understanding of several types of probability distribution functions,"Text Book: Probability and statistics for engineers and scientists, Anthony Hayter** maybe changed later",,,N.A.,True,False,True,False,False,True,target_department_and_foundational_course,0.16666666666666666
14921,2022,경북대학교,IT대학,전자공학부,확률과정,3,1학기,3,3,0,전공,understanding of probability and statisticsunderstanding of random variable and random processes understanding of several types of probability distribution functions,"Text Book: Probability and statistics for engineers and scientists, Anthony Hayter추후 변경될 수 있음",,,없음,True,False,True,False,False,True,target_department_and_foundational_course,0.16666666666666666
14922,2022,경북대학교,IT대학,전자공학부,기초전자실험 및 설계,1,2학기,3,2,2,전공,"기초전기/전자 회로 시스템을 구성하는 개별 소자와 회로의 특성/동작 법칙과 현상을 시뮬레이션, 설계 및 실험(측정)의 과정을 통해 실제적인 동작원리를 체험 하도록하여 전자 시스템의 분석 및 설계를 위한 기초 능력을 배양하고자 한다.",실험교재배포예정,,,해당사항없음,True,False,True,False,False,True,target_department_and_foundational_course,0.16666666666666666
14923,2022,경북대학교,IT대학,전자공학부,기초전자실험 및 설계,1,1학기,3,2,2,전공,"기초전기/전자 회로 시스템을 구성하는 개별 소자와 회로의 특성/동작 법칙과 현상을 시뮬레이션, 설계 및 실험(측정)의 과정을 통해 실제적인 동작원리를 체험 하도록하여 전자 시스템의 분석 및 설계를 위한 기초 능력을 배양하고자 한다.",실험교재배포예정,,,해당사항없음,True,False,True,False,False,True,target_department_and_foundational_course,0.16666666666666666
14924,2022,경북대학교,IT대학,전자공학부,기초전자실험 및 설계,1,2학기,3,2,2,전공,기초전기/전자 회로 시스템을 구성하는 기초 개별 소자와 기초 회로의 특성/동작을 실험을 통해 이해하고 전자회로의 분석 및 설계를 위한 능력을 배양한다.,온라인 실험교재,,,해당사항없음,True,False,True,False,False,True,target_department_and_foundational_course,0.16666666666666666
14925,2022,경북대학교,IT대학,전자공학부,기초전자실험 및 설계,1,1학기,3,2,2,전공,"창의: 학습한 이론적인 내용을 바탕으로 문제를 제안하고, 이를 해결하기 위한 회로를 설계 실험 할 수 있다.탐색: 설계한 회로의 문제점을 파악하고, 이를 수정 보완할 수 있다.소통: 조원과의 협업을 통해 효과적으로 실험을 설계 수행한다.",실험교재배포예정,,,,True,False,True,False,False,True,target_department_and_foundational_course,0.25
14926,2022,경북대학교,IT대학,전자공학부,기초전자실험 및 설계,1,2학기,3,2,2,전공,"본 강의 핵심역량은 첨단부부분에서 [창의], 성찰부분에서 [비판], 인성부분에서 [소통] 으로1. 창의 : 본인이 구성한 회로의 창의성 개발2. 비판 : 본인이 구성한 회로의 비판적 시선 3. 소통 : 팀원과의 교류 및 소통능력 향상전공능력은 [지식] 및 [태도] .위 핵심역량과 전공능력을 향상함을 본 강좌의 목표로 설정한다.",실험 및 강의 교재 온라인 배포,,,없음,True,False,True,False,False,True,target_department_and_foundational_course,0.16666666666666666
14927,2022,경북대학교,IT대학,전자공학부,기초전자실험 및 설계,1,1학기,3,2,2,전공,"기초전기/전자회로시스템을 구성하는 개별소자와 회로의 특성/동작법칙과 현상을 시뮬레이션, 설계및실험(측정)의과정을 통해 실제적인 동작원리를 체험하도록 하여전자시스템의 분석 및 설계를 위한 기초 능력을 배양1. 회로의 구성요소2. 저항 중심의 회로 분석 능력3. 커패시터 중심의 회로분석 능력4. 인턱터 중심의 회로분석 능력5. 회로의 응용6. 심화실험",실험교재 온라인 배포,,,없음,True,False,True,False,False,True,target_department_and_foundational_course,0.16666666666666666
14929,2022,경북대학교,IT대학,전자공학부,기초전자실험 및 설계,1,1학기,3,2,2,전공,"창의 : 학습한 이론적인 내용을 바탕으로 문제를 제안하고, 이를 해결하기 위한 회로를 설계 실험 할 수 있다.탐색 : 설계한 회로의 문제점을 파악하고, 이를 수정 보완할 수 있다.소통 : 조원과의 협업을 통해 효과적으로 실험을 설계 수행한다.",실험교재배포예정,,,,True,False,True,False,False,True,target_department_and_foundational_course,0.25
14930,2022,경북대학교,IT대학,전자공학부,기초전자실험 및 설계,1,2학기,3,2,2,전공,"창의 : 학습한 이론적인 내용을 바탕으로 문제를 제안하고, 이를 해결하기 위한 회로를 설계 실험 할 수 있다.탐색 : 설계한 회로의 문제점을 파악하고, 이를 수정 보완할 수 있다.소통 : 조원과의 협업을 통해 효과적으로 실험을 설계 수행한다.",실험교재배포예정,,,,True,False,True,False,False,True,target_department_and_foundational_course,0.25
14933,2022,경북대학교,IT대학,전자공학부,기초전자실험 및 설계,1,1학기,3,2,2,전공,전자 실험을 통해 이론적 내용을 실제로 설계.결과 해석 및 보고서 작성 요령 학습. 문제점 해결 및 협업 통한 의사소통 능력 향상.,실험교재 배폭예정,,,,True,False,True,False,False,True,target_department_and_foundational_course,0.25
14935,2022,경북대학교,IT대학,전자공학부,기초전자실험 및 설계,1,1학기,3,2,2,전공,창의:기초전자 회로를 해석하고 창의적으로 간단한 회로를 제작하며 및 동작을 이해한다.소통:조별 과제 및 실험을 진행하면서 조원간의 의사소통 역량을 함양한다.융합:공학적 분석 및 통합적 사유를 통하여 공학적 엔지니어링 마인드를 함양한다.탐색:제작된회로의 구조와 기능을 설명할수 있다,"교재: 홈페이지 강의 교재, https://elec211.github.io/참고문헌1. Charles K Alexander and Matthew N. O. Sadiku “Fundamentals of Electric Circuits,” 6th edition, McGrawHill, 2017.2. A.S. Sedra and K.C. Smith, “Microelectronic Circuits,” 7th Edition,Oxford, 2017.3. 이덕동 외 “기초전자물리학실험2”, 제4판, 경북대학교출판부, 2016.",,,"물리, 수학",True,False,True,False,False,True,target_department_and_foundational_course,0.16666666666666666
14977,2022,경북대학교,IT대학,전자공학부,회로이론1,2,1학기,3,3,0,전공,창의: 회로이론 분야의 내용 습득을 통해 창의적 문제 제기 및 해결할 수 있는 능력을 갖도록 함융합: 회로이론 분야와 타 분야와의 융합을 통해 새로운 지식가치를 창출하도록 함,".Textbook:Alexander and Sadiku, Fundamentals of Electric Circuits, Seventh Edition, McGrawHill.References:Nilsson and Riedel, Electric Circuits, Tenth Edition, PearsonR.C. Dorf, et al., Introduction to Electric Circuits, Seventh Edition, Wiley",,,해당사항 없음,True,True,False,False,False,True,target_department_and_target_course,0.16666666666666666
14978,2022,경북대학교,IT대학,전자공학부,회로이론1,2,1학기,3,3,0,전공,1.회로해석 및 설계방법의 다양한 응용력과 실제 문제와의 연관성에 대해 학습한다.2.논리적이고 체계적인 직류회로 해석방법들을 학습한다.3.회로해석 및 설계를 위한 기본 원리및 정의들을 학습한다.,".교재Alexander 외, Fundamentals of Electric Circuits, 6th edition, McGRAWHILL..참고문헌R.C.Dorf 외, Introduction to Electric Circuits, WileyIrwin 외, Basic Engineering Circuit Analysis, WileyHayt 외, Engineering Circuit Analysis, McGrawHillNilsson 외, Electric Circuits, Pearson",,,"수학, 기초전자실험 및 설계",True,True,False,False,False,True,target_department_and_target_course,0.16666666666666666
14979,2022,경북대학교,IT대학,전자공학부,회로이론1,2,1학기,3,3,0,전공,회로해석 및 설계방법의 다양한 응용력과 실제문제와의 연관성에대해 학습한다.,".교재Alexander 외, Fundamentals of Electric Circuits, 6th edition, McGRAWHILL..참고문헌R.C.Dorf 외, Introduction to Electric Circuits, WileyIrwin 외, Basic Engineering Circuit Analysis, WileyHayt 외, Engineering Circuit Analysis, McGrawHillNilsson 외, Electric Circuits, Pearson",,,"수학, 기초전자실험 및 설계",True,True,False,False,False,True,target_department_and_target_course,0.16666666666666666
14980,2022,경북대학교,IT대학,전자공학부,회로이론1,2,1학기,3,3,0,전공,"1. 회로구성 요소인 수동소자에 대한 이해 및 전기적 특성 고찰2. 회로해석을 위한 회로방정식 구성방법과 해를 구하는 방법 소개 및 숙달3. 출력응답에 대한 정성적, 정량적 고찰",".TextbookAlexander,etal., Fundamentals of Electric Circuits, 6th edition ,McGRAWHILL,2017..ReferencesR.C.Dorf,etal., Introduction to Electric Circuits, WileyIrwin,etal., BasicEngineering Circuit Analysis, WileyHayt,etal., Engineering Circuit Analysis, McGrawHillNilsson,etal., Electric Circuits, Pearson",,,"물리학, 공업수학",True,True,False,False,False,True,target_department_and_target_course,0.16666666666666666
14984,2022,경북대학교,IT대학,전자공학부,회로이론1,2,1학기,3,3,0,전공,"1. ability to apply basic laws t resistive circuits.2. ability to perform nodal and mesh analysis.3. ability to apply circuit theorems such as superposition, theveninªs theorem, nortonªs theorem, and so on.4. ability to analyze linear circuits containing operational amplifiers.5. ability to analyze firstorder circuits and secondorder circuits.6. ability to use phasors for steadystate sinusoidal circuit analysis.","Textbook : ªFundamentals of Electric Circuitsª 6th Ed. by C. Alexander and M. Sadiku, McGRAWHILL",,,No,True,True,False,False,False,True,target_department_and_target_course,0.16666666666666666
14985,2022,경북대학교,IT대학,전자공학부,회로이론1,2,1학기,3,3,0,전공,"1. ability to apply basic laws t resistive circuits.2. ability to perform nodal and mesh analysis.3. ability to apply circuit theorems such as superposition, theveninªs theorem, nortonªs theorem, and so on.4. ability to analyze linear circuits containing operational amplifiers.5. ability to analyze firstorder circuits and secondorder circuits.6. ability to use phasors for steadystate sinusoidal circuit analysis.","Textbook : ªFundamentals of Electric Circuitsª 6th Ed. by C. Alexander and M. Sadiku, McGRAWHILL",,,없음,True,True,False,False,False,True,target_department_and_target_course,0.16666666666666666
14986,2022,경북대학교,IT대학,전자공학부,회로이론2,2,2학기,3,3,0,전공,창의: 회로이론 분야의 내용 습득을 통해 창의적 문제 제기 및 해결할 수 있는 능력을 갖도록 함융합: 회로이론 분야와 타 분야와의 융합을 통해 새로운 지식가치를 창출하도록 함,"교재:Alexander and Sadiku, Fundamentals of Electric Circuits, 6th edition, McGRAWHILL참고문헌:Nilsson and Riedel, Electric Circuits, 9th edition, PEARSONDorf and Svoboda, Introduction to Electric Circuits, 7th edition, WILEY",,,회로이론1,True,True,False,False,False,True,target_department_and_target_course,0.16666666666666666
14987,2022,경북대학교,IT대학,전자공학부,회로이론2,2,2학기,3,3,0,전공,1. 회로 해석 및 설계 방법의 다양한 응용력과 실제 문제와의 연관성에 대해 학습한다.2. 논리적이고 체계적인 교류회로 해석 방법들을 학습한다.3. 회로 해석 및 설계를 위한 기본 원리 및 정의들을 학습한다.,". 교재Alexander 외, Fundamentals of Electric Circuits, 6th edition, McGRAWHILL. . 참고문헌R. C. Dorf 외, Introduction to Electric Circuits, Wiley Irwin 외, Basic Engineering Circuit Analysis, Wiley Hayt 외, Engineering Circuit Analysis, McGrawHill Nilsson 외, Electric Circuits, Pearson",,,회로이론 1,True,True,False,False,False,True,target_department_and_target_course,0.16666666666666666
14988,2022,경북대학교,IT대학,전자공학부,회로이론2,2,2학기,3,3,0,전공,1.회로해석및설계방법의다양한응용력과실제문제와의연관성에대해학습한다.2.논리적이고체계적인교류회로해석방법들을학습한다.3.회로해석및설계를위한기본원리및정의들을학습한다.,". 교재 Alexander 외, Fundamentals of Electric Circuits, 6th edition, McGRAWHILL. . 참고문헌R. C. Dorf 외, Introduction to Electric Circuits, Wiley Irwin 외, Basic Engineering Circuit Analysis, Wiley Hayt 외, Engineering Circuit Analysis, McGrawHill Nilsson 외, Electric Circuits, Pearson",,,회로이론 1,True,True,False,False,False,True,target_department_and_target_course,0.16666666666666666
14989,2022,경북대학교,IT대학,전자공학부,회로이론2,2,2학기,3,3,0,전공,"(1) 전자, 전기회로에 대한 이해력 제고(2) 회로분석능력 증대(3) 창의적 문제해결 능력 함양 및 자기주도적 학습능력 배양","교재 : Alexander,etal., Fundamentals of Electric Circuits, 6th edition ,McGRAWHILL,2017.참고문헌 : 1. R.C.Dorf,etal., Introduction to Electric Circuits, Wiley 2. Irwin,etal., BasicEngineering Circuit Analysis, Wiley 3. Hayt,etal., Engineering Circuit Analysis, McGrawHill 4. Nilsson,etal., Electric Circuits, Pearson",,,1. 회로이론 1,True,True,False,False,False,True,target_department_and_target_course,0.16666666666666666
14993,2022,경북대학교,IT대학,전자공학부,회로이론2,2,2학기,3,3,0,전공,"본 강좌의 핵심역량은 첨단분야에서 [융합], 성찰분야에서 [비판], 인성분야에서 [소통] 으로 1. 융합 : 본 강좌에서 배운 회로해석 기술이 어디에 적용되는지 타분야와의 융합능력 향상2. 비판 : 해석한 회로에 대한 비판적 시각 향상3. 소통 : 본인 이외 동료와 같이 토론을 통해 회로해석에 대한 능력 배양전공능력부분은 [지식] .위 핵심역량과 전공능력을 향상함을 본 강의의 목표로 한다.","ªFundamentals of Electric Circuitsª, 6th Ed. by C. Alexander and M. Sadiku, McGRAWHILL",,,없음,True,True,False,False,False,True,target_department_and_target_course,0.16666666666666666
14994,2022,경북대학교,IT대학,전자공학부,전자회로1,2,2학기,3,3,0,전공,"Developing the ability to analyze and design electronic circuits focused on diode and transistor circuit design.Approaching questions on the different transistor types, the analysis models, the device structure and its physical operation.","Text : Microelectronic Circuits, 7th edition, A. S. Sedra, K. C. Smith, 2015.References : Electronic Devices, T. L. Floyd, 1996.Microelectronic Circuit Design, R. C. Jaeger, T. N. Blalock, 2003.",,,Nothing,True,True,False,False,False,True,target_department_and_target_course,0.16666666666666666
14996,2022,경북대학교,IT대학,전자공학부,전자회로1,2,2학기,3,3,0,전공,Understand the operational principles of electronic circuits composed of semiconductor devices.Can design and analyze the diode application circuits as well as the discrete transistor amplifiers.Build up the engineering mind.,"Textbook: Microelectronic Circuits, 8'th International Edition, 2021, Adel S. Sedra, Kenneth C. Smith, Tony C. Carusone and Vincent Gaudet, Oxford University Press",,,Circuit Theory 1,True,True,False,False,False,True,target_department_and_target_course,0.16666666666666666
14997,2022,경북대학교,IT대학,전자공학부,전자회로1,2,2학기,3,3,0,전공,기본적인 전자 소자의 특성을 탐구하고 증폭기의 해석과 설계 원리를 함양한다.,"교 재 : Microelectronic Circuits, International 8th edition, A. S. Sedra, K. C. Smith, T. C. Carusone, V. Gaudet, 2021. 마이크로전자회로, 정원섭, 김호성, 김현철, 유상대, 도규봉, 이한호, 8판, 2022.강의자료 : 전자회로1, 유상대, 2022. (경대서점)참고문헌 : Electronic Devices, T. L. Floyd, 1996. Fundamentals of Microelectronics, B. Razavi, 2006. Microelectronic Circuit Design, R. C. Jaeger, T. N. Blalock, 2003.",,,회로 이론,True,True,False,False,False,True,target_department_and_target_course,0.16666666666666666
14998,2022,경북대학교,IT대학,전자공학부,전자회로1,2,2학기,3,3,0,전공,"다이오드, BJT, MOSFET 소자 및 이를 이용한 선형증폭기의 동작 원리를 설명할 수 있다.","Text: A.S. Sedra and K.C. Smith, Microelectronic Circuits, 2021, 8th Edition, Oxford",,,회로이론,True,True,False,False,False,True,target_department_and_target_course,0.16666666666666666
15002,2022,경북대학교,IT대학,전자공학부,전자회로2,3,1학기,3,3,0,전공,"Students can acquire knowledge of basic amplifier circuits and various characteristics of signal processing circuits. In addition, application circuits can be designed based on the fused knowledge.","Text : Microelectronic Circuits, 7th edition, A. S. Sedra, K. C. Smith, 2015.References : Electronic Devices, T. L. Floyd, 1996.Microelectronic Circuit Design, R. C. Jaeger, T. N. Blalock, 2003.",,,Electronic Circuits 1,True,True,False,False,False,True,target_department_and_target_course,0.16666666666666666
15004,2022,경북대학교,IT대학,전자공학부,전자회로2,3,1학기,3,3,0,전공,"차동, 연산, 귀환 증폭기의 학습을 통해 전자 회로의 설계 개념을 학습한다.","교 재: Microelectronic Circuits, A. S. Sedra, K. C. Smith, 7th edition, 2016. 마이크로전자회로, 정원섭, 김현철, 김호성, 유상대, 도규봉, 정덕진 공역, 7판, 2016.강의자료: 전자회로 2, 유상대, 2017.참고문헌: Electronic Devices, T. L. Floyd, 1996. Microelectronic Circuit Design, R. C. Jaeger, T. N. Blalock, 2003.",,,"회로이론, 전자회로1",True,True,False,False,False,True,target_department_and_target_course,0.16666666666666666
15005,2022,경북대학교,IT대학,전자공학부,전자회로2,3,1학기,3,3,0,전공,"Through studyng differential, operational, feedback amplifiers,students will learn the design concept of electronic circuits.","Textbook: ªMicroelectronic Circuits,ª A. S. Sedra, K. C. Smith, 7th edition, 2016.Lecture Note: ªElectronic Circuits 2,ª Sang Dae Yu, 2017.References: ªElectronic Devices,ª T. L. Floyd, 1996. ªFundamentals of Microelectronics,ª B. Razavi, 2006. ªMicroelectronic Circuit Design,ª R. C. Jaeger, T. N. Blalock, 2003.",,,"Circuit Theory, Electronic Circuits 1",True,True,False,False,False,True,target_department_and_target_course,0.16666666666666666
15006,2022,경북대학교,IT대학,전자공학부,전자회로2,3,1학기,3,3,0,전공,Ability to design integrated circuit amplifiers.,"Sedra & Smith, ªMicroelectronic Circuits,ª 7th Ed, 2016",,,Electronics I,True,True,False,False,False,True,target_department_and_target_course,0.16666666666666666
15007,2022,경북대학교,IT대학,전자공학부,전자회로2,3,1학기,3,3,0,전공,Understand the operational principles of electronic circuits composed of semiconductor devices. Can design and analyze the transistor amplifiers as well as the versatile circuits utilizing operational amplifier. Build up the engineering mind.,"Textbook: Microelectronic Circuits, 7ªth Ed, 2016, Adel S. Sedra and Kenneth C. Smith, Oxford University Press",,,Electronic Circuits 1,True,True,False,False,False,True,target_department_and_target_course,0.16666666666666666
15010,2022,경북대학교,IT대학,전자공학부,전자회로2,3,1학기,3,3,0,전공,Learn how to design integrated circuits,"Sedra & Smith, ªMicroelectronic Circuits,ª 7th Ed, 2016",,,Electronics Circuits I,True,True,False,False,False,True,target_department_and_target_course,0.16666666666666666
15016,2022,경북대학교,IT대학,전자공학부,논리회로,2,1학기,3,3,0,전공,디지털 논리회로 배경이 되는 Boolean algenra 이해간단한 논리회로 설계 및 HDL을 이용한 구현Understand Boolean algebra which is the mathematical backgound of digital circuit designDesign simple digital circuits and implement them using HDL,"Text: Stephen Brown and Zvonko Vranesic, Fundamentals of Digital Logic with Verilog Design, 3rd ed., McGrawHill, 2014. Handouts (Most handouts are supplied online and can be downloaded from the class web siteReferences: 박길흠 외, 디지털 회로 설계의 기초, 도서출판 영, 2006. 02. R.H. Katz and G. Borriello, CONTEMPORARY LOGIC DESIGN (2nd ed.), The Benjamin/Cummings Publishing Company, Inc.,Textbook: Stephen Brown and Zvonko Vranesic, Fundamentals of Digital Logic with Verilog Design, 3rd ed., McGrawHill, 2014. Handouts (Most handouts are supplied online and can be downloaded from the class web siteReferences: 박길흠 외, 디지털 회로 설계의 기초, 도서출판 영, 2006. 02. R.H. Katz and G. Borriello, CONTEMPORARY LOGIC DESIGN (2nd ed.), The Benjamin/Cummings Publishing Company, Inc.,",,,이산 수학,True,True,False,False,False,True,target_department_and_target_course,0.16666666666666666
15018,2022,경북대학교,IT대학,전자공학부,논리회로,2,1학기,3,3,0,전공,논리회로의 기본을 익히고 간단한 디지털 회로를 설계할 수 있다.,"Text[1] 박길흠, 최두현, 최흥문, 한동석, 디지털회로 설계의 기초, 도서출판 영, 2006.References[1] R.H. Katz, CONTEMPORARY LOGIC DESIGN, 2nd Ed., The Benjamin/Cummings Publishing Company, Inc., 2004.[2] J.M. Yarbrough, DIGITAL LOGIC: APPLICATIONS AND DESIGN, PWS, 1997.",,,없음,True,True,False,False,False,True,target_department_and_target_course,0.16666666666666666
15019,2022,경북대학교,IT대학,전자공학부,논리회로,2,1학기,3,3,0,전공,1. 논리회로 설계의 수학적 토대인 Boolean algebra를 이해한다.2. 논리회로를 표현하는 다양한 방법을 설명할 수 있다.3. Combinational logic과 sequential logic의 차이점을 설명할 수 있다.4. 논리회로 설계 알고리즘 및 logic compoents에 대한 이해를 바탕으로 간략화된 논리회로를 설계할 수 있다.5. 간략한 digital logic에 대한 트랜지스터 회로 설계를 제시할 수 있다.6. HDL 및 소프트웨어 툴을 사용하여 논리회로를 설계해 본다.,"교재:1. Randy H. Katz and Gaetano Borriello, ªContemporary Logic Designª, 2nd edition, Pearson Prentice Hall, 2012.2. Charles H. Roth, Jr. and Larry L. Kinney, ªFundamentals of Logic Designª, 7th edition, Cengage Learning, 2017.상기 두 개의 교재 중 어느 것이라도 상관없습니다.",,,없음,True,True,False,False,False,True,target_department_and_target_course,0.16666666666666666
15020,2022,경북대학교,IT대학,전자공학부,논리회로,2,1학기,3,3,0,전공,"본 강의에서는 전자, 전기, 컴퓨터 공학 과정에 필수적인 디지털 논리 회로를 소개하고 논리회로 설계 기법을 강의한다. Boole 대수의 기본 원리, 맵방법, 조합회로, 순차회로, 프로그래밍 논리, 래치와 플립플롭 등과 같은 논리회로 및 설계의 기본지식을 가르쳐 학생들로 하여금 이를 이해하고 활용한 응용 능력을 배양하고자 한다","Textbook : Fundamentals of Logic Design 7th, Roth and Kinney, CENGAGE LearningReference : Digital Logic and Computer Design, M.Morris Mano, Prentice Hall",,,"공업수학, 전자공학실험 1",True,True,False,False,False,True,target_department_and_target_course,0.16666666666666666
15021,2022,경북대학교,IT대학,전자공학부,논리회로,2,1학기,3,3,0,전공,디지털 논리회로의 설계논리회로 설계를 위한 지식을 통해 컴퓨터를 구성하는 원리를 이해,"Fundamentals of Logic Design, 7th, International Edition, Roth, Kinney, Cengage Learning (이론, 원서 추천) (번역본: 논리설계기초, 강진구 곽성우 구치완 김종태 김형식 우홍체 이성창 최호용 옮김, Cengage Learning)",,,,True,True,False,False,False,True,target_department_and_target_course,0.25
15022,2022,경북대학교,IT대학,전자공학부,논리회로,2,1학기,3,3,0,전공,강한 책임감을 바탕으로 창의적이고 비판적인 사고능력을 가진 인재양성,"Fundamentals of Logic Design, latest editionCharles H. Roth, Jr.Digital DesignA system approach, 1st editionWilliam J. Dally",,,공학수학,True,True,False,False,False,True,target_department_and_target_course,0.16666666666666666
15025,2022,경북대학교,IT대학,전자공학부,전자공학실험1,2,1학기,3,2,2,전공필수,(1) 창의적 문제해결 능력을 함양할 수 있는 내실있는 전공 교육 수행 (2) 자기주도적 학습능력을 갖추고 미래 신기술에 능동적으로 대응 가능한 공학인재 육성 (3) 통섭적 능력을 갖추고 미래 사회를 이끌어 나갈 수 있는 글로벌 리더 육성,"주교재: 최봉열, “전자공학실험1”, 제 1판, 경북대학교출판부, 2015.참고문헌1: C. K. Alexander and M. N. O. Sadiku, “Fundamentals of Electric Circuits”, 5th ed.참고문헌2: C. H. Roth, “이덕동 외, “Fundamentals of Logic Design”, 6th ed.",,,기초전자실험 및 설계,True,False,True,False,False,True,target_department_and_foundational_course,0.16666666666666666
15026,2022,경북대학교,IT대학,전자공학부,전자공학실험1,2,1학기,3,2,2,전공필수,(1) 창의적 문제해결 능력을 함양할 수 있는 내실있는 전공 교육 수행(2) 자기주도적 학습능력을 갖추고 미래 신기술에 능동적으로 대응 가능한 공학인재 육성(3) 통섭적 능력을 갖추고 미래 사회를 이끌어 나갈 수 있는 글로벌 리더 육성,"주교재: 최봉열, “전자공학실험1”, 제 1판, 경북대학교출판부, 2015.참고문헌1 : C. K. Alexander and M. N. O. Sadiku, “Fundamentals of Electric Circuits”, 5th ed.참고문헌2 : C. H. Roth, “이덕동 외, “Fundamentals of Logic Design”, 6th ed.참고문헌3 : 최평 외,ªPSpice 기초와 활용ª참고문헌4 : M. H. Rashid, ªSPICE for Circuits and Electronics Using PSpiceª, 1990.",,,기초전자실험 및 설계,True,False,True,False,False,True,target_department_and_foundational_course,0.16666666666666666
15027,2022,경북대학교,IT대학,전자공학부,전자공학실험1,2,1학기,3,2,2,전공필수,"전자공학실험에 사용되는 실험 기자재의 사용을 익힌다회로이론에서 공부한 각종 법칙과 논리회로에서의 조합회로 및 순차회로, 카운터 및 레지스터등을 실험을 통해 확인한다","교재: 전자공학실험1, 최봉열, 경북대학교출판부 참고문헌 : Fundamentals of Logic Design (7th edition), Roth and Kinney, CENGAGE Learning",,,기초전자공학실험,True,False,True,False,False,True,target_department_and_foundational_course,0.16666666666666666
15028,2022,경북대학교,IT대학,전자공학부,전자공학실험1,2,1학기,3,2,2,전공필수,전자공학 분야의 실험을 계획하고 수행할 수 있는 능력을 키운다공학적 분석 및 사고를 통하여 엔지니어링 마인드를 함양한다조별 공동실험 및 실습을 통하여 팀워크 및 소통을 통한 문제해결능력을 기른다,"주교재:최봉열,“전자공학실험1”,경북대학교출판부,2015.참고문헌1:C.K.AlexanderandM.N.O.Sadiku,“FundamentalsofElectricCircuits”,5thed.참고문헌2:C.H.Roth,“이덕동외,“FundamentalsofLogicDesign”,6thed.",,,"전자공학설계실험, 기초전자실험및설계,기초전자공학세미나",True,False,True,False,False,True,target_department_and_foundational_course,0.16666666666666666
15029,2022,경북대학교,IT대학,전자공학부,전자공학실험1,2,1학기,3,2,2,전공필수,이 수업은 기초 전자공학 습득하므로써 새로운 전자공학 기술을 발전시키는데 기여함을 그 목표로 함.,"주교재: 최봉열, “전자공학실험1”, 제 1판, 경북대학교출판부, 2015.참고문헌1: C. K. Alexander and M. N. O. Sadiku, “Fundamentals of Electric Circuits”, 5th ed.참고문헌2: C. H. Roth, “이덕동 외, “Fundamentals of Logic Design”, 6th ed.",,,없음,True,False,True,False,False,True,target_department_and_foundational_course,0.16666666666666666
15030,2022,경북대학교,IT대학,전자공학부,전자공학실험1,2,1학기,3,2,2,전공필수,* 다양한 계측 장비들의 활용 능력 배양 및 회로 해석에의 응용* 문제해결 과정에서 토론을 통한 의사소통 능력 배양,"* 주교재: 최봉열, “전자공학실험1”, 제 3판, 경북대학교출판부, 2020.* 참고문헌1: C. K. Alexander and M. N. O. Sadiku, “Fundamentals of Electric Circuits”, 5th ed.* 참고문헌2: C. H. Roth, “Fundamentals of Logic Design”, 6th ed.",,,기초전자실험 및 설계,True,False,True,False,False,True,target_department_and_foundational_course,0.16666666666666666
15031,2022,경북대학교,IT대학,전자공학부,전자공학실험1,2,1학기,3,2,2,전공필수,전자공학의 기본 지식과 기본 실험 역량을 익힌다.,"주교재: 최봉열, “전자공학실험1”, 제 1판, 경북대학교출판부, 2015.",,,기초전자실험 및 설계,True,False,True,False,False,True,target_department_and_foundational_course,0.16666666666666666
15033,2022,경북대학교,IT대학,전자공학부,전자공학실험1,2,1학기,3,2,2,전공필수,"전자회로의 기본 소자인 저항, 커패시터의 특성을 이해하고 실험 기자재의 사용법을 익힌다.","주교재: 최봉열, “전자공학실험1”, 제 2판, 경북대학교출판부, 2020.참고문헌1: C. K. Alexander and M. N. O. Sadiku, “Fundamentals of Electric Circuits”, 5th ed.참고문헌2: C. H. Roth, “이덕동 외, “Fundamentals of Logic Design”, 6th ed.",,,기초전자실험 및 설계,True,False,True,False,False,True,target_department_and_foundational_course,0.16666666666666666
15039,2022,경북대학교,IT대학,전자공학부,전자공학실험2,2,2학기,3,2,2,전공필수,(1) 창의적 문제해결 능력을 함양할 수 있는 내실있는 전공 교육 수행 (2) 자기주도적 학습능력을 갖추고 미래 신기술에 능동적으로 대응 가능한 공학인재 육성 (3) 통섭적 능력을 갖추고 미래 사회를 이끌어 나갈 수 있는 글로벌 리더 육성,"교재: 마이크로 전자공학실험, 제3판, 유상대 저",,,전자공학실험1,True,False,True,False,False,True,target_department_and_foundational_course,0.16666666666666666
15040,2022,경북대학교,IT대학,전자공학부,전자공학실험2,2,2학기,3,2,2,전공필수,"회로도를 이해하고, 빵판에 여러가지 소자들을 이용한 회로를 효율적으로 구성할 수 있다.","교재: 마이크로 전자공학실험, 제3판, 유상대 저",,,전자공학실험1,True,False,True,False,False,True,target_department_and_foundational_course,0.16666666666666666
15043,2022,경북대학교,IT대학,전자공학부,전자공학실험2,2,2학기,3,2,2,전공필수,1) 트랜지스터를 이용한 여러 종류의 증폭기에 대한 해석/설계와 실험을 행한다.2) OPamp를 이용한 증폭기에 대한 실험을 행한다.,교재: 없음강의재료 : 유튜브에 있는 동영상,,,전자공학실험1,True,False,True,False,False,True,target_department_and_foundational_course,0.16666666666666666
15046,2022,경북대학교,IT대학,전자공학부,전자공학실험2,2,2학기,3,2,2,전공필수,"창의 : 회로도를 이해하고, 브레드보드에 여러가지 소자들을 이용한 회로를 효율적으로 구성할 수 있다.융합 : 전자회로, 공학수학, 회로이론 등에서 학습하는 내용들을 포괄적으로 이해하고 회로 해석에 활용할 수 있다.비판 : 회로 동작이 비정상적일 때 회로를 해석하고, 문제점을 찾아낼 수 있다.탐색 : 회로해석 및 설계방법의 다양한 응용력과 실제문제와의 연관성에 대해 학습한다소통 : 조원과의 협력을 통해 실험에 필요한 준비, 실험 내용 이해, 실험 회로 구성 및 실험 결과를 분석할 수 있다.책임 : 전자회로 이론에 근거한 회로 이해 및 실제 실험을 통해 결과를 확인할 수 있다.","교재: 마이크로 전자공학실험, 제3판, 유상대 저",,,전자공학실험1,True,False,True,False,False,True,target_department_and_foundational_course,0.16666666666666666
15047,2022,경북대학교,IT대학,전자공학부,전자공학실험2,2,2학기,3,2,2,전공필수,실험을 통해 전자회로의 기초와 기본 소자들의 특성을 학습한다.,"교재: 핵심이 보이는 전자회로 실험 with PSPICE, 신경욱 지음 (예정)",,,전자공학실험1,True,False,True,False,False,True,target_department_and_foundational_course,0.16666666666666666
15049,2022,경북대학교,IT대학,전자공학부,전자공학실험2,2,2학기,3,2,2,전공필수,전자공학의 기초와 전자공학 기본 소자들의 특성을 배운다.,교재: 전자공학실험2,,,전자공학실험1,True,False,True,False,False,True,target_department_and_foundational_course,0.16666666666666666
15064,2022,경북대학교,IT대학,전자공학부,신호및시스템,3,2학기,3,3,0,전공,"신호와 시스템의 기본 개념과 신호와 시스템을 분석하고 설계하는 데 필요한 수학적 도구 (푸리에 급수, 푸리에 변환, 라플라스 변환 등)를 이해한다.","Alan V Oppenheim, Alan S Wilsky, S Hamid, Signals and Systems, 2nd Edition, Pearson",,,공학수학1,True,True,False,False,False,True,target_department_and_target_course,0.16666666666666666
15065,2022,경북대학교,IT대학,전자공학부,신호및시스템,3,1학기,3,3,0,전공,"시스템의 입출력 관계를 시간영역과 주파수영역에서 해석하는 방법 학습, 시스템 설계 및 해석능력을 배양","교재: Samir S. Soliman and Mandyam D. Srinath, Continuous and Discrete Signals and Systems, Prentice Hall, 참고문헌: G. E. Carlson, Signal and Linear System Analysis, 2nd Ed., John Wiley & Sons, 1998.E. Kamen and B. Heck, Fundamentals of Signals and System, Prentice Hall, 1997.S. Haykin and B. Van Veen, Signals and Systems, John Wiley & Sons, 1999.",,,없음,True,True,False,False,False,True,target_department_and_target_course,0.16666666666666666
15066,2022,경북대학교,IT대학,전자공학부,신호및시스템,3,2학기,3,3,0,전공,"To learn the basic concepts of signals and systems, and the mathematical tools (Fourier series, Fourier transform, Laplace transform and etc) that help analyze and design signals and systems.","Alan V Oppenheim, Alan S Wilsky, S Hamid, Signals and Systems, 2nd Edition, Pearson",,,Engineering math 1,True,True,False,False,False,True,target_department_and_target_course,0.16666666666666666
15067,2022,경북대학교,IT대학,전자공학부,신호및시스템,3,1학기,3,3,0,전공,The goal of this course is understanding of signals and systems that process signals.,"Signals and Systems (2nd edition)by Alan V. Oppenheim, Alan S. Willsky and S. Hamid NawabPublisher: PrenticeHall",,,Probability and Random Processes,True,True,False,False,False,True,target_department_and_target_course,0.16666666666666666
15068,2022,경북대학교,IT대학,전자공학부,신호및시스템,3,1학기,3,3,0,전공,"To learn the basic concepts of signals and systems, and the mathematical tools (Fourier series, Fourier transform, Laplace transform and etc) that help analyze and design signals and systems.","Alan V Oppenheim, Alan S Wilsky, S Hamid, Signals and Systems, 2nd Edition, Pearson",,,Engineering math 1,True,True,False,False,False,True,target_department_and_target_course,0.16666666666666666
15069,2022,경북대학교,IT대학,전자공학부,신호및시스템,3,1학기,3,3,0,전공,"신호와 시스템의 기본 개념과 신호와 시스템을 분석하고 설계하는 데 필요한 수학적 도구 (푸리에 급수, 푸리에 변환, 라플라스 변환 등)를 이해한다.","Alan V Oppenheim, Alan S Wilsky, S Hamid, Signals and Systems, 2nd Edition, Pearson",,,공학수학1,True,True,False,False,False,True,target_department_and_target_course,0.16666666666666666
15071,2022,경북대학교,IT대학,전자공학부,신호및시스템,3,1학기,3,3,0,전공,Topics we cover include:ConvolutionContinuoustime fourier transformDiscretetime fourier transformFrequency response of LTI systemLaplace Transformztransformand more.,"Signals and Systems, 2nd Edition, Simon Haykin and Barry Van Veen",,,Engineering Mathematics 1,True,True,False,False,False,True,target_department_and_target_course,0.16666666666666666
15072,2022,경북대학교,IT대학,전자공학부,마이크로프로세서,3,1학기,3,3,0,전공,ARM 기반 마이크로프로세서의 동작 원리와 하드웨어 간 인터페이스 이론을 이해하여 실무에 적용할 수 있는 창의적 역량 향상을 목표로 한다. 또한 ARM MCU를 이용한 펌웨어 개발에도 유용하게 활용할 수 있도록 펌웨어 설계과정과 프로그램 개발방법 등을 학습한다.,"강의자료로 진행참고문헌: 서태원, Arm 프로그래밍, 생능출판사, 2020",,,"논리회로, C 프로그래밍",True,True,False,False,False,True,target_department_and_target_course,0.16666666666666666
15073,2022,경북대학교,IT대학,전자공학부,마이크로프로세서,3,1학기,3,3,0,전공,창의 : 마이크로프로세서 이해 및 응용을 통해 실무종합설계능력을 갖춘 창의적 역량 향상을 그 목표로 한다.융합 : 어셈블리 실습을 통해 마이크로프로세서에 대한 이해도와 코딩능력을 향상시킨다.,"강의자료로 진행참고문헌: Yifeng Zhu, ``Embedded systems with ARM CortexM microcontrollers in assembly language and Cªª, EMan Press LLC",,,"C 프로그래밍, 논리회로",True,True,False,False,False,True,target_department_and_target_course,0.16666666666666666
15074,2022,경북대학교,IT대학,전자공학부,마이크로프로세서,3,1학기,3,3,0,전공,마이크로프로세서 기본 동작 원리 이해어셈블리 언어를 통한 하드웨어와 소프트웨어의 상호 작용 방법 이해마이크로프로세서를 활용한 임베디드 시스템 개발 방법 이해,"참고 문헌 1: Joseph Yiu, The definitive guide to the ARM CortexM3 and CortexM4 Processors 3rd Edition, Newnes, 2014참고 문헌 2: 존 스토크스, 인사이드 머신, 에이콘, 2007",,,"논리회로, C 프로그래밍",True,True,False,False,False,True,target_department_and_target_course,0.16666666666666666
15076,2022,경북대학교,IT대학,전자공학부,통신이론,3,2학기,3,3,0,전공,(1) 통신관련 문제를 쉽게 설명하고 이해하는 능력을 함양할 수 있는 내실있는 전공 교육 수행(2) 자기주도적 학습능력을 갖추고 미래 통신 기술에 능동적으로 대응 가능한 공학인재 육성(3) 통신의 원리를 이해하여 새로운 기술을 제시할 수 있는 차세대 전자공학도 육성,"Textbook : B. P. Lathi, Modern Digital and analog Communication Systems, 4th ed., Oxford, 2010.",,,확률과정,True,True,False,False,False,True,target_department_and_target_course,0.16666666666666666
15077,2022,경북대학교,IT대학,전자공학부,통신이론,3,2학기,3,3,0,전공,To expain the function of basic elements comprising of analog communicaiotn system.To analyze analog signals on frequency domain.To understand Fourier seriese and Fourier transformTo explain the characteristics of linear systemTo understand the principle of analog modulation/demodulation.To explain the strong points and weak points of various analog moculation schemes.To analyze noise effect on analog communication,"Textbook : J. G. Proakis and M. Salehi, ªFundamentals of Communication Systemsª, Pearson, 2nd ed. 2014References :1. R. E. Ziemer and W. H. Tranter, ªPrinciples of Communicationsª, Wiley, 6th ed. 2010.2. A. Bruce Carlson, P. B. Crilly, J. C. Rutledg, ªCommunication Systemsª, McGraw Hill, 4th ed. 2002.3. F. G. Stremler, ªIntroduction to Communication Systemsª, Addison Wesley, 3rd ed. 19924. S. Haykin and M. Moher, ªIntroduction to Analog & Digital Communicationsª, 2nd ed. 2007",,,확률과정,True,True,False,False,False,True,target_department_and_target_course,0.16666666666666666
15078,2022,경북대학교,IT대학,전자공학부,통신이론,3,2학기,3,3,0,전공,To learn frequency analysis of signalsTo learn various modulation and demodulation techniquesTo learn various communication systems,"Textbook : B. P. Lathi, Modern Digital and analog Communication Systems, 4th ed., Oxford, 2010.References : F. G. Stremler, Introduction to Communication Systems, 3rd Ed., Addison Wesley, 1990. L. W. Couch II, Digital and Analog Communication System, 5th Ed., PrenticeHall, 1997. J. G. Proakis, Essentials of Communication Systems Engineering, Pearson Ed., 2005.",,,Signals and Systems,True,True,False,False,False,True,target_department_and_target_course,0.16666666666666666
15079,2022,경북대학교,IT대학,전자공학부,통신이론,3,2학기,3,3,0,전공,신호에 대한 주파수 해석법 학습각종 변복조 방식의 이해각종 통신 시스템에 대한 이해,"Textbook : B. P. Lathi, Modern Digital and analog Communication Systems, 4th ed., Oxford, 2010.References : F. G. Stremler, Introduction to Communication Systems, 3rd Ed., Addison Wesley, 1990. L. W. Couch II, Digital and Analog Communication System, 5th Ed., PrenticeHall, 1997. J. G. Proakis, Essentials of Communication Systems Engineering, Pearson Ed., 2005.",,,신호및시스템,True,True,False,False,False,True,target_department_and_target_course,0.16666666666666666
15080,2022,경북대학교,IT대학,전자공학부,통신이론,3,2학기,3,3,0,전공,통신공학의 기초적 이론을 이해한다.,"The class will be based on the own slide, and no specific textbook is required.Two supporting textbooks are:1. Introduction to Wireless Digital Communication: A Signal Processing Perspective, Robert W. Heath Jr.2. IntroductiontoAnalogandDigitalCommunicationSystems,S. Haykin.",,,None (1. Probability and random variable and 2. Linear algebra will be helpful),True,True,False,False,False,True,target_department_and_target_course,0.16666666666666666
15081,2022,경북대학교,IT대학,전자공학부,자동제어,3,1학기,3,3,0,전공,The former part of the class addresses the basic principles and fundamental techniques of feedback control systems.The later part of the class focuses on the analysis and design of feedback control systems using frequencydomain techniques.,"R. C. Dorf and R. H. Bishop ªModern Control Systemsª 13 th Edition, Pearson, 2017.",,,,True,True,False,False,False,True,target_department_and_target_course,0.25
15083,2022,경북대학교,IT대학,전자공학부,자동제어,3,1학기,3,3,0,전공,Course purpose: Mathematical modelingbased dynamic characteristics understanding for Mechatronic systemsStability understanding of openloop and closedloop systems Controller design method for control systemDynamic characteristics analysis for the designed control systemSimulation and analysis with MATLAB/SIMULINK,"(1®Main text)(1) R.C. Dorf & R.H. Biship, “Modern Control Systems (13th Ed.)”, Pearson(2®other reference)(2) F. Golnaraghi & B.C. Kuo, “Automatic Control Systems (9th Ed.)”, Wiley.",,,"공학수학, 회로이론",True,True,False,False,False,True,target_department_and_target_course,0.16666666666666666
15084,2022,경북대학교,IT대학,전자공학부,자동제어,3,2학기,3,3,0,전공,"The objective of the course is to equip students with fundamentals of control, modeling in time and frequency domains.","1)“Modern Control Systems” by R. C. Dorf, R. H. Bishop, Prentice Hall, 12th Edition, 20112) Automatic Control Systemsª Golnaraghi & Kuo, Prentice Hall, USA, 9e, 2010.References: 3) Modern Control Engineering” by K. Ogata, Prentice Hall, 4th Edition, 2002.",,,Good background in Engineering mathematics and Electric Circuits,True,True,False,False,False,True,target_department_and_target_course,0.16666666666666666
15085,2022,경북대학교,IT대학,전자공학부,자동제어,3,1학기,3,3,0,전공,Topics we cover include:dynamic response transfer function feedback controlPID control Root Locus frequency responsestability analysisMatlab/SIMULINK simulations using the Control System Toolboxand more.,"Reommended: R.C. Dorf & R.H. Bishop, “Modern Control Systems (13th Ed.)”, Pearson, 2017.Supplementary: Norman S. Nise, ªControl Systems Engineering (7th Ed.)ª",,,Engineering Mathematics 1,True,True,False,False,False,True,target_department_and_target_course,0.16666666666666666
15089,2022,경북대학교,IT대학,전자공학부,자동제어,3,1학기,3,3,0,전공,제어시스템에 대한 안정성과 성능을 해석하고 제어기를 설계할수 있다.,"Textbook: R. C. Dorf, Modern Control Systems (12th ed.)References:B. C. Kuo, Automatic Control (9th ed.)N. S. Nise, Control System Engineering (7th ed.)",,,공업수학,True,True,False,False,False,True,target_department_and_target_course,0.16666666666666666
15090,2022,경북대학교,IT대학,전자공학부,자동제어,3,1학기,3,3,0,전공,"The objective of the course is to equip students with fundamentals of control, modeling in time and frequency domains. By the end of the course, students will be able to model any engineering system, design a feedback controller and improve the performance of the system.","1)“Modern Control Systems” by R. C. Dorf, R. H. Bishop, Prentice Hall, 12th Edition, 20112) Automatic Control Systemsª Golnaraghi & Kuo, Prentice Hall, USA, 9e, 2010.References: 3) Modern Control Engineering” by K. Ogata, Prentice Hall, 4th Edition, 2002.",,,Good background in Engineering mathematics and Electric Circuits,True,True,False,False,False,True,target_department_and_target_course,0.16666666666666666
15110,2022,경북대학교,IT대학,전자공학부,집적회로공정실험,4,1학기,3,2,2,전공,The goal of this course is to learn and experience the basic process and equipment for semiconductor device fabrication.,Textbook :Lecture slides ªFabrication Engineering at the Microand Nanoscaleª Stephen A. Cambell (4th edition),,,"물리전자, 전자소자",True,True,True,False,False,True,target_department_and_target_course,0.16666666666666666
15111,2022,경북대학교,IT대학,전자공학부,집적회로공정실험,4,2학기,3,2,2,전공,The goal of this course is to learn and experience the basic process and equipment for semiconductor device fabrication.,Textbook :Lecture slides ªFabrication Engineering at the Microand Nanoscaleª Stephen A. Cambell (4th edition),,,"물리전자, 전자소자",True,True,True,False,False,True,target_department_and_target_course,0.16666666666666666
15112,2022,경북대학교,IT대학,전자공학부,집적회로공정실험,4,1학기,3,2,2,전공,The goal of this course is to learn and experience the basic process and equipment for semiconductor device fabrication.,Main textbook:Lecture slidesªFabrication Engineering at the Microand Nanoscaleª Stephen A. Cambell (4th edition),,,Prerequisite Subject: “Physical electronics” and “Electronics devices”,True,True,True,False,False,True,target_department_and_target_course,0.16666666666666666
15113,2022,경북대학교,IT대학,전자공학부,집적회로공정실험,4,2학기,3,2,2,전공,The goal of this course is to learn and experience the basic process and equipment for semiconductor device fabrication.,Main textbook:Lecture slidesªFabrication Engineering at the Microand Nanoscaleª Stephen A. Cambell (4th edition),,,Prerequisite Subject: “Physical electronics” and “Electronics devices”,True,True,True,False,False,True,target_department_and_target_course,0.16666666666666666
15114,2022,경북대학교,IT대학,전자공학부,아날로그집적회로,4,1학기,3,3,0,전공,Ability to design and verify basic CMOS integrated circuits.,"References:1. Behzad Razavi, Design of Analog CMOS Integrated Circuits, McGraw Hill 2. Gray, Hurst, Lewis, and Meyer, Analysis and Design of Analog Integrated Circuits, Wiley, 4th Edition3. Johns and Martin, Analog Integrated Circuit Design, Wiley",,,Electronic Circuits I/II; Electronic Circuit Design,True,True,False,False,False,True,target_department_and_target_course,0.16666666666666666
15116,2022,경북대학교,IT대학,전자공학부,디지털집적회로,4,2학기,3,3,0,전공,디지털 집적회로 설계 및 이를 위한 지식과 설계 기술의 융합,"CMOS VLSI Design: A Circuits and Systems Perspective, Weste and Harris (4th edition)orIntegrated Circuit Design, Weste and Harris (4th edition)",,,"논리회로, 전자회로1(혹은 MOSFET을 다루는 과목 1개)",True,True,False,False,False,True,target_department_and_target_course,0.16666666666666666
15117,2022,경북대학교,IT대학,전자공학부,집적회로공정,4,1학기,3,3,0,전공,The main objectives of this course are to study the basics of vacuum technology to learn the method and principles to fabricate and to measure the thin film to understand fundamental aspects of the thin film characteristics and functionalityto learn how to use and understand the TCAD simulation,There is no specified textbook but recently published related papers will be the references instead.,,,"물리전자,전자소자",True,True,False,False,False,True,target_department_and_target_course,0.16666666666666666
15118,2022,경북대학교,IT대학,전자공학부,집적회로공정,4,1학기,3,3,0,전공,The main objectives of this course are to study the basics of vacuum technology to learn the method and principles to fabricate and to measure the thin film to understand fundamental aspects of the thin film characteristics and functionalityto learn how to use and understand the TCAD simulation,There is no specified textbook but recently published related papers will be the references instead..,,,"Physical Electronics, Electronic Devices",True,True,False,False,False,True,target_department_and_target_course,0.16666666666666666
15119,2022,경북대학교,IT대학,전자공학부,집적회로공정,4,1학기,3,3,0,전공,"최신 반도체소자 제작을 위한 표준 반도체 단위공정을 이해하고 이 단위공정 기술들의 발전 트렌드와 그 배경을 최신 반도체소자 성능 발전 방향과 연결하여 이해한다.개별 표준 반도체단위공정의 효율적인 결합(공정설계)을 통한 CMOS소자와 메모리소자(DRAM, flash memory) 공정 과정을 이해한다.현재까지의 반도체 집적회로 공정기술의 발전 과정과 최신 반도체 소자 공정기술의 이슈들을 이해하고 이를 바탕으로 앞으로의 반도체집적회로 공정기술의 발전 방향에 대한 식견과 개념을 익힌다.","Fabrication Engineering at the Microand Nanoscale, 4th edition, Stephen A. CampbellLecture notes (ppt slides)",,,"물리전자, 전자소자",True,True,False,False,False,True,target_department_and_target_course,0.16666666666666666
15120,2022,경북대학교,IT대학,전자공학부,반도체재료,4,1학기,3,3,0,전공,"The overall aim of this course is for the student to earn an understanding of the semiconductor properties and growth and characterization techniques, useful for advanced semiconductor technology design and engineering. This is intended for the development of semiconductor knowledge skillsets forthe power, energy conversion, (opto)electronics, and healthcare industries, and industrial Internet of Things (IoT).The key objectives of this course are to:Understand basic semiconductor materials properties such as crystal structure, bandgap,effective mass, etc.Understand the behavior of electrons and holes in semiconductors.Acquire the understanding of the engineering of the electronic band structure and crystalstructure of semiconductor materials.Appreciate semiconductor alloys in semiconductor technologies.","R.F. Pierret, Advanced Semiconductor Fundamentals, Pearson Education Inc., 2nd Ed. (2003).D.K. Schroder, Semiconductor Material and Device Characterization, WileyIEEE Press, (2006).M. Grundman, The Physics of Semiconductors: An Introduction including Devices and Nanophysics, Springer (2006).G. S. May and S. M. Sze, Fundamentals of Semiconductor Fabrication, Wiley (2004).S. Tiwari, Semiconductor Physics: Principles, Theory, and Nanoscale, Oxford University Press (2020).",,,"ELEC 213 (Basic Electronics Physics), 311 (Physical Electronics), 333 (Electronic Devices).",True,True,False,False,False,True,target_department_and_target_course,0.16666666666666666
15126,2022,경북대학교,IT대학,전자공학부,반도체소자,4,2학기,3,3,0,전공,"This course will deal with the semiconductor physics, nanoelectronic devices, 1TDRAM, and tunneling devices.","(I) Title: Nanoelectronic Devices Author: ByungGook Park, Sung Woo Hwang, Young June park Publisher: Pan Stanford publishing(II) various supplements",,,"Physical Electronics, Electronic Devices",True,True,False,False,False,True,target_department_and_target_course,0.16666666666666666
15128,2022,경북대학교,IT대학,전자공학부,반도체소자,4,2학기,3,3,0,전공,Fostering creative Global Leaders capable of directing future innovations of IT engineering and associate industries,"Betty Anderson and Richard Anderson, ""Fundamentals of Semiconductor Devices"" 2nd Edition. McGraw Hill.",,,"ELEC 213 (Basic Electronics Physics), 311 (Physical Electronics), 333 (Electronic Devices).",True,True,False,False,False,True,target_department_and_target_course,0.16666666666666666
15129,2022,경북대학교,IT대학,전자공학부,반도체소자,4,2학기,3,3,0,전공,Fostering creative Global Leaders capable of directing future innovations of IT engineering and associate industries,"Robert F. Pierret. Advanced Semiconductor Fundamentals. 2nd Edition. Prentice Hall.S.M. Sze. Modern Semiconductor Device Physics. 1998, John Wiley & Sons, Inc.",,,"ELEC 213 (Basic Electronics Physics), 311 (Physical Electronics), 333 (Electronic Devices).",True,True,False,False,False,True,target_department_and_target_course,0.16666666666666666
15132,2022,경북대학교,IT대학,전자공학부,데이터마이닝응용,4,1학기,3,3,0,전공,1. 데이터마이닝 개념을 이해한다.2. 데이터마이닝을 위한 다양한 방법을 학습한다.3. RapidMiner를 활용한 응용능력을 배양한다.,"Main Textbook: ªData Science: Concepts and Practiceª (2nd edition) (written by Vijay Kotu and Bala Deshpande)Reference: Introduction to Data Mining written by PangNing Tan, Michael SteinBach and W. Kumar (Publisher: Pearson AddisoWesley)",,,이산수학,True,True,False,True,False,True,target_department_and_target_course,0.16666666666666666
15133,2022,경북대학교,IT대학,전자공학부,디지털통신,4,1학기,3,3,0,전공,디지털통신 시스템의 동작 원리를 이해하고 주어진 환경에 적합한 통신 시스템의 구조를 제시할 수 있다.,"강의노트가 제공될 것입니다.[References]1. Dong Seog Han, Analog and Digital Communications (Korean), Hanbit Academy, 2017.2. B. Sklar, Digital Communications, 2nd Ed., PrenticeHall.3. S. Haykin and M. Moher, Introduction to Analog & Digital Communications, 2nd ed., Wiley, 2007.",,,통신이론,True,True,False,False,False,True,target_department_and_target_course,0.16666666666666666
15136,2022,경북대학교,IT대학,전자공학부,이동통신,4,2학기,3,3,0,전공,To review various mobile communication technologiesTo understand cellular system and wireless traffic analysisTo understand radio propagation phenomena and fading characteristicsTo understand medium access control protocol for wireless communicationsTo review 5G technologies,Textbook : PPT handouts,,,"통신이론, 데이터 통신, 디지털 통신",True,True,False,False,False,True,target_department_and_target_course,0.16666666666666666
15137,2022,경북대학교,IT대학,전자공학부,암호공학,4,2학기,3,3,0,전공,창의: 정보보안 분야의 이론 습득을 통해 창의적 문제 제기 및 해결할 수 있는 능력을 갖도록 함.융합: 정보보안 분야와 타분야와의 융합을 통해 새로운 지식가치를 창출하도록 함.,"교재: Cryptography and Network Security (출판사:McGrawHill, 저자:B.A.Forouzan)참고문헌:1. Modern Cryptography (출판사: Prentice Hall, 저자:Wenbo Mao), 2. Applied Cryptography (출판사: John Wiley & Sons, 저자:Bruce Schneier)3. 관련 논문",,,정보보안에 관심있는 학생은 수강 가능. 별도의 권장선수과목 없음.,True,True,False,True,False,True,target_department_and_target_course,0.16666666666666666
15140,2022,경북대학교,IT대학,전자공학부,기계학습시스템설계,4,2학기,3,2,2,전공,"Python programmingnumpy, sklearn, pandas 등 기계학습을 위한 python package 사용법","Part 1. Python for machine learning basics (온라인 교재) https://wikidocs.net/book/1704 공학자를 위한 Python 강의중 부족한 부분은 https://wikidocs.net/book/1 점프 투 파이썬 으로 보충함Part 2. Machine learning theories with python examples (오프라인 교재) https://www.hanbit.co.kr/store/books/look.phpp_code=B8091740296 IT CookBook, 파이썬으로 만드는 인공지능, 한빛아카데미, ISBN 9791156645085 이론 설명을 위한 부교재: https://www.hanbit.co.kr/store/books/look.phpp_code=B4606522972 기계 학습, 오일석, ISBN 9791156641582Part 3. Deep learning with PyTorch (온라인 교재) https://wikidocs.net/book/2788 PyTorch로 시작하는 딥 러닝 입문 코드는 https://github.com/jerife/DeepLearningStartingWithPytorchPart 4. Advanced applications (오프라인 교재) https://www.hanbit.co.kr/store/books/look.phpp_code=B7628794939 만들면서 배우는 파이토치 딥러닝: 12가지 모델로 알아보는 딥러닝 응용법, 한빛미디어 ISBN 9791162244609",,,확률과정; C프로그래밍,True,True,True,True,False,True,target_department_and_target_course,0.16666666666666666
15141,2022,경북대학교,IT대학,전자공학부,전파및광학시스템설계,4,1학기,3,2,2,전공,"◆ As specific examples of wave and optic electromagnetics, we consider 1) 5G communication 2) Augmented reality and hologram display 3) OLED based display 4) Tera hertz applications",Lecture note will be used,,,"Electromagnetics 2, Signals and systems",True,False,True,False,False,True,target_department_and_foundational_course,0.16666666666666666
15142,2022,경북대학교,IT대학,전자공학부,전파및광학시스템설계,4,1학기,3,2,2,전공,"◆ 전파통신 및 광학 기술이 4차산업혁명에 응용되는 구체적 예시로써,1) 5G 통신시스템 기술2) 증강, 가상현실 및 홀로그램 디스플레이 기술3) OLED 기반 디스플레이 광학 기술4) 테라헤르츠파 응용 기술의 4개 카테고리에 대해 소개하고, 이와 관련한 간단한 실습 예제들을 수행하여관련 분야를 전공하고자 하는 학생들에게 기초지식을 제공한다.",별도 교안과 프로젝트 진행을 위한 강의 자료로 구성됩니다.,,,"전자장2, 신호 및 시스템",True,False,True,False,False,True,target_department_and_foundational_course,0.16666666666666666
15143,2022,경북대학교,IT대학,전자공학부,사물컴퓨팅시스템설계,4,2학기,3,2,2,전공,"학부 저학년에서 배운 C,마프,운영체제 등 사물컴퓨팅 관련 기술을 종적으로 묶어서 실제 사물 컴퓨팅 시스템을 학생들이 제작해보는 실험 실습 과목이다.우선 C언어, 자료구조, 운영체제, 개발환경등에 대한 복습형 실험 실슴을 진행하고, 그 내용을 바탕으로 학생들이 스스로 제안한 사물컴퓨팅 시스템을 설계, 구현, 검증해서 완성해보는것을 목표로 한다.","교재: 실시간 운영체제 기반 실물 컴퓨팅 (개정판), 강순주,2016참고문헌: Programming Embedded Systems with C & GNU,OREILLY, Michael Barr et al, 2007Embedded Systems : A Contemporary Design Tool, WILEY, James K. Peckol,2008참고홈페이지 : http://rtlab.knu.ac.kr/product",,,"C,자료구조,운영체제",True,False,True,False,False,True,target_department_and_foundational_course,0.16666666666666666
15144,2022,경북대학교,IT대학,전자공학부,3차원음향시스템설계,4,2학기,3,2,2,전공,"3차원음향 시스템에 대한 최근 이론을 학습하고, 이를 통하여 창의적으로 문제를 해결하는 능력을 기른다.최신 기술을 이용하여 실제적인 문제에 대한 접근하는 태도를 배운다.","Textbooks: 유인물Reference:Acoustics: an introduction, H. Kuttruff, CRC Press, 2007.Fundamentals of acoustics, L. E. Kinsler, Wiley, 2000.DAFX, U. Zolzer, Wiley, 2011.",,,"신호및시스템, 디지털신호해석",True,False,True,False,False,True,target_department_and_foundational_course,0.16666666666666666
15145,2022,경북대학교,IT대학,전자공학부,3차원음향시스템설계,4,2학기,3,2,2,전공,"At the end this course, students should: (1) understand theories for the 3D sound systems, (2) be able to solve the 3D sound problems with creativity, (3) have good attitude to solve the engineering problem with recently developed technologies.","Textbooks: handouts.References:Acoustics: an introduction, H. Kuttruff, CRC Press, 2007.Fundamentals of acoustics, L. E. Kinsler, Wiley, 2000.DAFX, U. Zolzer, Wiley, 2011.",,,"Signal and systems, digital signal analysis.",True,False,True,False,False,True,target_department_and_foundational_course,0.16666666666666666
15147,2022,경북대학교,IT대학,전자공학부,전자공학종합설계1,4,1학기,3,2,2,전공,"In this class, students make teams and perform the planning and development of a piece of work with active cooperating. By acquiring the experience through the project performing, students cultivate the creativity, effectiveness, safety, and economics. And also they cultivate the total design ability, administrate and keep many data,and prepare the performance conference. In this class, below things will be processed. 1. Project suggestion 2. Project performance 3. Project presentation 4. Result briefing5. Making a portfolio","Reference data,the monographs,and the books for project design",,,"물리전자, 전자소자, 집적회로공정",True,False,True,False,False,True,target_department_and_foundational_course,0.16666666666666666
15148,2022,경북대학교,IT대학,전자공학부,전자공학종합설계1,4,1학기,3,2,2,전공,"본 강의를 통해서 차세대 메모리 및 산화물 트랜지스터에대한 심과 학습내용을 토대로 학생들 스스로 실험을 통하여 결과를 비교 분석하여, 창의적인 소자를 제작한다. 관련된 재료/물리/전기전자 공학적 내용을 스스로 학습한다.",Handout,,,"세미나 토론 발표 및 실험 성취도 평가, 궁극적으로 해당 결과의 저널 발표",True,False,True,False,False,True,target_department_and_foundational_course,0.16666666666666666
15149,2022,경북대학교,IT대학,전자공학부,전자공학종합설계1,4,1학기,3,2,2,전공,"MOSFET의 제작 과정, 평가 방법 및 MOS Capacitor, MOSFET, bar 저항 등의 전기적 특성 평가를 통한 소자의 주요 파라미터를 추출하는 방법을 이해를 목표로 함. 추가로, 새로운 반도체 소재 및 새로운 소자 구조 제안을 통한 소자의 성능을 향상 시킬 수 있는 엔지니어링 사고 능력 배양을 목표로 함.",관련 학회 및 저널 논문,,,"물리전자, 전자소자",True,False,True,False,False,True,target_department_and_foundational_course,0.16666666666666666
15150,2022,경북대학교,IT대학,전자공학부,전자공학종합설계1,4,1학기,3,2,2,전공,The primary objective of the course is to provide students with a chance to design and manufacture a system based on the knowledge obtained during undergraduate courses.,"Umesh K. Mishra, Jasprit Singh, ªSemiconductor Device Physics and Designª, Springer(2008).International/Domestic papers and technical documents",,,물리전자,True,False,True,False,False,True,target_department_and_foundational_course,0.16666666666666666
15151,2022,경북대학교,IT대학,전자공학부,전자공학종합설계1,4,1학기,3,2,2,전공,조별 프로젝트를 통한 독립 연구자로서의 역량을 기른다.,종합설계를 위한 참고자료 및 수행과제 분야의 서적/논문 및 전문자료,,,전자공학부 설계 교과목들,True,False,True,False,False,True,target_department_and_foundational_course,0.16666666666666666
15152,2022,경북대학교,IT대학,전자공학부,전자공학종합설계1,4,1학기,3,2,2,전공,"1. 수강생들이 팀을 이루어 하나의 작품을 기획, 설계 및 제작한다.2. 제품화 과제 수행 경험 습득을 통해 창의성, 효율성, 안전성, 경제성 등의 모든 측면을 고려할 수 있는 통합적 기술 능력을 습득한다.3. 각종 자료를 효과적으로 보관하고 관리하는 능력을 습득한다.4. 결과물에 대한 발표회 준비 및 직접 발표를 통해 발표 능력을 향상한다.5. 과제 제안 내용 및 과제 결과를 문서로 적절하게 정리하여 제시하는 방법을 체득한다.",종합설계를 위한 참고자료 및 수행과제 분야의 서적 및 전문 자료,,,전자공학부 설계 교과목들,True,False,True,False,False,True,target_department_and_foundational_course,0.16666666666666666
15153,2022,경북대학교,IT대학,전자공학부,전자공학종합설계1,4,1학기,3,2,2,전공,PIM 회로를 설계하고 검증할 수 있다.,전자회로 교과서,,,"전자회로1/2, 전자회로설계",True,False,True,False,False,True,target_department_and_foundational_course,0.16666666666666666
15154,2022,경북대학교,IT대학,전자공학부,전자공학종합설계1,4,1학기,3,2,2,전공,Learning how to collaborate team members work Learning how to implement an engineering project Learning how to present and discuss within a project team,N.A.,,,,True,False,True,False,False,True,target_department_and_foundational_course,0.25
15156,2022,경북대학교,IT대학,전자공학부,전자공학종합설계1,4,1학기,3,2,2,전공,프로그래밍언어를 활용한 프로젝트 구현 능력을 배양한다.,담당교수님에 따라 운영,,,프로그래밍 과목,True,False,True,False,False,True,target_department_and_foundational_course,0.16666666666666666
15157,2022,경북대학교,IT대학,전자공학부,전자공학종합설계1,4,1학기,3,2,2,전공,연구 능력을 함량하는 것을 목표로 한다.,담당교수님에 따라 운영,,,담당교수님에 따라 운영,True,False,True,False,False,True,target_department_and_foundational_course,0.16666666666666666
15159,2022,경북대학교,IT대학,전자공학부,전자공학종합설계1,4,1학기,3,2,2,전공,팀별로 농/축산 관련 제어시스템 설계 및 제작 분야 또는 아이디어 기반 각종 제어시스템분야에서 프로젝트 대상을 선정하고 팀별로 수행하므로써 학생들의 하드웨어 및 소프트웨어에 대한 지식과 응용능력을 배가 시키고자 한다.,"참고문헌ATmega 128, 아두이노, PIC 관련 참고문헌",,,"프로그래밍언어 관련 과목 및 디지털회로 관련 과목, 마이크로프로세서설계, 마이크로프로세서, 전자공학설계",True,False,True,False,False,True,target_department_and_foundational_course,0.16666666666666666
15160,2022,경북대학교,IT대학,전자공학부,전자공학종합설계2,4,2학기,3,2,2,전공,"팀프로젝트를 통한 의사소통 능력, 공감능력, 협동심 능력 배양이론교육과 실습 교육을 통한 기초 공학 지식 배양학문 영역의 경계를 넘어 교류화 협력 능력 배양","Reference data,the monographs,and the books for project design",,,"물리전자, 전자소자, 집적회로공정",True,False,True,False,False,True,target_department_and_foundational_course,0.16666666666666666
15161,2022,경북대학교,IT대학,전자공학부,전자공학종합설계2,4,2학기,3,2,2,전공,"본 강의를 통해서 차세대 메모리 및 산화물 트랜지스터에대한 심과 학습내용을 토대로 학생들스스로 실험을 통하여 결과를 비교 분석하여, 창의적인 소자를 제작한다. 관련된 재료/물리/전기전자 공학적 내용을 스스로 학습한다.",Handout,,,"세미나 토론 발표 및 실험 성취도 평가, 궁극적으로 해당 결과의 저 널 발표",True,False,True,False,False,True,target_department_and_foundational_course,0.16666666666666666
15162,2022,경북대학교,IT대학,전자공학부,전자공학종합설계2,4,2학기,3,2,2,전공,"MOSFET의 제작 과정, 평가 방법 및 MOS Capacitor, MOSFET, bar 저항 등의 전기적 특성 평가를 통한 소자의 주요 파라미터를 추출하는 방법을 이해를 목표로 함. 추가로, 새로운 반도체 소재 및 새로운 소자 구조 제안을 통한 소자의 성능을 향상 시킬 수 있는 엔지니어링 사고 능력 배양을 목표로 함.",관련 학회 및 저널 논문,,,"물리전자, 전자소자",True,False,True,False,False,True,target_department_and_foundational_course,0.16666666666666666
15163,2022,경북대학교,IT대학,전자공학부,전자공학종합설계2,4,2학기,3,2,2,전공,This course is for the capstone design of ABEEK program in the school of Computer Science and Engineering.The primary objective of the course is to provide students with a chance to design and manufacture a system based on the knowledge obtained during undergraduate courses.,"Umesh K. Mishra, Jasprit Singh, ªSemiconductor Device Physics and Designª, Springer(2008).International/Domestic papers and technical documents",,,물리전자,True,False,True,False,False,True,target_department_and_foundational_course,0.16666666666666666
15164,2022,경북대학교,IT대학,전자공학부,전자공학종합설계2,4,2학기,3,2,2,전공,프로젝트 내 본인이 담당한 역할을 책임지고 완성하여 성공적으로 프로젝트를 완수한다.,종합설계를 위한 참고자료 및 수행과제 분야의 서적/논문 및 전문자료,,,전자공학부 설계 교과목들,True,False,True,False,False,True,target_department_and_foundational_course,0.16666666666666666
15165,2022,경북대학교,IT대학,전자공학부,전자공학종합설계2,4,2학기,3,2,2,전공,"1. 수강생들이 팀을 이루어 하나의 작품을 기획, 설계 및 제작한다.2. 제품화 과제 수행 경험 습득을 통해 창의성, 효율성, 안전성, 경제성 등의 모든 측면을 고려할 수 있는 통합적 기술 능력을 습득한다.3. 각종 자료를 효과적으로 보관하고 관리하는 능력을 습득한다.4. 결과물에 대한 발표회 준비 및 직접 발표를 통해 발표 능력을 향상한다.5. 과제 제안 내용 및 과제 결과를 문서로 적절하게 정리하여 제시하는 방법을 체득한다.",종합설계를 위한 참고자료 및 수행과제 분야의 서적 및 전문 자료,,,전자공학부 설계 교과목들,True,False,True,False,False,True,target_department_and_foundational_course,0.16666666666666666
15166,2022,경북대학교,IT대학,전자공학부,전자공학종합설계2,4,2학기,3,2,2,전공,"전자공학의 종합 설계 능력을 배양한다. 로봇 설계, 제어 및 자율주행에 관한 기술을 습득한다. 팀웍을 이루어 로봇 작업 과제를 해결한다",N.A.,,,,True,False,True,False,False,True,target_department_and_foundational_course,0.25
15167,2022,경북대학교,IT대학,전자공학부,전자공학종합설계2,4,2학기,3,2,2,전공,프로그래밍언어를 활용한 프로젝트 구현 능력을 배양한다.,담당교수님에 따라 운영,,,전자공학종합설계1,True,False,True,False,False,True,target_department_and_foundational_course,0.16666666666666666
15168,2022,경북대학교,IT대학,전자공학부,전자공학종합설계2,4,2학기,3,2,2,전공,연구 능력을 함량하는 것을 목표로 한다.,담당교수님에 따라 운영,,,담당교수님에 따라 운영,True,False,True,False,False,True,target_department_and_foundational_course,0.16666666666666666
15169,2022,경북대학교,IT대학,전자공학부,전자공학종합설계2,4,2학기,3,2,2,전공,팀별로 농/축산 관련 제어시스템 설계 및 제작 분야 또는 아이디어 기반 각종 제어시스템분야에서 프로젝트 대상을 선정하고 팀별로 수행하므로써 학생들의 하드웨어 및 소프트웨어에 대한 지식과 응용능력을 배가 시키고자 한다.,"참고문헌ATmega 128, 아두이노, PIC 관련 참고문헌",,,"프로그래밍언어 관련 과목 및 디지털회로 관련 과목, 마이크로프로세서설계, 마이크로프로세서, 전자공학설계",True,False,True,False,False,True,target_department_and_foundational_course,0.16666666666666666
15170,2022,경북대학교,IT대학,전자공학부,파이썬프로그래밍,2,1학기,3,2,2,전공,1. 파이썬 프로그래밍을 위한 기초지식을 학습한다.2. 파이썬 프로그래밍 실습을 통해 실제 적용능력을 배양한다.,"주교재:ª파이썬으로 배우는 누구나 코딩ª 도서출판 홍릉 (강환수 지음)보조교재:ª으뜸파이썬ª 생능출판사 (박동규, 강영민 지음)",,,,True,True,False,False,False,True,target_department_and_target_course,0.25
15171,2022,경북대학교,IT대학,전자공학부,파이썬프로그래밍,2,1학기,3,2,2,전공,파이썬 언어의 기본 문법을 이해하고 실습을 통하여 사용법을 익힌다.파이썬 언어를 이용하여 프로그램을 제작하는 능력을 학습한다.,"주교재: 으뜸 파이썬 박동규, 강영민 저 (생능출판사)부교재: 파워 유저를 위한 파이썬 Express 천인국 지음 (생능출판사)",,,C프로그래밍과 실습,True,True,False,False,False,True,target_department_and_target_course,0.16666666666666666
15173,2022,경북대학교,IT대학,전자공학부,파이썬프로그래밍,2,1학기,3,2,2,전공,"Students acquire Python programming skill, and practice them to cultivate their own ability to implement their own programs.","[main text]Liang, ªIntroduction to Programming Using Pythonª Pearsonhttps://overiq.com/python101/https://pythonspot.com/https://thepythonguru.com/https://www.datacamp.com/courses/introtopythonfordatascienceutm_source®thepythonguru&utm_campaign®thepythonguru_tutorials[sub text]https://www.py4e.com/lessons[reference]1. http://www.pythontutor.com/visualize.html this website is very useful and allows to run simple Python programs and visualize the execution. Many of the illustrations in the course notes were generated using this website.ª2. https://docs.python.org/2/tutorial an official Python tutorial3. https://www.tutorialspoint.com/python a detailed tutorial with many simple examples4. https://www.learnpython.org free, interactive tutorial5. https://www.python.org/community/sigs/current/edusig/ contains links to learning resources, including two free books",,,C programming,True,True,False,False,False,True,target_department_and_target_course,0.16666666666666666
15174,2022,경북대학교,IT대학,전자공학부,파이썬프로그래밍,2,1학기,3,2,2,전공,python 기초부터 시작하여 심도 있는 내용을 학습하여 프로그래밍 능력을 키운다.,개강 후 소개하겠습니다.,,,C프로그래밍 실습,True,True,False,False,False,True,target_department_and_target_course,0.16666666666666666
15175,2022,경북대학교,IT대학,전자공학부,파이썬프로그래밍,2,1학기,3,2,2,전공,파이썬을이용하여 전자 공학의 다양한 문제를 스스로 해결할 수 있도록 함.다양한 예제를 통하여 실질적인 프로그래밍 소양을 갖추도록 함.,"으뜸 파이썬: 박동규·강영민 지음, 생능출판",,,없음.,True,True,False,False,False,True,target_department_and_target_course,0.16666666666666666
15177,2022,경북대학교,IT대학,전자공학부,파이썬프로그래밍,2,1학기,3,2,2,전공,Learn basic python programming skills through handson lab assignments and homework programming assginments,Python for Everybody (PY4E)https://www.py4e.com/lessons,,,Any other programming lanuage classes,True,True,False,False,False,True,target_department_and_target_course,0.16666666666666666
15179,2022,경북대학교,IT대학,전자공학부,파이썬프로그래밍,2,1학기,3,2,2,전공,파이썬을 이용하여 전자 공학의 다양한 문제를 스스로 해결할 수 있도록 함.다양한 예제를 통하여 실질적인 프로그래밍 소양을 갖추도록 함.,"으뜸 파이썬: 박동규·강영민 지음, 생능출판",,,없음.,True,True,False,False,False,True,target_department_and_target_course,0.16666666666666666
15182,2022,경북대학교,IT대학,전자공학부,파이썬프로그래밍,2,1학기,3,2,2,전공,파이썬 프로그래밍언어를 이용한 프로그램의 구현 능력 및 문제해결 능력 배양,"ª으뜸파이썬ª, 박동규, 강영민 저, 생능출판",,,C프로그래밍과실습,True,True,False,False,False,True,target_department_and_target_course,0.16666666666666666
15183,2022,경북대학교,IT대학,전자공학부,공학수학 1,1,2학기,3,3,0,전공,"미분방정식에 대한 기본 개념을 이해하고 방정식에 따른 적절한 풀이법을 습득하고, 공학적 문제를 미분방정식으로 나타낼 수 있고, 해를 구하여 문제를 분석할 수 있다.","주교재 : Dennis G. Zill, Advanced Engineering Mathematics, Jones and Bartlett참고교재 : E. Kreyszig, Advanced Engineering Mathematics, John Wiley & Sons",,,미적분,True,False,True,False,False,True,target_department_and_foundational_course,0.16666666666666666
15184,2022,경북대학교,IT대학,전자공학부,공학수학 1,1,2학기,3,3,0,전공,미분방정식의 해를 구하는 과정을 통해서 이에 연관된 공학 전공에서 발생하는 문제들을 창의적으로 해결하는 능력을 배양하게 한다.,"교 재 : Dennis G. Zill / Warren S. Wright, Advanced Engineering Mathematics, 7/E(or 6/E and 5/E ), Jones and Bartlett참고 교재 : E. Kreyszig, Advanced Engineering Mathematics, John Wiley & Sons",,,수학 I,True,False,True,False,False,True,target_department_and_foundational_course,0.16666666666666666
15185,2022,경북대학교,IT대학,전자공학부,공학수학 1,1,2학기,3,3,0,전공,전공 수업을 이해 할 수 있는 수학적 능력을 키운다.,"Advanced Engineering Mathematics 7th edition Dennis G. Zill Jones & Bartlett LEARNING, 2022",,,없음,True,False,True,False,False,True,target_department_and_foundational_course,0.16666666666666666
15186,2022,경북대학교,IT대학,전자공학부,공학수학 1,1,2학기,3,3,0,전공,1. 기본적인 미분방정식을 풀 수 있게 한다.2. 미분방정식으로 표현되는 다양한 전자공학적 모델을 해석할 수 있도록 한다.,"교 재 : Dennis G. Zill / Warren S. Wright, Advanced Engineering Mathematics, 7/E(or 6/E, 5/E and 4/E ), Jones and Bartlett참고 교재 : E. Kreyszig, Advanced Engineering Mathematics, John Wiley & Sons",,,수학1,True,False,True,False,False,True,target_department_and_foundational_course,0.16666666666666666
15187,2022,경북대학교,IT대학,전자공학부,공학수학 1,1,2학기,3,3,0,전공,대상에 대한 비판적 성찰력을 키우고 창의적인 문제해결 능력을 키우는 것을 목표로 한다.공학을 연구하면서 대상에 대한 모델링 기법(미분방정식 기반)과 모델에 대한 분석 기법(미분방정식 해 도출방법 및 변환을 통한 고차미분방정식 풀이법)을 교육한다.,"교 재 : Dennis G. Zill, Advanced Engineering Mathematics, 7/E, Jones and Bartlett참고 교재 : E. Kreyszig, Advanced Engineering Mathematics, John Wiley & Sons",,,미적분,True,False,True,False,False,True,target_department_and_foundational_course,0.16666666666666666
15190,2022,경북대학교,IT대학,전자공학부,공학수학 1,1,2학기,3,3,0,전공,미분방정식에 대한 개념과 풀이법을 습득한다. 다양한 공학적 문제에 대한 미분 방정식의 모델링 방법과 풀이법을 통한 시스템의 분석을 수행한다Learn basic concepts and solutions for differential equation Learn to model of the differential equations for practical engineering problems Learn the way how to solve the differential equation and analysis system by considering the solution,"Textbook : Dennis G. Zill, Advanced Engineering Mathematics, Jones and BartlettReference : E. Kreyszig, Advanced Engineering Mathematics, John Wiley & Sons",,,미적분Calculus,True,False,True,False,False,True,target_department_and_foundational_course,0.16666666666666666
15191,2022,경북대학교,IT대학,전자공학부,공학수학 1,1,2학기,3,3,0,전공,Learn basic concepts and solutions for differential equation Learn to model of the differential equations for practical engineering problems Learn the way how to solve the differential equation and analysis system by considering the solution,"Textbook : Dennis G. Zill, Advanced Engineering Mathematics, Jones and BartlettReference : E. Kreyszig, Advanced Engineering Mathematics, John Wiley & Sons",,,Calculus,True,False,True,False,False,True,target_department_and_foundational_course,0.16666666666666666
15192,2022,경북대학교,IT대학,전자공학부,공학수학 1,전학년,1학기,3,3,0,전공,"상수계수 미분방정식, 변수계수 미분방정식, 라플라스 변환해법 등 일반 미분방정식과 파동 방정식, 열전도 방정식 등 기본 편미분방정식을 다루어 공학에 응용하게 한다.",Advanced Engineering MathematicsDennis G. ZillJones & Bartlett Learning,,,없음,True,False,True,False,False,True,target_department_and_foundational_course,0.16666666666666666
15207,2022,경북대학교,IT대학,전자공학부,SoC설계 및 프로그래밍,4,1학기,3,2,2,전공,"1. 논리회로, 논리회로설계, 컴퓨터구조, C프로그래밍 등의 기초 지식을 이용하여, SoC의 하드웨어 및 소프트웨어를 설계하고 프로그래밍하는 실무 능력을 함양한다.",교재: 수업 전 배포 자료참고자료:1. HDL (Hardware Description Language) 관련 자료2. C Programming 관련 자료3. ARM processor 및 ARM programming 관련 자료4. Xilinx Zynq 관련 자료,,,"논리회로, 논리회로설계, C프로그래밍과실습, 컴퓨터구조(또는 마이크로프로세서)",True,True,True,False,False,True,target_department_and_target_course,0.16666666666666666
15208,2022,경북대학교,IT대학,전자공학부,휴스타 ICT 설계팀프로젝트1 (캡스톤디자인),4,1학기,3,2,2,전공,Experience realworld issues relating IT fieldsSelect a specific problem and try to solve it after building up a team Present the result at least 2 times and get a chance of peer review,"None* 20220215 공지 (Prof. DooHyun Choi Class)Textbook: 천인국, 딥러닝 Express, 생능출판, 2021.",,,4th grade level,True,False,True,False,False,True,target_department_and_foundational_course,0.16666666666666666
15209,2022,경북대학교,IT대학,전자공학부,휴스타 ICT 설계팀프로젝트1 (캡스톤디자인),4,1학기,3,2,2,전공,책임 및 태도,일반 논문 및 기술 문서,,,,True,False,True,False,False,True,target_department_and_foundational_course,0.25
15211,2022,경북대학교,IT대학,전자공학부,휴스타 ICT 설계팀프로젝트2 (캡스톤디자인),4,2학기,3,2,2,전공,"웅합, 탐색, 책임, 태도",일반 논문 및 기술 문서,,,,True,False,True,False,False,True,target_department_and_foundational_course,0.25
15212,2022,경북대학교,IT대학,전자공학부,선형대수,2,1학기,3,3,0,전공,통신공학/신호처리/네트워크이론/제어공학/암호 그리고 컴퓨터공학전분야에서 필요한 선형대수학을 학습함,"Main Textbook: D.C. Lay et.al., ªLinear algebra and its applications,ª Pearson, 6th edition",,,없음,True,False,True,False,False,True,target_department_and_foundational_course,0.16666666666666666
15213,2022,경북대학교,IT대학,전자공학부,선형대수,2,1학기,3,3,0,전공,1. To understand linear system and linear equation2. To learn matrix operations to handle linear system in more efficient way3. To learn determinant of matrix and obtain a solution of linear system using Cramerªs rule4. To understand Eigenvalues and Eigenvectors5. To understand orthogonality and find orthogonal basis using GramSchmidt process,"Lay, ªLinear Algebra and Its Applicationsª, 6th ed. Pearson",,,없음,True,False,True,False,False,True,target_department_and_foundational_course,0.16666666666666666
15214,2022,경북대학교,IT대학,전자공학부,선형대수,2,1학기,3,3,0,전공,"행렬연산, 행렬식, 고유치, 고유벡터, 직교성 등의 이해 및 연산 방법 습득하여 선형방정식과 선형변환의 이해 및 분석 능력을 배양한다.","교 재 : D.C.Lay, S.R.Lay and J.J.McDonald, ªLinear Algebra and its Applicationsª, 6th edition, Pearson, 2016",,,기초전자수학 또는 수학2,True,False,True,False,False,True,target_department_and_foundational_course,0.16666666666666666
15215,2022,경북대학교,IT대학,전자공학부,선형대수,2,1학기,3,3,0,전공,To learn how a linear system is analyzed and to understand relavent concepts.,"Lay, ªLinear Algebra and Its Applicationsª, 5th ed. Pearson, 2016",,,공학수학,True,False,True,False,False,True,target_department_and_foundational_course,0.16666666666666666
15217,2022,경북대학교,IT대학,전자공학부,선형대수,2,1학기,3,3,0,전공,"1. 비판: 선형방정식과 선형변환의 이해 및 분석능력 배양2. 탐색: 행렬연산, 행렬식, 고유치, 고유벡터, 직교성 등의 이해 및 연산 방법 습득 분석 능력 배양","▣ D.C.Lay, S.R.Lay and J.J.McDonald ªLinear Algebra and its Applicationsª, 6th edition, Pearson, 2021",,,없음,True,False,True,False,False,True,target_department_and_foundational_course,0.16666666666666666
15219,2022,경북대학교,IT대학,전자공학부,수치해석,3,2학기,3,3,0,전공,"1. 비선형 방정식, 미분방정식등을 이해하고, 컴퓨터 프로그램밍을 통해 해를 도출 할수 있는 능력 배양2. Matlab을 사용한 수치해석 실무기술 습득","Applied Numerical Methods with MATLAB for Engineers and Scientists, Steven C. Chapra",,,선형대수,True,False,True,False,False,True,target_department_and_foundational_course,0.16666666666666666
15220,2022,경북대학교,IT대학,전자공학부,수치해석,3,2학기,3,3,0,전공,다양한 실험들을 통해 얻어지는 수학적 모델을 이용한 솔루션을 수치해법을 통해 얻는 방법들을 생각해본다.,"Text: Steven C. Chapra, Applied Numerical Methods with MATLAB for Engineers and Scientists (4 th edition), McGrawHill, 2019. References:Steven Chapra and Raymond Canale, Numerical Methods for Engineers (6th edition), McGrawHill,2009. MATLABThe Language of Technical Computing: http:www.mathworks.com/products/matlab/William J Palm III, Introduction to MATLAB for Engineers (3rd edition), McGrawHill, 2012.",,,"C Programming, Linear Algebra",True,False,True,False,False,True,target_department_and_foundational_course,0.16666666666666666
15221,2022,경북대학교,IT대학,전자공학부,수치해석,3,2학기,3,3,0,전공,Study of the Method of mathematical approaches to solve any engineering problemsStudy of solution finding by programming the mathematical analysis of a given problemStudy of relationshiop with AI and robot inductiries,"Main textbook Steven C. Chapra, Applied Numerical Methods with MATLAB for Engineers and Scientists (4rd edition), McGrawHill, 2017. References:Steven Chapra and Raymond Canale, Numerical Methods for Engineers (6th edition), McGrawHill,2009.",,,,True,False,True,False,False,True,target_department_and_foundational_course,0.25
15222,2022,경북대학교,IT대학,전자공학부,수치해석,3,2학기,3,3,0,전공,"주어진 공학문제를 수학적으로 해결하는 방법 학습수학적 해석을 프로그래밍을 통하여 결과를 얻기위한 방법의 학습 AI,로봇 등의 첨단 산업과의 연결에 대한 고찰","Main textbook Steven C. Chapra, Applied Numerical Methods with MATLAB for Engineers and Scientists (3rd edition), McGrawHill, 2012. References:Steven Chapra and Raymond Canale, Numerical Methods for Engineers (6th edition), McGrawHill,2009.",,,없음,True,False,True,False,False,True,target_department_and_foundational_course,0.16666666666666666
15240,2022,경북대학교,IT대학,컴퓨터학부,물리학실험 I,1,1학기,1,0,2,전공기반,"물리학I 과목에서 이론적으로 배운 역학, 진동과 파동, 열역학에 관한 기본원리와 법칙을 실험을 통해 직접 확인해 보고 이론과 비교분석함으로써 기초적 개념들에 대한 이해를 명확히 한다. 실험실습을 통하여 학생들에게 창의적으로 문제를 해결할 수 있는 능력과 물리적 개념을 바탕으로 자연현상을 과학적으로 분석하고 이해할 수 있는 능력을 갖도록 하여 앞으로 다양한 분야로 진출하게 될 과학기술인재에게 필요한 실험적 기초지식을 제공한다.","교재 : 일반물리학실험 (경북대학교 출판부)(2021년)(1학기와 2학기 모두 사용)부교재 : 기초물리학(경북대학교 출판부) , 대학물리학 I(북스힐)유튜브 : 경북대학교 물리학과(KNU physics)",,,없음,True,False,True,False,False,True,target_department_and_foundational_course,0.16666666666666666
15248,2022,경북대학교,IT대학,컴퓨터학부,소셜네트워크,1,1학기,3,3,0,기본소양,"융합 : 전반적인 SNS 생태계를 이해하고, 커뮤니케이션 이론, 개념, 현상을 분석하는 기초 이론과 실체를 이해. 각 전공 분야에서 이러한 네트워크 분석적 접근법을 융합하여 활용할 수 있도록 함.","교재 : 소셜네트워크 컴퓨팅 기초, 김상욱, 홍릉과학출판사, 2019.12.참고문헌 : 문화 기술 개론, 김상욱외1, 경북대학교출판부, 2017.2 R을 활용한 소셜 빅데이터 연구방법론, 송태민외1, 한나래, 2016.1.",,,없음,True,True,False,False,False,True,target_department_and_target_course,0.16666666666666666
15251,2022,경북대학교,IT대학,컴퓨터학부,이산수학,1,2학기,3,3,0,전공기반,컴퓨터/소프트웨어와 관련된 수학이론에 대하여 이해하고 실제 응용에서의 활용도를 파악한다.,"ªDiscrete Mathematics with Applicationsª, Fourth Edition,Written by Susanna S. EppPublished by Brooks/Cole, 2011",,,없음,True,False,True,False,False,True,target_department_and_foundational_course,0.16666666666666666
15252,2022,경북대학교,IT대학,컴퓨터학부,이산수학,1,2학기,3,3,0,전공기반,스스로 끈기 있게 문제에 대한 해법을 생각하는 능력을 기른다.,"* 교재는 별도로 없으며 lms에 올려드리는 강의 자료가 대신합니다.* 아래 교재는 수업 준비를 위해 참조되었습니다.수업 내용에 대해 추가로 알고 싶을 때나, 이해가 잘 안 되는 부분이 있을 때 참고하세요.일부만 참조하였으므로 구매하지 마시고, 필요한 경우 도서관 등에서 참고하세요.[1] 이산수학 및 응용, Susanna S. Epp 저[2] 프로그래머, 수학으로 생각하라, 유키 히로시 저",,,"기초 프로그래밍 과목, 컴퓨터학 개론",True,False,True,False,False,True,target_department_and_foundational_course,0.16666666666666666
15253,2022,경북대학교,IT대학,컴퓨터학부,이산수학,1,2학기,3,3,0,전공기반,컴퓨터 탄생의 역사 및 발전 방향과 더불어 수학의 기본 개념과 논리 전개 방식 그리고 컴퓨터 공학에 필요한 수학의 기초에 대해 학습한다.,"* 아래 교재는 수업 준비를 위해 활용됩니다. 이산수학 및 응용, Susanna S. Epp 저",,,없음,True,False,True,False,False,True,target_department_and_foundational_course,0.16666666666666666
15254,2022,경북대학교,IT대학,컴퓨터학부,이산수학,1,2학기,3,3,0,전공기반,"The main objective of this course is to learn mathematical logic, mathematical argument, mathematical induction and deduction and reasoning. Apart from introducing propositional logic and theorem proving this course also introduction functions, sets, relations and algorithms. Students will also learn how to work with graphs.",Discrete mathematics with applicationsTextbook by Susanna S. Epp,,,"High School Mathematics, Algebra and some basic logics",True,False,True,False,False,True,target_department_and_foundational_course,0.16666666666666666
15257,2022,경북대학교,IT대학,컴퓨터학부,확률및통계,2,2학기,3,3,0,전공기반,The main goal of this course is to provide students with the fundamentals of probabilistic and statistical analysis commonly used in engineering and science applications.,"Probability and Statistics for Engineers and Scientists (Hayter, Anthony)",,,Mathematics 1,True,False,True,False,False,True,target_department_and_foundational_course,0.16666666666666666
15258,2022,경북대학교,IT대학,컴퓨터학부,확률및통계,2,2학기,3,3,0,전공기반,수학적 확률 모델에 기반한 창의적 사고의 교육,"Text Book: Probability and statistics for engineers and scientists, Anthony Hayter",,,Mathematics 1,True,False,True,False,False,True,target_department_and_foundational_course,0.16666666666666666
15259,2022,경북대학교,IT대학,컴퓨터학부,자료구조,2,1학기,3,3,0,공학전공,효율적인 프로그램과 자료구조간의 연관성을 이해다양한 형대의 자료구조의 이해다양한 형태의 자료구조의 적용 사례 이해문제 해결을 위한 새로운 자료구조 설계 능력 향상.,"주교재: Horowitz, Shani, & AndersonFreed, ªFundamentals of data structures in Cª, (2nd edition) Siliconpress.부교재: C언어로 쉽게 풀어 쓴 자료구조(천인국, 공용해), 생능출판사, 2009.",,,"기초프로그래밍, 기초프로그래밍실습",True,True,False,False,False,True,target_department_and_target_course,0.16666666666666666
15260,2022,경북대학교,IT대학,컴퓨터학부,자료구조,2,1학기,3,3,0,공학전공,"기본 자료구조인 연결리스트, 스택, 큐, 트리, 그래프, 정렬, 해싱 등의 개념을 이해한다.기본 자료구조를 다양한 분야에 활용할 수 있는 능력을 기른다.응용 문제에 따라 적합한 자료구조를 선정하여 활용한다.","Horowitz, Shani, & AndersonFreed, Fundamentals of data structures in C, (2nd edition) Siliconpress.",,,프로그래밍기초 (C 또는 C++ 과목),True,True,False,False,False,True,target_department_and_target_course,0.16666666666666666
15261,2022,경북대학교,IT대학,컴퓨터학부,자료구조,2,1학기,3,3,0,공학전공,이론이나 알고리즘을 이해하고 수식 또는 프로그래밍 등을 통해 검증할 수 있도록 한다.,"Horowitz, Shani, AndersonFreed, Fundamentals of Data Structures in C, 2nd edition, Siliconpress",,,기초프로그래밍 (C),True,True,False,False,False,True,target_department_and_target_course,0.16666666666666666
15262,2022,경북대학교,IT대학,컴퓨터학부,자료구조,2,1학기,3,3,0,공학전공,"기본 자료구조인 연결리스트, 스택, 큐, 트리, 그래프, 정렬, 해싱 등의 개념을 이해하고 다양한 분야에 활용할 수 있는 능력을 기른다.","Horowitz, Shani, & AndersonFreed, Fundamentals of data structures in C, (2nd edition) Siliconpress.",,,프로그래밍기초,True,True,False,False,False,True,target_department_and_target_course,0.16666666666666666
15263,2022,경북대학교,IT대학,컴퓨터학부,자료구조,2,1학기,3,3,0,공학전공,"기본 자료구조인 연결리스트, 스택, 큐, 트리, 그래프, 정렬, 해싱 등의 개념을 잘 이해한다.기본 자료구조를 다양한 분야에 활용할 수 있는 능력을 기른다.","Horowitz, Shani, & AndersonFreed, ªFundamentals of data structures in Cª, (2nd edition) Siliconpress.",,,프로그래밍기초,True,True,False,False,False,True,target_department_and_target_course,0.16666666666666666
15264,2022,경북대학교,IT대학,컴퓨터학부,자료구조,2,2학기,3,3,0,공학전공,"기본 자료구조인 연결리스트, 스택, 큐, 트리, 그래프, 정렬, 해싱 등의 개념을 이해하고 다양한 분야에 활용할 수 있는 능력을 기른다.","Horowitz, Shani, & AndersonFreed, Fundamentals of data structures in C, (2nd edition) Siliconpress.",,,프로그래밍기초,True,True,False,False,False,True,target_department_and_target_course,0.16666666666666666
15266,2022,경북대학교,IT대학,컴퓨터학부,프로그래밍기초,1,2학기,6,4,4,공학전공,. 주어진 문제를 컴퓨터적 사고로 분석 및 표현하고 창의적으로 해결하는 능력을 배양한다.. C 프로그래밍 응용력 향상을 위해 다양한 실습 과제들을 수행한다.,"Perfect C, 강환수, 강환일, 이동규 공저, Infinity Books, 2021 (2016)",,,컴퓨터학개론,True,True,False,False,False,True,target_department_and_target_course,0.16666666666666666
15267,2022,경북대학교,IT대학,컴퓨터학부,프로그래밍기초,1,2학기,6,4,4,공학전공,주어진 문제를 프로그래밍할 수 있는 문제로 재정의하는 능력을 기른다.재정의한 문제를 C언어를 사용하여 프로그래밍하는 능력을 기른다.C언어의 핵심적인 내용을 배운다.,"C 기초 플러스, 저자 Stephen Prata, 역자 윤성일, 이선민, 조혜란, 성안당, 2017Perfect C, 강환수, 강환일, 이동규 공저, Infinity Books, 2021",,,없음,True,True,False,False,False,True,target_department_and_target_course,0.16666666666666666
15269,2022,경북대학교,IT대학,컴퓨터학부,기초창의공학설계,1,2학기,3,2,2,공학전공,"문제정의, 창의적 사고 개발 기법을 학습하고 이를 활용하는 방법을 배운다.팀웍, 의사소통 및 결정, 보고서 작성 및 발표 방법을 학습한다.팀 프로젝트를 통하여 창의적 문제 해결 능력을 배양한다.","창의적 발상기법 기반의 창의공학설계, 정동명 저, 생능출판사, 2007 결국 아이디어는 발견이다. KMAC(한국표준협회), 2019.창의공학설계, 김종식 외 3인, 북스힐 출판사, 창의발상론, 박영택 저, 개정판, KMAC, 2019.",,,SW 문제해결,True,False,True,False,False,True,target_department_and_foundational_course,0.16666666666666666
15271,2022,경북대학교,IT대학,컴퓨터학부,기초창의공학설계,1,2학기,3,2,2,공학전공,창의적 문제해결을 위해 1) 문제를 발견하기 2) 문제를 정의하기 3) 문제를 함께 해결하기 4) 해결된 결과물을 공유하기,[교재]결국 아이디어는 발견이다. 박영택 지음 KMAC손에 잡히는 창의성 박영택 창의발상론 한국표준협회미디어,,,문화기술,True,False,True,False,False,True,target_department_and_foundational_course,0.16666666666666666
15272,2022,경북대학교,IT대학,컴퓨터학부,자료구조응용,2,1학기,3,2,2,공학전공,다양한 형태의 자료구조에 대한 구현 능력 향상응용 프로그램 작성시 요구되는 다양한 자료구를 설계 하고 구현하는 능력 향상.,"주교재: Horowitz, Shani, & AndersonFreed, ªFundamentals of data structures in Cª, (2nd edition) Siliconpress.부교재: C언어로 쉽게 풀어 쓴 자료구조(천인국, 공용해), 생능출판사, 2009.",,,"기초프로그래밍, 기초프로그래밍실습",True,True,False,False,False,True,target_department_and_target_course,0.16666666666666666
15273,2022,경북대학교,IT대학,컴퓨터학부,자료구조응용,2,2학기,3,2,2,공학전공,"기본 자료구조인 연결리스트, 스택, 큐, 트리, 그래프, 정렬, 해싱 등의 개념을 잘 이해하고, 다양한 분야에 활용할 수 있는 능력을 기른다.","Horowitz, Shani, & AndersonFreed, Fundamentals of data structures in C, (2nd edition) Siliconpress.",,,프로그래밍기초,True,True,False,False,False,True,target_department_and_target_course,0.16666666666666666
15274,2022,경북대학교,IT대학,컴퓨터학부,자료구조응용,2,1학기,3,2,2,공학전공,"기본 자료구조인 연결리스트, 스택, 큐, 트리, 그래프, 정렬, 해싱 등의 개념을 이해한다.응용 분야에 따라 적합한 자료구조를 선택하는 능력을 기른다.기본 자료구조를 실제 프로그램으로 구현하는 능력을 기른다.","Horowitz, Shani, & AndersonFreed, Fundamentals of data structures in C, (2nd edition) Siliconpress.",,,프로그래밍기초 (C 또는 C++),True,True,False,False,False,True,target_department_and_target_course,0.16666666666666666
15275,2022,경북대학교,IT대학,컴퓨터학부,자료구조응용,2,1학기,3,2,2,공학전공,이론이나 알고리즘을 수식 또는 프로그래밍 등을 통해 검증할 수 있도록 한다.,"Horowitz, Shani, AndersonFreed, Fundamentals of Data Structures in C, 2nd ED, Siliconpress",,,기초프로그래밍 (C/C++),True,True,False,False,False,True,target_department_and_target_course,0.16666666666666666
15276,2022,경북대학교,IT대학,컴퓨터학부,자료구조응용,2,1학기,3,2,2,공학전공,"기본 자료구조인 연결리스트, 스택, 큐, 트리, 그래프, 정렬, 해싱 등의 개념을 잘 이해하고, 다양한 분야에 활용할 수 있는 능력을 기른다.","Horowitz, Shani, & AndersonFreed, Fundamentals of data structures in C, (2nd edition) Siliconpress.",,,프로그래밍기초,True,True,False,False,False,True,target_department_and_target_course,0.16666666666666666
15277,2022,경북대학교,IT대학,컴퓨터학부,자료구조응용,2,1학기,3,2,2,공학전공,"기본 자료구조인 연결리스트, 스택, 큐, 트리, 그래프, 정렬, 해싱 등의 개념을 잘 이해한다.기본 자료구조를 다양한 분야에 활용할 수 있는 능력을 기른다.","Horowitz, Shani, & AndersonFreed, ªFundamentals of data structures in Cª, (2nd edition) Siliconpress.",,,프로그래밍기초,True,True,False,False,False,True,target_department_and_target_course,0.16666666666666666
15278,2022,경북대학교,IT대학,컴퓨터학부,자바프로그래밍,2,1학기,3,2,2,공학전공,This course provides firsttime programmers a fundamentalsfirst approach to learning the Java programming language.,"Main Textbook: 명품 Java Essential, 황기태 지음, 생능출판References: H. M. Deitel, P. J. Deitel, Java How to Program, 9th(10th) Edition Pearson. Other Java Related Materials",,,C or other basic languages,True,True,False,False,False,True,target_department_and_target_course,0.16666666666666666
15279,2022,경북대학교,IT대학,컴퓨터학부,자바프로그래밍,2,1학기,3,2,2,공학전공,다양하고 풍부한 실습을 통해 Java 언어의 기본 개념과 이를 이용한 문제해결 능력 향상,"주교재 : 명품 Java Essential, 황기태 지음, 생능 출판부교재:H. M. Deitel, P. J. Deitel , Java How to Program, 9th(10th) Edition, Pearson.참고문헌 : 자바 관련 서적들",,,C언어나 다른 기초 언어,True,True,False,False,False,True,target_department_and_target_course,0.16666666666666666
15282,2022,경북대학교,IT대학,컴퓨터학부,자바프로그래밍,2,1학기,3,2,2,공학전공,자바프로그래밍 언어를 활용하여 다양한 컴퓨터 문제를 해결하는 능력 향상 및 주어진 문제를 분석하고 이를 창의적으로 해결할 수 있는 프로그래밍 실력을 향상한다,"주교재 : 명품 Java Programming 개정4판, 황기태, 김효수, 생능출판사",,,프로그래밍 기초 또는 대화형 프로그래밍(파이썬),True,True,False,False,False,True,target_department_and_target_course,0.16666666666666666
15283,2022,경북대학교,IT대학,컴퓨터학부,자바프로그래밍,2,1학기,3,2,2,공학전공,자바프로그래밍 언어를 활용하여 다양한 컴퓨터 문제를 해결하는 능력 향상 및 주어진 문제를 분석하고 이를 창의적으로 해결할 수 있는 프로그래밍 실력을 향상한다.,"주교재 : 명품 Java Programming 개정4판, 황기태, 김효수, 생능출판사",,,프로그래밍 기초 또는 대화형 프로그래밍(파이썬),True,True,False,False,False,True,target_department_and_target_course,0.16666666666666666
15285,2022,경북대학교,IT대학,컴퓨터학부,소프트웨어설계,2,2학기,3,3,0,공학전공,소프트웨어 개발을 위한 요구사항을 찾고 분석하고 명확하게 기술할 수 있다요구사항을 기반으로 분석 모델을 작성할 수 있다분석모델과 디자인과의 연관관계를 이해한다디자인과 코딩과의 연관관계를 이해하고 활용할 수 있다,"Systems Analysis and Design with UML: An ObjectOriented Approach, 5th edition, Wiley, by Alan Dennis, Barbara Haley Wixom and David Tegarden",,,자바 프로그래밍 (객체지향 프로그래밍),True,False,True,False,False,True,target_department_and_foundational_course,0.16666666666666666
15286,2022,경북대학교,IT대학,컴퓨터학부,소프트웨어설계,2,2학기,3,3,0,공학전공,객체지향 방법론의 이해 객체지향 요구분석법의 이해 및 실습객체지향 설계 방법의 이해 및 실습,"교재 : Alan Dennis, Systems Analysis and Design with UML : An ObjectOriented Approach, third edition, Wiley, 2010부교재 : 기타 UML 관련 서적",,,객체지향 프로그램 및 객체지향프로그램 언어 1개 이상,True,False,True,False,False,True,target_department_and_foundational_course,0.16666666666666666
15287,2022,경북대학교,IT대학,컴퓨터학부,디지털설계및실험,2,2학기,3,2,2,공학전공,창의: 디지털회로의 기본적인 이해와 설계융합: 디지털회로와 시스템 설계를 통한 응용 및 융합,"교재:Samir Palnitkar, ªVerilog HDL: A Guide to Digital Design and Synthesisª, 2nd edition, Pearson장훈 역, ªVerilog HDL: 디지털 설계와 합성의 길잡이ª, 홍릉과학출판사참고문헌:M. Mano and M. Ciletti, ªDigital Design: With an Introduction to the Verilog HDL, VHDL, and System Verilogª, 6th edition, Pearson",,,논리회로,True,False,True,False,False,True,target_department_and_foundational_course,0.16666666666666666
15288,2022,경북대학교,IT대학,컴퓨터학부,운영체제,3,1학기,3,3,0,공학전공,운영체제의 동작원리를 이해한다.운영체제의 기본 구성요소들을 학습하고 이들간의 관계를 이해한다.운영체제의 설계가 프로그램의 동작 및 성능에 미치는 영향을 이해한다.프로그래밍 과제 수행을 통하여 구체적인 지식을 습득하고 이해도를 높인다.,"Operating System Concepts, 9th Edition by Abraham Silberschatz, Peter Baer Galvin, Greg Gagne",,,"컴퓨터 구조, 자료 구조, C 프로그래밍",True,True,False,True,False,True,target_department_and_target_course,0.16666666666666666
15289,2022,경북대학교,IT대학,컴퓨터학부,운영체제,3,1학기,3,3,0,공학전공,Understand core components of modern OS.Understand the relationship between OS components.Acquire detailed knowledge of OS concepts through intensive programming assignments.,"Operating System Concepts, 9th Edition by Abraham Silberschatz, Peter Baer Galvin, Greg Gagne",,,C programming,True,True,False,True,False,True,target_department_and_target_course,0.16666666666666666
15291,2022,경북대학교,IT대학,컴퓨터학부,운영체제,3,1학기,3,3,0,공학전공,Understand core components of modern OS.Understand the relationship between OS components.Acquire detailed knowledge of OS concepts through intensive programming assignments.,"Operating System Concepts, 9th Edition by Abraham Silberschatz, Peter Baer Galvin, Greg Gagne",,,"컴퓨터 구조, 자료 구조, C 프로그래밍",True,True,False,True,False,True,target_department_and_target_course,0.16666666666666666
15292,2022,경북대학교,IT대학,컴퓨터학부,운영체제,3,1학기,3,3,0,공학전공,"This course introduces the basic concepts of operating systems, which include process management, memory management, file systems, and I/O management. This course also provides a detailed explanation of how those concepts are designed and implemented in modern operating systems. In addition, this course provides a set of comprehensive programming homework and laboratories to help students improve practical programming skills in UNIXlike operating systems (e.g., GNU/Linux).","Operating Systems: Three Easy Pieces, by Remzi H. ArpaciDusseau, Andrea C. ArpaciDusseau(reference) Operating System Concepts, by Abraham Silberschatz, Peter Baer Galvin, Greg Gagne(reference) Operating Systems Internals and Design Principles by William Stallings",,,Computer architecture,True,True,False,True,False,True,target_department_and_target_course,0.16666666666666666
15297,2022,경북대학교,IT대학,컴퓨터학부,알고리즘1,3,1학기,3,3,0,공학전공,다양한 알고리즘에 대한 수학적인 지식을 습득알고리즘 기반으로 문제를 풀기 위한 프로그램 구현 능력 습득다양한 알고리즘의 성능 비교를 수행하여 복잡도 평가 방법 습득,"Introduction to Algorithms, Thomas H. Cormenhttp://www.yes24.com/24/goods/1488338",,,자료구조,True,True,False,True,False,True,target_department_and_target_course,0.16666666666666666
15298,2022,경북대학교,IT대학,컴퓨터학부,알고리즘1,3,1학기,3,3,0,공학전공,Acquire mathematical knowledge of various algorithms.Acquire the ability to implement programs to solve problems using algorithms.Learn how to evaluate the complexity and performance of algorithms.,"Introduction to Algorithms, Thomas H. Cormenhttp://www.yes24.com/24/goods/1488338",,,Data structure,True,True,False,True,False,True,target_department_and_target_course,0.16666666666666666
15299,2022,경북대학교,IT대학,컴퓨터학부,알고리즘1,3,1학기,3,3,0,공학전공,"1) 계산 복잡도에 대한 이론적인 배경을 알아본다.2) 문제 해결 (Problem Solving)을 위한 기본적인 방법론 및 알고리즘들에 대해서 알아본다.3) C/C++ 등 프로그래밍 언어를 기반으로, 주어진 문제 해결을 위해 알고리즘을 응용 및 구현한다.","Textbook and Other References* Lecture note: 강의 자료 별도 제공 (강의 노트, 슬라이드 및 기타 자료 등은 LMS 시스템을 통해 제공됩니다.)* Introduction to Algorithms 상세한 교재 관련 사항은 첫 수업 시간에 안내 예정 (첫 수업 전 미리 교재를 구입하지 마시기 바랍니다.) http://www.yes24.com/Product/Goods/13776831 https://www.kyobobook.co.kr/product/detailViewKor.lafejkGb®KOR&mallGb®KOR&barcode®9791156641131",,,"자료구조, 프로그래밍기초 (혹은 C/C++/Python 등 주요 프로그래밍 언어 경험)",True,True,False,True,False,True,target_department_and_target_course,0.16666666666666666
15300,2022,경북대학교,IT대학,컴퓨터학부,알고리즘1,3,1학기,3,3,0,공학전공,계산 문제의 수학적 모델링 지식 습득알고리즘과 프로그래밍 간의 관계 이해성능 측정 및 분석 기법 습득,Introduction to Algorithmshttp://www.yes24.com/Product/Goods/13776831,,,자료구조,True,True,False,True,False,True,target_department_and_target_course,0.16666666666666666
15301,2022,경북대학교,IT대학,컴퓨터학부,알고리즘2,3,2학기,3,2,2,공학전공,스스로 끈기 있게 문제에 대한 해법을 생각하는 능력을 기른다.주어진 해결 방법의 장단점을 분석하고 개선할 수 있는 능력을 기른다.,"* 교재는 LMS에 올려드리는 강의 자료가 대신하므로 구매하지 않아도 됩니다. * 아래 교재는 수업 준비를 위해 참조되었습니다.수업 내용에 대해 추가로 알고 싶을 때나, 이해가 잘되지 않는 부분이 있을 때 도서관 등에서 참고하세요.[1] Introduction to Algorithmsby Thomas H. Cormen, Charles E. Leiserson, Ronald L. Rivest, and Clifford Stein[2] Algorithmsby Robert Sedgewick and Kevin Wayne",,,"‘자료구조’, ‘알고리즘1’ 과목을 수강하였다고 가정하고 진행됨‘Python’으로 프로그래밍 가능하여야 함",True,True,False,True,False,True,target_department_and_target_course,0.16666666666666666
15310,2022,경북대학교,IT대학,컴퓨터학부,데이타통신,3,2학기,3,3,0,공학전공,"데이터통신의 기본 원리와 이론을 학습한다.인터넷에서 사용되고 있는 물리계층, 데이터링크 계층 프로토콜을 학습한다.","William Stallings, ªData and Computer Communications,ª B.A. Forouzan, ªData Communications and Networking,ª Kurose and Rose, ªComputer Networking: A Topdown approachª",,,컴퓨터개론,True,True,False,False,False,True,target_department_and_target_course,0.16666666666666666
15311,2022,경북대학교,IT대학,컴퓨터학부,데이타통신,3,2학기,3,3,0,공학전공,데이타통신의 기본 원리와 이론을 학습한다.통신 프로토콜 및 관련 표준들에 대해서 살펴본다.,"B.A. Forouzan, Data Communications and NetworkingWilliam Stallings, Data and Computer CommunicationsKurose and Rose, Computer Networking: A Topdown approach",,,컴퓨터개론,True,True,False,False,False,True,target_department_and_target_course,0.16666666666666666
15312,2022,경북대학교,IT대학,컴퓨터학부,데이타통신,3,2학기,3,3,0,공학전공,Understanding the basics of data communicationsUnderstanding the communication protocols and related standards.,"B.A. Forouzan, Data Communications and NetworkingWilliam Stallings, Data and Computer CommunicationsKurose and Rose, Computer Networking: A Topdown approach",,,Introduction to Computers,True,True,False,False,False,True,target_department_and_target_course,0.16666666666666666
15313,2022,경북대학교,IT대학,컴퓨터학부,모바일앱프로그래밍1,3,2학기,3,2,2,공학전공,앱 서비스를 통해 해결할 수 있는 문제를 발견하고 정의할 수 있다.다양한 전공지식 및 기술을 활용하여 통합적으로 주어진 문제를 해결할 수 있다.,"주교재: Do it! 깡샘의 안드로이드 앱 프로그래밍 with 코틀린 개정판, 강성윤, 이지스퍼블리싱, 2022부교재:Do it! (기초 문법부터 안드로이드 활용까지!) 코틀린 프로그래밍, 황영덕, 이지스퍼블리싱, 2019",,,자바프로그래밍,True,True,False,False,False,True,target_department_and_target_course,0.16666666666666666
15317,2022,경북대학교,IT대학,컴퓨터학부,컴퓨터구조,2,2학기,3,3,0,공학전공,"To develop basic knowledge of computer science and engineering, to develop the ability of problemsolvingand creative design","Computer Organization and Design, The Hardware/Software Interfaces (RISCV)David A Patterson and John L. Hennessy",,,"C Programming, Digital Logic",True,True,False,True,False,True,target_department_and_target_course,0.16666666666666666
15319,2022,경북대학교,IT대학,컴퓨터학부,컴퓨터구조,2,2학기,3,3,0,공학전공,Instruction Set Architecture에 대해 이해한다.CPU 내부의 Arithmetic에 대해 이해한다.Pipeline 개념을 이해하고 설명할 수 있는 능력을 기른다.메모리와 CPU의 상호작용을 이해한다.,"Computer Organization and Design, The Hardware/Software Interfaces, RISCV Editionby David A Patterson, John L. Hennessy",,,"컴퓨터개론, 논리회로",True,True,False,True,False,True,target_department_and_target_course,0.16666666666666666
15321,2022,경북대학교,IT대학,컴퓨터학부,소프트웨어공학,3,1학기,3,3,0,공학전공,"This software engineering course aims at learning development skills such as requirements analysis, software testing, and evolution. In particular, the students will follow a general process of testdriven development (TDD), in which developers write test cases first and make the target software system comply with the test cases. TDD iterates this “writeandtest” activity for every development phase and software change.","Software Engineering: A Practitionerªs Approach, McGrawHill Education, 8th EditionJoel on Software, Apress; 2004. Corr. 3rd edition The Art of Readable Code: Simple and Practical Techniques for Writing Better Code, OªReilly Media; 1st editionHead First Design Patterns: A BrainFriendly Guide, OªReilly Media; 1st editionRefactoring: Improving the Design of Existing Code, AddisonWesley Professional; 1st editionPro Git, Apress; 1st ed. edition",,,"Software and Problem Solving, Creative Engineering Design, Java Programming, Data Structure",True,True,False,False,False,True,target_department_and_target_course,0.16666666666666666
15325,2022,경북대학교,IT대학,컴퓨터학부,컴퓨팅사고와 SW코딩,1,1학기,3,2,2,공학전공,컴퓨팅 사고기법의 각 단계를 적용하여 문제를 해결할 수 있는 능력을 기른다.파이썬의 문법을 익히고 이를 사용하여 프로그램을 작성할 수 있는 능력을 기른다.,"자체 제작한 슬라이드 및 기타 필요한 교재, 자료, 도구",,,없음,True,True,False,False,False,True,target_department_and_target_course,0.16666666666666666
15326,2022,경북대학교,IT대학,컴퓨터학부,컴퓨팅사고와 SW코딩,1,1학기,3,2,2,공학전공,실습을 통한 문제해결능력을 배양한다.,주교재: Python Tutorial1) 한글 파이썬 자습서(https://docs.python.org/ko/3.9/tutorial/index.html)2) 영문 파이썬 자습서(https://docs.python.org/3.9/tutorial/index.html)부교재(책은 반드시 구독이 원칙이고 온라인 문서는 참고)1) [점프 투 파이썬](https://wikidocs.net/book/1)2) [코딩 도장](https://dojang.io/)3) [구글 콜랩](https://colab.research.google.com/)4) [으뜸파이썬](http://www.yes24.com/Product/Goods/89140722),,,없음,True,True,False,False,False,True,target_department_and_target_course,0.16666666666666666
15327,2022,경북대학교,IT대학,컴퓨터학부,컴퓨팅사고와 SW코딩,1,1학기,3,2,2,공학전공,실습을 통한 문제해결 능력을 배양한다.,"PPT 슬라이드 및 기타 필요한 교재, 자료, 도구",,,없음,True,True,False,False,False,True,target_department_and_target_course,0.16666666666666666
15328,2022,경북대학교,IT대학,컴퓨터학부,네트워크프로그래밍,3,1학기,3,2,2,공학전공,Develop the TCP/IP applications by using the socket programming.,교재: 윤성우의 열혈 TCP/IP 소켓 프로그래밍 (2010)참고문헌: Unix Network Programming: 3rd Edition (by Richard Stevens),,,C 프로그래밍,True,True,False,False,False,True,target_department_and_target_course,0.16666666666666666
15329,2022,경북대학교,IT대학,컴퓨터학부,네트워크프로그래밍,3,1학기,3,2,2,공학전공,소켓 프로그래밍 기법을 사용하여 인터넷 응용 프로그램을 개발할 수 있다.,교재: 윤성우의 열혈 TCP/IP 소켓 프로그래밍 (2010)참고문헌: Unix Network Programming: 3rd Edition (by Richard Stevens),,,C 프로그래밍,True,True,False,False,False,True,target_department_and_target_course,0.16666666666666666
15330,2022,경북대학교,IT대학,컴퓨터학부,네트워크프로그래밍,3,1학기,3,2,2,공학전공,"The objectives of this lecture are as follows:After successfully taking this course, students will be able to programming for sever/client communications based on either TCP or UDP , such as chatting between multiple hosts, other communication activities among hosts, etc.","TCP/IP Socket Programming : 윤성우의 열혈 TCP/IP 소켓프로그래밍 (main)Unix Network Programming (The Socket Networking API), Volume 1, 3rd Edition, W. Richard Stevens, Bill Fenner, Andrew M. Rudoffother websearching materials that are useful",,,"C or C++, Linux",True,True,False,False,False,True,target_department_and_target_course,0.16666666666666666
15334,2022,경북대학교,IT대학,컴퓨터학부,논리회로,2,1학기,3,3,0,공학전공,"본 강의를 통하여 논리회로에 대한 이해와 디지털 회로 설계를 위한 기초 지식에 대해서 배운다. 기본적인 불린 연산과 멀티플렉서, 디코더, 시퀀셜 로직 등에 대해서 배워 후속 과목인 컴퓨터 구조에 대한 이해를 돕도록 한다.","Fundamentals of Logic Design (7th Edition) by Charles H. Roth, Jr. and Larry L. Kinney",,,없음,True,True,False,False,False,True,target_department_and_target_course,0.16666666666666666
15335,2022,경북대학교,IT대학,컴퓨터학부,논리회로,2,1학기,3,3,0,공학전공,"Students will learn basic concepts of digital logic design. The topics include boolean algebra, multiplexers, decoders, and sequential logic. The course will be used in the postrequired course such as computer architecture.","Fundamentals of Logic Design (7th Edition) by Charles H. Roth, Jr. and Larry L. Kinney",,,,True,True,False,False,False,True,target_department_and_target_course,0.25
15338,2022,경북대학교,IT대학,컴퓨터학부,시스템프로그래밍,2,2학기,3,2,2,공학전공,"This course cover all the major ideas of Unix/Linux programming; file I/O, file systems, device I/O, terminal driver, timers, signals, processes, pipes, and POSIX threads. Students will be expected to write programs that make full use of operating system services while learning how Unix/Linux works. Weªll play with Ubuntu system.","Understanding Unix/Linux Programming, Bruce Molay, PrenticeHall.",,,C Programming; Introduction to Computer Science; Data Structures; Discrete Mathematics,True,True,False,False,False,True,target_department_and_target_course,0.16666666666666666
15339,2022,경북대학교,IT대학,컴퓨터학부,시스템프로그래밍,2,2학기,3,2,2,공학전공,"본 강의는 시스템 프로그래밍을 위한 다양한 기초 지식에 대해서 실습하며 익힌다. 포인터의 개념을 시작으로 Linux 시스템, 파일, 시그널, 이벤트, 프로세스, I/O, 프로세스 간 통신, 쓰레드 등에 대해서 공부한다. 본 과목을 학습한 이후에 컴퓨터 시스템에 대한 이해와 깊이 있는 응용 프로그램 개발이 가능해진다.","Understanding Unix/Linux Programming, Bruce Molay, PrenticeHall.",,,C Programming; Introduction to Computer Science; Data Structures; Discrete Mathematics,True,True,False,False,False,True,target_department_and_target_course,0.16666666666666666
15342,2022,경북대학교,IT대학,컴퓨터학부,시스템프로그래밍,2,2학기,3,2,2,공학전공,1) 컴퓨터공학의 기본 지식 배양 2) 문제 해결 및 창의적 설계 능력 배양 3) 실무 능력 및 사회환경 변화를 선도하는 리더쉽 배양 4) 인격체로서의 기본 소양 및 국제적 협력 능력 배양,"주교재Understanding Unix/Linux Programming, PrenticeHall, 2003.부교재Computer systems: a programmer's perspective (3rd Edition), Pearson Academic, 2016Advanced Programming in the UNIX® Environment (Third Edition), AddisonWesley Professional, 2013",,,"Programming for Beginners, Data Structure",True,True,False,False,False,True,target_department_and_target_course,0.16666666666666666
15346,2022,경북대학교,IT대학,컴퓨터학부,공학수학 1,2,1학기,3,3,0,전공기반,일상생활에서 발견할 수 있는 문제들에 대하여 수학적 모델링을 수행한다.수학적 모델링을 통하여 문제 해결 능력을 배양한다.,"교 재 : Advanced Engineering Mathematics 8th solutions ONeil참고 교재 : Dennis G. Zill, Advanced Engineering Mathematics, 4/E, Jones and Bartlett, 2009 E. Kreyszig, Advanced Engineering Mathematics, John Wiley & Sons",,,"SW수학, 기타 수학교과목",True,False,True,False,False,True,target_department_and_foundational_course,0.16666666666666666
15353,2022,경북대학교,IT대학,컴퓨터학부,종합설계프로젝트1,3,2학기,4,3,2,공학전공,컴퓨터학 전공 지식을 바탕으로 한 다양한 소프트웨어 개발 경험 배양,해당사항없음,,,기초장의공학설계,True,False,True,False,False,True,target_department_and_foundational_course,0.16666666666666666
15357,2022,경북대학교,IT대학,컴퓨터학부,자료구조프로그래밍,2,2학기,3,2,2,공학전공,고급 자료구조를 이해하고 고급 자료구조를 활용하여 창의적으로 프로그래밍 할 수 있는 능력을 기른다.,"1. Ellis Horowitz;Sartaj Sahni;Dinesh Mehta, Fundamentals of Data Structures in C++ (2nd edition), 2008, ISBN: 97881737160652. Horowitz;Sahni;AndersonFreed, Fundamentals of Data Structures in C (2nd edition), 2008, ISBN: 9788173716058",,,"프로그래밍기초, 자료구조",True,True,False,False,False,True,target_department_and_target_course,0.16666666666666666
15358,2022,경북대학교,IT대학,컴퓨터학부,선형대수,2,2학기,3,3,0,전공기반,"실생활에서 발생할 수 있는 문제를 수학적으로 모델링 할 수 있다.실생활에서 발생할 수 있는 문제를 선형 프로그래밍을 통하여 해결할 수 있다.실생활에서 발생할 수 있는 문제를 다양한 방법으로 해결하며, 이에 대한 절차 및 결과를 비교/분석할 수 있다.","Linear Algebra and its Application, 5th edition, David C. Lay, Steven R. Lay, Judi J. McDonald",,,"수학1, 수학2, 프로그래밍언어",True,False,True,False,False,True,target_department_and_foundational_course,0.16666666666666666
15359,2022,경북대학교,IT대학,컴퓨터학부,선형대수,2,2학기,3,3,0,전공기반,"Problems that can occur in real life can be solved through linear programming.We can mathematically model problems that can occur in real life.It solves problems that can arise in real life in a multifaceted way, and the procedures and results for them can be compared and analyzed.","Linear Algebra and its Application, 5th edition, David C. Lay, Steven R. Lay, Judi J. McDonald",,,"Math in high school, Programming language",True,False,True,False,False,True,target_department_and_foundational_course,0.16666666666666666
15362,2022,경북대학교,IT대학,컴퓨터학부,수치해석,3,2학기,3,3,0,전공기반,다양한 수치해석 기법을 이해함.각 응용 분야에 대해 목적에 맞는 수치해석 기법을 선택하여 적용함.,"주교재: S. C. Chapra, R. P. Canale, Numerical methods for engineers, 8th ed., McGraw Hill.",,,기초 프로그래밍,True,False,True,False,False,True,target_department_and_foundational_course,0.16666666666666666
15368,2022,경북대학교,IT대학,전자공학부 모바일공학전공,알고리즘,2,1학기,3,3,0,전공,* 주어진 환경에서 다양한 문제를 분석하고 효율적으로 해결하기 위한 능력을 배양한다.* 보다 나은 문제해결 방법을 모색하는 능력을 기른다.* 문제해결 과정에서 토론을 통해 상호 의사소통 능력을 기른다.,* 개강 후 공지,,,"C프로그래밍과 실습, 자료구조",True,True,False,True,False,True,target_department_and_target_course,0.16666666666666666
15372,2022,경북대학교,IT대학,전자공학부 모바일공학전공,모바일앱프로그래밍,2,1학기,3,3,0,전공,"* 안드로이드 플랫폼의 비즈니스 프로세스 이해* 응용프로그램 개발, 빌드 및 디플로이먼트 프로세스 이해* UI 요소 생성및 핸들링* 구성 요소간 통신에 대한 이해* 간단한 로컬 데이터베이스 활용","Step by Step 안드로이드 프로그래밍 5판 저자/출판사 장용식, 성낙현, 인피니티북스",,,C 언어 실습,True,True,False,False,False,True,target_department_and_target_course,0.16666666666666666
15374,2022,경북대학교,IT대학,전자공학부 모바일공학전공,설계프로젝트 1,3,2학기,3,2,2,전공,* 종합/융합 능력 배양* 창의적인 문제 해결 능력 배양* 능동적인 자기주도 학습 능력 배양* 글로벌 리더십 배양,* 추후 공지,,,프로그래밍 언어,True,False,True,False,False,True,target_department_and_foundational_course,0.16666666666666666
15376,2022,경북대학교,IT대학,전자공학부 모바일공학전공,회로공학,1,1학기,4,4,0,전공,"회로의 기본 이론을 이해하고, 전반적인 이론들까지 이해하여 회로해석의 능력을 배양","Fundamentals of Electric Circuits”, 6th edition, by Alexander, McGRAWHILL추후 변경될 수 있으며 개강 전 재공지 함.",,,"물리학, 수학",True,True,False,False,False,True,target_department_and_target_course,0.16666666666666666
15377,2022,경북대학교,IT대학,전자공학부 모바일공학전공,머신러닝 응용,2,2학기,3,3,0,전공,* 강의 목표 기본적인 머신러닝 기법에 대해 이해한다 머신러닝의 응용분야에 대해 설명할 수 있다. 머신러닝의 간단한 응용을 구현할 수 있다.,Reference papers and handouts related to the topics will be provided.논문 및 관련 자료 배포 예정,,,Basic signal processing courses,True,True,False,True,False,True,target_department_and_target_course,0.16666666666666666
15378,2022,경북대학교,IT대학,전자공학부 모바일공학전공,머신러닝 응용,2,2학기,3,3,0,전공,"* 핵심역량: 전공 능력 및 연구자의 자세* 강의 목표 주어진 주제에 대해 논리적으로 해결하는 능력 배양(Ability to solve given problems logically) 연구자의 윤리적, 사회적인 책무에 대한 이해(Understanding of ethical and social responsibility of a researcher",추후 공지 / To be announced,,,,True,True,False,True,False,True,target_department_and_target_course,0.25
15379,2022,경북대학교,IT대학,전자공학부 모바일공학전공,머신러닝,3,1학기,3,3,0,전공,Understand a widely used machine learning algorithmApply it to the real world problemMake a report of paper format and get a peer review after presenting itTry to improve the algorithm,"추후 공지 / To be announced* 20220215 공지Textbook: 천인국, 딥러닝 Express, 생능출판, 2021.* 20220108 공지천인국, 인공지능, 인피니티북스, 2020년.",,,,True,True,False,True,False,True,target_department_and_target_course,0.25
15380,2022,경북대학교,IT대학,전자공학부 모바일공학전공,딥러닝,4,2학기,3,3,0,전공,"Python programmingnumpy, sklearn, pandas 등 다양한 관련 package 사용법","*8/12 에 강의교재 변경하였습니다. 양해 바랍니다.Part 1. Python for machine learning basics (온라인 교재) https://wikidocs.net/book/1704 공학자를 위한 Python 강의중 부족한 부분은 https://wikidocs.net/book/1 점프 투 파이썬 으로 보충함Part 2. Machine learning theories with python examples (오프라인 교재) https://www.hanbit.co.kr/store/books/look.phpp_code=B8091740296 IT CookBook, 파이썬으로 만드는 인공지능, 한빛아카데미, ISBN 9791156645085 이론 설명을 위한 부교재: https://www.hanbit.co.kr/store/books/look.phpp_code=B4606522972 기계 학습, 오일석, ISBN 9791156641582Part 3. Deep learning with PyTorch (온라인 교재) https://wikidocs.net/book/2788 PyTorch로 시작하는 딥 러닝 입문 코드는 https://github.com/jerife/DeepLearningStartingWithPytorchPart 4. Advanced applications (optional, 시간이 되면 진행하겠습니다) (오프라인 교재) https://www.hanbit.co.kr/store/books/look.phpp_code=B7628794939 만들면서 배우는 파이토치 딥러닝: 12가지 모델로 알아보는 딥러닝 응용법, 한빛미디어 ISBN 9791162244609",,,확률과정; C프로그래밍,True,True,False,True,False,True,target_department_and_target_course,0.16666666666666666
15381,2022,경북대학교,IT대학,전자공학부 모바일공학전공,신호처리 및 응용,3,1학기,3,3,0,전공,"The overarching goal of this course is to impart an understanding of the design process that underlies any design undertaking, regardless of the particular nature of the design problem. It is expected that after taking MOBI226001 a student will be able to take any design project and execute it in a systematic way, taking into consideration the broader context of design such as risk and liability, ethics, impact on society and the environment, and engineering.","신호처리 및 통신 관련 학부 과목, 그외 관련 서적 및 인터넷 자료",,,"신호처리, 통신이론",True,True,False,False,False,True,target_department_and_target_course,0.16666666666666666
15383,2022,경북대학교,IT대학,전자공학부 모바일공학전공,응용프로그래밍1,3,1학기,3,3,0,전공,고급 프로그래밍 능력 향상,Online materials,,,,True,True,False,False,False,True,target_department_and_target_course,0.25
15407,2022,경북대학교,IT대학,컴퓨터학부 글로벌소프트웨어융합전공,이산수학,1,1학기,3,3,0,전공,수학의 기본 개념과 논리 전개 방식 그리고 컴퓨터 공학에 필요한 수학의 기초에 대해 학습한다.,"* 아래 교재는 수업 준비를 위해 활용됩니다. 이산수학 및 응용, Susanna S. Epp 저",,,없음,True,False,True,False,False,True,target_department_and_foundational_course,0.16666666666666666
15409,2022,경북대학교,IT대학,컴퓨터학부 글로벌소프트웨어융합전공,확률및통계,2,1학기,3,3,0,전공,"Through this subject, we cultivate knowledge of probability and statistics.","Probability and Statistics for Engineers and Scientists (Hayter, Anthony)",,,Mathematics 1,True,False,True,False,False,True,target_department_and_foundational_course,0.16666666666666666
15410,2022,경북대학교,IT대학,컴퓨터학부 글로벌소프트웨어융합전공,확률및통계,2,1학기,3,3,0,전공,본 교과목을 통해 확률과 통계에 대한 지식을 함양한다.,"Probability and Statistics for Engineers and Scientists (Hayter, Anthony 저)",,,수학1,True,False,True,False,False,True,target_department_and_foundational_course,0.16666666666666666
15411,2022,경북대학교,IT대학,컴퓨터학부 글로벌소프트웨어융합전공,확률및통계,2,1학기,3,3,0,전공,이 과목의 주요 목적은 공학과 과학에서 이용되는 확률과 통계의 기초를 학생들에게 제공하는 것이다.,"Probability and Statistics for Engineers and Scientists (Hayter, Anthony 저)",,,수학 1,True,False,True,False,False,True,target_department_and_foundational_course,0.16666666666666666
15412,2022,경북대학교,IT대학,컴퓨터학부 글로벌소프트웨어융합전공,확률및통계,2,1학기,3,3,0,전공,The main goal of this course is to provide students with the fundamentals of probabilistic and statistical analysis commonly used in engineering and science applications.,"Probability and Statistics for Engineers and Scientists (Hayter, Anthony)",,,Mathematics 1,True,False,True,False,False,True,target_department_and_foundational_course,0.16666666666666666
15413,2022,경북대학교,IT대학,컴퓨터학부 글로벌소프트웨어융합전공,자료구조,1,2학기,3,3,0,전공필수,"기본 자료구조인 연결리스트, 스택, 큐, 트리, 그래프, 정렬, 해싱 등의 개념을 이해한다.기본 자료구조를 다양한 분야에 활용할 수 있는 능력을 기른다.응용 문제에 따라 적합한 자료구조를 선정하여 활용한다.","Horowitz, Shani, & AndersonFreed, Fundamentals of data structures in C, (2nd edition) Siliconpress.",,,프로그래밍기초 (C 또는 C++ 과목),True,True,False,False,False,True,target_department_and_target_course,0.16666666666666666
15414,2022,경북대학교,IT대학,컴퓨터학부 글로벌소프트웨어융합전공,자료구조,1,2학기,3,3,0,전공필수,기본 자료구조를 사용하여 다양한 응용에 필요한 새로운 자료구조를 정의 및 설계에 대한 지식 습득문제를 해결하기 위한 다양한 자료구조를 탐색프로그램 성능 분석 능력 지식 습득,"주교재: Horowitz, Shani, & AndersonFreed, ªFundamentals of data structures in Cª, (2nd edition) Siliconpress.부교재: C언어로 쉽게 풀어 쓴 자료구조(천인국, 공용해, 허상호), 생능출판사, 2019.",,,"기초프로그래밍, 기초프로그래밍실습",True,True,False,False,False,True,target_department_and_target_course,0.16666666666666666
15415,2022,경북대학교,IT대학,컴퓨터학부 글로벌소프트웨어융합전공,자료구조,1,2학기,3,3,0,전공필수,This course focuses on understanding the basic data structure and algorithm and applying it to solve various problems using proper data structures.,"main textbook: Horowitz,Shani,AndersonFreed,Fundamentals of datastructures in C,(2nd edition) Siliconpress.",,,C Programming,True,True,False,False,False,True,target_department_and_target_course,0.16666666666666666
15416,2022,경북대학교,IT대학,컴퓨터학부 글로벌소프트웨어융합전공,정보보호론,4,2학기,3,3,0,전공,Creativity : To study the basic concept of computer security Critical Thinking : To protect the computer throughout various techniques,"Computer security: principles and practice (3rd or 4th ed.), by William Stallings, Lawire Brwon. Cryptography and network security (4th or 5th ed), by William Stalling.",,,"System programming, Operating systems, Network programming",True,True,False,True,False,True,target_department_and_target_course,0.16666666666666666
15417,2022,경북대학교,IT대학,컴퓨터학부 글로벌소프트웨어융합전공,정보보호론,4,2학기,3,3,0,전공,창의 : 컴퓨터 시스템 보안에 대한 다양한 기법을 배운다. 비판 : 자신의 시스템을 방어하기 위한 다양한 기법을 배운다.,"Computer security: principles and practice (3rd or 4th ed.), by William Stallings, Lawire Brwon. Cryptography and network security (4th or 5th ed), by William Stalling.",,,"시스템프로그래밍, 운영체제, 네트워크프로그래밍",True,True,False,True,False,True,target_department_and_target_course,0.16666666666666666
15418,2022,경북대학교,IT대학,컴퓨터학부 글로벌소프트웨어융합전공,프로그래밍기초,1,1학기,6,4,4,전공필수,■ 본 교과목은 이론과목(4시간)과 실습과목(4시간)의 블록강의(총 6학점)로 진행되는 컴퓨터학부의 전공 필수 교과목임■ 본 과목에서 다루는 코딩역량은 학년이 올라가면서 배우는 모든 전공과목의 실습에 활용되는 기초과목이기에 그만큼 중요함■ 낙오자없이 모든 학생들이 수업 내용을 이해할 수 있도록 강의에 적극적으로 참여 필요■ 본 과목의 학습 성취가 학생의 전공 적응력과도 직접적으로 연관되어 있음,"주교재: C언어로 배우는 프로그래밍 기초 Perfect C, 3판, 강환수, 강환일, 이동규 지음",,,없음,True,True,False,False,False,True,target_department_and_target_course,0.16666666666666666
15419,2022,경북대학교,IT대학,컴퓨터학부 글로벌소프트웨어융합전공,프로그래밍기초,1,1학기,6,4,4,전공필수,프로그래밍 개념을 이해하고 C 언어 문법을 활용하여 다양한 문제들을 코딩할 수 있는 능력을 배양한다.,"Perfect C, 강환수 & 신용현 공저, Infinity Books, 2016",,,없음,True,True,False,False,False,True,target_department_and_target_course,0.16666666666666666
15420,2022,경북대학교,IT대학,컴퓨터학부 글로벌소프트웨어융합전공,프로그래밍기초,1,1학기,6,4,4,전공필수,C언어를 이해하고 실습함으로써 프로그래밍을 위한 논리 사고 능력을 향상한다.C언어의 기본 이론을 학습하고 배운 내용을 활용하여 프로그램을 직접 구현하는 실습을 통해 주어진 문제를 해결하기 위한 사고 능력을 함양한다.,"주교재: Perfect C (3판), 강환수 외, Infinity Books, 2021 참고 문헌: Modern C, Jens Gustedt, 2019",,,없음,True,True,False,False,False,True,target_department_and_target_course,0.16666666666666666
15421,2022,경북대학교,IT대학,컴퓨터학부 글로벌소프트웨어융합전공,프로그래밍기초,1,1학기,6,4,4,전공필수,. 주어진 문제를 컴퓨터적 사고로 분석 및 표현하고 창의적으로 해결하는 능력을 배양한다.. C 프로그래밍 응용력 향상을 위해 다양한 실습과제들을 수행한다.,"Perfect C, 강환수, 강환일, 이동규 공저, Infinity Books, 2021 (2016)",,,없음,True,True,False,False,False,True,target_department_and_target_course,0.16666666666666666
15422,2022,경북대학교,IT대학,컴퓨터학부 글로벌소프트웨어융합전공,자료구조응용,1,2학기,3,2,2,전공,"기본 자료구조인 연결리스트, 스택, 큐, 트리, 그래프, 정렬, 해싱 등의 개념을 이해한다.응용 분야에 따라 적합한 자료구조를 선택하는 능력을 기른다.기본 자료구조를 실제 프로그램으로 구현하는 능력을 기른다.","Horowitz, Shani, & AndersonFreed, Fundamentals of data structures in C, (2nd edition) Siliconpress.",,,프로그래밍기초 (C 또는 C++),True,True,False,False,False,True,target_department_and_target_course,0.16666666666666666
15423,2022,경북대학교,IT대학,컴퓨터학부 글로벌소프트웨어융합전공,자료구조응용,1,2학기,3,2,2,전공,기본 자료구조를 사용하여 다양한 응용에 필요한 새로운 자료구조를 정의하고 구현 기술을 습득다양한 분야의 문제를 해결하기 위한 융합기술에 대한 능력을 향상,"주교재: Horowitz, Shani, & AndersonFreed, ªFundamentals of data structures in Cª, (2nd edition) Siliconpress.부교재: C언어로 쉽게 풀어 쓴 자료구조(천인국, 공용해, 허상호), 생능출판사, 2019.",,,"기초프로그래밍, 기초프로그래밍실습",True,True,False,False,False,True,target_department_and_target_course,0.16666666666666666
15424,2022,경북대학교,IT대학,컴퓨터학부 글로벌소프트웨어융합전공,자료구조응용,1,2학기,3,2,2,전공,본 과목을 통하여 자료구조 시간에 배운 이론을 직접 프로그래밍하여 적용할 수 있도록 한다.,"주교재: Horowitz, Shani, & AndersonFreed, ªFundamentals of data structures in Cª, (2nd edition) Siliconpress.",,,프로그래밍기초,True,True,False,False,False,True,target_department_and_target_course,0.16666666666666666
15425,2022,경북대학교,IT대학,컴퓨터학부 글로벌소프트웨어융합전공,자바프로그래밍,2,1학기,3,2,2,전공,자바 언어를 이용하여 다양한 응용 프로그램을 작성할 수 있다.,"[Textbook]Main(주 교재): Absolute Java, 6th ed. Walter Savitch, Pearson (2016) (amazon에서 available)Sub(보조 교재): How to Program Java, 11th ed. Pearson (2018) [References]https://wikidocs.net/211http://codingbat.com/java/https://docs.oracle.com/en/java/javase/15/",,,COMP204; COME301; COME331,True,True,False,False,False,True,target_department_and_target_course,0.16666666666666666
15426,2022,경북대학교,IT대학,컴퓨터학부 글로벌소프트웨어융합전공,자바프로그래밍,2,1학기,3,2,2,전공,"객체지향프로그램의 기본 개념(클래스, 추상클래스, 인터페이스, 상속, 다형성 등)을 잘 이해한다.실습을 통해 프로그래밍 실력을 향상시기키고 문제해결 능력을 기른다.","주교재 : H. M. Deitel, P. J. Deitel , Java How to Program (Early Objects), Global Edition, 11th Edition, Pearson.참고문헌 : 기타 자바 관련 서적들",,,프로그래밍기초,True,True,False,False,False,True,target_department_and_target_course,0.16666666666666666
15428,2022,경북대학교,IT대학,컴퓨터학부 글로벌소프트웨어융합전공,운영체제,2,2학기,3,3,0,전공필수,"This course introduces the basic concepts of operating systems, which include process management, memory management, file systems, and I/O management. This course also provides a detailed explanation of how those concepts are designed and implemented in modern operating systems. In addition, this course provides a set of comprehensive programming homework and laboratories to help students improve practical programming skills in UNIXlike operating systems (e.g., GNU/Linux).","Operating Systems: Three Easy Pieces, by Remzi H. ArpaciDusseau, Andrea C. ArpaciDusseau(reference) Operating System Concepts, by Abraham Silberschatz, Peter Baer Galvin, Greg Gagne(reference) Operating Systems Internals and Design Principles, by William Stallings",,,"C programming, Computer architecture",True,True,False,True,False,True,target_department_and_target_course,0.16666666666666666
15429,2022,경북대학교,IT대학,컴퓨터학부 글로벌소프트웨어융합전공,운영체제,2,2학기,3,3,0,전공필수,컴퓨터 전반에 대한 시스템을 관리하는 중요 운영체제의 기본 개념과 이론을 학습한다.,"Operating Systems: Internals and Design Principles, Global E. William Stallings. Pearson. 2015References:Operating System Concepts, Silberschatz, Galvin, Gagne, Wiley. 2019Operating Systems: Three Easy Pieces, Remzi H.ArpaciDusseau Andrea C. ArpaciDusseau. 2020",,,"Computer Architectures, Data Structure, System Programming,",True,True,False,True,False,True,target_department_and_target_course,0.16666666666666666
15432,2022,경북대학교,IT대학,컴퓨터학부 글로벌소프트웨어융합전공,인공지능,4,1학기,3,3,0,전공,"최첨단 연구 분야에 대한 문제 해결을 위한 범용적 도구인 인공지능 프로그래밍 스킬을 익히고, 기존 기술을 비판적으로 사고할 수 있는 능력을 기르는 것을 목표로 합니다. 이를 통해 궁극적으로는 현존하는 데이터 뿐 아니라 새로운 데이터 타입과 규모가 등장하더라도 어떠한 인공지능 기법이 필요할 지를 분석하고 예측할 수 있는 능력을 갖는 것을 목표로 합니다.","주교재 : 하나의 교재로 특정하기 어려움에 따라, 아래의 부교재와 참고문헌을 활용한 강의자료를 주교재로 사용함.부교재 * 파이썬으로 만드는 인공지능, 오일석, 이진선, 한빛아카데미, 2021* 인공지능 파이썬으로 배우는 머신러닝과 딥러닝, 천인국, 인피니티북스, 2020* HandsOn Machine Learning with ScikitLearn, Keras, and TensorFlow: Concepts, Tools, and Techniques to Build Intelligent Systems, 2nd Edition, Aurelien Gero, 2019* 텐서플로 케라스를 이용한 딥러닝 제2판, 박유성, 자유아카데미, 2021* 케라스 창시자에게 배우는 딥러닝, 프랑소와 숄레 지음 | 박해선 옮김, 길벗, 2018* [온라인] 케라스 코드예제, https://keras.io/examples/",,,"이산수학, 대화형 프로그래밍기초(파이선 프로그래밍), 데이터과학기초",True,True,False,True,False,True,target_department_and_target_course,0.16666666666666666
15433,2022,경북대학교,IT대학,컴퓨터학부 글로벌소프트웨어융합전공,인공지능,4,1학기,3,3,0,전공,It aims students to have a powerful skill of artificial intelligence to resolve the cuttingedge techniques and to have ability of thinking how to criticize the existing methods.,"(Not any book that can completely cover this course, but takes large portion)Textbook:* 파이썬으로 만드는 인공지능, 오일석, 이진선, 한빛아카데미, 2021* 인공지능 파이썬으로 배우는 머신러닝과 딥러닝, 천인국, 인피니티북스, 2020* HandsOn Machine Learning with ScikitLearn, Keras, and TensorFlow: Concepts, Tools, and Techniques to Build Intelligent Systems, 2nd Edition, Aurelien Gero, 2019* 텐서플로 케라스를 이용한 딥러닝 제2판, 박유성, 자유아카데미, 2021* 케라스 창시자에게 배우는 딥러닝, 프랑소와 숄레 지음 | 박해선 옮김, 길벗, 2018* (online): https://keras.io/examples/",,,"Discrete Mathematics, Interactive Programming for Beginners (or Python Programming), Introduction to Data Science",True,True,False,True,False,True,target_department_and_target_course,0.16666666666666666
15434,2022,경북대학교,IT대학,컴퓨터학부 글로벌소프트웨어융합전공,모바일앱프로그래밍1,3,2학기,3,2,2,전공,실생활에 적용 가능한 스마트폰 앱을 직접 개발하고 이를 통해 다양한 문제를 분석하고 해결할 수 있다. 다양한 전공지식을 활용하여 스마트폰 앱을 개발하는데 적용하고 통합적으로 주어진 문제를 해결할 수 있다.,"1. 주교재Do it. 깡샘의 안드로이드 앱프로그래밍 with 코틀린 (이지스퍼블리싱, 강성윤, 2022년 1월 출간)2. 보조교재Do It. 코틀린 프로그래밍 (이지스 퍼블리싱, 황영덕)이것이 안드로이드다 with 코틀린 (한빛미디어, 고돈호)",,,자바 프로그래밍,True,True,False,False,False,True,target_department_and_target_course,0.16666666666666666
15435,2022,경북대학교,IT대학,컴퓨터학부 글로벌소프트웨어융합전공,컴퓨터구조,4,2학기,3,3,0,전공,창의: 컴퓨터 구조와 동작 원리에 대한 기본적인 이해,"교재:David Patterson, John Hennessy, ªComputer Organization and Design RISCV Edition: The Hardware Software Interface,ª The Morgan Kaufmann.",,,논리회로,True,True,False,True,False,True,target_department_and_target_course,0.16666666666666666
15438,2022,경북대학교,IT대학,컴퓨터학부 글로벌소프트웨어융합전공,컴퓨팅사고와 SW코딩,1,2학기,3,2,2,전공,"* 파이썬 (Python) 기본 문법을 익히고, 컴퓨팅적 사고능력을 신장할 수 있는 문제들을 직접 해결하여 봅니다.* 대표적인 알고리즘(선택/삽입 정렬, 이분탐색, 미로찾기, 홀수/짝수 및 소수 판정하기 등)을 통해서, 전통적인 전산학 관련 문제들의 해결 방식을 배우고 이를 응용하는 문제들도 직접 해결해봅니다.",수업에서 강의 교안(슬라이드 등) 및 기타 참고 문서 등 제공별도의 부교재 등은 추후 안내,,,없음,True,True,False,False,False,True,target_department_and_target_course,0.16666666666666666
15439,2022,경북대학교,IT대학,컴퓨터학부 글로벌소프트웨어융합전공,컴퓨팅사고와 SW코딩,1,2학기,3,2,2,전공,"컴퓨터 과학을 본격적으로 전공하기 위해 필요한 컴퓨팅 사고력을 키우고, 파이썬 언어를 활용한 코딩 실습을 통해 문제해결 능력을 향상시킨다.","주 강의자료: LMS에서 PDF 파일로 제공됨참고교재:문제해결과 컴퓨팅 사고, 천인국, 인피니티북스, 2017년.Computational Thinking & 창의적 문제 해결 방법론, 한국컴퓨터교육학회, 이한미디어, 2014년.컴퓨팅 사고: 소프트웨어를 위한 문제해결, Rilley & Hunt, 인피니티북스, 2017년.",,,프로그래밍기초,True,True,False,False,False,True,target_department_and_target_course,0.16666666666666666
15441,2022,경북대학교,IT대학,컴퓨터학부 글로벌소프트웨어융합전공,창의융합설계,1,2학기,3,2,2,전공,"창의 IT 융합을 위한 창의적 해결 능력과 상상력을 키우고 적용하는 기술 습득하여 프로젝트에 적용함 융합 IT와 타학문의 소프트웨어 기반 융합 역량을 고양하기 위한 프로젝트 실습 수행 태도 프로젝트를 진행하면서 팀원들과 의견 조율하고 소통하며, 프로젝트 발표를 통해 발표하는 태도를 학습함",웹으로 강의 자료 배포,,,기초 프로그래밍,True,False,True,False,False,True,target_department_and_foundational_course,0.16666666666666666
15444,2022,경북대학교,IT대학,컴퓨터학부 글로벌소프트웨어융합전공,오픈소스프로그래밍,2,1학기,3,2,2,전공,Development skills to fluently use opensource software systems.Communication skills to work together with other developers in the world.,"Refactoring: Improving the Design of Existing Code, AddisonWesley Professional; 1st editionPro Git, Apress; 1st ed. editionJoel on Software, Apress; 2004. Corr. 3rd edition The Art of Readable Code: Simple and Practical Techniques for Writing Better Code, OªReilly Media; 1st edition",,,"Software Computational Thinking, Data Structure",True,True,False,False,False,True,target_department_and_target_course,0.16666666666666666
15446,2022,경북대학교,IT대학,컴퓨터학부 글로벌소프트웨어융합전공,오픈소스프로그래밍,2,1학기,3,2,2,전공,융합: 다양한 오픈소스프로젝트들을 기반으로 여러 기능들을 융합하여 자신만의 프로젝트를 수행하면서 전반적인 이론을 이해한다.,파워포인트 강의자료 (http://lms.knu.ac.kr/),,,"C/C++, Python",True,True,False,False,False,True,target_department_and_target_course,0.16666666666666666
15448,2022,경북대학교,IT대학,컴퓨터학부 글로벌소프트웨어융합전공,알고리즘실습,2,1학기,3,2,2,전공필수,주어진 문제를 해결할 수 있는 절차를 명확하게 정의할 수 있는 알고리즘 설계 역량을 키운다.,"Richard E. Neapolitan, Foundations of Algorithms 5th Edition. Jones and Bartlett. 2015.(번역판) Richard E. Neapolitan, 도경구 역. 알고리즘 기초 5판. 홍릉과학출판사. 2017.",,,"프로그래밍기초, 자료구조/자료구조응용",True,True,False,True,False,True,target_department_and_target_course,0.16666666666666666
15451,2022,경북대학교,IT대학,컴퓨터학부 글로벌소프트웨어융합전공,컴퓨터망프로그래밍,2,2학기,3,2,2,전공,네트워크 기술의 기본 내용을 이해하고 TCP/IP 기반의 네트워크 프로그램을 개발할 수 있다.,"1. 주교재윤성우의 열혈 TCP/IP 소켓프로그래밍2. 보조교재Introduction to the Internet : Computer Networking: A TopDown Approach, J. F. Kurose and K.W. Ross",,,"C 프로그래밍, 시스템 프로그래밍",True,True,False,False,False,True,target_department_and_target_course,0.16666666666666666
15454,2022,경북대학교,IT대학,컴퓨터학부 글로벌소프트웨어융합전공,스타트업설계,4,1학기,3,3,0,전공,"창의적으로 문제 해결 아이디어를 도출하고, 팀원들과 적극적인 소통을 통해 혁신적인 문제 해결방법을 도출하는 역량을 키운다.",수업 시간에 필요한 자료 제공,,,없음,True,False,True,False,False,True,target_department_and_foundational_course,0.16666666666666666
15459,2022,경북대학교,IT대학,컴퓨터학부 글로벌소프트웨어융합전공,고급웹프로그래밍,4,1학기,3,2,2,전공,"웹 개발 기술들을 이해하고, 다양한 분야에서 웹서비스 개발 능력을 기른다.",교재: TBD,,,자바프로그래밍,True,True,False,False,False,True,target_department_and_target_course,0.16666666666666666
15463,2022,경북대학교,IT대학,컴퓨터학부 데이터과학전공,기계학습개론,4,2학기,3,3,0,공학전공,"본 수업은 기계학습에 대한 모델 중심의 이론, 코드, 최신 동향을 소개합니다. 또한 최첨단 연구 분야에 대한 문제 해결을 위한 강력한 도구인 기계학습 스킬을 익히고, 기존 기술을 비판적으로 사고할 수 있는 능력을 기르는 것을 목표로 합니다. 이를 통해 궁극적으로는 현존하는 데이터 뿐 아니라 새로운 데이터 타입과 규모가 등장하더라도 어떠한 기계학습 스킬이 필요할 지를 분석하고 예측할 수 있는 능력을 갖는 것을 목표로 합니다.","주교재 : 하나의 교재로 특정하기 어려움에 따라, 아래의 부교재와 참고문헌을 활용한 강의자료를 주교재로 사용함.부교재 * 핸즈온 머신러닝 : 사이킷런, 케라스, 텐서플로 2를 활용한 머신러닝, 딥러닝 완벽 실무[2판], 옮긴이 박해선, 한빛미디어, 2020* 오일석, 기계학습, 한빛아카데미, 2017* 조태호, 모두의 딥러닝, 길벗, 개정2판, 2020",,,"데이터과학기초, 대화형 프로그래밍기초(파이선 프로그래밍), 인공지능",True,True,False,True,False,True,target_department_and_target_course,0.16666666666666666
15464,2022,경북대학교,IT대학,컴퓨터학부 데이터과학전공,기계학습개론,4,2학기,3,3,0,공학전공,It aims students to have a powerful skill of machine learning to resolve the cuttingedge techniques and to have ability of thinking how to criticize the existing methods.,"(Not any book that can completely cover this course, but takes large portion)* HandsOn Machine Learning with ScikitLearn, Keras, and TensorFlow: Concepts, Tools, and Techniques to Build Intelligent Systems, 2nd Edition, Aurelien Gero, 2019* 오일석, 기계학습, 한빛아카데미, 2017* 조태호, 모두의 딥러닝, 길벗, 개정2판, 2020",,,"Introduction to Data Science, Interactive Programming for Beginners (Python Programming)",True,True,False,True,False,True,target_department_and_target_course,0.16666666666666666
15466,2022,경북대학교,IT대학,컴퓨터학부 데이터과학전공,컴퓨터비전,4,2학기,3,3,0,공학전공,"컴퓨터비전의 광범위한 요소 기술들을 학습한다. . 영상 생성, 카메라 기하학, 특징점 추출, 특징점 매칭, 스테레오, 모션 추정, 추적 . 기계학습 및 딥러닝 기법을 통한 영상 분류 및 영상 이해",Computer Vision: Algorithms and Applications by Richard Szeliski 본 교재는 온라인(http://szeliski.org/Book/)에서 무료로 제공됨,,,"자료구조, 선형대수, 알고리즘 과목을 선수과목으로 함",True,True,False,True,False,True,target_department_and_target_course,0.16666666666666666
15468,2022,경북대학교,IT대학,컴퓨터학부 플랫폼소프트웨어전공,인공지능,4,1학기,3,3,0,공학전공,1. Understand the principals of Artificial Intelligence2. Understand algorithms including learning methods for implementing artificial intelligence3. Understand how to solve practical problems using AI algorithms4. Learn how to use Python libraries for machine learning and artificial intelligence,"Reference books:Artificial Intelligence: A Modern Approach, 4th ed. by Stuart Russell and Peter NorvigDeep Learning by Ian Goodfellow and Yoshua Bengio and Aaron CourvilleIntroduction to Machine Learning, MIT Press, by Ethem AlpaydinPattern Classification 2/E by Duda , Richard O./ Hart, Peter E./ Stork, David G.Pattern Recognition and Machine Learning (Information Science and Statistics) by Christopher M. Bishop",,,"Linear algebra, Pogramming language, Pthon programming, Statistics",True,True,False,True,False,True,target_department_and_target_course,0.16666666666666666
15475,2022,경북대학교,IT대학,컴퓨터학부 플랫폼소프트웨어전공,모바일앱프로그래밍2,4,1학기,3,2,2,공학전공,스위프트 언어의 문법을 잘 이해하여 프로그램을 작성할 수 있다.SwiftUI의 MVVM 디자인 패턴을 잘 이해하고 적용할 수 있다.팀프로젝트를 통해 다양한 분야의 융합 능력 및 팀원 간 협업 능력을 향상시킨다.,"1. Stanford CS193p: Developing Apps for iOShttps://cs193p.sites.stanford.edu/https://www.youtube.com/playlistlist=PLpGHT1n4mAsxuRxVPv7kj4dQYoC3VVu https://www.youtube.com/playlistlist=PLpGHT1n4mAtTj9oywMWoBx0dCGd51_yG 2. Tacademy Swift Programming https://tacademy.skplanet.com https://www.youtube.com/playlistlist=PL9mhQYIlKEheAkAxX53qlTjjWK93Xd2pf3. Do it! 스위프트로 아이폰 앱 만들기(입문), 개정4판, 송호정 & 이범근 지음, 이지스퍼블리싱4. (핵심만 골라 배우는) SwiftUI 기반의 iOS 프로그래밍, 닐 스미스 지음, 황반석 옮김5. 스위프트 프로그래밍 :Swift5 :객체지향, 함수형, 프로토콜 지향 패러다임까지 한 번에!, 야곰 지음",,,객체지향프로그래밍 관련 과목,True,True,False,False,False,True,target_department_and_target_course,0.16666666666666666
15476,2022,경북대학교,IT대학,컴퓨터학부 플랫폼소프트웨어전공,무선네트워크,4,2학기,3,3,0,공학전공,"After taking this course successfully, students will be able to master the basics of wireless networks, such as wireless transmission medium, wireless transmission protocols, multiplexing technologies, cellular concept, etc.","1. “Wireless Communications,” Andreas F. Molisch2. ntroduction to wireless & mobile systems,ªD arma Prakash Agrawal",,,Computer networks,True,True,False,False,False,True,target_department_and_target_course,0.16666666666666666
15477,2022,경북대학교,IT대학,컴퓨터학부 플랫폼소프트웨어전공,무선네트워크,4,2학기,3,3,0,공학전공,Understanding the basics of wireless networksUnderstanding the protocols regarding wireless networks for the students majoring in Computer Science and EngineeringUnderstanding the advanced wireless technologies in 5G and beyond,"1. ""Wireless Communications,"" Andreas F. Molisch2. ""Introduction to wireless & mobile systems,"" Darma Prakash Agrawal",,,"Computer networks, data communications",True,True,False,False,False,True,target_department_and_target_course,0.16666666666666666
15481,2022,경북대학교,IT대학,컴퓨터학부 플랫폼소프트웨어전공,종합설계프로젝트2,4,1학기,4,3,2,공학전공,각 팀은 전공(Computer Science and Engineering)관련 소프트웨어 시스템을 개발하는 프로젝트를 수행한다.,없음,,,기초창의공학설계,True,False,True,False,False,True,target_department_and_foundational_course,0.16666666666666666
15482,2022,경북대학교,IT대학,컴퓨터학부 플랫폼소프트웨어전공,종합설계프로젝트2,4,2학기,4,3,2,공학전공,각 팀은 전공(Computer Science and Engineering)관련 소프트웨어 시스템을 개발하거나 연구하는 프로젝트를 수행한다.,없음,,,프로그래밍 관련 교과목들,True,False,True,False,False,True,target_department_and_foundational_course,0.16666666666666666
15994,2022,경상국립대학교,경영대학,경영정보학과,데이터베이스시스템,3,1학기,3,2,1,전공필수,"오늘날 기업에서는 기업 경영에 사용되는 다양한 데이터들을 효율적이고 관리하기 위해 데이터베이스 시스템을 사용하고 있다. 본 수업을 통해 (1) 데이터베이스 기초 이론, (2) 데이터베이스 설계 및 모델링, (3) SQL질의 및 4) DBMS 실습 등에 관한 내용을 학습한다. 본 강의에서는 MS사의 Access를 활용하여 테이블 작성, SQL 작성, 폼 및 보고서 작성 등을 실습하고 학사관리시스템을 구축해 봄으로써 데이터베이스 시스템에 관한 이해를 높이고자 한다. (참고: 본 강의계획서의 일부 내용은 변경될 수 있으며 수업 첫 시간때 최종 확정된 강의계획서를 전달하고자 한다.)",김연희/데이터베이스 개론 2판/한빛아카데미,,김지연/데이터베이스 기초와 실습 액세스 2013/한빛아카데이,,False,True,False,True,True,True,strong_ai_cs_course_outside_target_department,0.16666666666666666
16008,2022,경상국립대학교,경영대학,경영정보학과,데이터마이닝,3,2학기,3,2,1,전공선택,"본 수업을 통해 학생들은 데이터마이닝 분석 기법에 대해 학습한다. 데이터 전처리 방법, 군집분석, 연관규칙분석, 분류분석 등에 대해 학습하며, 오픈 분석 프로그램인 Weka를 활용하여 실습을 진행한다. 또한 학생들은 팀 프로젝트를 통하여 비즈니스 문제 해결에 필요한 예측 모형을 개발하고, 이를 발표 및 토론하는 시간을 가진다. (※ 수업시간 이외 실습이 필요한 학생들은 201동 302호를 이용하기 바랍니다.)",유동희/강의자료(PPT) 배포/홈페이지에서 다운로드,,"유동희, 최근호/Weka를 활용한 데이터 마이닝, 데이터 분석의 기초부터 분석 방법 설계까지(2021)/혜명,이안 위튼, 아이베 프랭크, 마크 홀 (이승현 옮김)/데이터 마이닝 DATA MINING 데이터 속 숨은 의미를 찾는 기계 학습의 이론과 응용 (2013)/에이콘 출판사",,False,True,False,True,True,True,strong_ai_cs_course_outside_target_department,0.16666666666666666
16011,2022,경상국립대학교,경영대학,경영정보학과,데이터베이스시스템종합설계및구현,3,2학기,3,1,2,전공선택,"데이터베이스시스템 기반의 응용 프로그램을 설계 및 개발하는 것을 목적으로 하며, MySQL를 활용한 프로그래밍 사례를 학습하고 프로토타입 시스템을 설계 및 개발함본 과목은 기업연계 캡스톤디자인 프로젝트가 포함된 수업으로 신성장 산업의 맞춤형 인재 양성을 목표로 ""유니드, ㈜하이스마트, 경남신용보증재단, (주)모듈링크, ㈜마엇"" 기업/기관 등과 산학 연계하여 DBMS(Database Management system) 분석 및 설계 기술을 토대로 기업 내 제품서비스 인프라 구축을 위한 데이터베이스 설계/프로토타입 시스템 개발을 위한 효율적인 방안에 대해 산업현장과 사회에서 요구하는 문제해결·협업·실무능력 등을 갖추고 학생의 역량강화와 기업의 경쟁력 제고를 학습 목표로 한다.해당 프로젝트 수행을 위해 경영정보학과 전용실습실(201동 302호)을 함께 활용한다.(실습실 사용시 경영정보학과 사무실 문의 필요)",김연희/데이터베이스 개론(3판)/한빛아카데미(주),,우재남/이것이 MySQL이다/한빛미디어,,False,True,True,True,True,True,strong_ai_cs_course_outside_target_department,0.16666666666666666
16017,2022,경상국립대학교,경영대학,경영정보학과,빅데이터분석,3,1학기,3,1,2,전공선택,"This class introduces the concept of data science and the basic skills required to do big data analytics with Python.It will request you to find previous research, search useful datasets, and form research questions about the data.It will request you to perform basic data analysis, answer your research questions, and present your findings.","Wes McKinney/Python for Data Analysis/O'Reilly Media,웨스 맥키니/김영근/파이썬 라이브러리를 활용한 데이터 분석(2판)/한빛미디어",,"Andrew Bruce and Peter C. Bruce/Practical Statistics for Data Scientists/O'Reilly Media,Jake VanderPlas/Python Data Science Handbook/O'Reilly Media",,False,True,False,True,True,True,strong_ai_cs_course_outside_target_department,0.16666666666666666
16048,2022,경상국립대학교,경영대학,경영정보학과,정보보안관리,4,1학기,3,3,0,전공선택,"4차 산업혁명과 메타버스, NFT, SNS 등의 기술이 우리 사회에 중요한 부분으로 자리 잡고 있지만, 이와 함께 “보안위협”에 대한 관심과 요구도 증가하고 있다. 본 강의의 목적은 IT지식이 없는 초보자의 관점에서 보안에 대한 기초 지식을 배우고, 사이버 보안 위협에 신속하게 대응할 수 있는 능력을 함량하는 데 있다.이를 위해 정보 보호의 기본 개념과 정보 보호를 위한 IT,네트워크 기초 지식, 그리고 사이버 위협에 대응하는 방법 등에 대해 초보자의 관점에서 쉽고 재미있게 학습하며, 이를 통해 한 학기 수업 후 정보 보호 관리에 대한 전반적인 지식을 배양할 수 있는 것으로 생각된다.",장상수/4차 산업혁명의 정보보호 개론/생능출판사,,양대일/정보보안 개론/한빛미디어,,False,True,False,True,True,True,strong_ai_cs_course_outside_target_department,0.16666666666666666
16053,2022,경상국립대학교,경영대학,경영정보학과,경영빅데이터분석개론,2,1학기,3,3,0,전공선택,"빅데이터분석의 개념, 접근방향 및 분석과정 등에 대한 기본적인 지식을 학습함으로써빅데이터분석 분야에 대한 기본적인 통찰력을 가질 수 있는 지식을 정리하도록 한다.실제 빅데이터분석에 필수 수단인 분석 프로그래밍 언어(파이썬)를 활용한 분석의 실행경험을통하여 분야의 기초역량을 가지도록 한다.데이터 요약, 탐색, 시각화, 선형회귀모형, 분류 및 군집 등에 대해 파이썬을 적용해 봄으로써빅데이터 분석의 실행과정에 대해 경험하도록 한다.","/강의 유인물/,강지영/파이썬으로 시작하는 데이터 분석 /아이리포",,/관련 서적(수업중 소개)/,,False,True,False,True,True,True,strong_ai_cs_course_outside_target_department,0.16666666666666666
16061,2022,경상국립대학교,경영대학,경영정보학과,데이터분석모형과활용,4,2학기,3,3,0,전공선택,"‘데이터분석 모형과 활용’이라는 교과목의 개발을 위해서는, 다음 두 영역을 충분히 조사하여 분석 및 정리하는 것이 필요하다.(1) 빅데이터 분석에 활용되는 다양한 데이터 분석기법(분석모형)들의 이론적 정리(2) 빅데이터 분석기법의 이론을 실현할 수 있는 실제 소프트웨어 구현 및 활용위 (1)을 위해서는 관련되는 여러 분야의 분석기법들의 이론이나 알고리즘 등을 조사 및 정리할 수 있는 참고문헌과 자료들을 분류하여 정리하고, 학생들이 가능한 한 쉽게 이해할 수 있는 수준으로 정리하여 제시하는 것이 필요할 것이다. 그리고 (2)를 위해서는 (1)에서 정리한 제 분석기법 각각 대하여 현실성 있는 사례문제(사례 데이터)를 조사하여 제시하고, 직접 소프트웨어 활용하여 분석 및 평가하는 과정을 접하고 실습할 수 있도록 소프트웨어 활용과정을 정리하도록 한다.",지원철/빅데이터AI를 위한 데이터과학(필요시 조정 또는 변경)/민영사,/강의유인물/,,,False,True,False,True,True,True,strong_ai_cs_course_outside_target_department,0.16666666666666666
17208,2022,경상국립대학교,공과대학,전기공학과,전기전자응용실험2,3,2학기,3,0,3,전공필수,마이크로 콘트롤러 기본 개념 이해마이크로 콘트롤러 응용 능력 배양각종 센서의 원리 및 응용 능력 배양팀 활동에 따른 협동심 및 발표력 배양,김경연/아두이노 완전정복/복두출판사,,,"필수선수과목 : 공학프로그래밍 언어,추천선수과목 : 디지털시스템, 전기전자응용실험1",True,False,True,False,False,True,target_department_and_foundational_course,0.16666666666666666
17211,2022,경상국립대학교,공과대학,전기공학과,전기전자실험1,2,1학기,2,0,2,전공필수,"전기공학의 기초적이고 중요한 여러가지 이론들을 다양한 기자재를 이용한 실험을 통해 습득하고, 향후 전기공학관련 실무에 적용할 수 있는 응용능력을 배양한다.",윤길중/기초전기전자실험/복두출판사,,"C.R.Paul, K.W.Whites,S.A.Nasar/Introduction to Electromagnetic Fields (3rd edn.)/McGrawHill,D.K.Cheng/Fundamentals of Engineering Electromagnetics/AddisonWesley,F.D.Ulaby/Fundamentals of Applied Electromagnetics (1999 edn.)/PrenticeHall, Inc.,Z.Popovic,B.D.Popovic/Introductory Electromagnetics/PrenticeHall, Inc.,정동규/기초전기전자회로실험/인터비전",,True,False,True,False,False,True,target_department_and_foundational_course,0.16666666666666666
17229,2022,경상국립대학교,공과대학,전기공학과,전기전자실험2,2,2학기,2,0,2,전공필수,커패시터 및 인덕터 특성 이해교류회로 개념 이해전기회로설계 능력 배양 오실로스코프 및 함수발생기 사용능력 배양다이오드 및 트랜지스터 기본 특성 및 응용 능력 배양,"김태형/자체 수업교재/,박성희외5/전기전자제어공학도용 기초실험/동일출판사",,,추천선수과목 : 전자공학1,True,False,True,False,False,True,target_department_and_foundational_course,0.16666666666666666
17235,2022,경상국립대학교,공과대학,전기공학과,회로망및선형시스템,4,1학기,3,0,3,전공선택,선형 제어 시스템의 원리를 이해하고 시뮬레이션 능력을 키운다.,/프린트물/,,,필수선수과목 : 없음,True,True,False,False,False,True,target_department_and_target_course,0.16666666666666666
17236,2022,경상국립대학교,공과대학,전기공학과,전력전자시스템설계,4,1학기,3,2,1,전공선택,"전력전자는 전기/전자/제어공학에서 배운 여러 교과목을 기초로 가정, 산업체 등 사회에서 요구하는 실제적인 응용에 대한 전기시스템을 다루는 융합학문이다. 본 강의는 3학년에 다른 전력전자공학를 기초로 하여 응용력을 배양할 수 있도록 전력품질, 반도체스위칭소자, 전력전자 개념, 정류 전력변환회로, DC/AC 젼력변환회로, 직류/직류 전력변환회로 등을 스위칭조건에 따른 에너지 흐름을 정확히 이해하고 이를 시뮬레이션해석을 통하여 검증하여 전력변환시스템을 이해할 수 있도록 강의를 진행하여 수강한 모든 학생들이 4차산업혁명의 중심이 되는 전력전자공학에 대한 이해도를 높이고자 한다.",/미정/,,,"필수선수과목 : 회로해석론(전기회로, 회로이론),추천선수과목 : 전력전자공학",True,False,True,False,False,True,target_department_and_foundational_course,0.16666666666666666
17238,2022,경상국립대학교,공과대학,전기공학과,창의적공학설계(어드벤처디자인),1,1학기,2,2,0,전공필수,"본 강의는 공학설계와 관련된 문제의 인식과 정의로 부터 시작하여 개념화를 거쳐 상상한 것을 제품으로 만들기 위한 계획으로 바꾸는 과정과 제품이 사용되는 동안 유지/보수하는 과정에 이르기까지 설계과정의 핵심적인 내용들을 다룬다. 공학 강의시간에 접한 순수 해석적 관점의 문제와는 달리 설계와 관련된 개방형 문제들을 해결하기 위한 기본 공학설계 능력을 배양하는데 목적을 두고 있다.수업은 비대면을 원칙으로 하되, 코로나 억제 상황에 따라 대면으로 전환할수 있음.",김은경/창의적공학설계/한빛,,,,True,False,True,False,False,True,target_department_and_foundational_course,0.25
17239,2022,경상국립대학교,공과대학,전기공학과,종합설계,4,1학기,2,2,0,전공필수,"3학년까지 공부한 이론과 실험경험을 바탕으로 설계과제를 수행한다. 최대 7인으로 팀을 구성하며, 과제는 자율적으로 정한다. 정한 과제를 중심으로 토의 및 중간발표 등을 통해 의사전달 능력을 기르고, 과제 수행과정에서 팀웤 능력을 배양한다.",/각 종 전자회로 설계집/,,,"추천선수과목 : 회로이론, 전자공학, 전기기기",True,False,True,False,False,True,target_department_and_foundational_course,0.16666666666666666
17243,2022,경상국립대학교,공과대학,전기공학과,회로해석론1,2,1학기,3,3,0,전공선택,기본적인 전기회로의 계산법과 선형회로망 해석법에 대하여 다룬다. 상급 학년에서 다루게 될 타 교과목들과의 연계성을 위하여 제반정리 및 이론에 관한 개념 파악에 역점을 둔다. 실제계에 대한 적용과 많은 연습 문제 풀이를 통하여 이해를 돕도록한다.,/프린트/,,김용권외 4인/회로이론 9판/퍼스트북,필수선수과목 : 없음,True,True,False,False,False,True,target_department_and_target_course,0.08333333333333333
17245,2022,경상국립대학교,공과대학,전기공학과,회로해석론2,2,2학기,3,3,0,전공선택,본 교과목은 전기공학 입문자를 대상으로 회로해석의 핵심 개념들에 대해 강의한다. 특히 전기회로의 교류 해석법 및 삼상 교류회로에 대해 강의한다. 또한 다양한 문제풀이를 통해 학습자의 회로해석능력을 함양한다.,"최윤식/IT CookBook, 기초 회로이론(개정 2판)/한빛아카데미","김용권 외 5인/회로이론 9판(개정판)/퍼스트북,방성완/IT CookBook, 처음 만나는 회로이론(2판)/한빛아카데미",,추천선수과목 : 회로해석론 1,True,True,False,False,False,True,target_department_and_target_course,0.08333333333333333
17251,2022,경상국립대학교,공과대학,전기공학과,디지털시스템,3,1학기,3,3,0,전공필수,"이진수 체계와 부울대수의 기본개념에 대해서 이해 한다.조합논리회로, 순차논리회로 등의 디지털회로의 해석 및 설계 방법을 교육한다.본 강의의 목적을 요약하면 다음과 같다.1. 이산 수 체계 및 부울대수의 이해2. 조합논리회로의 해석 및 설계3. 순차논리회로의 해석 및 설계",임석구 외 1명/처음 만나는 디지털 논리회로/한빛아카데미,,,,True,True,False,False,False,True,target_department_and_target_course,0.25
17275,2022,경상국립대학교,공과대학,전기공학과,자동제어1,3,1학기,3,3,0,전공선택,"제어계 해석에 필요로 되는 전달함수, 상태방정식, 신호흐름선도, 안정도 등에 대하여 강의한다. 개념 파악에 중점을 두어 실 계통 설계시에 바로 응용이 가능하도록 하며, 많은 연습문제를 통하여 이해를 돕도록 한다. 아울러 컴퓨터를 이용한 제어계 해석 법에 대하여 다루고, 실계통인 직류모터에 대한 해석을 행하여 본다.","Nise/Control Systems Engineering 6판/Wiley,/프린트/",,,,True,True,False,False,False,True,target_department_and_target_course,0.25
17281,2022,경상국립대학교,공과대학,전기공학과,공학수학1,2,1학기,3,3,0,전공선택,"工學系의 基本科目인 微積分學을 基礎로하여 微分方程式, Laplace變換, 線形代數, 벡터微積分 등의 基礎的인 性質 및 解法을 다루며 실제 電氣回路 및 電磁氣理論에 나오는 問題들을 檢討하고, 관계되는 제반 理論들의 應用 能力을 배양한다.",신흥교/전기공학도를 위한 공학수학/도서출판 홍릉,,"A Croft, R. Davison, M. Hargreaves/Engineering MathematicsA Modern Foundation for Electronic, Electrical and Control Engineers/AddisonWesley Publishing Co. Inc.,D. G. Zill, W. S. Wright/Advanced Engineering Mathematics 4th ed./Johns and Bartlett Pub. LLC,E. Kreyszig/Advanced Engineering Mathematics 10th ed./John Wiley & Sons, Inc.,P. V. O'Neil/Advanced Engineering Mathematics/Nelson, a Division of Thomson Canada Limited,S. Karni, W. J. Byatt/Mathematical Methods in Continuous and Discrete Systems/CBS Publishing","필수선수과목 : 없음,추천선수과목 : 수학 1, 2",True,False,True,False,False,True,target_department_and_foundational_course,0.08333333333333333
17287,2022,경상국립대학교,공과대학,전기공학과,공학수학2,2,2학기,3,3,0,전공선택,"工學系의 基本科目인 微積分學을 基礎로하여 微分方程式, Laplace變換, 線形代數, 벡터微積分 등의 基礎的인 性質 및 解法을 다루며 실제 電氣回路 및 電磁氣理論에 나오는 問題들을 檢討하고, 관계되는 제반 理論들의 應用 能力을 배양한다.",신흥교/전기공학도를 위한 공학수학/도서출판 홍릉,,"A Croft, R. Davison, M. Hargreaves/Engineering MathematicsA Modern Foundation for Electronic, Electrical and Control Engineers/AddisonWesley Publishing Co. Inc.,D. G. Zill, W. S. Wright/Advanced Engineering Mathematics 4th ed./Johns and Bartlett Pub. LLC,E. Kreyszig/Advanced Engineering Mathematics 10th ed./John Wiley & Sons, Inc.,P. V. O'Neil/Advanced Engineering Mathematics/Nelson, a Division of Thomson Canada Limited,S. Karni, W. J. Byatt/Mathematical Methods in Continuous and Discrete Systems/CBS Publishing","필수선수과목 : 없음,추천선수과목 : 수학 1, 2",True,False,True,False,False,True,target_department_and_foundational_course,0.08333333333333333
17314,2022,경상국립대학교,공과대학,전자공학과,AI기초,3,1학기,3,3,0,전공선택,"본 강의에서는 기계학습의 기본 개념과 원리, 모델 구조, 학습 알고리즘 및 관련 지식을 학습 한다. 나아가, 딥러닝(deep learning), CNN, RNN, Reinforced 러닝의 원리를 배운다. Matlab 을 이용한 실습을 통하여 여러가지 공학적인 문제를 해결할 수 있다.",/클래스노트/,,,추천선수과목 : 공업수학,True,True,False,True,False,True,target_department_and_target_course,0.16666666666666666
17315,2022,경상국립대학교,공과대학,전자공학과,자동제어,3,2학기,3,3,0,전공선택,"자동제어 관련 이론과 문제 해결 기법을 학습한다. 제어공학의 기본 수학 및 제어시스템 모델링 방식을 이해한 후, 제어시스템의 성능 분석 및 안정성 해석을 위한 다양한 기법들을 학습한다.",김성중/제어공학(핵심이 보이는)/한빛아카데미,,,,True,True,False,False,False,True,target_department_and_target_course,0.25
17316,2022,경상국립대학교,공과대학,전자공학과,집적회로설계및실습,4,2학기,3,0,3,전공선택,EDA 툴을 활용한 Full Custom IC design 실습,"/강의용 ppt/,이병진/Cadence Virtuoso를 이용한 Full Custom IC Design/21세기사",,,"추천선수과목 : 회로이론, 전자회로, 아날로그회로, 디지털회로",True,True,True,False,False,True,target_department_and_target_course,0.16666666666666666
17318,2022,경상국립대학교,공과대학,전자공학과,기초전자공학실험,2,1학기,3,0,3,전공필수,"본 교과목은 전자공학을 전공하고자 하는 공학도들에게 기초가 되는 회로의 동작원리 및 장비의 사용방법을 익히기 위한 것으로, 저항, 캐패시터, 인덕터 등 기본 수동소자의 배선실험 및 주파수 응답특성 등을 실험한다. 실험 교과목을 통하여 관련 이론과 실험결과를 비교 분석하는 능력을 학습한다.","Zbar, Rockmaker, Bates/기초회로실험/한올(McGraw Hill Education)",,,추천선수과목 : 물리,True,False,True,False,False,True,target_department_and_foundational_course,0.16666666666666666
17321,2022,경상국립대학교,공과대학,전자공학과,전자회로실험,2,2학기,3,0,3,전공필수,실험을 통한 PN다이오드의 동작 특성 이해실험을 통한 MOSFET의 동작 특성의 이해실험을 통한 MOSFET ampilfier의 동작 이해,이강윤/단계별로 배우는 전자회로 실험 : 기본 소자 부터 응용 회로까지/한빛아카데미,,,추천선수과목 : 물리전자,True,True,True,False,False,True,target_department_and_target_course,0.16666666666666666
17326,2022,경상국립대학교,공과대학,전자공학과,디지털시스템설계및실습,3,1학기,3,0,3,전공필수,"전자공학의 기초지식을 이수한 학생들에게 논리 및 디지털회로에 대한 전반적인 기초이론과 실험을 행한다. 다음으로 이들을 응용한 디지털 시스템을 설계하고 실험을 하여 그 동작과 기능을 확인함으로서 산업체에서 바로 적용이 가능한 기술을 습득하도록 한다.본 과목은 2학점 2시간으로 구성되며, 우선 각 실험내용에 대하여 이론강의를 한 후, 이를 바탕으로 실제로 각 디지털 소자를 이용하여 디지털 회로를 완성하고, 측정장치들에 의하여 그 결과를 확인한다. 본 과목에서는 디지털 기본 회로들에 대한 실습을 행한 후, 시계칩 설계 프로젝트를 수행하여 실제 보드레벨의 디지털 시스템 설계기술도 익히게 된다. 이 프로젝트를 성공적으로 수행한 학생들은 산업체에서 적용 가능한 디지털 응용 설계 능력을 갖추게 된다.","이재곤, 이성렬/디지털 실험/신화전산기획",,,추천선수과목 : 디지털공학,True,True,True,False,False,True,target_department_and_target_course,0.16666666666666666
17328,2022,경상국립대학교,공과대학,전자공학과,통신시스템설계및실습,3,1학기,3,0,3,전공필수,통신시스템에서 요구되는 다양한 신호처리 기법을 컴퓨터 실습을 통하여 학습한다. 파이썬 프로그래밍을 이용한 기초적인 통신신호처리 기법을 학습한 후 신호를 검출하는 실제적인 통신신호처리 과제를 수행한다.,/강의자료/,,,,True,True,True,False,False,True,target_department_and_target_course,0.25
17331,2022,경상국립대학교,공과대학,전자공학과,반도체설계개론,2,1학기,3,3,0,전공선택,"전자기술, 컴퓨터기술 등의 발전으로 도래한 정보화 사회는 우리 삶을 혁신적으로 변화시키고 있다. 이러한 기술 가운데 고속, 대용량 정보처리의 핵심이 되는 반도체 집적회로 기술은 매우 빠르게 발전하고 있으며, 최근 전공자나 산업현장 기술자뿐만 아니라 일반인들에게도 점차 많은 관심을 끌고 있다. 본 교과목에서는 반도체 집적회로의 필요성, 기본이론, 설계방식 그리고 반도체 산업 등의 집적회로 설계에 관련된 전반적인 지식을 강의한다. 또한, 간단한 집적회로 설계 툴을 소개하고, 집적회로 설계를 시연함으로서 집적회로 설계에 관한 실무능력도 개발한다.",담당교수/강의용 자료/파워 포인트 자료,,"Floyd/Electronic Devices(8/e)/Prentice Hall,Weste, Harris/CMOS VLSI Design/Addison Wesley,강구창/반도체제대로이해하기/지성사",추천선수과목 : 전자공학 개론,True,True,True,False,False,True,target_department_and_target_course,0.08333333333333333
17337,2022,경상국립대학교,공과대학,전자공학과,전자회로,3,1학기,3,3,0,전공선택,"전자회로에 필요한 여러 반도체 소자의 물리를 이해하고, 이를 기반으로 바이폴라 증폭기, CMOS 증폭기 및 연산 증폭기를 이해하고 해석한다. 또한, 능동 부하와 캐스코드로 차동쌍을 구성하는데 필요한 배경지식인 캐스코드 단과 전류 거울을 다룬다.",Behzad Razavi/마이크로 전자회로 (Microelectronics)/한티미디어,,"Adel S. Sedra, Kenneth C. Smith/Microelectronic Circuits/Oxford University Press","추천선수과목 : 물리전자, 회로해석론",True,True,False,False,False,True,target_department_and_target_course,0.08333333333333333
17345,2022,경상국립대학교,공과대학,전자공학과,통신시스템,3,1학기,3,3,0,전공선택,"신호 및 선형시스템의 해석을 위한 이론 학습 및 파이썬 프로그래밍 실습을 수행한 후 아날로그 신호를 전송하는 통신시스템의 구조 및 잡음 특성을 학습한다. 아날로그 신호의 디지털 변환, 기초적인 디지털 전송 방식에 대하여 학습한다.","S. Haykin, M. Moher/Haykin의 통신이론/한티미디어",/강의자료/,,추천선수과목 : 신호 및 시스템,True,True,False,False,False,True,target_department_and_target_course,0.08333333333333333
17347,2022,경상국립대학교,공과대학,전자공학과,아날로그집적회로설계,4,1학기,3,3,0,전공선택,"고성능 첨단 반도체 제품의 핵심인 아날로그 집적회로에 대한 이해와 설계 능력을 배양한다. 전자회로에서 배운 반도체 소자의 특성을 파악하고 아날로그 시스템이 요구하는 기능을 이해하여 반도체 및 CMOS 소자들의 특성을 바탕으로 연산증폭기, 기준전압원, 증폭기, 전류 미러, 데이터 컨버터 등의 핵심 아날로그 집적회로를 학습하고, 산업체의 요구 사양에 맞는 회로를 설계할 수 있는 능력을 배양한다.",김대정외 2인(라자비 원저)/아날로그 CMOS 집적회로설계(2판)/Mc Graw Hill,,"P.E.Allen, D.R.Holberg/CMOS Analog Circuit Design/OXFORD","추천선수과목 : 반도체 설계개론, 디지털집적회로설계, 전자회로",True,True,True,False,False,True,target_department_and_target_course,0.08333333333333333
17349,2022,경상국립대학교,공과대학,전자공학과,컴퓨터구조,3,1학기,3,3,0,전공선택,"컴퓨터 구조는 디지털 컴퓨터의 여러 기능 모듈들의 구조 및 동작 그리고 데이터 처리를 위하여 이들이 어떻게 상호 작용하는지를 배우는 과목이다.본 과목에서는 디지털 논리 기초, 유한상태 기계 개요 그리고 컴퓨터 구조의 고급주제에 대하여 다룬다. 즉 명령어 집합 구조, 컴퓨터 조직, CPU, 레지스터 전송 언어 및 입.출력 구성과 병렬처리 등을 강의한다. 강의 중 최근 이슈가 되고 있는 컴퓨터 구조에 대하여 소개한다.",김종현/컴퓨터구조론/생능출판사,,,,True,True,False,True,False,True,target_department_and_target_course,0.25
17350,2022,경상국립대학교,공과대학,전자공학과,신호처리,3,2학기,3,3,0,전공선택,"회로해석론과 신호 및 시스템 과목을 이수한 학생들에게 디지털 신호처리에 대한 개념과 방법을 이수하게 하는데 목적이 있다. 주요강의 내용은 디지털 신호처리의 범위 및 개념, 시간영역 분석, 주파수영역분석, IIR필터설계, FIR필터설계, DFT 및 FFT 등이다.",이철희/디지털 신호 처리/한빛아카데미,,,"추천선수과목 : 회로해석론, 신호 및 시스템",True,True,False,False,False,True,target_department_and_target_course,0.16666666666666666
17351,2022,경상국립대학교,공과대학,전자공학과,신호및시스템,3,1학기,3,3,0,전공선택,"신호, 시스템, 신호처리 등에 대한 기본개념과 특성을 분석하는 능력을 배양한다. 이를 위해 연속신호와 이산신호의 시간 및 주파수 영역에서의 분석, Fourier급수, Fourier 변환, 라플라스 변환등과 같은 기본적인 신호의 처리방법에 대하여 학습한다.",이철희/기초 신호 및 시스템/한빛아카데미,,,"추천선수과목 : 회로해석론 1,2",True,True,False,False,False,True,target_department_and_target_course,0.16666666666666666
17352,2022,경상국립대학교,공과대학,전자공학과,전자회로응용,3,2학기,3,3,0,전공선택,"캐스코드와 전류 거울에 대한 이해차동 증폭기의 특징 및 대신호, 소신호 동작의 이해기본 증폭기의 주파수 응답의 이해귀환 회로의 이해발진기 및 아날로그 필터의 소개",김철우 외 6인 공역/마이크로전자회로 RAZAVI Microelectronics(2nd)/한티미디어,,,,True,True,False,False,False,True,target_department_and_target_course,0.25
17353,2022,경상국립대학교,공과대학,전자공학과,디지털집적회로설계,3,2학기,3,3,0,전공선택,디지털 집적회로의 기초 이론 및 각 디지털 블럭 설계디지털 집적회로의 설계 소프트웨어의 사용디지털 집적회로의 공정 이론,신경욱저/CMOS 디지털 집적회로 설계/한빛아카데미,,"Jan M, Rabaey/Digital Integrated Circuits/Prentice Hall,김대정역/초미세 공정을 이용한 디지털 집적회로 해석 및 설계/한빛 아카데미,박홍준저/CMOS 디지털 집적회로 설계/홍릉과학 출판사,조준동저/최신 VLSI 설계/한빛 아카데미","추천선수과목 : 반도체설계 개론, 디지털공학",True,True,True,False,False,True,target_department_and_target_course,0.08333333333333333
17363,2022,경상국립대학교,공과대학,전자공학과,회로해석론1,2,1학기,3,3,0,전공필수,"The central theme of Circuit Analysis 1 is the concept that electric circuits are part of the fabric of modern technology.This course contains electric cicuit variables, circuit elements, resistive circuits, methods of analysis of resistive circuits, circuit theorems, the operational amplifier, energy storage elements, the complete response of RL and RC circuits, and the complete response of circuits with two energy storage elements.","R.C. Dorf/Introduction to electric circuits, 9th edition/Wiley",,,,True,True,False,False,False,True,target_department_and_target_course,0.25
17364,2022,경상국립대학교,공과대학,전자공학과,회로해석론2,2,2학기,3,3,0,전공필수,1. Understanding of AC signal and power2. Frequency response3. Laplace transform and Fourier transform4. Filter circuit for frequency selection,"JAMES A. SVOBODA, RICHARD C. DORF/INTRODUCTION TO ELECTRIC CIRCUITS/WILEY",,,필수선수과목 : 회로해석론1,True,True,False,False,False,True,target_department_and_target_course,0.16666666666666666
17367,2022,경상국립대학교,공과대학,전자공학과,공학수학1,2,1학기,3,3,0,전공선택,"대학 1학년에서 다루었던 수학 1과 수학 2에서 배운 미적분학의 내용을 바탕으로 공업수학을 공부한다. 공업수학은 공학의 각 분야에서 다양하게 이용될 수 있는 수학의 영역을 말한다. 공학의 각 분야에서 필수적으로 알아야 할 상미분방정식, 선형대수, 벡터, 편미분방정식, 수치해석, 복소변수중 1학기 과목인 공학수학1에서는 미분방정식의 기초, 2계 선형미분방정식, 미분방정식의 급수해, 라플라스 변환, 행렬과 행렬식, 벡터와 공간도형에 대해 배운다.",권길현 외 12인/KREYSZIC 공업수학/범한서적주식회사,,"강신민 외 16인/미분적분학/경문사,공업수학교재편찬위원회/핵심 공업수학/북스힐,김찬중/길잡이 공업수학/범한서적주식회사","필수선수과목 : 수학1, 수학2,추천선수과목 : 기본수학",True,False,True,False,False,True,target_department_and_foundational_course,0.08333333333333333
17380,2022,경상국립대학교,공과대학,전자공학과,선형대수학,3,2학기,3,3,0,전공선택,전자공학의 여러 분야에 활용되는 선형성에 대해 논하는 선형대수를 소개한다.아래와 같은 개념들에 대해 강의하고 이러한 개념들이 전자공학에 어떻게 활용되는지 소개한다. 1. Matrix operation2. Vector space3. Orthogonality4. Determinants,Gilbert Strang/Linear algebra and its applications/Brooks Cole,,,,True,False,True,False,False,True,target_department_and_foundational_course,0.25
17381,2022,경상국립대학교,공과대학,전자공학과,VerilogHDL디지털회로설계,4,1학기,3,1,2,전공선택,디지털 시스템의 설계 기초부터 Verilg 하드웨어 서술 언어를 이용한 설계방법을 익힌다.,"Charles Roth, Lizy Kurian John, Byeong Kil Lee/Verilog를 이용한 디지털 시스템 설계/Cengage",,,,True,True,True,False,False,True,target_department_and_target_course,0.25
17384,2022,경상국립대학교,공과대학,전자공학과,프로그래밍실습,2,1학기,3,0,3,전공선택,"전자공학 분야에서 요구되는 기본적인 프로그래밍 기법들을 학습한다. 모바일 기기, 임베디드 시스템 등 프로그래밍 환경 변화에 대한 고려 사항들을 실습한다.",우재남/C언어 for Beginner (개정3판)/한빛아카데미,,,,True,True,False,False,False,True,target_department_and_target_course,0.25
17385,2022,경상국립대학교,공과대학,제어계측공학과,전기회로1,2,1학기,3,3,0,전공선택,"전기회로의 해석에 관련된 기본 개념을 파악하고, 회로해석에 필요한 법칙과 정리를 학습하며, 예제를 통하여 기본적인 회로해석 방법을 학습함으로써, 전기회로의 해석 및 설계 능력을 배양하고 현장실무능력에 필요한 기본적 회로 지식을 습득한다.",박중조/전기회로/교안,,,,True,True,False,False,False,True,target_department_and_target_course,0.25
17386,2022,경상국립대학교,공과대학,제어계측공학과,전기회로2,2,2학기,3,3,0,전공선택,"전기회로에 관련된 다양한 개념을 파악하고, 회로해석에 필요한 각종 법칙과 정리들을 학습하며, 예제를 통하여 주요한 회로의 해석법을 습득함으로써 전기회로의 해석 및 설계능력을 배양한다. 강의내용으로는 교류회로해석 및 전력, 회로망의 일반해석 밥칙, 유도회로, 3상회로, 필터회로등에 대한 전반적인 원리를 다룬다.",/자체교재/,,,추천선수과목 : 전기회로1,True,True,False,False,False,True,target_department_and_target_course,0.16666666666666666
17388,2022,경상국립대학교,공과대학,제어계측공학과,전자회로공학1,2,2학기,3,3,0,전공선택,"전력전자 공학은 일반가정의 전자 제품에서부터 산업용 기기 등을 구동하기 위한 전기 에너지의 효과적인 변환을 위한 전력 변환 회로기술 및 제어를 다루는 학문이다. 더욱이, 4차산업혁명과 더불어 그린에너지와 전기 자동차의 급속한 발전으로 전력전자에 대한 관심이 높아지고 있다. 본 강의에서는 다양한 전력변환기의 원리를 이해하고, 이를 바탕으로 전력변환기의 동작과 특징을 학습한다.","강문식, 신경욱/전자회로 핵심개념부터 응용까지/한빛 미디어",,"Robert Botkestad 외 1명/electronic devices and circuit theory/홍릉출판사,강영국/개념이 잡히는 디지털 전자회로/한빛미디어",,True,True,False,False,False,True,target_department_and_target_course,0.16666666666666666
17391,2022,경상국립대학교,공과대학,제어계측공학과,전자회로공학2,3,1학기,3,3,0,전공선택,"★ 강의 소개 ★전자회로공학2(Electronic Circuits 2)에서는 전자회로공학1에서 배운 반도체기초, 다이오드 회로, BJT에 이어서 다음에 대해서 학습한다.우선 전기/전자/제어 분야에 있어서 스위칭 소자와 집적회로에 주로 사용되는 FET에 대해서 다룬다. FET의 기초인 JFET를 우선적으로 학습하며 이후 집적회로에 주로 사용되는 공핍형 MOSFET와 전력용 반도체 스위칭 소자로 사용되는 증가형 MOSFET에 대하여 다룬다. 여기서는 3가지에 대하여 모두 학습을 하지만 학과의 특성에 맞게 증가형 MOSFET에 초점을 맞춰서 수업을 진행한다.다음으로 전기/전자/제어 회로의 성능에 영향을 미치는 필터에 대하여 알아본다. 전기회로2에서 배운 수동필터를 기반으로 전자회로공학2에서는 능동필터에 대하여 다룬다. 여기에서는 공학수학1에서 배운 라플라스 변환 기법이 활용된다.이후 본 교과목을 배우는 이유 중 하나인 연산증폭기(Op. Amp.)에 대하여 다룬다. 연산증폭기의 경우 센서회로에서 가장 기본이 되는 회로이고 앞 써 배운 모든 내용을 종합적으로 고려하고 공핍형 MOSFET를 활용한 집적회로를 구성하면 연산증폭기가 되며 이를 학습함으로써 제어를 위한 센싱에 대하여 학습할 수 있다.마지막으로 연산증폭기 응용회로를 다룸으로써 본 강의를 마무리 한다.★ 학습목표 ★FET ConceptFET Bias and Amplifier AnalysisOp. Amp. Fundamental and ApplicationBJT and FET Frequency Response","Robert L. Boylestad, Louis Nashelsky (공역: 김수원 외)/전자회로 (11/e)/도서출판 홍릉",,조규형/전자회로특론/도서출판 홍릉,,True,True,False,False,False,True,target_department_and_target_course,0.16666666666666666
17393,2022,경상국립대학교,공과대학,제어계측공학과,제어공학1,3,1학기,3,3,0,전공선택,"제어공학는 제어계측공학 전공학생들이 제어공학에 대한 전공지식을 습득할 수 있도록 하기 위해 두 학기로 구성하여 강의를 진행한다.본 학기에는 제어공학의 개념, 수학적 모델링, 상태변수 모델, 궤환제어시스템의 특성 및 성능, 시스템의 상대안정도에 대해 다루고 현대제어 기술자에게 실무적인 제어공학에 대한 기초지식을 습득하고 또한 발표능력을 향상시킬 수 있도록 하여 제어계측공학 자질을 갖출 수 있도록 한다.본 강의는 학생지향형 강의방식으로 진행하여 응용능력을 향상시킴을 최대 목적으로 한다.",/미정/,,"B.C. Kuo/Automatic Control Systems/Wiley,G.F. Franklin (역)한도영/동적시스템 자동제어, 6판/한티미디어,N.S. Nise (역)박진배/제어시스템공학/홍릉과학출판사,강철구 역자/현대제어공학/사이텍미디어,김종식 외 3인/제어시스템설계/청문각,김종식/선형제어시스템공학/청문각,김종식/시스템모델링및제어/교보문고,이균경, 정은태/최신제어시스템, 11판/Pearson Education","추천선수과목 : 공학수학, 전기회로(회로이론)",True,True,False,False,False,True,target_department_and_target_course,0.08333333333333333
17402,2022,경상국립대학교,공과대학,제어계측공학과,제어공학2,3,2학기,3,3,0,전공필수,"4차산업혁명 시대에의 진입에 의해 제어공학/제어시스템/자동제어 역활이 중요시 되고 있고, 산업현장에서는 제어시스템의 구성, 모델링 및 해석, 설계, 성능최적화에 대한 문제는 더욱 그 중요성을 더하고 있어 차지하는 비중도 점차 확대되고 있는 추세이다. 따라서 제어공학에 대한 기초 및 응용, 고전 및 현대제어이론 기법까지 이해하고 구현하는 기법에 대한 이해가 필요하다.제어공학에 대한 전공지식을 습득할 수 있도록 하기위해 두 학기로 구성하였고. 본 학기에는 주파수영역에서의 안정도판별법 및 현대제어공학의 기본요소을 다루어 공학인들에게 필요한 제어공학의 기초지식을 제공하고자 한다. 본 강의를 수강하기 위해서는 수학적인 기초지식과 함께 회로해석능력을 갖추는 것을 전제로 해야 한다.1. 제어공학의 중요성 인식 / 고전제어기법의 안정도판별법 및 현대제어기법의 기초지식습득2. 과제물은 주로 예습위주로 제시 / 과제물작성시, 자신이 발표할 수 있을정도로 이해하면서 작성3. 고등학교와 같이 주입방식을 탈피하며 자발적이고 발표를 통한 토론식 강의로 진행 / 능동적 자세필요",김종식 외 3인/제어시스템설계/청문각,,"Benjamin C. Kuo, Farid Golnaraghi/Automatic Control Systems 8th edition/WILEY,Richard C. Dorf, Robert H. Bishop / 이균경, 정은태 옮김/최신제어시스템(Modern Control Systems) 10판/Pearson Education,강철구 역자/현대제어공학/사이텍미디어","추천선수과목 : 전기회로 혹은 회로이론, 공학수학, 제어공학1",True,True,False,False,False,True,target_department_and_target_course,0.08333333333333333
17406,2022,경상국립대학교,공과대학,제어계측공학과,디지털논리회로,3,1학기,3,3,0,전공필수,"이진수 체계와 부울대수의 기본개념에 대해서 이해 한다. 조합논리회로, 순차논리회로 등의 디지털회로의 해석 및 설계 방법을 교육한다.본 강의의 목적을 요약하면 다음과 같다.1. 이산 수 체계 및 부울대수의 이해2. 조합논리회로의 해석 및 설계3. 순차논리회로의 해석 및 설계",임석구 외 1명/처음 만나는 디지털 논리회로/한빛아카데미,,,,True,True,False,False,False,True,target_department_and_target_course,0.25
17407,2022,경상국립대학교,공과대학,제어계측공학과,마이크로프로세서공학,3,2학기,3,3,0,전공필수,"마이크로프로세서의 기본구조와 개념을 이해하고 미이크로프로세서 시스템의 설계와 응용에 대해서 공부한다. 마이크로컴퓨터의 기본구조, ALU구조, 어드레싱기법, 디코딩회로, 디지털 및 아날로그 인터페이스에 대해서 다룬다.",/C어어로 배우는 8051 마이크로 프로세서/한빛비디어,,"Ayala/Microcontroller 8051/Thompson,K.L. Short/Microprocessors and programmed logic/청문각",필수선수과목 : 회로해석론1,True,True,False,False,False,True,target_department_and_target_course,0.08333333333333333
17410,2022,경상국립대학교,공과대학,제어계측공학과,전자회로실험,3,1학기,2,0,4,전공필수,★ 강의 소개 ★전자회로실험(Electronic Circuit Lab.)은 이론 교과목인 전자회로공학 1/2에서 배운 내용을 바탕으로 실제 실험을 수행하여서 검증해보는 과목이다.본 교과목은 우선 실험에 앞 써 이론적인 부분에 대한 고찰을 하고 이를 토대로 실제 실험을 수행하여 이론적인 검증을 한다.매 실험 수업 진행에 앞 써 실험수행자는 예비레포트를 통해서 이론적인 부분에 대한 검증을 예습(이론 교과목의 복습)하고 실제 실험을 수행한 후 결과 보고서를 작성한다.본 교과목은 실험수업으로써 이론시간에 배운 지식을 바탕으로 실험을 수행하며 실험시간에는 이론적인 설명을 생략한다.(실험 수업시간에 예비 학습에 대한 공부를 하는 학생은 F학점),이정훈/전자회로실험 (2/e)/,,"Robert L. Boylestad, Louis Nashelsky (공역: 이적식 외)/전자회로실험 (11/e)/도서출판 홍릉",,True,True,True,False,False,True,target_department_and_target_course,0.16666666666666666
17415,2022,경상국립대학교,공과대학,제어계측공학과,로봇공학,4,1학기,3,3,0,전공선택,"본 교과목에서는 4차 산업혁명의 핵심부품인 지능로봇 본체 및 첨단 부품에 대해 배운다. 특히, 오늘날 산업 현장에 필수적인 메니플레이트의 정기구학을 행렬식 표현, 정기구학의 행렬의 해를 구하는 역기구학 해법등 다루므로 산업용로봇의 손(핸드)의 미소 움직임을 해석할 수 있는 능력을 배양한다. 그리고 단순한 산업용로봇이 해결하지 못하는 것을 지능을 포함하는 PC 기반 지능형 산업용 로봇에 대해 공부한다. 그리고 로봇의 정기구학식과 역기구학식을 유도하고, 소프트웨어를 이용하여 시뮬레이션을 실시한다.",문승민외5인/지능형 로봇공학/사이텍미디어,,,"필수선수과목 : 선형대수학, 공학수학",True,True,False,False,False,True,target_department_and_target_course,0.16666666666666666
17423,2022,경상국립대학교,공과대학,제어계측공학과,디지털제어공학,4,1학기,3,3,0,전공선택,"디지털제어공학은 디지털 특성을 이해하고, 디지털 제어기로 구성된 디지털제어시스템의 특성을 이해하여 설계하는 방법을 다루는 학문이다. 본 교과목의 주제는 ZTransform, Sampling, Discrete System, stability, Discrete PID 등에 대하여 익힌다. 또한 주어진 조건에 맞는 디지털제어기를 설계하는 능력을 배양한다.","C.L.Phillips and H.T.Nagle/Digital Control System Anlaysis and Design/PrenticeHall,박진배 외/디지털제어시스템/퍼스트북",,K.Ogata/DiscreteTime Control System/,,True,True,False,False,False,True,target_department_and_target_course,0.16666666666666666
17435,2022,경상국립대학교,공과대학,제어계측공학과,공학수학1,2,1학기,3,3,0,전공선택,"공학 전반에 사용되는 기초 수학에 대하여 학습한다.세부 내용으로는 행렬과 선형대수, 1계 및 2계 미분방정식, 라플라스 변환 등의 기초 개념과 적용 방법을 배운다.",이상구 외 4명/최신 공학수학 with Sage I/한빛아카데미,,,"필수선수과목 : 수학I, 수학II",True,False,True,False,False,True,target_department_and_foundational_course,0.16666666666666666
17455,2022,경상국립대학교,공과대학,제어계측공학과,제어계측프로그래밍1,2,1학기,3,1,2,전공필수,C언어를 사용한 고급 프로그래밍 기법을 학습하고 예제와 실습 및 리포트을 통하여 프로그래밍을 훈련한다. 또한 응용 프로그래밍 능력을 배양하기 위하여 다양한 테마에 대한 응용 프로그램을 작성해 본다.,천인국/두근두근 C언어 수업/생능출판,,강환수/perfect C/인피니티북스,추천선수과목 : 공학프로그래밍언어,True,True,False,False,False,True,target_department_and_target_course,0.08333333333333333
17457,2022,경상국립대학교,공과대학,제어계측공학과,전기회로기초실험,2,2학기,2,0,2,전공필수,전기회로에 대한 기본 개념과 설계를 중심으로 이론적으로 배운 내용을 검증한다.,백주기/공학도를 위한 전기/전자/제어/통신 기초 회로 실험/성안당,,정학기/기초전기회로실험/인터비젼,추천선수과목 : 창의적공학설계,True,True,True,False,False,True,target_department_and_target_course,0.08333333333333333
17459,2022,경상국립대학교,공과대학,제어계측공학과,제어계측프로그래밍2,2,2학기,3,1,2,전공선택,"제어계측프로그래밍2에서는 C언어의 고급 기능을 다룬다.함수 및 포인터, 구조체, 동적메모리할당, 파일입출력등 다양한 고급 기술을 익히고 다양한 실습을 통하여 학습한다.",천인국/두근두근 C언어 수업/생능출판,,"김주호,신동준/비주얼C++300제/기전연구사",추천선수과목 : 제어계측프로그래밍1,True,True,False,False,False,True,target_department_and_target_course,0.08333333333333333
17461,2022,경상국립대학교,공과대학,제어계측공학과,객체지향프로그래밍,3,1학기,3,1,2,전공선택,"산업체 및 기업체에서 가장 일반적으로 사용되는 객체지향 프로그래밍인 C++를 익히고 학습한다.객체지향프로그래밍은 컴퓨터프로그래밍의 새로운 패러다임의 하나로 컴퓨터 프로그램을 명령어의 목록에서 보는 시각에서 벗어나 여러 개의 독립된 단위, 즉 ""객체""들의 모임으로 파악하고자 하는 것이다. 이러한 고급 프로그래밍인 객체지향프로그래밍은 프로그램을 유연하고 변경이 용이하게 만들기 때문에 대규모 소프트웨어 개발에 많이 사용된다. 또한 프로그래밍을 더 배우기 쉽게 하고 소프트웨어 개발과 보수를 간편하게 하며, 직관적인 코드 분석을 가능하게 하는 장점을 갖고 있다.",이현창/생각하며 배우는 C++/한빛미디어,,황준하/C++ 프로그래밍 입문/카오스북,추천선수과목 : 공학프로그래밍언어,True,True,False,False,False,True,target_department_and_target_course,0.08333333333333333
17463,2022,경상국립대학교,공과대학,제어계측공학과,디지털회로설계,3,2학기,2,0,3,전공필수,"본 강좌는 전자공학 및 디지털공학에 대한 선행학습이 필요로하며, 마이크로프로세서 및 전력전자에 대한 기초지식의 기반이 된다. 디지털 회로에 대한 이해를 돕고 실습 및 실험을 통하여 관련 수업에서 배운 동작을 직접 설계함으로써 동작 및 응용력을 극대화시킬 수 있도록 수업을 진행한다. 강의 내용은 가장 기본적인 AND, OR, NOT 게이트등를 이용하여 간단한 회로를 구성해 봄으로써 관련 기기 및 동작 방식을 익히고, 점차 고급 회로인 디코더와 인코더, 플립플롭등 핵심 디지털 회로를 직접 설계한다. 또한 카운터와 클럭을 이용한 복잡한 디지털 회로를 팀을 구성하여 직접 설계도를 작성하고 최종 디지털시스템에 대한 프로젝트를 수행함으로써 응용력을 증대시키고 관련 분야 취업시 활용가능한 회로 기술을 익힐 수 있도록 수업을 진행할 예정이다.",김태웅/디지털 회로실험/,,"M.M. Mano, C.R. Kime/Logic and Computer Design Fundamentals/Pearson,박건작/기초디지털회로실험/상학당","추천선수과목 : 회로해석론, 전자회로공학, 디지털논리회로",True,True,True,False,False,True,target_department_and_target_course,0.08333333333333333
17466,2022,경상국립대학교,공과대학,제어계측공학과,제어계측종합설계1,4,1학기,2,0,2,전공필수,"제어계측공학설계1은스마트공장관련교과목으로서PBL수업방식으로진행되고,전공과목에서배운기초학문과지식을바탕으로산업현장의적응능력을향상시키기위하여스마트공장에서사용되는스마트제조시스템에관한프로젝트(제품을설계및제작)를수행하는과목이다.산업현장에서연구개발하는방법과같이510명의학생이하나의팀으로구성되어프로젝트를수행하는방식으로수업이진행된다.학생들은제품의개념설계와제품설계방법,프로젝트수행방법,보고서작성방법,과제발표방법,등을프로젝트를실제수행하는과정에서배움으로서창의적인사고력을향상시키고산업현장에서재교육없이프로젝트를수행할수있는능력을향상시킨다.프로젝트명(문제정의)은스마트공장에서사용되는스마트제조시스템의부품을개발하는내용으로각조별로자유롭게경정하고,팀은자유롭게5~10명으로동일한수로구성하되문제가발생되면담당교수가결정한다.각학생은산업체의연구원으로서제품을설계한다는입장에서프로젝트를수행해야한다.",담당교수/창의적공학설계/,,,,True,False,True,False,False,True,target_department_and_foundational_course,0.25
17467,2022,경상국립대학교,공과대학,제어계측공학과,마이크로프로세서응용설계,4,1학기,2,0,3,전공필수,"마이크로프로세서의 기본적인 프로그래밍 방법, C 언어를 이용한 프로그래밍 방법 습득하고 PC를 이용한 통신방법, 마이크로콘트롤러를 이용한 스텝모터제어, 디스플레이장치제어, 기구제어, 계측 등의 실험을 수행한다.최종적으로 마이크로프로세서 Atmega128을 이용한 응용시스템을 설계 및 제작한다.본 강의를 통해 다음을 배울 수 있다.1. 마이크로프로세서의 구조이해2. 마이크로프로세서 명령어3. 마이크로프로세서 어셈블리프로그래밍 방법4. 마이크로프로세서 시스템 설계5. 마이크로프로세서 응용시스템 제작",자체제작/마이크로프로세서응용설계 강의노트/자체,,김진환 외/AVR Atmega128/,추천선수과목 : 마이크로프로세서공학,True,True,True,False,False,True,target_department_and_target_course,0.08333333333333333
17469,2022,경상국립대학교,공과대학,제어계측공학과,자동화시스템설계,4,1학기,2,0,2,전공선택,"자동화시스템설계는 전공과목에서 배운 기초학문 및 지식을 바탕으로 프로젝트를 진행하는 PBL 수업방식으로 진행됨.본 과목에서는 자동화시스템을 설계하기 위한 필수 요소에 대한 자료 조사 및 발표를 바탕으로, 개인별로 자동화 시스템을 설계하고 제작하여 실험적으로 검증하도록 한다.",김정은/자체 PPT 파일/,,,"필수선수과목 : 전기회로I/II, 전자회로공학I/II, 마이크로프로세서",True,False,True,False,False,True,target_department_and_foundational_course,0.16666666666666666
17470,2022,경상국립대학교,공과대학,제어계측공학과,제어계측종합설계2,4,2학기,2,0,2,전공선택,"본 과목은 신성장산업의 맞춤형 인재양성을 목표로 ㈜한국전자기술, (주)더파워랩스, (주)유니드, (주)엠디엠, (주)엠테크놀러지, (주)티에스테크, (주)젬텍 등과 산학연게하여 로봇기술, 자동화기술, ICT기술을 바탕으로 제조 및 홍보하는 방안에 대해 산업현장과 사회에서 요구하는 문제해결과 실무능력을 갖추고 학생의 역량강화와 기업의 경쟁력재고를 주요 강의내용으로 한다. 수업방식은 PBL이고, 전공과목에서 배운 기초학문과 지식을 이용하여 산업현장의 적응능력을 향상시키기 위하여 프로젝트(제품을 설계 및 제작)를 수행하는 과목이다. 산업현장에서 연구개발하는 방법과 같이 48명의 학생이 하나의 팀으로 구성되어 프로젝트를 수행하는 방식으로 수업이 진행된다. 학생들은 제품의 개념설계와 제품설계 방법, 프로젝트 수행방법, 보고서작성방법, 과제발표 방법, 등을 프로젝트를 실제 수행하는 과정에서 배움으로서 창의적인 사고력을 향상시키고 산업현장에서 재교육없이 프로젝트를 수행할 수 있는 능력을 향상시킨다.",/제어계측 전공서적(전체)/,,,추천선수과목 : 제어계측공학설계1,True,False,True,False,False,True,target_department_and_foundational_course,0.16666666666666666
17509,2022,경상국립대학교,공과대학,전기에너지공학과,전자장수치해석,2,2학기,3,3,0,전공선택,전자기이론 개념 이행전자장 수치해석 개념 이해수치해석 프로그램 사용 능력 배양다양한 해석모델 실습에 따른 응용 능력 배양,"P.P.Silvester,R.L.Ferrari/Finite Elements for Electrical Engineers (3rd edn.)/Cambridge Univ. Press",,"C.W.Steele/Numerical Computation of Electric and Magnetic Fields (2nd edn.)/Chapman & Hall,J.Jin/The Finite Element Method in Electromagnetics/John Wiley & Sons, Inc.",,True,False,True,False,False,True,target_department_and_foundational_course,0.16666666666666666
17512,2022,경상국립대학교,공과대학,전기에너지공학과,회로망및제어1,3,1학기,3,3,0,전공선택,회로의 기본 개념을 익히고 선형 제어시스템의 원리에 대하여 공부한다.,"김용권외 4이/회로이론/퍼스트북,/프린트/",,,,True,True,False,False,False,True,target_department_and_target_course,0.25
17514,2022,경상국립대학교,공과대학,전기에너지공학과,회로망및제어2,3,2학기,3,3,0,전공선택,제어시스템에 대하여 학습하고 시뮬레이션을 통하여 이해를 돕는다.,/프린트/,,,,True,True,False,False,False,True,target_department_and_target_course,0.25
17516,2022,경상국립대학교,공과대학,전기에너지공학과,메카트로닉스1,4,1학기,3,3,0,전공선택,메카트로닉스는 기계와 전자가 결합된 최신의 시스템이다. 오늘날 메카트로닉스 시스템의 핵심은 인공지능을 이용하여 센서로 부터 들어온 데이터를 이용하여 지능적인 메카트노닉스 시스템을 설계하고 구현하는 것이 가능해졌다. 본 과목은 바로 이러한 인공지능 관련 기술을 익히고 배운다.,이영호/모두의 인공지능 with 파이썬/길벗,,천인국/두근두근파이썬/생능출판,,True,True,False,False,False,True,target_department_and_target_course,0.16666666666666666
17520,2022,경상국립대학교,공과대학,전기에너지공학과,메카트로닉스2,4,2학기,3,3,0,전공선택,"메카트로닉스공학은 기계, 전기, 전자, 제어, 계측, 정보통신, 컴퓨터 및 소프트웨어의 요소기술을 창의적으로 통합하여 시스템을 설계, 제작, 제어 및 지능 프로그래밍을 수행할 수 있도록 용합기술을 제공하는 학문분야이다. 따라서 현재 국내외 산업체에서 융복합기반 기술을 확장하고 있으며 이와 같은 분야에서 전공한 엔지니어를 요구하고 있는 추세에 있다.현대사회에서 요구하는 발표능력을 향상시키기 위해 학생중심적인 토론기반 강의로 진행하여 손쉽게 이해할 수 있도록 할 예정이다.메카트로닉스 시스템센서(아날로그>디지털) 사용기법구동시스템제어알고리즘프로그래밍 기법",양경모/메카트로닉스 공학/구민사,,"Bolton (노태정 번역/메카트로닉스 4판/사이텍미디어,장승호/메카트로닉스 시스템/문운당,//",,True,True,False,False,False,True,target_department_and_target_course,0.16666666666666666
17532,2022,경상국립대학교,공과대학,반도체공학과,회로해석론1,2,1학기,3,3,0,전공선택,"회로해석론 I은 회로소자의 동작 및 특성에 대한 가장 기초적인 지식을 수업하고 이들 회로소자들의 조합으로 구성 가능한 1, 2차회로, 전력회로 등을 공부한다. 따라서 이러한 회로들의 해석을 위한 회로해석 기법들과 교류전원 및 위상해석법 그리고 정상상태 응답 등 다양한 형태의 회로구성 및 이에 대한 해석 기법들에 대한 소개와 수업이 이루어진다.","D. E. Johnson, J. L. Hilburn, J. R. Johnson, and P. D. Scott/Basic Electric Circuit Analysis, 5th edition/John Wiley & Sons Inc.",,"R. C. Dorf and J. A. Svoboda/Intorduction to Electric Circuits, 6th edition/John Wiley & Sons Inc.,W. H. Hayt and J. E. Kemmerly/Engineering Circuit Analysis, 6th ed/McGrawHill, New York, NY,","추천선수과목 : 대학수학, 공학수학",True,True,False,False,False,True,target_department_and_target_course,0.08333333333333333
17535,2022,경상국립대학교,공과대학,반도체공학과,회로해석론2,2,2학기,3,3,0,전공필수,페이저를 이용한 교류 정상상태 해석의 이해라플라스 변환과 이를 이용한 전기회로 해석주파수응답과 푸리에 변환에 대한 이해 및 회로해석에의 활용 능력 제고,"D. E. Johnson 외 3인/Basic Electric Circuit Analysis, 5th ed/John Wiley and Sons",,"R. C. Dorf 외 1인/Introduction to Electric Circuits, 6th ed./John Wiley and Sons,W. H. Hayt 외 1인/Engineering Circuit Analysis, 6th ed./McGrawHill","필수선수과목 : 회로해석론I,추천선수과목 : 공학수학I",True,True,False,False,False,True,target_department_and_target_course,0.08333333333333333
17543,2022,경상국립대학교,공과대학,반도체공학과,캡스톤디자인1,4,1학기,3,3,0,전공필수,"3학년까지의 과정에서 배웠던 회로이론, 전자회로, 전자재료, 반도체소자, 반도체 제조공정 등의 이론을 바탕으로 이들의 응용을 실제회로의 설계 및 최종 시스템을 제작함으로써 취업이나 대학원 진학후의 현장에서 이론과 실제를 겸비한 학생으로 교육하고자 한다.",양영일/종합설계방법론/디자인필,,,,True,False,True,False,False,True,target_department_and_foundational_course,0.25
17544,2022,경상국립대학교,공과대학,반도체공학과,캡스톤디자인1,4,1학기,3,3,0,전공필수,"3학년까지의 과정에서 배웠던 회로이론, 전자회로, 전자재료, 반도체소자, 반도체 제조공정 등의 이론을 바탕으로 이들의 응용을 실제회로의 설계 및 최종 시스템을 제작함으로써 취업이나 대학원 진학후의 현장에서 이론과 실제를 겸비한 학생으로 교육하고자 한다.",양영일/종합설계방법론/디자인필,,,"추천선수과목 : 전자회로실험 1, 2",True,False,True,False,False,True,target_department_and_foundational_course,0.16666666666666666
17548,2022,경상국립대학교,공과대학,반도체공학과,PBL창의융합설계,4,2학기,3,1,2,전공선택,창의융합에 대한 정의와 창의융합적 사고에 대한 이해창의융합적 사고에 기반한 시스템 설계 능력 배양,"B.A.Forouzan/ataCommunicationsandNetworking,3rded./McGrawHill,NewYork,NY",,"구자광외2인/정보통신개론/내하출판사,김응석/비주얼베이직6/대림출판사,정경환/비주얼베이직사용자를위한클라이언트/서버프로그래밍/정익사",추천선수과목 : 통신공학,True,False,True,False,False,True,target_department_and_foundational_course,0.08333333333333333
17553,2022,경상국립대학교,공과대학,반도체공학과,반도체소자,3,1학기,3,3,0,전공필수,"반도체소자를 이해하기위하여 반도체재료의 기본물성과 반도체소자의 기본인 PN접합과 다이오드의 동작과 기본특성을 다시 복습한다. 그리고 다이오드를 만들어가는 과정을 통해 반도체의 기본제조공정도 배운다. 이를 바탕으로 JFET,(junction field effect transistor), BJT(bipolar junction transistor) 의 동작특성 그리고 MOS(Metal Oxide Semiconductor) 커패시터의 동작특성과 MOSFET(MOS Field Effect Transistor)의 동작특성에 대하여 배우고 IC소자로서의 MOSFET를 공부한다.","Chenming Hu/현대반도체소자공학 2판/Pearson(한빛출판사),박기철/강의자료/자체유인물",,Streetman/고체전자공학/Pearson(도서출판영),"필수선수과목 : 물리전자 2,추천선수과목 : 물리전자 1",True,True,False,False,False,True,target_department_and_target_course,0.08333333333333333
17562,2022,경상국립대학교,공과대학,반도체공학과,디지털논리회로,3,1학기,3,3,0,전공선택,"디지털 개념 및 수의 체계, 연산 및 코드에 대해서 학습한다. 디지털 코드에서 시작해 논리게이트, 부울대수와 논리 간략화에 방법에 대해서 학습한다.","임석구, 홍경호/디지털 논리회로/한빛아카데미",,,,True,True,False,False,False,True,target_department_and_target_course,0.25
17563,2022,경상국립대학교,공과대학,반도체공학과,전자회로1,3,1학기,3,3,0,전공선택,"전자회로의 이해와 설계를 위하여 다이오드, 트랜지스터및 수동 소자의 동작을 공부한다.다이오드를 이용한 정류회로, 파형변환회로, 증배기 등에 대하여 공부하고 트랜지스터를 이용하여 여러 회로 구성에 대한 스위칭 특성, 가청신호 증폭기, 증폭기의 주파수 특성에 대하여 공부한다.",정규범/알기쉽게 풀어쓴 전자회로/문운당,,Malvino/일렉트로닉스/보성문화사,"필수선수과목 : 회로이론, 물리전자",True,True,False,False,False,True,target_department_and_target_course,0.08333333333333333
17565,2022,경상국립대학교,공과대학,반도체공학과,전자회로2,3,2학기,3,3,0,전공필수,"1. 바이폴라, MOS 트랜지스터 다단증폭기의 동작을 이해하고 증폭도가 큰 증폭기를 공부한다.2. 증폭기회로의 성는을 개선하기 위한 정전류원회로를 공부한다.3. 연산증폭기를 이용한 여파기, 미분기, 적분기를 공부한다.4. 연산증폭기를 이용한 발진회로를 공부한다.",정규범/알기쉽게 풀어쓴 전자회로/문운당,,Malvino/일렉트로닉스/보성문화사,필수선수과목 : 전자회로 1,True,True,False,False,False,True,target_department_and_target_course,0.08333333333333333
17567,2022,경상국립대학교,공과대학,반도체공학과,반도체소자설계,3,2학기,3,3,0,전공필수,"반도체 소자(PN diode, MOSFET 등)의 공정 변수에 따른 소자의 동작 특성과의 상관관계를 이해하여 전기적 특성을 예측할 수 있는 능력을 기른다.","D. A. Neamen/반도체 물성과 소자/Mc Graw Hill,김동명/반도체공학/한빛아카데미",,,"필수선수과목 : 반도체소자,추천선수과목 : 물리전자, 전자기이론",True,True,True,False,False,True,target_department_and_target_course,0.16666666666666666
17569,2022,경상국립대학교,공과대학,반도체공학과,통신공학,3,1학기,3,3,0,전공선택,"본 교과목에서는 아날로그 통신시스템의 동작과 특성에 대한 이해를 목표로 한다. 이를 위하여 우선 신호의 종류와 특성을 분석한다. 그리고 이러한 신호들의 주파수영역 해석을 위하여 푸리에 급수전개와 푸리에 변환을 공부한다. 더불어 신호의 효과적인 전달을 위한 변조방식들에 대하여 살펴보고 이들의 특성과 동작원리, 장단점 등을 구체적으로 학습한다.코로나19 확산으로 인하여 2021년도 1학기에는 비대면 동영상 강의로 진행한다.",강석근/통신공학I/네오디자인,,"R. E. Ziemer and W. H. Tranter/Principles of Communications, 5th ed/Wiley, Hoboken, NJ,,S. Haykin/Communication Systems, 4th ed/Wiley, New York, NY",추천선수과목 : 공학수학2,True,True,False,False,False,True,target_department_and_target_course,0.08333333333333333
17572,2022,경상국립대학교,공과대학,반도체공학과,집적회로설계,4,1학기,3,3,0,전공필수,"“회로이론, 논리회로, 반도체소자, 메모리”에서 회로설계에 필요한 핵심 이론들을 학습한다.",신경욱/CMOS디지털집적회로설계/한빛아카데미,,,"필수선수과목 : 회로이론, 디지털논리회로, 반도체소자, 전자회로",True,True,True,False,False,True,target_department_and_target_course,0.16666666666666666
17574,2022,경상국립대학교,공과대학,반도체공학과,공학수학1,2,1학기,3,3,0,전공선택,공학의 다방면에 활용할 수 있는 수학을 교수,조재경/공학수학이라면 만화로 공부하세요/,,/Erwin Kreyzig 9판/(범한서적),"추천선수과목 : 수학1,2",True,False,True,False,False,True,target_department_and_foundational_course,0.08333333333333333
17576,2022,경상국립대학교,공과대학,반도체공학과,공학수학2,2,2학기,3,3,0,전공선택,라플라스변환의 이해 및 응용 능력 제고푸리에 변환의 이해 및 응용 능력 제고라플라스 변환과 푸리에 변환을 이용한 미분방정식 풀이 능력 제고,조재경/공업수학이라면 이제 만화로 공부하세요/교우사,,,추천선수과목 : 공학수학1,True,False,True,False,False,True,target_department_and_foundational_course,0.16666666666666666
17585,2022,경상국립대학교,공과대학,반도체공학과,기초회로실험1,2,1학기,2,0,3,전공필수,"기초회로이론의 기초가 되는 저항성회로의 설계와 동작원리를 통하여 실험을 통하여 이해하기위하여 기본적인 계측장비의 사용법을 익히고 저항성 회로의 구성방법을 배운다. 그리고 PSpice를 배워 설계후 회로를 시뮬레이션하며, 구성된 저항회로의 전류전압특성을 실험을 통하여 측정하여 회로해석론에서 배운 이론적인 내용과 비교 분석하는 능력을 기른다. 이를 토대로 주어진 조건에 적합한 회로설계 기법과 능력을 배양한다.코로나19 확산으로 인하여 2021년도 1학기에는 비대면 동영상 강의로 진행한다.",P. B. Zbar/Basic Electricity/McGrawHill,,D.E. Jhonson/Basice Electric Circuit Analysis/Wiley,추천선수과목 : 물리학 II,True,True,True,False,False,True,target_department_and_target_course,0.08333333333333333
17586,2022,경상국립대학교,공과대학,반도체공학과,기초회로실험1,2,1학기,2,0,3,전공필수,기초회로이론의 기초가 되는 저항회로의 설계와 동작원리를 실험을 통하여 이해한다. 이를 위해 기본적인 계측장비의 사용법을 익히고 저항회로의 구성방법을 배운다. 그리고 저항회로를 응용한 회로를 설계하고 시뮬레이션하는 방법을 배우고 이를 통하여 공학설계능력을 기른다. 이를 토대로 저항회로를 분석하고 설계하는 기법과 능력을 배양한다.,P. B. Zbar/Basic Electricity/McGrawHill,,D.E. Jhonson/Basice Electric Circuit Analysis/Wiley,추천선수과목 : 물리학 II,True,True,True,False,False,True,target_department_and_target_course,0.08333333333333333
17589,2022,경상국립대학교,공과대학,반도체공학과,기초회로실험2,2,2학기,2,0,3,전공필수,전기회로의 구성과 해석방법에 대한 이해RLC 소자의 특성 이해RLC 소자를 이용한 필터회로 설계 능력 배양,"Zbar 외 2인/Basic Electricity: A TextLab Manual, 7th ed./McGrawHill",,"D.E. Jhonson 외 3인/Basic Electric Circuit Analysis, 5th ed./Wiley,R.C. Dorf 외 1인/Introduction to Electric Circuits, 6th ed./Wiley,/그 외 각종 전기회로 및 전기회로실험 관련 서적/",,True,True,True,False,False,True,target_department_and_target_course,0.16666666666666666
17591,2022,경상국립대학교,공과대학,반도체공학과,기초회로실험2,2,2학기,2,0,3,전공필수,수동소자 회로의 교류 동작 특성을 이해하고 실습을 통해 회로를 설계하고 동작 특성을 측정 및 분석하는 방법을 체득한다.,"Zbar 외 2인/Basic Electricity: A TextLab Manual, 7th ed./McGrawHill",,"D.E. Jhonson 외 3인/Basic Electric Circuit Analysis, 5th ed./Wiley,R.C. Dorf 외 1인/Introduction to Electric Circuits, 6th ed./Wiley,/그 외 각종 전기회로 및 전기회로실험 관련 서적/",,True,True,True,False,False,True,target_department_and_target_course,0.16666666666666666
17597,2022,경상국립대학교,공과대학,반도체공학과,전자회로실험1,3,1학기,2,0,3,전공필수,접합 다이오드의 특성을 이해하고 다이오드의 기본회로를 익히며 바이폴라 트랜지스터와 FET의 특성을 실험을 통하여 배운다. 증폭기의 원리와 특성 및 주파수 응답에 대해 공부한다.,"김정규, 박기철/반도체 공학도를 위한 전자회로/문운당",,Zbar 외/Basic Electronics/McGrawHill,"필수선수과목 : 회로이론,추천선수과목 : 전자회로, 물리전자",True,True,True,False,False,True,target_department_and_target_course,0.08333333333333333
17601,2022,경상국립대학교,공과대학,반도체공학과,전자회로실험2,3,2학기,2,0,3,전공필수,"1. 전자회로에서 배운 회로들의 동작을 파형의 관찰을 통해 검증한다.2. 함수발생기, 정전압원, 오실로스코프 등의 전자회로 검증에 필요한 장비의 사용에 익숙해진다.3. 설계를 통해 회로를 설계하고, 검증하고 구현하는 과정을 공부한다.4. 설계발표를 통해 발표와 경청에 대하여 경험하고 기술을 익힌다.","김정규, 박기철/반도체 공학도를 위한 전자회로실험/문운당",,Bogart and Brown/Experiments in Electronic Device and Circuits(6Th ed.)/Prentice Hill,"필수선수과목 : 전자회로실험1,추천선수과목 : 전자회로1",True,True,True,False,False,True,target_department_and_target_course,0.08333333333333333
17605,2022,경상국립대학교,공과대학,반도체공학과,컴퓨터프로그래밍언어,3,1학기,3,1,2,전공선택,"아두이노를 사용하여 임베디드 시스템의 기본구조 및 입출력, 인터럽트,타이머/카운터 인터페이스, A/D 변환기 등을 강의한다. 또한 실습보드 상에서 C 언어를 사용하여 인터페이스 프로그램을 작성하고 실습 한다.",양영일/AVR Studio를 이용한 AVR 활용/도서출판 디자인필,,양영일/AVR Studio를 이용한 AVR 응용/도서출판 디자인필,추천선수과목 : 공학프로그래밍언어,True,True,False,False,False,True,target_department_and_target_course,0.08333333333333333
17608,2022,경상국립대학교,공과대학,반도체공학과,반도체제조공정,3,2학기,3,3,0,전공선택,반도체 단결정성장부터 반도체 집적회로의 제조까지를 배우고 이해하며 덧붙여 집적회로가 만들어지면 사용자가 시스템에 적용할 수 있도록 반도체칩의 조립 및 포장기술까지 배운다. 최소선폭을 줄이기 위한 현대의 공정기술을 EUV공정까지 조명하여 살펴 본다.,Richard C. Jaeger/Introduction to Microelectronic Fabrication/Addisonwesley,,"Franssila/Introduction to Microfabrication/Wiley,Gary S. May/Fundmentals of Semiconductor Fabrication/Wiley","필수선수과목 : 반도체소자,추천선수과목 : 물리전자1, 2",True,True,False,False,False,True,target_department_and_target_course,0.08333333333333333
17611,2022,경상국립대학교,공과대학,반도체공학과,반도체제조실험,4,1학기,2,0,3,전공선택,"반도체 소자제작에 요구되는 반도체 제조장비의 기초가 되는 진공기술과 각 종 박막제조장비의 동작을 실험실습을 통하여 배우며, 이들 장비를 응용하여 금속박막, 투명도전막 등 각종 반도체 박막을 제조하고 이들의 동작특성을 측정한다. 설계과제로 박막저항소자를 설계하고 제조하여 이에 대한 마스크 설계와 제조공정을 이해하고 체득한다.",박기철/디스플레이제조공정실험/자체유인물,,Jaeger/반도체공정개론 2판/Pearson(교보문고),"필수선수과목 : 디스플레이제조공정,추천선수과목 : 물리전자, 반도체소자",True,True,True,False,False,True,target_department_and_target_course,0.08333333333333333
17615,2022,경상국립대학교,공과대학,산업시스템공학전공,데이터베이스처리,3,1학기,3,3,0,전공필수,본 과목에서는 산업체의 정보시스템 구축에 있어서 효과적인 데이터 관리와 프로세스 통합의 근간이 되는 Database System의 설계와 응용 프로그램 개발에 필요한 이론을 강의하고 상용 DBMS를 이용한 실습을 한다. 또한 데이터베이스 기술에 기반한 온라인 분석 처리를 강의하고 엑셀을 통한 실습을 진행한다. 관계형 데이터 모델과 RDBMS 및 DB 응용 프로그램 작성기법을 주된 주제로 다룬다. 수강 학생들은 실무용 DB 시스템 구축 및 응용 프로그램 개발과 관련한 조별 Project를 수행한다.,도남철/데이터베이스 처리[개정판]/퍼플,,,추천선수과목 : 정보통신개론,False,True,False,True,False,True,strong_ai_cs_course_outside_target_department,0.16666666666666666
17616,2022,경상국립대학교,공과대학,산업시스템공학전공,데이터베이스처리,3,1학기,3,3,0,전공필수,본 과목에서는 산업체의 정보시스템 구축에 있어서 효과적인 데이터 관리와 프로세스 통합의 근간이 되는 Database System의 설계와 응용 프로그램 개발에 필요한 이론을 강의하고 상용 DBMS를 이용한 실습을 한다. 관계형 데이터 모델과 RDBMS 및 DB 응용 프로그램 작성기법을 주된 주제로 다룬다. 수강 학생들은 실무용 DB 시스템 구축 및 응용 프로그램 개발과 관련한 조별 Project를 수행한다.,도남철/데이터베이스 처리[개정판]/퍼플,,,추천선수과목 : 정보통신개론,False,True,False,True,False,True,strong_ai_cs_course_outside_target_department,0.16666666666666666
17760,2022,경상국립대학교,공과대학,산업시스템공학전공,제품빅데이터분석,3,2학기,3,3,0,전공선택,본 과목은 수업 참가자가 컴퓨터 기반 정보시스템에 통합 표현된 제품정보를 기반으로 제품 설계와 개발 과정 동안 적용 가능한 빅데이터 분석 방법과 그 가치를 경험하도록 한다. 제품 빅데이터 이해로 신제품 개발과 설계변경으로 구별되는 제품개발에서 빅데이터 분석을 통한 제품개발 평가와 설계변경 자동화 등의 빅데이터 응용을 다룬다. 미래 제품 빅데이터 이해로 스마트 커넥티드 제품의 제품개발과 서비스 통합 환경에서 빅데이터 분석과 응용을 소개한다.,도남철/제품 빅데이터 분석/자체 출력물,,,,False,True,False,True,False,True,strong_ai_cs_course_outside_target_department,0.25
17763,2022,경상국립대학교,공과대학,산업시스템공학전공,품질빅데이터이해,3,2학기,3,3,0,전공선택,"본 강좌는 수강자들이 다양한 형태로 발생하는 빅데이터를 활용하여 제품과 프로세스의 품질을 높일 수 있도록, 품질공학 기초, 품질 데이터 전처리, 품질 빅데이터 분석 알고리즘 소개, 다양한 품질빅데이터 분석과 결과의 해석에 관한 내용을 다루어 품질 빅데이터 전문인력 양성에 이바지하고자 한다.",변재현/별도 배부/,,,,False,True,False,True,False,True,strong_ai_cs_course_outside_target_department,0.25
17894,2022,경상국립대학교,공과대학,항공우주및소프트웨어공학부,컴퓨터네트워크,3,2학기,3,2,1,전공선택,"The subject of computer networking is enormously complex, involving many concepts, protocols, and technologies that are woven together in an intricate manner. To cope with this scope and complexity, many computer networking texts are organized around the “layers” of a network architecture. With a layered organization, students can see through the complexity of computer networkingthey learn about the distinct concepts and protocols in one part of the architecture while seeing the big picture of how all parts fit together.First, it places emphasis on the application layer (a “high growth area” in networking). Second, teaching networking applications such as email and the Web, which most students use on a daily basis. Third, it introduces network application development at an early stage. Students not only see how popular applications and protocols work, but also learn how easy it is to create their own network applications and applicationlevel protocols.",J. F. Kurose and K. W. Ross/Computer Networks: A TopDown Approach/Pearson,,,"필수선수과목 : Programming language (Python, Java, or C),추천선수과목 : Datastructure and Algorithm, Data Communication",True,True,False,False,False,True,target_department_and_target_course,0.16666666666666666
17895,2022,경상국립대학교,공과대학,항공우주및소프트웨어공학부,운영체제커널,3,1학기,3,2,1,전공선택,CPU의 스케줄링의 동작과 스케줄러의 정책에 따라 어떤 요청이 먼저 처리 되는지 계산할 수 있다.쓰레드 프로그래밍에서 공유자원을 보호하기 위한 락 메커니즘들을 용도에 맞게 적용할 수 있다.파일시스템의 동작 방식을 이해하고 각 파일시스템을 마운트하여 성능을 측정할 수 있다.,"원유집, 박민규, 이성진/운영체제 아주 쉬운 세 가지 이야기/도서출판 홍릉",,,"필수선수과목 : 컴퓨터프로그래밍, 항공우주및소프트웨어공학개론, 자료구조및알고리즘, Linux시스템프로그래밍,추천선수과목 : 객체지향프로그래밍, 이산수학, 컴퓨터구조",True,True,False,True,False,True,target_department_and_target_course,0.16666666666666666
17896,2022,경상국립대학교,공과대학,항공우주및소프트웨어공학부,컴퓨터프로그래밍기초PBL,1,2학기,2,2,0,전공선택,적극적 참여를 유도하고 학습한 내용을 적용하여 코딩을 활용하여 문제를 해결컴퓨터 기반의 논리적 사고체계를 적용하여 코딩으로 문제를 해결C언어의 기본 문법을 활용하여 주어진 문제를 코딩으로 해결코딩 중에 발생한 오류를 분석하고 해결동료가 작성한 코드를 읽고 발생가능한 문제점을 지적하고 더 좋은 코드로 변경더 좋은 코드를 작성하기 위해 동료와 소통하고 장단점 파악,"K.N. King/C Programming: A Modern Approach/Norton,그레그 페리 , 딘 밀러 지음 | 천인국 옮김/어서와 C언어는 처음이지! 초보자를 위한 C 프로그래밍 완벽가이드/인피니티북스",,"Brian W. Kernighan, Dennis M. Ritchie/C Programming Language/Prentice Hall,Stephen G. Kochan/Programming in C/Pearson Education","필수선수과목 : None,추천선수과목 : None",True,True,False,False,False,True,target_department_and_target_course,0.08333333333333333
17900,2022,경상국립대학교,공과대학,항공우주및소프트웨어공학부,컴퓨터프로그래밍기초PBL,1,2학기,2,2,0,전공선택,c언어 프로그래밍 문법을 이해한다.c언어 프로그래밍으로 다양한 문제를 해결할 수 있다.,"K.N.KING/C Programming: A Modern Approach, 2nd Edition/,천인국/쉽게 풀어쓴 C언어 EXPRESS/생능출판사",,,,True,True,False,False,False,True,target_department_and_target_course,0.25
17902,2022,경상국립대학교,공과대학,항공우주및소프트웨어공학부,컴퓨터프로그래밍기초실습PBL,1,2학기,1,0,2,전공선택,적극적 참여를 유도하고 학습한 내용을 적용하여 코딩을 활용하여 문제를 해결컴퓨터 기반의 논리적 사고체계를 적용하여 코딩으로 문제를 해결C언어의 기본 문법을 활용하여 주어진 문제를 코딩으로 해결코딩 중에 발생한 오류를 분석하고 해결동료가 작성한 코드를 읽고 발생가능한 문제점을 지적하고 더 좋은 코드로 변경더 좋은 코드를 작성하기 위해 동료와 소통하고 장단점 파악,"K.N. King/C Programming: A Modern Approach/Norton,그레그 페리 , 딘 밀러 지음 | 천인국 옮김/어서와 C언어는 처음이지! 초보자를 위한 C 프로그래밍 완벽가이드/인피니티북스",,"Brian W. Kernighan, Dennis M. Ritchie/C Programming Language/Prentice Hall,Stephen G. Kochan/Programming in C/Pearson Education","필수선수과목 : None,추천선수과목 : None",True,True,False,False,False,True,target_department_and_target_course,0.08333333333333333
17903,2022,경상국립대학교,공과대학,항공우주및소프트웨어공학부,컴퓨터프로그래밍기초실습PBL,1,2학기,1,0,2,전공선택,c언어 프로그래밍 문법을 이해한다.c언어 프로그래밍으로 다양한 문제를 해결할 수 있다.,K. N. King/C Programming: A Modern Approach/W. W. Norton,,,,True,True,False,False,False,True,target_department_and_target_course,0.25
17909,2022,경상국립대학교,공과대학,항공우주및소프트웨어공학부,자료구조및알고리즘PBL,2,1학기,3,2,2,전공필수,"A good algorithm usually comes together with a set of good data structures that allow the algorithm to manipulate the data efficiently. In this course, we consider the common data structures that are used in various computational problems.We are going to cover basic data structures such as arrays, singlylinked lists, doublylinked lists, stacks, queues, and trees. We also cover algorithm topics such as binary trees priority queues, heap, hash tables, and various search algorithms.","Ellis Horowitz/Fundamentals of Data Structures in C, 2/E/Silicon Valley Publishers Group,천인국/C언어로 쉽게 풀어쓴 자료구조/생능출판사",,Udi Manber/Introduction to Algorithms: A Creative Approach/AddisonWesley,"필수선수과목 : 컴퓨터프로그래밍기초, 컴퓨터프로그래밍기초실습",True,True,False,True,False,True,target_department_and_target_course,0.08333333333333333
17921,2022,경상국립대학교,공과대학,항공우주및소프트웨어공학부,종합설계,4,1학기,3,0,3,전공필수,"미래의 정보처리시스템 및 항공전자시스템에 관련된 기술을 연구 및 개발할 수 있는 능력을 배양하기 위해서 지도교수의 지도에 따라 조별로 특정한 주제를 기획, 설계, 제작, 관리, 분석하는 종합적인 과정을 경험하고 이를 발표한다. 아울러 최종 결과물을 논문 형식으로 기술한다.",/임베디드 시스템 관련 전공서적/,,"김시중/과학논문 작성법/고려대학교 출판부,박준영외/보고서작성 및 프리젠테이션 기법/인터비전",,True,False,True,False,False,True,target_department_and_foundational_course,0.16666666666666666
17935,2022,경상국립대학교,공과대학,항공우주및소프트웨어공학부,자동제어,3,1학기,3,3,0,전공선택,"본 교과목은 기계 항공 시스템의 동역학 모델에 대한 기본적인 제어기 설계 기법을 학습한다. 시간영역 및 주파수영역에서 표현된 동역학 모델에 대해 Bode, Nyquist 선도를 활용한 성능 및 안정성 해석 방법을 익히고, 아울러 주어진 모델에 대한 PID, Leadlag 제어기 설계 기법을 학습한다. 모든 모델링 및 제어기 설계는 MATLAB 소프트웨어를 사용해 수행한다.",이재원외 7인/동적시스템 자동제어(8판)/Pearson,,"김영탁외 3인/시스템 해석(4판)/Pearson,정길도외 5인/KUO의 자동제어(10판)/Mc Graw Hill",,True,True,False,False,False,True,target_department_and_target_course,0.16666666666666666
17937,2022,경상국립대학교,공과대학,항공우주및소프트웨어공학부,자동제어,3,2학기,3,3,0,전공선택,"This course's objective is control system design and analysis mainly for singleinputsingleoutput dynamical systems to improve their stability and performance. This course covers basic control engineering topics including mathematical modelling (using transfer function and state variables), principles of control system design, Laplace transform, system's transient and steady state responses, PID control, Rootlocus, Bode diagram, Polarplot (Nyquist) diagram, stability criteria, frequency response, and control design and analysis in frequency domain. Students are also expected to write technical English reports and work with MATLAB/SIMULINK. Here is a summary of course objectives: 1) Students are able to write equations (differential equation and transfer function) of motion for various dynamical systems; 2) Students are able to simulate the equations of motion using MATLAB/SIMULINK; 3) Students are able to do stability and performance analysis for a control system using Rootlocus, Bode plot and Nyquist plot; and 4) Students are able to do PID control design and analysis.본 과목은 신성장 산업의 맞춤형 인재 양성을 목표로 한국항공우주산업 등과 산학 연계하여 산업현장과 사회에서 요구하는 문제해결·협업·실무 능력 등을 갖추고 학생의 역량강화와 기업의 경쟁력 제고를 위한 자동제어 내용을 강의한다.",G.F. Franklin 외 2명/Feedback Control of Dynamic System (8th edition)/Prentice Hall,,,추천선수과목 : 공업수학; 동역학,True,True,False,False,False,True,target_department_and_target_course,0.16666666666666666
17947,2022,경상국립대학교,공과대학,항공우주및소프트웨어공학부,기계학습,4,2학기,3,3,0,전공선택,"본 교과 과정에서는 기계학습의 핵심 개념과 구현 기술을 학습합니다. 데이터를 수집하고 전처리하기 위한 python 라이브러리 사용법을 학습합니다.회귀 문제, 분류 문제, 군집 문제를 데이터를 기반으로 해결하는 머신러닝 알고리즘을 이해하고 구현합니다.",권철민/파이썬 머신러닝 완벽 가이드/위키북스,,,,True,True,False,True,False,True,target_department_and_target_course,0.25
17948,2022,경상국립대학교,공과대학,항공우주및소프트웨어공학부,데이터베이스,3,1학기,3,2,1,전공선택,문제가 의도하는 쿼리를 작성하여 원하는 정보를 추출할 수 있다.서버에 접속하여 쿼리를 요청하고 정보를 획득하여 가공할 수 있다.시스템에서 요구하는 DB를 설계하여 스키마를 생성할 수 있다.,Gehrek Ramakrishnan/Database Management Systems/McGrawHill,,"C.J. Date/An Introduction to Database Systems/Pearson,Hector GarciaMolina, Jeff Ullman, and Jennifer Widom/Database Systems: The Complete book/Pearson,Takahashi Mana 지음 홍희정 옮김/만화로 쉽게 배우는 데이터베이스/성안당","추천선수과목 : Data Structure, C",True,True,False,True,False,True,target_department_and_target_course,0.08333333333333333
17959,2022,경상국립대학교,공과대학,항공우주및소프트웨어공학부,수치해석,2,2학기,3,3,0,전공선택,"컴퓨터언어 Python을 사용하여 프로그램을 작성, 수정 및 결과를 분석할 수 있는 능력을 양성한다.기본적 공학 문제의 해를 컴퓨터를 사용하여 구하는 방법론을 이해하고 이를 자신의 힘으로 응용할 수 있는 능력을 양성한다.본 과목은 신성장 산업의 맞춤형 인재 양성을 목표로 한국항공우주산업 등과 산학 연계하여 산업현장과 사회에서 요구하는 문제해결·협업·실무 능력 등을 갖추고 학생의 역량강화와 기업의 경쟁력 제고를 위한 수치해석 내용을 강의한다.",구본용 김상철 박찬우/Python을 이용한 공학수치해석/학산미디어,,,추천선수과목 : 공학수학,True,False,True,False,False,True,target_department_and_foundational_course,0.16666666666666666
17979,2022,경상국립대학교,공과대학,항공우주및소프트웨어공학부,항공기설계,3,2학기,3,3,0,전공선택,"항공기 설계는 개념설계, 기본설계, 상세설계로 구분할 수 있으며 본 강의에서는 항공기의 개념설계에 대해 다루고자 한다. 설계 요구도 작성 및 중량 예측의 단계부터, 항공기 형상설계 및 설계해석에 이르는 개념설계 전과정에 대한 지식을 전달하여 학생들의 항공기설계 관련 역량을 배양하고자 한다. 본 과목은 신성장 산업의 맞춤형 인재 양성을 목표로 한국항공우주산업 등과 산학 연계하여 산업현장과 사회에서 요구하는 문제해결·협업·실무 능력 등을 갖추고 학생의 역량강화와 기업의 경쟁력 제고를 위한 항공기설계 내용을 강의한다.",박찬우 외/항공기 개념설계/경문사,,,,True,False,True,False,False,True,target_department_and_foundational_course,0.25
17980,2022,경상국립대학교,공과대학,항공우주및소프트웨어공학부,비행제어설계,4,1학기,3,3,0,전공선택,"본 과목은 항공기 개발 시 비행역학 및 비행제어 분야가 담당하는 역할과 비중을 이해하고, 항공기 운동방정식 유도 및 분석을 통한 비행 조종/안정성 해석 능력을 배양하고, 항공기 자동비행조종장치 설계에 필요한 기본지식 및 응용 능력을 함양하는데 목적이 있다. 본 과목에서는 항공기의 비행특성 해석 및 정적 안정성과 조종성 해석 능력을 배양하고 이를 바탕으로 자동비행조종장치 설계 프로젝트를 수행한다. 이를 통해 항공기 설계 과정에서 비행제어분야의 역할을 이해하고 항공기 설계능력을 배양한다.","김병수, 김유단, 방효충, 탁민제, 홍성경/비행역학 및 제어/경문사",,"JanRoskam/Airplane Flight Dynamics and Automatic Flight Controls/DAR Corporation,John H. Blakelock/Automatic Control of Aircraft and Missiles,/ohn Wiley & Sons, Inc,Robert C. Nelson/FLIGHT STABILITY AND AUTOMATIC CONTROL/McGrawHill Book Company",추천선수과목 : 공학수학1; 동역학; 공기역학; 비행역학; 제어공학,True,False,True,False,False,True,target_department_and_foundational_course,0.08333333333333333
17987,2022,경상국립대학교,공과대학,항공우주및소프트웨어공학부,공학수학1/이산수학,2,1학기,3,3,0,전공선택,"Dear all students, welcome and we will discuss some topics/elements/issues and mathematics in this class (Nonfacetoface). Evaluation will be a continuous process for benefit of students.",/Print/,,,,True,False,True,False,False,True,target_department_and_foundational_course,0.25
17988,2022,경상국립대학교,공과대학,항공우주및소프트웨어공학부,항공우주및소프트웨어공학개론,2,1학기,3,3,0,전공선택,"항공우주및소프트웨어공학에 입문하는 학생이 (1) 항공우주공학 및 소프트웨어공학 각각의 주요 분야를 개략적으로 이해하고 (2) 두 분야의 공통적 영역에 해당되는 현대적 항공우주소프트웨어 공학의 성격, 내용, 중요성 등을 이해할 수 있도록 한다.","전용기/Introduction to Airborne Software/InHouse Copy,한국항공우주학회/항공우주학개론/경문사",,,"필수선수과목 : 컴퓨터프로그래밍기초,추천선수과목 : 없음",True,True,False,False,False,True,target_department_and_target_course,0.16666666666666666
17990,2022,경상국립대학교,공과대학,항공우주및소프트웨어공학부,항공우주및소프트웨어공학개론,2,1학기,3,3,0,전공선택,"항공우주및소프트웨어공학에 입문하는 학생이 (1) 항공우주공학 및 소프트웨어공학 각각의 주요 분야를 개략적으로 이해하고 (2) 두 분야의 공통적 영역에 해당되는 현대적 항공우주소프트웨어 공학의 성격, 내용, 중요성 등을 이해할 수 있도록 한다.","전용기/Introduction to Airborne Software/,한국항공우주학회/항공우주공학개론/한국항공우주학회",,,,True,True,False,False,False,True,target_department_and_target_course,0.25
17994,2022,경상국립대학교,공과대학,항공우주및소프트웨어공학부,컴퓨터구조,3,1학기,3,3,0,전공선택,"프로세서내 각 구성 요소의 구조 및 기능, 명령어 구조, 그리고 주변 장치들과의 인터페이스를 학습함으로써 임베디드 시스템에서의 하드웨어 및 소프트웨어의 연관성과 상호작용에 대한 지식을 배양한다. 프로세서의 하드웨어 구성과 각 구성요소의 내부 구조 및 동작 원리를 학습한다. 프로세서의 명령어 구조와 각 구성요소간의 관계를 이해한다. 프로세서 구조에 효과적인 프로그램 작성 능력을 배양한다. Verilog HDL을 이용한 기본 시스템 설계를 실습한다.",D. A. Patterson/Computer Organization and Design/Morgan Kaufmann,,"J. Hayes/Computer Architecture and Organization/McGrawHill,S. Furber/ARM SystemonChip Architecture/AddisonWesley,S. Palnitkar/Verilog HDLA guide to Digital Design and Synthesis/PrenticeHall,W. Stallings/Computer Organization & ArchitectureDesign for Performance/Pearson Education","추천선수과목 : 항공우주및소프트웨어공학개론, 항공전자기초, 컴퓨터프로그래밍기초",True,True,False,True,False,True,target_department_and_target_course,0.08333333333333333
18003,2022,경상국립대학교,공과대학,항공우주및소프트웨어공학부,임베디드하드웨어,4,2학기,3,3,0,전공선택,VerilogHDL을 이용한 내장형 시스템 설계 방법론에 대하여 학습하고 SoC 설계 및 HW/SW CoDesign을 위한 기초 능력을 배양한다. VerilogHDL을 습득하고 이를 이용한 시스템 설계 방식을 학습한다. 데이터 북의 타이밍 분석 및 설계 방식을 학습한다. SoC 설계 기술에 대한 전체적인 개념을 이해한다.,"S. Brown, Z. Vranesic/Fundamentals of Digital Logic with Verilog/McGrawHill",,"D. Smith/HDL Chip Design/,M. D. Ciletti/Advanced Dignal Design with Verilog HDL/PrenticeHall,S. Palnitkar/Verilog HDLA guide to Digital Design and Synthesis/PrenticeHall,송태훈/Verilog HDL을 이용한 FPGA 설계 이론 및 실습/","필수선수과목 : 항공전자기초, 컴퓨터구조,추천선수과목 : 이산신호처리, 회로및신호, 컴퓨터프로그래밍",True,True,False,False,False,True,target_department_and_target_course,0.08333333333333333
18014,2022,경상국립대학교,공과대학,항공우주및소프트웨어공학부,객체지향프로그래밍,2,1학기,2,2,0,전공선택,"Java 언어를 기반으로 객체지향 프로그래밍의 주요 개념인 객체 모델, 클래스, 상속, 다형성, 재사용, 예외처리 등을 배우고 익힌다. 이를 바탕으로 복잡한 문제를 Java 프로그래밍을 사용해서 해결할 수 있는 능력을 배양한다. (프로그래밍을 처음 배우거나, 복학 등의 이유로 기억이 잘 나지 않는 경우, 1학년 프로그래밍 기초에서 B학점 이하인 경우 해당반을 들어주세요. 자바 기초부터 시작할 예정입니다.) 과거 강의 내용은 다음 싸이트를 참조 부탁드려요 (수업 중 수시 갱신할 수 있습니다.) http://selab.gnu.ac.kr/index.php/courses/objectorientedprogramming","MIT OpenCourseWare/Introduction to Programming in Java/,심재연/든든한 Java Programming/연두에디션",,,추천선수과목 : 컴퓨터프로그래밍기초,True,True,False,False,False,True,target_department_and_target_course,0.16666666666666666
18015,2022,경상국립대학교,공과대학,항공우주및소프트웨어공학부,객체지향프로그래밍,2,1학기,2,2,0,전공선택,"Java 언어를 기반으로 객체지향 프로그래밍의 주요 개념인 객체 모델, 클래스, 상속, 다형성, 재사용, 예외처리 등을 배우고 익힌다. 이를 바탕으로 복잡한 문제를 Java 프로그래밍을 사용해서 해결할 수 있는 능력을 배양한다. (해당 반은 영어반으로 002반보다 영어와 프로그래밍 모두 인텐시브하게 진행할 예정입니다. 과거 강의 내용은 다음 싸이트를 참조 부탁드려요 (수업 중 수시 갱신할 수 있습니다.) http://selab.gnu.ac.kr/index.php/courses/objectorientedprogramming)","MIT OpenCourseWare/Introduction to Programming in Java/,심재연/든든한 Java Programming/연두에디션",,,추천선수과목 : 컴퓨터프로그래밍기초,True,True,False,False,False,True,target_department_and_target_course,0.16666666666666666
18018,2022,경상국립대학교,공과대학,항공우주및소프트웨어공학부,객체지향프로그래밍실습,2,1학기,1,0,2,전공선택,"Java 언어를 기반으로 객체지향 프로그래밍의 주요 개념인 객체 모델, 클래스, 상속, 다형성, 재사용, 예외처리 등을 배우고 익힌다. 이를 바탕으로 복잡한 문제를 Java 프로그래밍을 사용해서 해결할 수 있는 능력을 배양한다.(프로그래밍을 처음 배우거나, 복학 등의 이유로 기억이 잘 나지 않는 경우, 1학년 프로그래밍 기초에서 B학점 이하인 경우 해당반을 들어주세요. 자바 기초부터 시작할 예정입니다.) 과거 강의 내용은 다음 싸이트를 참조 부탁드려요 (수업 중 수시 갱신할 수 있습니다.) http://selab.gnu.ac.kr/index.php/courses/objectorientedprogramming","MIT OpenCourseWare/Introduction to Programming in Java/,심재연/든든한 Java Programming/연두에디션",,,추천선수과목 : 컴퓨터프로그래밍기초,True,True,False,False,False,True,target_department_and_target_course,0.16666666666666666
18022,2022,경상국립대학교,공과대학,항공우주및소프트웨어공학부,항공우주및소프트웨어공학실험,4,1학기,1,0,2,전공선택,"항공우주공학 업무와 관련한 물리량의 측정 (속도, 압력, 온도, 힘 등) 에 대한 기초적인 이론을 바탕으로 아날로그의 장치부터 디지털장치를 사용하여 측정에 대한 결과를 비교하는 실험에서의 불확실성을 이해한다. 또한, 이론과 실습과정에 병행하여 조별 실험을 수행한다. 실험에는 공기역학, 비행역학, 구조역학, 추진공학 등으로 구분되는 풍동실험, 재료실험, 터빈실험, 유동측정실험을 통하여 학생들이 항공우주공학의 실제현상과 연관관계를 학습하게 되고, 각종 시험 및 계측장비의 기본적인 사용법을 익히게 된다.",경상대항공특성화/항공기계 실험/,,,,True,True,True,False,False,True,target_department_and_target_course,0.25
18023,2022,경상국립대학교,공과대학,항공우주및소프트웨어공학부,공학수학2,2,2학기,3,3,0,전공선택,"As a second part of “Engineering Mathematics” at the undergraduate level in the department of “Aerospace and System Engineering”, “Engineering Mathematics II” covers diverse mathematical techniques which can help various courses in aerospace engineering. It includes vector calculus (multivariable derivatives and integrals), Fourier transform, partial differential equations, etc. The purpose of this course is to make the students have concrete mathematical backgrounds as aerospace engineers.* 본 과목은 신성장 산업의 맞춤형 인재 양성을 목표로 한국항공우주산업 등과 산학 연계하여 산업현장과 사회에서 요구하는 문제해결·협업·실무 능력 등을 갖추고 학생의 역량강화와 기업의 경쟁력 제고를 위한 공학수학2 내용을 강의한다.",Erwin Kreyszig/Advanced Engineering Mathematics (10th edition)/Wiley,,"김찬중/길잡이공업수학/문운당,서진원 외/KREYSZIG 공업수학 (개정 10판)/범한서적",추천선수과목 : 공학수학1,True,False,True,False,False,True,target_department_and_foundational_course,0.08333333333333333
18026,2022,경상국립대학교,공과대학,항공우주및소프트웨어공학부,창의적기초공학설계,1,2학기,3,0,3,전공필수,* 본 강의는 공학설계와 관련된 문제의 인식과 정의로 부터 시작하여 개념화를 거쳐 상상한 것을 제품으로 만들기 위한 계획으로 바꾸는 과정과 제품이 사용되는 동안 유지/보수하는 과정에 이르기까지 설계과정의 핵심적인 내용들을 다룬다. 공학 강의시간에 접한 순수 해석적 관점의 문제와는 달리 설계와 관련된 개방형 문제들을 해결하기 위한 기본 공학설계 능력을 배양하는데 목적을 두고 있다.* 본 과목은 신성장 산업의 맞춤형 인재 양성을 목표로 한국항공우주산업 등과 산학 연계하여 산업현장과 사회에서 요구하는 문제해결·협업·실무 능력 등을 갖추고 학생의 역량강화와 기업의 경쟁력 제고를 위한 창의적기초공학설계 내용을 강의한다.,"서영성, 박문식 등 역./창의적 공학설계(1)/피어슨 에듀케이션 코리아",,Brian S. Thompson/Creative Engineering Design/Okemos Press,추천선수과목 : 전산기계제도,True,False,True,False,False,True,target_department_and_foundational_course,0.08333333333333333
18027,2022,경상국립대학교,공과대학,항공우주및소프트웨어공학부,창의적기초공학설계,1,2학기,3,0,3,전공필수,공학설계에 대하여 이해한다.공학적 설계 방식으로 시스템을 디자인하고 구현한다.아두이노 키트 동작을 이해하고 활용한다.* 본 과목은 신성장 산업의 맞춤형 인재 양성을 목표로 한국항공우주산업 등과 산학 연계하여 산업현장과 사회에서 요구하는 문제해결·협업·실무 능력 등을 갖추고 학생의 역량강화와 기업의 경쟁력 제고를 위한 창의적기초공학설계 내용을 강의한다.,/창의적공학설계/,,,,True,False,True,False,False,True,target_department_and_foundational_course,0.25
18927,2022,경상국립대학교,농업생명과학대학,식품자원경제학과,식품경제데이터분석기초,2,2학기,3,3,0,전공선택,"현대사회는 데이터 시대라고 불릴 만큼 데이터는 세상의 흐름을 주도하고 변화시키는 주요 자원의 하나로 인식되고 있다. 데이터는 기업 경영, 의료관리, 정책 개발 등 다양한 분야에서 그 활용 가치는 대단히 높다. 이 강의에서는 대학생의 데이터 문해력을 높이기 위해 무료 데이터분석 도구인 R을 이용하여 데이터를 수집하고, 분석하는 방법을 학습한다. 강의는 학과 컴퓨터 강의실에서 진행하며, 이론보다는 실습 위주로 구성된다.",김성용/R을 이용한 식품경제데이터 분석/경상국립대학교 식품자원경제학과,,"S.C. AlbrightW.L. WinstonC. Zappe/Data Analysis and Decision Making/Thomson,장용식, 최진호/빅데이터 분석의 첫 걸음 R 코딩/생능출판사",,False,True,False,True,True,True,strong_ai_cs_course_outside_target_department,0.16666666666666666
20803,2022,경상국립대학교,사범대학,윤리교육과,인공지능과윤리교육,1,2학기,2,2,0,전공선택,미래 사회(인공지능형 로봇 시대)로의 변화를 이해하고 대비할 수 있도록 한다 도덕적 사고의 원리들을 익힘으로써 도덕적 사고력과 도덕적 상상력을 증진하도록 한다,"변순용, 송선영/로봇윤리란 무엇인가/어문학사,톰 앤슨/비판적 사고와 윤리/서광사",,"밀/공리주의/책세상,벤담/도덕과 입법의 원리 서설/나남,아리스토텔레스/니코마코스 윤리학/이제이북스,칸트/도덕형이상학을 위한 기초 놓기/책세상,플라톤/국가/서광사",,False,True,False,True,True,True,strong_ai_cs_course_outside_target_department,0.16666666666666666
22110,2022,경상국립대학교,사회과학대학,심리학과,심리데이터분석,3,2학기,3,2,1,전공선택,"본 과목은 심리통계 과목을 旣수강한 학생들을 대상으로 하며, 심리통계에서 학습한 통계방법론에 대한 이론적 개념과 방법론에 추가로 상관분석 및 회귀분석,고급변량분석 등을 배우게 된다. 더불어 통계패키지(SPSS) 실습을 이용한 연구 및 현장 데이터 분석을 실시한다. 또한, 각 분석방법 간 차이점과 공통점, 적용법 등을 숙지하여 실제 현장이나 연구상황에서 통계지식의 올바른 사용법과 결과의 해석, 보고능력 등을 갖출 수 있도록 한다.",이종현/강의노트(PPT)/,,,,False,True,False,True,False,True,strong_ai_cs_course_outside_target_department,0.25
23143,2022,경상국립대학교,융합기술공과대학,융합전자공학부,공학입문설계(어드벤처디자인),1,1학기,3,3,0,전공필수,"공학 전공의 저학년 학생들이 공학과 공학설계에 관해서 이해하고, 창의적 공학설계에 필수적인 창의적 사고와 문제해결 방법, 팀웍, 의사소통 등의 학습을 통해서 창의적인 문제해결 능력과 체계적인 설계 능력을 배양하도록 한다.",김태훈외 4인/freshman을 위한 공학설계입문/한티미디어,,,,True,False,True,False,False,True,target_department_and_foundational_course,0.25
23147,2022,경상국립대학교,융합기술공과대학,에너지공학과,에너지데이터분석,1,2학기,3,3,0,전공필수,에너지산업에서 다양한 데이터에 대한 이해와 이를 분석하여 에너지를 효율적으로 관리하고 사용할 수 있는 능력은 미래의 에너지공학자에게 매우 중요한 역량이다. 에너지 데이터의 분석에 사용할 수 있는 컴퓨터 프로그래밍의 하나인 Python을 기반한 실습을 통해 다양한 문제를 해결하는 능력을 배양한다. 프로그래밍에 대한 전문성과 컴퓨팅적 소통을 함양하고 나아가 새로운 문제에 대한 SW 해결 능력을 극대화하도록 한다. 최종적으로는 조별 과제 등을 통하여 실제 현장에서 얻어진 데이터를 분석하고 이를 활용할 수 있는 실무역량을 강화하고자 한다.,박동규 외 1인/으뜸 파이썬/생능출판,"천인국, 정영민, 최자영/시간순삭 파이썬/생능출판",,,False,True,False,True,False,True,strong_ai_cs_course_outside_target_department,0.16666666666666666
26591,2022,경상국립대학교,자연과학대학,수학과,금융데이터분석,3,2학기,3,3,0,전공선택,금융에서 사용되는 데이터의 성질을 이해하고 그래프 및 통계적인 방법 등을 이용하여 데이터를 정확히 분석할 수 있다.,/강의노트/,,,,False,True,False,True,False,True,strong_ai_cs_course_outside_target_department,0.25
26597,2022,경상국립대학교,자연과학대학,정보통계학과,빅데이터정보처리,3,2학기,3,3,0,전공선택,"요즘 인공지능(artificial Intelligence, AI), 딥러닝(deep learning)이 사방에서 난리다. 특히 딥러닝이라는 괴물은 빅데이터와 함께 여러 군데에서 이미 괴력을 발휘하고 있다. 그럼, 딥러닝이란 무엇인가 오늘날의 인공지능을 이끄는 첨단 기술이라고 할 수 있다. 딥러닝은 머신러닝(machine learning, 기계학습)의 방법론 중 하나이다. 최근 딥러닝은 영상 인식, 음성인식, 자율주행, 비디오게임 등 다양한 분야에 적용되고 있다. 본 강의에서는 파이토치(PyTorch)를 이용하여 실습하고자 한다.","임동훈/딥러닝, 파이토치를 만나다/2022",,,,False,True,False,True,False,True,strong_ai_cs_course_outside_target_department,0.25
26598,2022,경상국립대학교,자연과학대학,정보통계학과,빅데이터입문,2,1학기,3,3,0,전공필수,빅데이터 분석 방법에 대해 학습하고 비정형 데이터 혹은 트위터와 같은 소셜 미디어 데이터를 직접 R 프로그래밍을 통해 분석한다.,임동훈/빅데이터분석 그것이 R고 싶다/자유아카데미,,임동훈/리눅스에서 R과 하둡을 이용한 빅데이터 처리 분석/자유아카데미,,False,True,False,True,False,True,strong_ai_cs_course_outside_target_department,0.16666666666666666
26614,2022,경상국립대학교,자연과학대학,정보통계학과,빅데이터분석,2,2학기,3,3,0,전공선택,"빅데이터란 디지털 환경에서 생성되는 데이터로 과거 아날로그 환경의 데이터에 비해 규모가 방대하고 생성주기가 짧으며 수치 데이터뿐만 아니고 문자와 영상데이터를 포함하는 대규모 데이터를 말한다.본 강의에서는 빅데이터를 처리할 수 있는 환경 즉, 리눅스 상에서 R과 하둡을 이용하여 빅데이터 처리 기술에 대해 학습하고자 한다.특히, 리눅스와 하둡에 대해 중점적으로 강의가 진행되며 실습 위주로 진행된다.","임동훈/R을 이용한 빅데이터분석/자유아카데미,임동훈/리눅스에서 R과 하둡을 이용한 빅데이터처리 분석/자유아카데미",,,,False,True,False,True,False,True,strong_ai_cs_course_outside_target_department,0.25
26619,2022,경상국립대학교,자연과학대학,정보통계학과,기계학습,2,2학기,3,3,0,전공필수,"파이썬을 이용하여 강의와 실습이 동시에 실시되며, 파이썬 프로그래밍 언어에 대한 사전지식이 요구되는 강의이다.구글이 제공하는 환경을 이용하기 때문에 구글 계정이 있어야 하며, 주피터 노트북을 사용할 수 있어야 한다.이런 사전 지식은 통계프로그래밍 과목에서 강의되는 내용이므로 해당 과목을 이수한 학생들이 수강하는 것이 바람직하다.",크리스 알본/파이썬을 활용한 머신러닝 쿡북/한빛미디어,,,,False,True,False,True,False,True,strong_ai_cs_course_outside_target_department,0.25
26638,2022,경상국립대학교,자연과학대학,정보통계학과,통계데이터베이스,3,1학기,3,3,0,전공필수,"정보화 사회에서는 새로 수집한 자료 보다 정보 시스템에 끊임없이 축적되는 자료를 분석하여 정보를 생산하는 것은 매우 중요한 일이다. 정보 시스템의 자료는 대부분 데이터베이스로 관리 되고 있으므로 데이터베이스와 데이터베이스 관리 시스템을 이해하고, 그 이해를 바탕으로 자료를 추출하고 가공하는 능력은 높은 수준의 통계전공자가 갖추어야 하는 자질이다. 본 강좌는 정보통계학과 전공 과목으로 데이터베이스의 설계, 데이터베이스 관리 시스템의 이해, 데이터베이스의 구축, 데이터베이스의 활용, 통계적 방법의 적용 등을 다루기 위한 과목이다.",김연희/데이터베이스 개론(2판)/한빛아카데미,,우재남/데이터베이스 for Beginner/한빛아카데미,,False,True,True,True,False,True,strong_ai_cs_course_outside_target_department,0.16666666666666666
26640,2022,경상국립대학교,자연과학대학,정보통계학과,데이터마이닝,3,2학기,3,3,0,전공필수,"본 교과에서는 기초적인 지도학습기법 (선형회귀, 판별분석, 로지스틱 회귀, 의사결정나무, 신경망 등)과 비지도학습기법 (연관규칙분석, 군집분석, 주성분분석 등)을 학습한다.데이터마이닝은 최근 통계학에서 매우 중요한 분야 중 하나로 대용량 고차원 자료 분석에 흔히 사용되는 R을 이용하여 자료 분석 실습을 병행하도록 한다.본 교과목은 통계학에 대한 전반적인 지식과 기초적인 선형대수학 개념을 요구한다.",박창이 외/R을 이용한 데이터마이닝/교우사,,Hastie et al./An Introduction to Statistical Learning: With Applications in R/Springer,,False,True,False,True,False,True,strong_ai_cs_course_outside_target_department,0.16666666666666666
27267,2022,경상국립대학교,자연과학대학,컴퓨터과학부 컴퓨터과학전공,웹프로그래밍,2,2학기,2,2,0,전공선택,"컴퓨터 과학 전공자로서 알아야 할 웹프로그래밍 기초 내용들을 소개한다. HTML5에 기반을 둔 콘텐츠 작성 방법, 콘텐츠의 스타일을 지정하는 CSS3, 실제 웹 사이트 구성과 자바스크립트 캔버스를 이용하는 법을 다룬다.",천인국/HTML5 + CSS3 + JavaScript로 배우는 웹프로그래밍 기초/인피니티북스,,윤인성/HTML5 웹 프로그래밍 입문 (3판)/한빛아카데미,,True,True,False,False,False,True,target_department_and_target_course,0.16666666666666666
27269,2022,경상국립대학교,자연과학대학,컴퓨터과학부 컴퓨터과학전공,웹프로그래밍실습,2,2학기,1,0,2,전공선택,"컴퓨터 과학 전공자로서 알아야 할 웹프로그래밍 기초 내용들을 소개한다. HTML5에 기반을 둔 콘텐츠 작성 방법, 콘텐츠의 스타일을 지정하는 CSS3, 실제 웹 사이트 구성과 자바스크립트 캔버스를 이용하는 법을 다룬다.",천인국/HTML5 + CSS3 + JavaScript로 배우는 웹프로그래밍 기초/인피니티북스,,,,True,True,False,False,False,True,target_department_and_target_course,0.25
27270,2022,경상국립대학교,자연과학대학,컴퓨터과학부 컴퓨터과학전공,웹프로그래밍실습,2,2학기,1,0,2,전공선택,"컴퓨터 과학 전공자로서 알아야 할 웹프로그래밍 기초 내용들을 소개한다. HTML5에 기반을 둔 콘텐츠 작성 방법, 콘텐츠의 스타일을 지정하는 CSS3, 실제 웹 사이트 구성과 자바스크립트 캔버스를 이용하는 법을 다룬다.",천인국/HTML5 + CSS3 + JavaScript로 배우는 웹프로그래밍 기초/,,,,True,True,False,False,False,True,target_department_and_target_course,0.25
27271,2022,경상국립대학교,자연과학대학,컴퓨터과학부 컴퓨터과학전공,인공지능,3,2학기,3,3,0,전공선택,1. 과거 튜링테스트/머신부터 현대의 딥러닝에까지 이르는 인공지능의 역사를 알아본다.2. 인공지능의 역사를 통해 각 인공지능 기술의 한계점을 이해한다.3. 기계학습과정을 이해한다.4. 인공신경망의 발전 과정을 이해한다.* 현 강의계획은 수업진도에 따라 변경 가능 합니다.,천인국/인공지능/인피니티북스,,이건명/인공지능: 튜링 테스트에서 딥러닝까지/생능출판사,,True,True,False,True,False,True,target_department_and_target_course,0.16666666666666666
27281,2022,경상국립대학교,자연과학대학,컴퓨터과학부 컴퓨터과학전공,데이터베이스,3,1학기,2,2,0,전공선택,"데이터베이스 관리의 기초적인 개념, 데이터베이스 설계, 데이터베이스 언어, 데이터베이스 시스템의 구현에 대한 내용을 소개한다. 또한 윈도우 기반에서 사용 가능한 오라클(Oracle)을 활용해 배운 내용을 실습으로 연결시켜 SQL 응용, 데이터모델링, 데이터베이스 구축 등을 학습한다.","박우창, 남송휘, 이현룡/오라클로 배우는 데이터베이스 개론과 실습 2판/한빛아카데미",,"Abraham Silberscheatz, Henry F. Korth, S. Sudarsham/데이터베이스 시스템 7판/한빛아카데미",,True,True,False,True,False,True,target_department_and_target_course,0.16666666666666666
27283,2022,경상국립대학교,자연과학대학,컴퓨터과학부 컴퓨터과학전공,데이터베이스실습,3,1학기,1,0,2,전공선택,"데이터베이스 관리의 기초적인 개념, 데이터베이스 설계, 데이터베이스 언어, 데이터베이스 시스템의 구현에 대한 내용을 소개한다. 또한 윈도우 기반에서 사용 가능한 오라클(Oracle)을 활용해 배운 내용을 실습으로 연결시켜 SQL 응용, 데이터모델링, 데이터베이스 구축 등을 학습한다.","박우창, 남송휘, 이현룡/오라클로 배우는 데이터베이스 개론과 실습 2판/한빛아카데미",,"Abraham Silberscheatz, Henry F. Korth, S. Sudarsham/데이터베이스 시스템 7판/한빛아카데미",,True,True,False,True,False,True,target_department_and_target_course,0.16666666666666666
27285,2022,경상국립대학교,자연과학대학,컴퓨터과학부 컴퓨터과학전공,컴퓨터네트워크,3,1학기,3,3,0,전공선택,데이터 통신이론을 기본으로 한 컴퓨터네트워크의 OSI 7계층 구조와 그에 관련된 프로토콜 이론을 공부하고네트워크 프로그래밍을 통하여 7계층이 구체적으로 어떻게 동작하는 지를 안다.마지막으로 네트워크 디자인과 관리도 실습하게 된다. 이해를 돕기 위하여 가상강좌를 이용한다.,최종원 외/컴퓨터 네트워킹 (하향식 접근)/퍼스터북,,,"필수선수과목 : 없음,추천선수과목 : 없음",True,True,False,False,False,True,target_department_and_target_course,0.16666666666666666
27288,2022,경상국립대학교,자연과학대학,컴퓨터과학부 컴퓨터과학전공,이산수학,2,1학기,3,3,0,전공선택,컴퓨터과학의 기초가 되는 이산수학의 개념을 이해한다.,"Kenneth H. Rosen/Rosen의 이산수학/한국맥그로힐,김대수/4차 산업혁명 시대의 이산수학/생능출판사",,,,True,False,True,False,False,True,target_department_and_foundational_course,0.25
27296,2022,경상국립대학교,자연과학대학,컴퓨터과학부 컴퓨터과학전공,빅데이터,3,2학기,3,3,0,전공선택,"본 강의에서는 빅데이터에서 의미있는 패턴, 규칙, 관계를 찾는 데이터 분석 능력을 키우는 것을 목표로 한다.분석의 관점과 데이터셋의 유형에 따라 실무에서 활용이 가능한 다양한 분석기법의 개념을 숙지하고 예제 중심으로 소개한다.빅데이터를 조작하고 분석하는 데 필요한 핵심기술과 통계분석법인 python과 기계학습의 핵심방법론을 학습니다.",최성철/데이터 과학을 위한 파이썬 머신러닝/한빛아카데미,,빅데이터전략연구소/빅데이터 개론/광문각,,True,True,False,True,False,True,target_department_and_target_course,0.16666666666666666
27304,2022,경상국립대학교,자연과학대학,컴퓨터과학부 컴퓨터과학전공,영상처리,4,1학기,3,2,1,전공선택,"본 강좌에서는 디지털 영상을 원하는 목적에 따라 변형 및 가공하거나 영상으로부터 필요한 정보를 추출할 수 있는 다양한 영상처리 기법에 대하여 학습한다. 영상처리의 과정은 영상획득, 전처리, 영역분할, 대상의 표현 및 묘사, 인식 및 판단으로 구성된다. 본 강좌에서는 이러한 영상처리 과정에 따라 각 단계별로 기본적인 이론을 교수하고, 실습과제를 통하여 학습한 지식을 체득할 수 있도록 한다.","정성환, 배종욱/OpenCV로 배우는 영상 처리 및 응용/생능출판사",,"이희석/C++ API OpenCV 프로그래밍 (제2판)/가메출판사,황선규역/Leanring OpenCV 제대로 배우기/한빛미디어","추천선수과목 : C프로그래밍, C프로그래밍 실습, 객체지향언어, 객체지향언어 실습",True,True,False,False,False,True,target_department_and_target_course,0.08333333333333333
27311,2022,경상국립대학교,자연과학대학,컴퓨터과학부 컴퓨터과학전공,기초설계PBL(어드벤처디자인),2,1학기,3,3,0,전공필수,"본 강의에서는 전반부에 소프트웨어 개발이라는 문제를 해결하기 위한 해결절차를 제시하고, 각 단계에서 사용할 수 있는 다양한 주요 원리 및 도구들에 대해 논의한다. 강의 후반부에는 제시한 원리 및 도구들을 특정 주제를 대상으로 팀 단위 PBL로 적용하고 그 결과물을 산출한다. 결과물은 프로젝트 계획서, 최종보고서, 포스터 등이다.",/PPT/,,김대수/창의공학설계/생능출판,"필수선수과목 : 없음,추천선수과목 : 없음",True,False,True,False,False,True,target_department_and_foundational_course,0.08333333333333333
27313,2022,경상국립대학교,자연과학대학,컴퓨터과학부 컴퓨터과학전공,소프트웨어설계PBL,3,1학기,3,3,0,전공필수,협업을 통한 소프트웨어 개발과 관련 문서 작성 및 정리를 경험한다.,"Ian Sommerville/소프트웨어 공학/홍릉과학출판사,정문재/소프트웨어 개발에 따른 프로젝트 관리 및 문서화/정익사",,,,True,False,True,False,False,True,target_department_and_foundational_course,0.25
27317,2022,경상국립대학교,자연과학대학,컴퓨터과학부 컴퓨터과학전공,C프로그래밍,1,1학기,2,2,0,전공필수,"본 강의는 C언어를 기반으로 프로그래밍의 기본 개념을 익히고, C언어가 제공하는 다양한 기능을 활용하여 프로그램을 작성할 수 있는 능력을 배양하는데 그 목적이 있다. 이를 위하여 C프로그래밍 언어가 갖는 기본 문법을 학습하고, 순차, 분기, 반복을 통한 논리적 제어의 흐름을 익힌다. 또한 배열, 함수, 포인터, 구조체의 개념과 파일 입출력 방법을 학습하여 보다 효과적인 자료의 표현 및 처리 방법을 습득한다. 그리고 문제중심학습(PBL)을 통해 학습한 내용을 문제해결에 적용하는 응용능력을 함양한다.",천인국/쉽게 풀어쓴 C언어 Express/생능출판사,,천정아/Warmingup C programming/연두에디션,,True,True,False,False,False,True,target_department_and_target_course,0.16666666666666666
27319,2022,경상국립대학교,자연과학대학,컴퓨터과학부 컴퓨터과학전공,C프로그래밍실습,1,1학기,1,0,2,전공필수,"본 강의는 C언어를 기반으로 프로그래밍의 기본 개념을 익히고, C언어가 제공하는 다양한 기능을 활용하여 프로그램을 작성할 수 있는 능력을 배양하는데 그 목적이 있다. 이를 위하여 C프로그래밍 언어가 갖는 기본 문법을 학습하고, 순차, 분기, 반복을 통한 논리적 제어의 흐름을 익힌다. 또한 배열, 함수, 포인터, 구조체의 개념과 파일 입출력 방법을 학습하여 보다 효과적인 자료의 표현 및 처리 방법을 습득한다. 그리고 문제중심학습(PBL)을 통해 학습한 내용을 문제해결에 적용하는 응용능력을 함양한다.",천인국/쉽게 풀어쓴 C언어 Express/생능출판사,,천정아/Warmingup C programming/연두에디션,,True,True,False,False,False,True,target_department_and_target_course,0.16666666666666666
27323,2022,경상국립대학교,자연과학대학,컴퓨터과학부 컴퓨터과학전공,객체지향프로그래밍,2,1학기,3,3,0,전공선택,"윈도우 운영체제 기반에서 모든 응용프로그램들은 다양한 윈도우로 표현되는 윈도우 프로그램들이다. 본 강의에서는 Visual studio를 사용하여 윈도우 프로그래밍을 학습하고 다양한 윈도우 프로그램들을 작성해 본다. 강의 구성은 먼저, 윈도우 프로그래밍의 개념과 함께 MFC 기본구조와 MFC 클래스의 개념을 학습한다. 계속하여 프로그램이 복잡하게 설계되어 최종적으로는 상당히 큰 프로그램을 작성하는 것을 폭표로한다.",정일홍/Visual C++ 2019/생능,,,"필수선수과목 : C언어 프로그램, 객체지향 프로그래밍",True,True,False,False,False,True,target_department_and_target_course,0.16666666666666666
27326,2022,경상국립대학교,자연과학대학,컴퓨터과학부 컴퓨터과학전공,컴퓨터구조,2,2학기,3,3,0,전공선택,"본 강좌에서는 컴퓨터의 구조와 동작 원리를 학습한다. 컴퓨터는의 기본 구조는 입출력장치, 중앙처리장치, 저장장치로 나누어 볼 수 있다.입출력장치에서는 외부장치와 메모리간의 입출력 방식에 대하여 학습하고, 중앙처리장치에서는 산술논리장치(ALU), 레지스터, 마이크로 프로세서 간의 연결과 동작원리에 대하여 학습한다. 저장창치에서는 캐시메모리, 메인메모리, 하드디스크로 구성되는 메모리 계층구조에 대하여 학습한다. 이를 통해서 컴퓨터의 동작 원리를 깊이있게 이해할 수 있다.",김종상 역/Mano의 컴퓨터시스템구조/프로텍미디어,,"William Stalling/Computer Organization and Architeture/Person,이상민 역/컴퓨터 시스템 구조/아이티씨,임석구, 홍경호/최신 컴퓨터 구조/한빛아카데미","필수선수과목 : 없음,추천선수과목 : 없음",True,True,False,True,False,True,target_department_and_target_course,0.08333333333333333
27330,2022,경상국립대학교,자연과학대학,컴퓨터과학부 컴퓨터과학전공,Java프로그래밍,2,2학기,2,2,0,전공선택,객체지향언어인 Java를 활용하여 프로그래밍할 수 있도록 Java의 기초문법에 대하여 강의를 진행한다. 본 강의를 통해 습득한 Java 기초문법은 동학기 간 진행하는 Java 프로그래밍 실습 강의에서 체득할 수 있도록 한다.,우종정/쉽게 배우는 자바 프로그래밍/한빛아카데미,,,"필수선수과목 : 없음,추천선수과목 : C프로그래밍",True,True,False,False,False,True,target_department_and_target_course,0.16666666666666666
27331,2022,경상국립대학교,자연과학대학,컴퓨터과학부 컴퓨터과학전공,Java프로그래밍실습,2,2학기,1,0,2,전공선택,동학기간 진행되는 Java 프로그래밍 수업에서 이론적으로 배운 Java의 기초 문법을 개발환경에서 실습한다. 이를 통해 Java 기초문법을 체득하고 더욱이 프로그래밍 감각을 습득할 수 있도록 한다.,우종정/쉽게 배우는 자바 프로그래밍/한빛아카데미,,,"필수선수과목 : 없음,추천선수과목 : C프로그래밍",True,True,False,False,False,True,target_department_and_target_course,0.16666666666666666
27333,2022,경상국립대학교,자연과학대학,컴퓨터과학부 컴퓨터과학전공,자료구조,2,2학기,3,3,0,전공필수,자료구조의 개념과 응용을 이해한다.,"천인국, 공용해, 하상호/C언어로 쉽게 풀어쓴 자료구조/생능출판사,최영규, 천인국/파이썬으로 쉽게 풀어쓴 자료구조/생능출판사",,"By Thomas H. Cormen, Charles E. Leiserson, Ronald L. Rivest and Clifford Stein/Introduction to Algorithms/MIT Press",,True,True,False,False,False,True,target_department_and_target_course,0.16666666666666666
27336,2022,경상국립대학교,자연과학대학,컴퓨터과학부 컴퓨터과학전공,프로그래밍언어론,3,1학기,3,3,0,전공선택,"프로그래밍 언어에 대한 전반적인 이론을 배운다. 언어의 구문, 데이터 형, 수식, 제어문,부프로그램의 원리, 추상자료형, 객체지향언어의 개념, 병행프로그램 등에 관하여 배운다.","유원희, 하상호(역)/프로그래밍언어론/홍릉과학출판사",,,"필수선수과목 : C, Java,추천선수과목 : Python",True,True,False,False,False,True,target_department_and_target_course,0.16666666666666666
27337,2022,경상국립대학교,자연과학대학,컴퓨터과학부 컴퓨터과학전공,운영체제,3,2학기,3,3,0,전공선택,"본 강의는 운영체제 배경지식를 비롯하여 운영체제 주요 주제인 프로세스(쓰레드), 병행성, 메모리, 스케줄링 그리고 보안(또는 가상머신) 등에 대하여 설명한다. 이러한 주제들은 상호연관성이 있으며, 상용화되어 있는 거의 모든 운영체제에서 포함하고 있는 주요 개념이다. 수업의 운영은 각 주제의 강의가 종료되는 시점에 수시고사 형식의 시험을 시행한다. 주별 강의내용에서 제시한 바와 같이 다양하고 광범위한 영역을 다루기 위해서는 기본 기능에 대한 학습자의 자기주도학습을 통한 예습이 필수이며, 수업에서는 보다 심도있는 주제 관련 내용을 설명 및 토의한다.","전광일, 김철민, 김한일, 김판구, 조성재 등/운영체제 내부구조 및 설계원리, 제8판/도서출판 그린 도서출판 그린",,"다니엘 보베이, 마르코 체사티/리눅스 커널의 이해/한빛미디어,박민규역/운영체제/퍼스트북,이민우/임베디드 OS 만들기/인사이트","필수선수과목 : 컴퓨터구조,추천선수과목 : 자료구조",True,True,False,True,False,True,target_department_and_target_course,0.08333333333333333
27341,2022,경상국립대학교,자연과학대학,컴퓨터과학부 컴퓨터과학전공,알고리즘,3,2학기,3,3,0,전공선택,알고리즘의 개념과 응용을 이해한다.,양성봉/알기 쉬운 알고리즘/생능출판사,,"By Thomas H. Cormen, Charles E. Leiserson, Ronald L. Rivest and Clifford Stein/Introduction to Algorithms/MIT Press,Jon Kleinberg & Eva Tardos/Algorithm Design/Addison Wesley,양성봉/알고리즘으로 생각하기/생능출판사,최영규/파이썬 알고리즘/생능출판사",,True,True,False,True,False,True,target_department_and_target_course,0.16666666666666666
27346,2022,경상국립대학교,자연과학대학,컴퓨터과학부 컴퓨터과학전공,소프트웨어공학론,2,2학기,3,3,0,전공선택,Software Engineering의 기초 개념과 응용에 대한 이해와 학습,"정인상/오픈 소스 소프트웨어로 실습하는 소프트웨어 공학/생능출판사,최은만/소프트웨어 공학의 모든 것/생능출판사",,,,True,True,False,False,False,True,target_department_and_target_course,0.25
27348,2022,경상국립대학교,자연과학대학,컴퓨터과학부 컴퓨터과학전공,기계학습,4,2학기,3,3,0,전공선택,1. 보안개론 학습을 통한 보안 3요소의 이해2. 정형 검증의 개념 및 도구 분석3. 정형 검증 도구의 활용 실습* 현 강의계획은 수업진도에 따라 변경 가능 합니다.,김지윤/강의자료/,,"A logic of authentication/Michael Burrows, Martn Abadi, Roger Needham/ACM,The AVISPA Tool for the Automated Validation of Internet Security Protocols and Applications/A. Armando et al./SPRINGER,The Scyther Tool: Verification, Falsification, and Analysis of Security Protocols/Cas Cremers/ETH Zurich",,True,True,False,True,False,True,target_department_and_target_course,0.16666666666666666
27352,2022,경상국립대학교,자연과학대학,컴퓨터과학부 컴퓨터과학전공,시스템분석및설계,3,2학기,3,2,2,전공선택,시스템 분석 설계를 이해하고 관련 실습을 수행한다.,최은만/UML로 배우는 시스템 분석 설계/생능출판사,,"정인상/오픈 소스 소프트웨어로 실습하는 소프트웨어 공학/생능출판사,최은만/시스템 분석 설계 with 애자일/생능출판사",,True,False,True,False,False,True,target_department_and_foundational_course,0.16666666666666666
27603,2022,경상국립대학교,자연과학대학,컴퓨터과학부 컴퓨터소프트웨어전공,C언어실습,1,1학기,3,2,2,전공선택,C언어는 현재도 공학 전반의 실무 현장에서 가장 많이 사용되는 하나로 C언어는 간결하고 효율적이며 저수준의 하드웨어 제어도 가능한 강력한 언어이며 대학 초년생들이 프로그래밍에 입문하고자 하는 경우 가장 과학적이고 논리적인 프로그래밍언어이다 이 언어를 이해하고 잘 사용할수 있도록 하는데 학습모고표가 있다.,천인국/C언어 Express/생능출판사,,"안기수/명품C언어 프로그래밍/생능출판사,천인국/C언어콘서트/생능출판사",,True,True,False,False,False,True,target_department_and_target_course,0.16666666666666666
27611,2022,경상국립대학교,자연과학대학,컴퓨터과학부 컴퓨터소프트웨어전공,웹프로그래밍실습,1,2학기,3,2,2,전공필수,"자바스크립트는 웹 브라우저에서 작동하는 웹 클라이언트 페이지를 만들려는 목적으로 만들어졌다. 사용자의 인터페이스를 효과적으로 관리할 수 있는 기술이며, 2012년 이후 다양한 분야에서 폭발적으로 사용되기 시작하였다. 이에 웹 응용 개발자의 클라이언트와 서버에 대한 기술을 본 교과목에서 학습하고자 한다.","윤인성/IT CookBook, 자바스크립트 프로그래밍 입문(2판)/한빛아카데미",,윤인성/HTML5 웹 프로그래밍 입문/한빛아카데미,,True,True,False,False,False,True,target_department_and_target_course,0.16666666666666666
27615,2022,경상국립대학교,자연과학대학,컴퓨터과학부 컴퓨터소프트웨어전공,확률과통계,1,2학기,3,3,0,전공필수,"교과목 개요: 컴퓨터과학 학문에서 활용되는 확률과 통계의 기본 개념 이해 기본 개념 및 활용방법 학습을 통해 데이터 기반 문제 해결 역량을 배양하고, 향후 Computer Scientist로서 성장하기 위한 토대 마련학습목표: 모집단, 표본, 확률변수, 확률분포, 추론 등 전반적인 확률과 통계 이론을 학습 Describing Datasets: 모집단(Population)과 표본(Sample)에 대한 개념 및 각종 기술통계(Descriptive Statistics) 방법 학습 Probability: 기본 확률 이론 (조합, 확률변수, 확률분포) 학습 Inference: 추론통계(Inferential Statistics) 및 확률 모델(Probability Model) 기반 추론 방법 학습","Sheldon Ross/A First Course in Probability (10th Edition)/Pearson,여인권/통계학: 기본개념과 원리/자유아카데미",,Sheldon Ross 저/강석복 역/확률의 입문(제10판)/자유아카데미,,True,False,True,False,False,True,target_department_and_foundational_course,0.16666666666666666
27885,2022,경상국립대학교,해양과학대학,조선해양공학과,인공지능을위한선형대수학,1,1학기,3,3,0,전공선택,"공학의기본이되는공학수학을공부한다.특히,물리적 현상을 미분 방정식으로 표현하고, 이들 방정식을 해석하는 방법을 공부하여 공학도의 기본 소양을 함양한다.",KULDEEP SINGH/한 걸음씩 알아가는 선형대수학/한빛아카데미,,,,False,True,True,True,False,True,strong_ai_cs_course_outside_target_department,0.25
27889,2022,경상국립대학교,해양과학대학,조선해양공학과,인공지능기초및활용,4,1학기,3,3,0,전공필수,"4차 산업과 관련하여, 스마트 쉽 빌딩의 기초가 되는 생산 자동화의 기초를 이해",한영근 외6/현대 생산자동화와 CIM/시그마프레스,,"조규갑, 차성운/생산시스템공학/사이텍미디어",,False,True,False,True,False,True,strong_ai_cs_course_outside_target_department,0.16666666666666666
28545,2022,경상국립대학교,해양과학대학,지능형통신공학과,프로그래밍기초,1,2학기,3,3,0,전공선택,"This course is a MATLAB programming course for students with no programming experience. Specifically, we learn about various functions of MATLAB, 2dimensional graphs, and 3dimensional graphs.",/자체강의자료/,,,,True,True,False,False,False,True,target_department_and_target_course,0.25
28546,2022,경상국립대학교,해양과학대학,지능형통신공학과,회로이론,1,2학기,3,3,0,전공필수,"회로이론은 전자공학 및 통신공학에서 하드웨어 분야의 기본이 되는 학문이다. 회로이론을 통해 얻는 부분은 크게 두 가지로 나눌 수 있을 것이다. 첫번째로 전자공학에서 논하는 하드웨어가 어떤 형식으로 구성되는지 추측 가능하다. 이러한 이해도는 향후 여러가지를 직접 구현하는 상황에 맞닥뜨려도 대응할 수 있는 확장성을 넓힐 것이다. 두번째로 회로이론에서 배운 수학적인 해석방법을 통해 다른 분야에 확장 적용이 가능하다. 회로이론에서는 선형대수, 복소평면, 미적분 등 회로해석에 필요한 다양한 수학적 지식을 배우게 된다. 이 내용을 활용하여 통신에서의 신호 해석, 인공지능 분야의 알고리즘 분석 등에 활용이 가능하다. 덧붙여 상대적으로 소프트웨어 분야의 비중이 올라가고 있는 시점에도 본 과목의 필요성은 크게 줄어들지 않는다. 현실의 많은 응용 분야는 소프트웨어와 하드웨어가 조합되어 적용되어 있기 때문에 하드웨어 분야에 대한 이해가 소프트웨어 분야에서 활동할 때 큰 도움이 될 수 있다.",방성완/처음 만나는 회로이론/한빛아카데미,,,,True,True,False,False,False,True,target_department_and_target_course,0.25
28548,2022,경상국립대학교,해양과학대학,지능형통신공학과,이산수학,2,1학기,3,3,0,전공필수,"이산수학은 정수, 논리 연산 등 서로의 값이 연속적이지 않고 떨어져 있거나 구분되어 있는 개념을 다루는 수학이다. 우리가 기존에 다루던 연속적인 수 개념과 다르게 이렇게 구분되어 있는 개념을 다루는 이유는 명확하다. 컴퓨터가 데이터를 다루는 방식이 '0' 또는 '1'의 구분된 값을 가지고 연산을 수행하기 때문이다. 공학에서 다루는 많은 연산, 알고리즘이 컴퓨터를 사용하기 때문에, 우리도 컴퓨터를 이용해 문제를 풀기 위해서는 이처럼 이산된(discrete) 데이터를 다루는 방법에 대한 이해가 필요하다. 요약하자면, 본 과목에서는 디지털 환경에서의 개념, 원리, 법칙을 이용해서 실생활 또는 공학적 환경에서 요구하는 문제를 컴퓨터를 활용하여 풀 수 있는 능력을 배양하고자 한다. 여느 수학 과목이 그러하듯, 본 과목을 직접적으로 적용하여 실생활의 문제를 풀 수 있는 경우는 드물 것이다. 하지만 해당 과목을 이해한 학습자는 실생활의 문제를 빠르게 디지털 환경에 맞게 적용하고 문제의 타당성을 직관적으로 이해할 능력을 가질 것이다.",박주미/컴퓨팅 사고력을 키우는 이산수학/한빛아카데미,,,,True,False,True,False,False,True,target_department_and_foundational_course,0.25
28549,2022,경상국립대학교,해양과학대학,지능형통신공학과,선형대수,2,1학기,3,3,0,전공선택,"In this course, we will study the matrix theory which is indispensible to the whole engineering and science areas such as electrical engineering, computer engineering, physics, chemistry, biology, economics, psychology, etc. The subjects covered in this course include systems of linear equations, Gaussian elimination, vector spaces, fundamental subspaces of matrix, matrix arithmetic, determinants, eigenvalues and eigenvectors, orthogonality, GramSchmidt orthogonalization, diagonalization, similarity, and positive definiteness.","G. Strang/Linear Algebra and its applications/WellesleyCambridge Press,H. Anton and C. Rorres/Elementary Linear Algebra/Wiley,이건명/응용이 보이는 선형대수학/한빛 아카데미",,,,True,False,True,False,False,True,target_department_and_foundational_course,0.25
28555,2022,경상국립대학교,해양과학대학,지능형통신공학과,공학수학,2,2학기,3,3,0,전공필수,"지능형통신공학과 학생들이 필수적으로 알아야하는 기본적인 수학을 이론과 연습문제 풀이, 그리고 실제 활용의 예를 통해 학습한다. 주로 미분방정식의 풀이, 선형대수, 라플라스 변환, 확률 및 랜덤변수의 개념을 강의한다.",Erwin Kreyszig/Advanced Engineering Mathematics/WILEY,,,,True,False,True,False,False,True,target_department_and_foundational_course,0.25
28556,2022,경상국립대학교,해양과학대학,지능형통신공학과,정보보안,2,2학기,3,3,0,전공선택,"정보보안 및 응용의 기본개념을 설명하고, 시스템보안, 네트워크보안, 웹보안, 모바일 보안 등의 부분별 보안으로 나누어 상세내용을 설명한다. 또한 웹프록시를 통한 웹해킹의 원리를 알아보고 보안 기술이 전자상거래, 침입탐지, 인증시스템, 개인정보보호에 어떻게 응용되는가를 실제 예를 통해 이해한다.",양대일/정보보안 개론 및 실습/한빛아카데미,,,,True,True,False,True,False,True,target_department_and_target_course,0.25
28557,2022,경상국립대학교,해양과학대학,지능형통신공학과,프로그래밍응용,2,1학기,3,2,2,전공선택,"In this lecture, as a programming application, we study C language to understand the basic concept of programming. In order to improve the programming skill, we practice various examples and develop algorithms.",우재남/C언어 for Beginner/한빛아카데미,,,,True,True,False,False,False,True,target_department_and_target_course,0.25
28558,2022,경상국립대학교,해양과학대학,지능형통신공학과,파이썬프로그래밍,2,1학기,3,2,2,전공선택,"파이썬 언어의 기본적인 내용을 학습하고 프로그래밍에 대한 기본 스킬을 습득한다. 그리고, 습득한 내용을 바탕으로 다양한 문제들을 프로그래밍으로 해결하기 위한 실습을 진행한다.",우재남/파이썬 for Beginner/한빛아카데미(주),반태원/실습자료/자체제작,,,True,True,False,False,False,True,target_department_and_target_course,0.16666666666666666
28560,2022,경상국립대학교,해양과학대학,지능형통신공학과,자료구조,2,2학기,3,3,0,전공필수,"Programming training for software engineers, thus students needs at least 8 hours, including class, lab, and class assignments.Class lectures will be given in videos and lab will be done by realtime online.Students need complete any given programming assignments by end of labs. Some programing assignments will need more days than one day이 과목은 고급 프로그래밍을 원하는 모든 프로그래머를 위한 기초적인 프로그래밍 기법을 제공한다. 따라서 고급 프로그래밍을 원하는 학생은 반드시 수강해야 하는 필수 과목이다. 이 강의에서는 파이썬 기초 프로그램부터 시작하여 프로그램에 필요한 다양한 자료구조와 알고리즘을 학습한다. 모든 학생에게는 매주 프로그래밍 과제가 적어도 1개 이상 주어지며, 대부분은 수업 시간 랩을 통해서 주어지고 그 시간 프로그래밍을 통해 해결하도록 유도한다. 수업 내용은 비디오를 통해 주어지며 랩을 통해서는 학생들 스스로 주어진 프로그램을 풀 수 있도록 돕는다. 학생들은 최소 10라인 많게는 200라인 정도의 프로그램을 작성하게되며 이를 통해서 다양한 프로그램의 기본을 다진다.","Bohyoh Shibata/Do it 자료구조와 함께 배우는 알고리즘 입문 파이썬 편/이지스퍼블리싱,최영규, 천인국/Data Structure using Python (파이선으로 쉽게 풀어쓴 자료구조)/생능",,,,True,True,False,False,False,True,target_department_and_target_course,0.25
28562,2022,경상국립대학교,해양과학대학,지능형통신공학과,확률및랜덤변수,2,2학기,3,3,0,전공필수,"Probability and random variable is an introductory course covering basic principles of probability and statistical inference. Axiomatic definition of probability, random variables, probability distributions, expectation will be covered. Moreover, basic theories of stochastic process will be also covered. Basic experiments which verifies the generation and characteristics of random variables will be given using Matlab.","Yates, Roy D./Probability and Stochastic Processes: A Friendly Introduction for Electrical and Computer Engineers : A Friendly Introduction for Electrical and Computer Engineers/Wiley,정호영/확률과 랜덤 과정/한빛미디어",,"Papoulis/Probability, Random Variables and Stochastic Processes 4/E/McGrawHill",,True,False,True,False,False,True,target_department_and_foundational_course,0.16666666666666666
28565,2022,경상국립대학교,해양과학대학,지능형통신공학과,신호및시스템,2,2학기,3,3,0,전공필수,"This course deals with the concepts of signals and systems and their relationship between the time domain and frequency domain. To do this, we extensively learn Fourier transform in continuousand discrete time.",Oppenheim/Signals & Systems/Prentice Hall,,,,True,True,False,False,False,True,target_department_and_target_course,0.25
28566,2022,경상국립대학교,해양과학대학,지능형통신공학과,인공지능개론,2,2학기,3,3,0,전공선택,This class will focus on AI technologies including Machine learning. AI is a computerbased intelligence system that learns an algorithm to solve problems. AI technologies are dramatically advanced recently thanks to Neural Network and Deep Learning techniques. This class will cover the fundamentals on Machine Learning and programming for Machine Learning models.,"오일석, 이진선 /파이썬으로 만드는 인공지능 /한빛미디어","세바스찬 라시카 외 2/머신러닝 교과서 with 파이선, 사이킷런, 텐서플로/길벗",,,True,True,False,True,False,True,target_department_and_target_course,0.16666666666666666
28568,2022,경상국립대학교,해양과학대학,지능형통신공학과,정보보안실습,3,2학기,3,2,2,전공선택,"본 과목은 정보보안 중 네트워크 보안과 관련된 실습을 통해 네트워크 보안을 더욱 더 깊게 이해하는 것을 목적으로 한다. 최근 차세대 이동통신, 사물인터넷 등 모든 단말들이 네트워크로 연결되는 가운데, 정보보안에 대한 관심은 점점 더 높아지고 있다. 하지만 이에 대해 깊게 이해하고 있는 전문가 또는 관련 직종에 대한 공급은 부족한 것이 사실이다. 따라서 본 과목에서는 보안 분야에 관심이 있는 학생 또는 네트워크/프로그래밍 분야에 관심이 있는 학생을 목표로 수업을 진행할 것이다. 네트워크 보안은 운영체제, 프로그래밍, 네트워크, 데이터베이스 등 광범위한 지식에 대한 이해를 요구하기 때문에 진입 장벽이 높다. 하지만 본 과목에서는 해당 분야에 대한 기본 내용을 실습 전 강의를 통해 안내할 것이다. 본 과목에서는 네트워크의 기본 이론을 설명하고, 해킹을 위핸 정보 수집, 다양한 해킹 방법을 다루고 마지막으로 이에 대응하는 보안 시스템의 활용 방법에 대해 다루고자 한다.",양대일/네트워크 해킹과 보안: 정보 보안 개론과 실습/한빛아카데미,,,,True,True,False,True,False,True,target_department_and_target_course,0.25
28569,2022,경상국립대학교,해양과학대학,지능형통신공학과,객체지향프로그래밍,2,2학기,3,2,2,전공선택,"In this class, students will study “objectoriented programming,” one of popular programming methods and techniques. They will learn how to build a SW design with UMLbased methodology and how to write a program based on the design of OO. Students need at least 8 hours to complete all lectures and assignments. The later part of this class will give students a termproject that provides students with comprehensive understanding of OO design and programming. The evaluation of this class will be done by assignments, instant quiz and term projects.",Mihalis Tsoukalos/Mastering Go (한국어 Go 마스터하기)/Pacts(한국어 에이콘 출),,,,True,True,False,False,False,True,target_department_and_target_course,0.25
28570,2022,경상국립대학교,해양과학대학,지능형통신공학과,통신이론,3,1학기,3,3,0,전공필수,"In this lecture, as a programming application, we study C language to understand the basic concept of programming. In order to improve the programming skill, we practice various examples and develop algorithms.",한동석/원리로 이해하는 통신이론/한빛아카데미,,,,True,True,False,False,False,True,target_department_and_target_course,0.25
28571,2022,경상국립대학교,해양과학대학,지능형통신공학과,컴퓨터네트워크,3,1학기,3,3,0,전공필수,"In this lecture, the origin of Internet network and the fundamentals behind the Internet will be learned. Especially, the overall summary on structure of OSI 7layer will be given and each layer will be explained more deeply. Some important notions such as TCP/IP, IP address, DNS, NAS, ICMP, HTTP, Web Caching, will be explained. Moreover, the security over the Internet will be also covered partially.",Kurose/Computer Networking: TopDown Approach/Pearson Education Korea,,"강문식,이상민/초고속정보통신과프로토콜/21세기사,김병철외5명/TCP/IP프로토콜/인터비젼,노정민/aboutNetwork구축과활용2/영진닷컴,이재호,구창회,김장권,이상훈/정보통신망과프로토콜/복두출판사",,True,True,False,False,False,True,target_department_and_target_course,0.16666666666666666
28576,2022,경상국립대학교,해양과학대학,지능형통신공학과,머신러닝,3,1학기,3,3,0,전공선택,"머신러닝 수업에서는 인공지능 알고리즘 중 인공 신경망을 활용한 학습 알고리즘을 다룬다. 인공 신경망은 소프트웨어적으로 인간의 신경 전달 구조를 차용하여 만든 기계학습 알고리즘이다. 본 과목에서는 인공 신경망을 활용한 알고리즘의 수학적 배경부터 알고리즘의 역사, 내용, 실제 적용 방법, 응용 예제까지 인공 신경망과 관련한 전체적인 내용을 다룰 것이다. 본 과목의 최종적인 목적은 학습자들이 인공 신경망을 컴퓨터 프로그래밍으로 개발할 수 있는 능력을 함양시키는 데에 있다. 인공 신경망 분야에서는 개념의 이해 못지 않게 실질적인 적용 과정이 매우 중요하다. 그리고 인공 신경망을 실질적으로 활용할 수 있게끔 수많은 컴퓨팅 환경들이 높은 편의성으로 제공되고 있다. 따라서 수업 시간과 과제를 통해 인공 신경망 알고리즘을 직접 개발해보는 과정을 거칠 것이다. 덧붙여 4차 산업혁명 시대가 요구하는 인공지능 소프트웨어 개발자, 데이터 분석가 등의 진로에 대해서 교수자와 학습자가 함께 고민해보는 시간이 되기를 희망한다.","Aurelien Geron 지음, 박해선 옮김/핸즈온 머신러닝/한빛아카데미",,,,True,True,False,True,False,True,target_department_and_target_course,0.25
28591,2022,경상국립대학교,해양과학대학,지능형통신공학과,모바일프로그래밍,3,2학기,3,2,2,전공선택,"컴퓨터 운영체재에 대해서 공부하고 현재 가장 큰 이슈가 되는 운영체재인 안드로이드 운영체재를 구성하는 JAVA 프로그래밍 언어에 대해서 학습한다. 특히 자바의 특징중 하나인 객체지향언어 방식과 JVM을 이용한 컴파일등에 대해서 공부하고 AWT, swing package등을 이용한 시각화 방안도 학습한다. 본 강의를 통해 수강생들이 간단한 JAVA 프로그램을 개발할 수 있는 능력을 배양하는 것을 목표로 한다.","김윤명/뇌를 자극하는 JAVA 프로그래밍/한빛미디어,황희정/Java for beginner/한빛미디어",,김성훈/JAVA가 보이는 그림책/성안당,,True,True,False,False,False,True,target_department_and_target_course,0.16666666666666666
28594,2022,경상국립대학교,해양과학대학,지능형통신공학과,캡스톤디자인,4,1학기,3,2,2,전공필수,"This course, Capstone Design, provides students with experiences of practical system/software development. Students will experience as follows:Survey product ideaMarket survey and evaluation of product potential Requirement Engineering System and Software Architecture Design Software DesignSystem/Software ImplementationProduct Evaluation Team/SelfEvaluation ProjectBased Learning This course will be given in Problem (Project)based Learning, so that students find problems and solutions themselves and evaluate themselves and others. Lecturer of this course will be a coach and guides students to find problems, obstacles and ways to find solutions. For those reasons, students should be more proactive than other courses.",교수/교수제공자료/,,,,True,False,True,False,False,True,target_department_and_foundational_course,0.25
28595,2022,경상국립대학교,해양과학대학,지능형통신공학과,모바일네트워크,3,2학기,3,3,0,전공선택,"In this lecture, we study the basic principles, current status, and evolution trends of mobile communication networks including LTE, LTEA, and wireless local area networks. We also study the architecture of the networks. We will practice various labs such as radio signal measurement and password cracking using WiFi.",반태원/Overview of LTE and OFDM/반태원,3gpp/technical specifications/3gpp,,,True,True,False,False,False,True,target_department_and_target_course,0.16666666666666666
28598,2022,경상국립대학교,해양과학대학,지능형통신공학과,임베디드시스템프로그래밍,4,1학기,3,2,2,전공선택,"Until the midterm exam, students will study computer structure and Python language which is widely used in applications of embedded systems. After the midterm exam, students will study various functions of embedded systems using Raspberry Pi board, one of popular embedded system controllers.",/Lecture Material/,,김성우/사물인터넷을 품은 라즈베리파이/제이펍,,True,True,False,False,False,True,target_department_and_target_course,0.16666666666666666
28601,2022,경상국립대학교,해양과학대학,지능형통신공학과,디지털시스템설계,2,1학기,3,3,0,전공선택,"디지털시스템설계 과목은 디지털시스템에서 발생하는 문제 해결을 위해 MATLAB과 simulink를 사용하는 방법에 대해 학습하는 과목이다. 해당 프로그램은 공학 프로그램을 해결하는 데에 최적화되어 있으나, 프로그램의 크기나 기능이 방대하여 한 눈에 이해하기 어렵다. 따라서 본 과목은 해당 프로그램의 기본 기능과 핵심 기능에 대해 이해하고 이를 전자공학, 통신공학 등에 이용하는 방법에 대해 설명한다. 기존의 회로이론, 선형대수학, 통신이론 등에서 다루었던 행렬계산, 미분방정식, 라플라스 변환 등의 방법에 대해 프로그램을 사용하여 해결하는 방법 등을 학습한다. 이를 통해 학생들의 컴퓨터를 이용한 공학적 문제 해결 능력을 함양시키는 것이 본 과목의 목적이다.",방성완/제대로 배우는 MATLAB&Simulink/한빛아카데미,,,,True,True,True,False,False,True,target_department_and_target_course,0.25
28603,2022,경상국립대학교,해양과학대학,지능형통신공학과,컴퓨터구조,3,1학기,3,3,0,전공선택,"컴퓨터구조 과목은 컴퓨터의 구조, 기능에 대해 학습하고 중앙 계산 장치의 명령어 집합 구조와 마이크로아키텍쳐를 설계하고 논리회로를 설계하고 구현하는 방법을 이해하는 과목이다. 해당 과목은 컴퓨터는 어떤 방식으로 동작하는가에 대한 질문에 대해 답할 수 있는 과목으로 볼 수 있다. 컴퓨터의 하드웨어 구조와 기본 원리에 대해서 소개하고 각각이 어떤 방식으로 효율적으로 구성되는지 설명할 것이다. 그 뒤, 명령어 집합 구조에 대해 설명하고 명령어의 파이프라이닝 개념에 대해 설명한다. 마지막으로, 병렬 처리의 개념과 병렬 컴퓨터 구조에 대해 학습한다.","신종홍/IT CookBook, 컴퓨터 구조와 원리 3.0/한빛아카데미",,,,True,True,False,True,False,True,target_department_and_target_course,0.25
28610,2022,경상국립대학교,해양과학대학,지능형통신공학과,영상처리및패턴인식,3,1학기,3,3,0,전공필수,"본 과목에서는 이미지 위주의 영상 데이터를 컴퓨터 프로그램밍을 통해서 처리하는 다양한 기법과 배경이 되는 기초 이론을 학습한다. 한 학기 동안 영상 간의 산술 논리 연산, 기하학적 연산, 화질 개선, 공간 영역 필터링, 주파수 영역 필터링, 영상 복원, 영산 분할에 대하여 순서대로 학습한다. 그리고, 파이썬 프로그램을 통해서 습득한 기초 지식을 활용하여 실습을 진행하여 이해의 폭을 넓힌다.","정성환,배종옥/OpenCVPython으로 배우는 영상처리 및 응용/생능출판사",반태원/영상처리 응용 예제/,,,True,True,False,False,False,True,target_department_and_target_course,0.16666666666666666
28614,2022,경상국립대학교,해양과학대학,지능형통신공학과,고급인공지능창의융합PBL,4,2학기,3,2,2,전공선택,"이 과목은 국내 다양한 TI, AI 기업과 더불어 자율주행, 의료 AI 등 다양한 현실 세계의 AI 문제를 해결하고자는 문제 해결형 PBL 과목이다. 본 과목은 신성장 산업의 맞춤형 인재 양성을 목표로 국내외 다양한 기업과 산학 연계하여, 산업 현장과 사회에서 요구하는 문제 해결.협업.실무 능력 배양을 목포로 한다. 본 과정에서는 다음의 내용을 다룬다. 시장 조사 및 문제 정의 요구사항 정의 및 분석, 시스템 및 SW 설계 팀 운영 방법 프로젝트 운영 (Scrum and Agile) 방법 다양한 AI 기술 활용 본 과정은 기업과 대학에서 도출한 문제를 학생들이 기업과 협업하여 해결하고자 하는 것이 목표이다. 아울로 F1/10(f1tenth.org)와 같은 실전 자율주행시스템의 SW를 개발하며 더불어 우수 참가자에게 국내 F1/10 경기 대회에 참여 기회도 제공할 예정이다. 그 외에도 참여 학생들은 기업에서 제공한 다양한 문제를 다양한 경험을 가진 학생들과 함께 해결할 수 있는 기회를 가지게 된다. This course will be given in Problem (Project)based Learning, so that students find problems and solutions themselves and evaluate themselves and others. Lecturer of this course will be a coach and guides students to find problems, obstacles and ways to find solutions. For those reasons, students should be more proactive than other courses.This course will be given in the collaboration of industrial company, Sonnet(Korea Autonomous Driving Software) and University of Pennsylvania.",교수/교수제공자료/,,,,True,True,False,True,False,True,target_department_and_target_course,0.25
28803,2022,경상국립대학교,융합전공,EMobility,인공지능개론,3,1학기,3,3,0,전공선택,"본 강의에서는 기계학습의 기본 개념과 원리, 모델 구조, 학습 알고리즘 및 관련 지식을 학습 한다. 나아가, 딥러닝(deep learning), CNN, RNN, Reinforced 러닝의 원리를 배운다. Matlab 을 이용한 실습을 통하여 여러가지 공학적인 문제를 해결할 수 있다.",/클래스노트/,,,추천선수과목 : 공업수학,False,True,False,True,False,True,strong_ai_cs_course_outside_target_department,0.16666666666666666
28877,2022,경상국립대학교,융합전공,데이터사이언스학,웹크롤러개발,3,1학기,3,1,2,전공선택,"본 수업에서는 데이터 수집과 관련하여 웹에 존재하고 있는 비정형 데이터를 자동으로 수집하는 웹 크롤러를 개발하고자 한다. 수업을 통해 학생들은 웹 정보를 크롤링하거나 스크래핑하는 전문 기술들을 학습할 수 있다. 또한 수집된 데이터를 대상으로 감성분석을 실시하는 프로그램을 개발하고 그 결과를 D3를 활용하여 시각화하는 방법을 교육하고자 한다. (주별강의계획 등 자세한 내용은 첫 수업때 공지하도록 함, Java 프로그램 중급 이상의 실력을 지닌 학생들만 수강 가능)",/강의자료/ecampus.gnu.ac.kr,,/크롤링 핵심 가이드/위키북스,,True,True,False,False,False,True,target_department_and_target_course,0.16666666666666666
28879,2022,경상국립대학교,융합전공,데이터사이언스학,자료구조,2,2학기,3,3,0,전공선택,"컴퓨터를 활용하여 문제를 해결할 시 그 활용이 필수적인 기본적인 자료 구조에 대해 강의한다. 배열, linked list, stack, queue, search tree, hash table, balanced search tree 등의 자료 구조의 구성, 활용 방법 및 효율성에 대해 강의한다.","최영규, 천인국/파이썬으로 쉽게 풀어쓴 자료구조/생능출판사",,이지영/c로 배우는 쉬운 자료구조(4판)/한빛아카데미,,True,True,False,False,False,True,target_department_and_target_course,0.16666666666666666
28882,2022,경상국립대학교,융합전공,데이터사이언스학,데이터베이스,3,1학기,3,3,0,전공선택,본 과목에서는 산업체의 정보시스템 구축에 있어서 효과적인 데이터 관리와 프로세스 통합의 근간이 되는 Database System의 설계와 응용 프로그램 개발에 필요한 이론을 강의하고 상용 DBMS를 이용한 실습을 한다. 관계형 데이터 모델과 RDBMS 및 DB 응용 프로그램 작성기법을 주된 주제로 다룬다. 수강 학생들은 실무용 DB 시스템 구축 및 응용 프로그램 개발과 관련한 조별 Project를 수행한다.,도남철/데이터베이스 처리와 다차원 자료 분석/퍼플,,,추천선수과목 : 정보통신개론,True,True,False,True,False,True,target_department_and_target_course,0.16666666666666666
28884,2022,경상국립대학교,융합전공,데이터사이언스학,딥러닝,3,2학기,3,3,0,전공선택,"퍼셉트론을 시작으로 인공지능의 구조와 연산의 기본 개념을 살펴본다. 간단한 기계학습을 시작으로 딥러닝과 신경망 이론을 다루며, 고급인공지능 기법등을 학습하기 위한 기초지식을 섭렵한다.",사이토 고키/밑바닥부터 시작하는 딥러닝/한빛미디어,,,,True,True,False,True,False,True,target_department_and_target_course,0.25
28885,2022,경상국립대학교,융합전공,데이터사이언스학,빅데이터개론,2,1학기,3,3,0,전공선택,"빅데이터분석의 개념, 접근방향 및 분석과정 등에 대한 기본적인 지식을 학습함으로써빅데이터분석 분야에 대한 기본적인 통찰력을 가질 수 있는 지식을 정리하도록 한다.실제 빅데이터분석에 필수 수단인 분석 프로그래밍 언어(파이썬)를 활용한 분석의 실행경험을통하여 분야의 기초역량을 가지도록 한다.데이터 요약, 탐색, 시각화, 선형회귀모형, 분류 및 군집 등에 대해 파이썬을 적용해 봄으로써빅데이터 분석의 실행과정에 대해 경험하도록 한다.","/강의 유인물/,강지영/파이썬으로 시작하는 데이터 분석 /아이리포",,/관련 서적(수업중 소개)/,,True,True,False,True,False,True,target_department_and_target_course,0.16666666666666666
28888,2022,경상국립대학교,융합전공,데이터사이언스학,프로그래밍기초,2,1학기,3,3,0,전공선택,"본 과목은 프로그래밍에 대한 경험이 없는 학생들이 1) 목표에 맞게 파이썬 프로그램을 직접 작성하고 실행할 수 있도록 능력을 함양하는 것을 목표로 하며, 2) 작성한 프로그램이 컴퓨터 시스템에서 어떻게 동작하는지를 이해하고 필요시 이를 이용할 수 있는 능력을 함양하는 것을 목표로 한다.",우재남/파이썬 for Beginner(3판)/한빛아카데미,,"박동규, 강영민/으뜸 파이썬/생능출판사,천인국/파워 유저를 위한 파이썬 express/생능출판사",,True,True,False,False,False,True,target_department_and_target_course,0.16666666666666666
28891,2022,경상국립대학교,융합전공,데이터사이언스학,기초통계학,2,1학기,3,3,0,전공선택,빅데이터 시대에 의사결정과정에서 수집된 데이터로부터 통계학적으로 추출된 정보의 유용성이 점차 중요해지고 있다. 이에 따라 다양한 통계기법에 대한 정확한 이해와 적용뿐만 아니라 통계적 분석결과를 정확하게 해석하는 능력은 매우 중요하다. 이러한 관점에서 의사결정 문제를 효율적으로 해결해나가기 위해 필요한 통계학적 개념들과 통계기법의 기본원리에 대한 이해와 더불어 다양한 문제들에 대한 실전적 응용능력을 보유할 필요성이 있다. 따라서 본 과목은 파이썬과 R 프로그램을 활용한 통계기법에 대한 정확한 이해와 통계적 분석결과를 정확하게 해결할 수 있는 능력을 갖추는 것을 목표로 한다.,"김명준, 김영화, 박영호/기초통계 플러스알파/경문사",,이외숙/기초확률론/교우사,,True,False,True,False,False,True,target_department_and_foundational_course,0.16666666666666666
28893,2022,경상국립대학교,융합전공,데이터사이언스학,데이터마이닝,3,1학기,3,3,0,전공선택,"기업들간의 경쟁이 심화되고 정보 활용의 중요성이 높아짐에 따라, 대량의 기업 데이터에서 유용한 정보를 찾아내는 데이터마이닝(data mining)에 대한 관심이 높아지고 있다. 본 수업에서는 최근 널리 사용되는 데이터마이닝의 대표적인 기법들을 학습하고, 데이터마이닝 프로그램인 웨카(Weka)를 이용하여 다양한 비즈니스 문제들을 해결하는 실습수업을 진행하고자 한다.본 수업을 통해 학생들은 데이터마이닝에 대해 전반적인 개념과 실제 비즈니스 환경에서 사용할 수 있는 데이터 분석 기술을 배울 수 있다.",유동희/강의자료(PPT) 배포/홈페이지에서 다운로드,,"유동희, 최근호/Weka를 활용한 데이터 마이닝, 데이터 분석의 기초부터 분석 방법 설계까지(2021)/혜명,이안 위튼, 아이베 프랭크, 마크 홀 (이승현 옮김)/데이터 마이닝 DATA MINING 데이터 속 숨은 의미를 찾는 기계 학습의 이론과 응용 (2013)/에이콘 출판사",,True,True,False,True,False,True,target_department_and_target_course,0.16666666666666666
28962,2022,경상국립대학교,융합전공,미래모빌리티,빅데이터와인공지능,3,1학기,3,3,0,전공선택,"머신러닝, 딥 러닝을 이용해 빅 데이터를 다루는 방법론을 배운다. 데이터를 이용한 실습을 통해 빅 데이터 분석 및 문제 해결 능력을 갖춘 인재를 양성한다. 첫 학기에 다양한 빅데이터를 교육함으로써, 이후 수강 과목들에서 활용할 수 있게 한다.머신러닝과 딥러닝의 개념 및 알고리즘들을 이해하기 데이터 처리, 시각화를 위한 파이썬 문법과 라이브러리 배우기 인공지능 알고리즘을 이용한 데이터 처리 방법 익히기","이영호, 이수현 저/파이썬으로 경험하는 빅데이터 분석과 머신러닝/생능출판사",,"천인국, 박동규, 강영민 저/따라하며 배우는 파이썬과 데이터과학/생능출판사",,False,True,False,True,False,True,strong_ai_cs_course_outside_target_department,0.16666666666666666
29025,2022,경상국립대학교,융합전공,스마트제조ICT,운영체제이해,3,1학기,3,3,0,전공선택,"<본 교과목은 USG 교과목으로 실제 수업은 창원대학교 강동현 교수가 진행>1) 운영체제를 이해하기 위해 필요한 최소한의 하드웨어 원리를 학습한다. 2) 운영체제의 역할과 운영체제를 이루는 핵심 컴포넌트의 동작에 대해 학습한다.3) 운영체제가 하드웨어 CPU, 메모리, I/O 장치를 어떻게 관리하는지 이해한다.",/운영체제 아주 쉬운 세 가지 이야기/홍릉과학출판,,,,False,True,False,True,False,True,strong_ai_cs_course_outside_target_department,0.25
29036,2022,경상국립대학교,융합전공,스마트제조ICT,컴퓨터비전,4,1학기,3,3,0,전공선택,"본 과목을 통해 컴퓨터에게 인간의 시각시스템과 유사한 기능을 부여할 수 있는 연구분야에 대한 학문으로 스마트팩토리 등의 스마트 제조ICT를 구현하는데 필수적인 컴퓨터비전의 기본적인 내용을 배움으로써, 자신의 분야에 컴퓨터비전을 활용하고 더 발전된 원리나 방법들을 학습할 수 있도록 하는 것을 목표로 한다.",황선규/OpenCV 4로 배우는 컴퓨터비전과 머신러닝/길벗,,,,False,True,False,True,False,True,strong_ai_cs_course_outside_target_department,0.25
29070,2022,경상국립대학교,융합전공,지능로봇,로봇공학개론,3,1학기,3,3,0,전공선택,"본 교과목에서는 PBL 수업으로 진행되고, 지능로봇의 각 부품을 소프트웨어를 이용하여 3차원으로 설계하고, 이것을 조립하여 지능로봇을 완성하며, 지능로봇을 자체를 구조해석하여 주요부품의 크기를 결정한다. 그리고 소프트웨어를 이용하여 지능로봇을 구동하기 위한 모터의 용량 등을 결정하고, 이것을 로봇과 조립하여 종합적으로 로봇을 완성하며, 동작시물레이션을 통해 실제 로봇이 움직이는 것과 같이 최종적으로 설계 결과를확인한다. 프로젝트 수행방법은 각 학생(혹은 팀)별로 소프트웨어를 이용하여 지능로봇(새로운 형태의 로봇을 구상한 로봇) 설계를 수핼하고 보고서를 제출한다. 각 학생은 산업체의 연구원으로서 제품을 설계한다는 입장에서 프로젝트를 수행해야 한다.",강의교수/로봇설계 자료제공/,,,,True,True,False,False,False,True,target_department_and_target_course,0.25
29072,2022,경상국립대학교,융합전공,지능로봇,이동로봇설계및응용,4,1학기,3,3,0,전공선택,"로봇은 크게 매니퓰레이터 형과 이동형으로 구분된다. 매니퓰레이터형은 고정된 장소에서 작업 범위내에 주어진 작업을 수행하지만, 이동로봇은 작업 범위에 한계가 없이 이동하면서 주어진 임무를 수행하는 목적이 있다. 그러므로 이동로봇은 보통 매니퓰레이터형 로봇과는 구조와 환경 인식, 제어 방식에서 많은 차이가 있다. 본 교과의 목적은 이동 메카니즘, 환경 인식 및 기본적인 주행 방법에 대한 이해에 기반하여 이동로봇 시스템의 설계 및 요소 설계 능력을 확보하는 것이다. 본교과에서는 이동로봇의 이동기구인 기계 역학적인 요소, 자신의 위치를 인지하기 위한 센싱 및 인지 요소, 외부 환경을 탐색하고 계측하는 요소, 경로를 계획하고 주행을 관제하는 제어요소에 대한 기본적인 사항을 다룬다",주강사: 부광석/이동로봇설게및응용 교안/,,Siegwart et als./Autonomous Mobile Robots/The MIT Press/2011,,True,False,True,False,False,True,target_department_and_foundational_course,0.16666666666666666
29074,2022,경상국립대학교,융합전공,지능로봇,제조로봇설계및응용,4,2학기,3,3,0,전공선택,"본 교과목은 제조로봇 개요, 기구학 및 동역학 해석, 기구학 및 동역학 시뮬레이션을 통한 로봇 구동기 설계, 정적구조해석을 통한 기구부 설계, Simulink RealTime을 이용한 로봇제어기 설계 실습을 포함한다.",온라인 강의노트(자체개발교재)//,,L.W. Tsai/Robot Analysis: The Mechanics of Serial and Parallel Manipulators/Weley,,True,False,True,False,False,True,target_department_and_foundational_course,0.16666666666666666
29077,2022,경상국립대학교,융합전공,지능로봇,로봇AI프로그래밍,3,1학기,3,3,0,전공선택,AI 프로그래밍에 대한 기본 개념 습득과 실제 다양한 프로젝트를 통한 실습을 통하여 관련 분야를 선도할 수 있는 인재 양성이 목적임,이정훈/자체제작 강의자료/,,,,True,True,False,True,False,True,target_department_and_target_course,0.25
29078,2022,경상국립대학교,융합전공,지능로봇,로봇시뮬레이션및설계,3,2학기,3,3,0,전공필수,"본 교과목에서는 로봇 기구부와 같이 다자유도 메커니즘의 기구학, 동역학 해석 및 컴퓨터 시뮬레이션을 통한 로봇 기구부의 설계방법을 강의한다. 대상 로봇 기구부는 평면/공간 직렬로봇과 병렬로봇 기구부를 포함한다.",담당교수/온라인 강의노트(자체개발교재)/,,"L.W. Tsai/Weley/Robot Analysis: The Mechanics of Serial and Parallel Manipulators/L.W. Tsai/Weley/,김정하/염영일 번역, Niku 저/사이텍미디어/로봇공학/",,True,False,True,False,False,True,target_department_and_foundational_course,0.16666666666666666
29081,2022,경상국립대학교,융합전공,지능로봇,로봇제어장치설계,3,2학기,3,3,0,전공필수,"로봇제어장치설계 교과목에서는 먼저 로봇제어장치 구성을 공부하고, 로봇제어장치를 구성하는 주요 전자부품을 배우며, Altium 소프트웨어를 이용하여 제어장치의 전자회로도와 PCB 설계를 위해 Altium 사용방법 기초, 제어장치의 전자회로 그리기, PCB 도면 그리기, Gerber 파일 만들기를 공부함. 그리고 배운 것을 바탕으로 실제 사용되는 로봇제어장치 설계를 PBL 프로젝트로 수행하고, 그 결과물을 발표하고 토론함.",김갑순/로봇제어장치설계/,,,,True,False,True,False,False,True,target_department_and_foundational_course,0.25
29082,2022,경상국립대학교,융합전공,지능로봇,IoT센서및엑츄에이터,3,2학기,3,3,0,전공선택,IOT 센서 및 엑추에이터의 이론을 학습하고 설계 및 실무능력 향상에 그 목적이 있음Analog 회로 Digital 회로 정전기 센서 및 엑츄에이터 전자기학 기초전기모터마이크로컨트롤러 기초,/MEMS의 기초 /한스미디어,,,,True,True,False,False,False,True,target_department_and_target_course,0.25
29084,2022,경상국립대학교,융합전공,지능로봇,로봇비전시스템설계및응용,4,1학기,3,3,0,전공선택,"지능로봇 등 각종 로봇에서 필요한 로봇의 눈 역활을 할 수 있는 카메라, 라이더센서, 초음파센서 등의 로봇시각시스템을 구성하고, C언어의 기초를 공부하며, 카메라를 이용한 영상처리를 공부한다. 주요내용은 로봇시스템 구성 및 기본적인 성능 등, C언의의 기초, OpenCV설치 및 사용방법, 각종 영상처리 프로그램 및 실습, 카메라를 연결한 실시간 영상처리, 배운 영상처리 기초를 이용한 종합프로젝트 수행 등이다.",주강사 제공//,,/C++API OpenCV 프로그래밍/,,True,False,True,False,False,True,target_department_and_foundational_course,0.16666666666666666
29088,2022,경상국립대학교,연계전공,지능로봇공학,로봇시스템설계,3,1학기,3,0,3,전공필수,"본 교과목에서는 PBL 수업으로 진행되고, 지능로봇의 각 부품을 소프트웨어를 이용하여 3차원으로 설계하고, 이것을 조립하여 지능로봇을 완성하며, 지능로봇을 자체를 구조해석하여 주요부품의 크기를 결정한다. 그리고 소프트웨어를 이용하여 지능로봇을 구동하기 위한 모터의 용량 등을 결정하고, 이것을 로봇과 조립하여 종합적으로 로봇을 완성하며, 동작시물레이션을 통해 실제 로봇이 움직이는 것과 같이 최종적으로 설계 결과를확인한다. 프로젝트 수행방법은 각 학생(혹은 팀)별로 소프트웨어를 이용하여 지능로봇(새로운 형태의 로봇을 구상한 로봇) 설계를 수핼하고 보고서를 제출한다. 각 학생은 산업체의 연구원으로서 제품을 설계한다는 입장에서 프로젝트를 수행해야 한다.",강의교수/로봇설계 자료제공/,,,,True,False,True,False,False,True,target_department_and_foundational_course,0.25
29098,2022,경상국립대학교,융합전공,지식재산학,지식재산빅데이터,4,1학기,3,3,0,전공선택,"학습목표: 다양한 특허기반 지표에 대한 이론적 이해와 파이썬을 통해 특허 데이터를 수집 및 분석하고, 이를 바탕으로 트렌드 보고서를 작성할 수 있는 역량을 쌓는다.대학의 비전, 미션 목표와 관련성: 본 강좌는 특허 빅데이터 관련 이론과 실무 사례분석을 통한 문제 해결형 인재의 양성을 목표로 한다. 위와 관련된 지식은 지식기반 사회에서 필요한 컴퓨팅적 사고(computational thinking)를 촉진하는 데 유용하다.(참고사항: 강의 세부내용 및 일정은 진행 상황에 맞게 변경될 수 있음)",송지훈/수자가 매주 강의 슬라이드(PDF) 및 Colab 파일 제공/,,류태규 외 12/지식재산 경쟁력 및 특성지표 개발/,,False,True,False,True,False,True,strong_ai_cs_course_outside_target_department,0.16666666666666666
29288,2022,경상국립대학교,교육혁신처,교육혁신지원과,디지털전환시대의AI병법,전학년,1학기,3,3,0,일반선택,"본 강좌는 제4차 산업혁명의 중추기술인 인공지능에 대한 올바른 인식, 이해, 설명, 비판능력의 함양을 목적으로 함. 또한 비즈니스를 넘어 생활 속의 적용현상을 탐구하고 개인적 수준에서 문제해결과 가치창출을 위한 협업도구로서 인공지능의 Literacy배양과 실천적 활용방안을 탐색하고자 함.",한세억/모든 사람을 위한 인공지능/박영사,,,,False,True,False,True,True,True,strong_ai_cs_course_outside_target_department,0.25
29320,2022,경상국립대학교,교육혁신처,교육혁신지원과,재미있게이해하는인공지능(AI)시대의주요이슈,전학년,1학기,3,3,0,일반선택,"지난 몇 년 사이 온통 ’4차 산업혁명 시대‘를 말하고 있다. 정부, 기업, 대학, 사회, 교육, 언론 심지어 재테크에도 4차 산업혁명을 말하지 않으면 시대에 뒤처진다는 느낌을 많은 사람들이 받고 있는 것이 현실이다. 이러한 4차 산업혁명시대에 많은 전문가들이 우리의 미래 삶이 획기적으로 변화할 수 있다고 말하며 이러한 배경에는 인공지능, 빅데이터 분석, 사물인터넷, 알파고 등이 여기에 해당될 것이다. 인간은 시대의 흐름에 맞게 변화하면서 그 속에서 발전해왔으며 이는 4차 산업혁명 시대에도 마찬가지일 것이다. 따라서 먼저 자신에 대한 근원적인 이해를 위해 인문사회학적 사유가 필요하고, 미래 도래할 인공지능 시대 준비를 위한 학습이 필요하다. 본 교과목에서는 이러한 급변하는 현대 생활에서 인공지능이 던지는 문제 및 중요한 이슈를 개발하고 이에 대한 대처 방안을 학습한다.",이기완/재미있게 이해하는 인공지능 시대의 주요 쟁점/사림출판사,,,,False,True,False,True,True,True,strong_ai_cs_course_outside_target_department,0.25
29508,2022,경상국립대학교,본부대학Ⅰ,기계융합공학과,빅데이터공학,3,2학기,3,3,0,전공선택,독창성및혁신성15기계시스템에관련된소프트네트워크를이해하고모델시스템의메타데이터를바탕으로새로운네트워크를개발확장할수있다.실무역량15실제산업분야에서의데이터수집을통한메타데이터를구성하고이에대한응용을통하여새로운소프트네트워크를개발할수있다.융합역량20복잡계와데이터의상관관계를파악하여목적하는메타데이터를구성함으로써기계시스템에관한유사복잡계에적용할수있다.전공지식응용역량104차산업에이용되는소프트컴퓨팅기술을이용하여입출력값과시스템을구성하는복잡계에대한상관관계를도출할수있다.창의적문제해결능력20개별시스템에서생성되는데이터를분류하여새로운메타데이터를개발하고이를바탕으로시스템과데이터의연관성을추정할수있다.프로젝트수행능력20기존의네트워크를바탕으로실제개별메타데이터를가공함으로써실제시스템에서의빅데이터기반시스템을파악할수있다.,"강영민/으뜸 머신러닝/생능출판사,이건명/인공지능/생능출판사",,앙제르/핸즈온머신러닝/한빛출판사,,False,True,False,True,True,True,strong_ai_cs_course_outside_target_department,0.16666666666666666
29542,2022,경상국립대학교,본부대학Ⅰ,기계융합공학과,인공지능,4,1학기,3,3,0,전공선택,인공지능의 배경인공지능의 기본원리 학습현재까지의 인공지능 발달사기본 원리 및 응용network의 배경 및 응용AI관련 수학적 기본 원리,강영민외/으뜸 머신러닝/생능출판,,,,False,True,False,True,True,True,strong_ai_cs_course_outside_target_department,0.25
29880,2022,부산대학교,경영대학,경영학과,데이터베이스관리,2,2학기,3,3,0,전공선택,■ 조직의 데이터 모델링을 이해하고 이와 관련된 ER모델과 비즈니스 규칙들을 도출할 수 있다. ■ 논리적 데이터베이스 설계와 관계형 모델을 이해하고 이와 관련된 물리적 데이터베이스를 설계할 수 있다. ■ 데이터베이스 관계 연산(Relational Algebra)을 이해 및 해석할 수 있다. ■ 데이터베이스 개발에 필요한 SQL을 이해하고 설계할 수 있다.,제1주차 수업에서 추후 공지,,,,False,True,False,True,True,True,strong_ai_cs_course_outside_target_department,0.25
30405,2022,부산대학교,공과대학,항공우주공학과,머신러닝및AI기반모델링,4,1학기,3,3,0,전공선택,머신러닝 기법을 소개하고 항공우주분야 적용 사례를 제시,Pattern recognition and machine learning by C Bishop,,Neural Networks for Pattern Recognition by C Bishop,"선형대수, 확률과 통계, 최적화 이론",False,True,False,True,False,True,strong_ai_cs_course_outside_target_department,0.08333333333333333
30931,2022,부산대학교,공과대학,전기공학과,일반물리학실험(II),1,2학기,1,0,2,전공기초,"1. 물리학에 관한 기초적인 실험 방법, 측정결과를 분석하는 방법 그리고 보고서 작성법을 배운다. 2. 일반물리학(II) 강의에서 배운 지식을 실험으로 확인하거나 강의에 보다 깊은 관심을 가질 동기를 제공한다.","부산대학교 물리학교재편찬위원회, 일반물리학실험, 제5판(청문각)",,"1) 심경무 외(Randall. R. Knight 원저), 대학물리학 4판, 청문각 2) D.HallidayR.ResnickJ.Walker 원저, 일반물리학 9판, 범한서적",일반물리학(II),True,False,True,False,False,True,target_department_and_foundational_course,0.08333333333333333
30945,2022,부산대학교,공과대학,전기공학과,논리회로및설계,2,1학기,3,3,0,전공기초,"본 교과목에서 다음의 내용을 주요 교과목목표로 하고 있다: Understanding basic knowledge for designing digital logic circuit, Boolean algebra and understanding applications to combinational logic circuit, combinational logic gates and designing combinational logic circuit, learning and developing abilities of designing sequential circuit and finite state machine, programmable logic device and understanding applications to designing logic circuit.","Introduction to Logic Design, Alan B. Marcovitz, McGraw Hill, 3rd edition, 2010",,"M. Morris Mano and Charles R. Kime, Logic and Computer Design Fundamentals, 3rd",없음,True,True,True,False,False,True,target_department_and_target_course,0.08333333333333333
30946,2022,부산대학교,공과대학,전기공학과,논리회로및설계,2,1학기,3,3,0,전공기초,Learning and understanding basic knowledge for designing digital logic circuit Learning Boolean algebra and understanding applications to combinational logic circuit Learning combinational logic gates and designing combinational logic circuit Learning and developing abilities of designing sequential circuit and finite state machine Learning programmable logic device and understanding applications to designing logic circuit,"Introduction to Logic Design, Alan B. Marcovitz, McGraw Hill, 3rd edition, 2010.",,"M. Morris Mano and Charles R. Kime, Logic and Computer Design Fundamentals, 3rd",,True,True,True,False,False,True,target_department_and_target_course,0.16666666666666666
30947,2022,부산대학교,공과대학,전기공학과,프로그래밍언어,1,1학기,2,2,0,전공기초,"컴퓨터 프로그래밍이란 프로그램을 작성하는 것을 말한다. 즉 실생활의 문제를 분석하고 알고리즘을 개발한 후, 컴퓨터가 이해할 수 있는 언어를 이용해 프로그램을 작성하여 문제를 해결하는 것이다. 본 교과목에서도 마찬가지 로 컴퓨터를 통해 문제를 해결하기 위해 컴퓨터 프로그래밍 언어 중 하나 인 C언어를 사용한다. C언어의 기초적인 문법과 활용을 이해하고, 프로그램의 설계, 알고리즘 개발을 통해 프로그램을 개발하는 것을 목표로 한다","컴퓨터 비전공자를 위한 C언어를 활용한 기초컴퓨터 프로그래밍, 최윤호.홍기진.신정화.문정욱. 부산대학교 출판부",,,,True,True,False,False,False,True,target_department_and_target_course,0.25
30953,2022,부산대학교,공과대학,전기공학과,컴퓨터구조,3,1학기,3,3,0,전공선택,"● 현재 전세계는 4차 산업혁명의 영향으로 빅데이터, 인공지능, 사물인터넷 등이 핵심 기술로 부각되고 있다. 이러한 기술들은 모두 컴퓨터 시스템을 근간으로 하기 때문에 컴퓨터 시스템의 구조를 이해하는 것은 이러한 기술들을 이해하는 데 필수적이다. 이 과목에서는 컴퓨터 하드웨어의 구조를 중심으로 전체적인 컴퓨터 시스템의 구조를 배우게 될 것이다.","“컴퓨터구조론”(개정5판) 생능출판사, 2019년 김종현",,"1. D. A. Patternson and J. L. Hennessy, Computer Organization and Design 2. William Stallings, Computer Organization & Architecture Designing for Performance, 3. 신종흥 컴퓨터 구조와 원리 2.0 4. M. Moris Mano, Charles R. Kime, Logic & Computer Design Fundamentals, 4th Ed., Pearson Education, 2007",,True,True,False,True,False,True,target_department_and_target_course,0.16666666666666666
30954,2022,부산대학교,공과대학,전기공학과,공학수학(I),2,1학기,3,3,0,전공필수,공학에 응용되는 미분방정식의 제반이론과 유형별 해법을 교수하여 공학에 연계된 응용문제 해결을 위한 분석 및 해석 능력을 배양한다.,"공학수학1, 개정7판, Dennis G. Zill, 텍스트븍스",,"Advanced Engineering Mathematics, 7th edition, Dennis G. Zill, Jones&Bartlett Learning, 텍스트븍스 Kreyszig 공업수학, Kreyszig, 텍스트북스",,True,False,True,False,False,True,target_department_and_foundational_course,0.16666666666666666
30957,2022,부산대학교,공과대학,전기공학과,제어공학(I),3,1학기,3,3,0,전공필수,"제어공학은 시스템 출력이 원하는 출력과 가능한 한 동일하게 되게 만드는 방법론이다. 전기전자, 기계 및 화공 분야에서 폭넓 게 쓰이는 제어공학에 대한 기본개념과 세부적 해석방법을 학습한다.","Norman S. Nise, Control Systems Engineering: 7th Edition, John Wiley & Sons, Inc., 2015",,,,True,True,False,False,False,True,target_department_and_target_course,0.25
30958,2022,부산대학교,공과대학,전기공학과,제어공학(I),3,1학기,3,3,0,전공필수,"제어공학은 시스템 출력이 원하는 출력과 가능한 한 동일하게 되게 만드는 방법론이다. 전기전자, 기계 및 화공 분야에서 폭넓게 쓰이는 제어공학에 대한 기본개념과 세부적 해석방법을 학습한다.","Norman S. Nise, Control Systems Engineering: 6th Edition, John Wiley & Sons, Inc., 2011",,"Robert D. Strum and Donald E. Kirk, Contemporary Linear Systems Using Matlab (Pws Bookware Companion Series.)",Matlab 프로그래밍,True,True,False,False,False,True,target_department_and_target_course,0.08333333333333333
30966,2022,부산대학교,공과대학,전기공학과,제어공학(II),3,2학기,3,3,0,전공선택,1. 제어시스템 분석 2. 제어시스템 설계 개념 확립 3. 확립된 설계 개념의 알고리즘적 표현 4. 표현된 알고리즘을 프로그래밍 언어로 구현 5. 실제 제어문제를 해결할 수 있는 능력 개발,"Norman S. Nise, Control Systems Engineering, 8th edition, John Wiley & Sons, INC., 2021",,,"제어공학(I), Matlab",True,True,False,False,False,True,target_department_and_target_course,0.16666666666666666
30973,2022,부산대학교,공과대학,전기공학과,확률통계,2,2학기,3,3,0,전공선택,"본 강좌의 목표는 공학 시스템에서 불확실한 입력과 노이즈를 모형화하는데 널리 사용되는 확률, 확률변수, 확률 프로세스와 추정과 관련된 수학적인 개념을 이해하는데 있다.","D. P. Bertsekas and J. N. Tsitsiklis, Introduction to Probability, 2nd Ed. Athena Scientific 2008",,"P. Z. Peebles, Jr. and B. Shi, Probability, Random Variables, and Random Signal Principles, Mc Graw Hill, 2015",없음,True,False,True,False,False,True,target_department_and_foundational_course,0.08333333333333333
30974,2022,부산대학교,공과대학,전기공학과,신호및시스템,3,1학기,3,3,0,전공필수,"신호및시스템은 전기전자공학 기초 과목 중 하나로, 연속시간 신호와 시스템, 라플라스 변환과 푸리에 변환에 관한 기본 지식과 응용을 공부한다. 이를 통해 신호처리, 통신, 제어공학 등에 대한 기초를 쌓도록 한다.","Luis F Chaparro, Signals and Systems Using MATLAB, Academic Press, 2015.",,,공학수학 회로이론,True,True,False,False,False,True,target_department_and_target_course,0.16666666666666666
30975,2022,부산대학교,공과대학,전기공학과,신호및시스템,3,1학기,3,3,0,전공필수,"신호및시스템은 전기전자공학 기초 과목 중 하나로, 주로 연속시간 신호와 연속시간 시스템에 대한 기본 지식과 응용을 공부한 다. 이를 통해 신호처리, 통신, 제어공학 등에 대한 기초를 쌓도록 한다.","Luis F Chaparro, Signals and Systems Using MATLAB, 2nd Edition, Academic Press, 2015.",,,,True,True,False,False,False,True,target_department_and_target_course,0.25
30976,2022,부산대학교,공과대학,전기공학과,디지탈신호처리,3,2학기,3,3,0,전공선택,본과목의 목표는 디지털신호처리 이론의 기본적인 기초를 제공하는 데 있다. 이 과정을 통하여 다양한 디지털신호처리 응용 시스템에 대한 이해와 개발 능력을 가질 수 있도록 한다.,"Oktay Alkin, Signals and Sytems, 2nd edition, CRC Press",,,신호및시스템,True,True,False,False,False,True,target_department_and_target_course,0.16666666666666666
30977,2022,부산대학교,공과대학,전기공학과,마이크로프로세서응용,3,1학기,3,3,0,전공선택,"최근 산업체의 기술은 날마다 눈부시게 성장하고 있다. 특히 VR, AR 그리고 최근 AI(인공지능) 등은 최근 기술의 주요한 흐름으로 되었다. 하지만 이러한 기술적 흐름에 있어 가장 중요한 기초를 형성하고 있는 기술은 파이크로프로세스이다. 마이크로프로세스 그 자체는 단순한 계산을 빨리 할 수있는 연잔장치에 불과하지만 여기에 다양한 위치 및 시간 센스등이 부착되면 전혀 다른 형태로 변할 수 있다. 그래서 전기자동차, 드론, 그리고 최근 도로에 다니는 개인용 운반 장치등은 모두 마이크로프로세스를 바탕으로 동작되고 있다. 이러한 마이크로프로세스는 전기공학 전자공학 그리고 컴퓨터공학 전공자에게는 필수적으로 필요한 과목이다. 본 강좌에서 개설하게 될 마이크로프로세스는 TI 계열의 고성능 마이크로프로세스로서 우리 실험실에서 오랫동안 사용하였고 신뢰성이 획보된 기술을 바탕으로 수업에서 활용될 것입니다. 따라서 본 강좌의 목표는 마이크로프로세서의 이해 및 다양한 으용분야에 활용 가능한 지식을 습득하는 것을 목표로한다.",1. 직접 TI 응용 메뉴얼을 한글로 발취하여 번역한 책자(수업중 전자파일로 분배할 것임) 2. 앞의 메뉴얼을 바탕으로 발표원고 자료,,"어셈블리어로 배우는 PIC 마이컴 차영배, AVR 마이크로컨트롤러 ATmega 128, 차영배 Gilmore, ""Microprocessor Principles and Applications"", McGraw Alexandridis, ""Design of Microprocessor Based Systems"", Prentice Hall",논리회로,True,True,False,False,False,True,target_department_and_target_course,0.08333333333333333
30978,2022,부산대학교,공과대학,전기공학과,수치해석,3,2학기,3,3,0,전공선택,"이 수업은 컴퓨터를 이용하여 공학적인 문제를 해석할 수 있는 능력을 키우는 데 필요한 기초적인 요소를 학습하는 것을 목표로 한다. 데이터의 가시화, 방정식의 풀이, 수치 미분 및 적분, 근사식 구하기 등의 다양한 능력을 배양하여 공학적인 문제풀이 능력을 증대시키고, 나아가서 간단한 물리, 공학적인 문제를 수치해석을 이용하여 풀이하고 해석하는 사례를 통해 과학적 사고 능력을 배양한다.",Handout,,"Applied Numerical Methods for Engineers and Scientists, S. S. Rao, 2002 Applied Numerical Methods with MATLAB for Engineers and Scientists, S.C. Chapra, 2005",,True,False,True,False,False,True,target_department_and_foundational_course,0.16666666666666666
30979,2022,부산대학교,공과대학,전기공학과,공학수학(II),2,2학기,3,3,0,전공필수,공학전공과목의 효과적 이해를 위한 공학수학을 응용할 수 있는 학생들의 능력향상을 추구한다. 퓨리에 해석학과 복소 해석학에 관한 여러 정리들을 강의하여 학생들의 공학수학적 지식의 영역을 넓힌다. 관련 영역별 예제의 분석 및 해석을 통하여 공학적 문제해결을 위한 기본 원리의 이해능력을 함양한다.,"공학수학 2,개정7판, Zill&Wright,텍스트북스",,"공학수학2, Advanced Engineering Marhematics,7th edition, Zill & Wright, Text Books Advanced Engineering Mathematics, Erwin Kreyszig, John Wiley & Sons, Inc.",,True,False,True,False,False,True,target_department_and_foundational_course,0.16666666666666666
30981,2022,부산대학교,공과대학,전기공학과,공학설계과제(I),4,1학기,2,0,4,전공필수,"설계 및 분석능력, 공학 영향에 대한 이해를 바탕으로 한 문제 해결 능력을 키우고 학제 팀원으로서의 역할을 수행하며 팀웍과 표현력을 키우고 공학도구 사용 능력, 전공응용 능력을 배양한다.",과제의 주제 및 지도 교수에 따라 자유롭게 정함,,,,True,False,True,False,False,True,target_department_and_foundational_course,0.25
30985,2022,부산대학교,공과대학,전기공학과,공학설계과제(I),4,1학기,2,0,4,전공필수,"설계 및 분석능력, 공학 영향에 대한 이해를 바탕으로 한 문제 해결 능력을 키우고 학제 팀원으로서의 역할을 수행하며 팀웍과 표현력을 키우고 공학도구 사용 능력, 전공응용 능력을 배양한다.",필요에 따라 국내 및 국외 논문 등 문헌 참조,,필요에 따라 국내 및 국외 논문 등 문헌 참조,"전기회로, 전자기학, 전기기기",True,False,True,False,False,True,target_department_and_foundational_course,0.08333333333333333
30986,2022,부산대학교,공과대학,전기공학과,공학설계과제(II),4,2학기,2,0,4,전공필수,"설계 및 분석능력, 공학 영향에 대한 이해를 바탕으로 한 문제 해결 능력을 키우고 학제 팀원으로서의 역할을 수행하며 팀웍과 표현력을 키우고 공학도구 사용 능력, 전공응용 능력을 배양한다.",과제의 주제 및 지도 교수에 따라 자유롭게 정함,,,,True,False,True,False,False,True,target_department_and_foundational_course,0.25
30991,2022,부산대학교,공과대학,전기공학과,기초전기전자실험(I),2,1학기,2,0,4,전공필수,실험과 개념이해를 통한 회로이론의 기본 원리를 확인한다,기초전기전자실험(I),,,"전기회로, 전자회로",True,False,True,False,False,True,target_department_and_foundational_course,0.16666666666666666
30994,2022,부산대학교,공과대학,전기공학과,전자회로(I),3,1학기,3,3,0,전공필수,"전자회로에 대한 기본개념 숙지, 연산증폭기를 이용한 회로의 해석 및 설계능력 배양, 다이오드에 대한 이해 및 응용, MOSFET의 동작원리이해 및 증폭기의 설계",Microelectronics by Behzad Razavi (second edition),,,전기회로I/II (필수),True,True,False,False,False,True,target_department_and_target_course,0.16666666666666666
30995,2022,부산대학교,공과대학,전기공학과,전자회로(I),3,2학기,3,3,0,전공필수,"전자회로에 대한 기본개념 숙지, 연산증폭기를 이용한 회로의 해석 및 설계능력 배양, 다이오드에 대한 이해 및 응용, MOSFET의 동작원리이해 및 증폭기의 설계, BJT의 동작원리이해 및 증폭기의 설계",Microelectronics by Behzad Razavi (second edition),,Microelectronic Circuits 6th edition by Sedra/Smith,전기회로 및 회로이론,True,True,False,False,False,True,target_department_and_target_course,0.08333333333333333
30996,2022,부산대학교,공과대학,전기공학과,응용전기전자실험(I),3,1학기,2,0,4,전공필수,전기공학의 기초 및 응용회로의 특성해석 및 설계능력을 배양한다,응용전기전자실험(I),,,"전기회로, 전자회로",True,False,True,False,False,True,target_department_and_foundational_course,0.16666666666666666
30999,2022,부산대학교,공과대학,전기공학과,응용전기전자실험(II),3,2학기,2,0,4,전공필수,"전기공학의 중요한 과목인 전기기기, 전력계통, 전력전자를 실험을 통해 개념 이해 및 기본 원리를 확인한다.",응용전기전자실험(II),,,"전력전자, 전력공학, 전기기기, 제어공학",True,False,True,False,False,True,target_department_and_foundational_course,0.16666666666666666
31002,2022,부산대학교,공과대학,전기공학과,전자회로(II),3,2학기,3,3,0,전공선택,Understanding of differential and multistage amplifiers Understanding of frequency response and frequency response improvement for various amplifiers Analysis of feedback circuits and understanding of stability for feedback system Understanding and design of active filter Understanding and design of signal generator and waveshaping circuits,"Behzad Razavi, Fundamentals of Microelectronics, 2nd Edition, Wiley.",,,"회로이론, 전자회로I 필수",True,True,False,False,False,True,target_department_and_target_course,0.16666666666666666
31004,2022,부산대학교,공과대학,전기공학과,전동기제어공학,4,2학기,3,3,0,전공선택,"본 강좌의 목표는 전자기학, 전기회로 및 관련 수업에서 배운 기본적인 전자에너지변환 수식을 바탕으로 기본적인 전기기 기의 이론을 익히며 전자기적인 현상을 이용하여 Actuator의 이론적 기초 및 제어 분야에서 수학적 모델링, 좌표변환, 전류제 어기 설계, PWM 구현등에 관한 내용을 학습하여 전자에너지변환 시스템을 설계 및 제작할 수 있는 역량을 배양하는데 이 강좌의 학습목표이다.",파워포인터를 활용한 교수 직접 강의 본문의 이론적 내용을 실험실습을 통하여 검정 및 내용 복습확인,,,회로이론 기초 논리회로 기초 학부 전동기 기초 이론,True,True,False,False,False,True,target_department_and_target_course,0.16666666666666666
31009,2022,부산대학교,공과대학,전기공학과,집적회로및시스템설계,4,1학기,3,3,0,전공선택,학생들에게 일반 전자회로와 집적회로의 차이점을 이해시키고 집적회로 설계에 대한 기본적인 지식을 갖추게 하여 아날로 그 IC를 설계할 수 있는 능력을 갖추게 하는 것을 목표로 하고 있다.,"“Design of Analog CMOS Integrated Circuits"", Behzad Razavi, McGrawHill (Optional)",,,"전자회로(I), 전자회로(II)",True,True,True,False,False,True,target_department_and_target_course,0.16666666666666666
31010,2022,부산대학교,공과대학,전기공학과,컴퓨터네트워크,4,1학기,3,3,0,전공선택,"본 강의의 목표는 인터넷, WiFi, 이동통신망 등의 데이터 통신망의 구조와 동작 원리를 이해하는데 있다.","James F. Kurose and Keith W. Ross, Computer Networking: A TopDown Approach, 8th Edition",,,C 언어 또는 객체지향프로그래밍,True,True,False,False,False,True,target_department_and_target_course,0.16666666666666666
31011,2022,부산대학교,공과대학,전기공학과,머신러닝,3,2학기,3,3,0,전공선택,"4차산업혁명의 필수 요소인 기계학습 및 인공지능에 관련된 기본적인 내용을 학습한다. 인공신경망, 퍼지논리와 최적화 방법 등의 알고리즘을 학습한다. 인공신경망의 발전 형태인 딥러닝에 대하여 활용 예를 이해하고 알고리즘의 구현과 프로그램 방법을 배운다. 산업현장과 실생활에서 인공지능 방법을 적용할 수 있는 능력을 기른다.","인공지능을 위한 기초수학 입문, 이상구 외 3인, 경문사, 2020 딥러닝 첫걸음머신러닝에서 컨벌루션 신경망까지, 김성필, 한빛미디어, 2016 (MATLAB Deep Learning: With Machine Learning, NNs and AI, Phil Kim, Apress, 2017)",,"인공지능을 위한 기초수학, 빅북, 이상구, 이재화, 2019 http://matrix.skku.ac.kr/math4ai/ 인공지능개론, M. Negnevitsky, Artificial Intelligence, 김용혁 옮김, 한빛아카데미, 2013","컴퓨터프로그래밍(Matlab, Python)",True,True,False,True,False,True,target_department_and_target_course,0.08333333333333333
31012,2022,부산대학교,공과대학,전기공학과,전기회로(I),2,1학기,3,3,0,전공필수,"이 과목에서 우리는 기본적인 회로 해석 방법 및 관련 이론들을 배운다. 마디전압법, 망전류법, 오피 앰프, 1계 및 2계 선형동차 회로들을 이해하고 해석할 수 있는 능력을 갖추도록 한다.","C. Alxander and M. Sadiku, ""Fundamentals of Electric Circuits 7th ed."", McGrew Hill",,,,True,True,False,False,False,True,target_department_and_target_course,0.25
31013,2022,부산대학교,공과대학,전기공학과,전기회로(I),2,1학기,3,3,0,전공필수,"이 과목에서 우리는 기본적인 회로 해석 방법 및 관련 이론들을 배운다. 마디전압법, 망전류법, 오피 앰프, 1계 및 2계 선형동차 회로들을 이해하고 해석할 수 있는 능력을 갖추도록 한다.",Fundamentals of Electric Circuits (Alxander & Sadiku) MacGrew Hill Book,,,,True,True,False,False,False,True,target_department_and_target_course,0.25
31014,2022,부산대학교,공과대학,전기공학과,전기회로(II),2,2학기,3,3,0,전공필수,1. Understanding the principles of AC(Alternative Current) power 2. Understanding the principles & design of threephase circuits 3. Improvement of the analysisability in the frequency region 4. Finding for the solution of differentialequations using Laplace Transformation 5. Improvement of the ability of analyzing AC circuits,"Fundamentals of Electric Circuits, by Alexander and Sadiku",,,전기회로(I),True,True,False,False,False,True,target_department_and_target_course,0.16666666666666666
31015,2022,부산대학교,공과대학,전기공학과,전기회로(II),2,1학기,3,3,0,전공필수,1. Understanding the principles of AC(Alternative Current) power 2. Understanding the principles & design of threephase circuits 3. Improvement of the analysisability in the frequency region 4. Finding for the solution of differentialequations using Laplace Transformation 5. Improvement of the ability of analyzing AC circuits,Fundamentals of Electric Circuits by Alexander and Sadiku from McGrawHill,,,전기회로(I),True,True,False,False,False,True,target_department_and_target_course,0.16666666666666666
31019,2022,부산대학교,공과대학,전기공학과,지능형로봇공학,4,1학기,3,3,0,전공선택,"본 강좌에서는 로봇의 이론적 기초개념에 대해 학습하고, 이들이 외부환경을 인식하고 스스로 상황을 판단하여 자율적으로 동작하는 지능형 로봇 시스템에 어떻게 활용되는지 알아본다.","Craig,“Introduction to Robotics: Mechanics and Control”,4th ed, Pearson Pub 2017",,"Sigwart, “Introduction to Autonomous Mobile Robots”, 2nd ed, MIT press 2011.",기본 프로그래밍 능력 (MATLAB),True,True,False,False,False,True,target_department_and_target_course,0.08333333333333333
31033,2022,부산대학교,공과대학,전자공학과,일반물리학실험(II),1,2학기,1,0,2,전공기초,"1. 물리학에 관한 기초적인 실험 방법, 측정결과를 분석하는 방법 그리고 보고서 작성법을 배운다. 2. 일반물리학(I) 강의에서 배운 지식을 실험으로 확인하거나 강의에 보다 깊은 관심을 가질 동기를 제공한다.","부산대학교 물리학교재편찬위원회, 일반물리학실험, 제6판(교문사)",,"1) 대학물리학교재편찬위원회, SerwayJewett 원저, 대학물리학I, II 10판, 북스힐 2) D.HallidayR.ResnickJ.Walker 원저, 일반물리학 9판, 범한서적",일반물리학(II),True,False,True,False,False,True,target_department_and_foundational_course,0.08333333333333333
31045,2022,부산대학교,공과대학,전자공학과,공학선형대수학,3,1학기,3,3,0,전공기초,"본 강좌에서는선형대수학의 기본내용인 선형방정식, 벡터공간, 행렬과행렬식,고유값과 고유벡터에 대해 학습한다. 선형대수학 개념들이 전자공학 및 기타분야에 어떻게 쓰이는지 응용기술에 대해서도 살펴본다.","Introduction to Linear Algebra(4/E),Gilbert Strang,Wellesley Cambridge Press",,,,True,False,True,False,False,True,target_department_and_foundational_course,0.25
31050,2022,부산대학교,공과대학,전자공학과,AI프로그래밍,1,2학기,3,3,0,전공기초,MATLAB의 다양한 프로그래밍 기법들을 학습하고 Python을 이용한 인공지능 응용 프로그램 구현 능력을 기르는 것을 목표로 한다,쉽게 배우는 매트랩 프로그래밍/앤아이컴즈/양자영 외 3인,,컴퓨터 시뮬레이션을 위한 매트랩과 시뮬링크 프로그래밍/이한출판사/양자영 외 https://ko.coursera.org/learn/machinelearninghttps://www.tensorflow.org/api_docs,,True,True,False,True,False,True,target_department_and_target_course,0.16666666666666666
31053,2022,부산대학교,공과대학,전자공학과,아날로그회로실험,3,1학기,2,0,4,전공필수,"BJT, FET 그리고 OpAmp를 이용한 아날로그 증폭기 설계 및 해석. 기본적인 아날로그 회로의 해석과 설계. 아날로그 필터 디자인.",전자회로설계및실험/백광렬,,"Microelectronic Circuits, by Sedra/Smith",마이크로전자회로,True,True,True,False,False,True,target_department_and_target_course,0.08333333333333333
31060,2022,부산대학교,공과대학,전자공학과,제어시스템설계,3,2학기,3,3,0,전공선택,1. 제어시스템의 분석 2. 제어시스템의 설계 개념 확립 3. 설계된 제어시스템의 구현 4. 실제 제어 문제를 해결할 수 있는 능력 함양,"Norman S. Nise, Control Systems Engineering, the 8th edition, John Wiley & Sons, INC., 2011",,,제어공학,True,False,True,False,False,True,target_department_and_foundational_course,0.16666666666666666
31066,2022,부산대학교,공과대학,전자공학과,반도체공학,3,2학기,3,3,0,전공선택,"Understanding of the operational principles and structures of MOSFET Understanding of the operational principles and structures of Bipolar Junction Transistor Understanding of the integrated circuit manufacturing processes Understanding of Semiconductor device modeling principles Understanding of the operational principles of optical devices, high frequency devices, and power devices","Semiconductor Physics & Devices (Basic Principles), 4th edition, Donald A. Neamen",,"Principles of Semiconductor Devices, Sima Dimitrijev, Oxford 2006",physical electronics and general physics,True,True,False,False,False,True,target_department_and_target_course,0.08333333333333333
31067,2022,부산대학교,공과대학,전자공학과,반도체공학,3,2학기,3,3,0,전공선택,물리전자와 고체물리학을 기반으로 크게 2가지 형태의 반도체소자 형태에 대해 이론적으로 엄밀히 이해하는 것을 목표로 한다.,"Semiconductor Physics and Devices, 4th edition (Neamen)",,"SolidState Electronic Devices, 7th edition (Streetman) Introduction to Microelectronic Fabrication, 2nd edition (Jaeger)","물리전자, 일반물리학",True,True,False,False,False,True,target_department_and_target_course,0.08333333333333333
31073,2022,부산대학교,공과대학,전자공학과,신호및시스템,2,2학기,3,3,0,전공필수,1. Understanding of Properties and Types of Continuous time and Discrete time Systems 2. Understanding of Filtering and Frequency Responses of Systems 3. Understanding of Continuous time Fourier Transform and the Concept of Spectrum 4. Understanding of Discrete time Fourier Transform 5. Understanding of z Transform,"Oktay Alkin, Signals and Systems, CRC Press.",,"A. V. Oppenheim and A. S. Willsky, Signals and Systems, 2nd edition, Prentice Hall.",,True,True,False,False,False,True,target_department_and_target_course,0.16666666666666666
31075,2022,부산대학교,공과대학,전자공학과,신호및시스템,2,2학기,3,3,0,전공필수,1. Understanding of Properties and Types of Continuous time and Discrete time Systems 2. Understanding of Filtering and Frequency Responses of Systems 3. Understanding of Cotinuous time Fourier Transform and the Concept of Spectrum 4. Understanding of Discrete time Fourier Transform 5. Understanding of z Transform,"Oktay Alkin, Signals and Systems, CRC Press.",,"A. V. Oppenheim and A. S. Willsky, Signals and Systems, 2nd edition, Prentice Hall.",,True,True,False,False,False,True,target_department_and_target_course,0.16666666666666666
31077,2022,부산대학교,공과대학,전자공학과,제어공학,3,1학기,3,3,0,전공선택,"제어 공학은 공학 전반에 널리 적용되는 학문이며, 제어대상시스템의 출력이 원하는 방향이 되도록 입력을 적절히 조절해 주는 제어기를 설계하는 다양한 방법을 포괄적으로 다룬다.","Norman S. Nise, Control Systems Engineering: Eighth Edition (8/e), John Wiley & Sons, Inc.",,,,True,True,False,False,False,True,target_department_and_target_course,0.25
31079,2022,부산대학교,공과대학,전자공학과,통신공학,3,2학기,3,3,0,전공선택,"아날로그 및 디지털 통신 방식들의 기본적인 개념을 이해시키고, 랜덤 프로세스 지식을 활용하여 잡음 환경에서 통신 시스템의 성능을 분석하는 방법 및 통신공학 분야 컴퓨터 모의실험 능력을 습득시킨다","Haykin and Moher, Communication Systems, 5th Ed., Wiley, 2010.",,"Haykin and Moher, Introduction to Analog and Digital Communications, 2nd Ed., Wiley, 2007.","Probability and statistics, Engineering Mathematics",True,True,False,False,False,True,target_department_and_target_course,0.08333333333333333
31080,2022,부산대학교,공과대학,전자공학과,통신공학,3,2학기,3,3,0,전공선택,"아날로그 및 디지털 통신 방식들의 기본적인 개념을 이해시키고, 랜덤 프로세스 지식을 활용하여 잡음 환경에서 통신 시스템의 성능을 분석하는 방법 및 통신공학 분야 컴퓨터 모의실험 능력을 습득시킨다.","Haykin and Moher, Communication Systems, 5th Ed., Wiley, 2010.",,"Haykin and Moher, Introduction to Analog and Digital Communications, 2nd Ed., Wiley, 2007.","신호및시스템, 확률통계 과목에 관한 기본지식 필요",True,True,False,False,False,True,target_department_and_target_course,0.08333333333333333
31081,2022,부산대학교,공과대학,전자공학과,수치해석,3,1학기,3,3,0,전공선택,공학분야에서 사용되는 컴퓨터 기반 연산처리에 대한 전반적인 이해와 수학적 이론을 적용한다.,"Steven C. Chapra & Raymond P. Canale, “Numerical Methods for Engineers"", 7th Edition MATLAB으로 배우는 공학 수치해석, 한빛아카데미, 방성완 지음.",,,"공학수학 III, 미적분학 III",True,False,True,False,False,True,target_department_and_foundational_course,0.16666666666666666
31084,2022,부산대학교,공과대학,전자공학과,공학수학(II),2,2학기,3,3,0,전공필수,퓨리에급수와 적분이론 및 복소함수의 제반정리를 교수하여 공학수학적 인식의 영역을 넓히며 관련 영역별 예제의 분석 및 해석을 통하여 공학적 문제해결을 위한 기본 원리의 이해능력을 함양한다.,"공학수학 2,개정6판, Zill&Wright,텍스트북스",,"Advanced Engineering Mathematics, Erwin Kreyszig, John Wiley & Sons, Inc.",,True,False,True,False,False,True,target_department_and_foundational_course,0.16666666666666666
31086,2022,부산대학교,공과대학,전자공학과,논리회로,2,1학기,3,3,0,전공필수,"디지털 논리 회로를 설계하기 위한 기초 지식 학습 및 이해. 부울 대수 학습 및 조합 논리 회로의 응용 이해. 각종 조합 논리 회로 설계. 순차 논리 회로 학습 및 설계 능력 함양, 그리고 유한 상태 머신 이해. 프로그램 가능한 로직 장치 이해 및 HDL 설계 이해, 실제 예 학습.","Introduction to Logic Design, Alan B. Marcovitz Contemporary Logic Design, Randy Katz",,"Logic and Computer Design Fundamentals, Morris Mano (이 도서의 logic 부분)",없음,True,True,False,False,False,True,target_department_and_target_course,0.08333333333333333
31087,2022,부산대학교,공과대학,전자공학과,논리회로,2,1학기,3,3,0,전공필수,"디지털 논리회로의 설계를 위한 기본 지식들을 이해하고 배운다. 논리 대수학을 배우고 그것의 조합회로에 응용하는 것을 배운다 조합 논리 게이트와 조합논리회로의 설계에 대해 배운다. 순차회로와 유한 상태 기계를 설계하는 능력을개발하고 배운다 프로그램 가능한 로직 소자에 대해 배우고, 그것을 논리회로의 설계에 응용하는 것을 이해한다.","Introduction to Logic Design, Alan B. Marcovitz, McGraw Hill, 3rd edition, 2010.",,"M. Morris Mano and Charles R. Kime, Logic and Computer Design Fundamentals, 3rd",없음,True,True,False,False,False,True,target_department_and_target_course,0.08333333333333333
31088,2022,부산대학교,공과대학,전자공학과,논리회로,2,1학기,3,3,0,전공필수,디지털 논리 회로에 대한 이해 부울 대수 및 논리 연산 회로에 대한 이해 다양한 조합논리회로 설계 및 해석 순차 논리 회로에 대한 이해 및 설계,"Introduction to logic design, Alan B. Marcovitz",,,없음,True,True,False,False,False,True,target_department_and_target_course,0.16666666666666666
31103,2022,부산대학교,공과대학,전자공학과,회로이론(I),1,2학기,3,3,0,전공필수,"이 과목에서는 DC회로를 해석하고 설계할 수 있는 능력을 길러주는 것을 목표로 한다. 이를 위하여 기본 회로해석기법, 수동 및 능동 회로 소자의 이해, 연산증폭기 회로 해석 및 설계 기법, 그리고 일차 및 이차회로의 응답을 구하는 방법을 학습한다.","“Fundamentals of Electric Circuits”, 6th edition, Alexander",,,,True,True,False,False,False,True,target_department_and_target_course,0.25
31104,2022,부산대학교,공과대학,전자공학과,회로이론(I),1,2학기,3,3,0,전공필수,"이 과목에서는 직류(DC) 및 교류(AC)회로를 해석하고 설계할 수 있는 능력을 갖추도록 하는 것을 목표로 한다. 이를 위해 키르히호프법칙을 기반으로 한 회로 해석 기법, 수동 및 능동 회로 소자 이해, 연산증폭기 회로 설계, 일차/이차 회로의 응답 특성, 정현파의 정상상태 해석을 공부한다.",Fundamentals of Electric Circuits Alexander 6th or 7th edition,,,공업수학 및 일반물리학,True,True,False,False,False,True,target_department_and_target_course,0.16666666666666666
31106,2022,부산대학교,공과대학,전자공학과,회로이론(II),2,1학기,3,3,0,전공필수,1. Systematic analysis of circuit using mathematical methods. 2. Understanding basic circuit theory for power circuits. 3. Circuit Analysis Using Fourier Analysis. 4. Two Port Network Analysis.,"Fundamentals of Electric Circuits, by Charles K. Alexander, latest edition",,,회로이론(I),True,True,False,False,False,True,target_department_and_target_course,0.16666666666666666
31109,2022,부산대학교,공과대학,전자공학과,전자회로(I),2,2학기,3,3,0,전공필수,"강의 목표는 전자 회로를 해석하고 설계하는 능력을 배양하는 것이다. 신호의 기본 및 연산증폭기와 여러 응용회로에 대해 다룬다. 또한 가장 대표적인 전자회로 소자인 다이오드와 그의 응용회로, 바이폴라 트랜지스터와 MOS 트랜지스터의 동작 원리, 직류해석 및 등가회로를 이용한 소신호해석, 주파수 특성 등을 다룬다.","Microelectronic Circuits, Sedra and Smith",,"Fundamentals of Microelectronics, B. Razavi","회로이론 I, II",True,True,False,False,False,True,target_department_and_target_course,0.08333333333333333
31110,2022,부산대학교,공과대학,전자공학과,전자회로(I),2,2학기,3,3,0,전공필수,"이 강의의 목표는 아날로그 회로를 해석하고 설계하는 능력을 배양하는것이다. 신호의 기본 및 연산증폭기와 응용회로에 대해 이해한다. 또한 가장 대표적인 전자회로인 다이오드와 응용회로, BJT와 MOSFET 트랜지스터의 직류해석 및 등가회로을 이용한 소신호해석, 주파수 특성등을 이해한다.","Microelectronic Circuits, international 8th Ed. Sedra/ Smith",,,회로이론,True,True,False,False,False,True,target_department_and_target_course,0.16666666666666666
31112,2022,부산대학교,공과대학,전자공학과,전자회로(II),3,1학기,3,3,0,전공필수,"Understanding of integrated single stage amplifiers, subordinate integrated circuits Understanding of differential and multistage amplifiers Understanding of frequency response and frequency response improvement for various amplifiers Analysis of feedback circuits and understanding of stability for feedback system Understanding and design of active filter Understanding and design of signal generator and waveshaping circuits.",Microelectronic Circuits Sedra & Smith,,"Fundamentals of Microelectronics, B. Razavi",회로이론 및 전자회로(I),True,True,False,False,False,True,target_department_and_target_course,0.08333333333333333
31115,2022,부산대학교,공과대학,전자공학과,기초전자전기실험(I),2,1학기,2,0,4,전공필수,본격적인 디지털 시대를 맞이하여 모든 분야로 그 응용분야가 확대되고 있는 디지털 시스템을 논리회로 실험을 통해 기초부터 응용분야까지 다양하게 익히고 설계하여 문제 해결형 엔지니어로 성장하는데 도움이 되고자 함,"논리회로설계및실험/김재호,김성신,남일구",,"Digital Logic Circuit Analysis & Design, PrenticeHall, V.P Nelson",논리회로,True,False,True,False,False,True,target_department_and_foundational_course,0.08333333333333333
31121,2022,부산대학교,공과대학,전자공학과,기초전자전기실험(II),2,2학기,2,0,4,전공필수,실험과 개념이해를 통한 전기회로의 기본 원리 확인,전기회로설계및실험 / 백광렬,,"Microelectronic Circuits, by Sedra/Smith",전기회로,True,False,True,False,False,True,target_department_and_foundational_course,0.08333333333333333
31127,2022,부산대학교,공과대학,전자공학과,디지털회로실험,3,2학기,2,0,4,전공필수,마이크로프로세서설계의 기초가 되는 4비트 마이크로프로세서의 설계 및 FPGA 구현,"디지털 회로 설계 실험 / 박주성, 최준영",,"Introduction to Logic Design, Alan B. Marcoviz, McGraw Hill, 3rd.","논리회로, 디지털회로",True,True,True,False,False,True,target_department_and_target_course,0.08333333333333333
31133,2022,부산대학교,공과대학,전자공학과,확률통계,3,1학기,3,3,0,전공필수,"이 강의를 통하여 학생들은 확률의 정의와 수학적 확률 지식을 확립한다. 또한, 확률 이론을 바탕으로 공학적 문제를 확률 모델링 할 수 있으며 문제를 수학적으로 정립하는 방법을 배운다.","A. LeonGarcia, Probability, Statistics and Random Processes for Electrical Engineering, 3rd Ed., Pearson, 2009.",,"1. Yates and Goodman, Probability and Stochastic Processes, 3rd Ed., Wiley, 2014. 2. Stark and Woods, Probability and Random Processes with Application to Signal Processing, 4th Ed., Pearson Education, 2014. 3. Papoulis, Probability and Statistics, PrenticeHall, 1990.",없음,True,False,True,False,False,True,target_department_and_foundational_course,0.08333333333333333
31134,2022,부산대학교,공과대학,전자공학과,확률통계,3,1학기,3,3,0,전공필수,"This course is intended to introduce the fundamental concepts and methods of probabilistic modeling, and to gain practice in applying the probabilistic tools to engineering problems.","A. LeonGarcia, Probability, Statistics and Random Processes for Electrical Engineering, 3rd Ed., Pearson, 2009.",,"1. Yates and Goodman, Probability and Stochastic Processes, 3rd Ed., Wiley, 2014. 2. Stark and Woods, Probability and Random Processes with Application to Signal Processing, 4th Ed., Pearson Education, 2014. 3. Papoulis, Probability and Statistics, PrenticeHall, 1990.",,True,False,True,False,False,True,target_department_and_foundational_course,0.16666666666666666
31135,2022,부산대학교,공과대학,전자공학과,디지털시스템설계,3,2학기,3,3,0,전공선택,"1. Establishing the concept of basic digital logic algebra and devices., 2. Understanding the characteristics of Various Programmable Logic Devices. (PLD), 3. Empowering the design skills of digital system., 4. Increasing the ability of logic circuit design using VHDL.,","www.vhdlonline.de/tutorial Jayaram Bhasker, A VHDL Primer, P T R Prentice Hall Englewood Cliffs, New Jersey 07632 Jayaram Bhasker, A VHDL Primer, P T R Prentice Hall Englewood Cliffs, New Jersey 07632 Jayaram Bhasker, A VHDL Primer, P T R Prentice Hall Englewood Cliffs, New Jersey 07632",,"Digital Systems Design Using VHDL / Charles H. Roth, Jr., Lizy Kurian John / THOMSON",Logic Design,True,True,True,False,False,True,target_department_and_target_course,0.08333333333333333
31136,2022,부산대학교,공과대학,전자공학과,디지털통신개론,4,1학기,3,3,0,전공선택,"The main objective of this course is to provide a comprehensive coverage of digital communications for undergraduate students. 1.Fundamentals of random process, 2.Fundamentals of digital modulations and demodulations, 3.Basic performance analysis of digital communications, 4.New technologies of recent digital communication systems,","Digital Communications Fundamentals and Applications by Bernard Sklar, PTR Prentice Hall",,"Digital Communications by John G. Proakis, McGrawHill Principles of Communications by R.E. Ziemer and W.H. Tranter, Houghton Mifflin","신호및시스템, 통신공학",True,True,False,False,False,True,target_department_and_target_course,0.08333333333333333
31137,2022,부산대학교,공과대학,전자공학과,디지털신호처리,4,1학기,3,3,0,전공선택,이 과정의 목적은 디지털신호처리 이론의 기본적인 기초를 제공하는데 있다. 이 과정을 통하여 다야한 디지털신호처리 응용 시스템에 대한 이해와 개발 능력을 가질 수 있도록 한다.,"Digital Signal Processing: A Modern Introduction, Ashok Ambardar",,"Discretetime signal processing, Alan V. Oppenheim, Ronald W. Schafer Digital Signal Processing, John G. Proakis, Dimitris G. Manolakis","신호및시스템, 확률통계",True,True,False,False,False,True,target_department_and_target_course,0.08333333333333333
31138,2022,부산대학교,공과대학,전자공학과,SoC설계개론,4,1학기,3,3,0,전공선택,"현대사회에서 반도체 산업의 영향력은 가히 폭발적이다. 본 강의에서는 통신, 가전, 의료, 제어, 자동차, 조선, 국방 등 거의 모든 응용분야에 쓰이고 있는 소프트웨어하드웨어(S/WH/W) 시스템반도체(SoC/NoC)의 기초에 대해 학습한다. 최첨단 전자공학의 집약체라 할 수 있는 SoC (시스템 반도체, 메모리 반도체) 및 ASIC의 EDA tools 기반 설계 및 설계 흐름과 방법에 대해 학습한다.",인터넷 상 각종 자료,,"CMOS VLSI Design (N. H. E. Weste and D. M. Harris, AddisonWesley) Computer Organization and Design (D. A. Patterson and J. L. Hennessy, Elsevier)","컴퓨터 구조, 디지털 시스템",True,False,True,False,False,True,target_department_and_foundational_course,0.08333333333333333
31142,2022,부산대학교,공과대학,전자공학과,머신러닝을 위한 기초수학,3,2학기,3,3,0,전공선택,"과목의 목적은 기계학습에 적용할 수 있는 수학적인 백그라운드를 제공하는 것이다. 즉, 학생들로 하여금 기계학습 내용에 대한 이해를 쉽게하고, 기계학습 알고리즘을 수학적으로 이해하도록 하는 목적을 가진다.","Mathematics for Machine Lenaring, Marc Peter Deisenroth, A. Aldo Faisal and Cheng Soon Ong",,,"선형대수, 확률통계, 신호및시스켐",True,True,False,True,False,True,target_department_and_target_course,0.16666666666666666
31143,2022,부산대학교,공과대학,전자공학과,머신러닝을 위한 기초수학,3,2학기,3,3,0,전공선택,"인공지능, 머신러닝에 활용되는 기초적인 수학 이론들을 이해하고 머신러닝에 어떻게 활용되는지 알아본다. 선형 대수부터 미적분, 최적화 이론 등 다양한 수학적 테크닉을 습득한다.","Mathematics for machine learning, Marc Peter Deisenroth, A. Aldo Faisal, Cheng Soon Ong",,"Convex optimization, Sthepen Boyd Contemporary Linear Algebra, Howard Anton, Robert C. Busby",공학수학,True,True,False,True,False,True,target_department_and_target_course,0.08333333333333333
31144,2022,부산대학교,공과대학,전자공학과,지능형반도체,4,1학기,3,3,0,전공선택,물리전자와 반도체공학 지식을 기반으로 다양한 지능형 반도체소자 (Synaptic Devices) 형태에 대해 이론적으로 엄밀히 이해하는 것을 목표로 한다.,"자체 강의자료 또는 Integrated Microelectronic Devices, 1st edition, J. Alamo, Pearson.",,"Semiconductor Physics and Devices, 4th edition (Neamen) SolidState Electronic Devices, 7th edition (Streetman)","물리전자, 반도체공학",True,True,False,False,False,True,target_department_and_target_course,0.08333333333333333
31149,2022,부산대학교,공과대학,전자공학과,집적회로,4,2학기,3,3,0,전공선택,"Understanding of basic MOS device physics Understanding of singlestage amplifiers and differential amplifiers Understanding of passive and active current mirrors Understanding of frequency response of amplifiers Understanding of noise Understanding of feedback, stability, and frequency compensation Understanding and design of operational amplifiers Understanding of switchedcapacitor circuits Understanding of nonlinearity and mismatch","Design of Analog CMOS Integrated Circuits, B. Razavi",,"Analog Integrated Circuit Design, D.A. Johns and K. Martin","회로이론 (I) & (II), 전자회로 (I), 전자회로 (II)",True,True,False,False,False,True,target_department_and_target_course,0.08333333333333333
31150,2022,부산대학교,공과대학,전자공학과,AI바이오의료영상,4,2학기,3,3,0,전공선택,"1. Understand the field of biomedical optic. Optical imaging principles Various types of optical imaging techniques. 2. Other biomedical imaging methodologies MRI, PET, ultrasonography AI used in the biomedical field","Course materials will be given as pdf files. For reference book, please refer, 'Biomedical optics: principles and imaging, Lihong V. Wang' and 'Introduction to Medical Imaging: Physics, Engineering and Clinical Applications, Nadine Barrie Smith'.",,,"회로이론, 전자회로, 전자기학",True,True,False,True,False,True,target_department_and_target_course,0.16666666666666666
31152,2022,부산대학교,공과대학,전자공학과,설계CAD실습,3,2학기,3,2,2,전공선택,"시스템반도체 소자/공정/장비, 혼성신호 회로/시스템 설계, 디지털 회로/시스템의 실제 설계 관련 기초 이론, CAD 설계 흐름, 설계 예, 실제 실습 등을 진행하여, 시스템반도체 설계 관련 실무/현장 지식을 습득한다.","(반도체/소자/공정/장비 분야) Synopsys Sentaurus TCAD 사이트 및 KAIST IDEC 사이트, 전력용 MOSFET 관련 온라인 자료 (혼성신호/RF/아날로그 집적회로/시스템 설계 분야) Design of Analog CMOS Integrated Circuits (B. Razavi), Cadence Virtuoso manual (디지털 VLSI 회로/시스템 설계 분야) CMOS VLSI Design (N. H. E. Weste & D. M. Harris) (& Xilinx, Synopsys, Siemens EDA 사이트)",,"(반도체소자/공정/장비 분야) 반도체소자 설계 관련 온라인 자료 (혼성신호/RF/아날로그 집적회로/시스템 설계 분야) CMOS Circuit Design, Layout, and Simulation (R. J. Baker) (디지털 VLSI 회로/시스템 설계 분야) Computer Architecture (B. Parhami), Computer Organization and Design (D. A. Patterson & J. L. Hennessy)","전자회로의 기초 내용 (증폭기), 물리전자공학의 기초 내용 (반도체 소자), 논리회로 및 프로그래밍 언어의 기초 내용 (디지털 로직, Verilog, C/C++) 이 교과목은 반도체 전공트랙 사업 (부처협업형 인재양성사업) 교과목으로서, 3학년 과목이므로 3학년 학부생들이 수강할 것을 권장함.",True,False,True,False,False,True,target_department_and_foundational_course,0.08333333333333333
31309,2022,부산대학교,공과대학,정보컴퓨터공학부,이산수학(I),1,1학기,3,3,0,전공기초,"정의, 정리, 증명의 엄격한 과정에 따른 수학적 논리적 사고력을 배양한다. Computer Science의 여러 분야에 필요한 수학적 기본 개념을 숙지한다. 문제 해결 능력과 응용 능력을 제고한다.","Ralph P. Grimaldi Discrete and Combinatorial Mathematics, 5th Edition. Addison Wesley, 2004",,,,True,False,True,False,False,True,target_department_and_foundational_course,0.25
31310,2022,부산대학교,공과대학,정보컴퓨터공학부,이산수학(I),1,1학기,3,3,0,전공기초,"정의, 정리, 증명의 엄격한 과정에 따른 수학적 논리적 사고력을 배양한다. Computer Science의 여러 분야에 필요한 수학적 기본 개념을 숙지한다. 문제 해결 능력과 응용 능력을 제고시킨다.","Discrete and Combinatorial Mathematics, 5th Edition. Ralph. P. Grimaldi, Addison Wesley, 2004",,,,True,False,True,False,False,True,target_department_and_foundational_course,0.25
31311,2022,부산대학교,공과대학,정보컴퓨터공학부,이산수학(I),1,1학기,3,3,0,전공기초,"정의, 정리, 증명을 통한 수학적 논리적 사고능력을 배양하고, 컴퓨터공학 전공에 필요한 수학적 개념을 체득하도록 한다. 아울러 실제 예제를 통해 문제해결 및 응용 능력을 제고한다.","Discrete and Combinatorial Mathematics, 5th Edition. R.P. Grimaldi, Pearson Education Limited, 2014",,,없음,True,False,True,False,False,True,target_department_and_foundational_course,0.16666666666666666
31312,2022,부산대학교,공과대학,정보컴퓨터공학부,논리회로및설계,2,1학기,3,3,0,전공필수,디지털 하드웨어 설계를 위한 기초 스위칭 이론 및 설계방법 습득,"Logic and Computer Design Fundamentals, 4th Edition, M. Mano and C, Kime, Pearson, 2016",,,,True,True,True,False,False,True,target_department_and_target_course,0.25
31315,2022,부산대학교,공과대학,정보컴퓨터공학부,컴퓨터및프로그래밍입문,1,1학기,4,4,0,전공기초,"컴퓨터공학에 대한 흥미를 높여 수월한 전공 진입 유도 프로그래밍 개념, 과정, 동작 방식에 대한 전반적 이해도 향상 파이썬(Python) 프로그래밍 실습을 통한 컴퓨팅 사고력 향상","난생처음 파이썬 프로그래밍 / 우재남,최민아 / 한빛아카데미 / 2021 (시험 응시 시 주교재만 지참 가능)",,매주 PLATO에 강의자료 업로드,없음,True,True,False,False,False,True,target_department_and_target_course,0.08333333333333333
31316,2022,부산대학교,공과대학,정보컴퓨터공학부,컴퓨터및프로그래밍입문,1,1학기,4,4,0,전공기초,"Python 언어와 window용 PC에 기초한 코딩, 프로그래밍, 및 시스템 설계에 대한 이해","박동규, 강영민, 으뜸 파이썬, 생능출판사, 2020 http://www.yes24.com/Product/Goods/89140722",,매주 강의자료(PPT)를 PLATO를 통해 배포합니다.,선수과목은 필요하지 않습니다. 집에서 사용할 수 있는 개인용 컴퓨터가 있어야 합니다.,True,True,False,False,False,True,target_department_and_target_course,0.08333333333333333
31318,2022,부산대학교,공과대학,정보컴퓨터공학부,컴퓨터및프로그래밍입문,1,1학기,4,4,0,전공기초,"교육목표 1) 컴퓨터공학 및 과학에 대한 흥미를 높여 수월한 전공 진입을 유도함 컴퓨터가 실제적인 문제 해결의 도구로 활용됨을 경험 코딩 작업 과정을 이해 프로그래밍 작업의 이해 자기 주도적 탐구를 위한 기초 소양 함양 2) 기초적인 컴퓨터 구조에 대한 이해 하드웨어에 대한 이해 운영체제에 대한 이해 Window machine에 대한 이해 (매우 매우 중요) 3) 가장 기본적인 윈도우 시스템 구조 및 조작에 대한 이해 DOS 및 DOS 명령 파일 시스템 구조의 이해 (path, working directory) 수행 파일에 대한 이해 4) 프로그래밍 환경에 대한 이해 프로그래밍 언어에 대한 기초적인 이해 프로그래밍 단계 (Editor 시스템 숙지하기) 프로그래밍 관련 자료 사이트 소개 및 탐색방법 online manual 사용법 5) Python 언어를 통한 실제 코딩 화일 입출력 Control 구조 이해하기 비교 반복 문자열 처리 자료구조의 이해 (리스트) 함수(function) 고차함수 근 구하기 뉴턴랩슨 방식 : GUI 설계 맛보기 그래픽스 맛보기",으뜸 파이썬/ 생능출판사 /2020 (중간 기말 시험칠 때 주교재만 지참이 허용됩니다. ) http://www.yes24.com/Product/Goods/89140722,,부교재는 수업 중간에 PDF 로 배포합니다. 주교재(으뜸 파이썬/ 생능출판사 /2020 )는 중간 기말 시험에 가지고 와서 활용할 수 있음. (중간 기말은 인터넷을 끈 상태에서 학과 실습실 PC에서 시행함.),선수과목은 필요하지 않습니다. 그러나 집에서 개인적으로 사용할 수 있는 PC 또는 랩탑(notebook) 컴퓨터가 있어야 합니다.,True,True,False,False,False,True,target_department_and_target_course,0.08333333333333333
31319,2022,부산대학교,공과대학,정보컴퓨터공학부,컴퓨터및프로그래밍입문,1,1학기,4,4,0,전공기초,컴퓨터공학 및 과학에 대한 흥미를 높여 수월한 전공 진입을 유도함 기초적인 컴퓨터 및 운영체제 구조에 대한 이해 파이썬 프로그래밍 환경에 대한 이해 Python 언어를 통한 실제 코딩,으뜸 파이썬/ 생능출판사 /2020 (중간 기말 시험칠 때 주교재만 지참이 허용됩니다. ),,강의 자료,선수과목은 필요하지 않습니다. 그러나 집에서 개인적으로 사용할 수 있는 PC 또는 노트북이 있어야 합니다.,True,True,False,False,False,True,target_department_and_target_course,0.08333333333333333
31320,2022,부산대학교,공과대학,정보컴퓨터공학부,프로그래밍원리와실습,1,1학기,4,4,0,전공기초,C언어의 개념 파악 및 RobotC 추가 교육 실습을 통한 프로그램 실습 실세계에 응용할 수 있는 방법에 대해 교육,Playing with C 우균 창병모 지음 교보문고,,기타 다른 C 언어 교재,없음,True,True,False,False,False,True,target_department_and_target_course,0.08333333333333333
31321,2022,부산대학교,공과대학,정보컴퓨터공학부,프로그래밍원리와실습,1,2학기,4,4,0,전공기초,"본 교과목은 프로그래밍 개발 역량을 배양하기 위해 C 프로그래밍 언어를 이용하여 프로그래밍의 기초, 구조적 프로그래밍 등 프로그래밍 기본 원리와 S/W 개발의 기본 원칙을 학습한다.","모든 강의 자료는 PLATO(http://plato.pusan.ac.kr)를 통해 제공된다. 필수 주교재는 없으나 아래 책을 학습에 활용할 것을 권장한다. “The C Programming Language. 2nd ed.,” Kernighan, Brian, and Dennis Ritchie. Upper Saddle River, NJ: Prentice Hall, 1988. ISBN: 9780131103627. “Playing with C”, 우균 창병모 지음 교보문고",,,"본 교과목에 대한 공식 선수과목은 없다. 그러나 “CB16700:컴퓨터및프로그래밍입문""의 선 이수를 강하게 권고한다",True,True,False,False,False,True,target_department_and_target_course,0.16666666666666666
31323,2022,부산대학교,공과대학,정보컴퓨터공학부,프로그래밍원리와실습,1,2학기,4,4,0,전공기초,본 교과목은 C 프로그래밍 언어를 이용하여 학생들이 프로그래밍 기초와 구조적 프로그래밍에 대한 개념과 방법론을 이해 할 수 있도록 훈련 시키는 것을 목적으로 한다.,"모든 강의 자료는 PLATO(http://plato.pusan.ac.kr)를 통해 제공된다. 필수 주교재는 없으나 아래 책을 학습에 활용할 것을 권장한다. “The C Programming Language. 2nd ed.,” Kernighan, Brian, and Dennis Ritchie. Upper Saddle River, NJ: Prentice Hall, 1988. ISBN: 9780131103627. Playing with C”, 우균 창병모 지음 교보문고",,,"본 교과목에 대한 공식 선수과목은 없다. 그러나 “CB16700: 컴퓨터및프로그래밍입문""과 같은 교과목 이수를 통해 수강생 들이 컴퓨터 프로그래밍에 대한 기초 이해를 가지고 있다는 전제 하에 강의가 진행된다.",True,True,False,False,False,True,target_department_and_target_course,0.16666666666666666
31324,2022,부산대학교,공과대학,정보컴퓨터공학부,프로그래밍원리와실습,1,2학기,4,4,0,전공기초,본 교과목은 C 프로그래밍 언어를 이용하여 학생들이 프로그래밍 기초와 구조적 프로그래밍에 대한 개념과 방법론을 이해할 수 있도록 훈련 시키는 것을 목적으로 한다.,모든 강의 자료는 PLATO(http://plato.pusan.ac.kr)를 통해 제공된다. 주요 참고교재는 교과목 소개 시간에 안내한다.,,,"본 교과목에 대한 공식 선수과목은 없다. 그러나 “CB16700: 컴퓨터및프로그래밍입문""과 같은 교과목 이수를 통해 수강생들이 컴퓨터 프로그래밍에 대한 기초 이해를 가지고 있다는 전제 하에 강의가 진행된다.",True,True,False,False,False,True,target_department_and_target_course,0.16666666666666666
31325,2022,부산대학교,공과대학,정보컴퓨터공학부,프로그래밍원리와실습,1,2학기,4,4,0,전공기초,본 강의에서는 Clanguage로 된 프로그램을 이해할 수 있으며 개발할 수 있는 능력을 기르는 것을 목표로 한다.,"B. W. Kernighan and D. M. Ritchie, The C Programming Language, 2nd Ed., PrenticeHall, 1988.",,,,True,True,False,False,False,True,target_department_and_target_course,0.25
31326,2022,부산대학교,공과대학,정보컴퓨터공학부,프로그래밍원리와실습,1,2학기,4,4,0,전공기초,본 교과목은 C 프로그래밍 언어를 이용하여 학생들이 프로그래밍 기초와 구조적 프로그래밍에 대한 개념과 방법론을 이애할 수 있도록 훈련 시키는 것을 목표로 한다.,없음. 모든 강의 자료는 PLATP(http://plato.pusan.ac.kr)를 통해 제공된다.,,"아래의 도서를 학습에 활용할 것을 권장한다. ""The C Programming Language"", 2nd ed, Brian W. Kernighan, Dennis M. Ritchie, Prentice Hall, 1988. ""Playing with C"", 우균, 창병모","본 교과목에 대한 공식 선수과목은 없다. 단, ""CB16700: 컴퓨터프로그래밍입문""과 같은 교과목 이수를 통해 수강생들이 컴퓨터 프로그래밍에 대한 기초 이해를 가지고 있다는 전제 하에 강의가 진행된다.",True,True,False,False,False,True,target_department_and_target_course,0.08333333333333333
31336,2022,부산대학교,공과대학,정보컴퓨터공학부,자료구조,2,2학기,3,3,0,전공필수,이 과목은 프로그래밍으로 문제해결 할 때 필요한 논리력과 그것을 표현할 적절한 자료 구조를 학습한다. 또한 문제해결을 위한 전통적인 알고리즘을 통해 체계적 사고 방법을 익히고 나아가 주어진 문제해결을 위해 설계하는 방법을 학습한다.,"M.T.Goodrich et. al., Data Structures and Algorithms in C++, 2nd Ed, John Wiley&Sons, Inc., 2011",,"Horowitz et. al, Fundamentals of DATA STRUCTURE in C++, Computer Sci. Press, 2001",C or C++,True,True,False,False,False,True,target_department_and_target_course,0.08333333333333333
31337,2022,부산대학교,공과대학,정보컴퓨터공학부,자료구조,2,2학기,3,3,0,전공필수,1. 실제 현장에서 일어나는 문제를 형식화하여 프로그램을 통하여 해결하는 능력 2. 해당 문제를 프로그래밍할 때 가장 유용한 자료구조의 설계 3. 어떤 문제해결을 위한 다양한 자료구조의 성능을 평가할 수 있는 능력 4. C++에서 제공하는 STL(14 version)의 이해와 실전 활용 5. 입사를 위한 coding test를 중급이상으로 통과할 수 있는 실전 능력 Competitive Coding 실력 배양,[1] 수업에 사용하는 교재는 handout 형태로 나누어 줄 예정입니다. STL에 관련된 모든 교재 Data Structure with Algorithmic Thinking with Python Data Structures and Algorithms in C++ (Tamssia and D. Mount),,[1] 수업에 사용하는 교재는 handout 형태로 나누어 줄 예정입니다. STL에 관련된 모든 교재 Data Structure with Algorithmic Thinking with Python 아래 강의록 일부분을 확인하기 바랍니다.,C 프로그래밍 C++ 프로그래밍 (기초 정도) 아주 잘 할 필요는 없지만 아래 사항은 알고 있어야 합니다. 기본적인 stream io 함수 작성 및 parameter passing 기초 디버깅 수행시간 측정 간단한 class 만들기 template code 만들기,True,True,False,False,False,True,target_department_and_target_course,0.08333333333333333
31338,2022,부산대학교,공과대학,정보컴퓨터공학부,자료구조,2,2학기,3,3,0,전공필수,"자료구조 설계 구현 능력, C/C++ 소스코드 개발 능력","자료구조 프로그래밍, 홍봉희편저, 2022, 부산대학교 출판문화원",,"SW 코딩 역량을 위한 C++ 프로그래밍, 홍봉희, 정익사","C/C++ 프로그래밍, 이산수학",True,True,False,False,False,True,target_department_and_target_course,0.08333333333333333
31339,2022,부산대학교,공과대학,정보컴퓨터공학부,자료구조,2,2학기,3,3,0,전공필수,"본 과목을 통해 자료구조와 알고리즘을 이용한 문제 해결 능력을 기른다. 특히 다양한 자료구조에 대한 이론적인 이해와 실전 문제 적용을 중심으로 강의가 진행되며, 이를 통해 문제 분석 및 해결 방법 설계 능력의 발전을 도모한다.","Data Structures and Algorithms in C++, 2nd Edition Michael T. Goodrich, Roberto Tamassia, David M. Mount John Wiley & Sons, 2011 ISBN: 9780470383278",,,C++,True,True,False,False,False,True,target_department_and_target_course,0.16666666666666666
31343,2022,부산대학교,공과대학,정보컴퓨터공학부,컴퓨터알고리즘,3,1학기,3,3,0,전공필수,This course learns fundamentals and systematic skills for designing computer algorithms to solve realworld problems.,Foundations of Algorithms (4th edition) written by Richard Neapolitan and Kumarss Naimipour,,,Data structure,True,True,False,True,False,True,target_department_and_target_course,0.16666666666666666
31344,2022,부산대학교,공과대학,정보컴퓨터공학부,컴퓨터알고리즘,3,1학기,3,3,0,전공필수,"이론 전산학(theoretical computer science)의 기초개념 이해 막프로그래밍과 알고리즘 설계가 동반된 프로그래밍의 차이점 이해하기 자료구조와 프로그램 성능의 차이 이해하기 컴퓨터 공학에서 왜 알고리즘이 가장 중요한 개념인가를 실제 프로그래밍으로 체험하기 이론적 분석의 의미와 그 실용성 체험하기 이론 전산학(theoretical computer science)의 기초개념 이해 막프로그래밍과 알고리즘 설계가 동반된 프로그래밍의 차이점 이해하기 자료구조와 프로그램 성능의 차이 이해하기 컴퓨터 공학에서 왜 알고리즘이 가장 중요한 개념인가를 실제 프로그래밍으로 체험하기 이론적 분석의 의미와 그 실용성 체험하기 삼성에서도 최근 알고리즘의 중요성을 인식해서 삼성 SW직군 중에 알고리즘 이해도를 평가해서 진급에 적용한다고 합니다. 이와 같이 알고리즘은 단순히 소프트웨어 설계 및 구현 이상의 창의적인 가치를 포함하고 있는 매우 중요한 과목이며, 그 중요성을 갈수록 올라가고 있습니다. 컴퓨터 비전공자 중에서도 프로그램을 잘 하는 사람이 있지만 그들과 전공자와의 가장 큰 차이는 <알고리즘>과 같은 전산과학적 background 입니다. 동시에 국내 대기업에서는 2015년 이후부터 입사시험에서 문제해결기법, 자료구조, 알고리즘 프로그래밍 능력을 직접 test해 본다고 합니다. 따라서 본 과목은 이런 과정을 위한 학생들에게 적합한 과목이 될 것입니다. 다양한 알고리즘 실계 방법론의 이해 효율적인 프로그램 설계 그 목표를 위한 효율적인 자료구조의 설계 구현한 자료구조 및 그 지원 알고리즘의 성능평가 Efficient Programming 연습 및 수행된 프로그램의 알고리즘 분석 예를 들어 주어진 과제에 대하여 다음과 같은 경쟁을 하는 것에 부담이 없어야 한다. 가장 빠른 프로그램( in term of execution time) 가장 짧은 프로그램( in terms of source code lines) 이 과목을 수강하는 학생은 반드시 국제대학생 프로그래밍 대회( ICPC 2013)의 지역예선 즉 부산대학교 예선에 참가해야 합니다. 이것은 수강의 기본조건 입니다. 단 참여할 팀에 다른 학과 또는 알고리즘 이 분반 수강생 이외의 학생과 같이 참여해도 됩니다. 특히 이 분반을 수강하는 학생은 반드시 3인 1조로 ICPC 대회에 참가해야만 한다. 이것은 requirement이고 그렇지 못한 경우에는 과제 하나를 Missing한 것으로 간주한다. (작년 2021년에 사용한 알고리즘 프로그래밍 과제가 첨부화일에 있습니다. 참고해서 이 정도 프로그래밍을 할 수 있는지 감을 잡아 보시기 바랍니다. ) Preliminary for Algorithm Theory + Ethics for Engineering Measure for Algorithm Performance Time and Space complexity Analysis Divide and Conquer Method(1) Divide and Conquer Method(2) Greedy Method and Optimality(1) Real Application and Greedy Method Dynamic Programming Model + Mid Exam Application of Dynamic Programming Iterative Methodology: Backtracking(1) Iterative Methodology: Branch and Bound (1) Iterative Methodology: Branch and Bound (2) Graph Algorithm Basic Computational Geometry and real application for real world problems Theoretical Computation Theory NPcompleteness Heuristics","강의식으로 진행합니다. 프로그래밍 과제물이 10개 이상 주어질 예정입니다. 만일 C++, Python, JAVA를 기반으로 프로그래밍이 힘들다면 수강을 권하지 않습니다. 학기말에 실습실에서 부분적인 실습이 같이 진행될 예정입니다.",,"기본 강의자료는 Hwp hand out으로 수업 전에 NESPA 사이트를 통해서 제공합니다. 참고로 사용하는 교재는 <알고리즘 기초 5판 (홍릉과학출판사)>, 도경구 번역 수업시 handout은 교수가 강의 사이트에 매주 올립니다. 아래 첨부화일은 작년에 사용한 프로그래밍 과제물 일부입니다. 만일 이 정도 프로그래밍을 할 수 없는 학생이라면 수강을 권하지 않습니다.",이산수학(discrete Mathematics) 자료구조(필수적으로 수강) C/C++ 프로그래밍 중급이상 Python으로 과제물 작성도 가능하지만 어떤 과제물은 반드시 C/C++로만 제출해야 합니다.,True,True,False,True,False,True,target_department_and_target_course,0.08333333333333333
31345,2022,부산대학교,공과대학,정보컴퓨터공학부,컴퓨터알고리즘,3,1학기,3,3,0,전공필수,"To provide a solid foundation in algorithm design and analysis. Specifically, the student learning outcomes include: Ability to understand and design algorithms using greedy strategy, divide and conquer approach, dynamic programming, and max flow min cut theory. Ability to analyze asymptotic runtime complexity of algorithms including formulating recurrence relations. Basic knowledge of computational complexity","Richard Neapolitan and Kumarss Naimipour, Foundations of Algorithms, 4th Ed., Jones & Bartlett, 2011.",,"도경구 역, 알고리즘 기초, 홍릉출판사, 2014(번역서)",data structure and programming,True,True,False,True,False,True,target_department_and_target_course,0.08333333333333333
31346,2022,부산대학교,공과대학,정보컴퓨터공학부,이산수학(II),2,2학기,3,3,0,전공필수,"이산 물체 및 데이터 관련 문제에 적용이 가능한 주요 모델링 기법, 그래프 이론, 정수론 및 대수학, 오토마타 이론 등을 컴퓨터공학 전공 문제와 연계시켜 다룬다. 특히 정의와 정리에 기반하여 논리적인 사고를 할 수 있는 능력을 키우는 것을 주요 목표로 한다.","Discrete and Combinatorial Mathematics (5th Ed.), R.P. Grimaldi, Pearson Education Limited, 2014",,Lecture Notes at the PLATO system,없음,True,False,True,False,False,True,target_department_and_foundational_course,0.08333333333333333
31347,2022,부산대학교,공과대학,정보컴퓨터공학부,이산수학(II),2,2학기,3,3,0,전공필수,"1. Understanding the basics on number theory 2. Understanding the basics on Automata theory 3. Understanding the basics on graph theory 4. Understanding the number theory with applications(cryptography) 5. Understading the graph theory & automata with applications(computer arch. blockchain, etc.)","Discrete and combinatorial mathematics (5th Edition) by R.P.Grimaldi, 2004",,Handbout 자료 제공,없음,True,False,True,False,False,True,target_department_and_foundational_course,0.08333333333333333
31349,2022,부산대학교,공과대학,정보컴퓨터공학부,인공지능,3,2학기,3,3,0,전공선택,탐색기반 문제해결 기본 개념을 이해하고 실제 문제에 적용 실생활 문제를 공식화하는 능력을 함양하고 이를 논리적 수학적 추론 방법으로 해결 다양한 학습 알고리즘을 공부하고 이를 실생활 문제에 적용,"Artificial Intelligence: A Modern Approach, 3rd ed. Stuart Russell and Peter Norvig Prentice Hall, 2009",,,,True,True,False,True,False,True,target_department_and_target_course,0.25
31350,2022,부산대학교,공과대학,정보컴퓨터공학부,인공지능,3,2학기,3,3,0,전공선택,1. 문제해결의 개념을 이해하고 실제로 응용할 수 있다 (Understand the concept of solving problems and apply for practical problems). 2. 실세계 문제들을 정형화하고 논리적 혹은 수학적 추론 기법을 적용하여 해결할 수 있다 (Formulize realworld problems and solve them using logical and mathematical reasoning). 3. 학습 알고리즘들을 이해하고 이를 실제 문제에 적용할 수 있다 (Understand learning algorithms and apply this for practical problems).,"Stuart Russell and Peter Norvig, Artificial Intelligence: A Modern Approach, 3rd ed. Prentice Hall, 2010.",,,"자료구조 (Data structure), 확룔통계 (Probabilities and Statistics)",True,True,False,True,False,True,target_department_and_target_course,0.16666666666666666
31355,2022,부산대학교,공과대학,정보컴퓨터공학부,데이터통신,3,1학기,3,3,0,전공선택,1) 데이터통신 기본 기술 요소의 목적과 원리를 이해한다 2) 데이터통신 기술 요소를 확률 등의 이론 도구를 이용하여 그 성능과 특성을 평가할 수 있는 능력을 갖춘다 3) 데이터통신 기술 요소를 Python 등의 실습 도구를 이용하여 그 성능과 특성을 분석할 수 있는 능력을 갖춘다 4) 기본적인 형식 및 내용 요건을 충족시키는 기술 보고서를 작성하는 능력을 갖춘다,"W. Stallings, Data and Computer Communications, PrenticeHall",,,해당 사항 없음,True,True,False,False,False,True,target_department_and_target_course,0.16666666666666666
31356,2022,부산대학교,공과대학,정보컴퓨터공학부,데이터통신,3,1학기,3,3,0,전공선택,데이터 통신의 원리를 익히고 이것의 응용능력을 개발한다.,"Behrouz A. Forouzan, Data Communications and Networking with TCP/IP Protocol Suite(6E), McGraw Hill, 2022",,"W. Stallings, Data and Computer Communications(10E), Prentice Hall, 2014",해당사항 없음,True,True,False,False,False,True,target_department_and_target_course,0.08333333333333333
31357,2022,부산대학교,공과대학,정보컴퓨터공학부,데이터베이스,3,2학기,3,3,0,전공선택,본강의의목적은정보모델링방법과데이터베이스설계및관리개념과방법론을학습하는것이다.,"A First course in Database Systems,Jeffrey D.Ullman and Jennifer Widom,3rd ed. Pearson International Edition",,"데이터베이스시스템개론,JeffreyD.UllmanandJenniferWidom저,김명호,이윤준,유재수역,도서출판그린(2판)",,True,True,False,True,False,True,target_department_and_target_course,0.16666666666666666
31359,2022,부산대학교,공과대학,정보컴퓨터공학부,데이터베이스,3,2학기,3,3,0,전공선택,"DB 모델링, DB 설계, SQL 프로그래밍, MySQL Workbench, DB연동 프로그래밍","데이터베이스 SQL 프로그래밍(MySQL 실습), 홍봉희편저, 부산대학교 출판문화원, 2022",,,"자료구조, 파일구조",True,True,False,True,False,True,target_department_and_target_course,0.16666666666666666
31360,2022,부산대학교,공과대학,정보컴퓨터공학부,임베디드시스템,3,2학기,3,3,0,전공선택,"Study general architectures of embedded systems, Study structure and instruction set of ARM architecture, Study ARM assembler language, Study ARM processor and CPU cores, Study RTOS and programming","1. ARM System on chip Architecture (2nd Ed.), Steve Furber, Addison Wesley 2. μC/OSIII, The RealTime Kernel For the STM32 ARM CortexM3, Jean J. Labrosse, https://micrium.atlassian.net/wiki/spaces/osiiidoc/overview (Free PDF)",,,,True,True,False,False,False,True,target_department_and_target_course,0.25
31361,2022,부산대학교,공과대학,정보컴퓨터공학부,확률통계,1,2학기,3,3,0,전공기초,"수학 및 기초공학에 대한 지식을 이해하고, 이를 공학적 문제에 응용할 수 있는 능력 개발 컴퓨터공학 핵심지식을 이해하고, 실세계 컴퓨터공학 문제들의 자료를 분석하여 평가할 수 있는 능력 배양 컴퓨터시스템을 설계할 수 있는 능력과, 도구 및 프로그래밍 언어를 활용하여 실세계에 존재하는 공학적 문제들을 해결할 수 있는 능력 배양 자신의 생각을 효율적으로 전달하고 동료들과 협업을 할 수 있으며, 경영마인드를 갖춘 국제적 리더쉽 배양","핵심 확률 및 통계학 (청문각, 로널드 월폴, 레이먼드 마이어스, 새런 마이어스, 키잉 예 지음; 김봉선, 유영관, 박종천, 이상호 옮김)",,,수학 (미적분 포함),True,False,True,False,False,True,target_department_and_foundational_course,0.16666666666666666
31362,2022,부산대학교,공과대학,정보컴퓨터공학부,확률통계,1,2학기,3,3,0,전공기초,확률 이론 기초에 대한 이해 공학 문제 분석을 위한 확률 모형 적용 능력 함양 Python/R과 같은 컴퓨터 S/W를 이용한 확률 문제 해결 능력 함양 요건을 만족하는 기술문서 작성 능력 함양,"다음 3가지 교재 중 하나로 분반 담당 교수가 지정 Probability and Random Processes with Application to Signal Processing and Communications, S. Miller, Elsevier Introduction to Probability Models, 11th edition, Sheldon Ross Introduction to Probability, 2nd Ed. Dimitri P. Bertsekas and John N. Tsitsiklis,",,,,True,False,True,False,False,True,target_department_and_foundational_course,0.25
31363,2022,부산대학교,공과대학,정보컴퓨터공학부,확률통계,1,2학기,3,3,0,전공기초,"다양한 형태의 데이터 분석에 필요한 확률, 통계적인 기초적인 지식을 이해하여 그 응용력을 키운다.","Introdcution to Probability Models, 11th edition written by Sheldon Ross",,,,True,False,True,False,False,True,target_department_and_foundational_course,0.25
31364,2022,부산대학교,공과대학,정보컴퓨터공학부,운영체제,3,1학기,3,3,0,전공필수,운영체제를 구성하는 기본 개념을 이해하고 이를 구현하기 위한 각 구성요소의 동작 원리를 이해한다. 운영체제 전반에 대한 이해를 바탕으로 시스템에 최적화된 소프트웨어를 개발할 수 있는 능력을 배양한다. 운영체제의 각 구성 요소를 구현하는 프로젝트를 통해 시스템프로그래밍 능력을 향상시킨다.,"Remzi H. ArpaciDusseau and Andrea C. ArpaciDusseau, ""Operating Systems: Three Easy Pieces"" https://pages.cs.wisc.edu/~remzi/OSTEP/",,"Operating System Concepts, 9th Edition, by Avi Silberschatz, Peter Baer Galvin and Greg Gagne, John Wiley & Sons, Inc., 2012 Operating Systems, Internals and Design Principles, 7th edition, William Stallings, Pearson International Edition, 2009",C Programing language Data structure Basic knowledge on Unix/Linux systems,True,True,False,True,False,True,target_department_and_target_course,0.08333333333333333
31365,2022,부산대학교,공과대학,정보컴퓨터공학부,운영체제,3,1학기,3,3,0,전공필수,"운영체제의 개념과 발전과정, 구성요소 및 동작 원리 이해 프로세스 개념 및 관리, 스케줄링, 동기화 학습 병행 프로그래밍, 교착상태, 주기억장치/보조기억장치, 파일시스템 이해 시스템에 최적화된 소프트웨어 개발 능력 배양","Operating System Concepts 10th Edition / A. Silberschatz, P.B. Galvin, G. Gagne / John Wiley & Sons / 2018",,매주 PLATO에 강의자료 업로드,C Programing language Data structure Basic knowledge on Unix/Linux systems,True,True,False,True,False,True,target_department_and_target_course,0.08333333333333333
31366,2022,부산대학교,공과대학,정보컴퓨터공학부,운영체제,3,1학기,3,3,0,전공필수,"With this course, students can understand the basics on OS and the structure of the OS. Also, student can learn the details of the OS through using and analyzing the Linux OS.","OS concepts, 9th edition by Avi silberschatz Operating System, three easy pieces by Remzi, et. al.",,"OS related materials, etc. Linux OS materials, etc.",C programming skill,True,True,False,True,False,True,target_department_and_target_course,0.08333333333333333
31370,2022,부산대학교,공과대학,정보컴퓨터공학부,컴퓨터구조,3,1학기,3,3,0,전공필수,"Study basic knowledge about computer systems in general including CPU, memory system, I/O device, and bus. Study cache, internal & external memory, interconnection mechanism, computer arithmetic and CPU structure. Also study RISC based CPU structure and control units of RISC and CISC systems.'","Computer Organization and Architecture, 10th Edition, W. Stallings, Prentice Hall, 2016",,"컴퓨터구조 관련 자료. 온라인 materials 활용 등 RISCV processor architecture, etc.",,True,True,False,True,False,True,target_department_and_target_course,0.16666666666666666
31371,2022,부산대학교,공과대학,정보컴퓨터공학부,컴퓨터구조,3,1학기,3,3,0,전공필수,"컴퓨터 시스템의 구조 및 설계에 관한 기본적인 지식 습득 프로세서의 주요 구성요소와 동작 방식 학습 메모리 계층, 입출력장치, 시스템 버스와 관련된 지식 습득",Computer Organization and Architecture 10th Edition / W. Stallings / Prentice Hall / 2016,,매주 PLATO에 강의자료 업로드,C Programing language Data structure,True,True,False,True,False,True,target_department_and_target_course,0.08333333333333333
31372,2022,부산대학교,공과대학,정보컴퓨터공학부,컴퓨터구조,3,1학기,3,3,0,전공필수,본 과목에서는 디지탈 컴퓨터 시스템의 구조 및 설계에 관한 기본적인 지식을 습득함을 목표로 한다.,"Computer Organization and Architecture,10thEdition,W.Stallings,Prentice Hall,2 016",,,,True,True,False,True,False,True,target_department_and_target_course,0.25
31374,2022,부산대학교,공과대학,정보컴퓨터공학부,컴퓨터네트워크,3,2학기,3,3,0,전공선택,컴퓨터 네트워크 기초 및 현대 컴퓨터 네트워킹에 대한 이해 증진,Computer Networking: A TopDown Approach 8th Edition / J.F. Kurose and K.W. Ross / Pearson / 2022 컴퓨터 네트워킹: 하향식 접근 (제8판) / J.F. Kurose and K.W. Ross / 퍼스트북 / 2022,,매주 PLATO에 강의자료 업로드,,True,True,False,False,False,True,target_department_and_target_course,0.16666666666666666
31375,2022,부산대학교,공과대학,정보컴퓨터공학부,논리회로설계및실험,2,2학기,2,0,4,전공필수,1. Study on design and analysis of digital system 2. Study on design method of logic circuit using design tools 3. Study on verification method of logic circuit using simulation,"양세양외 3인 Flowrican을 이용한 논리회로도 설계 및 검증실험, 브레인코리아",,,논리설계,True,True,True,False,False,True,target_department_and_target_course,0.16666666666666666
31376,2022,부산대학교,공과대학,정보컴퓨터공학부,논리회로설계및실험,2,2학기,2,0,4,전공필수,Study on design and analysis of digital system Study on design method of logic circuit using design tools Study on verification method of logic circuit using simulation,"양세양외 3인 Flowrian을 이용한 논리회로도 설계 및 검증실험, 브레인코리아",,"강병익, 양세양, 디지털 논리실험, 한성출판사, 2000",Nothing,True,True,True,False,False,True,target_department_and_target_course,0.08333333333333333
31380,2022,부산대학교,공과대학,정보컴퓨터공학부,소프트웨어설계및실험,3,1학기,2,0,4,전공필수,"1. 모바일 프로그래밍을 통한 일상생활 속 문제 해결 능력 향상 2 .안드로이드 개발플랫폼을 활용한 다양한 모바일 응용프로그램 개발 기초 능력 향상 3. 기초, 응용, 심화 단계별 실습 프로그램을 통한 모바일 응용프로그래밍 개발 능력 향상 4. 모바일 프로그래밍을 통한 문제 해결 능력 향상","강성윤, ""Do it! 깡샘의 안드로이드 앱 프로그래밍 wit h코틀린"", 이지스퍼블리싱(주), 2021 우재남, 유혜림, ""코틀린을 활용한 안드로이드 프로그래밍"", 한빛아카데미, 2020 임태규, ""텐서플로 라이트를 활용한 안드로이드 딥러닝"", 한빛미디어, 2021",,https://developer.android.com/,객체지향프로그래밍 혹은 자바프로그래밍,True,False,True,False,False,True,target_department_and_foundational_course,0.08333333333333333
31381,2022,부산대학교,공과대학,정보컴퓨터공학부,소프트웨어설계및실험,3,1학기,2,0,4,전공필수,"1. 모바일 프로그래밍을 통한 일상생활 속 문제 해결 능력 향상 2. 안드로이드 개발플랫폼을 활용한 다양한 모바일 응용프로그램 개발 기초 능력 향상 3. 기초, 응용, 심화 단계별 실습 프로그램을 통한 모바일 응용프로그래밍 개발 능력 향상 4. 모바일 프로그래밍을 통한 문제 해결 능력 향상","강성윤, ""Do it! 깡샘의 안드로이드 앱 프로그래밍 with 코틀린"", 이지스퍼블리싱(주), 2021 우재남 유혜림, ""코틀린을 활용한 안드로이드 프로그래밍"", 한빛아카데미, 2020 임태규, ""텐서플로 라이트를 활용한 안드로이드 딥러닝"", 한빛미디어, 2021",,https://developer.android.com/,객체지향프로그래밍 혹은 자바프로그래밍,True,False,True,False,False,True,target_department_and_foundational_course,0.08333333333333333
31384,2022,부산대학교,공과대학,정보컴퓨터공학부,웹응용프로그래밍,2,2학기,3,3,0,전공선택,"1. Teaching about ability to develop Internet application programs 2. The course covers programming languages like HTML5.0, XML, CSS, JavaScript, PHP, JSON 3. Learn to analyze the requirement of real problems related to Internet applications and to implement ideas by clientserver model 4. Understanding platforms to develop internet applications 5. Improvement of communication and cowork skill within a team","Internet & World Wide Web how to program(5th), Deitel et al. Pearson Education Inc",,인터넷에서 접근 가능한 이 강의에서 소개하는 프로그래밍 언어 메뉴얼,인터넷과 웹기초(11) 과목 이수 프로그램에 대한 기본 지식(최소한 한 개 프로그래밍 언어에 대해 익숙할 것) 인터넷 응용 프로그램을 활용해본 경험,True,True,False,False,False,True,target_department_and_target_course,0.08333333333333333
31386,2022,부산대학교,공과대학,정보컴퓨터공학부,웹응용프로그래밍,2,2학기,3,3,0,전공선택,"1. Understanding frontend web development techniques. (HTML, CSS, JavaScript, etc.) 2. Understanding backend web development techniques (Webserver, DabaBase, PHP, XML/JSON, etc.)","Fundamentals of web development (1st/global edition), Randy Connolly and Ricardo Hoar, Pearson",,"Internet & World Wide Web how to program(5th), Deitel et al. Pearson Education Inc. W3schools.com",인터넷과 웹기초 과목 이수 혹은 HTML/CSS/JAVASCRIPT와 관련된 기본적인 지식,True,True,False,False,False,True,target_department_and_target_course,0.08333333333333333
31391,2022,부산대학교,공과대학,정보컴퓨터공학부,임베디드시스템설계및실험,3,2학기,2,0,4,전공필수,Study ARM based embedded system and learn about HW & SW implementation technology,Weekly experimentation manual & design project guide,,,,True,True,True,False,False,True,target_department_and_target_course,0.25
31398,2022,부산대학교,공과대학,정보컴퓨터공학부,인터넷과웹기초,1,1학기,3,3,0,전공필수,Understanding the history and basic structure of the Internet and the web Understanding clientside programming through learning HTML/CSS/JavaScript Increase problem solving ability using Open API utilization,"김경민, 문제해결을 통한 웹 프로그래밍 입문 , 이한미디어, 2019.10 고경희 저, Do it! HTML5+CSS3 웹 표준의 정석 2판, 이지스퍼블리싱, 2019.12",,W3Schools Online Web Tutorials https://www.w3schools.com,,True,True,False,False,False,True,target_department_and_target_course,0.16666666666666666
31400,2022,부산대학교,공과대학,정보컴퓨터공학부,인터넷과웹기초,1,1학기,3,3,0,전공필수,Understanding the history and basic structure of the Internet and the web Understanding clientside programming through learning HTML/CSS/JavaScript Increase problem solving ability using Open API utilization,"고경희 저, Do it! HTML5+CSS3 웹 표준의 정석 2판, 이지스퍼블리싱, 2019.12 김경민, 문제해결을 통한 웹 프로그래밍 입문 , 이한미디어, 2019.10",,W3Schools Online Web Tutorials https://www.w3schools.com,,True,True,False,False,False,True,target_department_and_target_course,0.16666666666666666
31401,2022,부산대학교,공과대학,정보컴퓨터공학부,C++프로그래밍과실습,2,1학기,4,4,0,전공필수,"1. C++ 프로그래밍언어의 Syntax, Semantics, 그리고 Programming Style 및 Design Pattern을 학습하고 2. 주어진 문제를 C++ 프로그래밍 언어로 해결할 수 있는 능력을 양성한다.",(선정 중선정후 공지),,,C프로그래밍 언어,True,True,False,False,False,True,target_department_and_target_course,0.16666666666666666
31405,2022,부산대학교,공과대학,정보컴퓨터공학부,C++프로그래밍과실습,2,1학기,4,4,0,전공필수,객체 지향 프로그래밍 능력으로 C++ 구사 능력,SW 코딩 역량을 위한 C++ 프로그래밍,,,C,True,True,False,False,False,True,target_department_and_target_course,0.16666666666666666
31406,2022,부산대학교,공과대학,정보컴퓨터공학부,C++프로그래밍과실습,2,1학기,4,4,0,전공필수,객체지향언어(OOP)의 특징을 이해한다. 주어진 문제를 C++ 언어를 이용하여 알고리즘을 구현한다. 주제별 과제를 부여항 과제 수행 능력을 배양한다.,수업 중 공지,,,C 프로그래밍,True,True,False,False,False,True,target_department_and_target_course,0.16666666666666666
31407,2022,부산대학교,공과대학,정보컴퓨터공학부,공학선형대수학,2,1학기,3,3,0,전공필수,"선형대수학에 대한 기본 개념, 속성, 기법 등을 소개한다. 실제 발생하는 여러가지 공학적인 문제에 대한 선형대수적 해결 예제를 통해, 학생들이 자신의 전공분야에서 발생할 수 있는 여러가지 선형대수적 문제를 직접 모델링 하여 해결할 수 있는 능력을 배양하도록 한다.","Linear Algebra with Applications (10th Ed.), S.J. Leon, PEARSON, 2020",,"선형대수학과 응용, 이재진 외 4인 옮김, PEARSON, 제8판, 2012 Linear Algebra with Applications, written by George nakos and David Joyner",없음,True,False,True,False,False,True,target_department_and_foundational_course,0.08333333333333333
31409,2022,부산대학교,공과대학,정보컴퓨터공학부,공학선형대수학,2,1학기,3,3,0,전공필수,"Linear Algebra is an important subject to the students who are going to study mathematics, science and engineering. In this course, we study linear systems, vector, matrices, vector spaces, linear transformation, dterminants, eignvalues and eignvectors, dot and inner product. We examinate those definition, concepts and its applications. Also we enlarge the capacity of its application using program or tools.","Steven J. Leon, Linear Algebra with Application, 9th Ed., Pearson",,,,True,False,True,False,False,True,target_department_and_foundational_course,0.25
31414,2022,부산대학교,공과대학,정보컴퓨터공학부,AI프로그래밍,2,2학기,3,3,0,전공선택,"AI 기반의 최적화, 추론, 학습 등에 사용되는 알고리즘의 이론을 공부하고, 이를 설계 및 구현할 수 있는 프로그래밍 능력 개발","David I. Schneider, An Introduction to Programming Using Python, Pearson, 2016",,,없음,True,True,False,True,False,True,target_department_and_target_course,0.16666666666666666
31415,2022,부산대학교,공과대학,정보컴퓨터공학부,AI프로그래밍,2,2학기,3,3,0,전공선택,"AI 기반의 최적화, 추론, 학습 등에 사용되는 알고리즘들을 공부하고, 그를 바탕으로 이들을 설계, 구현할 수 있는 프로그래밍 능력 개발","David I. Schneider An Introduction to Programming Using Python, Pearson, 2016",,,컴퓨터및프로그래밍입문,True,True,False,True,False,True,target_department_and_target_course,0.16666666666666666
31416,2022,부산대학교,공과대학,정보컴퓨터공학부,AI프로그래밍,2,2학기,3,3,0,전공선택,"AI 기반의 최적화, 추론, 학습 등에 사용되는 알고리즘들을 공부하고, 그를 바탕으로 이들을 설계, 구현할 수 있는 프로그래밍 능력 개발","David I. Schneider An Introduction to Programming Using Python, Pearson, 2016",,,,True,True,False,True,False,True,target_department_and_target_course,0.25
31421,2022,부산대학교,공과대학,정보컴퓨터공학부,프로그래밍언어론,4,1학기,3,3,0,전공필수,"이 과정의 목표는 1) 프로그래밍 언어 패러다임의 비교: 명령형, 기능적, 논리 및 객체 지향, 2) 개념 기반, 구문, 의미론(예: 표시, 공리 및 연산) 및 구현, 3)다양한 언어 기능을 지원하는 데 필요한 구조에 대한 이해 및 구현 입니다","프로그래밍 언어론 제10판 Robert W. Sebesta (지은이),하상호,유원희 (옮긴이), 피어슨에듀케이션코리아",,,,True,True,False,False,False,True,target_department_and_target_course,0.25
31425,2022,부산대학교,공과대학,정보컴퓨터공학부,데이터마이닝,4,2학기,3,3,0,전공선택,"본 과목에서는 데이터마이닝을 위한 기본 알고리즘에 대해 배우며 배운 내용을 Tensorflow를 사용하여 구현함으로서 그 특성 및 응용 방법을 익힌다. 데이터마이닝을 위해 Linear Regression, SVM, KMeans 등 기본 머신러닝 알고리즘과 Deep Neural Network, CNN(Convolutional Neural Network), RNN(Recurrent Neural Network) 등, 딥 러닝 기법에 대해 배우며, 이를 Tensorflow를 활용하여 프로그래밍 및 실습을 수행한다.","Data Mining Practical Machine Learning Tools and Techniques by Ian H. Witten, 3rd Edition Machine Learning with Tensorflow by Nishant Shukla",,,,True,True,False,True,False,True,target_department_and_target_course,0.25
31426,2022,부산대학교,공과대학,정보컴퓨터공학부,정보보안,4,1학기,3,3,0,전공선택,To understand cryptographic primitives and their principles which are used in information technology,"Cryptography & Network Security, principles and practices (5th Ed), William Stallings, Pearson Education Inc. 2006",,"Handbook of Applied Cryptography, Alfred J. Menezes, et al. CRC Press",없음,True,True,False,True,False,True,target_department_and_target_course,0.08333333333333333
31427,2022,부산대학교,공과대학,정보컴퓨터공학부,정보보안,4,1학기,3,3,0,전공선택,"정보보안에는 하드웨어에 대한 물리적 액세스 제어뿐 아니라 네트워크 액세스, 데이터, 코드 삽입 등을 통한 악성 활동으로부터의 보호가 포함됩니다. 이 수업에서 학생들은 컴퓨터 보안 기술과 관련한 이론을 학습하고 실습을 통해 동작 원리를 이해한다.","Principles and Practice (4/E), William Stallings, Pearson, 2018 (Global Edition)",,"Cryptography & Network Security: principles and practices (6th Ed), William Stallings, Pearson Education Inc. 2013.",o Programing language (C/C++) o Discrete mathematics o Data structure,True,True,False,True,False,True,target_department_and_target_course,0.08333333333333333
31428,2022,부산대학교,공과대학,정보컴퓨터공학부,네트워크보안,4,2학기,3,3,0,전공선택,"유무선 컴퓨터 네트워킹 및 모바일 네트워킹을 바탕으로 한 네트워크 서비스의 진화 및 생활 패턴의 변화는 기존 고정된 형태로 물리적인 보호를 받으며 이용할 수 있었던 컴퓨터 사용 환경에서 나타나지 않던 새로운 보안 위협이 출현하고 있으며, 이에 따라 온라인의 보안 위협을 탐지하고 차단하기 위한 네트워크 보안의 중요성이 강조되고 있다. 이 과목을 통해 학생들은 컴퓨터 네트워크의 다양한 잠재적 보안 취약성과 이를 제거하고 안전한 네트워크를 구성하기 위한 보안 기술 및 그 설계 원리에 대하여 학습한다.","Network Security Essentials Applications and Standards (6th Edition), William Stallings, Pearson, 2017 혹은 Network Security Essentials Applications and Standards (5th Edition), William Stallings, Pearson, 2013 정보보안 개론과 실습 네트워크 해킹과 보안(개정판), 양대일, 한빛미디어",,"Cryptography and Network Security: Principles and Practice, (7th Edition), William Stallings, Pearson, 2016 Protocols for authentication and Key Establishment, Colin Boyd and Anish Mathuria, Springer, 2003",o 컴퓨터 네트워크,True,True,False,False,False,True,target_department_and_target_course,0.08333333333333333
31430,2022,부산대학교,공과대학,정보컴퓨터공학부,머신러닝,4,1학기,3,3,0,전공선택,머신러닝에 사용되는 각종 기법의 원리를 이해하고 실제 문제에 이를 응용할 수 있는 능력을 배양한다.,"Data Mining: Practical Machine Learning Tools and Techniques, 4th Edition. Ian. H. Witten, Eibe Frank, Mark Hall, and Christopher Pal Morgan Kaufmann Publishers, Inc., 2016",,,,True,True,False,True,False,True,target_department_and_target_course,0.25
31432,2022,부산대학교,공과대학,정보컴퓨터공학부,컴퓨터비전개론,4,1학기,3,3,0,전공선택,"To learn basic concepts, theory of image processing To learn fundamental techniques for computer vision To learn applications of computer vision","Computer Vision: Algorithms and Applications (online), by Richard Szeliski.",,,프로그래밍 기본,True,True,False,True,False,True,target_department_and_target_course,0.16666666666666666
31454,2022,부산대학교,공과대학,산업공학과,데이터마이닝,3,2학기,3,3,0,전공필수,학생들이 데이터 마이닝의 이론과 적용을 습득하는 것을 목표로 한다.,"Zaki, M. J., Meira Jr, W., & Meira, W. (2014). Data mining and analysis: fundamental concepts and algorithms. Cambridge University Press.",,,"프로그래밍 (파이썬 등), 선형대수, 확률과 통계",False,True,False,True,False,True,strong_ai_cs_course_outside_target_department,0.16666666666666666
31462,2022,부산대학교,공과대학,산업공학과,인공지능응용,4,2학기,3,3,0,전공선택,기본적인 AI이론을 학습하고 실제 데이터를 활용하여 AI알고리즘을 구현할 수 있어야 한다.,"Nils J. Nilson, Artificial Intelligence: A New Synthesis",,,컴퓨터프로그래밍,False,True,False,True,False,True,strong_ai_cs_course_outside_target_department,0.16666666666666666
31468,2022,부산대학교,공과대학,산업공학과,데이터베이스,3,1학기,3,3,0,전공필수,데이터베이스 관리시스템을 사용할 줄 알고 공학문제에 응용 대용량 데이터를 다루는데 필요한 지식을 이해하고 예제를 통해서 데이터베이스 설계 실습 자기주도억으로 주제와 관련된 데이터베이스 시스템을 설계하고 구현 수행,"데이터베이스 개론 3판, 한빛미디어, 김연희 지음",,2021 이기적 SQL 개발자 이론서+기출문제 영진닷컴 데이터베이스설계 KOCW,,False,True,False,True,False,True,strong_ai_cs_course_outside_target_department,0.16666666666666666
32006,2022,부산대학교,나노과학기술대학,나노에너지공학과,인공지능과빅데이터,1,2학기,3,3,0,전공기초,4차 산업혁명의 핵심인 인공지능 기초 개념을 배우고 및 데이터 처리를 위한 컴퓨터 언어 중 하나인 파이썬을 학습한다.,파이썬과 데이터 과학 (천인국 외),,,,False,True,False,True,False,True,strong_ai_cs_course_outside_target_department,0.25
32149,2022,부산대학교,사범대학,교육학과,AI활용수업,3,2학기,3,3,0,전공선택,"학습목표 달성을 위해 효과적, 효율적, 매력적으로 AI활용수업을 실천할 수 있다.",교수자가 제작한 ppt 활용,,"정제영, 이선복 역 (2020). 인공지능 시대의 미래교육 가르침과 배움의 함의 . 서울: 박영",,False,True,False,True,True,True,strong_ai_cs_course_outside_target_department,0.16666666666666666
32595,2022,부산대학교,사범대학,일반사회교육과,사회조사와데이터분석,2,2학기,3,3,0,전공필수,데이터 분석에 대한 이해 데이터 분석 방법 습득,강의자료,,엑셀 데이터 분석관련 도서,"출석(20%), 선행강의 수강(20%), 보고서 (60%)",False,True,False,True,True,True,strong_ai_cs_course_outside_target_department,0.08333333333333333
33295,2022,부산대학교,생명자원과학대학,IT응용공학과,운영체제,3,1학기,3,3,0,전공선택,운영체제의 필요성에 대한 이해 운영체제의 구조의 이해 운영체제 설계 및 구현 능력 배양 프로그램 작성 기술 향상,"Operating System Concepts 에션셜 2nd, 조유근외 번역, 홍릉과학출판사, 2019",,"알기쉬운 운영체제, 최현섭, 연두에디션,2019",C프로그래밍 데이터구조,False,True,False,True,False,True,strong_ai_cs_course_outside_target_department,0.08333333333333333
33305,2022,부산대학교,생명자원과학대학,IT응용공학과,데이터베이스(I),3,2학기,3,3,0,전공필수,데이터베이스 시스템의 기본 개념과 설계 및 구현에 필요한 이론 및 실기를 한 학기과정으로 강의한다.,"데이터베이스 시스템, 이석호 저, 정익사, 2009.",,"데이터베이스의 정석, 박성진, 생능출판사, 2019. Database System Concepts, Henry Korth, Abraham Silberschatz and S. Sudarshan, McGrawHill, 7ed, 2019. Database Management Systems, Raghu Ramakrishnan and Johannes Gehrke, McGrawHill, 3rd edition, 2014. Database Processing, David M. Kroenke and David Auer, Prentice Hall, 14ed, 2019. 데이터베이스 관리(제4판). 서길수, 박영사, 2022. 데이타베이스 프로그래밍 길잡이, 심준호, 21세기사, 2009. 빅데이터 컴퓨팅 기술, 박두순 외 5인 저, 한빛아카데미, 2014.",선수과목 없음,False,True,False,True,False,True,strong_ai_cs_course_outside_target_department,0.08333333333333333
33306,2022,부산대학교,생명자원과학대학,IT응용공학과,데이터베이스(II),4,1학기,3,3,0,전공선택,본 과목은 고급 데이터베이스 시스템 과정입니다. 이 과정의 주요 내용은 데이터베이스 설계와 구현에 관한 것입니다. 이 과목에서는 현대 응용 분야에 필요한 데이터베이스를 설계하고 구현하는 방법을 강의합니다.,"Database Design for Mere Mortals: 25th Anniversary Edition, 4th Ed, Michael J. Hernandez, AddisonWesley Professional, Dec. 2020. 파워 오브 데이터베이스 가장 쉬운 데이터베이스 설계를 위한 지침서, 마이클 J. 헤르난데즈(지은이), 송현호,황규용(옮긴이), 비제이퍼블릭, 2019.",,"Database System Concepts, Abraham Silberschatz, Henry Korth and S. Sudarshan, McGrawHill, 2010. UsageDriven Database Design: From Logical Data Modeling through Physical Schema Definition, George Tillmann, Apress, 2017. 프로젝트 성패를 결정짓는 데이터 모델링 이야기, 김상래 저, 한빛미디어, 2015. 관계형 데이터 모델링 노트재미와 깨달음이 있는 모델링 이야기, 김기창, (주)오픈메이드 컨설팅, 2014. 데이타베이스 설계와 구축, 이춘식, 한빛미디어, 2008. 데이터베이스 시스템, 이석호 저, 정익사, 2009. 그 외 다양한 참고 자료 (다른 교재, 논문, 강의자료)",데이터베이스(I),False,True,False,True,False,True,strong_ai_cs_course_outside_target_department,0.08333333333333333
33321,2022,부산대학교,생명자원과학대학,IT응용공학과,인공지능응용,4,2학기,3,3,0,전공선택,본 강의는 다음과 같은 학습 목표에 초점을 맞추고 있다. 인공지능 이론과 실제에서 사용하는 기본 표현과 추론 패러다임의 이해 인공지능을 이용한 실제 어플리케이션의 설계 및 구현 독자적인 설계와 구현을 수행할 수 있는 경험 습득,"인공지능 개론(2nd Ed.), Michael Negnevitsky 저, 김용혁 역, 한빛아카데미, 2013. Artificial intelligence: a modern approach (4th edition), Stuart Russell, Peter Norvig, Prentice Hall, 2020. 튜링 테스트에서 딥러닝까지 인공지능, 이건명, 생능출판사, 2018. 인공지능 파이썬으로 배우는 머신러닝과 딥러닝, 천인국, 인피니티북스, 2020.",,"누구나 쉽게 배우는 인공지능 스타트, 박동규, 인피니티북스, 2022. 처음 만나는 인공지능, 김대수 저, 생능출판사, 2020. Mastering Java Machine Learning: A Java developer's guide to implementing machine learning and big data architectures, Uday Kamath and Krishna Choppella, Packt Publishing, 2017. Artificial Intelligence By Example: Develop machine intelligence from scratch using real artificial intelligence use cases, Denis Rothman, Packt Publishing, 2018.",선수과목 없음,False,True,False,True,False,True,strong_ai_cs_course_outside_target_department,0.08333333333333333
33948,2022,부산대학교,예술대학,디자인학과,컴퓨터비전,3,2학기,3,3,0,전공선택,본 강의를 통하여 다양한 영상처리와 컴퓨터비전 기술에 대하여 배우며 이를 활용하여 1학기에 학습한 프로세싱 및 아두이노와 연동할 수 있는 방법을 배우는데 목표가 있다.,별도지정,,"Nature of Code, Daniel Shiffman",고급 프로그램 기술과 디자인적 사고능력,False,True,False,True,False,True,strong_ai_cs_course_outside_target_department,0.08333333333333333
36683,2022,부산대학교,자연과학대학,화학과,화학 빅데이터 분석법,2,1학기,1,1,0,전공선택,다양한 데이터들을 처리하고 분석하는 원리를 익히고 이를 실제 화학 데이터에 적용해 보는 것을 목표로 합니다.,강의 슬라이드,,,일반화학 수준의 화학 지식,False,True,False,True,True,True,strong_ai_cs_course_outside_target_department,0.16666666666666666
36776,2022,부산대학교,자연과학대학,통계학과,데이터마이닝입문,4,1학기,3,3,0,전공선택,기업이나 조직에서 가지고 있는 방대한 데이터에서 유용한 지식과 정보를 찾는 일은 매우 어려운 일이다. 따라서 데이터마이닝의 방법론 및 기능에 대하여 이론을 강의하여 현실의 문제에 대한 응용력을 기를 수 있게 한다.,"Data Mining: Practical Machine Learning Tools and Techniques, 4th Edition.",,,"통계프로그래밍, 회귀분석",False,True,False,True,False,True,strong_ai_cs_course_outside_target_department,0.16666666666666666
36780,2022,부산대학교,자연과학대학,통계학과,빅데이터통계분석,4,2학기,3,3,0,전공선택,"빅데이터를 분석하기 위해 데이터마이닝(Data mining), 머신러닝(Machine learning), 통계적학습(Statistical learning)에서 사용되는 여러 가지 통계분석 방법들과 R 프로그래밍 알고리즘을 학습한다.",An Introduction to Statistical Learning: with Applications in R by Gareth James et al.,,"1. Statistical Learning with Sparsity: The Lasso and Generalizations by Trevor Hastie et al. 2. The Elements of Statistical Learning: Data Mining, Inference, and Prediction by Trevor Hastie et al.","선형회귀분석, 통계프로그래밍 R",False,True,True,True,False,True,strong_ai_cs_course_outside_target_department,0.08333333333333333
36785,2022,부산대학교,자연과학대학,통계학과,데이터사이언스입문,2,2학기,3,3,0,전공선택,"R과 R studio를 활용하여 real data를 분석하는데 필요한 지식을 습득한다. Data wrangling with dplyr, data visualization with ggplot2, algorithm building with caret, document preparation with knitr 등을 학습한다.",Introduction to Data Science,,,"기초통계학, R 프로그래밍 언어",False,True,False,True,False,True,strong_ai_cs_course_outside_target_department,0.16666666666666666
37021,2022,부산대학교,단과대구분없음,핀테크융합전공,인공지능과금융,3,2학기,3,3,0,전공필수,본 과목에서는 인공지능과 금융에 대하여 학습하고 인공지능 기반의 금융솔루션에 대하여 소개한다.,PPT,,"1.Artificial Intelligence: A Guide to Intellegent Systems 2nd edition, Addison Wesley, 2005 2. 인공지능 개론, 한빛아카데미, 2013 3. 인공지능: 파이썬으로 배우는 머신러닝과 딥러닝, 인피니티북스, 2020",,False,True,False,True,False,True,strong_ai_cs_course_outside_target_department,0.16666666666666666
37022,2022,부산대학교,단과대구분없음,핀테크융합전공,금융데이터마이닝,4,1학기,3,3,0,전공필수,금융 분야 데이터마이닝 능력 배양,강의 슬라이드,,금융 전략을 위한 머신러닝 (한빛미디어),"파이썬 프로그래밍 지식이 있으면 좋으나, 없어도 무방함.",False,True,False,True,False,True,strong_ai_cs_course_outside_target_department,0.08333333333333333
37182,2022,부산대학교,정보의생명공학대학,의생명공학전공,데이터사이언스입문,2,1학기,3,2,2,전공필수,"데이터 과학의 기본과정을 이해하고 실제 데이터에 적용한다. Python을 이용한 데이터 처리와 시각화, 통계모델 분석을 실습한다. 데이터를 갖고 흥미로운 질문을 던지고, 자신의 결론을 시각화로 명쾌히 전달한다.","파이썬 데이터 과학 통계 학습 (황보현우, 정지현 지음, 정보문화사, 2021년)",,"데이터 과학 트레이닝 북 (츠카모토 쿠니타카, 야마다 노리카즈, 오오사와 후미타카 지음, 인사이트, 2020년) 데이터 과학을 위한 통계 2판 (피터 브루스 외 지음, 한빛미디어, 2021년)",기초 컴퓨터 프로그래밍 (Python),False,True,False,True,True,True,strong_ai_cs_course_outside_target_department,0.08333333333333333
37189,2022,부산대학교,정보의생명공학대학,의생명공학전공,기계학습개론,3,1학기,3,3,0,전공필수,기계학습의 기본 개념을 익힌다. 기계학습을 이용해서 실전 문제 해결 능력을 기른다.,"기계학습, 오일석, 한빛아카데미",,,선형대수 데이터과학,False,True,False,True,True,True,strong_ai_cs_course_outside_target_department,0.16666666666666666
37192,2022,부산대학교,정보의생명공학대학,의생명공학전공,의생명데이터사이언스,3,2학기,3,2,2,전공필수,"의료/생명 분야의 다양한 데이터 유형(유전체/오믹스 데이터, 역학, 영상, 의료보험, 역학 등)의 형식과 특성을 이해하고, 이를 처리하는 데이터과학 실무 역량을 습득한다.",강의자료,,R for Data Science Wickham & Grolemund (https://r4ds.had.co.nz/),"확률 및 통계, 고급통계모델",False,True,False,True,True,True,strong_ai_cs_course_outside_target_department,0.08333333333333333
37199,2022,부산대학교,정보의생명공학대학,데이터사이언스전공,인공지능,3,2학기,3,3,0,전공선택,"인공지능의 기초, 딥러닝 원리, 구조와 이론을 학습한다",수업 첫시간에 안내 예정,,,Linear Algebra Programming,True,True,False,True,False,True,target_department_and_target_course,0.16666666666666666
37201,2022,부산대학교,정보의생명공학대학,데이터사이언스전공,객체지향프로그래밍,3,2학기,3,3,0,전공선택,"지금까지 익힌 Python 언어를 기반으로 Kotlin (및 약간의 Java), C , C++ 언어 등을 활용하여 객체지향 패러다임을 이해하고 프로그래밍하는 방법을 익힌다.",없음,,"한 번 읽으면 두 번 깨닫는 객체지향 프로그래밍, 김동헌 저, e비즈북스","기초컴퓨터프로그래밍, 프로그래밍원리와실습",True,True,False,False,False,True,target_department_and_target_course,0.08333333333333333
37208,2022,부산대학교,정보의생명공학대학,데이터사이언스전공,알고리즘,3,1학기,3,3,0,전공필수,"다양한 문제를 알고리즘을 활용하여 프로그래밍적으로 해결하는 능력을 기르기 생각하는 힘, 논리적 사고력 키우기","알고리즘기초, 도경구 역, 홍릉과학출판사",,,프로그래밍원리와실습 자료구조,True,True,False,True,False,True,target_department_and_target_course,0.16666666666666666
37576,2022,서울대학교,공과대학,조선해양공학과,조선해양기계학습,전학년,2학기,3,3,0,전선,"본 강의에서는 통계적 추론에 기반한 기계학습의 기초에 대하여 학습하고 조선해양공학의 응용문제에 대한 프로젝트를 수행한다. 기계학습에 관련된 확률, 선형대수, 최적화의 기초에 대하여 학습한다. 확률에 기반한 최우추정법에 대하여 학습한다. 비지도 학습 분류 방법 및 선형 회귀법에 대하여 학습한다. Hidden Markov 모델과 Bayesian Inference의 개념, 이론 및 알고리즘에 대한 개요를 학습한다. Neural Network에 기반한 학습모델로 이미지 인식을 위한 Convolutional Neural Network, 음성과 같은 time series 데이터의 학습을 위한 Recurrent Neural Network의 개요에 대하여 학습한다. 그리고 보상에 따라 학습하는 Reinforcement Learning에 대하여 익힌다. 마지막으로 조선해양공학 응용의 기계학습 프로젝트를 수행하도록 한다.",단단한 머신러닝,나의 첫 머신러닝/딥러닝 (개정판),,"선형대수, 컴퓨터프로그래밍(파이썬, C++)",False,True,False,True,False,True,strong_ai_cs_course_outside_target_department,0.08333333333333333
37666,2022,서울대학교,공과대학,전기·정보공학부,논리설계 및 실험,전학년,2학기,4,3,2,전필,"Boolean 대수, 논리 회로 최적화 등을 포함한 논리 회로 설계의 기초를 배운다. 이를 통해 combinational logic 및 sequential logic 의 차이와 설계 방법에 대해 이해하고 실제 설계 능력을 쌓는다.","Digital Design A System Approach,",,,,True,False,True,False,False,True,target_department_and_foundational_course,0.25
37672,2022,서울대학교,공과대학,전기·정보공학부,기초전자회로 및 실험,전학년,1학기,4,3,2,전필,"집적회로에서 쓰이는 다이오드, 바이폴라 트랜지스터, MOS 트랜지스터 등의 소자 특성에 대해 공부하고, 기본적인 증폭기, 연산증폭기 회로, 디지털 CMOS 회로의 분석과 설계 방법에 대해 공부한다.",Microelectronics,,,,True,True,True,False,False,True,target_department_and_target_course,0.25
37674,2022,서울대학교,공과대학,전기·정보공학부,기초전자회로 및 실험,전학년,1학기,4,3,2,전필,"본 강좌는 반도체 소자와 이를 이용한 전자 회로 설계의 기본적인 지식을 소개하는 데에 목적이 있다. 본 강좌의 전반부는 diode, bipolar junction transistor, MOSFET과 같은 반도체 소자에 대한 물리적, 회로적 모델을 다룰 예정이다. 아울러 본 강좌의 후반부는 물리적, 회로적 모델이 아날로그 증폭기 혹은 디지털 논리 게이트와 같은 다양한 회로에 적용이 가능한지를 다루고자 한다.",Fundamentals of Microelectronics,,,,True,True,True,False,False,True,target_department_and_target_course,0.25
37676,2022,서울대학교,공과대학,전기·정보공학부,프로그래밍방법론,전학년,2학기,4,2,4,전필,"ObjectOriented Programming의 개념을 익히고, C++ 언어를 학습하며, 이를 통해 중대형 프로그램을 작성하는 능력을 기른다. 그 외에도 C와 JAVA의 개괄, 디버깅, 소프트웨어의 성능 측정 및 향상법 등 전문 프로그래머로서 필요한 것들을 학습한다.",C++ Primer,,,,True,True,False,False,False,True,target_department_and_target_course,0.25
37682,2022,서울대학교,공과대학,전기·정보공학부,기초회로이론 및 실험,전학년,1학기,4,3,2,전필,"기초회로이론 및 실험 교과목은 전기 전자 공학에서 가장 중요하며 기본이 되는 전기 회로를 해석하는 이론과 이에 관련된 실험을 제공한다. 이 교과목에서는 저항, 인덕터, 캐패시터 등의 선형회로소자와 연산증폭기(Op Amp)의 선형구간을 이용하여 구성한 선형 전기회로를 해석한다. 키르히호프의 전류 법칙과 전압 법칙을 이용하여 선형회로소자와 연산증폭기(Op Amp)로 구성된 회로를 해석한다. 테브낭(The'venin)정리와 노튼(Norton)정리를 이용하여 등가회로 개념을 도입하고 최대 전력이 전달되는 회로에 대하여 학습한다. 저항인덕터 회로(RL회로), 저항캐패시터 회로(RC회로), 저항인덕터캐패시터 회로(RLC회로)의 해석을 통하여 시간 영역에서의 과도현상과 에너지의 저장 및 방출에 대하여 학습한다. 실험으로는 간단한 전기전자 회로실험 장치의 원리 및 조작에 대하여 학습한 후, 각 회로소자의 전압, 전류 측정 방법을 익힌다. 각 교과 내용에 관련된 회로를 설계하고 이를 측정하고 설계 및 해석한 값과 비교 및 검토한다. 또한, 교과 내용에 관련된 응용 지향성 회로를 설계하고 제작하는 실험 프로젝트를 수행하여 설계 및 실무 능력을 배양한다.",Introduction to Electric Circuits,,,,True,True,True,False,False,True,target_department_and_target_course,0.25
37683,2022,서울대학교,공과대학,전기·정보공학부,전기시스템선형대수,전학년,2학기,3,3,0,전선,"이 과목에서는 학생들에게 선형 대수학의 기본적인 이론적 개념뿐만 아니라 증명과정을 통하여 원리를 이해하도록 강의한다. 선형 대수학의 개념 및 벡터 공간, 선형 변환 및 행렬을 다룬다. 이 과목은 학생들이 논리적인 사고를 배양하고 증명하는 능력을 개발하도록 요구한다. 다양한 문제를 벡터 공간으로 전환하는 법을 이해하도록 한다. 그러한 능력을 배양하기위해 선형 대수학의 기본 개념 을 완전히 이해하도록 한다.",linear algebra,,,,True,False,True,False,False,True,target_department_and_foundational_course,0.25
37685,2022,서울대학교,공과대학,전기·정보공학부,자료구조의 기초,전학년,2학기,3,3,0,전선,"응용 프로그램은 원하는 기능을 달성하기 위한 다양한 알고리즘들로 구성되어 있다. 이러한 각기의 알고리즘을 하나의 건축물이라면 그 건축물을 구성하는 각각의 기능을 가지는 내부 모듈들을 구성하는 것이 자료구조들이라 할 수 있다. 대표적인 자료 구조들은 stack, tree, queue, list 등이 있다. 본 과목에서는 이러한 대표적 자료구조들을 소개하고 이러한 자료구조들을 효율적으로 프로그래밍을 할 때 다룰 수 있는 기법들에 대해 공부하며 이러한 자료구조 이용하는 여러가지 알고리즘들을 공부하고 알고리즘의 효율성을 표현할 수 있는 방법에 대해서도 공부한다. 특히 이 과목에서는 Scheme 이라는 함수형 프로그래밍 언어를 공부하고 여러 가지 자료구조를 복합적으로 사용하여 언어를 수행시키는 interpreter를 구현한다.",강의노트,"Fundamentals of data structures in C++, 2nd Edition",,,True,True,False,False,False,True,target_department_and_target_course,0.16666666666666666
37686,2022,서울대학교,공과대학,전기·정보공학부,자료구조의 기초,전학년,2학기,3,3,0,전선,"데이터 구조는 컴퓨터 프로그램을 구축할 때, 데이터를 구성하고, 관리하고, 읽고, 쓰는 방법을 제공하는 컴퓨팅의 기초로써 활용됨. 이 수업에서는 스택, 큐, 리스트, 트리, 그래프 등을 포함하는 다양한 기본 데이터 구조와 이러한 데이터 구조를 사용하는 기본 알고리즘을 이해하는 것을 목표로 함. 수강생들은 수업을 통해 이해하게 된 데이터 구조 (및 알고리즘)를 C++를 활용하여 구현하도록 요구하는 여러 프로그래밍 과제를 수행할 예정임.",Data Structures and Algorithm Analysis in C++,,,,True,True,False,False,False,True,target_department_and_target_course,0.25
37687,2022,서울대학교,공과대학,전기·정보공학부,아날로그전자회로,전학년,2학기,3,3,0,전선,"선수과목(기초전자회로 및 실험)에서 배운 다이오드, BJT, MOSFET, 연산 증폭기 등 회로소자와 소신호 모델, 입출력저항, 증폭률 등의 분석 방법에 대한 이해를 바탕으로, 회로의 주파수 특성, 귀환(feedback) 회로, 발진회로, 출력회로, 필터 등을 다룬다.",Microelectronics,,,,True,True,False,False,False,True,target_department_and_target_course,0.25
37688,2022,서울대학교,공과대학,전기·정보공학부,아날로그전자회로,전학년,2학기,3,3,0,전선,"전자회로의 AC 주파수 반응을 이해하고, 피드백회로의 동작원리 및 응용을 이해하기",Fundamentals of Microelectronics 2nd Edition,,,,True,True,False,False,False,True,target_department_and_target_course,0.25
37693,2022,서울대학교,공과대학,전기·정보공학부,제어공학개론,전학년,2학기,3,3,0,전선,"본 교과목은 제어 시스템 공학의 이론과 실습을 소개하고, 피드백 시스템의 분석과 설계를 이용한 본 교과목의 실제 적용 예시에 대해 강조한다. 제어 시스템 공학은 전기 공학을 전공으로 하는 학생들에게 필수적인 과목이다. 본 교과목을 수강하는 학생들은 수학, 물리학, 신호 및 시스템과 미분 방정식에 대한 기초 지식이 있어야 한다. 본 교과목은 학생들이 제어 시스템을 분석하고 설계할 수 있도록 하는 것을 핵심 목표로 한다.",Control systems engineering,,,,True,True,False,False,False,True,target_department_and_target_course,0.25
37695,2022,서울대학교,공과대학,전기·정보공학부,반도체소자,전학년,2학기,3,3,0,전선,"본 강의는 기본적인 반도체 물리에 기반하여 pn 접합, Schottky 접합, MOSFET 등의 다양한 반도체 소자에 대한 기본적인 내용을 다룬다.",Modern Semiconductor Devices for Integrated Circuits,,,,True,True,False,False,False,True,target_department_and_target_course,0.25
37696,2022,서울대학교,공과대학,전기·정보공학부,확률변수 및 확률과정의 기초,전학년,1학기,3,3,0,전선,"본 수업에서는 기초적인 확률이론을 배우고, 확률변수와 확률과정의 개념을 습득하는 것을 목표로 한다.","Probability, Statistics, and Random Processes for Electrical Engineering",,,,True,False,True,False,False,True,target_department_and_foundational_course,0.25
37697,2022,서울대학교,공과대학,전기·정보공학부,확률변수 및 확률과정의 기초,전학년,1학기,3,3,0,전선,"기초적인 확률 이론을 바탕으로 전기전자공학(제어, 회로 모델, 통신 시스템 분석 등)에서 널리 활용되는 확률 변수를 익힌다. 또한 확률 과정의 개념을 습득한다.","Probability, Statistics, and Random Processes for Electrical Engineering",,,,True,False,True,False,False,True,target_department_and_foundational_course,0.25
37698,2022,서울대학교,공과대학,전기·정보공학부,확률변수 및 확률과정의 기초,전학년,1학기,3,3,0,전선,"This course provides a strong foundation of probability theory for advanced studies in electrical engineering. For example, the concepts we learn through this course are closely related to process control, system reliability, modeling and analysis of communication networks, noise models in circuits, detection and estimation theory, machine learning, etc. Eventually, this course help students1. develop the ability to describe uncertain events in terms of probabilistic model. 2. Develop the skill in probabilistic reasoning",Probability and Stochastic Processes: A Friendly Introduction for Electrical and Computer Engineers,,,,True,False,True,False,False,True,target_department_and_foundational_course,0.25
37701,2022,서울대학교,공과대학,전기·정보공학부,통신의 기초,전학년,2학기,3,3,0,전선,본 강좌에서는 통신에 관한 기초이론을 이해하고 통신의 개념 및 여러가지 통신방식들에 대한 개념의 기본을 정립한다.,"Fundamentals of Communication Systems, 2nd ed.(Global Ed)",,,,True,True,False,False,False,True,target_department_and_target_course,0.25
37702,2022,서울대학교,공과대학,전기·정보공학부,통신의 기초,전학년,2학기,3,3,0,전선,"This course is an introductory course on analog and digital communications. The main objective of the course is to teach the students the engineering principles and analytical techniques required to design and understand communication systems. We will first review Fourier transform and then learn analog and digital modulation and demodulation techniques including amplitude, angle, frequency, PAM, QAM, etc. Basic detection theory will be also addressed.",Introduction to Analog and Digital Communications,,,,True,True,False,False,False,True,target_department_and_target_course,0.25
37709,2022,서울대학교,공과대학,전기·정보공학부,알고리즘의 기초,전학년,1학기,3,3,0,전선,"전산학 모든 분야에 있어서 주어진 문제들을 해결하기 위해서 프로그래밍을 할 때 먼저 알고리즘을개발한 후에 코딩을 하게 되는데, 이때 알고리즘을 개발하기 위해서 이용되는 여러 가지 기법을소개한다. 알고리즘에 관한 기초가 든든한 사람은 전산학의 어떤 분야에서든지 능력을 발휘할 수있다. 예를 들어 데이터베이스 문제를 푸는 알고리즘을 개발하면 데이터베이스 논문이 되는 것이고,OS문제를 풀면 OS논문이 되는 것이며, 또 그래픽스 문제를 푸는 알고리즘을 개발하면 그래픽스논문이 된다. 따라서 훌륭한 프로그래머가 되기 위해서 반드시 들어야 할 과목이다. 본 과목에서다루는 주요 내용은, 주어진 알고리즘(프로그램)의 수행시간과 사용 공간의 계산,divideandconquer, dynamic programming, greedy 그리고 randomized 알고리즘들에 관하여공부한다. Graph에 관한 이론과 알고리즘에 대해서 공부한 후에 마지막으로 NPComplete과Approximate 알고리즘에 대해서 공부한다.",Introduction to Algorithms,,,,True,True,False,True,False,True,target_department_and_target_course,0.25
37735,2022,서울대학교,공과대학,전기·정보공학부,임베디드시스템설계,전학년,2학기,3,3,0,전선,"임베디드 프로세서 구조, 임베디드 운영체제, 임베디드 시스템에 사용되는 부품들과 그들을 집적하는 과정 등 시스템 설계에 대한 기본적인 내용을 배운다. 또한 관련 실습과 기말과제를 통하여 실제적인 설계 경험을 얻는다.","Computers as Components: Principles of Embedded Computing System Design, 4th edition","ARM SystemonChip Architecture, 2nd edition",,"컴퓨터 조직론, 디지털 시스템 설계, 자료구조, 알고리즘 (선수과목으로 권장하지만 반드시 수강해야 하는 것은 아님)",True,True,True,False,False,True,target_department_and_target_course,0.08333333333333333
37749,2022,서울대학교,공과대학,전기·정보공학부,통신시스템,전학년,1학기,3,3,0,전선,"최근 들어서 대부분의 통신시스템이 디지털통신시스템으로 바뀌어 가고 있는데, 본 강좌에서는 이러한 디지털통신시스템의 변조 및 복조에 관한 기초이론을 이해하고 그들의 응용분야인 확산대역통신시스템 및 다중사용자 무선통신시스템 그리고 정보이론 및 오류정정부호에 관한 기초이론을 다룬다.","Communication Systems Engineering, 2nd Ed.",,,,True,True,False,False,False,True,target_department_and_target_course,0.25
37754,2022,서울대학교,공과대학,전기·정보공학부,딥러닝의 기초,전학년,2학기,3,3,0,전선,"인공지능 및 머신러닝 기술의 배경지식과 활용 방법을 습득하며, 가장 대중적인 방법인 딥러닝에 대한 기초를 익히고 이와 관련된 DL 이론, 학습 방법, CNN, RNN 및 Generative model과 그 응용인 컴퓨터 비전, 자연어 처리 (NLP) 등에 대한 지식과 활용법을 실습한다.",Deep Learning,,,,True,True,False,True,False,True,target_department_and_target_course,0.25
37763,2022,서울대학교,공과대학,전기·정보공학부,아날로그 집적회로,전학년,1학기,3,3,0,전선,"This course deals with the analysis and design of analog CMOS integrated circuits, emphasizing fundaments as well as new paradigms that students and practicing engineers need to master in today’s industry.",Design of Analog CMOS Integrated Circuits 2/E,Analog and Design of Analog Integrated Circuits,,,True,True,False,False,False,True,target_department_and_target_course,0.16666666666666666
37919,2022,서울대학교,공과대학,컴퓨터공학부,이산수학,전학년,2학기,3,3,0,전필,This course covers the mathematical topics closely related to computer science.,Discrete Mathematics and Its Applications,,,,True,False,True,False,False,True,target_department_and_foundational_course,0.25
37920,2022,서울대학교,공과대학,컴퓨터공학부,프로그래밍연습,전학년,1학기,3,2,2,전선,"컴퓨터공학전공 1학년 학생을 대상으로, C언어 문법, C 프로그램 작성법, 프로그래밍 방법론에 관하여 다양한 예와 프로그래밍 실습을 통하여 심도있게 배울 수 있는 기회를 제공함으로써, 컴퓨터공학부 전공과목 수강에 필요한 컴퓨터 프로그래밍 실력을 갖출 수 있게 한다.",A Book on C (4th Edition),,,컴퓨터 개념 및 실습,True,True,False,False,False,True,target_department_and_target_course,0.16666666666666666
37923,2022,서울대학교,공과대학,컴퓨터공학부,전기전자회로,전학년,2학기,3,3,0,전필,"본 과목에서는 기본적인 전기, 전자회로의 지식을 학습한다. 학기의 초반에는 저항 회로를 중심으로 회로를 분석하는 방법을 배운다. 그리고 디지털 전자회로의 기초 소자인 MOS 트랜지스터와 스위치 회로, 그리고 증폭회로의 원리를 학습한다. 학기의 후반에는 캐패시터와 인덕터가 포함된 선형 1,2차 회로와 주파수 영역에서 회로를 분석하는 방법을 배운다. 이 과목을 통하여 디지털 시스템 하드웨어에 대한 기초 지식을 습득할 수 있을 것이다.",Foundations of Analog and Digital Electronic Circuits,,,Engineering Math 1 (공학수학 1),True,True,False,False,False,True,target_department_and_target_course,0.16666666666666666
37930,2022,서울대학교,공과대학,컴퓨터공학부,컴퓨터구조,전학년,1학기,3,3,0,전필,"컴퓨터를 구성하는 주요 구성 요소들의 기능과 그들 상호간의 작용을 이해하고 이를 바탕으로 컴퓨터 시스템을 구현하는데 사용되는 여러 설계 기법들을 학습한다. 명령어집합, 중앙처리장치, 파이프라이닝, 메모리 계층구조, 입출력장치 등을 다루며 컴퓨터 발전의 역사적 고찰 및 컴퓨터 시스템의 성능 분석에 필요한 지식을 배운다.",Computer Organization and Design (RISCV Edition),,,논리설계,True,True,False,True,False,True,target_department_and_target_course,0.16666666666666666
37931,2022,서울대학교,공과대학,컴퓨터공학부,컴퓨터구조,전학년,2학기,3,3,0,전필,"이 과목에서는 컴퓨터를 구성하는 주요 구성 요소들의 기능과 그들 상호간의 작용을 이해하고 이를 바탕으로 컴퓨터 시스템을 구현하는데 사용되는 여러 설계 기법들을 학습한다. 명령어집합, 중앙처리장치, 파이프라이닝, 메모리 계층구조, 입출력장치 등을 다루며 컴퓨터 발전의 역사적 고찰 및 컴퓨터 시스템의 성능 분석에 필요한 지식을 배운다.",Computer Organization and Design: RISCV Edition (2nd Ed.),,,"4190.103A Programming Practice, M1522.000700 Logic Design",True,True,False,True,False,True,target_department_and_target_course,0.16666666666666666
37936,2022,서울대학교,공과대학,컴퓨터공학부,알고리즘,전학년,2학기,3,3,0,전필,"문제해결을 위해 생각하는 방법을 배운다. 다양한 주제들을 통하여 귀납적, 재귀적 사고방식을 배우고 이들을 통하여 복잡한 문제를 간명하게 볼 수 있음을 느끼도록 한다. 이 강좌에 포함되는 내용은 다음과 같다. 알고리즘의 효율성 분석 도구 (점근적 복잡도, 점화식), 정렬 및 선택 알고리즘, 자료의 저장과 검색(검색 트리, 해시 테이블), 집합의 처리, 동적 프로그래밍, 그리디 알고리즘, 그래프 알고리즘, 문자열 매칭, 계산의 한계(NPCompleteness), 상태공간 트리의 탐색 등.",쉽게 배우는 알고리즘,,,"자료구조(Data Structures), C 또는 Java Programming",True,True,False,True,False,True,target_department_and_target_course,0.16666666666666666
37937,2022,서울대학교,공과대학,컴퓨터공학부,알고리즘,전학년,2학기,3,3,0,전필,"문제해결을 위해 생각하는 방법을 배운다. 다양한 주제들을 통하여 귀납적, 재귀적 사고방식을 배우고 이들을 통하여 복잡한 문제를 간명하게 볼 수 있음을 느끼도록 한다. 이 강좌에 포함되는 내용은 다음과 같다. 알고리즘의 효율성 분석 도구 (점근적 복잡도, 점화식), 정렬 및 선택 알고리즘, 자료의 저장과 검색(검색 트리, 해시 테이블), 집합의 처리, 동적 프로그래밍, 그래프 알고리즘, 문자열 매칭, 계산의 한계(NPCompleteness), 상태공간 트리의 탐색 등.",Introduction to Algorithms,,,,True,True,False,True,False,True,target_department_and_target_course,0.25
37938,2022,서울대학교,공과대학,컴퓨터공학부,인공지능,전학년,1학기,3,3,0,전선,"To study a wide range of artificial intelligence theory, techniques and systems about machines that behave and think like people.To understand concepts, models, and algorithms to develop intelligent agents such as navigation, reasoning, planning, knowledge representation, decision making, learning, visual and language.To learn and practice key technologies of artificial intelligence such as empirical search, Bayesian network, Hidden Markov network, and reinforcement learning.",Artificial Intelligence: A Modern Approach,장교수의 딥러닝,,,True,True,False,True,False,True,target_department_and_target_course,0.16666666666666666
37951,2022,서울대학교,공과대학,컴퓨터공학부,논리설계,전학년,2학기,4,3,2,전필,"디지털 논리 회로는 컴퓨터 뿐 아니라 각종 디지털 전자 기기의 하드웨어를 구성하는 기본 요소이며 이 강좌를 통해서 기본 지식을 학습한다. 학생들은 논리회로를 구성하는 기본 소자, 조합회로와 순차회로의 설계 이론을 배운다. 이와 병행하여 학습한 이론을 실험을 통해 확인하여 하드웨어 설계의 기초를 공고히 한다.",Contemporary Logic Design,,,프로그래밍경험이 요구됨,True,False,True,False,False,True,target_department_and_foundational_course,0.16666666666666666
37956,2022,서울대학교,공과대학,컴퓨터공학부,자료구조,전학년,1학기,3,3,0,전필,"컴퓨터로 문제해결을 하는 과정에서 필요하게 되는 개념이나 대상물의 표현을 위한 자료구조와 문제해결을 위한 체계적 사고 방법을 배운다. 큐, 스택, 검색 트리, 해시 테이블 등의 자료구조와 그래프를 이용한 문제 해결 방법 등이 중요한 주제들이다.",쉽게 배우는 자료구조 with 자바,,,,True,True,False,False,False,True,target_department_and_target_course,0.25
37964,2022,서울대학교,공과대학,컴퓨터공학부,데이터통신,전학년,1학기,3,3,0,전선,The aim of this course is to provide a unified overview in data and computer communications.The lecture series emphasize basic principles and topics of data communications (Layers 1 ~ 3).,"Data and Computer Communications, 10th Ed.","Computer Networking: A Top Down Approach, 7th Edition",,,True,True,False,False,False,True,target_department_and_target_course,0.16666666666666666
38146,2022,서울대학교,공과대학,연합전공 인공지능반도체공학,인공지능 반도체 회로 설계 프로젝트,전학년,2학기,2,0,4,전선,"AI 연산을 위한 GPU 등의 하드웨어는 반도체 공정을 통해 만들어지는 VLSI 회로로 구현된다. 본 과정에서는, VLSI 설계에 사용되는 CAD Tool을 활용하여, fullcustom VLSI 회로를 구현하는 방법을 실습으로 배운다. 기본 적인 logic gate에서부터 출발하여, GPU의 핵심 구성 요소 중 하나인 ALU까지 transistor level에서 직접 설계하고, layout까지 완수하는 것을 목표로 한다.",자체 Handout,,,,True,True,True,True,False,True,target_department_and_target_course,0.25
40105,2022,서울대학교,사회과학대학,지리학과,공간정보분석 2: 머신러닝,전학년,2학기,3,3,0,전선,첨부파일 참조,An Introduction to Statistical Learning,,,,False,True,False,True,False,True,strong_ai_cs_course_outside_target_department,0.25
43900,2022,서울대학교,자연과학대학,통계학과,데이터마이닝 방법 및 실습,전학년,2학기,3,2,2,전선,"데이터마이닝에 사용되는 다양한 종류의 방법론을 배운다. 본 강의는 3부로 나누어진다. 제 1부에서는, 데이터마이닝 소개 및 연속형 데이터분석에 사용되는 다양한 기법을 소개하고, 제 2부에서는 분류분제에 사용되는 다양한 방법을 설명한다. 마지막으로 제 3부는 비지도 학습에 사용되는 방법을 설명한다. 각 부의 마지막은 수업에서 다룬 방법론을 실제 데이터에 적용하여 나온 결과를 발표하는 팀프로젝트로 이루어지며 팀 프로젝트 발표는 모두 녹화 후 영상 제출을 원칙으로 한다. 본 강의는 이론 2시간 실습 2시간으로 이루어진다. 실습에서는 Rpackage를 이용한다. 본 과목의 선수과목으로는 수리통계 1,2와 회귀분석이다.",An Introduction to Statistical Learning: with Applications in R,,,,False,True,False,True,False,True,strong_ai_cs_course_outside_target_department,0.25
44674,2022,서울대학교,혁신공유학부,혁신공유학부,(공유)AI입문,전학년,1학기,3,3,0,전선,"본 과목은 AI의 이론적 개념들을 이해하고, 실습을 통해 빅데이터 분석 및 예측 모델 생성, 분류 작업과 같은 AI 관련 역량을 갖도록 한다.",혼자 공부하는 머신러닝+딥러닝,,,,False,True,False,True,False,True,strong_ai_cs_course_outside_target_department,0.25
44675,2022,서울대학교,혁신공유학부,혁신공유학부,(공유)AI입문,전학년,1학기,3,3,0,전선,"본 과목은 AI의 이론적 개념들을 이해하고, 실습을 통해 빅데이터 분석 및 예측 모델 생성, 분류 및 회귀 작업과 같은 AI 관련 역량을 갖도록 한다. 또한 전반적인 인공지능의 모습과 인공지능의 개념, 기초 원리와 응용 사례들을 비기술적인 용어로 소개함으로써 인공지능에 대한 교양적 지식을 쌓도록 한다.",혼자 공부하는 머신러닝+딥러닝,,,,False,True,False,True,False,True,strong_ai_cs_course_outside_target_department,0.25
45517,2022,전북대학교,공과대학,전기공학과,반도체소자 2,2,2학기,3,3,0,전공선택,Modern device electronics: Unipolar devices with the MOS field effect transistor as a logic device and circuit considerations; basic concepts of generationrecombination and the PN junction as capacitors and current rectifier with applications in photonics; bipolar transistors as amplifiers and switching threeterminal devices.,Solid state electronic devices 7thBEN G. STREETMANPrentice Hall2015,,,"물리, 반도체 소자 1",True,True,False,False,False,True,target_department_and_target_course,0.16666666666666666
45886,2022,전북대학교,공과대학,신소재공학부(전자재료공학),반도체소자,3,2학기,3,3,0,전공선택,"반도체재료에 대한 기초지식이 있는 학생들을 대상으로하여 PN 접합에서부터 각종 반도체 소자의 개념 및 작동원리에 대하여 이해합니다.강의는 3학년 1학기 반도체재료에서 반도체를 다루는 부분에 대한 복습에서부터 시작하고, 그 이후 PN 접합 등의 순서로 진행합니다. 강의자료는 https://sites.google.com/view/snrg/ 의 Lecture에서 다운로드 가능합니다.","Semiconductor Physics and Devices: Basic Principles (번역판: NEAMEN의 반도체 물성과 소자, McGrawHill)",,,"반도체재료, 전자공학개론.",True,True,False,False,True,True,target_department_and_target_course,0.16666666666666666
45887,2022,전북대학교,공과대학,신소재공학부(전자재료공학),반도체재료,3,1학기,3,3,0,전공필수,본 강의는 반도체 소자의 근간이 되는 반도체 재료를 이해하는데에 그 목표를 두고 있습니다.,Semiconductor Physics and Devices: Basic Principles,,"교재 외 별도의 강의 자료.Physics of Semiconductor Devices, Ng Sze, Wiley.Principle of Electronic Materials and Devices, Safa Kasap, McGraw Hill.Solid State Electronic Devices, Ben Streetman, Pearson Higher Education.Introduction to Solid State Physics, Charles Kittel, Wiley.",,True,True,False,False,True,True,target_department_and_target_course,0.16666666666666666
45896,2022,전북대학교,공과대학,신소재공학부(전자재료공학),신재생에너지실험,3,1학기,3,1,4,전공선택,"고체산화물연료전지의 작동원리, 제작방법 및 개발현황과 전망 등 고체산화물연료전지 관련 기초이론을 이해시키고, 고체산화물연료전지의 전해질과 전극재료의 분말제조, 소결체 제조 및 특성(기계적 성질과 전기적 성질)을 평가하는 실험실습을 통하여 연료전지에 관한 기초지식과 실용능력을 배양한다.","Science and Technology of Ceramic Fuel Cells, N.Q. Minh, Elsevier, 1995 N.Q. MinhElsevier1995",,,"일반화학, 일반 물리",True,False,True,False,True,True,target_department_and_foundational_course,0.16666666666666666
45900,2022,전북대학교,공과대학,신소재공학부(전자재료공학),반도체공정,4,1학기,3,3,0,전공선택,본 강의는 다양한 물질 기반의 반도체 소자 공정 기술 및 이해에 목표를 두고 있습니다.,Fundamentals of Semiconductor Fabrication,,교재 외 별도의 강의 자료.,"반도체재료, 반도체소자",True,True,False,False,True,True,target_department_and_target_course,0.08333333333333333
45902,2022,전북대학교,공과대학,신소재공학부(전자재료공학),전자세라믹및응용실험,3,2학기,3,2,2,전공선택,"유전체, 강유전체, 자성체 (선택) 등 다양한 전자세라믹스에 대한 이론을 학습하고 이에 따른 응용분에 대하여 조사하고 알아본다. 최종적으로 이에 대한 학습자의 생각을 정리하여 발표하고 그에 따른 실험을 설계하여 본다. 주요 실험 내용:1. 강유전체 및 압전 세라믹 박막 및 후막 코팅2. 열처리3. 전극 증착4. 유전 및 강유전 특성 측정 및 분석 5. 응용 소자 측정 및 관전","Fundamentals of Electroceramics (단, 강의노트 위주로 진행됩니다.)",,"부교재1. Electroceramics A.J.Moulson, J.M.Herbert (Wiley)2. Fundamentals of Ceramics Michel W. Barsoum (Institute of Physics)","세라믹스공학2, 재료과학2, 반도체재료, 반도체소자",True,False,True,False,True,True,target_department_and_foundational_course,0.08333333333333333
45906,2022,전북대학교,공과대학,신소재공학부(전자재료공학),전자공학개론및실험,2,1학기,3,2,2,전공선택,재료공학을 위한 전자공학 기초를 학습함.,Introduction to Electronics,,주요교재의 경우 전류 방향의 정의가 통상적으로 알고 있는 바와 반대로 정의되어 사용되고 있음을 참고.전류 방향 정정한 강의자료 제공됨.,기초물리학,True,False,True,False,True,True,target_department_and_foundational_course,0.08333333333333333
45950,2022,전북대학교,공과대학,컴퓨터공학부,선형대수학,2,2학기,3,3,0,전공선택,"선형대수학은 벡터 공간에서의 선형 변환과 행렬 등에 대해 연구하는 대수학의 한 분야로, 자연과학, 공학, 경제학 등 다양한 분야에 널리 적용되고 있다. 본 강좌에서는 선형대수학의 기본 요소인 벡터, 행렬, 선형 변환 등에 대한 개념을 이해하고, 관련 분야의 문제를 해결하는 방법을 학습하여 향후 실제 응용 문제들을 해결해나가는 능력을 기르는 것을 목표로 한다.* 중간고사와 기말고사의 경우 대면으로 치를 예정입니다.",Introduction to Linear Algebra (International Fourth Edition),,"* 주교재: Gilbert Strang, Introduction to Linear Algebra (International Fourth Edition), WellesleyCambridge Press, 2009. 다른 edition을 참고하여도 무방하나, 일부 내용이 다를 수 있음에 유의바람. 주교재의 해당 edition: http://www.kyobobook.co.kr/product/detailViewEng.lafejkGb=ENG&mallGb=ENG&barcode=9781733146609&orderClick=LEa&Kc=* 추가 참고 자료 Gilbert Strang, Linear Algebra and Its Applications, 4th ed.","벡터, 행렬 등에 대하여 다루어본 경우 수업을 보다 수월하게 들을 가능성이 있으나, 해당 내용에 대하여 본 수업에서 다시 다루기 때문에 위의 교과목이 필수 선수과목은 아님.",True,False,True,False,False,True,target_department_and_foundational_course,0.08333333333333333
45951,2022,전북대학교,공과대학,컴퓨터공학부,선형대수학,2,2학기,3,3,0,전공선택,"선형대수학은 벡터 공간에서의 선형 변환과 행렬 등에 대해 연구하는 대수학의 한 분야로, 자연과학, 공학, 경제학 등 다양한 분야에 널리 적용되고 있다. 본 강좌에서는 선형대수학의 기본 요소인 벡터, 행렬, 선형 변환 등에 대한 개념을 이해하고, 관련 분야의 문제를 해결하는 방법을 학습하여 향후 실제 응용 문제들을 해결해나가는 능력을 기르는 것을 목표로 한다.* 중간고사와 기말고사의 경우 대면으로 치를 예정입니다.",Introduction to Linear Algebra (International Fourth Edition),,"* 주교재: Gilbert Strang, Introduction to Linear Algebra (International Fourth Edition), WellesleyCambridge Press, 2009. 다른 edition을 참고하여도 무방하나, 일부 내용이 다를 수 있음에 유의바람. 주교재의 해당 edition: http://www.kyobobook.co.kr/product/detailViewEng.lafejkGb=ENG&mallGb=ENG&barcode=9781733146609&orderClick=LEa&Kc=* 추가 참고 자료 Gilbert Strang, Linear Algebra and Its Applications, 4th ed.","고등학교 수학이나 본교의 1학년 수학 1& 수학 2에서 벡터, 행렬 등에 대하여 다루어본 경우 수업을 보다 수월하게 들을 가능성이 있으나, 해당 내용에 대하여 본 수업에서 다시 다루기 때문에 위의 교과목이 필수 선수과목은 아님.",True,False,True,False,False,True,target_department_and_foundational_course,0.08333333333333333
45952,2022,전북대학교,공과대학,컴퓨터공학부,소프트웨어공학,3,2학기,3,3,0,전공필수,"소프트웨어 공학은 소프트웨어를 개발하는 과정에서 다양한 공학적 원리를 적용하여 개발 생산성을 높이고 품질 좋은 소프트웨어를 생산하는 것을 의미한다. 본 강좌에서는 소프트웨어 공학의 핵심 개념과 개발 과정에서 요구되는 공학적 방법을 습득하고 이를 적용할 수 있는 능력을 배양하여 소프트웨어 엔지니어로서의 기본 자질을 갖추도록 한다. 이를 위해 소프트웨어 개발 방법론에 대해 학습하고 요구 분석, 설계, 구현, 테스트, 유지보수의 각 단계에서 필요한 이론, 방법, 도구들에 대해 학습한다.",소프트웨어 공학 에센셜,,"소프트웨어 공학의 모든 것, 최은만, 생능출판쉽게 배우는 소프트웨어 공학, 김치수 , 한빛아카데미",,True,True,False,False,False,True,target_department_and_target_course,0.16666666666666666
45954,2022,전북대학교,공과대학,컴퓨터공학부,수치해석,4,1학기,3,3,0,전공선택,"!!!2022년 1학기 수치해석 강의는 비대면으로 진행됩니다. https://sites.google.com/view/jbnu20221numerical/home 사이트에 접속 바랍니다.!!!본 교과목에서는 컴퓨터를 이용하여 비선형방정식의 해, 선형방정식의 해, 행렬연산, 고유치, 보간법, 회귀법, 수치미분 및 적분, 미분방정식 풀이, 최적화 등 수리적으로 모델링된 문제를 해결하는 방법을 배운다. MATLAB 또는 Python을 기반으로 수치해석 프로그램의 작성 방법을 실습한다. 선형대수, 공업수학, 미분방정식, 확률과 통계 등 기초적인 수학 지식이 요구된다.",응용수치해석,,"공학도를 위한 수치해석, Steven C. Chapra, McGrawHill Education","수학 1, 수학 2, 이산수학, 선형대수학",True,False,True,False,False,True,target_department_and_foundational_course,0.08333333333333333
45955,2022,전북대학교,공과대학,컴퓨터공학부,알고리즘,3,1학기,3,3,0,전공필수,* Goal 1: To understand how to design and analyze an algorithm in terms of correctness and efficiency* Goal 2: To learn ideas that effectively resolve challenges behind various classical problems* Goal 3: To improve your computational thinking so that you can solve new problems by yourself* 2022학년도 1학기 알고리즘은 수업은 비대면 실시간 화상강의로 변경되었습니다. 자세한 접속 방법은 LMS에 게시후 공지하겠습니다.,관계 중심의 사고법 쉽게 배우는 알고리즘,,,"C++ 프로그래밍, 자료구조, 이산수학",True,True,False,True,False,True,target_department_and_target_course,0.16666666666666666
45956,2022,전북대학교,공과대학,컴퓨터공학부,알고리즘,3,1학기,3,3,0,전공필수,* Goal 1: To understand how to design and analyze an algorithm in terms of correctness and efficiency* Goal 2: To learn ideas that effectively resolve challenges behind various classical problems* Goal 3: To improve your computational thinking so that you can solve new problems by yourself* 2022학년도 1학기 알고리즘 수업은 비대면 실시간 화상강의로 진행됩니다. 자세한 접속 방법은 LMS에 게시후 공지하겠습니다.,관계 중심의 사고법 쉽게 배우는 알고리즘,,,"C++ 프로그래밍, 자료구조, 이산수학",True,True,False,True,False,True,target_department_and_target_course,0.16666666666666666
45957,2022,전북대학교,공과대학,컴퓨터공학부,영상처리,4,1학기,3,3,0,전공선택,"본 과목에서는 컴퓨터 비전의 기초에 대한 내용을 다룬다.컴퓨터 비전은 영상관련 인공지능 기술의 기초가 되는 분야로써 컴퓨터공학에서 가장 빠르게 성장하는 분야이다.15주로 구성된 강의에서는 필터, 에지 검출 등의 기초적인 영상 처리 기술들과 특징점 추출, 영상 분할 등의 컴퓨터 비전과 영상 처리의 핵심적인 내용들의 기본 원리를 배우게 된다.",Computer Vision: A Modern Approach by Forsyth & Ponce (필수는 아님),,,"파이선 프로그래밍, 선형대수 기초",True,True,False,False,False,True,target_department_and_target_course,0.16666666666666666
45958,2022,전북대학교,공과대학,컴퓨터공학부,운영체제,3,1학기,3,3,0,전공필수,"운영체제의 구조, 기능 및 역할을 심도있게 이해한다.교과 수행 능력을 향상할 수 있도록 개인별 PBL(Project Based Learning)을 적용한다. FlippedLearning 형태로 강의 예정 (동영상 5시수+토론 1시수)","Operating System Concepts, 9th ed.",,"Operating System Concepts (한국어판), 홍릉 과학 출판사Modern Operating Systems, 3rd ed.저자: Andrew S. Tanenbaum","C언어 기초, 자료구조, 컴퓨터구조, 유닉스 시스템 프로그래밍",True,True,False,True,False,True,target_department_and_target_course,0.08333333333333333
45960,2022,전북대학교,공과대학,컴퓨터공학부,인공지능,4,1학기,3,3,0,전공선택,인공지능의 이론을 익히고 파이썬 프로그래밍 실습을 통해 실무 능력을 다짐,파이썬으로 만드는 인공지능,,인공지능의 현재와 미래를 소개한 다큐멘테러. TED 강연 등2021년 1학기 강의동영상(유튜브에서 '오일석 인공지능'으로 검색),파이썬 프로그래밍 (컴퓨터과학과코딩 또는 자율 학습),True,True,False,True,False,True,target_department_and_target_course,0.08333333333333333
45961,2022,전북대학교,공과대학,컴퓨터공학부,자료구조,2,2학기,3,3,0,전공필수,"실세계 문제에 대해 효율적인 프로그램을 작성하기 위해서는 그 문제에 적합한 자료구조를 선택하는 것이 필수적이다. 컴퓨터공학에서 효율성은 아주 중요한 주제이며, 특히 빅데이터 시대에서 효율성은 더욱 중요하다. 본 과목에서는 다양한 형태의 자료구조를 습득한다. 즉, 배열, 리스트, 스택, 큐, 알고리즘 기초, 트리, 그래프 등을 배운다. 아울러 C++언어로 구현하여, 습득한 자료구조를 이용한 프로그램 작성 능력을 배양한다.본 과목에서는 프로젝트 기반 학습 (Project Based Learning)을 적용한다.",C++로 쉽게 풀어쓴 자료구조,,,"C 언어기초, C++ 프로그래밍",True,True,False,False,False,True,target_department_and_target_course,0.16666666666666666
45962,2022,전북대학교,공과대학,컴퓨터공학부,자료구조,2,2학기,3,3,0,전공필수,"1. 컴퓨터공학에서 효율성의 중요도를 이해하고 프로그램의 효율을 분석하는 방법 학습2. 컴퓨터공학에서 공통적으로 많이 사용하는 여러 자료구조 (배열, 리스트, 스택, 큐, 트리, 그래프, 해쉬)들을 학습3. 실질적인 자료구조 활용 능력을 키우기 위해 C++ 언어를 이용하여 학습한 자료구조 구현 및 활용 ※ C++를 활용한 프로그래밍 숙제가 많이 있으므로 수강신청에 참고하시기 바랍니다.",C++로 쉽게 풀어쓴 자료구조,,,"C++프로그래밍, 이산수학",True,True,False,False,False,True,target_department_and_target_course,0.16666666666666666
45965,2022,전북대학교,공과대학,컴퓨터공학부,컴퓨터구조,2,2학기,3,3,0,전공필수,"본 과목은 컴퓨터 시스템 내부 구성 요소와 구성 및 동작 원리에 대한 전반 적인 내용을 소개 한다. 현대의 컴퓨터 시스템은 하드웨어와 소프트웨어 그리고 이 둘 사이의 상호작용에 대한 이해를 요구 하고 있다. 따라서 본 수업에서는 컴퓨터가 명령어를 이해 하고 해석 하는 과정을 하드웨어 구성 요소들과 연동하여 설명할 뿐만 아니라, 프로세서를 효율적으로 구현 하기 위한 파이프 라인, 그리고 메모리 계층 구조 등을 다룬다. ** 수업 진행 방식: 대면수업** 학과 지침에 따라 상대평가로 운영됩니다. ** 한국어로 진행 되지만, 강의 자료는 영어로 구성",Computer Organization and Design RISCV Edition: The Hardware Software Interface,,"컴퓨터 구조 및 설계 (RISCV Edition)번역본, 한티미디어최신 컴퓨터구조, 임석구, 홍경호, 한빛아카데미컴퓨터 아키텍쳐 컴퓨터구조 및 동작원리, 우종정, 한빛아카데미",논리설계,True,True,False,True,False,True,target_department_and_target_course,0.08333333333333333
45966,2022,전북대학교,공과대학,컴퓨터공학부,컴퓨터구조,2,2학기,3,3,0,전공필수,"본 과목은 컴퓨터 시스템 내부 구성 요소와 구성 및 동작 원리에 대한 전반 적인 내용을 소개 한다. 현대의 컴퓨터 시스템은 하드웨어와 소프트웨어 그리고 이 둘 사이의 상호작용에 대한 이해를 요구 하고 있다. 따라서 본 수업에서는 컴퓨터가 명령어를 이해 하고 해석 하는 과정을 하드웨어 구성 요소들과 연동하여 설명할 뿐만 아니라, 프로세서를 효율적으로 구현 하기 위한 파이프 라인, 그리고 메모리 계층 구조 등을 다룬다. ** 수업 진행 방식: 대면수업** 학과 지침에 따라 상대평가로 운영** 한국어로 진행 되지만, 강의 자료는 영어로 구성",Computer Organization and Design RISCV Edition: The Hardware Software Interface,,"컴퓨터 구조 및 설계 (RISCV Edition)번역본, 한티미디어최신 컴퓨터구조, 임석구, 홍경호, 한빛아카데미컴퓨터 아키텍쳐 컴퓨터구조 및 동작원리, 우종정, 한빛아카데미",논리설계,True,True,False,True,False,True,target_department_and_target_course,0.08333333333333333
45967,2022,전북대학교,공과대학,컴퓨터공학부,컴퓨터구조,2,2학기,3,3,0,전공필수,The goal of this class is to have comprensive understanding about the strucutre of computer system. Students are expected to learn how to increase system performance after learning each component of computer system. Computer instructions and their efficiency will be also taught in this class.,"Computer Organization Principles, analysis, and design by Lan Jin",,,Digital logic design,True,True,False,True,False,True,target_department_and_target_course,0.16666666666666666
45969,2022,전북대학교,공과대학,컴퓨터공학부,컴퓨터네트워크,3,2학기,3,3,0,전공선택,"컴퓨터와 네트워크의 결합에 의한 컴퓨터 상호간 통신을 목적으로 구성된 컴퓨터 네트워크를 프로토콜 관점에서 학습한다. 특히 TCP/IP 중심의 인터넷 프로토콜의 동작원리를 이해하고, 이를 바탕으로 궁극적으로 네트워크 관련 프로그래밍 소양과 능력을 향상시키는 것에 중점을 둔다. 네트워크 프로그래밍(Socket programming) 영역은 개별적으로 프로젝트 기반 학습(Project based Learning)을 수행한다.","W. Stallings, Data & Computer Communications, 10th Edition, Pearson, 2014",,"D. E. Comer, Computer Networks and Internets with Internet Applications, 3rd Edition, Prentice Hall, 2001","컴퓨터구조, C언어, 데이터통신",True,True,False,False,False,True,target_department_and_target_course,0.08333333333333333
45970,2022,전북대학교,공과대학,컴퓨터공학부,컴퓨터네트워크,3,2학기,3,3,0,전공선택,"전산학도로써 필요한 컴퓨터 네트워크에 대한 이를 목표로 한다. 네트워크 계층인 IP, 전송 계층인 TCP/IP, 응용 계층인 WWW, SMTP 등과 네트워크 보안에 대한 이해를 목표로 한다.",데이터 통신과 네트워킹 (Data Commmunications and Networking),,,,True,True,False,False,False,True,target_department_and_target_course,0.25
45971,2022,전북대학교,공과대학,컴퓨터공학부,프로그래밍언어론,3,1학기,3,3,0,전공필수,"프로그래밍언어들의 기본원리를 이해하고 학습한다. 이론적/논리적인 측면에서 프로그래밍언어의 정의, 역사, 기본 개념을 바탕으로 다양한 프로그래밍언어의 패러다임에 대한 이해와 학습을 목표로. 과제는 다음 언어에 대한 응용 프로그래밍이 제시된다.1) 절차중심언어: C 2) 함수언어: Lisp3) 객체지향언어: Java, C++4) 논리언어: Prolog","Concepts of Programming Lanagues, 11th ed.",,,적어도 한개의 프로그래밍 언어 사용에 관한 경험,True,True,False,False,False,True,target_department_and_target_course,0.16666666666666666
45972,2022,전북대학교,공과대학,컴퓨터공학부,프로그래밍언어론,3,1학기,3,3,0,전공필수,"프로그래밍언어들의 기본원리를 이해하고 학습한다. 이론적/논리적인 측면에서 프로그래밍언어의 정의, 기본 개념을 바탕으로 주요 프로그래밍언어의 패러다임에 대한 이해를 목적으로 실제 프로그램을 예로 설명한다. 학습 대상이 되는 주요 언어패러다임과 언어는 다음과 같다.1) 절차중심언어: C 2) 함수언어: Lisp3) 객체지향언어: Java, C++4) 논리언어: Prolog",프로그래밍 언어개념,,,적어도 하나의 절차지향언어 또는 객체지향언어,True,True,False,False,False,True,target_department_and_target_course,0.16666666666666666
45973,2022,전북대학교,공과대학,컴퓨터공학부,확률및통계,3,2학기,3,3,0,전공선택,"The main theme of the course is to understand the basic statistical concepts and statistical models, and to practice them with a statical package.",To be announced in class.,,I am planning to using a text book with the most common materials. You can use any books. What matters is the contents. You can refer any book in the library. Other related materials will be announced and provided in class.,"This is one of most classical subjects in computer soence and engineering. It means that it is one of the representative areas where some give data are processes for certain purpose and interpreted for the semantics of the data with respect to the purpose. For that, it requires discrete mathematics and programming languages as prerequisite.",True,False,True,False,False,True,target_department_and_foundational_course,0.08333333333333333
45974,2022,전북대학교,공과대학,컴퓨터공학부,확률및통계,3,2학기,3,3,0,전공선택,"우리가 일상 접하는 랜덤 신호 또는 랜덤 데이터의 정성적, 정량적인 특징을 알아내고 이를 활용하는 통계처리 과정은 공학 뿐아니라 모든 분야의 학문영역에서 반드시 필요한 일이다. 본 교과목은 랜덤한 현상이란 어떻게 모형화되고, 분석할 수 있느가 또한 분석된 결과는 어떻게 해석될 수 있는가 를 학습하는 계기가 될 것이다. 따라서 본 학습을 통하여 얻어진 지식은 랜덤한 물리량을 전기적인 신호로 변환하여 다루는 신호처리, 랜덤한 데이터를 해석하고 이를 이용하는 정보처리 분야에 기초지식으로 활용될 수 있다.","IT 공학도를 위한 확률, 랜덤변수, 통계 및 랜덤과정",,"Probability and Random Processes for Electrical Engineers, Yannis Viniotis, McGrawHill 1998.",공업수학,True,False,True,False,False,True,target_department_and_foundational_course,0.08333333333333333
46007,2022,전북대학교,공과대학,컴퓨터공학부,이산수학,2,1학기,3,3,0,전공선택,"이산수학은 이산적인 객체를 연구하는 수학의 한 분야로, 자료구조, 알고리즘을 비롯한 많은 컴퓨터공학 교과목의 수학적 토대를 제공한다. 본 강좌에서는 논리, 증명, 집합, 알고리즘, 확률, 그래프, 트리 등 이산 수학 분야의 다양한 정의와 정리를 학습하여 학생들이 논리적, 수학적 사고를 하는 방법을 터득하는 것을 목표로 하며, 이를 바탕으로 향후 컴퓨터공학 교과목을 수강하는 데 도움을 주고자 한다.","공은배 외 6인 공역, Rosen의 이산수학 8th Edition, McGrawHill Edition, 2018",,"주교재의 경우 기존의 7th Edition을 사용하여도 전체적인 내용에는 큰 차이가 없으나, 세부 내용에서 약간의 차이가 있을 수 있음을 유의 바람",,True,False,True,False,False,True,target_department_and_foundational_course,0.16666666666666666
46009,2022,전북대학교,공과대학,컴퓨터공학부,데이터베이스,3,2학기,3,3,0,전공선택,"데이터베이스 시스템의 기본 개념을 SQL 과 관계형 모델을 중심으로 설명하고, 다양한 응용에서 데이터베이스 기술을 접목시킬 수 있는 능력을 배양한다. 특히 현장 전문가를 초빙하여 상용제품을 통한 SQL실습을 수행함으로써 수업운영에 있어서 현장성을 높인다.",Database system Concept,,Cubrid Manual,"파일처리, 컴파일러, C, C++ 또는 자바 프로그래밍",True,True,False,True,False,True,target_department_and_target_course,0.08333333333333333
46011,2022,전북대학교,공과대학,컴퓨터공학부,데이터마이닝,3,2학기,3,3,0,전공선택,"1. 대규모로 저장된 데이터안에서 체계적으로 정보를 분석하는 과정과 이론에 대한 학습2. 산업현장에서 활용되는 다양한 주제의 문제와 알고리즘을 학습하며 구체적으로는 finding similar items, mining frequent itemsets, clustering, dimensionality reduction, web advertising, link analysis, recommender systems, regression, classification, decision tree, time series prediction 등을 공부3. 실질적인 데이터마이닝 활용 능력을 키우기 위해 Python 언어를 활용한 데이터마이닝 알고리즘 구현 및 데이터 분석※ 신규 교과목으로 syllabus에 변경이 발생할 수 있습니다. ※ Python 기반의 프로그래밍 숙제를 계획하고 있으므로 수강신청에 참고하시기 바랍니다.",Mining of Massive Datasets,,http://mmds.org/,"알고리즘, 선형대수학, Python 프로그래밍",True,True,False,True,False,True,target_department_and_target_course,0.08333333333333333
46012,2022,전북대학교,공과대학,컴퓨터공학부,데이터통신,3,1학기,3,3,0,전공선택,"서로 다른 컴퓨터 사이에 전송되는 데이터의 안전하고 신속한 통신에 소요되는 전송매체, 신호생성, 전송장비 등 기술요소를 학습함으로써 데이터의 손실없는 전송에 대한 이해와 컴퓨터 네트워크 구성에 따른 기반적, 이론적 기저를 다지는 것을 목표로한다.","Data & Computer Communications, 10th edition",,,"컴퓨터구조, 자료구조",True,True,False,False,False,True,target_department_and_target_course,0.16666666666666666
46013,2022,전북대학교,공과대학,컴퓨터공학부,데이터통신,3,1학기,3,3,0,전공선택,통신망을 이용하여 시스템간의 데이터를 주고받는 기술과 방법에 대하여 공부한다.프로토콜에 대한 기본 개념과 여러 가지 매체를 통하여 데이터를 안전하게 전달하는 기법에 대하여 배운다.배운 통신망의 물리계층과 데이터 링크 계층의 프로토콜에 대하여 개략적인 내용을 다룬다.,"Data Communications and Networks, fourth edition by Behrouz A. Forouzan",,데이터통신과 네트워킹 (4/e) 교보문고Data and Computer Communications 7th edition by William Stallings,,True,True,False,False,False,True,target_department_and_target_course,0.16666666666666666
46014,2022,전북대학교,공과대학,컴퓨터공학부,정보보호,4,2학기,3,3,0,전공선택,"정보보안 개념, 암호학의 주요이론, 사이버 공격의 유형 및 대처방안, 안전한 정보시스템의 운용방법 등을 학습한다. 이를 통하여 정보보안 전문적 소양을 함양하기 위해서 필요한 배경지식을 학습하여 정보화사회에서 초래되고 있는 정보침해 역기능에 대해서 효과적으로 대처하는 능력을 갖추는 것을 목표로 한다.",강의 슬라이드,,"* 교수의 강의 슬라이드를 위주로 수업을 진행할 예정이나, 다음의 책들을 참고할 수 있음 Katz, Introduction to Modern Cryptography C. Paar & J. Pelzl, Understanding Cryptography, Springer, 2010.* 참고자료의 구입은 강의 첫 시간의 강좌 소개를 듣고 정하기를 권함","컴퓨터공학부 학부 과정에서 다루는 전반적인 내용에 대해서 잘 숙지하고 있다면 강의를 이해하는 데 도움이 될 수 있으나, 필수 요소는 아니며 필요한 사항들에 대해서는 강의 시간에 다시 설명하며 진행할 예정임. 확률통계, 선형대수학에 익숙하다면 도움이 됨.",True,True,False,True,False,True,target_department_and_target_course,0.08333333333333333
46015,2022,전북대학교,공과대학,컴퓨터공학부,모바일프로그래밍,3,2학기,3,3,0,전공선택,"본 강의는 Android 환경을 기반으로 한 모바일 기기에서 동작하는 응용 프로그램 개발을 목표로 한다. 프로그램 개발을 위해서 자바 언어와 안드로이드 뷰, 위젯, 레이이웃등 프로그램의 기본적인 요소들에 대해 학습하고, 액티비티와 데이터베이스 및 멀티미디어와 구글지도등을 활용하여 앱 서비스 구현 수준을 향상시키는 방법을 학습한다.",Do it! 안드로이드 앱 프로그래밍,,,"C, C++, Java 등 어떤 언어든지 프로그래밍 언어 교과목 이수 경험",True,True,False,False,False,True,target_department_and_target_course,0.16666666666666666
46016,2022,전북대학교,공과대학,컴퓨터공학부,웹프로그래밍,4,1학기,3,3,0,전공선택,"웹 프로그래밍에 관한 일반적인 이론과 내용을 학습하고 실습한다:HTML, CSS, JSP, 스프링 프레임 워크의 사용법을 학습하고 이를 응용하여 웹페이지를 실제로 구축해 본다.",짧고 굵게 배우는 JSP 웹 프로그래밍과 스프링 프레임워크,,,,True,True,False,False,False,True,target_department_and_target_course,0.25
46017,2022,전북대학교,공과대학,컴퓨터공학부,C++프로그래밍,1,2학기,3,2,2,전공선택,"메모리에 대한 이해를 바탕으로 변수, 포인터 변수 및 참조자에 대해 이해C++ 언어를 기반으로 객체지향 프로그래밍 기법 이해실습을 통해 각 학습 주제에 대해 구체적으로 이해Flipped Learning 적용",열혈 C++ 프로그래밍,,작년 강의: https://youtu.be/wpk7AM6FPRc모두의 코드: https://modoocode.com/135C++ 레퍼런스: http://www.cplusplus.com/reference/,C언어기초(필수),True,True,False,False,False,True,target_department_and_target_course,0.08333333333333333
46018,2022,전북대학교,공과대학,컴퓨터공학부,C++프로그래밍,1,2학기,3,2,2,전공선택,Goal 1. C언어기초를 공부한 학생을 대상으로 C++ 언어의 프로그래밍 문법 학습Goal 2. 객체지향프로그래밍 (OOP)의 개념 이해와 C++ 언어를 이용하여 OOP 프로그램 설계 및 구현 능력 함양Goal 3. 다양한 문제에 대한 프로그래밍 실습을 통해 각 주제를 심층적으로 이해하고 C++ 프로그래밍의 실력 향상,열혈 C++ 프로그래밍,,,C언어기초,True,True,False,False,False,True,target_department_and_target_course,0.16666666666666666
46020,2022,전북대학교,공과대학,컴퓨터공학부,JAVA프로그래밍,2,1학기,3,2,2,전공선택,"본 강좌에서는 자바 언어에 대한 문법과 객체지향 프로그래밍의 개념을 익히고, 다양한 실습을 통해 자바 프로그래밍의 기초를 확립하는데 그 목적이 있다. 본 강좌에서 다루는 주제들은 다음과 같다.1. 자바 기초2. 객체지향 프로그래밍3. GUI 프로그래밍4. 쓰레드 프로그래밍",명품 자바 프로그래밍,,헤드퍼스트 자바,C언어 기초,True,True,False,False,False,True,target_department_and_target_course,0.08333333333333333
46021,2022,전북대학교,공과대학,컴퓨터공학부,JAVA프로그래밍,2,1학기,3,2,2,전공선택,"본 강좌에서는 자바 언어에 대한 문법과 객체지향 프로그래밍의 개념을 익히고, 다양한 실습을 통해 자바 프로그래밍의 기초를 확립하는데 그 목적이 있다. 본 강좌에서 다루는 주제들은 다음과 같다.1. 자바 기초2. 객체지향 프로그래밍3. GUI 프로그래밍4. 쓰레드 프로그래밍",명품 자바 에센셜,,,C언어 기초,True,True,False,False,False,True,target_department_and_target_course,0.16666666666666666
46022,2022,전북대학교,공과대학,컴퓨터공학부,JAVA프로그래밍,2,1학기,3,2,2,전공선택,본 강의에서는 최근 SW개발에서 가장 많이 사용되고 있는 객체지향 프로그래밍 언어인 Java언어를 학습한다. 객체지향언어를 이용한 소프트웨어 설계와 구현에 대한 원칙과 이론을 학습하고 이를 Java를 이용하여 구현한다. 본 강의는 자바 프로그래밍의 기본기를 익히며 소프트웨어 개발에 필요한 프로그래밍의 기초를 다지는 것을 목표로 한다.,Do it! 자바완전정복 (진짜 개발자가 되는 Java 프로그래밍 입문서),,,"C언어(필수), C++ (권장)",True,True,False,False,False,True,target_department_and_target_course,0.16666666666666666
46023,2022,전북대학교,공과대학,컴퓨터공학부,유닉스시스템프로그래밍,2,2학기,3,3,0,전공선택,"유닉스계열의 시스템에서의 프로그래밍을 학습한다. 본 수업의 목표는 다음과 같다. 1) 유닉스 환경에서 CLI 사용 능력 배양, 2) 유닉스 환경에서의 C 프로그래밍 역량 강화, 3) 시스템 프로그래밍 경험 습득",유닉스 시스템 프로그래밍 (3판),,,,True,True,False,False,False,True,target_department_and_target_course,0.25
46024,2022,전북대학교,공과대학,컴퓨터공학부,임베디드컴퓨팅,4,1학기,3,3,0,전공선택,"** 중간 평가는 대면 시험을 원칙으로 합니다. 본 수업은 임베디드 시스템(내장형 시스템)의 내부 구성 요소와 그 동작 방법에 대한 기본 개념을 소개 하고 임베디드 시스템의 구동 및 제어 방법을 실습한다. 이를 위해 다양한 유형의 IoT 디바이스를 직접 개발 할 수 있는 초소형 컴퓨터인 라즈베리파이를 활용하여 다양한 센서와 액추에이터들을 직접 제어 할 수 있는 프로그래밍 기법을 익힌다. 이를 통해 임베디드 컴퓨팅에 대한 전반적인 이해 뿐만 아니라, 임베디드 컴퓨팅을 활용한 다양한 IoT 디바이스를 직접 제작할 수 있는 능력을 배양한다. 강의 초반에는 임베디드 시스템의 주요 부분에 대한 개괄적인 내용을 습득하고, 이후 파이썬 언어에 대한 수업이 진행된다. 중간 고사 이후에는 라즈베리 파이를 이용하여 초음파 센서, 온도 센서 등 다양한 센서를 통해 현실세계의 데이터를 직접 입력 받아 이를 통해 액추에이터가 원하는 동작을 수행 할 수 있는 임베디드 프로그램을 직접 작성하고, 이를 이용하여 다양한 유형의 IoT 디바이스 제작 프로젝트를 수행한다.** 모든 수업 자료 및 공지사항은 (신)LMS (https://ieilms.jbnu.ac.kr/)를 활용합니다.** 학부 방침에 따라 상대평가로 운영",IoT 사물인터넷을 위한 라즈베리파이 4 정석,,"Computers as components, 3rdedition by W. Wolf, Morgan Kaufmann, 2012Introduction to computer science using Python : a computational problemsolving focus, Charles Dierbach, Wiley, 2012",컴퓨터구조,True,True,False,False,False,True,target_department_and_target_course,0.08333333333333333
46026,2022,전북대학교,공과대학,컴퓨터공학부,윈도우즈프로그래밍,2,1학기,3,3,0,전공선택,"!!!2022년 1학기 윈도우즈프로그래밍 강의는 비대면으로 진행됩니다. https://sites.google.com/view/jbnu20221wp/home 사이트에 접속 바랍니다.!!!C언어 기초 교과목과 C++프로그래밍(또는 JAVA 프로그래밍) 교과목을 통해 객체지향 프로그래밍의 개념을 습득한 학생을 대상으로 한 강의임.C 언어와 WPF(Windows Presentation Foundation) 프레임워크를 이용하여 윈도우 응용 프로그램을 작성하는 법을 배운다. GUI 설계 방법과 이벤트 기반 프로그래밍 기법에 대한 이해, 이를 기반으로한 응용 소프트웨어 설계 및 구현을 실습과 프로젝트를 통해 경험한다.",없음,,웹사이트https://msdn.microsoft.com/https://wpftutorial.com/http://www.wpftutorial.net/http://kocw.net/home/search/kemView.dokemId=1265570책Head First C (한빛미디어)Pro WPF 4.5 in C (APress)이것이 C 이다 (한빛미디어),"C++ 프로그래밍, JAVA 프로그래밍 또는 기타 객체지향 프로그래밍 언어 교과목 필수 이수",True,True,False,False,False,True,target_department_and_target_course,0.08333333333333333
46027,2022,전북대학교,공과대학,컴퓨터공학부,윈도우즈프로그래밍,2,1학기,3,3,0,전공선택,!!!2022년 1학기 윈도우즈프로그래밍 강의는 비대면으로 진행됩니다. https://sites.google.com/view/jbnu20221wp/home 사이트에 접속 바랍니다.!!!C언어와 C++언어를 바탕으로 C 을 이용하여 윈도우즈 프로그래밍 제작 기법을 학습한다. 윈도우즈 프로그램을 작성하여 PC와 IOT 장비간 시리얼 통신을 통해 데이터를 처리하는 방법에 대해 학습한다.GUI 설계 방법과 이벤트 기반 프로그래밍 기법에 대한 이해하고 이를 기반으로 응용 소프트웨어 설계 및 구현을 실습과 프로젝트를 통해 경험한다.,C 프로그래밍(2판)(IT CookBook) 프로그래밍 기초부터 객체 지향 핵심까지,,,"C++ 프로그래밍, JAVA 프로그래밍 또는 기타 객체지향 프로그래밍 언어 교과목 필수 이수",True,True,False,False,False,True,target_department_and_target_course,0.16666666666666666
46029,2022,전북대학교,공과대학,컴퓨터공학부,논리설계,2,1학기,3,3,0,전공선택,"** 강의실 사정으로 비대면수업(실시간 온라인 수업+동영상 수업)으로 진행 될 예정입니다. (개별로 대면 질의응답 가능) ** 중간/기말 평가는 대면 시험을 원칙으로 합니다. 본 과목은 디지털 시스템에 대한 기본적인 개념과 동작 원리를 이해함으로써 디지털 시스템 설계에 대한 폭 넓은 시각을 제공하는 것을 목표로 한다. 이를 위해 논리회로를 구성하는 기본 소자, 조합회로와 순차회로의 설계 이론을 다룬다. **수업관련 모든 자료와 공지사항은 (신)LMS (https://ieilms.jbnu.ac.kr/)를 활용합니다. **학과 방침에 따라 상대평가로 진행",처음 만나는 디지털 논리회로,,,없음,True,False,True,False,False,True,target_department_and_foundational_course,0.16666666666666666
46030,2022,전북대학교,공과대학,컴퓨터공학부,논리설계,2,1학기,3,3,0,전공선택,"디지털 논리회로의 기본 개념을 이해하고 논리식을 기초로 조합논리회로를 구성하는 방법과 플립플롭에서 부터 순서회로의 설계까지 요구되는 학습한다.본 과정의 내용은 컴퓨터구조와 연결되며 플립플롭, 카운터, 레지스터 및 메모리와 같은 디지털 소자의 핵심내용을 이해한다",처음 만나는 디지털 논리회로,,,,True,False,True,False,False,True,target_department_and_foundational_course,0.25
46031,2022,전북대학교,공과대학,컴퓨터공학부,소프트웨어개발프로젝트,4,1학기,3,3,0,전공선택,"산업체 또는 실생활에서 필요한 기술에 대한 프로젝트 주제를 선택하고, 주제에 대한 선행기술과 오픈소스 및 관련 자료들을 조사 분석을 한다. 이후 기반설계 및 구현을 통해 중대형 프로젝트를 수행할 수 있는 실무 능력을 습득한다.",없음 (강의 자료 활용),,,"프로그래밍언어(C, C++, Java), 자료구조, 알고리즘, 소프트웨어공학",True,False,True,False,False,True,target_department_and_foundational_course,0.16666666666666666
46032,2022,전북대학교,공과대학,컴퓨터공학부,기계학습,4,2학기,3,3,0,전공선택,"기계학습은 빅데이터, 컴퓨터비전, 자연어처리, 바이오인포매틱스를 포함하는 다양한 분야에서 필요한 핵심적인 수학 도구가 되었다. 기계학습 연구의 목표는 경험을 통해 학습할 수 있는 컴퓨터시스템을 만드는 것이다. 학습가능한 시스템은 주어진 문제를 풀 수 있는 알고리즘을 사람이 직접 주는 것이 아니고 다양한 예제들로부터 시스템이 어떻게 동작해야 하는지를 스스로 배운다. 이러한 시스템들을 구현하기 위해서는 경험의 결과에 의해 시스템이 자신의 행동을 어떻게 수정해야 하는지를 명시하는 학습 알고리즘이 필요하다. 기계학습 연구분야에서는 어떤 상황에서 어떤 학습 알고리즘이 필요한지 이해하려는 시도들이 다양하게 이루어지고 있으며, 이를 통해 새로운 학습 알고리즘을 개발되고 있다. 본 과목에서는 다양한 응용들에서 좋은 성과를 나타낸 것으로 알려진 기초적인 기계학습 알고리즘들을 다룬다. 알고리즘들이 어떤 차이를 가지고 있고 알고리즘들이 어떤 분야에 잘 적용되는지에 중점을 둘 것이다. 본 과목에서 다루는 알고리즘들은 딥러닝으로 대표되는 최신 학습 알고리즘 기법들의 기초가 된다.",없음,,"Pattern Recognition and Machine Learning, Chris Bishop, Springer, 2007","선형대수, 확률통계",True,True,False,True,False,True,target_department_and_target_course,0.08333333333333333
46139,2022,전북대학교,공과대학,컴퓨터공학부,빅데이터기초실습,2,2학기,3,3,0,전공선택,"원격수업(비대면)SW중심대학사업 융합/연계전공(예정) 학생을 대상으로 하는 교과목으로 SW학과(컴퓨터공학부, IT지능정보공학과, 소프트웨어공학과)학생은 수강할 수 없는 과목이며 원격수업으로 운영됨. 본 강좌는 대규모의 데이터를 수집, 처리, 분석하는 과정 및 방법을 학습하여 데이터 분석 능력을 배양을 목표로함.",데이터 과학 기반의 파이썬 빅데이터 분석,,,,True,True,False,True,False,True,target_department_and_target_course,0.25
46141,2022,전북대학교,공과대학,컴퓨터공학부,웹프로그래밍실습,3,2학기,3,3,0,전공선택,"원격수업(비대면)SW중심대학사업 융합/연계전공(예정) 학생을 대상으로 하는 교과목으로 SW학과(컴퓨터공학부, IT지능정보공학과, 소프트웨어공학과)학생은 수강할 수 없는 과목임. 또한 원격수업임. 본 강좌는 HTML5, CSS3, Javascript를 이용한 웹프로그래밍 기초 지식 습득하고 활용할 수 있는 능력을 배양.",HTML5+CSS3+Javascript 웹 프로그래밍,,,,True,True,False,False,False,True,target_department_and_target_course,0.25
46171,2022,전북대학교,공과대학,소프트웨어공학과,빅데이터보안,4,2학기,3,3,0,전공선택,빅데이터보안에 대해 배운다,인터넷해킹과보안 (4판),,,,True,True,False,True,False,True,target_department_and_target_course,0.25
46462,2022,전북대학교,공과대학,바이오메디컬공학부(헬스케어정보공학),데이터베이스,2,2학기,3,3,0,전공필수,"데이터베이스는 정보화 사회의 필수 기반이다. 정보화 사회에 대비한 기본적인 전산 활용 능력을 배양하기 위하여 데이터베이스의 기초 지식과 더불어 데이터베이스의 구축 및 관리, 활용에 대한 전반적인 이론을 배움으로써 정보처리 기술 및 정보 활용능력을 함양한다","데이터베이스 론(정익사 출판, 이석호 저)",,,"전산학 개론, 컴퓨터와 정보사회 등",False,True,False,True,True,True,strong_ai_cs_course_outside_target_department,0.16666666666666666
46469,2022,전북대학교,공과대학,바이오메디컬공학부(헬스케어정보공학),데이터베이스및실습,3,1학기,3,2,2,전공선택,"데이터베이스의 주요 개념과 원리를 이해하고 예제 중심으로 SQL, 데이터 모델링, 데이터베이스 프로그래밍 등을 실습함으로써 데이터베이스 구축 및 활용 능력을 함양한다.",SQL Server로 배우는 데이터베이스 개론과 실습,,데이터베이스론,데이터베이스,False,True,False,True,True,True,strong_ai_cs_course_outside_target_department,0.08333333333333333
46785,2022,전북대학교,공과대학,토목/환경/자원.에너지공학부(자원.에너지공학),인공지능물리탐사,3,1학기,3,3,0,전공선택,각 물리탐사 기법의 이론적 내용 실습 탄성파 모델링 프로그래밍 습득물리탐사 분야의 인공지능 기술 활용사례 습득,최신 물리탐사의 활용,,"지구물리 수치해석 민동주, 편석준, 하완수, 곽상민, 정우근, 신창수 씨아이알, 20160929 (탄성파 모델링 프로그래밍 보조교재)",,False,True,False,True,True,True,strong_ai_cs_course_outside_target_department,0.16666666666666666
46923,2022,전북대학교,공과대학,융합기술공학부(IT융합기전공학),인공지능,4,2학기,3,3,0,전공선택,"인공지능의 기본 원리와 문제를 해결하는 방법에 대한 지식을 학습하고, 스마트제조고급인력양성을 위한 기초 프로그래밍 실습을 강의 목표로 한다.",누구나 쉽게 배우는 인공지능 스타트,,,,False,True,False,True,False,True,strong_ai_cs_course_outside_target_department,0.25
48871,2022,전북대학교,사회과학대학,신문방송학과,네트워크사회와빅데이터저널리즘,4,1학기,3,3,0,전공선택,"IT 및 미디어 기술의 급속한 보급과 확산으로 우리 사회는 커다란 변화의 시대를 맞이하였다. 특히 유선과 무선의 네트워크로 연결된 현 사회는 과거와는 다른 사회문화 환경을 가져 왔으며, 미디어 산업의 지형을 변화시켰다. 이에 본 수업에서는 인터넷 및 모바일 미디어의 확산에 따른 네트워크 사회의 특징과 새로운 사회문화적 현상들에 대해 살펴볼 것이다. 나아가 미디어 지형의 변화와 근래의 저널리즘 현상을 분석함으로써 새로운 미디어 환경에 대해 이해하고, 뉴스의 생산과 소비 행태에 대해 구체적인 사례와 함께 분석을 시도할 것이다. 또한 근래의 이슈인 빅데이터와 이와 관련된 저널리즘 현상, 빅데이터 관련 주요 이슈에 대해 알아봄으로써 사회과학적 분석 능력과 사고를 함양하는 데 본 수업의 목표가 있다.",빅데이터 시대의 커뮤니케이션 연구,,"한국언론학회 편, 정치적 소통과 SNS, 나남, 2012앨리엇 킹 저, 김대경 역, 무료뉴스, 커뮤니케이션북스, 2012.백욱인, 네트워크 사회문화, 커뮤니케이션북스, 2013.최 영, 공유와 협력, 소셜 미디어 네트워크 패러다임, 커뮤니케이션북스, 2013.최민재, 양승찬, 인터넷 소셜 미디어와 저널리즘, 한국언론재단, 2009.아재현, 모바일 미디어와 모바일 사회, 커뮤니케이션북스, 2004.이재현, 인터넷과 사이버사회, 커뮤니케이션북스, 2000.권대석, 빅데이터 혁명, 21세기 북스, 2013.매일경제기획팀, 빅데이터 세상, 매일경제신문사, 2014.박형준, 빅데이터 전쟁, 세종서적, 2015소셜미디어연구포럼, 소셜 미디어의 이해, 미래인, 2014. 김동윤 외, 뉴스 수용자의 진화, 커뮤니케이션북스, 2010.김익현, 웹2.0과 저널리즘 혁명, 커뮤니케이션북스, 2007.신동희, 빅데이터와 언론, 커뮤니케이션북스, 2014.임종섭, 데이터 저널리즘, 커뮤니케이션북스, 2015.",,False,True,False,True,False,True,strong_ai_cs_course_outside_target_department,0.16666666666666666
49052,2022,전북대학교,사회과학대학,행정학과,빅데이터와디지털정부,3,2학기,3,3,0,전공선택,1. 4차산업혁명과 인간지능 이해하기2. Big Data이해하기3. Big Data 정책 이해하기4. 공공부문에서 Big Data 활용 사례 탐구5. Big Data 활용과 윤리문제6. Big Data 분석방법 익히기,스마트 공공서스를 위한 빅데이터 기반 예측행정시스템(구입할 필요 없습니다.),,"1. 최공필,서정희, 빅데이터 4.0, 개미, 20172. 정충식(외), 지능형정부의 정책이슈, 윤성사, 2021.3. 이석민, 인문사회과학을 위한 빅데이터분석방법론, 윤성사, 20214. 홍순구 외, 스마트 거버넌스: 정책과정의 혁신, 유원북스, 20205. 조영진(외), 빅데이터를 활용한 건축,도시 미래정책연구, 건축도시공간연구소, 20176. 김영우, 쉽게 배우는 R데이터 분석, 이지스퍼블리싱, 20217. 김영우, 쉽게 배우는 R텍스트 마이닝, 이지스퍼블리싱, 20218.임성근, 기정훈, 빅데이터 기반 국가전략 수립 활성화 방안, 한국행정연구원",,False,True,False,True,True,True,strong_ai_cs_course_outside_target_department,0.16666666666666666
49320,2022,전북대학교,상과대학,경제학부(경제학),경제학데이터분석,3,2학기,3,3,0,전공선택,미시경제학 이론에 기반한 경제 데이터 분석 능력을 기르도록 함,강의자료,,"학생들이 가지고 있는 미시경제학과 계량경제학 교과서를 참고하되, 주 교재는 수업시간 강의자료임.",,False,True,False,True,True,True,strong_ai_cs_course_outside_target_department,0.16666666666666666
49953,2022,전북대학교,약학대학,약학과,빅데이터분석과활용,4,1학기,2,2,0,전공선택,"의약학 분야에서도 biomedical data의 용량이 과거와 비교하여 점점 커지고 있습니다. 여전히 손으로 또는 엑셀 등으로도 충분히 작업할 수 있는 데이터도 있는 반면, 다른 프로그램을 활용하여야 효율적으로 다룰 수 있는 데이터도 많이 공개되고 있습니다. 본 과목에서는 학생 스스로가 다뤄보고 싶은 데이터를 선택하고 (따로 없을 경우 교수 지정 데이터) 간단한 기술통계 분석 및 연관된 문헌조사를 스스로 할 수 있는 능력을 함양하는 것을 목표로 합니다",점프투파이썬,,1) 상기 도서는 위키독스에서도 열람할 수 있음2) 코드에 대해 궁금한 것이 있을 경우 상기 도서를 참조할 수 있으며 기타 내용은 슬라이드 + 배포하는 코드를 참조함,,False,True,False,True,True,True,strong_ai_cs_course_outside_target_department,0.16666666666666666
50037,2022,전북대학교,약학대학,약학과,AI와약학,5,1학기,2,2,0,전공선택,"머신러닝, 딥러닝, 인공지능의 기본 개념과 알고리즘에 대한 지식을 습득하고 실제 데이터를 이용하여 구현해 봄으로써 다양한 의약학분야에서 인공지능 기술을 적절하게 사용할 수 있는 능력을 키우는 것을 목표로 한다.",생명과학을 위한 딥러닝,,,"의약통계, 빅데이터분석과활용",False,True,False,True,True,True,strong_ai_cs_course_outside_target_department,0.16666666666666666
51296,2022,전북대학교,인문대학,문헌정보학과,데이터베이스론,2,2학기,3,3,0,전공선택,"데이터베이스 시스템의 개념, 데이터 모델, 데이터베이스 설계, 무결성 제약 조건, SQL 질의 등 전반적인 데이터베이스 이론과 이러한 이론들을 구현해 볼 수 있는 데이터베이스 활용 기법을 습득한다. 또한 관계형 데이터베이스에 대한 이해를 바탕으로 데이터의 관점에서 현실 세계를 분석하고 모델링 하는 방법을 익힌다. 그리고 데이터베이스에 대한 설계 원리와 기법, 실제 물리적 데이터베이스로의 구축과정을 배운다. 이와 관련된 DB 설계 및 관리 도구에 대해서 다룬다. 학생들은 개인 및 그룹 프로젝트를 통해 실제 DB의 설계 및 구축과정, 그리고 DBMS의 설치 및 관리에 대한 경험을 쌓는다. 문헌정보학과 마이크로디그리(MD) '빅데이터 큐레이션' 표준 교과목 중 하나임 (인문/사회대/예술대 등 비IT계열만 수강 가능하며, 조별 프로젝트 진행 예정) 빅데이터 양성 사업단에서 운영 중인 유사과목과 연계 가능 (예: 통계학과/IAB융합전공 '데이터베이스' 과목 수강 대체 가능)",데이터베이스 설계 및 구축(개정 2판),,"MS SQL Server 기반 데이터베이스 배움터(개정3판), 홍의경 생능출판사, 2012",,False,True,False,True,False,True,strong_ai_cs_course_outside_target_department,0.16666666666666666
51852,2022,전북대학교,인문대학,프랑스·아프리카학과,프랑스문학작품빅데이터분석과활용,4,2학기,3,3,0,전공선택,"일반적으로 문학 텍스트 문체 특성을 분석하는 방법을 문체론이라고 한다. 이와 대비시켜, 코퍼스를 기반으로 언어 자료를 정량적으로 연구하는 분야를 코퍼스 문체론이라고 한다. 이런 형식적인 분석 방법은 문학 텍스트 속에 존재하는 질적인 측면들이 간과할 가능성이 있다 . 그러나 양적 분석은 문학 텍스트 이해에 중요한 텍스트의 맥락과 의미와 같은 질적인 측면을 예측할 수는 있다. 코퍼스 문체론의 양적 접근의 긍정적인 측면을 부각 시키는 것이 본 강의의 목적이다. 본 강의는 빅데이터 자료와 문학 텍스트를 비교해 문체 분석을 시도하면서, 코퍼스 언어학적 접근의 효율성과 장점에 기반해, 문학 작품 분석을 쉽게 시행해 보려고 한다. 학습자들이 이런 분석 방법론을 프랑스 문학작품 분석에 적용해, 그 결과를 언어 분석 능력 향상에 활용하기를 기대한다.",http://myungwan.jbnu.ac.kr의 게시판에 제시된 내용.,,"빅데이터 시대의 언어연구, 이민행, 21세기북스, 2015.코퍼스 분석의 실제적 활용, 이성민 외 2인, 한국문화사, 2018.코퍼스 언어학 : 방법, 이론, 실제, 최재웅 역, 2018.http://beq.ebooksgratuits.com/https://livre.fnac.com/n354486/Petitprixetbonsplansebooks/Ebooksgratuitspargenre/RomanEbookgratuithttps://livre.fnac.com/n286016/Petitprixetbonsplansebooks/TouslesEbooksgratuitshttps://www.cultura.com/ebook/ebookgratuits602.html",,False,True,False,True,False,True,strong_ai_cs_course_outside_target_department,0.16666666666666666
51874,2022,전북대학교,자연과학대학,반도체과학기술학과,광학및실험,3,1학기,3,2,2,전공선택,"전자기 이론을 이용하여 전자기파인 빛의 기본적인 성질을 이해하고, 빛과 물질의 상호관계를 기하광학, 파동광학, 양자광학의 측면에서 공부한다.",물리광학 (Physical Optics),,"광학 Eugene Hecht 저, 조재흥, 장수, 황보창권, 조두진 역, Pearson,실험 매뉴얼 배부빛과 광기술 김종렬",일반물리학,True,False,True,False,False,True,target_department_and_foundational_course,0.08333333333333333
51875,2022,전북대학교,자연과학대학,반도체과학기술학과,반도체물리학,3,2학기,3,3,0,전공선택,"반도체 소자의 특성과 동작 및 한계를 이해하는 데 필요한 반도체 물성의 물리적 특성에 대한 깊이 있고 폭넓은 지식을 제공한다. 양자역학, 고체양자이론, 반도체물리학, 반도체소자들을 종합적으로 이해한다.",Neamen의 반도체 물성과 소자,,"Semiconductor Physics & Applications, M. Balkansi & R.F. WallisIntroduction to solid state physics, Kittel (8th ed.)기타 연구문헌 및 internet 자료","일반물리학, 현대물리",True,True,False,False,False,True,target_department_and_target_course,0.08333333333333333
51880,2022,전북대학교,자연과학대학,반도체과학기술학과,전자회로 1,3,1학기,3,3,0,전공선택,"반도체전자회로를 구성하는 MOSFET, BJT, Diode 등 기본 반도체소자들의 동작특성을 이해하고, 이들을 이용한 기본회로의 구성과 특성, 해석방법에 대하여 공부한다.",Microelectronic Circuits (7th Ed.),,Fundamental Microelectronics (Razavi),,True,True,False,False,False,True,target_department_and_target_course,0.16666666666666666
51881,2022,전북대학교,자연과학대학,반도체과학기술학과,전자회로 2,3,2학기,3,3,0,전공선택,"MOSFET, BJT의 전자부품을 이용한 증폭기 회로의 구성과, 소신호 특성, 주파수 응답 등을 공부하여 전자회로의 개념을 이해한다.",Microelectronic Circuits (6th ed) Sedra/Smith Oxford,,Electronic Principles,전자회로1,True,True,False,False,False,True,target_department_and_target_course,0.08333333333333333
51883,2022,전북대학교,자연과학대학,반도체과학기술학과,회로이론 1,2,1학기,3,3,0,전공선택,"반도체 전자회로의 구성과 반도체 전자회로, 또는 회로망을 이해하기 위한 기초과목으로 회로의 기본 해석방법을 습득한다. 저항, 캐패시터, 인덕터 등 수동소자들과 전압원, 전류원을 포함하는 능동회로에 대하여 이해하고, 수 식적인 표현을 통해 회로의 특성을 이해하고 해석하기 위한 방법과 정리에 대하여 공부한다.",알기쉬운 회로이론 제 4 판,,"Introduction to Electric Circuit, D. Sovoboda, J.Wiley신회로이론 문운당 2009, 박송배",,True,True,False,False,False,True,target_department_and_target_course,0.16666666666666666
51884,2022,전북대학교,자연과학대학,반도체과학기술학과,회로이론 2,2,2학기,3,3,0,전공선택,"회로의 해석을 위한 개념들을 공부하고 저항과 인덕터, 커패시터를 포함한 회로들의 동작을 이해하여 다양한 회로를 해석하거나 설계에 필요한 지식을 쌓는다.",알기쉬운 회로이론,,"Introduction to Electric Circuits (7th Edition) R. C. DOrf & J. A. Svoboda, John Wiley & Sons, Inc.",회로이론 1,True,True,False,False,False,True,target_department_and_target_course,0.08333333333333333
51886,2022,전북대학교,자연과학대학,반도체과학기술학과,반도체물성실험,3,2학기,3,2,2,전공선택,"반도체 물성실험은 반도체 공정실험과 별도로 이수를 해야 하는 과목으로서 반도체 공정 및 소자제작 후 필요한 물성 분석을 실질적인 분석 실험을 통하여 배우는 과목임. 특히, 반도체전공 학생에게는 졸업 후 반도체관련 회사 취업이나 대학원 진학 시에 필요한 핵심적인 분석 장비들에 대해서 기본 원리부터 사용방법, 분석과 해석까지의 모든 것들을 실시함으로서 쉽게 다음단계 공부를 진행하는데 도움을 주고자 함.본 과목에서는 핵심 분석장비 9가지에 대한 이론, 실험, 분석을 실시함.과목진행은 장비에 대한 이해/이론 공부를 진행한 후 조를 편성하여 실험 진행 후 개인별 결과 리포트 제출.",Semiconductor Material and Device Characterization (3rd Ed),,"Semiconductor Measurement and Instrumentation, by W.R. Runyan and T.J. ShaffnerCharacterization of Semiconductor Materials, by Gary E. McGuireOptical characterization of Epitaxial Semiconductor Layers, by Bauer & Richter","일반물리학, 현대물리학",True,True,True,False,False,True,target_department_and_target_course,0.08333333333333333
51889,2022,전북대학교,자연과학대학,반도체과학기술학과,반도체공학개론,2,1학기,3,3,0,전공필수,디지털의 개념에 대한 온전한 이해를 통하여 디바이스와 시스템의 계층구조를 이해하고 디지털 회로를 설계하는 능력을 배양한다.디지털 회로설계 및 응용력 향상에 목표를 둔다.,Digital Design (M. M. Mano),,M. M. Mano (Computer engineering hardware design)Mano & Kime (Logic and computer design fundamentals),,True,True,False,False,False,True,target_department_and_target_course,0.16666666666666666
51892,2022,전북대학교,자연과학대학,반도체과학기술학과,나노반도체공학,4,1학기,3,3,0,전공선택,Understanding of nanometer size materials and devices formed by various methods,Introduction to Nanoscale Science and Technology,,"Nanotechnology Understanding small systems, 2nd ed. (by B. Rogers, S. Pennathur, J. Adams)","Solidstate physics, Semiconductor physics",True,True,False,False,False,True,target_department_and_target_course,0.08333333333333333
51893,2022,전북대학교,자연과학대학,반도체과학기술학과,태양광반도체,3,1학기,3,3,0,전공선택,Understanding on the photovoltaic semiconductor technology,HighEfficiencyLowCostPhotovoltaics,,반도체 물성 및 반도체 소자 구동 원리 기초 필요,"반도체소자, 에너지융합개론",True,True,False,False,False,True,target_department_and_target_course,0.08333333333333333
51894,2022,전북대학교,자연과학대학,반도체과학기술학과,반도체공정실험 1,3,2학기,3,2,2,전공필수,"본 반도체공정실험1 수업을 통하여, 실제 질화물화합물 반도체 발광다이오드 제작 실습을 할 예정임.현재까지배운 pn junction 소자의 실제 응용에 대한 기초 이론 학습화합물반도체 기초 공정 이론 및 실습 (Cleaning, Photolithography, Dry etching, Metallization, Electrical and Optical characterization)발광다이오드 소자 특성 평가본 수업은 '반도체인프라 구축 지원사업과 연계'하여 진행됨.",Light Emitting Diodes 2nd Ed.,,화합물반도체 공정 PPT 자료,"반도체공정, 반도체소자",True,True,True,False,False,True,target_department_and_target_course,0.08333333333333333
51896,2022,전북대학교,자연과학대학,반도체과학기술학과,반도체공정실험 2,4,1학기,3,2,2,전공선택,"화합물계 반도체 소자를 설계하고, 제작, 측정을 진행해 봄으로써 반도체 공정 실무 능력을 배양시키고자 함한 학기 동안 팀별로 화합물 반도체 소자를 선정하여 제작, 측정, 평가함소자종류: Schottky diode, LED, HFET",나노집적회로 공정기술(윤영섭),,,,True,True,True,False,False,True,target_department_and_target_course,0.25
51897,2022,전북대학교,자연과학대학,반도체과학기술학과,반도체재료성장,3,1학기,3,3,0,전공선택,"This course covers how solar cells convert light into electricity, how solar cells are manufactured, how solar cells are evaluated, what technologies are currently on the market, and how to evaluate the risk and potential of existing and emerging solar cell technologies. We examine the potential & drawbacks of currently manufactured technologies (singleand multicrystalline silicon, micromorph tandem cells, CdTe, CIGS, CPV, PVT), as well as precommercial technologies (organics, biomimetic, organic/inorganic hybrid, and nanostructurebased solar cells).",HighEfficiency LowCost Photovoltaics,,,,True,True,False,False,False,True,target_department_and_target_course,0.25
51899,2022,전북대학교,자연과학대학,반도체과학기술학과,반도체연구특론 1,4,1학기,3,0,6,전공선택,디지털의 개념에 대한 온전한 이해를 통하여 디바이스와 시스템의 계층구조를 이해하고 디지털 회로를 설계하는 능력을 배양한다.디지털 회로설계 및 응용력 향상에 목표를 둔다.,Digital Design (M. M. Mano),,M. M. Mano (Computer engineering hardware design)Mano & Kime (Logic and computer design fundamentals),,True,True,False,False,False,True,target_department_and_target_course,0.16666666666666666
51901,2022,전북대학교,자연과학대학,반도체과학기술학과,메모리반도체,4,2학기,3,3,0,전공선택,반도체 물성에 대한 원천적인 이해.메모리 소자의 정의에 대한 고찰.DRAM 과 NAND Flash 메모리의 동작 원리에 대한 이해.,교수 준비,,교수 준비,물리전자. 디지털공학. 전자회로. 반도체공학.,True,True,False,False,False,True,target_department_and_target_course,0.08333333333333333
51902,2022,전북대학교,자연과학대학,반도체과학기술학과,반도체재료학개론,2,1학기,3,3,0,전공선택,"태양광을 포괄하는 반도체 산업의 기초가 되는 재료의 구조, 특성 및 응용에 대해 학습한다.특히 금속/세라믹/고분자 3대 재료에 대한 체계적인 학습을 목표로 한다.","Materials Science and Engineering an Introduction by William D. Callister, Jr.",,,,True,True,False,False,False,True,target_department_and_target_course,0.25
51903,2022,전북대학교,자연과학대학,반도체과학기술학과,반도체소자 1,2,2학기,3,3,0,전공필수,"반도체 기초이론, 반도체 소자 동작원리등을 다루어 급변하는 반도체 소자 기술의 발전에 대처 할 수 있는 기본 지식을 함양에 목적이 있다.","반도체 소자 공학(Semiconductor Device Fundamentals, Robert F. Pierret , Addison Wesley)",,"1. Modern Semiconductor device physics, S. M. SZE. Wiley2. Electronic device, Floyd, Prenticehall",,True,True,False,False,False,True,target_department_and_target_course,0.16666666666666666
52534,2022,전북대학교,자연과학대학,통계학과,통계데이터베이스,3,1학기,3,3,0,전공필수,Database의 기본 개념을 이해한다Database를 생성하고 활용할 수 있는 능력을 기른다실습을 위하여 R 패키지 활용능력을 배양한다,강의 노트,,,,False,True,True,True,False,True,strong_ai_cs_course_outside_target_department,0.25
52544,2022,전북대학교,자연과학대학,통계학과,기계학습,3,2학기,3,3,0,전공필수,"통계적 기계학습의 기본적인 개념, 이를 위한 모형 및 알고리즘, 평가 및 응용 등에 대하여 다룬다. 지도 및 비지도 학습 방법론 들을 이해하고 실제 빅데이터에 적용할 수 있는 능력을 기르는 것을 목표로 한다. 분석도구로는 R과 python을 함께 이용한다.",An Introduction to Statistical Learning : with Application in R (2nd edition),,https://www.statlearning.com/에서 위 교재의 freeebook 및 기타자료들을 다운로드 받을 수 있음. (2nd edition이 출판되면 주교재가 바뀔 수 있음),"R입문, 회귀분석, 수리통계학",False,True,False,True,False,True,strong_ai_cs_course_outside_target_department,0.08333333333333333
52604,2022,전북대학교,자연과학대학,통계학과,빅데이터개론,2,2학기,3,3,0,전공선택,"데이터 정리, 탐색, 추론으로 이어지는 데이터 분석의 합리적인 절차와 올바른 결과의 해석에 대하여 배우는 것을 목표로 한다. 자료의 형태 이해에 따른 수리적인 요약방법, 시각화방법에 대해 습득하고, 추론에 대한 기본 개념을 배운다. 상관관계를 이해하고 선형회귀모형 등 모델링의 기초 개념에 대해 간단히 다룬다. 학습한 개념 및 방법들을 파이썬을 이용하여 실제 데이터에 적용해 본다.",강의 노트 : https://uosbigdata.github.io/bigdatabook/intro.html,,"1) Tintle, Chance, Cobb, Rossman, Roy, Swanon, and VanderStoep (2016) Introduction to statistical investigations. 2) Sarmento and Costa (2017) Comparative approaches to using R and Python for statistical data analysis. 3) Diez, CetinkayaRundel, and Barr (2019) OpenIntro Statistics",,False,True,False,True,False,True,strong_ai_cs_course_outside_target_department,0.16666666666666666
52951,2022,전북대학교,자연과학대학,생명과학부(분자생물학),딥러닝과신약개발,4,1학기,3,3,0,전공선택,"신약개발은 수십만개의 화합물 중에서 질환 개선 효과가 있는 화합물을 발굴하는 과정입니다. 유전자와 화합물 정보 축적됨에 따라 이 정보를 전산학적 방법으로 분석하여 신약을 효율적으로 개발할 수 있습니다. 특히, 최근 비약적을 발전한 딥러닝방법을 신약 개발 과정에 적용하여 효율적으로 신약을 개발하려는 시도가 활발히 이루어지고 있습니다. 이 수업에서 학생은 신약개발의 다양한 과정에서 딥러닝 및 전산학적 기술이 어떻게 활용되는지 학습하며, 이를 통해 전산학적 신약 개발 능력을 갖춥니다.",강의노트,,,,False,True,False,True,True,True,strong_ai_cs_course_outside_target_department,0.25
53340,2022,전북대학교,글로벌융합대학,국제인문사회학부(지미카터국제협력),Special Topics in Global Affairs : International Development,4,1학기,3,3,0,전공선택,"This course aims to understand the relations between economic advancement and transformation of society. As international developed theories and practices have focused on the material progress of the most worsed off people across world, more and more people escaped from the precarious life situation. Many poor people, however, are still experiencing unsatifactory marginalization and exclusions in many parts of societies and seeking the opportunities to live secured and dignified life. The course will explore the different views and theories of development as well as their assumptions underlying them.","International Development, London: Routledge",,"Friedman, Thomas. 1999. The Lexus and Olive Tree. New York: Anchor Books. Stiglitz, Joseph. 2006. Making Globalization Work. New York: W. W. Norton & Co. Wichterich, Christina. 2000. The Globalized Woman: Reports from a Future of Inequality. trans. Patrik Camiller. North Melbourne: Spinifex Press.Frey, Bruno S. 2008. Happines: A Revolution in Economics. Cambridge: MIT Press. Davis, Mark. 2006. Planet of Slums. London: Verso.Moyo, Dambisa. 2009. Dead Aid: why aid is not working and how there is a better way for Africa. London: Penguin Books.",Introduction to International Development,False,True,False,True,True,True,strong_ai_cs_course_outside_target_department,0.08333333333333333
53393,2022,전북대학교,글로벌융합대학,국제이공학부(엔지니어링사이언스),인공지능,4,1학기,3,3,0,전공선택,"This course provides a broad introduction to Artificial intelligence, machine learning, and deep learning. Topics include: Supervised learning (parametric/nonparametric algorithms, support vector machines, kernels, neural networks). Unsupervised learning (clustering, dimensionality reduction, recommender systems, deep learning). Deep learning (Convolution neural network, recurrent neural network, autoencoder, generative models)",Deep learning,,,,False,True,False,True,False,True,strong_ai_cs_course_outside_target_department,0.25
53433,2022,전북대학교,글로벌융합대학,국제이공학부(엔지니어링사이언스),알고리즘개론,3,1학기,3,3,0,전공필수,"This course focuses on elementary data structures, sorting, and searching. Topics include unionfind, binary search, stacks, queues, bags, insertion sort, selection sort, shellsort, quicksort, 3way quicksort, mergesort, heapsort, binary heaps, binary search trees, redblack trees, separatechaining and linearprobing hash tables, Graham scan, and kdtrees.Also, it focuses on graph and stringprocessing algorithms. Topics include depthfirst search, breadthfirst search, topological sort, KosarajuSharir, Kruskal, Prim, Dijkistra, BellmanFord, FordFulkerson, LSD radix sort, MSD radix sort, 3way radix quicksort, multiway tries, ternary search tries, KnuthMorrisPratt, BoyerMoore, RabinKarp, regular expression matching, runlength coding, Huffman coding, LZW compression, and the BurrowsWheeler transform.","Algorithms, 4th Edition",,,,False,True,False,True,False,True,strong_ai_cs_course_outside_target_department,0.25
53466,2022,전북대학교,글로벌융합대학,융합학부(IAB융합),알고리즘,4,1학기,3,3,0,전공선택,본 과목은 문제해결을위한 알고리즘을 설계하고 알고리즘을 구현할 수 있는 방법을 공부한다.,C 로 쓴 자료구조론,,,자료구조,False,True,False,True,False,True,strong_ai_cs_course_outside_target_department,0.16666666666666666
53472,2022,전북대학교,글로벌융합대학,융합학부(IAB융합),클라우드컴퓨팅개론및인공지능기초실습,전학년,1학기,3,2,2,전공필수,1. IAB의 기반 기술인 클라우드 컴퓨팅 기술을 이해하고 활용하는 능력을 함양함. 2. 클라우드의 IAB 서비스 실습을 통해 클라우드 기반의 IAB 활용 능력을 함양함.3. PBL 방식의 교육 시도: 클라우드 기반 IAB 서비스 개발 팀별 프로젝트를 수행함.,아마존 웹서비스 AWS Discovery Book,,,,False,True,False,True,False,True,strong_ai_cs_course_outside_target_department,0.25
53478,2022,전북대학교,글로벌융합대학,융합학부(IAB융합),딥러닝,4,2학기,3,3,0,전공선택,1. 다양한 딥러닝 분석기법의 원리를 이해한다. 2. 파이토치 사용방법을 익힌다. * 회귀모형 등 딥러닝에 필요한 최소한의 통계학은 리뷰함. * 파이썬 기본문법은 리뷰하지 않음.,강의노트,,2021년 빅데이터분석 강의노트: https://guebin.github.io/BDA2021 // (본 수업은 2021년 빅데이터분석수업과 유사한 컨텐츠로 진행할 예정임),파이썬입문,False,True,False,True,False,True,strong_ai_cs_course_outside_target_department,0.08333333333333333
53502,2022,전북대학교,글로벌융합대학,융합학부(에너지신산업),AI기반에너지안전공학,3,2학기,3,3,0,전공선택,"○ 본 교과목에서는 인공지능기법을 활용한 에너지 분야의 안전관리 개념을 이론수업과 실습을 통해 학습한다.1. 안전의 원리, 안전관리의 원칙, 기업경영과 안전관리의 기본 개념과 시스템 안전의 이론적 개념을 학습한다2. 에너지 수송시스템의 구성요소와 위험 발생요소에 대해 학습하고, 위험 예측을 위한 인공지능 기법의 적용방법에 대해 실습한다.3. 풍력터빈 구조와 인공지능을 이용한 터빈 잔존수명 예측 실습을 수행한다. 4. 에너지 인프라의 재난재해 피해의 원격평가를 위한 드론측량과 3차원 모델링 기법에 대해 학습하고, AI 학습자료를 만드는 과정을 실습한다.5. 딥러닝 기반의 송전 인프라 모니터링 기법에 대하여 학습하고, 에너지 수요와 공급을 예측하기 위한 딥러닝 모델 개발과정을 실습한다.",강의 노트,,"시스템안전공학(형설출판사), 산업안전관리론(한경사)","유체역학/동역학/열역학 및 그에 상응하는 교과목 (권장), AI기반 학습 관련 교과목",False,True,False,True,False,True,strong_ai_cs_course_outside_target_department,0.08333333333333333
57861,2022,충남대학교,경상대학,무역학과,무역 빅데이터분석 기초,3,1학기,3,3,0,전공(심화),"데이터 분석, 코딩 등을 접하기 어려웠던 무역학과 학생들에게 데이터 분석 및 코딩에 대한 막연한 두려움을 없애고 흥미를 유발하는 것을 목표로 함또한 데이터 분석 및 코딩의 기초를 학습함으로써 향후 심화 강의를 수강하는 데 필요한 기초를 제공하는 것을 목표로 함데이터 분석, 코딩 등을 필요로 하는 분야로 진출하기 위한 기본소양을 갖추는 것을 목표로 함",추후 안내 예정,,,없음,False,True,False,True,False,True,strong_ai_cs_course_outside_target_department,0.16666666666666666
57862,2022,충남대학교,경상대학,무역학과,무역 빅데이터분석 심화,3,2학기,3,3,0,전공(심화),"R 소프트웨어 이용 경험이 있는 수강생들을 대상으로 보다 심도있는 R 사용법을 소개 특히, 경제 자료 분석에 기초가 되는 데이터 전처리 작업을 R을 이용하여 진행하는 것을 실습하여 향후 실제 문제 해결 능력을 배양하는 것을 골자로 함. 이를 통해 학생들이 코딩을 통한 데이터 마이닝 기술을 요구하는 데이터 사이언스 및 데이터 애널리스트 업종으로 진출할 수 있도록 돕는 것이 목적임","주교재Jaynal Abedin(2014), ""Data Manipulation with R""부교재 경제 빅데이터 분석을 위한 R. 지필미디어, 우석진 지음",,,무역 빅데이터분석 기초,False,True,False,True,False,True,strong_ai_cs_course_outside_target_department,0.16666666666666666
58116,2022,충남대학교,공과대학,선박해양공학과,조선공학을 위한 인공지능,3,1학기,3,3,0,전공(심화),기계학습과 친숙해 지고 이를 활용하여 앞으로 문제 해결 능력에 기계학습을 부담없이 고려할 수 있는 능력을 함양한다.,자체 개발한 CoLab 코드,,"Deep Learning with Python, Francois Chellet,","컴퓨터 프로그래밍 1,2",False,True,False,True,False,True,strong_ai_cs_course_outside_target_department,0.08333333333333333
58125,2022,충남대학교,공과대학,선박해양공학과,조선공학도를 위한 인공지능 프로그래밍,1,1학기,3,3,0,전공,"By the time you finish, you'll have the knowledge and handson skills to apply deep learning in your own projects.","Deep Learning with Python, Francois Chellet,",,강사 제작 Colab 코드 및 문서,Nothing Special.,False,True,False,True,False,True,strong_ai_cs_course_outside_target_department,0.08333333333333333
58140,2022,충남대학교,공과대학,기계공학과,기계학습,1,1학기,3,3,0,전공,"인공지능 구현도구인 기계학습에 대한 기본 개념과 주요 학습 방법론들을 이해하고, 연구에 적용 가능성을 검토하는 것을 목표로 한다.","기계학습, 오일석, 한빛아카데미(교재 구매가 필수는 아님)강의 slide 제공",,,해당없음.,False,True,False,True,True,True,strong_ai_cs_course_outside_target_department,0.16666666666666666
58199,2022,충남대학교,공과대학,전기공학과,창의설계입문,1,1학기,2,1,2,전공(핵심),"공학설계 능력에 필수적인 창의적 사고, 팀활동, 의사소통, 창의적 사고기법 등을 이해하고 활용하여 제시된 공학설계 과제 해결 능력을 증진시킨다.","창의적 공학설계(Training How To Think Creatively, 김은경 지음, 한빛아카데미)<참고문헌>창의공학설계입문(GS 인터비젼, 홍현필, 송수석, 박성균)팀별 작품의 설계, 제작, 평가, 발표 및 관련 교과목 자료집(포트폴리오) 작성",,,,True,False,True,False,False,True,target_department_and_foundational_course,0.25
58200,2022,충남대학교,공과대학,전기공학과,선형대수,1,2학기,2,1,2,전공(핵심),1. 연립일차방정식의 풀이에 대한 알고리즘을 이해하고 적용하여 해를 구할 수 있다.2. 행렬과 행렬식에 대한 여러가지 성질을 이해하고 응용할 수 있다.3. 벡터공간과 벡터공간사이의 선형변환을 이해하고 응용할 수 있다.4. 유클리드 내적과 그 성질을 이해하고 직교 사영을 이해한다.5. 행렬의 고유값과 고유벡터을 이해하고 응용할 수 있다.,"교재 : 선형대수학, 강병련, 오세권 지음, 궁미디어(교재는 선형대수학 홈페이지에서 pdf 파일 다운로드하여 사용할 수 있음)참고문헌 : 선형대수학과 응용 8판 (Linear Algebra with Application), 이재진 외 역, 한티미디어 선형대수학 express, 김대수",,,중등교육과정의 수학,True,False,True,False,False,True,target_department_and_foundational_course,0.16666666666666666
58205,2022,충남대학교,공과대학,전기공학과,전기기초 설계 및 실험,2,2학기,2,1,3,전공(심화),회로이론 및 전자기학의 기초이론을 실험을 통해 습득,<참고문헌>예비보고서/결과보고서,,,"회로이론I, 전자기학I",True,False,True,False,False,True,target_department_and_foundational_course,0.16666666666666666
58207,2022,충남대학교,공과대학,전기공학과,전기회로1,2,1학기,3,3,0,전공(핵심),"전기회로의 기본개념 및 여러 소자를 토대로 직류회로를 구성하고 이를 해석하는 기법을 배움. 1. 전기회로를 구성하는 소자인 저항, 커패시터, 인덕터를 배우며, 이를 토대로 직류회로를 구성함.2. 구성된 직류회로의 해석을 위한 폐로 및 마디해석법, 테브넹 및 노턴해석법을 배움3. 연산증폭기 및 1,2차 과도 회로의 응답특성을 배움","J. David Irwin & R. Mark Nelms, ""Engineering Circuit Analysis"" 11th Edition (번역본 : 안현식 외 5인 공역, ""회로이론"" 11판)",,"Alexander , Matthew N. O. Sadiku, ""Fundamentals of Electric Circuits"" 5th EditionHayt , Jack E. Kemmerly, Steven M. Durbin, ""Engineering Circuit Analysis"", 8th EditionJames W. Nilsson , Susan A. Riedel, ""Electric Circuits"", 10th Edition","공학수학, 미분적분학",True,True,False,False,False,True,target_department_and_target_course,0.08333333333333333
58208,2022,충남대학교,공과대학,전기공학과,디지털시스템,2,1학기,3,3,0,전공(심화),"1. 디지털 시스템의 개념을 이해한다.2. 디지털 연산 및 논리에 대하여 이해한다.3. 플리플롭, 카운터 등의 동작을 이해하고, 디지털 회로 설계에 적용할 수 있다.","교재 : Thomas L. Floyd, Digital Fundamentals(11th Editions), Pearson참고문헌 : Roth Kinney, Fundamentals of Logic Design",,,수학,True,True,False,False,False,True,target_department_and_target_course,0.16666666666666666
58210,2022,충남대학교,공과대학,전기공학과,전기회로2,2,2학기,3,3,0,전공(핵심),전기회로2에서는 전기회로1에서 이수하였던 기본이론 및 DC해석을 바탕으로 AC해석 및 응용된 해석기법을 공부함,"<주교재>J. David Irwin & R. Mark Nelms, ""Engineering Circuit Analysis"" 11th Edition (번역본 : 안현식 외 5인 공역, ""회로이론"" 11판)<참고문헌>Alexander , Matthew N. O. Sadiku, ""Fundamentals of Electric Circuits"" 5th EditionHayt , Jack E. Kemmerly, Steven M. Durbin, ""Engineering Circuit Analysis"", 8th EditionJames W. Nilsson , Susan A. Riedel, ""Electric Circuits"", 10th Edition",,,"전기회로1, 공학수학, 미분적분학",True,True,False,False,False,True,target_department_and_target_course,0.16666666666666666
58211,2022,충남대학교,공과대학,전기공학과,전자회로1,2,2학기,3,3,0,전공(핵심),"전자회로를 구성하는 기본소자인 연산증폭기, 다이오드, 트랜지스터(BJT, MOSFET)의 구성, 동작 원리 및 등가회로를 이해하고 소자들의 실제 활용 방안과 대표 응용 회로를 습득하며, 소자들이 결합된 전자회로에 대한 분석을 통한 설계 기본 능력 배양한다.","Sedra and Smith, Microelectronic Circuits, 8th edition, Oxford",,,전기회로 1,True,True,False,False,False,True,target_department_and_target_course,0.16666666666666666
58213,2022,충남대학교,공과대학,전기공학과,수치해석,3,1학기,3,3,0,전공(심화),전기공학에 사용되는 수치해석 기법을 Matlab으로 구현할 수 있는 역량 개발,"Jaan Kiusalaas, ""Numerical Methods in Engineering with Matlab, Second Edition"", Cambridge University Press",,,"공학수학 1, 2 / 선형대수학 (해당 세과목을 제대로 수강하지 않은 학생들은 수강신청하지 않을 것을 권장함)",True,False,True,False,False,True,target_department_and_foundational_course,0.16666666666666666
58214,2022,충남대학교,공과대학,전기공학과,기기.전력전자실험,3,1학기,2,0,4,전공(심화),"실험을 통한 전기기기 및 전력전자 장치 특성 과 동작원리를 이해하고 및 실험, 계측, 분석, 보고서 작성 능력을 습득한다.",기기 및 전력전자 실험 (충남대 전기공학과),,,전기기초실험,True,False,True,False,False,True,target_department_and_foundational_course,0.16666666666666666
58218,2022,충남대학교,공과대학,전기공학과,제어공학개론,3,1학기,3,3,0,전공(핵심),"Dynamic System을 이해한다. 이를 기초로 Continuoustime systems에 대한 고전적 자동제어기법 이해.Modeling : transfer function, block diagram, signal flow graph, differential state equation and output equation.Analysis : Transient and steadystate performance,Root Locus Nyquist, Bode plots. System design: PID controller, and leadlag compensators, pole placement via state feedback, stability margins in Nyquist and Bode plots.Design exercises : MATLAB, LabView","<Text Book>Norman S. Nise, Control Systems Engineering, 7th Edition<Reference>Gene F. Franklin, J. David Powell, and Abbas EmamiNaeini. Feedback Control of Dynamic Systems., PrenticeHall.",,,"공학수학 1, 회로이론1",True,True,False,False,False,True,target_department_and_target_course,0.16666666666666666
58219,2022,충남대학교,공과대학,전기공학과,전자회로2,3,1학기,3,3,0,전공(심화),"스마트그리드용 전력기기에 사용되는 아날로그 회로와 IC 증폭기의 구성, 동작원리, 주파수응답, 피드백방법에 의한 학습을 바탕으로 아날로그 회로의 원리 및 해석, 응용 전자회로의 원리 및 동작특성을 이해한다.","Sedra and Smith, Microelectronic Circuits, eighth edition, Oxford",,,"전기회로 1, 전자회로 1",True,True,False,False,False,True,target_department_and_target_course,0.16666666666666666
58220,2022,충남대학교,공과대학,전기공학과,현대제어이론및설계,3,2학기,3,3,0,전공(심화),"주파수영역에서 시스템을 해석하고 설계한다.Bode Plot을 활용한다.Nyquist Plot을 활용한다.State Space Modeling을 이해하고 controllability, observability를 이해한다.","교재Norman S. Nise, Control Systems Engineering, 6th Ed., Wiley참고Gene F. Franklin, J. David Powell, and Abbas EmamiNaeini. Feedback Control of Dynamic Systems., PrenticeHall.",,,제어공학개론,True,False,True,False,False,True,target_department_and_foundational_course,0.16666666666666666
58222,2022,충남대학교,공과대학,전기공학과,전기설비이론및설계,3,1학기,3,3,0,전공(심화),"전기 관련법규와 각종 전기설비설계에 필요한 사항들을 습득하고 이를 바탕으로 공학적 문제해결능력, 현장적응능력 및 창의적 시스템설계능력을 배양한다. 더 나아가서, 공학자로서의 사고 및 창의성을 증진시킬 수 있는 방향으로 이끌고자 한다.","자체교재최신전기설비설계, 문운당",,,"전자기학1, 전기회로1",True,False,True,False,False,True,target_department_and_foundational_course,0.16666666666666666
58223,2022,충남대학교,공과대학,전기공학과,센서와계측공학,3,1학기,3,3,0,전공(심화),"힘, 속도, 온도, 전압, 전력 등의 물리량을 전기 및 자기 신호로 변환하는 센서의 원리로부터, 센서로 받아들인 물리량에 관한 신호를 다루기 쉽도록 변환하는 아날로그 기술, 모니터링 기술까지를 강의하며 설계 프로젝트로 실제 센서 계측 시스템을 설계, 제작, 발표한다.","센서전자공학, 민남기 저, 동일출판사",,,"전기회로1, 전자기학1, 전자회로 1",True,True,False,False,False,True,target_department_and_target_course,0.16666666666666666
58225,2022,충남대학교,공과대학,전기공학과,전기기기설계,3,2학기,3,3,0,전공(심화),전기기의 기본원리로부터 주어진 용량에 부합하는 전기기기를 설계할 수 있는 능력을 배양한다.,"자체개발교재<참고문헌>CAE의 정석 Ansys Maxwell 활용 고급 Tips, 태성S&E",,,"전기기기, 전자기학, 전기회로",True,False,True,False,False,True,target_department_and_foundational_course,0.16666666666666666
58237,2022,충남대학교,공과대학,전기공학과,EMI/EMC 설계 및 해석,1,1학기,3,3,0,전공,"EM fundamentalsTransmission Line Differential Line Theory and SignalingCrosstalkJitter and Clock DistributionsDecoupling, EMC Filter DesignPower/Ground Network DesignGround and Return Current PathAntenna TheoryShielding, ApertureAutomotive EMC","Paul R. Clayton, Introduction to Electromagnetic Compatibility, WileyH. W. Ott, Electromagnetic Compatibility Engineering, WileyBrice Archambeault, PCB Design for Real World EMI Control, Kluwer Academic PublishersTrence Rybak, Automotive Electromagnetic Compatibility, Kluwer Academic Publisheres",,,학부 전자기학 2,True,False,True,False,False,True,target_department_and_foundational_course,0.16666666666666666
58241,2022,충남대학교,공과대학,전기공학과,전동기구동시스템설계,1,1학기,3,3,0,전공,전동기 구동 시스템에 대하여 각 요소별 역할 및 설계 방법에 대하여 설명할 수 있다.,"설 승기, 전기기제어론개정증보판, 2016, 홍릉과학출판사“Control of Electric Machine Drive Systems”, by Prof. SeungKi Sul, IEEE Wiley Publishing Co. ,2011모터제어, 김상훈",,,,True,False,True,False,False,True,target_department_and_foundational_course,0.25
58250,2022,충남대학교,공과대학,전자공학과,선형대수,1,2학기,3,3,0,전공(기초),"일차연립방정식의 풀이과정을 표현하는 선형대수의 기본 개념을 이해한다.행렬방정식, 벡터공간, 직교성, 행렬식, 선형변환 등을 이해한다.","Gilbert Strang, Introduction to Linear Algebra, International Ed., WellesleyCambridge Press,",,,없음.,True,False,True,False,False,True,target_department_and_foundational_course,0.16666666666666666
58251,2022,충남대학교,공과대학,전자공학과,창의적공학설계,1,1학기,3,2,2,전공(기초),"공학설계 능력에 필수적인 창의적 사고, 팀활동, 의사소통, 창의적 사고기법 등을 이해하고 활용하여 제시된 공학설계 과제 해결 능력을 증진시킨다.","창의적 공학설계 3판(Training How To Think Creatively), 김은경 지음, 한빛아카데미<참고문헌>창의공학설계입문(GS 인터비젼, 홍현필, 송수석, 박성균)팀별 작품의 설계, 제작, 평가, 발표 및 관련 교과목 자료집(포트폴리오) 작성",,,,True,False,True,False,False,True,target_department_and_foundational_course,0.25
58252,2022,충남대학교,공과대학,전자공학과,컴퓨터프로그래밍2,1,2학기,3,2,2,전공(기초),파이썬의 기본적인 문법 및 구현 절차에 대해 학습주어진 문제 해결을 위해 파이썬을 응용,"어서와 파이썬은 처음이지!, 인피티니북스, 천인국 지음, 2016",,,컴퓨터프로그래밍1,True,True,False,False,False,True,target_department_and_target_course,0.16666666666666666
58255,2022,충남대학교,공과대학,전자공학과,신호및시스템,2,2학기,3,3,0,전공(핵심),신호와 시스템의 특성을 이해하고 해석 기법의 숙지한다.,"교재 : Edward W. Kamen and Bonnie S. Heck, Fundamentals of Signals and and Systems using the WEB and MATLAB, 3rd Ed. PrenticeHall, 2009.참고문헌 :1. S. S. Soliman and M. D. Srinath, Continuous and Discrete Signal and Systems, 2nd Ed., PrenticeHall, 1998.2. 백준기, 조남익 공저, 신호와 시스템, 교보문고, 1997.3. 신윤기, 신호 그리고 시스템, 도서출판 인터비젼, 2000.",,,,True,True,False,False,False,True,target_department_and_target_course,0.25
58257,2022,충남대학교,공과대학,전자공학과,공학수학1,2,1학기,3,3,0,전공(기초),"전자공학의 여러분야에 대한 기본적인 수학 능력(미분방정식, 라플라스변환, 행렬 Eigenvalue 문제)을 함양시킨다.","Erwin Kreyszig, Advanced Engineering Mathematics, 10th Edition International Student Version, John Wiley and Sons, 10th Ed. 2011",,"1. D.G. Zill & M.R. Cullen, Calculus2. D.G. Zill and M. M.R. Cullen, Advanced Engineeeering Mathematics3. F.S. Hildebrant, Advanced Calculus for Applications4. M.R. Spiegel,(Schaum's Outline Series) Mathematical Handbook",미분적분학,True,False,True,False,False,True,target_department_and_foundational_course,0.08333333333333333
58258,2022,충남대학교,공과대학,전자공학과,공학수학2,2,2학기,3,3,0,전공(핵심),"공학적 연구 수행을 위해 필요한 수학적 개념 및 문제 해결 능력을 함양시키고 이를 바탕으로 자연적, 물리적 현상과 법칙에 대한 이해 및 수학적 해결 능력 배양(학습성과1, 3)과제물을 부여 할 수 있으며 04책임감과 참고 문헌 활용 등을 통해 자체 해결 능력을 배양하고, 보고서 부정행위 처벌 등을 통한 윤리적 책임감에 대한 인식을 강화(학습성과9)기초 과목에 대한 중요성을 인식시키고 전파공학에 대한 중요성, 발전방향에 대한 에세이 작성과 발표를 통해 평생교육의 필요성 교육 및 능동적 참여 유도(학습성과10)","1. E. Kreyszig, Advanced Engineering Mathematics",,,"수학 1, 2, 공학수학1",True,False,True,False,False,True,target_department_and_foundational_course,0.16666666666666666
58259,2022,충남대학교,공과대학,전자공학과,회로이론및실험1,2,1학기,3,2,2,전공(기초),전기 회로의 기본적인 회로소자의 특성과 이들로 이루어진 회로에 적용되는 회로 법칙을 이론과 실험을 병행하여 학습하므로써 회로를 해석할 수 있는 능력과 기본적인 기능을 가지는 회로를 설계할 수 있는 능력을 배양하는 것을 목표로 한다.,"James W. Nilsson and Susan A. Riedel, Electric Circuits, 11th Edition.기초회로실험<참고문헌>",,,"물리학의 기본적인 전자기 이론, 미적분, 삼각함수, 복소수 계산",True,True,True,False,False,True,target_department_and_target_course,0.16666666666666666
58260,2022,충남대학교,공과대학,전자공학과,회로이론및실험2,2,2학기,3,2,2,전공(핵심),"회로이론및실험1에서 학습한 내용을 바탕으로 Phasor, Laplace 변환을 이용한 회로해석 방법을 배운다. 또한 회로의 주파수 특성을 분석할 수 있도록 하며, 기본적인 주파수 필터를 설계할 수 있는 능력의 배양을 목표로 한다.","James W. Nilsson and Susan A. Riedel, Electric Circuits, Ninth Edition.기초회로실험",,,회로이론및실험1,True,True,True,False,False,True,target_department_and_target_course,0.16666666666666666
58261,2022,충남대학교,공과대학,전자공학과,확률및랜덤변수,2,1학기,3,3,0,전공(기초),"확률 및 랜덤 변수, 랜덤 프로세스, 통계적 추정에 대한 기본 개념 및 응용에 대해서 배운다.또한 학습한 이론을 실제 프로그래밍을 통해 구현해 본다.","R. D. Yates, D. J. Goodman, Probability and Stochastic Processes, 3rd Edition, Wiley, 2014.",,,"미적분학 1,2",True,False,True,False,False,True,target_department_and_foundational_course,0.16666666666666666
58262,2022,충남대학교,공과대학,전자공학과,디지털논리회로,2,1학기,3,3,0,전공(핵심),"논리회로, 나아가 디지털 시스템의 해석 및 설계에 필요한 기본 원리와 이론을 학습한다.기본적인 논리회로 및 조합회로, 순차회로에 대해서 학습한다.","Floyd, Thomas L. Digital Fundamentals, 11/e. Pearson Education India, 2015.",,,없음,True,True,False,False,False,True,target_department_and_target_course,0.16666666666666666
58263,2022,충남대학교,공과대학,전자공학과,컴퓨터구조,2,2학기,3,3,0,전공(핵심),컴퓨터의 소프트웨어와 하드웨어적 구동 원리를 이해한다. 소프트웨어 관점에서 명령어 변환 과정을 이해한다.하드웨어 관점에서 주어진 명령어에 대한 동작 원리를 이해한다.,"David Patterson and John Hennessy, ""Computer Organization and Design The Hardware / Software Interface,""",,,논리 회로 및 실험,True,True,False,True,False,True,target_department_and_target_course,0.16666666666666666
58264,2022,충남대학교,공과대학,전자공학과,자료구조및알고리즘,2,1학기,3,3,0,전공(핵심),"자료구조 및 알고리즘을 이론적으로 이해하고, 실습을 통하여 문제 해결 방법을 배운다.","파이썬과 함께하는 자료구조의 이해, 생능출판.",,,"컴퓨터프로그래밍1,2",True,True,False,True,False,True,target_department_and_target_course,0.16666666666666666
58265,2022,충남대학교,공과대학,전자공학과,자동제어,3,1학기,3,3,0,전공(핵심),"자동제어의 개념을 이해하고, 제어시스템 해석과 설계를 위한 물리시스템의 수학적모델, 전달함수, 주파수 특성, 제어시스템의 안정성, 근궤적법의 해석기법 및 고전적 제어기의 설계기법을 익히도록 한다","교재: Gene F. Franklin, J. D. Powell and EmamiNaeini and EmamiNaeini, Feedback Control of Dynamic Systems, Pearson International Education International, PrenticeHall, 8th Ed., Global Edition, 2010참고문헌:1. F. Golnaraghi and B. C. Kuo. Automatic Control Systems, 9th Ed.2. Norman S. Nice, Control Systems Engineering, 5th Ed.3. Stefani, Shakian and Hostetter, Design of Feedback Control Systems, 3rd Ed.4. C. L. Phillips and R. D. Harbor, Feedback Control Systems, 3rd Ed.",,,"신호 및 시스템, 공학수학",True,True,False,False,False,True,target_department_and_target_course,0.16666666666666666
58266,2022,충남대학교,공과대학,전자공학과,반도체공학,3,2학기,3,3,0,전공(심화),반도체 소자의 고성능화와 집적화로 최근 트랜지스터의 채널 길이는 Sub 0.1um급으로 급속하게 감소되고 있다. 이에 본 강의에서는 반도체를 제작하기 위한 일반적인 단위 공정 및 종합 공정을 이해하기 위한 심도있는 내용을 다룸으로써 최신의 공정 기술 이해 및 응용 능력을 배양하고자 한다.,Introduction to Micro Fabrication @ Wiley Sami Franssila* 본 학기에는 SK하이닉스에서 제공하고 반도체 관련 비대면 강의와 연계하여 수업이 진행될 예정으로 교재 및 평가방법이 추가 및 변경될 수 있습니다.,,,"물리전자, 반도체소자",True,True,False,False,False,True,target_department_and_target_course,0.16666666666666666
58267,2022,충남대학교,공과대학,전자공학과,전자회로 2,3,2학기,3,3,0,전공(심화),증폭기 설계에 필요한 여러 회로들의 동작원리에 대해 이해한다.회로의 주파수 응답에 대해 이해한다.Feedback 회로에 대해 이해한다.상기 회로들에 대한 이해를 바탕으로 아날로그 증폭기 회로를 설계한다.,"교재: Microelectronic Circuits, 7th Ed. Sedra and Smith참고문헌: Microelectronics, 2nd Ed. B. Razavi",,,"회로이론 및 실험 1,2전자회로 1",True,True,False,False,False,True,target_department_and_target_course,0.16666666666666666
58268,2022,충남대학교,공과대학,전자공학과,전자회로 1,3,1학기,3,3,0,전공(핵심),"아날로그 전자회로를 해석하고 설계할 수 있는 능력을 습득한다.이 과목에서는 operational amplifier의 이상적/비이상적 특성과 응용회로를 배우고, 반도체 소자 (Diode, MOSFET, BJT)의 동작특성과 대신호 모델과 소신호 모델을 배운다. 이후, 반도체 소자들로 구성된 기본 회로 (Rectifier, Limiter, Clamping circuit, Common emitter/base/collector circuit, common source/gate/drain circui) 들의 구조와 동작점 해석, 소신호 해석을 배우며, 회로의 기능을 이해한다.","""Microelectronic Circuits"", 7th Ed., Sedra and Smith, Oxford University Press, 2016.",,,회로해석 및 실험 1/2,True,True,False,False,False,True,target_department_and_target_course,0.16666666666666666
58269,2022,충남대학교,공과대학,전자공학과,디지탈통신,3,2학기,3,3,0,전공(심화),디지털통신 신호에 대한 이해를 바탕으로 통신환경에 따라 적절한 통신 방식을 선택할 수 있는 기초 지식을 쌓도록 한다.,"J. G. Proakis and M. Salehi, Fundamentals of Communication Systems, 2nd Edition, Pearson.",,,신호 및 시스템통신이론,True,True,False,False,False,True,target_department_and_target_course,0.16666666666666666
58270,2022,충남대학교,공과대학,전자공학과,통신이론,3,1학기,3,3,0,전공(핵심),"통신의 기초가 되는 변조, 복조의 종류와 장단점 등을 알아보고, 구현하는 방법, 성능을 평가하는 방법을 학습한다. 그리고 랜덤 변수와 랜덤 프로세스에 대해 학습하고 통신 시스템에서 잡음을 모델링하는 기법을 학습한다. 이를 바탕으로 변화하는 통신기술에 적응할 수 있는 능력을 배양한다.","Fundamentals of Communication Systems, 2nd Edition, John G. Proakis and Masoud Salehi, Pearson Education Limited, 2014.또는 통신 시스템의 기초, 제 2판, 이일근외 6인 옮김, 퍼스트북 출판사, 2015년.",,,신호및시스템,True,True,False,False,False,True,target_department_and_target_course,0.16666666666666666
58272,2022,충남대학교,공과대학,전자공학과,반도체소자,3,1학기,3,3,0,전공(핵심),"선수과목인 물리전자 과목에서 습득한 반도체의 구조, 전하의 움직임 등의 반도체 물성에 대한 지식을 기반으로 Diode, Bipolar Transistor, MOSFET 등의 반도체 소자의 기본 동작을 이해함.","Basic Principles of Semiconductor Physics and Devices, 4th Edition Donald A. Neamen, McGrawHill<참고문헌>교과서 문제풀이",,,물리전자,True,True,False,False,False,True,target_department_and_target_course,0.16666666666666666
58274,2022,충남대학교,공과대학,전자공학과,디지털시스템,3,1학기,3,3,0,전공(핵심),CPU의 HW와 SW적 구동 원리를 이해한다. 디지털 시스템 구현 및 성능 분석을 진행한다.,"David Patterson and John Hennessy, ""Computer Organization and Design The Hardware / Software Interface,""",,,논리 회로 및 실험,True,True,False,False,False,True,target_department_and_target_course,0.16666666666666666
58275,2022,충남대학교,공과대학,전자공학과,초고주파회로,3,2학기,3,3,0,전공(심화),* 맥스웰 방정식으로 부터 전송로와 도파관의 해석능력과 초고주파 회로의 해석 능력을 숙지시켜 이로부터 여러가지 중요한 초고주파회로를 주어진 사양에 따라 설계 할 수 능력을 함양시키는 데 그 목표가 있다.,"1. D. M. Pozar , Microwave Engineering, 3rd Edition .2005.<참고문헌>1. 교재 각장 연습문제 풀이.2. 초고주파 회로 설계과제1,2.",,,전기자기학2,True,True,False,False,False,True,target_department_and_target_course,0.16666666666666666
58277,2022,충남대학교,공과대학,전자공학과,마이크로프로세서응용설계,3,2학기,3,2,2,전공(심화),"마이크로프로세서를 이용한 작품을 구상하고, 설계 및 제작까지의 일련의 과정을 수행해 봄으로써 임베디드 시스템을 다룰 수 있는 실무 능력을 기른다.","'마이크로컨트롤러 ATmega128 DIY 여행' 신상석외 2인저, 2018, 창조와 지식.",,,C 프로그래밍,True,True,True,False,False,True,target_department_and_target_course,0.16666666666666666
58278,2022,충남대학교,공과대학,전자공학과,전자공학실험,3,2학기,3,0,6,전공(심화),"전자회로 교과목에서 배운 여러 가지 전자회로들을 실험을 통해 기본원리를 확인하고 이해한다.또한, 회로이론 및 전자회로 등의 교과목 지식을 바탕으로 하여 여러가지 전자회로에 관련된 실험을 수행하고 분석하여, 각종 전자 회로의 응용에 능동적으로 대처할 수 있게 하는 능력을 갖추는데 그 목적이 있다.","IT CookBook, 단계별로 배우는 전자회로 실험 : 기본 소자부터 응용 회로까지 (이강윤, 한빛아카데미)https://www.hanbit.co.kr/academy/books/book_view.htmlp_code=B2320847505교재가 변경되었으므로 반드시 확인 바랍니다.",,,"회로이론1, 2, 전자회로1, 기초전자실험",True,False,True,False,False,True,target_department_and_foundational_course,0.16666666666666666
58279,2022,충남대학교,공과대학,전자공학과,디지털신호처리,4,1학기,3,3,0,전공(심화),"디지털 신호와 디지털 시스템의 특성을 이론적으로 이해하고, 실습을 통하여 디지털 신호처리의 기본 개념과 디지털 필터의 설계 방법을 배운다.","A. V. Oppenheim and R. W. Schafer, DiscreteTime Signal Processing, 3rd Ed., PrenticeHall, 2015.",,,신호 및 시스템,True,True,False,False,False,True,target_department_and_target_course,0.16666666666666666
58280,2022,충남대학교,공과대학,전자공학과,통신시스템,4,1학기,3,3,0,전공(심화),"장거리 유선 광전송시스템, 광가입자망 통신시스템, 무선통신 시스템, 위성통신 시스템 들의 주요 핵심 기술을 배우고, 설계 개념을 학습한다.","Introduction to wireless and mobile systems, 2nd ed., D.P. Agrawal and QingAn Zeng, Brooks/Cole, 2006참고문헌스마트 ICT시대의 광통신시스템공학, 장성권, 조한대, 진한엠앤비, 2011",,,"통신이론, 디지털통신",True,True,False,False,False,True,target_department_and_target_course,0.16666666666666666
58281,2022,충남대학교,공과대학,전자공학과,VLSI,4,1학기,3,3,0,전공(심화),VLSI 시스템에 대한 이해CMOS를 기반으로한 디지털 로직의 구현CMOS 디지털회로를 기반으로한 클럭생성 및 고속 송수신 회로 개념 이해,"강의 자료 및 Handout 제공(Optional) Hodges, Jackson, and Saleh. Analysis and Design of Digital Integrated Circuits, 3rd Ed., McGrawHill, 2004.",,,전자회로 / 논리 회로 및 실험 / (선택) 디지털 시스템,True,True,False,False,False,True,target_department_and_target_course,0.16666666666666666
58282,2022,충남대학교,공과대학,전자공학과,아날로그집적회로,4,2학기,3,3,0,전공(심화),"아날로그 집적회로의 해석 및 설계 방법에 대해 학습한다.핵심 요소인 operational transconductance amplifier (OTA) 회로에 대해 학습하고 OTA 설계 및 분석을 위한 방법에 대해 배운다.또한 current mirror, voltage reference, linear regulator와 같은 다양한 아날로그 회로 응용와 gm/ID methodology 등의 설계 방법론에 대해서도 다룬다.","자체 교재 및 Handout 제공참고문헌: Design of Analog CMOS Integrated Circuits, Behzad Razavi",,,"전자회로 1, 전자회로 2",True,True,False,False,False,True,target_department_and_target_course,0.16666666666666666
58283,2022,충남대학교,공과대학,전자공학과,종합설계1,4,1학기,3,0,6,전공(심화),학부 4학년 1학기와 2학기에 걸쳐 진행되는 종합적인 capstone design 과목으로 구체적인 수업목표는 다음과 같다.1. 전자공학심화과정에서 학습한 전공지식을 활용하여 특정 주제에 대해 기초설계를 진행함으로써 종합적 설계 능력을 확보한다. (특정주제의 선택은 본 수강과정의 지도교수와 상호 협의하여 개별 팀이 달성 가능한 범위내의 주제로 설정함)2. 설정된 주제 또는 대상물에 대하여 이론검토/실험/제작/평가함으로써 실무적 실험실습 능력을 확보한다.3. 팀별 주제 선정과 과제해결을 통해 팀원 간의 협동심을 함양한다.4. 설계주제에 대한 정기적인 세미나를 통해 발표능력을 확보한다.,<참고문헌>1) 프로젝트 수행계획서2) 프로젝트(종합설계) 중간 보고서,,,"공학입문, 공학윤리, 창의설계입문, 컴퓨터프로그래밍2, 공학수학2",True,False,True,False,False,True,target_department_and_foundational_course,0.16666666666666666
58285,2022,충남대학교,공과대학,전자공학과,집적반도체소자 및 물성,4,1학기,3,3,0,전공(심화),본 강의 목적은 반도체 소자를 이해하는데 필요한 물리적인 이론을 습득하고 이에 따른 다양한 반도체 소자의 원리를 살펴보는 데에 있음. 교과목표 달성을 위해 1학기동안 반도체기반의 전자소자의 문제점을 스스로 풀어보는 과제가 주어지게 되며 학생들은 팀을 구성해서 시뮬레이션 툴(SPICE)을 이용하여 이를 해결하고 발표를 함.,"Principles of Electronic Materials and Devices, 3rd Ed., Kasap (McGrawHill)",,,"물리전자, 반도체소자, 반도체공정",True,True,False,False,False,True,target_department_and_target_course,0.16666666666666666
58288,2022,충남대학교,공과대학,전자공학과,딥러닝을 이용한 컴퓨터 비전,1,1학기,3,3,0,전공,컴퓨터 비전 분야에 대해 학습하고 딥러닝을 이용한 연구 동향을 살펴본다.,TBA,,,"프로그래밍1,2",True,True,False,True,False,True,target_department_and_target_course,0.16666666666666666
58289,2022,충남대학교,공과대학,전자공학과,MMIC설계,1,1학기,3,3,0,전공,"RF 시스템 설계에 필요한 기본적인 개념들에 대해 알아보고 VCO, LNA, MIXER에 대해 실습을 진행한다.","Razavi, RF Microelectronics, PEARSON",,,"회로이론, 전자회로, 전기자기학",True,False,True,False,False,True,target_department_and_foundational_course,0.16666666666666666
58295,2022,충남대학교,공과대학,전자공학과,임베디드 시스템 실무 설계,1,1학기,3,2,2,전공,1. 임베디드 시스템의 동작원리에 대하여 이해한다.2. 임베디드 시스템 구현에 사용되는 툴의 작동법을 익힌다. 3. 임베디드 시스템을 구성하는 SoC의 구조와 동작원리에 대하여 이해한다.,자체 교재 및 실습 자료,,,논리회로,True,True,True,False,False,True,target_department_and_target_course,0.16666666666666666
58296,2022,충남대학교,공과대학,전자공학과,반도체공정기술 1,1,1학기,3,3,0,전공,MOSFET 소자의 핵심 공정 파악,Introduction to Microelectronic Fabrication @ Prentice Hall Richard C. JaegerHandout at class,,,"물리전자, 반도체소자, 반도체공학(공정)",True,True,False,False,False,True,target_department_and_target_course,0.16666666666666666
58298,2022,충남대학교,공과대학,전자공학과,신호처리용집적회로,1,1학기,3,3,0,전공,"본 강의에서는 아날로그 신호처리용 집적회로 설계 기법을 학습하고, 이를 바탕으로 기초부터 고급 회로까지 실제 설계 사례를 학습한다. 기초 이론 학습 후 case study 를 통하여 chopper 및 autozeroing 기반의 저잡음 회로 설계 기법 및 low noise data converter 설계 이론에 대하여 학습하고, 실무 설계 역량을 함양하는 것을 목표로 한다.",자체 교재,,"Design of Analog CMOS Integrated Circuits 2/EBehzad Razavi, McGraw Hill","전자회로 1/2, 아날로그집적회로",True,True,False,False,False,True,target_department_and_target_course,0.08333333333333333
58299,2022,충남대학교,공과대학,전자공학과,집적회로설계 2,1,1학기,3,3,0,전공,아날로그 회로 및 혼성신호 회로에 대한 이해인공지능 기반 회로설계에 대한 이해회로설계 기법 실습 및 프로젝트 수행 능력 함양,강의자료 제공 (NDA에 의한 공개 불가 자료 제외),,,"아날로그집적회로, 디지털집적회로 (VLSI)",True,True,True,False,False,True,target_department_and_target_course,0.16666666666666666
58301,2022,충남대학교,공과대학,전자공학과,컴퓨터네트워크,1,1학기,3,3,0,전공,"네트워크의 기본 지식을 습득하고 컴퓨터 네트워크의 대표 기술들인 Ethernet, TCP/IP 등을 공부한다.","Computer Networks, 5th. Andrew S. Tanenbaum& David J. Wetherall",,,"없음. (유사과목인 데이터통신, 데이터네트워크 수강한 학생은 신청 불필요)",True,True,False,False,False,True,target_department_and_target_course,0.16666666666666666
58309,2022,충남대학교,공과대학,신소재공학과,기계학습입문,1,2학기,3,3,0,전공(핵심),"딥러닝을 위하여 파이썬 프로그래밍 언어를 이용 문제해결 코딩을 할 수 있다. 다양한 데이터를 처리하기 위하여 파이썬의 리스트, 튜플, 딕셔너리 등의 자료형 객체를 활용할 수 있다. 딥러닝에 필요한 numpy, matplotlib, tensorflow 등의 도구를 익힌다. 신소재공학분야에서 기계학습 도구를 사용하여 문제해결 능력을 기른다.","실습하며 배우는 딥러닝 입문 with Kaggle, 생능출판, 장원두",,,없음,False,True,False,True,True,True,strong_ai_cs_course_outside_target_department,0.16666666666666666
58368,2022,충남대학교,공과대학,인공지능학과,이산수학,1,1학기,3,3,0,전공(기초),"컴퓨터공학을 전공하는 데 필요한 수학 지식을 학습하고, 컴퓨터공학 분야의 문제를 해결할 때 적용할 수 있는 논리적 사고 방식을 배양한다.","Rosen 의 이산수학 (8판) , 한국맥그로힐( McGrawHill Korea), 2019",,"DIscrete Mathmatics and Its Application (8th edition), Kenneth Rosen, McGrawHill Education, 2018",없음,True,False,True,False,False,True,target_department_and_foundational_course,0.08333333333333333
58369,2022,충남대학교,공과대학,인공지능학과,선형대수,1,2학기,3,3,0,전공(기초),인공지능학과의 여러 교과목의 기본이 되는 과목인 선형대수의 기본 개념을 익힌다.,"교재: Gilbert Strang, Introduction to Linear Algebra, 5th Ed., WellesleyCambridge Press, 2016",,,없음,True,False,True,False,False,True,target_department_and_foundational_course,0.16666666666666666
58370,2022,충남대학교,공과대학,인공지능학과,객체지향설계,2,2학기,3,2,2,전공(핵심),객체 지향 프로그래밍 이해 C/JAVA에 대한 배경 지식을 바탕으로 C++ 사용법 학습 유용한 디자인 패턴 학습 및 적용,"No textbook Lecture notes Reference: C++ Primer, 5th edition, Stanley Lippman, 2012 Reference: 클린 코더, 로버트 마틴, 정희종 옮김, 2016",,,컴퓨터 프로그래밍 (C 또는 Java),True,True,True,False,False,True,target_department_and_target_course,0.16666666666666666
58372,2022,충남대학교,공과대학,인공지능학과,확률 및 통계,2,1학기,3,3,0,전공(핵심),확률과 통계에 대한 기본적인 개념을 학습한다.,Probability and Statistics (4th edition) by Morris H. DeGroot and Mark J. Schervish,,,수학 1 (수학 2 또한 추천하지만 필수는 아님),True,False,True,False,False,True,target_department_and_foundational_course,0.16666666666666666
58373,2022,충남대학교,공과대학,인공지능학과,자료구조,2,1학기,3,2,2,전공(기초),"컴퓨터 프로그램을 위하여 필요한 기본 자료구조의 종류와 그 개념을 이해한다.1. 자주 사용되는 자료구조의 개념을 이해하고 Java 언어를 이용한 실습을 통하여 구체적인 사용 방법을 숙지한다.2. 객체의 기본 개념과 추상화(Abstraction) 과 캡슐화 (Encapsulation) 의 개념을 이해하고 적용할 수 있는 능력을 기른다.3. 재귀 등, 알고리즘의 원리를 이해하고 적용 능력을 기른다.4. 기본적이면서 다양한 여러 자료구조의 이해를 통하여 보다 복잡한 응용 문제를 해결할 수 있는 능력을 기른다.5. 프로그램의 성능 측정방법을 실습을 통해 경험함으로써, 이론적인 성능 분석 결과와 실제 성능측정 사이의 연관성을 이해한다.","<교재/참고문헌>F.M. Carrano, Data Structures and Abstractions with Java, Pearson, 2012M.T. Goodrich & R. Mamassia, ""Data Structures and Algorithms in JAVA,"", 5th Ed., John Wiley & Sons, 2011S. Sahni, ""Data Structures, Algorithms, and Applications in JAVA,"" 2nd Ed., Silicon Pressl, 2005.J.R.Hubbard & A.Huray, "" Data Structures with Java"", Pearson Prentice Hall, 2004",,,"컴퓨터프로그래밍 2(연결 체인, 리스트, 스택, 재귀, 정렬에 대한 기본 개념 포함)",True,True,False,False,False,True,target_department_and_target_course,0.16666666666666666
58374,2022,충남대학교,공과대학,인공지능학과,컴퓨터프로그래밍3,2,1학기,3,2,2,전공(심화),Java 프로그램의 경험이 있는 학생들을 대상으로 C 언어에 대하여 학습한다.,<교재/참고문헌>자체 교재,,시중의 C 교재,컴퓨터프로그래밍 2 (Java),True,True,False,False,False,True,target_department_and_target_course,0.08333333333333333
58375,2022,충남대학교,공과대학,인공지능학과,수치프로그래밍,2,2학기,3,2,2,전공(심화),"수치계산의 기본 개념 이해(오차 분석, 수의 표시법)수치적 방법으로 비선형 방정식의 해를 구함최적화 방법론보간법에 대한 이해수치적인 미적분에 대한 이해선형방정식의 해를 수치적으로 구함미분 방정식을 수치적으로 푸는 방법을 학습함","응용수치해석 3판, 손권, 최윤호, 김철 공역, McGrawHill Korea, 2012(Applied Numerical Methods, Steven C. Chapra, McGrawHill, 2012)",,,"수학1, 선형대수",True,True,False,False,False,True,target_department_and_target_course,0.16666666666666666
58377,2022,충남대학교,공과대학,인공지능학과,기계학습,2,2학기,3,2,2,전공(기초),* 기계학습에 대한 이해* 딥러닝에 대한 이해* 알고리즘 구현 방법 학습,"주교재: 수업자료 PPT로 제공 예정부교재:* 기계학습, 오일석, 한빛아카데미* 파이썬 라이브러리를 활용한 머신러닝(번역개정판), 뮐러, 가이도, 한빛미디어(미리 구매할 필요 없습니다)",,,"선형대수, 확률과통계, 파이썬 프로그래밍 기본",True,True,False,True,False,True,target_department_and_target_course,0.16666666666666666
58379,2022,충남대학교,공과대학,인공지능학과,컴퓨터프로그래밍 1,1,1학기,3,2,2,전공(핵심),"1. 컴퓨터 프로그래밍의 원리 이해2. 변수, 연산자, 입·출력문, 제어문 등 기본적인 프로그램 구조를 이용한 데이터 처리3. 클래스, 상속, 다형성 등 객체 지향 주요 개념 이해 및 프로그램 구현 능력 배양4. 객체 지향 프로그래밍 기법들을 활용하여 주어진 문제를 해결하는 능력 배양5. 주어진 문제를 컴퓨터 프로그래밍 언어로 구현하는 능력 배양","남궁 성, Java의 정석 (3rd Ed.), 도우출판, 2016. (필수)*충남대 구내서점을 통해 구매 가능함 (구내서점: 네이버카페 http://cafe.naver.com/cnubook )[참고문헌]1) 천인국, 하상호, ""Power JAVA(파워 자바)"" 2판, 인피니티북스, 20122) 윤성우, “열혈 Java 프로그래밍”개정판, 오렌지미디어, 20173) 이고잉, “생활코딩! 자바 프로그래밍 입문”, 위키북스, 2016기타 참고문헌은 교과목 게시판 등을 통해 별도 공지함",,,해당없음,True,True,False,False,False,True,target_department_and_target_course,0.25
58380,2022,충남대학교,공과대학,인공지능학과,컴퓨터프로그래밍 2,1,2학기,3,2,2,전공(핵심),"1. 제네릭 타입 및 컬렉션 프레임워크에 대한 이해 및 활용2. 쓰레드, 람다와 스트림, 입출력(I/O), 네트워크 프로그래밍 등 고급 자바 프로그래밍 기법에 대한 이해 및 활용3. 안드로이드 앱 개발을 통한 그래픽사용자인터페이스(GUI)와 이벤트 기반 프로그래밍 이해 및 활용","참고교재● 남궁성, ""Java의 정석"", 도우출판, 2016.● 정재곤, ""Do it! 안드로이드 앱 프로그래밍"" 8판, 이지스퍼블리싱, 2021.",,,● 컴퓨터프로그래밍1● 자바개발도구(이클립스 또는 IntelliJ) 사용법,True,True,False,False,False,True,target_department_and_target_course,0.16666666666666666
58381,2022,충남대학교,공과대학,인공지능학과,기초프로젝트랩,2,1학기,3,0,6,전공(핵심),"문제발견(공감과정), 문제정의, 아이디어, 프로토타입 만들기 및 테스트 등의 소프트웨어 개발 프로세스와 디자인씽킹 프로세스를 따라 개발할 수 있다. 주어진 문제에 대한 목표 고객을 찾을 수 있다.목표 고객으로부터, 인터뷰, 관찰, 현장체험 등의 수단을 통해서 고객의 니즈를 끌어낼 수 있다.고객의 니즈로부터 진짜 문제를 정의할 수 있다.문제 정의로부터 팀 작업을 통해 아이디어들에 대한 발산 수렴 과정을 거쳐 컨셉을 끌어낼 수 있다.컨셉을 실현해볼 수 있는 프로토타입을 만들고, 테스트 하는 과정을 목표 고객의 피드백을 통해서, 계속적인 프로토타입 개선을 해 나갈 수 있다.",디자인 씽킹 (Design Thinking) 참고자료: https://sites.google.com/cscnu.org/designthinking,,해당없음,해당없음,True,False,True,False,False,True,target_department_and_foundational_course,0.25
58382,2022,충남대학교,공과대학,인공지능학과,AI를 위한 수학,2,2학기,3,3,0,전공(핵심),1. 인공지능을 위한 기초 수학 지식 습득2. 주요 기계학습 방법론의 수학적 이해,참고문헌 1 (전반부): Deep Learning (Part I). https://www.deeplearningbook.org/참고문헌 2 (후반부): Foundations of Machine Learning. https://cs.nyu.edu/~mohri/mlbook/,,,"미분적분학, 선형대수, 확률 및 통계 기초 지식",True,True,False,True,False,True,target_department_and_target_course,0.16666666666666666
58384,2022,충남대학교,공과대학,컴퓨터공학과,고급자연어처리,1,1학기,3,3,0,전공,트랜스포머의 이론트랜스포머 기반의 자연어처리 구현 능력 함양자연어처리 기술의 자동평가 방법 및 활용자연어처리 기술 개발 능력 함양,교수 강의 노트 교수 강의 동영상,,,딥러닝머신러닝선형대수,True,True,False,True,False,True,target_department_and_target_course,0.16666666666666666
58385,2022,충남대학교,공과대학,컴퓨터공학과,고급데이터베이스,1,1학기,3,3,0,전공,전통적인 데이타베이스 분야 뿐만 아니라 최신 분야에서 데이타의 전문적인 관리 및 검색을 위한 체계적인 기초 지식을 배운다. .,"주 교재 : Ramez Elmasri, Shamkant b. Navathe, fundamentals of database systems, 7/E Global Edition, Pearson Higher Education, 2016년 8월부 교재 : 오라클 튜닝 에센셜 : DBMS_XPLAN으로 실행 계획 뽀개기, 박찬권 저/서윤식 감수, 글봄크리에이티브, 2020.1 오라클로 배우는 데이터베이스 개론과 실습(2판), 한빛아카데미IT, 박우창, 남송휘, 이현룡 저, 2020.7 Raghu Ramakrishnan, Johannes Gehrke, Database Management Systems, 2th Eds, McGrawHill 2002",,,데이타베이스(학부),True,True,False,True,False,True,target_department_and_target_course,0.16666666666666666
58387,2022,충남대학교,공과대학,컴퓨터공학과,객체지향시스템실무,1,1학기,3,3,0,전공,"객체지향 개념에 대해 익히고, 최신 트렌드와 그 이유에 대해 학습한다.","Joshua Bloch, Effective Java 3rd ed., AddisonWesley, 2018",,,Java 등 객체지향 언어로 프로그래밍 해 본 경험 (C++ 만 사횽해본 학생은 수강 전 문의 요망),True,True,False,False,False,True,target_department_and_target_course,0.16666666666666666
58391,2022,충남대학교,공과대학,컴퓨터공학과,고급정보보호,1,1학기,3,3,0,전공,기초 암호메카니즘의 작동원리를 이해하고 이를 이용한 사용자인증 및 전자서명에 대한 실습을 통해 암호프로그래밍의 능력을 배양한다.,"""Cryptography and Network Security: Principles and Practice"" , William Stallings, Pearson, 8th edition",,,자료구조 및 C 프로그래밍,True,True,False,True,False,True,target_department_and_target_course,0.16666666666666666
58393,2022,충남대학교,공과대학,컴퓨터공학과,기계학습특강,1,1학기,3,3,0,전공,"가. 일반적목표 : 기업 및 연구소 현장에서 다뤄지고 있는 데이터 분석 및 모델링 문제에 대해서 학습하고, 이를 머신러닝 기법을 활용하여 해결할 수 있는 방법을 배운다. 텀 프로젝트를 통해 실제 문제를 해결하는데 필요한 경험을 쌓는다.나. 구체적목표 (교과목 학습성과 내용)1. 머신러닝 방법론을 이해할 수 있다.(PO1)(PO3) 2. 실제 문제를 머신러닝 방법론으로 해결할 수 있다.(PO1)(PO3)3. 위 과정을 프로그래밍을 통해 구현할 수 있다.(PO1)(PO3)","주교재: 강의자료참고문헌: Pattern Classification(Duda, Hart, Stork, WileyInterscience) 변역본 있음Pattern Recognition and Machine Learning(Christopher M. Bishop)(교재는 추후 변경될 수 있습니다.)",,,"없음. 데이터마이닝, 응용통계 관련 과목을 미리 수강했으면 도움이 됩니다.",True,True,False,True,False,True,target_department_and_target_course,0.16666666666666666
58394,2022,충남대학교,공과대학,컴퓨터공학과,고급디지털신호처리,1,1학기,3,3,0,전공,"이 과목을 통해 학생들은 디지털 신호 시스템에 대한 이해를 통해서 통신 멀티미디어 디지털 시스템 및 인공지능에 필요한 기초지식을 학습한다. 컴퓨터공학에서 개설되는 전자회로, 영상처리, 멀티미디어, 디지털 시스템 등의과목들을 수강하기 위해 필요한 기본 지식을 확보하고 디지털 신호 시스템과 응용에 대한 깊은 이해를 할 수 있게된다.디지털 신호처리(DSP)는 샘플링된 신호나 데이터를 숫자로 표현, 컴퓨터를 이용하여 분석, 처리하는 것이다.신호의 주파수 영역 해석법을 이해한다.디지털 신호 및 시스템을 이해하고 설계할 수 있는 능력을 학습한다.응용분야로 통신, 영상처리, 데이터 압축, 음성신호처리, 인공지능 등이 있다.","Matlab을 이용한 디지털 신호처리(권욱현), Cengage LearningEssentials of Digital Signal Processing using MATLAB, (3rd Edition) V.K. Ingle and J.G. Proakis김명진, MATLAB 실습과 함께 배우는 신호와 시스템, 생능출판사장영범, DSP 이론과 실무, 2009.08.31",,,"수학, 선형대수",True,True,False,False,False,True,target_department_and_target_course,0.16666666666666666
58395,2022,충남대학교,공과대학,컴퓨터공학과,고급프로그래밍언어론,1,1학기,3,3,0,전공,* Deep Understanding Programming Languages* Availability in Formal Methods to Describe Language Semantics* Understanding Basics of Type Theory,"""Types and Programming Languages"", Benjamin C. Pierce""Introduction to Programming Languages"", Anthony A. AabyYou don't need to buy the books, since all the necessary materials are included in lecture notes.",,,"The undergraduate programming language course : highly recommended, but not a prerequisite.Functional language experience : highly recommended, but not a prerequisite.",True,True,False,False,False,True,target_department_and_target_course,0.16666666666666666
58536,2022,충남대학교,공과대학,전자전파정보통신공학과,이동통신,1,1학기,3,3,0,전공,이동통신의 개요를 이해한다.이동통신 시스템의 발전과정과 이에 관련된 다중접속 기술을 이해한다.이동통신 시스템의 구성요소를 이해한다.,자체 강의자료,,,디지털통신,True,True,False,False,False,True,target_department_and_target_course,0.16666666666666666
58537,2022,충남대학교,공과대학,전자전파정보통신공학과,컴퓨터네트워크운용실습,1,1학기,3,3,0,전공,Packet tracer를 할용해 네트워크 운용 기본 실습을 수행하고 이를 위해 필요한 데이터 통신 및 컴퓨터 네트워크 이론을 학습함,"컴퓨터네트워크 실습, 충남대 출판사, 김병철, 이재용 저",,시스코 IOS 입문,컴퓨터 네트워크,True,True,False,False,False,True,target_department_and_target_course,0.08333333333333333
58539,2022,충남대학교,공과대학,전파정보통신공학과,반도체소자,2,2학기,3,3,0,전공(심화),"1. Schottlky 다이오드와 pn 다이오드의 동작 원리와 차이점을 이해한다.2. MOS 캐패시터의 동작원리를 이해하고 이를 기반으로 MOSFET의 특성을 이해하고 해석할 수 있다.3. 열적비평형 상태에서 동작하는 바이폴라 트랜지스터의 물리적 특성과 소자의 동작원리를 이해한다.4. 광소자, 고속반도체소자 등에 대한 개념을 배운다.5. 반도체 기술 트렌드를 파악한다.","주교재: Semiconductor Physics and Devices, Donald Neamen, Fourth Edition, 2012, McGrawHill[참고교재]1. Ben G. Streetmann, Solid State Electronic Devices, PrenticeHall2. Anderson, Fundamentals of Semiconductor Devices, McGrawHill",,,"물리전자, 전자기학1",True,True,False,False,False,True,target_department_and_target_course,0.16666666666666666
58540,2022,충남대학교,공과대학,전파정보통신공학과,데이터 통신,3,1학기,3,3,0,전공(심화),"데이터 전달을 위한 계층 1, 2의 주요 기능, 장비 및 프로토콜에 대해 학습하고 이를 운용하는 실험을 통해 확인한다.","Data Communications and Networking, 6th. ed., Forozan",,,없음,True,True,False,False,False,True,target_department_and_target_course,0.16666666666666666
58541,2022,충남대학교,공과대학,전파정보통신공학과,컴퓨터네트워크,3,2학기,3,3,0,전공(심화),컴퓨터 네트워크의 개요 및 망의 주요 요소 장비들의 동작 원리에 관해 학습하고 인터넷 망의 주요 프로토콜에 관해 이해하는 것을 목표로 한다.,"TCP/IP Protocol Siute, 4th ed., Forouzan, MacGrawHill",,,데이터통신,True,True,False,False,False,True,target_department_and_target_course,0.16666666666666666
58542,2022,충남대학교,공과대학,전파정보통신공학과,선형대수,1,2학기,3,3,0,전공(기초),"전파.정보통신공학의 기본이 되는 선형대수의 기본 개념 학습수학, 기초과학, 공학의 지식과 정보기술을 공학문제 해결에 응용할 수 있는 능력공학문제를 정의하고 공식화할 수 있는 능력공학문제를 해결하기 위해 최신정보, 연구결과, 적절한 도구를 활용할 수 있는 능력","Gilbert Strang, Introduction to Linear Algebra, International Ed. (4th Ed.), WellesleyCambridge Press, 2009도서관에 우리말 선형대수 책이 다수 있음 (도서분류 번호: 512.5로 시작)김대수, 선형대수학 express, 2013, 512.5 013Shin Takahashi, (만화로 쉽게 배우는) 선형대수, 2009, 512.5 009가Howard Anton, (최신) 선형대수, 2011, 512.5 011기타 등등...",,,고교시절 벡터와 행렬,True,False,True,False,False,True,target_department_and_foundational_course,0.16666666666666666
58543,2022,충남대학교,공과대학,전파정보통신공학과,창의설계입문,1,1학기,3,2,2,전공(기초),"공학설계 능력에 필수적인 창의적 사고, 팀활동, 의사소통, 창의적 사고기법 등을 이해하고 활용하여 제시된 공학설계 과제 해결 능력을 증진시킨다.","별도 교재는 없으며, 참고 자료는 충남대학교사이버 캠퍼스를 통하여 배포함.",,,없음,True,False,True,False,False,True,target_department_and_foundational_course,0.16666666666666666
58544,2022,충남대학교,공과대학,전파정보통신공학과,논리회로,2,1학기,3,3,0,전공(핵심),"1. 디지털 시스템에 대한 기본 개념을 이해하고, 논리적 분석을 위한 능력을 습득한다.2. 여러 기본 gatelevel 과 combination logic의 동작 및 기본지식을 습득하고 해석하는 능력을 배양한다.3. 좀더 발전된 sequential logic 과 functional block 에 대한 동작 및 기본지식을 습득하고 해석하는 능력을 배양한다.4. 습득한 디지털 설계의 기본지시을 바탕으로 독자적으로 과제 수행 및 설계, 해석할 수 있는 능력을 배양한다.","Logic and Computer Design Fundamentals 5rd Edition,M. Morris Mano Charles R.Kime, 2016, Prentice HallJohnson ""Electric Circuit Analysis"" PrenticeHall",,,,True,True,False,False,False,True,target_department_and_target_course,0.25
58545,2022,충남대학교,공과대학,전파정보통신공학과,회로이론 1,2,1학기,3,3,0,전공(핵심),1. 회로이론의 기본개념을 습득하고 간단한 회로의 동작원리를 터득한다.2. 기초지식에 대한 중요성을 인식하게 하고 각 분야 응용에 대한 사항을 지속적으로 모니터링할 수 있도록 한다.3. 공학도로서의 책임과 역할을 이해한다.,"J.David Irwin ""Basic Engineering Circuit Analysis"", 8th ed. JohnWiley & Sons, 2005Johnson ""Electric Circuit Analysis"" PrenticeHall",,,,True,True,False,False,False,True,target_department_and_target_course,0.25
58546,2022,충남대학교,공과대학,전파정보통신공학과,회로이론2,2,2학기,3,3,0,전공(핵심),1. 기초선형 전기소자의 특성을 주파수 공간에서 표현하고 이해한다.2. 기초 지식에 대한 중요성을 인식하게 하고 각 분야 응용에 대한 사항을 지속적으로 모니터링할 수 있도록 한다.3. 공학도로서의 책임과 역할을 이해한다.,"J.David Irwin ""Basic Engineering Circuit Analysis"", 8th ed. JohnWiley & Sons, 2005<참고문헌>Johnson ""Electric Circuit Analysis"" PrenticeHall",,,회로이론 1,True,True,False,False,False,True,target_department_and_target_course,0.16666666666666666
58547,2022,충남대학교,공과대학,전파정보통신공학과,객체지향프로그래밍,2,2학기,3,2,2,전공(핵심),"객체지향 프로그래밍 언어이면서 OS에 상관없이 사용할 수 있다는 점에서요즘 널리 각광받는 Java 언어를 배우고 익힌다.Java 언어의 특징과, 객체지향 개념, 멀티스레드와 Swing component를 이용한 사용자 인터페이스기술 등을 중심으로 실무적인 프로그래밍 능력을 배양하는 것을 목표로 한다.","황기태, 김효수, 명품 JAVA Programming, 생능출판사,.... 최신판으로신용권, 혼자 공부하는 자바, 한빛아카데미, 2019실전 자바 소프트웨어 개발, 아카데미 한빛 아카데미, 2020임동혁, JAVA를 게임으로 정복하기, B&C 출판사, 2011<참고문헌>이론과 실습을 한 후 과제로 부여해야 할 필요한 있는 경우 과제로 부여.텀 프로젝트 나갈 것임.",,,없음,True,True,False,False,False,True,target_department_and_target_course,0.16666666666666666
58549,2022,충남대학교,공과대학,전파정보통신공학과,자료구조및실습,2,1학기,3,2,2,전공(핵심),"문제를 해결 하는데 있어 방대한 양의 자료를 어떻게 구조화 시켜 다룰 것인지, 시간 및 메모리 필요량을 어떻게 예측할 것인지 등에 대한 기본 개념을 알게 된다. 각 자료구조가 어떤 문제들에 활용될 수 있는지를 각종 예제들을 통해 알게 된다.","1) 천인국, 공용해 공저, ‘C 언어로 쉽게 풀어쓴 자료구조’, 생능출판사 (최신판)2) 참고.. Horowitz, Sahni, AndersonFreed, Fundamentals of Data Structures in C, 2nd Edition, Silicon Press, 2008",,,컴퓨터 프로그래밍,True,True,False,False,False,True,target_department_and_target_course,0.16666666666666666
58550,2022,충남대학교,공과대학,전파정보통신공학과,디지털시스템설계,2,2학기,3,2,2,전공(핵심),1. 디지털시스템 설계 시 필요한 기본적인 지식 습득2. 디지털시스템 설계 툴에 대하여 이해하고 이를 이용하여 디지털 시스템을 설계 및 구현할 수 있는 능력 배양,강의자료 형태로 제공 예정,,,논리회로,True,True,True,False,False,True,target_department_and_target_course,0.16666666666666666
58552,2022,충남대학교,공과대학,전파정보통신공학과,디지탈신호처리,4,1학기,3,3,0,전공(심화),디지털 신호 해석 및 디지털 신호처리 시스템 설계에 필요한 기본 지식들을 습득하고 이를 이용하여 디지털 시스템에 대한 설계 및 해석 능력 배양,"J. G. Proakis and D. G. Manolakis, 'Digital Signal Processing', 4th EdV.K. Ingle and J. G. Proakis, ""Digital Signal Processing Using MATLAB: A Problem Solving Companion"", 4th Ed",,,신호 및 시스템,True,True,False,False,False,True,target_department_and_target_course,0.16666666666666666
58553,2022,충남대학교,공과대학,전파정보통신공학과,전자회로 설계,3,1학기,3,0,6,전공(심화),"1. 회로이론 및 전자회로에서 학습된 내용을 ADS를 활용하여 검증, 확인하며 설계 예제를 통해 CAD를 사용한 설계 시뮬레이션 및 PCB layout 설계 능력을 배양함으로써 현실적 제한조건을 반영한 설계 능력을 함양한다.2. 공학실무에 직접 활용이 가능한 ADS의 사용법을 익히고 활용 능력을 배양하도록 한다.3. 문제 해결을 위해 팀 내 역할 분담을 수행하고 자신의 역할을 해낼 수 있다.4. 결과물을 체계적으로 정리하고 발표할 수 있다.","주교재1: 염경환, 전자회로 및 마이크로파 회로설계 실습, 충남대학교출판부 (교재는 사전에 준비되어야 함)주교재2: 김동욱, 개방형 문제 기반 전자회로 기초 설계 (인터넷 파일로 별도 제공 가능)참고문헌: ADS Manual, 전자회로 교과목 주교재, 회로이론 교과목 주교재",,,(권장 선수과목) 회로이론,True,True,True,False,False,True,target_department_and_target_course,0.16666666666666666
58554,2022,충남대학교,공과대학,전파정보통신공학과,전자회로실험,3,1학기,3,0,6,전공(심화),"본 전자회로실험은 회로이론 및 전자회로에서 학습한 전자공학이론을 다양한 기초실험을 통해 학습하는 과목으로 관련 이론 응용 및 필요한 계측기 활용 능력을 배양하는 것으로 주 목적으로 한다. 각 실험마다 예비보고서, 결과보고서 작성을 통해 결과 정리 및 보고서 작성 등을 함양한다. 또한 조별 실험진행을 통해 주도적 학습 능력 및 팀웍 협업 능력을 키우는데 그 목적이 있다.","교재: 염경환, 전자회로 실험",,"회로이론 ""Electric Circuit Analysis "" David E. Johnson전자회로 ""Microelectronic Circuits "" Sedra and Smith","회로이론1,2, 전자회로1",True,True,True,False,False,True,target_department_and_target_course,0.08333333333333333
58555,2022,충남대학교,공과대학,전파정보통신공학과,운영체제,3,1학기,3,3,0,전공(심화),"운영체제(Operating Systems)는 컴퓨터 하드웨어를 관리하면서 프로그램 실행을 제어하는 시스템 소프트웨어로서 컴퓨터의 두뇌에 해당한다. 컴퓨터 시스템 및 전자 장치를 개발하거나 운용하기 위해서는 먼저 운영체제를 이해해야 한다. 본 과목에서는 운영체제의 기본 원리를 학습한다. 특정 운영체계에 국한된 사항들보다는 일반적인 운영체제의 공통적 구조와 기능을 설명하며, 프로그래밍 과제를 통해 원리를 이해한다.컴퓨터 하드웨어의 개략적 이해컴퓨터 소프트웨어 실행 원리운영체제의 각 컴포넌트 운영체제의 역할 이해운영체제를 위한 알고리즘 학습","Operating Systems, Internals and Design Principles (9th Ed.), William Stallings, Prentice Hall, 2014",,,C 프로그래밍 언어운영체제 사용 경험,True,True,False,True,False,True,target_department_and_target_course,0.16666666666666666
58556,2022,충남대학교,공과대학,전파정보통신공학과,알고리즘,3,2학기,3,3,0,전공(심화),알고리즘은 컴퓨터를 사용하여 문제를 해결할 수 있는 방법이다. 본 강의에서는 효율적인 알고리즘을 설계하고 이를 증명하는 여러 가지 방법들을 학습한다. 또한 몇몇 문제들에 대해서는 알고리즘들을 학습하고 이를 프로그래밍 과정을 통해 구체화시켜 본다.,"(뇌를 자극하는) 알고리즘=Algorithm, 한빛미디어, 박상현 저",,,이산수학자료구조 및 실습 (필수임),True,True,False,True,False,True,target_department_and_target_course,0.16666666666666666
58557,2022,충남대학교,공과대학,전파정보통신공학과,마이크로파회로설계1,3,2학기,3,0,6,전공(심화),전송선으로 구성된 마이크로파 수동소자 설계능력,"교재염경환 마이크로파 및 전자회로설계실습 , 충남대학교출판부참고문헌1. D. E. Johnson, Electric Circuit Analysis, 3rd edition, Prentice Hall, 19972. A. Sedra and K.C. Smith, Microelectronic Circuits, 5th edition Oxford, 20043. LINES, WAVES, AND ANTENNAS",,,"선수과목: 회로이론, 전자회로(1),(2), 전자파 이론, 전자회로 설계실습회로이론과 전자회로의 내용을 기본적으로 알고 있어야 하며, 전자파 이론의 내용을 선행학습하여 알고있다고 가정함. Window 운영체제를 사용할줄 알아야함",True,True,True,False,False,True,target_department_and_target_course,0.16666666666666666
58558,2022,충남대학교,공과대학,전파정보통신공학과,확률및랜덤프로세스,3,1학기,3,3,0,전공(심화),기초적인 확률의 개념 정립확률변수 개념정립랜덤프로세스 이론 및 기초 응용력 배양,"윤복식,변윤식,윤동원,조위덕,최윤식,최종필,황승훈, 확률과 랜덤과정2판(수정판) (Therrien원저) Charles Therrien and Murali Tummala, Probability and Random Processes for Electrical and Computer Engineers, CRC pressScott L. Miller and Donald G. Childers, 'Probability and Random Processes', Elsevier",,,신호 및 시스템,True,False,True,False,False,True,target_department_and_foundational_course,0.16666666666666666
58559,2022,충남대학교,공과대학,전파정보통신공학과,마이크로프로세서응용설계,3,2학기,3,2,2,전공(심화),"임베디드 시스템의 전반적인 이해을 목적으로 하는 수업이다. 마이크로 컴퓨터 구조, 프로그램, 마이크로 컨트롤러, I/O, 아날로그 입/출력과 관련된 기초 이해와 구현을 한다.","Embedded Systems: Introduction to ARM® CortexTMM Microcontrollers , Fifth Edition, Jonathan W Valvano",,,"기본 C 프로그램밍, 회로이론 및 전자회로 지식이 있으면 도움이 됨.",True,True,True,False,False,True,target_department_and_target_course,0.16666666666666666
58561,2022,충남대학교,공과대학,전파정보통신공학과,차세대 네트워크,4,1학기,3,3,0,전공(심화),"인터넷의 전송 계층, 응용 계층 프로토콜과 최근 새로이 등장하는 차세대 네트워크 기술 분석 프로토콜 분석기를 사용한 실습 (DNS, DHCP, rlogin 및 telnet, ftp, SMTP, POP , SNMP , http 프로토콜 등) IPv6 및 네트워크 보안 개요 학습","Behrouz A. Forouzan, 'TCP/IP Protocol Suite', 4th ed., McGrawHill, 2010",,,컴퓨터 네트워크,True,True,False,False,False,True,target_department_and_target_course,0.16666666666666666
58563,2022,충남대학교,공과대학,전파정보통신공학과,이동 및 위성통신,4,1학기,3,3,0,전공(심화),"본 과목은 2가지 주요 목표를 갖는다. 1) 이동 통신 시스템 이해를 위한 원천 기술 및 무선 채널의 이해 2) 최신 이동 통신 시스템의 구조, 프로토콜, 성능에 관한 이해","별도 교재는 없으며, 참고문헌은 다음과 같음. “Mobile Communications” by Jochen H. Schiller, 2nd edition, 492 pages, Addison ­Wesley, 2004최신 이동통신입문 by 곽경섭, 고영채, 한빛아카데미 “Wireless Communications”, Andrea Goldsmith, Cambridge University Press, 2005.“Wireless Communications: Principles and Practice”, Second Edition, Theodore Rappaport, Prentice Hall, 2001“Wireless Communication Networks and Systems,” Cory Beard and William Stallings, Pearson, 2015.",,,"디지털통신시스템, 데이터 통신, 컴퓨터통신에 관한 기본 지식",True,True,False,False,False,True,target_department_and_target_course,0.16666666666666666
58565,2022,충남대학교,공과대학,전파정보통신공학과,전파응용실험,4,2학기,3,0,6,전공(심화),"1. 마이크로프로세서를 이용하여 다양한 기능을 구현해봄으로써 CPU의 동작원리를 이해하고 활용할 수 있는 능력을 배양한다.2. 마이크로프로세서를 이용하여 RF 모듈 제어 능력을 배양한다. switch, attenuator, PLL, DDS, 주파수합성기3. 실험결과를 작성하고 발표해봄으로써 발표능력과 문서작성능력을 향상한다.",전파응용실험,,,"회로이론, 전자회로, 통신이론, 디지털통신, 컴퓨터프로그래밍",True,False,True,False,False,True,target_department_and_foundational_course,0.16666666666666666
58567,2022,충남대학교,공과대학,전파정보통신공학과,무선통신시스템,4,1학기,3,3,0,전공(심화),"1) 무선통신 부품과 시스템에서 H/W의 동작 원리 및 구성을 이해한다.2) 여러가지 무선통신 시스템이 겪었던 문제점을 주제로 문제화하고, 해결할 수 있는 체계적 방법에 대해 발표한다.","1. 수업 강의자료2. Microwave and RF Wireless Systems 저자 : David M Pozer3. MATLAB Onramp (Signal Processing, Wireless Communication)",,"Practical RF System Design, W. F. Egan.","선형대수, 신호및시스템, 통신이론, 초고주파공학",True,True,False,False,False,True,target_department_and_target_course,0.08333333333333333
58568,2022,충남대학교,공과대학,전파정보통신공학과,마이크로파회로설계2,4,1학기,3,0,6,전공(심화),1. 전자파이론에서 학습된 지식을 바탕으로 애질런트사의 ADS(software임)를 사용하여 규격에 맞는 초고주파회로를 설계할 수 있다.(학습성과 3)2. 설계된 회로를 직접 제작하고 회로망분석기를 이용하여 측정해봄으로써 설계 결과를 분석할 수 있다. (학습성과 5)3. 문제 해결을 위해 팀내 역할 분담을 수행하고 자신의 역할을 해낼 수 있다. (학습성과 6)4. 설계결과를 효과적으로 발표할 수 있다. (학습성과 7),"마이크로파회로설계2 (저자, 홍성용), Microwave Engineering(Pozar), 기초회로실험(백주기, 성안당)1. D. E. Johnson, Electric Circuit Analysis, 3rd edition, Prentice Hall, 19972. A. Sedra and K.C. Smith, Microelectronic Circuits, 5th edition Oxford, 20043. LINES, WAVES, AND ANTENNAS4. Carlson, Communication Systems",,,"기초회로실험, 전자회로실험, 회로이론, 전자회로(1),(2), 전자파이론, 전자회로설계, 마이크로파회로설계1",True,True,True,False,False,True,target_department_and_target_course,0.16666666666666666
58569,2022,충남대학교,공과대학,전파정보통신공학과,컴퓨터통신응용,4,2학기,3,2,2,전공(심화),실제 네트워크를 운용하는데 필요한 실무 지식을 실습을 통해 배우며 네트워크 프로토콜을 심층 학습하여 네트워크 전문가를 양성하는데 목표를 두고 있음,"컴퓨터네트워크 실습, 충남대학교출판사, 김병철, 이재용",,,컴퓨터 네트워크,True,True,False,False,False,True,target_department_and_target_course,0.16666666666666666
58577,2022,충남대학교,공과대학,전파정보통신공학과,고급아날로그회로,1,1학기,3,3,0,전공,1. 다양한 아날로그 회로의 동작원리에 대해 이해한다. 2. 아날로그 집적회로 해석 및 설계 능력을 습득한다.3. 아날로그 설계에 필요한 Layout 및 Package 설계를 학습한다.,"교재: Behzad Razavi, "" Design of Analog CMOS Integrated Circuits"", McGRAWHILL 1st Edition",,,전자회로1/2,True,True,False,False,False,True,target_department_and_target_course,0.16666666666666666
58582,2022,충남대학교,공과대학,전파정보통신공학과,민군용 초고주파수동회로,1,1학기,3,3,0,전공,1. 전송선 이론을 이해하고 Smith chart 등 다양한 고주파 회로 설계 도구를 습득한다. 2. 도파관 이론 및 여파기 이론을 이해 한다. 3. 민군용 여파기를 설계하고 제작해봄으로써 문제해결 능력을 배양한다. LC filter 설계 Microstrip filter 설계 도파관 필터 설계,"Pozar, Microwave Engineering, John Wiley & Sons, Inc. 4th editionTerm project : 레이더용 Waveguide filter 설계 Reference : M/W Journal, RF design, IEEEMTT, etcTerm project 결과 발표 : 15분 발표, 5분 질문 발표형식(목적+이론+설계+제작+측정+결론) Term project 결과보고서 작성 : 학술대회양식",,,"전자기학, 회로이론, 전자파이론, 마이크로파설계2",True,True,False,False,False,True,target_department_and_target_course,0.16666666666666666
58628,2022,충남대학교,공과대학,컴퓨터융합학부,컴퓨터구조,2,2학기,3,3,0,전공(기초),컴퓨터 시스템의 구조에 대해 공부해서 컴퓨터 설계 능력을 향상한다.,"Computer System Architecture, Prentice Hall, M. Morris Mano",,,논리 회로,True,True,False,True,False,True,target_department_and_target_course,0.16666666666666666
58629,2022,충남대학교,공과대학,컴퓨터융합학부,시스템프로그래밍,2,2학기,3,2,2,전공(핵심),컴퓨터 시스템이 무엇인지 이해할 수 있다프로그래밍과 컴퓨터 하드웨어와의 관계를 이해할 수 있다시스템 프로그램의 역할을 이해한다운영체제의 역할을 이해한다.,"컴퓨터 시스템, 교보문고, Randal E. Bryant",,,필수 선수과목 : 컴퓨터 프로그래밍,True,True,False,False,False,True,target_department_and_target_course,0.16666666666666666
58630,2022,충남대학교,공과대학,컴퓨터융합학부,웹프로그래밍,2,2학기,3,2,2,전공(심화),웹프로그래밍에 대해 정확히 이해하고 프로그래밍 할 수 있다.웹프로그래밍 언어를 사용하여 최신 표준기술을 이용한 웹페이지를 만든다.웹프로그래밍 지식을 통해 이를 활용할 수 있는 웹 사이트를 설계하고 구축한다.,"W3Schools Online Web Tutorials, https://www.w3schools.com/, HTTP Tutoriral, https://www.tutorialspoint.com/http/index.htm,",,,자료구조,True,True,False,False,False,True,target_department_and_target_course,0.16666666666666666
58635,2022,충남대학교,공과대학,컴퓨터융합학부,컴퓨터네트워크,3,2학기,3,2,2,전공(핵심),"21 세기 정보화 사회는 인터넷을 기반으로 다양한 형태의 통신객체들이 연결되고 이를 통해 방대하고 다양한 정보가 교환된다. 이를 달성하기 위해 통신객체들을 연결하는 통신망과 사용자가 직접 사용하는 단말기의 통신 프로토콜은 이러한 정보 교환의 핵심적인 요소이다. 본 강의의 최종목표는 데이터통신 과목에서 학습하지 않았던 상위계층 통신망 프로토콜에 대해 학습하고, 상용 통신장비와의 연동 실습을 통해 프로토콜의 기본적인 이해 를 도모한다. (데이터통신 과목과의 목표와 동일하며, 상위계층 통신망 프로토콜 및 보안 프로토콜 등에 비중을둔다.)","교재: B. Forouzan, ""Data Communications and Networking,"" 5th edition, McGraw Hill, 2012.참고물: 김상하, ""성공적인 컴퓨터 네트워크의 이해,"" 홍릉과학출판사, 2003.강의자의 슬라이드 자료들",,,데이터통신,True,True,False,False,False,True,target_department_and_target_course,0.16666666666666666
58636,2022,충남대학교,공과대학,컴퓨터융합학부,소프트웨어공학,3,2학기,3,2,2,전공(심화),"소프트웨어 공학에 대한 기본 개념을 이해한다. 특히 소프트웨어 시스템 개발에 필요한 생명주기 모델을 바탕으로 요구사항 분석, 설계, 구현, 검증 등 각 단계에서 이루어지는 활동과 산출물을 다룬다.이러한 기본적인 학습과정을 바탕으로 학생들이 팀별 프로젝트를 수행하고, 프로젝트 수행의 각 과정을 점검받음으로써 프로젝트 수행 능력을 향상시킨다. 이를 통해 학생들이 졸업 후 산업체에서 경험하게 되는 소프트웨어 개발의 기술적, 관리적 측면을 습득하게 되고 습득한 이론과 실무를 개발 현장에서 쉽게 활용할 수 있도록 한다.","주교재: ObjectOriented Software Engineering 2nd Ed., Timothy C. Lethbridge and Robert Laganiere, McGraw Hill부교재: 소프트웨어공학, 윤청 지음, 생능출판사, 다양한 소프트웨어공학 교재(특히, 객체지향 중심의 소프트웨어 공학)",,,"컴퓨터프로그래밍, 객체지향설계",True,True,False,False,False,True,target_department_and_target_course,0.16666666666666666
58637,2022,충남대학교,공과대학,컴퓨터융합학부,운영체제및실습,3,1학기,3,2,2,전공(핵심),"학생들이 운영체제가 무엇인지, 그리고 운영체제가 어떻게 컴퓨터를 제어해서 여러 프로그램들이 실시간으로 실행되도록 하는지를 이해하게 함. 컴퓨터 운영체제 개발자이든 컴퓨터 사용자이든 또는 프로그래머이든 간에 컴퓨터 자원을 효율적으로 사용하여야 하므로, 운영체제의 동작원리를 이해하도록 지도함. 원리와 함께 Linux와 같은 상용 운영체제의 내부 구조와 기능을 사례로 소개하여 학생들이 실제적 지식을 얻도록 지도함. 컴퓨터공학과 학생들이 컴퓨터 하드웨어와 소프트웨어의 상관관계를 프로그래밍을 통해서 이해할 수 있도록 설계되었음. 주요 내용은 프로세스 관리,쓰레드 개념, 파일 관리, 파일 시스템, 입출력 관리, 인터럽트 처리 방법, 메모리 관리, 가상 메모리, 프로세스 스케줄링 등으로 구성됨. 이 과목의 실습에서는 리눅스를 활용하여 컴퓨터 운영체제의 주요 기능들을 이해하고, 활용하는 방법을 학습함","교재 : Operating Systems, Internals and Design Principles (9th Ed.), William Stallings, Pearson, 2017 (8th Ed. 또는 7th Ed.도 가능)참고문헌 : 주별 프로그램 실습, 학습 내용 문제 풀이강의노트 : 충남대학교 사이버캠퍼스 운영체제및실습 과목의 '자료실' 게시판 참조",,,"C언어 프로그래밍, 자료구조,시스템 프로그래밍 선수강 권장",True,True,False,True,False,True,target_department_and_target_course,0.16666666666666666
58638,2022,충남대학교,공과대학,컴퓨터융합학부,프로그래밍언어개론,3,1학기,3,2,2,전공(심화),프로그래밍 언어 이해프로그래밍 언어 구문과 의미 정의인터프리터 구현함수형 언어 활용 경험,"""Programming Languages: Application and Interpretation"", Second Edition, Shiriram Krishnamurthi""Introduction to Programming Languages"", Anthony A. Aaby위 교재의 내용을 참고하나 많은 부분 다른 방식으로 내용을 다루므로, 교재를 구입할 필요는 없음.",,,"컴퓨터프로그래밍1, 컴퓨터프로그래밍2, 이산수학, 계산이론최소 컴퓨터프로그래밍1,2 및 이산수학 수강 후 본 강좌를 수강하길 바람.",True,True,False,False,False,True,target_department_and_target_course,0.16666666666666666
58639,2022,충남대학교,공과대학,컴퓨터융합학부,영상처리,3,1학기,3,2,2,전공(심화),"본 과목에서는 영상처리 분야에 대한 전반적인 내용을 강의한다. 영상 획득, 화질 개선, 객체 분할, 컬러 영상 처리, 객체 인식, 영상 압축 등에 관한 내용을 다룰 예정이며, 동시에 컴퓨터 프로그래밍 (Python)을 통해 실제로 구현하는 실습 과정을 함께 진행한다.",매주 PDF 파일 제공 예정,,,"선형대수, 확률 및 통계",True,True,False,False,False,True,target_department_and_target_course,0.16666666666666666
58640,2022,충남대학교,공과대학,컴퓨터융합학부,디지털시스템설계,3,2학기,3,2,2,전공(심화),하드웨어 설계언어인 Verilog HDL 언어를 이용한 설계능력을 배양한다.컴픂터 하드웨어의 구조와 동작을 이해하고 설계할 수 있다.컴퓨터 연산 알고리즘을 이해한댜.,"강진구 외, Verilog를 이용한 디지털시스템 설계, CENGATE Learning / 한티미디어<참고문헌>Computer Arithmetic Algorithms Israel Koren신경욱, Verilog HDL을 이용한 디지털 시스템 설계 및 실습, 카오스북",,,논리회로및실험,True,True,True,False,False,True,target_department_and_target_course,0.16666666666666666
58646,2022,충남대학교,공과대학,컴퓨터융합학부,전자회로,3,1학기,3,3,0,전공(심화),"로봇/드론과 같은 인공지능시스템을 비롯한 모든 컴퓨터시스템은 기본적으로 전자회로로 구성되어 있으며, 이러한 전자회로에 대한 이해는 컴퓨터시스템을 이해하는데 있어 중요한 밑바탕이 된다. 본 과목에서는 전자회로의 기본이 되는 회로이론과 트랜지스터 소자, 그리고 이를 이용한 증폭 회로 및 디지털 회로의 원리를 학습한다. 이를 통해, 향후 디지털시스템설계, SoC설계, 임베디드시스템 등의 수업에 대한 기초를 제공한다.","주 교재: Razavi 전자회로, 한티미디어 김철우 외 5인참고 문헌: Nilson 회로이론, 한티미디어 장주욱 외 9인",,,"기초물리학, 논리회로",True,True,False,False,False,True,target_department_and_target_course,0.16666666666666666
58648,2022,충남대학교,공과대학,컴퓨터융합학부,알고리즘응용,3,1학기,3,2,2,전공(핵심),기존 자료구조 및 알고리즘에서 배웠던 개념 복습 및 새로운 알고리즘을 학습하고 실제 기출문제들을 통해 배운 내용들을 활용하는 능력을 키운다.,없음 (강의 슬라이드 제공),,"1. Guide to Competitive Programming, Antti Laaksonen (역저: 알고리즘 트레이닝 : 프로그래밍 대회 입문 가이드)2. Competitive Programming 4, Halim, Steven / Halim, Felix / Effendy, Suhendry (역저: 알고리즘 트레이닝 : 자료 구조, 알고리즘 문제 해결 핵심 노하우)","컴퓨터 프로그래밍1, 컴퓨터 프로그래밍2, 자료구조, 알고리즘C++ 혹은 자바 프로그래밍이 가능해야 함 (C++ 추천)",True,True,False,True,False,True,target_department_and_target_course,0.08333333333333333
58649,2022,충남대학교,공과대학,컴퓨터융합학부,데이터베이스,3,1학기,3,2,2,전공(핵심),"본 강의는 대량의 데이타를 저장하고 검색하며, 조작할 수 있는 데이타베이스의 기본 개념 및 이론, 응용 기술을 습득시키는 데 그 목적이 있다. 이를 위해 데이터베이스 시스템에 대한 전반적인 개요 및 관계 데이터베이스 개념, 질의언어 및 트랜잭션 처리방법, 시스템 구조 등에 대한 이해를 통하여 데이터베이스 시스템 운용 및 응용프로그램 개발 능력을 갖도록 한다.","주 교재: “The Guide for SQL Professional (SQL 전문가 가이드)”, 한국데이터산업진흥원, 2020.이규철, “데이타베이스 시스템 이론과 응용 인터넷과 Java 중심으로”, 홍릉과학출판사참고 문헌: 데이터베이스 프로그래밍 관련 서적",,,"자료구조, 웹 프로그래밍",True,True,False,True,False,True,target_department_and_target_course,0.16666666666666666
58650,2022,충남대학교,공과대학,컴퓨터융합학부,데이터통신,3,1학기,3,2,2,전공(심화),"21 세기 정보화 사회를 달성하기 위해 핵심적으로 추진하여야 할 과제는 개인 컴퓨터 들을 비롯하여 다양한 통신 객체들을 네트워크로 연결하는 것이다. 본 강의의 최종 목표는 이러한 통신 객체들간에 어떻게 통신이 이루어지고, 이를 통해 음성, 전자 우편, 인터넷 서비스가 제공되는지에 공부하는 것이다.","교재: B. Forouzan, ""Data Communications and Networking,"" 4th edition, McGraw Hill, 2007.참고물: 김상하, ""성공적인 컴퓨터 네트워크의 이해,"" 홍릉과학출판사, 2007. 강의자의 슬라이드 자료들<참고문헌>1. 인터넷 프로토콜 자료구조 (파일 read/write) 이해를 위한과제2. 2개의 컴퓨터간의 통신 (Ethernet frame만 이용) 과제3. ARP 프로토콜 구현 과제 (IP chatting, Proxy ARP 포함)4. 무선 라우터 구현 과제",,,자료구조컴퓨터구조,True,True,False,False,False,True,target_department_and_target_course,0.16666666666666666
58651,2022,충남대학교,공과대학,컴퓨터융합학부,이동통신,4,2학기,3,2,2,전공(심화),"현재 5세대 이동통신망에 대한 연구 및 표준화 작업이 매우 활발히 진행되고 있다. 본 강의에서는 현재까지 이동통신망의 발전, 특히 통신망 프로토콜에 대해 공부한 후, 현재 진행 중인 5세대 이동통신망과 연결된 기술 및 방향에 대해 공부한다.","M. Sauter, From GSM to LTEAdvanced Pro and 5G: An Introduction to Mobile Networks and Mobile Broadband, 3rd ed., John Wiley & Sons Ltd., 2017.강의자의 슬라이드 자료들",,,"데이터통신, 컴퓨터네트워크",True,True,False,False,False,True,target_department_and_target_course,0.16666666666666666
58652,2022,충남대학교,공과대학,컴퓨터융합학부,정보보호,4,2학기,3,2,2,전공(심화),"처음 암호학을 접하는 학생을 위해 기본적인 암호와 보안의 개요에 대하여 학습하고, 통신과정에서 발생할 수 있는 정보보호 문제를 해결하기 위한 암호 알고리즘 및 암호 프로토콜에 관하여 학습한다.","알기 쉬운 정보보호개론 : 흥미로운 암호 기술의 세계, 3판, 히로시 유키 지음, 이재관, 전태일, 조재신 공역, 인피니티북스강의 노트",,,자료구조,True,True,False,True,False,True,target_department_and_target_course,0.16666666666666666
58655,2022,충남대학교,공과대학,컴퓨터융합학부,임베디드소프트웨어,4,1학기,3,2,2,전공(심화),"내장형 소프트웨어의 개발 환경을 이해한다.ARM프로세서를 이해하고, 프로그래밍 할 수 있다.내장형 운영체제의 구조를 이해하고, 주요 시스템 소프트웨어를 구현할 수 있다.내장형 운영체제를 위한 디바이스 드라이버를 설계할 수 있다센서들과 모터제어 프로그램을 작성할 수 있다.",없음ARM CORTEXM4 프로세서 관련 자료,,,운영체제및실습C 프로그래밍,True,True,False,False,False,True,target_department_and_target_course,0.16666666666666666
58657,2022,충남대학교,공과대학,컴퓨터융합학부,시스템및네트워크보안,4,1학기,3,2,2,전공(심화),정보보호 분야를 이해하는데 필요한 포괄적인 기초 지식 학습컴퓨터 시스템에 대한 지식을 바탕으로 시스템 보안 기술의 원리와 적용 방법 학습각종 통신 프로토콜 및 IT 보안 장비에 대한 지식을 활용하여 네트워크 보안 기술의 원리와 적용 방법 학습,"강의 슬라이드 자료가 주제별로 제공됨. 아래 제시된 참고문헌을 활용함컴퓨터 보안: 원리 및 실습(3판), William Stallings 등 지음, 한영묵 등 번역, 한티미디어, 2016년네트워크 해킹과 보안(3판), 양대일 지음, 한빛아카데미, 2016네트워크 보안 에센셜(4판), 이재광 등 지음, 생능출판사, 2013년정보보안 개론과 실습: 시스템 해킹과 보안(개정판), 한빛아카데미, 2013년Seed Lab (https://seedsecuritylabs.org)",,,"컴퓨터구조, 운영체제, 컴퓨터통신, 시스템 프로그래밍에 대한 포괄적인 이해",True,True,False,False,False,True,target_department_and_target_course,0.16666666666666666
58658,2022,충남대학교,공과대학,컴퓨터융합학부,디지털 VLSI,4,2학기,3,3,0,전공(심화),디지털 CMOS 회로를 설계할 수 있다.CMOS 회로를 해석하고 분석할 수 있다.반도체 및 MOSFET 트랜지스터를 이해한다.,"주 교재: 백준기 외, CMOS VLSI 설계원리, Pearson Education Korea참고 문헌: CMOS VLSI Design, Pearson Weste/Harris",,,"전자회로, 논리회로",True,True,False,False,False,True,target_department_and_target_course,0.16666666666666666
58659,2022,충남대학교,공과대학,컴퓨터융합학부,데이터베이스설계,4,1학기,3,2,2,전공(심화),"데이터베이스 응용시스템 개발을 위해 필요한 DB 설계과정 및 데이터베이스 언어, 표준 프로그래밍 인터페이스를 습득함.데이터 아키텍처 준전문가(DASP) 수준의 실무 데이터 아키텍쳐 능력을 키움.","주 교재 : “The Guide for Data Architecture Professional”, 데이타아키텍쳐 전문가 가이드, 한국데이터베이스진흥원, 2020 EditionJSP 교재 : https://www.tutorialspoint.com/jsp/index.htm참고 문헌: 관계형 데이터 모델링 노트, 김기창, 위즈덤마인드, 2018",,,"자료구조, 웹프로그래밍, 데이터베이스",True,True,True,True,False,True,target_department_and_target_course,0.16666666666666666
58660,2022,충남대학교,공과대학,컴퓨터융합학부,딥러닝,4,1학기,3,3,0,전공(심화),1. 신경망 및 깊은 신경망에 대해 이해한다.2. 깊은 신경망을 학습 방법론을 이해한다.3. 특정 문제에 적합한 신경망의 특징적 구조를 이해한다.4. 프로그래밍을 통해 신경망을 구현한다.,"주교재: 강의자료참고문헌: Deep Learning (Ian Goodfellow et al., MIT Press)) (번역본 있음)",,,"수학: 선형대수, 확률과통계머신러닝 이론프로그래밍: Python, Pandas, Numpy",True,True,False,True,False,True,target_department_and_target_course,0.16666666666666666
58663,2022,충남대학교,공과대학,컴퓨터융합학부,논리회로,2,1학기,3,2,2,전공(핵심),논리회로의 기본 개념을 이해하고간단한 논리회로부터 복잡한 논리회로까지 동작 방식과 설계 기법을 학습함으로써컴퓨터구조를 이해하는데 필요한 기초 지식을 습득한다.,"Roth & Kinney, Fundamentals of Logic Design (7th Ed), 2014 혹은강진구 외, 논리설계기초 (제7판), 센게이지러닝, 2017년 2월",,,,True,True,False,False,False,True,target_department_and_target_course,0.25
58664,2022,충남대학교,공과대학,컴퓨터융합학부,디지털신호처리,2,1학기,3,2,2,전공(심화),"이 과목을 통해 학생들은 디지털 신호 시스템에 대한 이해를 통해서 통신 멀티미디어 디지털 시스템 및 인공지능에 필요한 기초지식을 학습한다. 컴퓨터공학에서 개설되는 전자회로, 영상처리, 멀티미디어, 디지털 시스템 등의과목들을 수강하기 위해 필요한 기본 지식을 확보하고 디지털 신호 시스템과 응용에 대한 깊은 이해를 할 수 있게된다.디지털 신호처리(DSP)는 샘플링된 신호나 데이터를 숫자로 표현, 컴퓨터를 이용하여 분석, 처리하는 것이다.신호의 주파수 영역 해석법을 이해한다.디지털 신호 및 시스템을 이해하고 설계할 수 있는 능력을 학습한다.응용분야로 통신, 영상처리, 데이터 압축, 음성신호처리, 인공지능 등이 있다.","Matlab을 이용한 디지털 신호처리(권욱현), Cengage LearningEssentials of Digital Signal Processing using MATLAB, (3rd Edition) V.K. Ingle and J.G. Proakis김명진, MATLAB 실습과 함께 배우는 신호와 시스템, 생능출판사장영범, DSP 이론과 실무, 2009.08.31",,,"수학, 선형대수",True,True,False,False,False,True,target_department_and_target_course,0.16666666666666666
58738,2022,충남대학교,농업생명과학대학,농업경제학과,농산업 빅데이터의 이해,4,1학기,3,3,0,전공(심화),농산업 관련 빅데이터의 이해와 분석 능력을 배양하는데 목적이 있음.,"강의노트 활용이동수 외, R과 빅데이터 이해 2판 장용식 외, 머신러닝을 활용한 R 데이터분석브레트 란츠, R을 활용한 머신 러닝 2/e백영민, R를 이용한 텍스트 마이닝",,,,False,True,False,True,True,True,strong_ai_cs_course_outside_target_department,0.25
58796,2022,충남대학교,농업생명과학대학,바이오시스템기계공학과,바이오시스템 인공지능 개론,2,1학기,3,3,0,전공(핵심),인공지능 기본개념과 바이오시스템 분야 활용에 대한 실습을 통해 인공지능 역량을 학습한다,농업인공지능 이론 및 실습(2022년 2월 출판예정),,,"컴퓨터 프로그래밍, Python등",False,True,False,True,True,True,strong_ai_cs_course_outside_target_department,0.16666666666666666
58806,2022,충남대학교,농업생명과학대학,바이오시스템기계공학과,바이오시스템 기계학습,3,2학기,3,3,0,전공(심화),기계학습에 필요한 배경 및 이론 학습기초수확을 이용한 기계학습 접근파이썬 코드를 이용한 구현 능력 강화,교재 : 자체 제작 슬라이드 이용 계획(추가 교재 별도 공지),,,,False,True,False,True,True,True,strong_ai_cs_course_outside_target_department,0.25
59362,2022,충남대학교,사범대학,교육학과,AI활용 융복합 교육과정 및 교수설계,1,1학기,2,2,0,전공,1. 교육과정 및 교수설계를 이해하고 적용할 수 있다. 2. 융복합 교육과정 및 교수설계 방안을 이해하고 적용할 수 있다.3. AI 융복합 교육과정 및 교수설계를 실행할 수 있다.4. AI 융복합 교육과정 및 교수설계와 관련한 연구논문을 기획하고 연구를 수행할 수 있다.,사이버캠퍼스 별도 공지 예정,,관련 선행연구(사이버캠퍼스 별도 공지 예정),"교육의 이해 등 기초 과목 이수가 권고되나, 필수는 아님",False,True,True,True,True,True,strong_ai_cs_course_outside_target_department,0.08333333333333333
59363,2022,충남대학교,사범대학,교육학과,AI 교육기반 연구방법론,1,1학기,2,2,0,전공,1. 교육 현장 연구 방법에 대한 기본적인 이론을 이해하고 적용할 수 있다.2. 연구논문 초안을 작성할 수 있다.,사이버캠퍼스에 별도 공지 예정,,,,False,True,False,True,True,True,strong_ai_cs_course_outside_target_department,0.25
59364,2022,충남대학교,사범대학,교육학과,머신러닝 개론,1,1학기,2,2,0,전공,"1. 데이터 분석 및 처리에 대한 이해 2. 머신러닝 방법론과 모델에 대한 이해3. 프로그래밍을 통한 데이터 처리, 머신러닝 구현","주교재: 강의자료부교재: 1) 따라하며 배우는 파이썬과 데이터 과학 (천인국 외, 생능출판사)2) 파이썬으로 경험하는 빅데이터 분석과 머신러닝 (이영호 외, 생능출판사)",,,"수학: 선형대수, 확률과 통계프로그래밍: Python 기초",False,True,False,True,True,True,strong_ai_cs_course_outside_target_department,0.16666666666666666
59366,2022,충남대학교,사범대학,교육학과,AI 활용 수업의 실제,1,1학기,2,2,0,전공,현장 학교에서 활용가능한 혹은 활용을 계획할 수 있는 다양한 AI 도구들을 바탕으로 이를 활용한 수업을 설계하고 실천할 수 있다.,AI 수업 관련 다양한 국내외 문헌,,,AI 도구활용 교육을 선수학습으로 수강하는 것이 수업을 더 효율적으로 수강할 수 있음.,False,True,False,True,True,True,strong_ai_cs_course_outside_target_department,0.16666666666666666
59367,2022,충남대학교,사범대학,교육학과,딥러닝 기초 및 응용,1,1학기,2,2,0,전공,신경망 모델에 대한 이해,"처음 시작하는 딥러닝 : 수학 이론과 알고리즘부터 CNN, RNN 구현까지 한 권으로 해결하기",,딥러닝과 관련된 모든 책들,딥러닝도구 기초및활용,False,True,False,True,True,True,strong_ai_cs_course_outside_target_department,0.08333333333333333
59509,2022,충남대학교,사범대학,전기전자통신공학교육과,컴퓨터구조,3,1학기,3,3,0,전공(심화),컴퓨터시스템에 대한 기본 개념을 습득하고 컴퓨터구조를 구성하는 주요 부분에 대한 동작 방식을 학습함으로써 프로그램이 동작되는 원리를 이해한다.,"강의자료 (논리회로와 컴퓨터구조의 기본 내용을 발췌하여 제공함)신종홍, 컴퓨터구조와 원리3.0 다양한 그림으로 배우는 컴퓨터동작원리, 한빛아카데미, 2021년(선택)",,"참고문헌 1: 강철희, 양세양, 이진걸, 하경재 공역, 디지털 논리와 컴퓨터 설계 (4판), 교보문고, 2007년참고문헌 2: 박명순 등 역, 컴퓨터구조 및 설계 (5판), 한티미디어, 2015년","논리회로, 컴퓨터프로그래밍",True,True,False,True,True,True,target_department_and_target_course,0.08333333333333333
59510,2022,충남대학교,사범대학,전기전자통신공학교육과,논리회로,1,2학기,3,3,0,전공(기초),"1. 디지털 집적회로 및 시스템 설계에 필요한 원리와 공학적 이론 학습2. 디지털 시스템에서 수의 표현, 조합 논리회로 및 순서 논리회로의 이해와 설계 능력 함양","교재(국문): 디지털 디자인 6판, 예윤해(역), 2020, 퍼스트북교재(영문): Digital Design 6E, M. Morris Mano, Pearson참고문헌(국문): 최신 디지털 공학 11판, 박기환(역), 2018, 시그마프레스참고문헌(영문): Digital Fundamentals 11E, Thomas L. Floyd, 2015, Pearson",,,없음,True,True,False,False,True,True,target_department_and_target_course,0.16666666666666666
59513,2022,충남대학교,사범대학,전기전자통신공학교육과,창의공학설계프로젝트,1,1학기,3,3,0,전공(핵심),"이 수업의 목표는 공학설계 과정과 이를 효율적으로 수행하기 위해서 필요한 팀워크, 의사소통, 발명과 디자인 개념, 창의적 사고기법 등을 이해하고 활용할 수 있도록 제반 이론을 습득하고, 설계 과제에 대한 팀별 활동을 통해 공학설계의 기본적인 과정을 학습하는 것이다.1. 창의적인 공학설계 과정과 이를 효율적으로 수행하기 위해서 필요한 팀워크, 의사소통, 발명과 디자인 개념, 창의적 사고기법 등을 이해하고 활용할 수 있다.2. 부여된 공학설계 과제를 공학설계 과정에 따라서 효율적으로 설계할 수 있다.3. 공학 설계한 결과를 고객에게 발표하고, 설득하며, 필요한 자료를 정리하여 제시할 수 있다.",김태훈 외. (2012). Freshman을 위한 공학설계입문(개정판). 한티미디어.,,김태훈 외(2020). 발명과 디자인. 국고커뮤니케이션.,"이 과목을 수강하는 학습자는 기본적으로 공학자로서 설계의 중요성에 대해 이해하고 문제해결의 중요성, 창의적인 해결 기법들의 필요성에 대해 공감해야한다.",True,False,True,False,True,True,target_department_and_foundational_course,0.08333333333333333
59514,2022,충남대학교,사범대학,전기전자통신공학교육과,전기·전자·통신기초실습,1,2학기,3,0,6,전공(기초),전기 전자 통신에 필요한 기본 개념을 이해하고 각종 계측장비를 사용하여 회로를 분석할 수 있는 능력을 배양한다.,한학근 NCS기반 전기회로실험 동일출판사,,,전기회로에 대한 기본 개념 이해,True,True,False,False,True,True,target_department_and_target_course,0.16666666666666666
59515,2022,충남대학교,사범대학,전기전자통신공학교육과,고급프로그래밍,2,2학기,3,2,2,전공(핵심),1. 파이썬(Python)의 특징과 중요성에 대해 이해2. 파이썬을 다양한 분야에 적용 및 응용한 문제 해결능력 함양,"교재: 파이썬 for Beginner 2판, 우재남, 2020, 한빛아카데미참고문헌: 파이썬 Express, 천인국, 2020, 생능출판",,,컴퓨터프로그래밍(C언어),True,True,False,False,True,True,target_department_and_target_course,0.16666666666666666
59516,2022,충남대학교,사범대학,전기전자통신공학교육과,컴퓨터프로그래밍,2,1학기,3,3,0,전공(핵심),"기초적인 C언어에 대한 이해를 바탕으로 사용 능력을 습득한다. C언어의 변수를 활용하여 수식을 연산하고 조건문, 반복문을 포함한 프로그램을 구성한다. 또한 배열, 포인터를 적용 및 활용하여 프로그래밍 언어를 작성하는 능력을 갖출 수 있도록 한다.","교재: 기본 C언어 교재 무관참고문헌:1. C 언어 for Beginner, 우재남, 개정3판, 한빛아카데미2. 쉽게 풀어쓴 C언어 Express, 천인국, 개정3판, 생능출판",,,없음,True,True,False,False,True,True,target_department_and_target_course,0.16666666666666666
59517,2022,충남대학교,사범대학,전기전자통신공학교육과,논리회로실험,2,1학기,3,0,6,전공(심화),이론과목을 통해 배운 논리회로를 실험을 통하여 확인/검증한다. 기초적인 이진 논리동작을 이해하고 논리동작을 구현하는 기본적인 논리 Gate의 동작 원리 및 쓰임을 이해한다.기본적인 논리회로의 이해 후 특정한 목적을 갖는 복잡한 논리회로를 설계할 수 있는 실력을 배양한다.,"임석구, 홍경호, 디지털 논리회로 실험 120개의 기본 실험과 12개의 텀 프로젝트 2판, 한빛아카데미, 2022년",,,,True,True,True,False,True,True,target_department_and_target_course,0.25
59519,2022,충남대학교,사범대학,전기전자통신공학교육과,전기·전자·통신교육론,2,1학기,3,3,0,전공(핵심),"전기전자통신공학교육을 전공하는 학생으로서 전기전자통신공학교육의 제반 성격과 목적을 이해하고, 그 이해를 바탕으로 구체적인 전기전자통신과 교육을 실천할 수 있는 전문적인 능력을 기른다.","노태천, 이용순, 류병로, 김태훈. (2015). 공업교육학신론(개정판). 문음사.",,,,True,True,False,False,True,True,target_department_and_target_course,0.25
59520,2022,충남대학교,사범대학,전기전자통신공학교육과,회로이론1,2,1학기,3,3,0,전공(기초),1. 전기 및 전자공학의 기초학문인 회로이론의 해석법에 대한 학습을 수행하여 다양한 전기회로의 해석능력을 배양한다. 2. 전기.전자.통신분야의 여러 응용교과에 접목되는 실제적 회로이론에 대한 분석능력을 습득한다.,1. 교재명 : Basic Engineering Circuit Analysis (11th edition)2. 저자 : J. David Irwin3. 출판사 : JWilly & Sons,,"<참고문헌>참고문헌 명 : 회로이론(9th 개정판, 번역서)저자 : J.A. Svoboda, R.C.Dorf(김용권 외 공역)","공업물리, 공업수학 (미분방정식 등)",True,True,False,False,True,True,target_department_and_target_course,0.08333333333333333
59521,2022,충남대학교,사범대학,전기전자통신공학교육과,회로이론2,2,2학기,3,3,0,전공(핵심),"전기 및 전자공학의 기초학문인 전기회로의 해석법에 대한 이론적 학습을 수행하여 다양한 회로의 해석능력을 배양한다. 또한, 자동제어, 전기기기, 전자회로 등의 학문에 접목되는 실제적 회로이론에 대한 분석 능력을 습득한다.","주교재: 정찬수 외 역, 회로이론(출판사: 퍼스트북) 원서: J. David Irwin, Basic Engineering Circuit Analysis(출판사: JWilly & Sons) 참고문헌: Nilsson, Riedel, Electric Circuits(출판사: Pearson)",,,"공업수학, 공업물리, 회로이론1",True,True,False,False,True,True,target_department_and_target_course,0.16666666666666666
59523,2022,충남대학교,사범대학,전기전자통신공학교육과,전기·전자·통신교육과정및교재연구,3,1학기,3,3,0,전공(핵심),"이 수업의 목표는 공업 교육과정과 교재연구에 대한 이론적 탐색을 기초로 공업계 고등학교 교사로서의 전문적 자질을 갖게 하는데 있다.1. 공업고등학교 전지전자통신 교육과정과 관련된 기초 이론을 이해하고 실제 교육현장에서 적용할 수 있는 능력을 함양한다.2. 공업고등학교 전기전자통신 교육과정과 교재의 제 특성을 이해하여 교재(모듈)을 선정, 수업모형의 개발과 적용 및 수업 평가를 할 수 있는 능력을 함양한다.",자체 제작된 수업 교재를 활용하여 수업을 진행할 예정임,,"1. 이무근, 원성봉(2000). 직업교육과정과 평가. 교육과학사.2. 노태천, 이용순 외(2020). 공업교육학 신론. 문음사.3. 이무근 외(2020). 실기교육방법론. 교육과학사.4. 김판욱 외(2010). 능력중심 교육과정의 이해와 개발. 양서원.",이 과목을 수강하는 학습자는 기본적으로 수업에 대한 학습설계안 작성과 수업운영 경험을 가지고 있어야 하며 특성화 고등학교에서 적용되고 있는 교과목과 교육과정을 이해하고 있어야 한다.,True,True,False,False,True,True,target_department_and_target_course,0.08333333333333333
59524,2022,충남대학교,사범대학,전기전자통신공학교육과,데이터통신(캡스톤디자인),3,1학기,3,3,0,전공(핵심),"전자정보 데이터통신 기술의 근간이 되는 기본 이론과 원리들을 학습하고, 이들의 응용에 익숙해 진다.","Data Communications and Networking, 5th Ed., B. A. Forouzan, 2013[1] 최신 정보통신개론과 데이터통신, 김덕환/김종철/윤영현/이원철/이형우/이호순/조종덕, 2006[2] Data Communications Principles (데이터 통신의 이해), 정진욱/안성진/김현철/한정수, 2008",,,,True,True,True,False,True,True,target_department_and_target_course,0.25
59529,2022,충남대학교,사범대학,전기전자통신공학교육과,전기·전자·통신 교수법 및 평가,3,2학기,2,2,0,전공(핵심),"이 수업의 목표는 전기·전자·통신 분야의 공업계 고등학교 수준의 전공이론과 기능을 학습자에게 효율적으로 교육하고, 자신의 수업을 계획하고, 평가를 계획하고, 수업 분석을 통해 더 나은 수업을 만들 수 있는 예비교사의 자질을 갖출 수 있도록 하는데 있다.1. 공업고등학교 전지전자통신 교육내용을 토대로 효율적인 교수법, 필요한 수업 자료를 탐색, 개발할 수 있는 능력을 함양한다.2. 수업의 결과를 평가하기 위해 필요한 평가를 탐색, 개발 할 수 있는 능력을 함양한다.",수업에서 활용되는 교재는 수업자료를 활용함.,,1. 성태제(2019). 교육평가의 기초. 학지사2. 백순근(2019). 교육평가의 이론과 실제. 교육과학사.3. 황정규 외(2016). 교육평가의 이해. 학지사.4. 황정규(2005). 학교학습과 교육평가. 교육과학사.,"이 과목을 수강하는 학습자는 기본적으로 교과교육학(기본적인 수업설계 구상능력 및 고교수준 정도의 전공이론), 교육공학(수업의 효율성을 높이는 수업자료의 수집 및 제작, 활용 능력)에 대한 기본지식이 있어야 한다.",True,True,False,False,True,True,target_department_and_target_course,0.08333333333333333
59531,2022,충남대학교,사범대학,전기전자통신공학교육과,전기설비설계 및 법규,4,1학기,3,3,0,전공(심화),"전선과 허용전류, 발전설비, 송·배전설비, 수·변전설비, 배선설비, 조명설비, 동력 설비, 전기 설비의 시험과 검사, 그리고 전기 관계 법규 등에 관한 전기관련 설비 전반을 이해한다.","1. (고등학교)전기설비 : 서울교과서2. (NCS에 맞춘) 전기설비 : 최연수 저, D.B.Info.3. NCS학습모듈 : 내선공사 등4. 특성화 사업 NCS기반 강의 보조교재 활용 : 내.외선 공사",,,"회로이론, 전기자기학, 전력공학, 전기기기 관련 교과 등",True,False,True,False,True,True,target_department_and_foundational_course,0.16666666666666666
59722,2022,충남대학교,사회과학대학,문헌정보학과,데이터사이언스개론,2,1학기,3,3,0,전공(심화),"1. 연구 질문을 효과적으로 만든다2. 데이터 소스를 식별하고, 데이터를 수집, 정리 및 병합한다3. 정형 또는 비정형 데이터를 처리한다4. 데이터 분석을 위한 적절한 통계 방법을 식별하고 적용한다 5. 데이터 작업을 위한 도구를 비판적으로 평가한다6. 데이터 생성 및 분석에서 다국어 및 다문화 문제를 해결한다7. 데이터 사이언스의 윤리 및 개인정보 문제를 해결한다8. 새로운 트렌드를 식별한다",강의 PPT와 주차별 학습 목표에 따른 참고문헌 추가로 제공,,,,False,True,False,True,False,True,strong_ai_cs_course_outside_target_department,0.25
59733,2022,충남대학교,사회과학대학,문헌정보학과,데이터분석및시각화,3,2학기,3,3,0,전공(심화),1. 통계적 도구 및 방법을 통한 데이터 분석2. 의사결정을 위한 데이터 분석 시각화 도구 활용3. 데이터 분석 및 시각화에 필요한 원천데이터 획득 및 가공 방법 활용,<주요교재>강의 PPT 제공 및 주차 별 목표에 따른 참고 문헌 추가로 제공,,,,False,True,False,True,False,True,strong_ai_cs_course_outside_target_department,0.25
59864,2022,충남대학교,사회과학대학,사회학과,사회과학데이터분석,3,2학기,3,3,0,전공(심화),"■ 강의 소개 및 목표수강 대상: 사회학과 학부생통계 이론에 대한 직관적 + 수학적 이해사회과학적 사고의 함양replication을 통한 데이터 분석 연습 자신의 연구 주제에 대해 적절한 분석 능력을 함양경험적 사회과학 학술논문 작성 연습■ 요청사항통계학은 그 특성상 각 강의 내용이 독립적이지 않고 점차 난이도가 높아지기 마련이어요. 따라서 “복습”이 매우 중요합니다. 복습을 꼭 충실히 해 주셔요. 잘 이해되지 않는 부분에 대해서는 수업시간에 혹은 수업 후에 개인적으로라도 꼭 질문해 주셔요. 통계 이론의 수학적인 차원에만 초점을 맞추는 것이 아니라, 독립변수와 종속변수의 관계를 통해 사회적 현상을 설명하고자 하는 “논리적 사고”를 중요하게 생각해 주셔요. 부과해 드리는 논문을 “비판적으로” 생각하면서 읽어 주셔요. SPSS 분석 연습을 열심히 해 주셔요.",■ 교재김태근. 2006. UCan 회귀분석. 인간과 복지. 슬라이드와 실습 자료사회과학 예제 논문,,"■ 기타 참고 교재김현중.박래수.박정식.윤영선. 2022. 현대통계학. 제6판. 다산출판사. 소정현. 2022. 2022 사회조사분석사 2급 2차 실기 한권으로 끝내기. 시대고시기획. Agresti, Alan. 2017. Statistical Methods for the Social Sciences. 5th edition, Pearson.Wooldridge, Jeffrey M. IntroductoryEconometrics: A Modern Approach. Cengage Learning.",사회학과의 <기초사회통계> 강의 또는 이에 준하는 기초통계학 강의를 수강했을 것,False,True,False,True,True,True,strong_ai_cs_course_outside_target_department,0.08333333333333333
59929,2022,충남대학교,사회과학대학,정치외교학과,공공외교와 Global Affairs,1,1학기,3,3,0,전공(핵심),"국제사회에서 발생하는 사건에 대한 이해를 통하여 국제적인 감각을 기르고, 미래에 국제사회의 Global Leader 로서의 역량을 함양한다. 공공외교의 개념에 대한 전반적인 이해 및 전문지식의 함양공공외교에 대한 이해도 증진을 바탕으로 수강학생의 향후 진로 탐색 및 미래 설계의 기초 제공본 과목을 이수한 학생은 한국국제교류재단에서 주관하는 각종 행사에 참여하거나 유용한 자료를 제공받아 활용할 수 있음","신진, 국제정치와 안보, 대전, 충남대학교 출판문화원, 2015이하 공공외교와 관련된 책자중 일부는 무료로 학생들에게 배포할 예정임. 홍석인 외, 그래서 공공외교가 뭔가요, 한국국제교류재단, 2019(수강학생에게 교재 및 학습용으로 개인별 1권씩 제공)김화정 외, 처음 만나는 공공외교, 한국국제교류재단, 2020(수강학생에게 교재 및 학습용으로 개인별 1권씩 제공)공공외교 활동을 꿈꾸는 이들을 위한 프로그램 안내서, 한국국제교류재단, 2020(수강학생에게 교재 및 학습용으로 개인별 1권씩 제공)KF 싱크탱크 박물관 도서관 인턴십, 한국국제교류재단, 2020(수강학생에게 교재 및 학습용으로 개인별 1권씩 제공)김상배 외, 지구화시대의 공공외교, 사회평론아카데미, 2019.문경연 외, 공공외교 이론과 사례, 한국국제교류재단, 2020.김상배, 아라크네의 국제정치학, 도서출판 한울, 2014.평화포럼 21, 매력국가 만들기, 21세기 평화재단연구소, 2005.",,,"한국국제교류재단(2019년) , ""그래서 공공외교가 뭔가요"" 의 주요내용을 탐독하여 공공외교 관련 기본개념을 사전 숙지한국국제교류재단(2020년), "" 처음 만나는 공공외교"" 의 주요내용을 탐독하여 공공외교 관련 기본개념을 사전 숙지 * 선수학습에 필요한 교재는 과목을 수강하는 학생들에게 배부",False,True,False,True,False,True,strong_ai_cs_course_outside_target_department,0.16666666666666666
60189,2022,충남대학교,생활과학대학,소비자학과,빅데이터분석과소비자,4,2학기,3,2,2,전공(심화),"본 과목은 4차 산업혁명시대에 활용가치가 더욱 높아지고 있는 빅데이터분석과 관련된 여러 방법론들을 학습하고 이를 바탕으로 실제 데이터를 통해 실습하고자 합니다.본 과목은 수강생들이 수업을 통해 배운 지식을 최대한 실무에서 활용하는 데에 주안점을 두고 수강생들이 데이터분석과 관련한 실용적인 역량을 배양하는 것을 목표로 합니다.수업에서는 R 또는 python을 활용할 계획이며, 아주 기초적인 수준에서의 논의를 진행할 것이기 때문에 이미 관련 프로그램을 잘 다루거나 데이터분석과 관련한 이해가 있으신 분들은 본 수업에서 다루는 내용이 그 기대를 충족하기가 어려울 것으로 예상됩니다. 따라서, 해당이 되는 분들은 굳이 본 수업보다는 보다 더 심화된 수준의 내용을 학습하는 것을 권장합니다.","주 교재는 없으며, 참고문헌 및 기타 자료를 활용하여 강의자료 슬라이드를 구성할 계획입니다.활용하는 자료에 대해서는 출처를 공개하도록 하겠습니다.",,,"기초적인 수준의 연구방법론에서 배운 내용들이 본 과목에서 일부 활용될 수 있습니다.본 과목에서 모든 내용을 다 다루진 않으므로, 기초 통계 및 연구방법론에 대한 이해가 선행된다면 수업을 수강하는 데 도움이 될 것입니다.",False,True,False,True,False,True,strong_ai_cs_course_outside_target_department,0.16666666666666666
60281,2022,충남대학교,생활과학대학,의류학과,패션데이터분석,2,1학기,3,2,2,전공(심화),"▶ 프로그래밍 기초 원리를 터득한다.: 컴퓨터 시스템과 언어의 관계를 이해함으로써, 프로그래밍의 기초 원리를 터득하는 것을 목표로 합니다. 프로그래밍에 처음으로 입문하려는 사람들에게 프로그래밍이 무엇이며, 무엇을 어떻게 더 공부해야 하는지를 깨닫게 해주고자 합니다. ▶ C 프로그래밍 언어를 사용하여 컴퓨팅 문제에 대한 솔루션을 구현한다.: 프로그래밍은 컴퓨터가 이해할 수 있는 언어로 알고리즘을 표현하는 행위입니다. 수업을 통해 C 프로그래밍 언어와 그 핵심 기능을 소개하고자 합니다. 이전에 프로그래밍 경험이 전혀 없더라도 이 수업을 수강한 후에는 컴퓨팅 문제 해결 프로세스의 일부로 간단한 알고리즘을 C 언어로 작성할 수 있을 것입니다.","▶ 교재는 수업 전에 제공되는 자체 강의 자료로 대체합니다.▶ 프로그래밍과 관련된 모든 자료(서적, 인터넷, 동영상 등)를 활용합니다.",,,▶ 수강자들이 프로그래밍 경험이 전혀 없다고 가정하고 진행되는 기초 강좌로 1)컴퓨터를 사용하여 문제를 해결하는 프로세스 및 2)프로그래밍에 관심이 있는 모든 수강자를 대상으로 합니다.▶ 1학년 과정인 ‘패션코딩’을 이수한 학생들이 수강하기를 권장합니다.※ 이 수업은 프로그래밍에 첫걸음을 내딛고자 하는 학생들을 위한 입문 강의로 실습과 함께 기본적인 이론이 강조됩니다. 단순히 프로그램 개발 실습을 원하는 학생들은 수강하기를 권장하지 않습니다.,False,True,False,True,False,True,strong_ai_cs_course_outside_target_department,0.16666666666666666
61974,2022,충남대학교,자연과학대학,수학과,암호론및실습,4,1학기,3,2,2,전공(심화),현재 실생활에서 사용되는 다양한 암호기술에 대한 기본적인 원리에 대해 이해하고 이를 구현하기 위해 정수론 및 선형대수의 기본적인 성질들이 어떤 방식으로 활용되는지 이해한다.,"Introduction to Cryptography with Coding Theory, 2nd Ed. W. Trappe, L. C.Washington 저",,,"2학년 전공인 정수론과 선형대수 1첫주에 클라우드 코딩 사이트 colab 실행 및 파이썬 기초 알려주지만, 사전에 공부하면 좋음colab: 설치 및 실행 기초(유튜브): https://youtu.be/v19SzGMOd2c파이썬: 기초 강좌 사이트(블로그): https://wikidocs.net/book/1",False,True,False,True,False,True,strong_ai_cs_course_outside_target_department,0.16666666666666666
61979,2022,충남대학교,자연과학대학,수학과,빅데이터해석및실습,4,1학기,3,2,2,전공(심화),1. Python Programming2. Machine Learning Algorithm3. Deep Learning Algorithm,Lecture notes will be provided.강의 자료가 제공됨,,,"Calculus, Linear Algebra, Mathematical Statistics미적분학과 해석기하학, 선형대수및 실습, 수리통계및 실습",False,True,False,True,False,True,strong_ai_cs_course_outside_target_department,0.16666666666666666
62013,2022,충남대학교,자연과학대학,정보통계학과,탐사적데이터분석,2,1학기,3,3,0,전공(핵심),자료를 분석하는 첫단계로서 자료를 요약하는 방법을 배우고 탐구한다.,"R을 활용한 탐색적 자료분석, 허명희 저 (자유아카데미)",,,통계학입문,False,True,False,True,False,True,strong_ai_cs_course_outside_target_department,0.16666666666666666
62017,2022,충남대학교,자연과학대학,정보통계학과,다변량데이터분석,3,1학기,3,3,0,전공(심화),". 다변량 분석법을 제대로 이해하기 위해서는 복잡한 행렬대수학이 필요한 통계 분석법이다. 이 과목에서는 수학적 전개 보다는 학생들이 쉽게 이해할 수 있는 수준에서 다변량의 기초 개념과 여러 분석법을 소개하여, 이와 유사한 형태의 자 료를 만났을 때 실제 분석할 수 있고 그 결과물을 해석할 수 있는 능력을 배양하고자 한다.","Main text: Lecture notes written by the instructorReferences: Johnson,R.A.Applied Multivariate Statistical Analysis,Prentice Hall 김재희(2014).R을 활용한 응용 다변량 분석 입문, 교우사 박흥선(2017).다변량 자료분석, 자유아카데미",,,"수리통계학, 회귀분석, 통계수학2(행렬수학)",False,True,False,True,False,True,strong_ai_cs_course_outside_target_department,0.16666666666666666
62026,2022,충남대학교,자연과학대학,정보통계학과,빅데이터분석 및 실습,3,2학기,3,2,2,전공(심화),1.빅데이터의 개념을 이해하고 빅데이터를 분석할 수 있는 여러가지 통계기법을 익힌다.2.통계프로그래밍(R)을 이용하여 실제자료를 분석할 수 있는 능력을 키운다.,"교재:강의노트참고문헌:1.빅데이터의 이해,이긍희 외,한국방송통신대학교 출판문화원 2.R을 이용한 빅데이터 분석,임동훈,자유아카데미",,,"수리통계, 회귀분석, 다변량자료분석, R활용 능력",False,True,False,True,False,True,strong_ai_cs_course_outside_target_department,0.16666666666666666
62519,2022,충남대학교,단과대구분없음,산업시스템공학과,인공지능,1,1학기,3,3,0,전공,"1. 인공지능의 기초 이론 및 응용을 Python 실습과 함께 이해한다.2. Python에서 제공하는 분석 도구를 통해 학습 모델을 구현한다.3. 머신러닝 및 딥러닝 분석 사례를 탐구하고, 실습을 통해 이해한다.",주교재:강의자료참고문헌:추후 공지,,,학습자 수요에 맞춰 진도를 조정하고자 합니다.,False,True,False,True,False,True,strong_ai_cs_course_outside_target_department,0.16666666666666666
62574,2022,충남대학교,단과대구분없음,약무임상약학과,공공의약데이터베이스의 활용,1,1학기,3,3,0,전공,"우리나라의 공공의약데이터베이스의 종류와 특성을 파악하고, 이를 이용한 연구계획 수립 및 수행능력을 함양한다.",강의자료,,,,False,True,False,True,True,True,strong_ai_cs_course_outside_target_department,0.25
62691,2022,충남대학교,단과대구분없음,축산학과,생물정보데이터와 기계학습,1,1학기,3,3,0,전공,"(1) 가축 표현형 데이터의 이해, (2) 바이오 빅데이터를 이용한 실습, (3) 바이오빅데이터와 인공지능 기술 을 이해할 수 있어야 한다.",Hand out 제공,,,"동물유전학, 동물 육종학, 기초 통계학, 프로그래밍 기초",False,True,False,True,False,True,strong_ai_cs_course_outside_target_department,0.16666666666666666
62726,2022,충남대학교,단과대구분없음,신약개발학과,CAAIEAnls,1,1학기,3,3,0,전공,"신약개발을 위한 융복합학문분야에 대한 이해와 기본적인 개념 정립 및 약물분석연구에 연구동향을 파악하고, 능력을 향상시켜 연구의 효율성 향상을 목표로 한다.",약물분석 관련 저널들,,,,False,True,False,True,False,True,strong_ai_cs_course_outside_target_department,0.25
62727,2022,충남대학교,단과대구분없음,신약개발학과,CAAIEAI,1,1학기,3,3,0,전공,신약개발에 필요한 기본개념과 working flow 이해를 위해 다양한 학문분야에 대한 탐색과 자료 정리를 통한 과제 수행,필요시 시트로 제공,,,없음,False,True,False,True,False,True,strong_ai_cs_course_outside_target_department,0.16666666666666666
62870,2022,충남대학교,단과대구분없음,스마트농업시스템학과,식물빅데이터유전체학,1,1학기,3,3,0,전공,디지털 농업과 유전체 관련 신기술을 토론하고 습득함.,최신 논문,,수업중 배포,,False,True,False,True,True,True,strong_ai_cs_course_outside_target_department,0.16666666666666666
62876,2022,충남대학교,단과대구분없음,스마트농업시스템공학과,스마트농업 인공지능 특론,1,1학기,3,2,2,전공,인공지능 기본개념과 바이오시스템 분야 활용에 대한 실습을 통해 인공지능 역량을 학습한다,"지필시험,인공지능 기법 실습",,,,False,True,False,True,True,True,strong_ai_cs_course_outside_target_department,0.25
62893,2022,충남대학교,단과대구분없음,바이오AI융합학과,AI를 위한 기초 프로그래밍,1,1학기,3,3,0,전공,"1. 논리적인 사고력을 키우고, 컴퓨터 파이썬 프로그래밍의 원리 학습.2. 융합적 사고를 바탕으로 문제해결 방법 학습.3. 데이터 분석을 위한 파이썬 라이브러리의 활용 방법을 학습.",자체 제작한 별도의 PPT 교재를 활용함 (PDF 파일로 강의자료 제공).,,"참고자료 :(1) Bioinformatics Algorithms Design and Implementation in Python , Migueal Rocha 외, elsevier, 2018.(2) Python for Everyone (https://www.py4e.com/)",프로그래밍에 대한 사전 지식이 없는 경우에도 수강이 가능함.,True,True,False,True,True,True,target_department_and_target_course,0.08333333333333333
62905,2022,충남대학교,단과대구분없음,마이크로디그리과정,기계학습및설계,3,2학기,3,2,2,전공(핵심),1. 다양한 머신러닝 알고리즘을 활용하여 예측 모델을 설계 및 구현하고 모델의 성능을 평가할 수 있다.2. 분석 과정에 필요한 파이썬 라이브러리의 사용법을 익힌다.,"1. 으뜸 데이터 분석과 머신러닝 / 박동규, 강영민 / 생능출판 / 20212. 교수가 제공하는 자료",,1. 데이터 과학을 위한 파이썬 머신러닝 / 최성철 / 한빛아카데미 / 20222. 파이썬으로 만드는 인공지능 / 오일석 외 / 한빛아카데미 / 20213. 프로그래머를 위한 Python 파이썬 / 안진섭 역 / 성안당 / 2021,"파이썬(Python) 프로그래밍 관련 또는 데이터 분석 관련 과정을 이수했다면 본 수업을 쉽게 이해할 수 있겠으나, 선수학습 없이도 이해 가능하도록 수업을 진행하겠습니다.",False,True,True,True,False,True,strong_ai_cs_course_outside_target_department,0.08333333333333333
62906,2022,충남대학교,단과대구분없음,마이크로디그리과정,산업 인공지능 및 실습2,3,2학기,3,2,2,전공(심화),"물산업 데이터 분석에 필요한 기초 인공지능 기술 습득, 인공지능 하드웨어와 센서 다루기",직접 제작한 주피터 노트북 및 PPT 제공,,,"프로그래밍 기초, 선형대수학 등",False,True,False,True,False,True,strong_ai_cs_course_outside_target_department,0.16666666666666666
62913,2022,충남대학교,단과대구분없음,모빌리티ICT융합학부,컴퓨터비전,3,2학기,3,2,2,전공(기초),"본 과목은 최근 가장 활발하게 연구되고 있는 컴퓨터 비전에 대해 학습한다. 컴퓨터비전과 관련된 기본적인 알고리즘과 컴퓨터비전을 위한 딥러닝에 대해 학습하며, 프로그래밍이 과제로 다루어질 예정이다.",매주 PDF 파일 제공 예정,,,,False,True,False,True,False,True,strong_ai_cs_course_outside_target_department,0.25
62916,2022,충남대학교,단과대구분없음,모빌리티ICT융합학부,기계학습,3,2학기,3,2,2,전공(핵심),"기계학습의 개념을 파악하고 kNN, k평균 알고리즘, 결정트리, SVM, 퍼셉트론, 역전파 알고리즘, 심층 신경망, 주성분 분석, 합성곱 신경망의 동작 원리를 이해하고 사용하는 방법을 실습을 통하여 습득한다.","으뜸 머신러닝 저자: 강영민, 박동규, 김성수 출판사: 생능 출판사",,혼자 공부하는 머신러닝+딥러닝 저자: 박해선 출판사: 한빛미디어,,False,True,False,True,False,True,strong_ai_cs_course_outside_target_department,0.16666666666666666
62922,2022,충남대학교,단과대구분없음,모빌리티ICT융합학부,영상처리 및 딥러닝,3,2학기,3,3,0,전공(기초),자율주행에 필요한 영상처리 및 딥러닝 기법 이해,"“컴퓨터 비전”, 오일석, 한빛아카데미, 2014년",,,,False,True,False,True,False,True,strong_ai_cs_course_outside_target_department,0.25
62923,2022,충남대학교,단과대구분없음,모빌리티ICT융합학부,데이터베이스,3,2학기,3,3,0,전공(핵심),데이터베이스 구현및운영을 위한 이해,ppt 자료,,,,False,True,False,True,False,True,strong_ai_cs_course_outside_target_department,0.25
62942,2022,충남대학교,단과대구분없음,모빌리티소재부품장비융합학부,생체데이터분석,3,2학기,3,3,0,전공(핵심),"본 교과목은 인공지능 입문 과목으로 머신러닝과 딥러닝에 대한 기초적인 지식을 습득하고, 다양한 파이썬 모듈을 이용하여 기초적인 인공지능 모델을 구현해 봄으로써 데이터를 분석하기 위한 인공지능에 대한 이해도를 높이고자 한다.",강의자료구글 Colab을 이용한 실습 병행 인터넷 접속이 가능한 PC 필요,,"혼자 공부하는 머신러닝+딥러닝 (한빛 미디어), 딥러닝 첫걸음 (한빛미디어)",,False,True,False,True,False,True,strong_ai_cs_course_outside_target_department,0.16666666666666666
62966,2022,충남대학교,단과대구분없음,연계전공학과,알고리즘,4,1학기,3,2,2,전공(심화),"1. 알고리즘과 문제해결의 연관성을 살펴보고, 알고리즘의 분석과 문제의 복잡성을 이해한다.2. 대표적인 문제해결 기법에 대한 개념과 관련 알고리즘을 이해하고, 예제 문제를 학습한다.3. 다양한 데이터 구조를 기반으로 하는 효율적인 알고리즘의 설계, 구현, 응용 방안을 학습한다.","파이썬 알고리즘, 최영규 지음, 생능출판",,"파이썬 알고리즘 인터뷰, 박상길,책만","컴퓨터프로그래밍, 자료구조",False,True,False,True,False,True,strong_ai_cs_course_outside_target_department,0.08333333333333333
62982,2022,충남대학교,단과대구분없음,연계전공학과,빅데이터와 디지털 사고,3,2학기,3,3,0,전공(핵심),"현재 디지털 기기를 통해 전 세계적으로 한 사람이 연간 만들어내는 데이터의양은 거의 1테라바이트에 가깝고 이는 연간 8조개의 예아니오를 만들어 내는 것과 같다고 한다. 그리고 이런 데이터의 양은 2년 마다 두 배씩 늘어나고 있다. 본 강좌는 이렇게 매년 기하급수적으로 늘어나고 있는 데이터의 인문학적 분석을 통해 “지식이란 무엇인가” “정보란 무엇인가” “디지털 흔적이 갖는 사회적, 정치적, 문화적 의미는 무엇인가” 등과 같은 질문에 대해 생각해 보고 데이터에 대한 접근과 그것의 가공으로 초래되는 윤리적 도덕적 문제에 대해서도 논의해 본다. 특히 인문학도들에 맞는 실습을 통해 직접 데이터를 분석, 가공해 봄으로써 인문학과 디지털 기술 사이의 관계를 이해한다.","교재: 빅 데이터와 디지털 사고 자체 개발 교재 및 강의 Packet 부교재: 빅 데이터 인문학 에레즈 에이든, 장바디스트 미셀 |역자 김재중 2015년",,,없음,False,True,False,True,False,True,strong_ai_cs_course_outside_target_department,0.16666666666666666
63002,2022,충남대학교,단과대구분없음,연계전공학과,운영체제,2,2학기,3,3,0,전공(기초),"컴퓨터 시스템 및 전자 장치를 개발하거나 운영하기 위해서, 또는 응용 프로그램을 개발할 때에는 컴퓨터 동작원리나 프로그램 실행 원리를 이해해야 하는데, 운영체제를 통해 이들을 학습한다. 본 과목에서는 일반적인 운영체제의 구조와 공통 기능을 설명하며, 이들이 실제 운영체제에 구현된 사례도 소개한다.","(1) 교재 : 강의자료, 충남대학교 사이버캠퍼스 운영체제 과목의 “자료실” 게시판 (2) 부교재 : 1. Operating System Concepts(8th, 9th, 10th Eds), A Silberschatz, P. Galvin, G. Gagne2. 컴퓨터 개론 다양한 컴퓨터개론 교재",,,없음 (프로그래밍 언어 권장),False,True,False,True,False,True,strong_ai_cs_course_outside_target_department,0.16666666666666666
63217,2022,충남대학교,국가안보융합학부,국토안보학전공,국방데이터마이닝,2,1학기,3,3,0,전공(심화),"본 강좌에서는 데이터마이닝의 다양한 기법을 이해하고, 실제 데이터마이닝분석에 있어 유용한 SAS EMiner를 활용한 실습을 통하여, 국방 분야의 방대한 데이터의 활용과 의미 있는 정보 추출을 통하여 합리적인 의사결정 능력을 배양하는 것을 목표로 한다.","<교재> 데이터마이닝 기초와 활용(SAS EM14.1), 김병수 등 5명, 교우<참고문헌>데이터마이닝 방법론, 강현철 등 6명, 자유아카데미데이터마이닝, 허선 등 2명, 시그마프레스",,,불필요,False,True,False,True,False,True,strong_ai_cs_course_outside_target_department,0.16666666666666666
63266,2022,충남대학교,국가안보융합학부,해양안보학전공,국방데이터마이닝,3,2학기,3,3,0,전공(심화),"본 강좌에서는 데이터마이닝의 다양한 기법을 이해하고, 실제 데이터마이닝분석에 있어 유용한 SAS EMiner를 활용한 실습을 통하여, 국방 분야의 방대한 데이터의 활용과 의미 있는 정보 추출을 통하여 합리적인 의사결정 능력을 배양하는 것을 목표로 한다.","<교재>특정 교재는 불필요하며, 강의자료 참고 및 일반적인 데이터마이닝 관련 서적 참조<참고문헌>데이터마이닝 기초와 활용(SAS EM14.1), 김병수 등 5명, 교우데이터마이닝 방법론, 강현철 등 6명, 자유아카데미데이터마이닝, 허선 등 2명, 시그마프레스",,,선수학습 불필요,False,True,False,True,False,True,strong_ai_cs_course_outside_target_department,0.16666666666666666
63284,2022,충북대학교,경영대학,경영정보학과,데이터베이스시스템,2,1학기,3,3,0,전공필수,창의적능력배양[ O ]윤리적인격함양[ ]전문적능력배양[ O ]산학협력가능성(지역발전이바지)[ ]세계화인력양성(외국대학교류및어학능력향상가능성)[ O ],"1. 데이타베이스 시스템, 황규영 외 4인, 피어슨에듀케이션코리아, 5판",,,,False,True,False,True,True,True,strong_ai_cs_course_outside_target_department,0.25
63285,2022,충북대학교,경영대학,경영정보학과,데이터베이스시스템,2,2학기,3,3,0,전공필수,창의적능력배양[ O ]윤리적인격함양[ ]전문적능력배양[ O ]산학협력가능성(지역발전이바지)[ ]세계화인력양성(외국대학교류및어학능력향상가능성)[ O ],"1. 데이타베이스 시스템(최신판), 조완섭외, 홍릉과학출판사, 1800",,,,False,True,False,True,True,True,strong_ai_cs_course_outside_target_department,0.25
63296,2022,충북대학교,경영대학,경영정보학과,정보보호관리,4,1학기,3,3,0,전공선택,"본강의는 다음과 같은 학습목표를 지향하며, 이러한 학습목표의 달성여부는 학생의 학습성과 평가에 반영된다. 창의성: 논리적으로 사고하고 문제를 새롭게 정의하며 다양한 아이디어를 창출할 수 있는 능력전문성: 경영이론과 의사소통 방법을 숙지하고 경영지식을 현실에 적용하여 문제를 해결할 수 있는 능력","1. 정보보호 관리 및 정책, 김세헌, 생능출판사, 1992","1. 중소기업 정보보호 실무 가이드, 한국인터넷진흥원, , 20202. Cybersecurity, emerging technology and systemic risk, World Economic Forum, , 20203. Wokrforce Framework for Cybersecurity (NICE Framework), NIST Special Publication 800181 Revision 1, , 20204. An Introduction to Computer Security, NIST Special Publication 800181 Revision 1, , 20205. 금융 사이버 보안 리스크 관리: 금융기관의 사이버 보안 취약점 이해와 분석 관리, 폴 로마 이어 제니퍼 바유크 (이진호, 박모현, 김현민 역), 에이콘출판사, 20196. 보안으로 혁신하라 , 신수정, 엘컴퍼니, 2013",,,False,True,False,True,True,True,strong_ai_cs_course_outside_target_department,0.16666666666666666
64096,2022,충북대학교,농업생명환경대학,축산학과,축산데이터분석법,4,2학기,3,3,0,전공선택,데이터 분석을 위한 기초 통계이론 학습데이터 분석을 위한 데이터 포멧 변경 코드 작성축산업 현장 데이터를 활용한 유전체 연관성 분석 수행,"1. 앤디필드의 유쾌한 R 통계학, 앤디 필드, 제레미 마일스, 조이 필드, 제이펍, 2009",,"1. 데이터 분석의 힘, 이토 고이치로, 인플루엔셜, 2018",,False,True,False,True,False,True,strong_ai_cs_course_outside_target_department,0.16666666666666666
64429,2022,충북대학교,사범대학,국어교육과,AI 시대의 문학 교육,1,1학기,3,3,0,전공선택,"1. 과학적 상상력과 문학적 상상력을 융합하여 두 개의 합 이상의 효과를 창출할 수 있는 방법을 고민한다. 2. 신문기사, UN보고서, OECD 자료 등을 활용하여 현대사회의 문제들을 객관적으로 바라본다. 3. 최근 활발히 활동하고 있는 한국의 젊은 작가들의 작품을 중심으로 AI시대의 삶이 문학 속에서 재현되는 양상을 확인한다. 4. 기술혁신, 기후위기, 사회적 불평등, 관계맺기 등 현대 사회의 난제들에 대해 고민하고, 문학적 감수성을 바탕으로 이 문제들을 해결해 나갈 수 있는 방법을 모색해 본다. 5. 인간 중심주의에서 벗어나 로봇과 AI, 유령과 좀비, 동식물 등에도 주목하고, 취약한 신체를 지닌 인간들과 공존할 수 있는 태도를 함양한다.","1. 교수자 제작 PPT (학생들에게 PDF 제공), 황지영, ,","1. 강의계획서에 들어가 있는 소설들, 김중혁, 정이현, 장류진, 정세랑, 장강명, 박형서, 배명훈, 김봄, 윤이형, 김초엽, 박지원, 베르나르 베르베르, ,","1. AI는 인문학을 먹고 산다, 한지우, 미디어숲, 20212. 기계, 권력, 사회, 박승일, 사월의책, 20213. 인문사회학으로 보는 AI, 박현식 외, 자유아카데미, 20214. 인공지능, 문학과 예술을 만나다, 강영근 외, 연경문화사, 20215. 피지컬 커먼즈, 이광석, 갈무리, 20216. 미래는 AI의 것일까, 이찬규 편, 사이언스북스, 2020",,False,True,False,True,True,True,strong_ai_cs_course_outside_target_department,0.08333333333333333
64482,2022,충북대학교,사범대학,윤리교육과,AI시대의 생활 윤리,1,1학기,3,2,2,전공선택,1. AI 시대의 교육환경의 변화를 이해하고 도덕*윤리교사로서 필요한 소양을 쌓는다. 2. 도덕*윤리교육과정에 따라 재편되는 도덕/윤리교육에 필요한 내용지식(CK)을 학습한다.3. AI 시대에 필요한 바람직한 성윤리 및 사랑의 의미를 이해한다. 4. 삶과 죽음의 의미에 대한 도덕적 성찰을 한다. 5. AI 시대의 대중문화의 본질과 예술 윤리를 이해한다. 6. 다문화사회와 이문화 소통윤리 및 방법을 익힌다.,"1. 도덕과 교육과정, 한국교육과정평가원, 한국교육과정평가원, 2. 수업에 필요한 자료들은 ECampus에 탑재됨, 김연숙, ,",,,,False,True,False,True,True,True,strong_ai_cs_course_outside_target_department,0.25
64511,2022,충북대학교,사범대학,사회교육과,AI를 활용한 사회조사방법론,전학년,1학기,3,3,0,전공선택,"1.사회현상을 이해하기 위한 과학적 연구방법을 학습하고, 임용시험에서 요구하는 조사연구방법의 실행과정과 관련한 기초지식을 습득한다. 2.사회조사분석사 시험역량을 배양하는 데 도움을 제공한다.","1. 사회조사방법론, E. Babbie. 고성호 외., CENGAGE Learning., 20132. 사회조사분석, 홍두승, 다산출판사, 2000","1. 세상에서 가장 쉬운 사회조사방법론, 장택원, 커뮤니케이션북스, 20122. 질적연구시작부터 완성까지, R. Yin 지음·박지연 외 공역, 학지사, 20133. 즐거운 SPSS 풀리는 통계, 김준우, 박영사, 2007",,,False,True,False,True,True,True,strong_ai_cs_course_outside_target_department,0.16666666666666666
64749,2022,충북대학교,사범대학,체육교육과,AI와 트레이닝론,2,2학기,3,3,0,전공선택,1. 신체 컨디셔닝과 훈련법의 이론을 학습.2. 경기력 향상에 도움이 되는 컨디셔닝과 체력 증진 훈련방법을 학습3. 기술관련 체력 증진 훈련법을 학습4. AI 기법을 활용한 기술관련 체력 증진 훈련법,"1. 스포츠건강과 웰니스, 평생체육연구소, 충북대학교 출판부, 2016",,,,False,True,False,True,True,True,strong_ai_cs_course_outside_target_department,0.25
64750,2022,충북대학교,사범대학,체육교육과,움직임 과학과 AI,1,2학기,3,3,0,전공선택,"ㅇ 본 강의는 운동학적(kinematics) 원리와 이에 대한 움직임에 대한 원리를 이해하고, AI 기반 움직임 등의 제반 이론을 습득하도록 한다. ㅇ 또한 다양한 例를 통해 종목별 운동을 보다 과학적으로 관찰하고 심도 있게 분석할 수 있는 능력을 기른다.","1. 움직임 과학과 AI(PPT자체제작), 송주호, , 2022","1. 스포츠생체역학, 곽창수, 권영후, 문영진, 백진호, 송주호, 이순호, 대한미디어, 2010",,,False,True,False,True,True,True,strong_ai_cs_course_outside_target_department,0.16666666666666666
64984,2022,충북대학교,생활과학대학,소비자학과,소비자빅데이터정보분석Ⅰ(캡스톤디자인),3,2학기,3,2,2,전공선택,1. 소비자정보 전문가로서의 전문성 함양 (전문성)소비자정보 전문가로서의 소비자역할을 함양하고 빅데이터 분석에대한 전문성을 함양한다.2. 빅데이터 분석의 실용적 이해 (실용성)빠르게 변화하는 환경에 대한 분석기법을 습득한다3. 글로벌화 된 시장의 이해 (글로컬화)글로벌 시장의 빅데이터 분석을 통해 글로벌 시장에 대한 이해를돕는다.,"1. 별도 자료배부, , , 1800",,"1. 빅데이터 시대의 데이터 마이닝, 지원철, 민영사, 20172. 빅데이터 기획 및 분석, 주해종, 김혜선, 김형로, 크라운출판사, 20193. R과 RStudio를 이용한 빅데이터 분석 입문, 강창완, 조장식, 최승배, 자유아카데미, 20184. 빅데이터와 소비자만족, 김시월, 조향숙, 쿠북, 20175. 작고 멋진 발견 : 빅데이터가 찾지 못한 소비자 욕망의 디테일, 김철수, 더퀘스트, 2018",,False,True,True,True,False,True,strong_ai_cs_course_outside_target_department,0.16666666666666666
64986,2022,충북대학교,생활과학대학,소비자학과,소비자빅데이터정보분석Ⅱ(캡스톤디자인),4,1학기,3,2,2,전공선택,1. 소비자정보 전문가로서의 전문성 함양 (전문성)소비자정보 전문가로서의 소비자역할을 함양하고 빅데이터 분석에대한 전문성을 함양한다.2. 빅데이터 분석의 실용적 이해 (실용성)빠르게 변화하는 환경에 대한 분석기법을 습득한다3. 글로벌화 된 시장의 이해 (글로컬화)글로벌 시장의 빅데이터 분석을 통해 글로벌 시장에 대한 이해를돕는다.,"1. 별도 자료배부, , , 1800",,"1. 빅데이터 시대의 데이터 마이닝, 지원철, 민영사, 20172. 빅데이터 기획 및 분석, 주해종, 김혜선, 김형로, 크라운출판사, 20193. R과 RStudio를 이용한 빅데이터 분석 입문, 강창완, 조장식, 최승배, 자유아카데미, 20184. 빅데이터와 소비자만족, 김시월, 조향숙, 쿠북, 20175. 작고 멋진 발견 : 빅데이터가 찾지 못한 소비자 욕망의 디테일, 김철수, 더퀘스트, 2018",,False,True,True,True,False,True,strong_ai_cs_course_outside_target_department,0.16666666666666666
65911,2022,충북대학교,자연과학대학,생화학과,인공지능 활용 신약개발,4,1학기,3,3,0,전공선택,"최신의 인공지능 기술이 바이오 분야, 특히 신약개발 과정에서 어떻게 활용되는지 이해하고, 다양한 연구 사례 및 적용 분야를 살펴보며,현재의 인공지능 신약개발 분야에 대한 지식을 습득하고, 앞으로의 연구 방향에 대해 생각해 본다.","1. Artifical intelligence in drug discovery, Nathan Brown, Royal Society of Chemistry, 2020",,,,False,True,False,True,True,True,strong_ai_cs_course_outside_target_department,0.25
65999,2022,충북대학교,자연과학대학,수학과,정보/조합/암호론,4,2학기,3,3,0,전공선택,1. 인공지능의 개념을 명확히 한다. 2. 인공지능이 문제를 해결하는 방식을 이해하고 논리적 사고를 하는 방식을 이해한다3. 최근 이론들의 동향에 대해 알아본다.,"1. Artificial Intelligence_ A Modern Approach (4th Edition), Stuart Russell,Peter Norvig, ,",,,,False,True,False,True,False,True,strong_ai_cs_course_outside_target_department,0.25
66023,2022,충북대학교,자연과학대학,정보통계학과,데이터마이닝,3,2학기,3,3,0,전공선택,"대용량의 자료를 분석하는 주요 알고리즘을 이해하고, R 프로그램을 이용하여 실제 자료를 분석하는 능력을 제고한다.","1. R 데이터마이닝, 나종화, 자유아카데미, 2017",,,,False,True,False,True,False,True,strong_ai_cs_course_outside_target_department,0.25
66024,2022,충북대학교,자연과학대학,정보통계학과,기계학습,4,1학기,3,2,2,전공선택,기계학습의 기본 개념을 이해하고 설명할 수 있도록 한다.기계학습의 주요 알고리즘을 구현할 수 있도록 한다.(R and Python)기계학습 관련 도구들을 이용할 수 있도록 한다.기계학습의 기본 개념을 이해하고 설명할 수 있도록 한다.,"1. 기계학습, 오일석, 한빛미디어,",,,,False,True,False,True,False,True,strong_ai_cs_course_outside_target_department,0.25
66100,2022,충북대학교,전자정보대학,전기공학부,창의공학설계I,1,1학기,2,0,4,전공선택,1. 전기공학도로서 갖추어야 할 공학적소양및 설계능력향상2. 마이크로프로세서를 이용한 센서신호처리 및 모터구동3. 하드웨어와 소프트웨어간의 유기적 관계이해,"1. 자체 제작 실험 교재, ,, ,","1. 모두의 아두이노, 장진희,, 길벗, 2. 한권으로 끝내는 아두이노 입문 + 실전(종합편), 서민우 외 1인, 앤써북,",,,True,False,True,False,False,True,target_department_and_foundational_course,0.16666666666666666
66102,2022,충북대학교,전자정보대학,전기공학부,창의공학설계I,1,1학기,2,0,4,전공선택,1. 전기공학도로서 갖추어야 할 공학적소양및 설계능력향상2. 마이크로프로세서를 이용한 센서신호처리 및 모터구동3. 하드웨어와 소프트웨어간의 유기적 관계이해,"1. 자체 제작 실험교재, 자체 제작 실험교재 , ,","1. 한권으로 끝내는 아두이노 입문 + 실전 (종합편), 서민우 외 1인, 앤써북, 2. 모두의 아두이노, 장진희, 길벗,",,,True,False,True,False,False,True,target_department_and_foundational_course,0.16666666666666666
66108,2022,충북대학교,전자정보대학,전기공학부,회로이론 I,2,1학기,3,3,0,전공필수,(가) 전원 및 부하의 특성을 익힌다.(나) 전기회로 해석을 위한 원리와 법칙을 익힌다(다) 전기회로의 해석 및 설계능력을 익힌다.(라) 전기회로 해석 시뮬레이션 기초능력을 익힌다.(마) 전기시스템 및 모델링에 관한 기본 개념을 이해한다.,"1. Fundamentals of Electric Circuits sixth edition, C. Alexander and M. N. O. Sadiku, McGraw Hill, 2017",,"1. Basic Engineering Circuit Analysis, J. D. Irwin and R. M. Nelms, John Wiley & Sons, 20052. Electric Circuits, 9th Edithion, J. W. Nilsson and S. A. Riedel, Prentice Hall, 2011",,True,True,False,False,False,True,target_department_and_target_course,0.16666666666666666
66109,2022,충북대학교,전자정보대학,전기공학부,회로이론 I,2,1학기,3,3,0,전공필수,(가) 전원 및 부하의 특성을 익힌다.(나) 전기회로 해석을 위한 원리와 법칙을 익힌다(다) 전기회로의 해석 및 설계능력을 익힌다.(라) 전기회로 해석 시뮬레이션 기초능력을 익힌다.(마) 전기시스템 및 모델링에 관한 기본 개념을 이해한다.,"1. Fundamentals of Electric Circuits seventh edition, C. Alexander and M. N. O. Sadiku, McGraw Hill, 2020",,"1. Basic Engineering Circuit Analysis, J. D. Irwin and R. M. Nelms, John Wiley & Sons, 20052. Electric Circuits, 9th Edithion, J. W. Nilsson and S. A. Riedel, Prentice Hall, 2011",,True,True,False,False,False,True,target_department_and_target_course,0.16666666666666666
66110,2022,충북대학교,전자정보대학,전기공학부,공학수학 I,2,1학기,3,3,0,전공필수,(가) 전기공학 소자 및 시스템의 물리적 현상과 관련 정보 및 데이터를 수학적으로 모델링. (나) 전기공학 시스템의 수학적 모델식을 적합한 수학적 기법을 이용 해를 구한다.(다) 수학적 표현식의 해에 대한 실제적인 전기공학적 의미 해석.,"1. 공학수학 (https://blog.naver.com/nsyoon777), 윤남식, ., 2022","1. Advanced Engineering Mathamatics, E. Kreyszig, .,",,,True,False,True,False,False,True,target_department_and_foundational_course,0.16666666666666666
66111,2022,충북대학교,전자정보대학,전기공학부,공학수학 I,2,1학기,3,3,0,전공필수,(가) 전기공학 소자 및 시스템의 물리적 현상과 관련 정보 및 데이터를 수학적으로 모델링. (나) 전기공학 시스템의 수학적 모델식을 적합한 수학적 기법을 이용 해를 구한다.(다) 수학적 표현식의 해에 대한 실제적인 전기공학적 의미 해석.,"1. 공업수학 Express, 김동식, 생능출판사, 2019","1. Mathematical Methods for Scientists and Engineering, D. A. McQuarrie, ., 2. Advanced Engineering Mathamatics, E. Kreyszig, .,",,,True,False,True,False,False,True,target_department_and_foundational_course,0.16666666666666666
66114,2022,충북대학교,전자정보대학,전기공학부,확률및통계,2,1학기,3,3,0,전공선택,(가) 불확실한 문제에서 확률 문제를 정의 하고 적용한는 능력을 익힌다(나) 실제 공학 문제에서 발생하는 확률 문제를 다루는 예를 통해 문제 해결을 위한 기초를 배양한다.(다) 주어진 문제를 수학적으로 기술하고 정의 하는 능력을 익힌다.,"1. Probability, Random Variables and Random Signal Principles, Peyton Z. Peebles, Jr., McGrawHill, 2001",,,,True,False,True,False,False,True,target_department_and_foundational_course,0.25
66115,2022,충북대학교,전자정보대학,전기공학부,수치해석 및 응용,2,2학기,3,3,0,전공선택,"Students are expected to learn not only the concepts on the numerical methods but also the fundamentals of numerical methods using C, MATLAB, R or Python. Programming skill will be improved through the homeworks and projects which will be assigned in this semester. Students from this class will be able to develope their abilities of setting programs for engineering understanding.","1. Numerical and Analytical Methods with Matlab for Electrical Engineering, William Bober Andrew Stevens, CRC Press, 2013","1. Numerical Methods, Laurene V. Fausett, Prentice Hall, 2000",,,True,False,True,False,False,True,target_department_and_foundational_course,0.16666666666666666
66118,2022,충북대학교,전자정보대학,전기공학부,회로이론 II,2,2학기,3,3,0,전공선택,(가) 교류 및 3상회로의 기본 이해(나) 자기결합회로의 기본 이해(다) 주파수영역에서의 회로해석 기본능력 습득,"1. Fundamentals of Electric Circuits, C.K. Alexander, M.N.O. Sadiku, McGraw Hill, Sixth Edition, 2014","1. Electric Circuits, James W. Nilsson & Susan A. Riedle, Addison Wesley, 2014",,,True,True,False,False,False,True,target_department_and_target_course,0.16666666666666666
66119,2022,충북대학교,전자정보대학,전기공학부,회로이론 II,2,2학기,3,3,0,전공선택,(가) 교류 및 3상회로의 기본 이해(나) 자기결합회로의 기본 이해(다) 주파수영역에서의 회로해석 기본능력 습득,"1. Alexander의 회로이론 7판, 심귀보 외, 한티미디어, 2021","1. Electric Circuits, James W. Nilsson & Susan A. Riedle, Addison Wesley, 2014",,,True,True,False,False,False,True,target_department_and_target_course,0.16666666666666666
66120,2022,충북대학교,전자정보대학,전기공학부,공학수학 II,2,2학기,3,3,0,전공선택,"1. 전기, 전자 소자 및 시스템의 물리적 현상 이해 및 수학적 모델링 2. 전기시스템의 수학적 모델식을 적절한 수학적 기법을 이용 해를 구한다.3. 전기시스템의 해석 및 분석에 필요한 수학적 표현식의 이해 및 식의 해에 대한 전기적 의미 해석","1. 공학수학, 윤남식, https://blog.naver.com/nsyoon777,","1. Advanced Engineering Mathamatics, E. Kreyszig, ,","1. Mathematical Methods for Scientists and Engineers, D. A. McQuarrie, ,",,True,False,True,False,False,True,target_department_and_foundational_course,0.08333333333333333
66121,2022,충북대학교,전자정보대학,전기공학부,공학수학 II,2,2학기,3,3,0,전공선택,"1. 전기, 전자 소자 및 시스템의 물리적 현상 이해 및 수학적 모델링 2. 전기시스템의 수학적 모델식을 적절한 수학적 기법을 이용 해를 구한다.3. 전기시스템의 해석 및 분석에 필요한 수학적 표현식의 이해 및 식의 해에 대한 전기적 의미 해석","1. 공업수학 EXPRESS, 김동식, 생능출판사, 2011","1. Kreyszig 공학수학, 서진헌 외, 텍스트 북스, 2020","1. Advanced Engineering Mathamatics, E. Kreyszig, , 2. Mathematical Methods for Scientists and Engineers, D. A. McQuarrie, ,",,True,False,True,False,False,True,target_department_and_foundational_course,0.08333333333333333
66122,2022,충북대학교,전자정보대학,전기공학부,전자회로 I,3,1학기,3,3,0,전공필수,"가. 다이오드 회로의 해석 및 주어진 사양의 회로를 설계할 수 있다. 나. BJT 및 MOSFET 소자의 특성, 대신호 및 소신호 등가회로를 설명할 수 있고, 이 소자들을 이용한 회로의 바이어스 해석, 마지막으로 주어진 사양대로 회로를 설계할 수 있다.다. 이상적인 OPAMP의 특성 및 OPAMP 회로의 소신호 전압 이득을 구할 수 있다.라. Cascode stage및 current mirror를 해석하고, 원하는 전류값을 가진 전류원을 설계할 수 있다.마. 차등증폭기의 대신호 및 소신호 분석을 한다.","1. 마이크로전자회로, 2판, Behzad Razabi, Wiley, 한티미디어, 2015",,,,True,True,False,False,False,True,target_department_and_target_course,0.25
66123,2022,충북대학교,전자정보대학,전기공학부,전자회로실험 I,3,1학기,2,0,4,전공필수,"(가) 전자소자 특성 분석 및 기본회로의 해석, 설계, 시뮬레이션, 실현 및 성능평가 (나) 전자회로실험을 통해 시뮬레이션 도구 사용 및 시뮬레이션 결과를 토대로 실험과 설계기법을 익힌다.(다) 실험보고서 작성 기법 및 발표자료 작성 기법을 익힌다.","1. 전자회로실험, 이형규, 김영석, 충북대학교 출판부, 2013",,"1. Microelectronics Circuits, Sedra and Smith, Oxford, 2010",,True,True,True,False,False,True,target_department_and_target_course,0.16666666666666666
66127,2022,충북대학교,전자정보대학,전기공학부,자동제어,3,1학기,3,3,0,전공선택,"본 강의에서는 점차로 복잡해지는 차량 전자 및 기계시스템에 적용가능한 선형모델링 기법 및 제어방법에 대해서 알아본다. 이를 통하여 향후 차량전자제어 시스템 및 자율주행 시스템을 설계하는데 기본이 되는 다양한 이론과 적용방법을 배우고 익힘으로써 향후 점차로 다양 한 해지고 있는 운전보조 시스템 및 능동형 차량안전시스템 등을 설계, 평가할 수 있는 엔지니어를 양성하는데 필요한 기초를 제공하고자 한다.","1. Automatic Control Systems, Farid Golnaraghi, Benjamin C. Kuo, MC Graw Hill, 2017",,,,True,True,False,False,False,True,target_department_and_target_course,0.25
66131,2022,충북대학교,전자정보대학,전기공학부,전자회로실험 II,3,2학기,2,0,4,전공필수,1. Linear IC를 사용하는 선형시스템의 해석 및 설계법을 배양한다.2. 시스템의 실제 구현을 통한 H/W 설계 개념을 익히며 아날로그디지털 회로 설계능력을 배양한다.3. 두가지 이상의 기능 회로을 결합한 시스템의 실험과 설계로 시스템 집적화 능력을 배양한다.,"1. 전자회로 실습 및 설계, 전기공학부, , 20102. 전자회로 실습설계, 권오욱 외3인, 충북대학교, 2011",,"1. Microelectronics, Sedra, Oxford, 2015",,True,True,True,False,False,True,target_department_and_target_course,0.16666666666666666
66135,2022,충북대학교,전자정보대학,전기공학부,마이크로프로세서,3,2학기,3,2,2,전공선택,"가. 마이크로프로세서의 동작과 응용을 이해한다나. 기본 회로도에 의한 하드웨어를 제작하고 시험한다.다. 기본 프로그램을 이해하고 새로운 기능을 추가한다. 라. 친환경차 기능구현과 관련이 있는 핵심기능(메모리, 레지스터, 타이머, PWM, 통신)의 설계 및 구현에 대하여 학습한다.","1. HBEMCUMulti II Elec으로 배우는 마이크로컨트롤러, (주)한백전자 기술연구소, (주)한백전자, 2013",,,,True,True,False,False,False,True,target_department_and_target_course,0.25
66136,2022,충북대학교,전자정보대학,전기공학부,전자회로 II,3,2학기,3,3,0,전공선택,1. 증폭기의 주파수 특성 및 궤환회로의 분석 및 설계할 수 있다. 2. 발진회로를 분석 및 설계할 수 있다. 3. 아날로그 필터와 디지털 회로에 분석 및 설계할 수 있다.,"1. Fundamentals of Microelectronics, 2nd Edition, Razavi, Wiley, null",,,,True,True,False,False,False,True,target_department_and_target_course,0.25
66143,2022,충북대학교,전자정보대학,전기공학부,통신공학 I,4,1학기,3,3,0,전공선택,"The object of this lecture is to teach students the theories and techniques on AM, FM, and PM. Besides learning the subjects, the students attend this class will experience the core of modern communication.","1. Introduction to Analog & Digital Communications, Simon Haykin/Michael Moher, Wiley, 2007","1. Principles of Commnications, Rodger E. Zimmer, William H. Tranter, Wiley, 2002",,,True,True,False,False,False,True,target_department_and_target_course,0.16666666666666666
66144,2022,충북대학교,전자정보대학,전기공학부,디지털신호처리,4,1학기,3,3,0,전공선택,Understanding the difference between discrete and continuous signals and systems including sampling theorem.Interpretation the discrete signal in terms of frequency domain.Experiencing the concept and practical training the discrete Fourier transforms.,"1. DiscreteTime Signal Processing 5th, Proakis, Pearson, 2022","1. Signal and Systems, A.V.Oppenheim and A.S.Willsky, P.H, 1997",,,True,True,False,False,False,True,target_department_and_target_course,0.16666666666666666
66146,2022,충북대학교,전자정보대학,전기공학부,캡스톤디자인,4,2학기,2,0,4,전공필수,"1. 전기공학관련 프로젝터주제의 선정, 자료수집 및 분석 능력을 키운다.2. 자료분석 결과를 토대로 선정 주제의 구현기법을 익힌다.3. 주제의 실제 구현에 있어 공학도구의 사용을 익힌다.4. 설계요소와, 설계에 있어 현실적 제한 요소의 중요사항을 다루고 익힌다.","1. 전기공학부 교수 및 연구실 홈페이지, ..., ,",,,,True,False,True,False,False,True,target_department_and_foundational_course,0.25
66148,2022,충북대학교,전자정보대학,전기공학부,통신공학 II,4,2학기,3,3,0,전공선택,The object of this course is to guide the student to have some opportunities to build their own motivation of developing the interest in the area of modern digital communication systems and some of its applications.,"1. PIntroduction to Analog & Digital Communications 2nd edition, Haykins, Wiley, 2010",,,,True,True,False,False,False,True,target_department_and_target_course,0.25
66149,2022,충북대학교,전자정보대학,전기공학부,설계프로젝트(종합설계),3,2학기,2,0,4,전공선택,"1. 전기공학관련 프로젝터주제의 선정, 자료수집 및 분석 능력을 키운다.2. 자료분석 결과를 토대로 선정 주제의 구현기법을 익힌다.3. 주제의 실제 구현에 있어 공학도구의 사용을 익힌다.4. 설계요소와, 설계에 있어 현실적 제한 요소의 중요사항을 다루고 익힌다.","1. 전기공학부 교수 및 연구실 홈페이지, 전기공학부, ,",,,,True,False,True,False,False,True,target_department_and_foundational_course,0.25
66150,2022,충북대학교,전자정보대학,전기공학부,기초회로 및 디지털실험 I,2,1학기,2,0,4,전공필수,"가. 전기회로, 디지털회로 및 시스템의 기초 이론에 대한 이해와 응용능력 배양나. 실험에 필요한 기본장비의 사용법을 익히고 장비의 활용능력을 배양다. 기본 회로소자(저항, 인덕터, 커패시터)의 기본특성 파악라. 기본 논리회로를 디지털 회로로 구현하는 방법 배양마. 개별 디지털 회로들을 연결, 조합하는 방법 배양바. 회로 및 시스템의 성능 평가법 배양","1. 기초회로실험, 충북대 전기공학부, 내하출판사, 20162. 디지털실험, 충북대전기공학부, 내하출판사, 2016",,,,True,True,True,False,False,True,target_department_and_target_course,0.25
66153,2022,충북대학교,전자정보대학,전기공학부,기초회로 및 디지털실험 II,2,2학기,2,0,4,전공필수,"가. 전기회로, 디지털회로 및 시스템의 기초 이론에 대한 이해와 응용능력 배양나. 실험에 필요한 기본장비의 사용법을 익히고 장비의 활용능력을 배양다. 기본 회로소자(저항, 인덕터, 커패시터)의 기본특성 파악라. 기본 논리회로를 디지털 회로로 구현하는 방법 배양마. 개별 디지털 회로들을 연결, 조합하는 방법 배양바. 회로 및 시스템의 성능 평가법 배양","1. 디지털실험, 충북대전기공학부, 내화풀판사, 20162. 기초회로실험, 임기조, 고창섭, 김재언, 내화출판사, 2016",,,,True,True,True,False,False,True,target_department_and_target_course,0.25
66156,2022,충북대학교,전자정보대학,전기공학부,미래설계 I,1,1학기,0,0,1,전공필수,"직업흥미 검사를 통해 자기에게 맞는 직업군이 어떠한 것이 있는지 알 수 있다.학습법 특강, 인문학 특강, 진로탐색을 통하여 개인 가치관과 직업관을 확립한다.","1. 주별 강의 내용에 필요한 검사, 안내, 설명자료 등, 학부사무실, 담당 및 지도교수 , ,",,,,True,False,True,False,False,True,target_department_and_foundational_course,0.25
66157,2022,충북대학교,전자정보대학,전기공학부,미래설계 II,1,2학기,0,0,1,전공필수,"직업흥미 검사를 통해 자기에게 맞는 직업군이 어떠한 것이 있는지 알 수 있다.학습법 특강, 인문학 특강, 진로탐색을 통하여 개인 가치관과 직업관을 확립한다.4차 산업혁명 변혁과 최신 업계 트렌드를 알 수 있다.","1. 추후통보, 추후통보, 추후통보,",,,,True,False,True,False,False,True,target_department_and_foundational_course,0.25
66158,2022,충북대학교,전자정보대학,전기공학부,미래설계 III,2,1학기,0,0,1,전공필수,"직업흥미 검사를 통해 자기에게 맞는 직업군이 어떠한 것이 있는지 알 수 있다.학습법 특강, 인문학 특강, 진로탐색을 통하여 개인 가치관과 직업관을 확립한다.","1. 추후통보, 추후통보, ,",,,,True,False,True,False,False,True,target_department_and_foundational_course,0.25
66159,2022,충북대학교,전자정보대학,전기공학부,미래설계 IV,2,2학기,0,0,1,전공필수,"전기공학과 관련된 교육, 학습 및 연구 분야에 대한 이해의 폭을 넓힘.전기공학도의 관점에서 각 개인이 지니고 있는 장점 및 특징을 이해함.전공지식의 체계적인 습득을 위한 기초 학습법에 대하여 익힘.각 개인의 미래를 위한 직업선택의 방법에 대하여 경험함.4차 산업시대를 맞이하여 신산업 분야의 미래인재를 체계적으로 양성하기 위한 창의 융합 교육과정이 필요함","1. 추후 통보 (전기공학 관련 세부 분야별 소개 자료, 연구 동향 소개 자료 등), ., .,",,,,True,False,True,False,False,True,target_department_and_foundational_course,0.25
66160,2022,충북대학교,전자정보대학,전기공학부,미래설계 V,3,1학기,0,0,1,전공필수,"직업흥미 검사를 통해 자기에게 맞는 직업군이 어떠한 것이 있는지 알 수 있다.어학성적, 자기소개서 작성법, 모의면접을 통해 자신의 직무역량을 향상시킨다.대기업, 공기업, 중견기업, 중소기업 등에서 졸업생을 초청하여 다양한 직군의 특성과 준비해야할 사항에 대한 정보를 수집하여 스스로 진로 계획을 수립한다.","1. 추후통보, 추후통보, 추후통보,",,,,True,False,True,False,False,True,target_department_and_foundational_course,0.25
66161,2022,충북대학교,전자정보대학,전기공학부,미래설계 VI,4,1학기,0,0,3,전공필수,"직업흥미 검사를 통해 자기에게 맞는 직업군이 어떠한 것이 있는지 알 수 있다.어학성적, 자기소개서 작성법, 모의면접을 통해 자신의 직무역량을 향상시킨다.다양한 회사 및 직군에 대한 특성과 준비해 야할 사항에 대한 정보를 수집하여 스스로 진로 계획을 수립한다.","1. 추후 통보, 추후 통보, ,",,,,True,False,True,False,False,True,target_department_and_foundational_course,0.25
66166,2022,충북대학교,전자정보대학,전자공학부,회로이론 II,2,2학기,3,3,0,전공선택,"가. 교류회로, 3상회로, 변압기 회로를 분석할 수 있다.나. 전기회로의 주파수 응답을 구할 수 있다.다. 라플라스 변환을 이용한 고급 전기회로를 해석할 수 있다.라. 주어진 이득 및 주파수 특성을 만족하는 Op Amp를 이용한 필터를 설계할 수 있다.","1. Fundamentals of electrical circuits, 6th ed., C.K. Alexandwer and M.N.O. Sadiku, McgrawHill,, 2017",,"1. Electric Circuits (8th Ed.), J.W. Nilson and S.A. Riedel, Pearson Education, 20082. Engineering Circuit Analysis (회로이론), J.D. Irwin, R. M. Nelms (번역: 정찬수 외4), Wiley (퍼스트북), 2012",,True,True,False,False,False,True,target_department_and_target_course,0.16666666666666666
66167,2022,충북대학교,전자정보대학,전자공학부,공학수학 II,2,2학기,3,3,0,전공선택,"1. 푸리에 정리에 대해 물리적, 수학적 의미를 이해하고 수학적 문제해결 방법을 학습한다.2. 편미분방정식의 필요성을 이해하고 학습한다.3. 복소수 개념을 이해하고 복소함수, 유수정리, 등각사상 등의 적용 내용을 학습한다.","1. Advanced Engineering Mathematics (10판), Erwin Kreyszig, Wiley, 20112. 최신 공학수학 with Sage II, 이상구 외, ,",,,,True,False,True,False,False,True,target_department_and_foundational_course,0.25
66170,2022,충북대학교,전자정보대학,전자공학부,전자회로 I,3,1학기,3,3,0,전공필수,"가. 다이오드 회로의 해석 및 주어진 사양의 회로를 설계할 수 있다. 나. BJT 및 MOSFET 소자의 특성, 대신호 및 소신호 등가회로를 설명할 수 있고, 이 소자들을 이용한 회로의 바이어스 해석, 마지막으로 주어진 사양대로 회로를 설계할 수 있다.다. 이상적인 OPAMP의 특성 및 OPAMP 회로의 소신호 전압 이득을 구할 수 있다.라. Cascode stage및 current mirror를 해석하고, 원하는 전류값을 가진 전류원을 설계 할 수 있다.마. 차등증폭기의 대신호 및 소신호 분석을 한다.","1. 마이크로전자회로, 2판, Behzad Razabi, Wiley, 한티미디어, 2015",,,,True,True,False,False,False,True,target_department_and_target_course,0.25
66175,2022,충북대학교,전자정보대학,전자공학부,자료구조 및 알고리즘,3,1학기,3,3,0,전공선택,"기본적 자료구조와 다양한 알고리즘을 이해하고, 실제 프로그램으로 구현하는 훈련을 통하여 컴퓨터 프로그래밍 실력을 업그레이드 한다.재미있고 실용적인 컴퓨터알고리즘을 직접 제작하여 소프트웨어 개발 능력을 향상시킨다.","1. Introduction to Algorithms (3rd edition), T.H Cormen 외, MIT Press, 2009","1. Fundametals of Data Structures in C++ (2nd ed), Horowitz 외, Silicon Press,",,,True,True,False,True,False,True,target_department_and_target_course,0.16666666666666666
66176,2022,충북대학교,전자정보대학,전자공학부,자동제어I,3,1학기,3,3,0,전공선택,"(가) 차량전자 및 기계시스템에 적용가능한 동적 시스템의 선형 모델링 기법을 익힌다.(나) 제어시스템의 기본이론인 선형계의 응답특성, Feedback system의 주요 특성, 안정도 해석법을 배우고, PID등 다양한 제어기 설계기법을 배운다.(다) 자율주행시스템, 운전보조시스템, 능동형 차량안정시스템 등의 제어 시스템 설계에 적용할 수 있는 능력을 함양한다..","1. Modern control systems(13th Ed.번역판), R.C.Dorf and R.H. Bishop, Pearson, 2017","1. Feedback control of dynamic systems (8th Ed.번역판), G.F. Franklin et al 3, Pearson, 20202. Advanced PID Control, K.J. Astrom and T. Hagglund, ISA, 2006",,,True,True,False,False,False,True,target_department_and_target_course,0.16666666666666666
66177,2022,충북대학교,전자정보대학,전자공학부,자동제어I,3,1학기,3,3,0,전공선택,"1. 동적시스템의 모델링2. 피드백 시스템의 동특성3. 피드백 시스템의 안정도4. 종합하면, 주파수영역(sdomain)에서의 제어 시스템 여러 특성들의 이해","1. Modern control systems, 13th edition,, Dorf & Bishop, Perason, 2017",,,,True,True,False,False,False,True,target_department_and_target_course,0.25
66178,2022,충북대학교,전자정보대학,전자공학부,자동제어I,3,1학기,3,3,0,전공선택,"본 강의에서는 점차로 복잡해지는 기계 및 전자 시스템에 적용 가능한 선형모델링 기법 및 제어방법에 대해서 알아본다.이를 통하여 향후 전자제어 시스템 (예시: 자율주행차량 시스템 등)을 설계하는데 기본이 되는 다양한 이론과 적용방법을 배우고 익힘으로써,점차 다양해지고 있는 능동형 시스템 제어를 위한 설계 및 평가를 수행할 수 있는 엔지니어를 양성하는데 필요한 기초를 제공하고자 한다.","1. Modern control systems,13th ed, R.C. Dorf and R.H. Bishop, Pearson, 2017",,,,True,True,False,False,False,True,target_department_and_target_course,0.25
66179,2022,충북대학교,전자정보대학,전자공학부,컴퓨터구조,3,2학기,3,3,0,전공선택,"가. 여러 형태의 컴퓨터 구조에 대해서 설명할 수 있다.나. 명령어를 이해하고 이를 이용하여 프로그램을 작성할 수 있다. 다. CPU, Memory, I/O의 종류와 동작원리를 설명할 수 있다.","1. Computer System Architecture, M. Morris Mano, Prentice Hall, 2. Computer Organization and Architecture, William Stalling, Prentice Hall,","1. ARM systemonchip architecture, Steve Furber, AddisonWesley, 2. 컴퓨터 아키텍처: 컴퓨터 구조 및 동작 원리, 우종정, 한빛아카데미,",,,True,True,False,True,False,True,target_department_and_target_course,0.16666666666666666
66180,2022,충북대학교,전자정보대학,전자공학부,컴퓨터구조,3,2학기,3,3,0,전공선택,"가. 여러 형태의 컴퓨터 구조에 대해서 설명할 수 있다.나. 명령어를 이해하고 이를 이용하여 프로그램을 작성할 수 있다. 다. CPU, Memory, I/O의 종류와 동작원리를 설명할 수 있다.","1. Computer System Architecture, M. Morris Mano, Prentice Hall,","1. Computer Organization and Architecture, William Stalling, Prentice Hall, 2. ARM systemonchip architecture, Steve Furber, AddisonWesley, 3. 컴퓨터 아키텍처: 컴퓨터 구조 및 동작 원리, 우종정, 한빛아카데미,",,,True,True,False,True,False,True,target_department_and_target_course,0.16666666666666666
66181,2022,충북대학교,전자정보대학,전자공학부,반도체소자,3,1학기,3,3,0,전공선택,"반도체의 물성인 밴드갭, 이동자, 이동자의 전계와 농도차이에 의한 움직임, 다이오드의 전압전류 특성을 설명할 수 있다.MOS 구조에서 전계에 의한 밴드의 휨과 이에 따른 이동자의 변화, 전계에 의한 이동자의 이동, 이를 이용한 트랜지스터의 동작 구현을 설명할 수 있다.전자정공의 재결합과 생성 현상을 이용한 LED, organic LED, 이미지 센서 동작원리를 설명할 수 있다.MOSFET의 구조와 전계에 의한 밴드의 휨, 이동자의 변화, 이동자의 흐름, 그 결과인 드레인 전압에 의한 전류 특성, 게이트 전압 변화에 의한 드레인 전류 특성을 설명할 수 있다. 미세 구조의 MOSFET에서 발생하는 누설전류와 비이상적인 동작 특성을 설명할 수 있다. 현대 반도체 소자의 신 개념, 나노크기의 MOSFET의 구조가 필요한 이유를 설명할 수 있다. 박막트랜지스터가 무엇이고 왜 디스플레이에 응용되는지 설명할 수 있으며, OLED의 동작원리와 패널 구성을 설명할 수 있다.이미지 센서 픽셀의 구조와 빛에 의한 반응을 설명할 수 있다.DRAM 메모리소자의 동작원리와 플레시 메모리 소자를 구별하여 이해한다. 미래 반도체 기술과 소자를 이해하고 제시할 수 있다.소자물리학을 이해하여 IC 회로 설계에 응용토록 한다.","1. 고체전자공학, 곽계달 외 공역, Streetman & Barnerjee, 사이텍미디어,","1. 현대반도체소자공학, 첸밍 후 저, 귄기영,신형철,이종호 역, 한빛미디어, 2010",,,True,True,False,False,False,True,target_department_and_target_course,0.16666666666666666
66182,2022,충북대학교,전자정보대학,전자공학부,반도체소자,3,1학기,3,3,0,전공선택,반도체물성에 대해 이해한다.반도체소자의 제조기술에 대해 이해한다.2단자 및 3단자 반도체소자의 구동원리에 대해 이해한다.,"1. 현대 반도체소자공학, Chenming Hu (권기영, 신형철, 이종호 옮김), 한빛아카데미, 2013","1. Semiconductor Physics and Devices: Basic Principles, Donald A. Neamen, McGrawHill, 20122. 반도체소자공학, Donald A. Neamen (이진구 외 옮김), 퍼스트북, 2007",,,True,True,False,False,False,True,target_department_and_target_course,0.16666666666666666
66184,2022,충북대학교,전자정보대학,전자공학부,전자회로 II,3,2학기,3,3,0,전공선택,1. 증폭기의 주파수 특성 및 궤환회로의 분석 및 설계할 수 있다. 2. OPAmp를 분석 및 설계할 수 있다. 3. 아날로그 필터와 디지털 회로에 분석 및 설계할 수 있다.,"1. Fundamentals of Microelectronics, Razavi, Wiley, null",,,,True,True,False,False,False,True,target_department_and_target_course,0.25
66185,2022,충북대학교,전자정보대학,전자공학부,전자회로 II,3,2학기,3,3,0,전공선택,1. 증폭기의 주파수 특성 및 궤환회로의 분석 및 설계할 수 있다. 2. OPAmp를 분석 및 설계할 수 있다. 3. 아날로그 필터와 디지털 회로에 분석 및 설계할 수 있다.,"1. 마이크로전자회로, 2nd edition, Raxavi 지음, 김철우 외 6인 공역, wiley, 2015",,,,True,True,False,False,False,True,target_department_and_target_course,0.25
66186,2022,충북대학교,전자정보대학,전자공학부,전자회로 II,3,2학기,3,3,0,전공선택,1. 증폭기의 주파수 특성 및 궤환회로의 분석 및 설계할 수 있다. 2. OPAmp를 분석 및 설계할 수 있다. 3. 아날로그 필터와 디지털 회로에 분석 및 설계할 수 있다.,"1. Microelectronics, Razavi, Wiley,",,,,True,True,False,False,False,True,target_department_and_target_course,0.25
66187,2022,충북대학교,전자정보대학,전자공학부,통신공학,3,2학기,3,3,0,전공선택,"가. AM, FM, 펄스 변조의 원리를 설명하고 장단점을 비교할 수 있다.나. 랜덤변수 및 랜덤 프로세스를 설명할 수 있다.다. 전력/대역폭/복잡도 제한사항을 고려하여 AM/FM 시스템을 설계할 수 있다.","1. MATLAB 실습과 함께 배우는 아날로그 및 디지털 통신이론(개정판), 김명진, 생능출판사, 2019",,,,True,True,False,False,False,True,target_department_and_target_course,0.25
66188,2022,충북대학교,전자정보대학,전자공학부,통신공학,3,2학기,3,3,0,전공선택,"1. AM, FM, 펄스 변조 및 복조의 원리를 설명하고 장단점을 비교할 수 있다.2. AM, FM, 펄스 변조 및 복조에 따른 스펙트럼의 변화를 설명할 수 있다.3. 표본화 정리를 설명하고, 주어진 신호(또는 스펙트럼)에 대해 최소 표본화 주파수를 구하고, 표본화 후의 스펙트럼을 설명할 수 있다.4. 펄스부호변조의 종류 및 장단점을 설명할 수 있다.","1. MATLAB 실습과 함께 배우는 아날로그 및 디지털 통신이론(2판), 김명진, 생능출판사, 2019",,,,True,True,False,False,False,True,target_department_and_target_course,0.25
66189,2022,충북대학교,전자정보대학,전자공학부,반도체공정,3,2학기,3,3,0,전공선택,반도체 IC 소자 제조 공정 기술 이해,"1. 실리콘 집적회로 공정기술의 기초(5판), 최우영, 문운당, 2021",,,,True,True,False,False,False,True,target_department_and_target_course,0.25
66190,2022,충북대학교,전자정보대학,전자공학부,반도체공정,3,2학기,3,3,0,전공선택,반도체 IC 소자 제조 공정 기술 이해,"1. 실리콘 집적회로 공정기술의 기초, 최우영, 문운당, 2011",,,,True,True,False,False,False,True,target_department_and_target_course,0.25
66191,2022,충북대학교,전자정보대학,전자공학부,반도체공정,3,2학기,3,3,0,전공선택,"실리콘 웨이퍼상에서 이루어지는 반도체 공정원리에 대한 이해단위공정을 바탕으로한 CMOS Process Integration 에 대한 이해 반도체공정, 반도체소재, 반도체소자의 Tradeoff 관계에 대한 이해","1. Silicon VLSI Technology: Fundamentals, Practice, and Modeling, 1st edition, James D. Plummer et al., Pearson, 2009",,"1. 실리콘 집적회로 공정 기술의 기초 (4판), 최우영, 문운당, 2011",,True,True,False,False,False,True,target_department_and_target_course,0.16666666666666666
66192,2022,충북대학교,전자정보대학,전자공학부,마이크로프로세서,3,1학기,3,2,2,전공선택,"이론교육 시간에는 컴퓨터 구조에 대한 학습을 통해 컴퓨터를 구성하는 레지스터의 기능과 명령어 수행 방법, 각종 연산에 대해 배우고 이를 통해 컴퓨터 시스템을 이해할 수 있는 능력을 배양한다. 실습시간에는 수업시간에 배운 컴퓨터 시스템에 대한 이론을 바탕으로 마이크로프로세서를 이해하고 C프로그래밍을 통해 각종 주변장치를 제어함으로써 실제 전장부품을 개발할 수 있는 능력을 키우는 것을 수업 목표로 한다.","1. STM32 사용자 메뉴얼, STelectronics, STelectronics, 2. The definite guide to the ARM CortexM3, Joseph Yiu, 인터넷공개,","1. ARM CoortexM0 STM32F051 마스터, 윤덕용, 옴사, 20132. CortexM3(STM32) 이론과 실무, 황해권, 복두출판사, 2011",,,True,True,False,False,False,True,target_department_and_target_course,0.16666666666666666
66193,2022,충북대학교,전자정보대학,전자공학부,마이크로프로세서,3,1학기,3,2,2,전공선택,1. 컴퓨터 구조와 임베디드 시스템의 이해2. 마이크로프로세서의 동작과 응용 학습3. 기본 회로도에 의한 하드웨어를 제작하고 실습을 통한 학습4. 임베디드 소프트웨어를 이해하고 새로운 기능을 프로그래밍 5. 설계 프로젝트를 제안하고 스스로 기능 구현하기,"1. STM32 사용자 메뉴얼, STelectronics, STelectronics, 2. The definite guide to the ARM CortexM3, Joseph Yiu, 인터넷공개,","1. ARM CoortexM0 STM32F051 마스터, 윤덕용, 옴사, 20132. CortexM3(STM32) 이론과 실무, 황해권, 복두출판사, 2011",,,True,True,False,False,False,True,target_department_and_target_course,0.16666666666666666
66194,2022,충북대학교,전자정보대학,전자공학부,자동제어II,3,2학기,3,3,0,전공선택,"(가) 저차 보상기의 주파수영역 설계 기법을 배운다.(나) State space model에 근거한 피드백제어기의 설계를 이해한다.(다) 디지털 제어 시스템의 해석과 제어기 설계기법, 디지털PID제어기 설계를 익힌다.","1. Modern control systems, 13th ed., R.C. Dorf and R.H. Bishop, Pearson Education Inc., 2017","1. Feedback Control of Dynamic Systems (7th Ed.), G.F. Franklin, J.D. Powell, A. EmamiNaeini, Pearson, 20152. Advanced PID Conrol, K.J. Astrom, T. Hagglund, ISA, 2006",,,True,True,False,False,False,True,target_department_and_target_course,0.16666666666666666
66195,2022,충북대학교,전자정보대학,전자공학부,자동제어II,3,2학기,3,3,0,전공선택,(가) 저차 보상기의 주파수영역 해석 및 설계를 배운다.(나) State space model에 근거한 피드백제어기의 설계를 이해한다.,"1. Modern control systems,13th ed, R.C. Dorf and R.H. Bishop, PrenticeHall,, 2017",,,,True,True,False,False,False,True,target_department_and_target_course,0.25
66196,2022,충북대학교,전자정보대학,전자공학부,자동제어II,3,2학기,3,3,0,전공선택,"피드백 시스템에 대해 체계적으로 이해하고, 이를 실생활에 활용하기 위한 방법에 대해 고민한다.","1. Modern control systems, 13th ed., R.C. Dorf and R.H. Bishop, PrenticeHall, 2017",,,,True,True,False,False,False,True,target_department_and_target_course,0.25
66197,2022,충북대학교,전자정보대학,전자공학부,디지털신호처리,3,2학기,3,3,0,전공선택,디지털신호처리 주요 이론을 학습하고 이를 알고리즘으로 구현한다. MATLAB프로그램을 이용하여 디지탈신호처리의 실제적인 신호 분석 및 설계를 수행한다.디지털 신호처리 시스템 설계하며 이를 신호 처리등의 응용 분야에 적용한다.,"1. 먼저배우는 DSP: A Multimedia Approach, McClellan, 교보문고, 2017","1. DiscreteTime Signal Processing,, Oppenheim, Schafer,, Prentice Hall,,",,,True,True,False,False,False,True,target_department_and_target_course,0.16666666666666666
66198,2022,충북대학교,전자정보대학,전자공학부,디지털신호처리,3,2학기,3,3,0,전공선택,가. 이산 시간 퓨리에 변환의 물리적 의미 및 적용기법을 이해나. FIR 필터의 동작 특성 및 설계 기법 배양다. IIR 필터의 동작특성 및 이를 이용한 멀티미디어 신호처리 응용기법 적용,"1. DiscreteTime Signal Processing, Oppenheim, Schafer, Prentice Hall,",,,,True,True,False,False,False,True,target_department_and_target_course,0.25
66199,2022,충북대학교,전자정보대학,전자공학부,디지털통신,4,1학기,3,3,0,전공선택,"정보통신(ICT:Information and Communication Technology) 기술의 핵심인 디지탈 통신기술, 무선통신과 이동통신의 개요를 학습하여, 1) 이론적으로 디지탈 통신 시스템의 원리와 구성 시스템을 이해하고, 2) 기본적인 디지탈 통신 시스템 설계를 가능하게 하고, 3) 통신 시스템의 성능을 평가할 수 있도록 하며,4) MATLAB 프로그램을 통하여 실제적인 정보가 전달되고 통신이 이뤄지는 것을 확인하여 5) 향후 통신 공학자로서 산업체나 연구직에서 일할 수 있는 기초 전공 지식을 습득하도록 학습함을 목표로 한다.","1. Principles of Communication, 5th Edition, Ziemer and Tranter, Wiley, 2002","1. Digital Communications, Sklar, PrenticeHall, 2009",,,True,True,False,False,False,True,target_department_and_target_course,0.16666666666666666
66200,2022,충북대학교,전자정보대학,전자공학부,디지털통신,4,1학기,3,3,0,전공선택,"디지털 변조 및 복조 시스템의 원리를 이해하고 구현방법과 대역폭, 비트오율 등의 특성을 설명할 수 있다. 기저대역 전송방식과 통과대역 전송방식을 이해하고 변조 및 복조 방법을 설명할 수 있다.통과대역 신호를 기저대역 신호로 변환하고 컴퓨터 모의실험에 적용할 수 있다.최적수신기의 조건과 원리를 이해하고 기본적인 QAM 변조방식을 적용한 디지털 송신기 및 수신기를 설계할 수 있다. Matlab/Octave를 이용하여 디지털 통신시스템을 설계하고 모의실험을 통해 비트오율(BER) 성능을 평가할 수 있다.","1. Matlab 실습과 함께 배우는 아날로그 및 디지털 통신이론 (2016년 1판도 가능함), 김명진, 생능출판사, 2019",,,,True,True,False,False,False,True,target_department_and_target_course,0.25
66201,2022,충북대학교,전자정보대학,전자공학부,센서및계측,4,1학기,3,3,0,전공선택,가. 다양한 센서의 동작원리를 이해한다.나. 센서신호를 처리하기 위한 신호처리 기법을 이해한다.다. Data Acquisition System을 구성하는 방법을 이해한다.라. 응용 제품을 조사하고 구성과 동작을 확인한다,"1. 센서공학입문, 민남기, 동일출판사, 2013","1. Interfacing Sensors to the IBM PC, Willis J. Tompkins and John G. Webster, Prentice Hall, 1988",,,True,True,False,False,False,True,target_department_and_target_course,0.16666666666666666
66202,2022,충북대학교,전자정보대학,전자공학부,아날로그집적회로설계,4,1학기,3,3,0,전공선택,"가. MOSFET 동작 특성, 2ndorder effect를 이해할 수 있다.나. singlestage amp, 차동 증폭기, 전류 미러, 주파수 특성, 잡음, 궤환, 주파수 보상, 연산증폭기 회로 등 증폭기 회로들을 배운다. 다. 밴드갭 기준전압 발생기, 스위치 커패시터 회로, 발진기, PLL 등 다양한 아날로그 회로들을 배운다.","1. Design of Analog CMOS Integrated Circuits, Behzad Razavi, McGrawHill,",,,,True,True,True,False,False,True,target_department_and_target_course,0.25
66203,2022,충북대학교,전자정보대학,전자공학부,디지털집적회로설계,4,1학기,3,3,0,전공선택,1. CMOS TR 및 기본 회로에 대해 설계 및 분석을 할 수 있다. 2. 집적회로 설계 Tool을 이용하여 디지털 응용회로를 설계할 수 있다.,"1. Introduction to VLSI Circuits and Systems, John P. Uyemura, Wiley, 2002","1. CMOS Digital Integrated Circuits, Kang SungMo, McGraw Hill, 20032. CMOS VLSI Design: A Circuits and Systems Perspective, 4th, N. Weste and D. Harris, Pearson, 20113. Basics of CMOS Cell Design, Sicard and Bendhia, Tara McGrawHill, 2005",,,True,True,True,False,False,True,target_department_and_target_course,0.16666666666666666
66205,2022,충북대학교,전자정보대학,전자공학부,정보통신공학,4,2학기,3,3,0,전공선택,"정보통신공학은 현대의 정보화사회에서 핵심이 되는 무선 통신, 이동통신 기술뿐만 아니라, 다양한 통신 기술에 관하여 공부하는 매우 중요한 기회이다. 그러므로 중요 정보 통신 기술의 원리와 시스템 구성 그리고 그의 응용과 발전 동향에 관련되는 내용을 강의하여, 수강하는 학생들이 아래의 7가지 중요 핵심 기술을 이해하고 파악함을 그 학습 목표로 한다.1) 디지탈 위성 통신 기술 2) 정보 공학과 채널 코딩 기술3) 광통신 기술의 원리와 광통신 시스템4) 이동통신 시스템(CDMA, TDMA, FDMA, OFDMA, 등)5) 무선 LAN과 통신 프로토콜6) Bluetooth, UWB, RFID, 등 최신 통신 기술의 이론과 시스템7) OFDM 기반 이동통신 시스템인 4세대 LTE와 LTEA 표준화 기술과 5세대 이동통신,그리고 다양한 정보통신 기술을 강의한다.","1. PPT files edited by Professor HeungGyoon RYU(유흥균), 담당교수(유흥균교수), , 2021",,"1. Principles of Communications, Ziemer and Tranter, Wiley, 2002",,True,True,False,False,False,True,target_department_and_target_course,0.16666666666666666
66206,2022,충북대학교,전자정보대학,전자공학부,로봇공학,4,2학기,3,3,0,전공선택,"가. 로봇의 기구학적 (kinematics) 및 동력학적 (dynamics) 모델링 이해 나. 로봇 구동을 위한 모터 원리 (motor) 와 제어기 설계 (controller design) 방법 이해 다. 로봇의 궤적 계획 (trajectory planning) 과 경로 계획 (path planning) 알고리즘 이해라. 지능화를 위한 로봇 센서 (sensor) 및 인지 (perception) 기술 이해* 산업용 로봇과 자율주행 시스템 개발에 필요한 모델링, 제어, 경로계획 방법에 대한 기본과 응용기술을 시뮬레이션과 코딩실습을 병행하며 숙지함","1. Introduction to Robotics: Analysis, Control, Applications (3rd 3d), Saeed B. Niku, Wiley, 2020","1. Introduction to Robotics (3rd) ed, J.J.Craig, ,",,,True,True,False,False,False,True,target_department_and_target_course,0.16666666666666666
66208,2022,충북대학교,전자정보대학,전자공학부,제어시스템설계,4,1학기,3,3,0,전공선택,"(1) 디지탈 제어 시스템의 해석및 설계 (2) MATLAB을 이용한 제어기 설계,(3) SIMULINK를 통한 simulation 학습을 목표로한다.","1. Digital control system analysis and design, 4th edition, Phillips et.al., Pearson, 2015","1. MATLAB An introduction with application, Amos Gilat, Wiley, 2017",,,True,False,True,False,False,True,target_department_and_foundational_course,0.16666666666666666
66209,2022,충북대학교,전자정보대학,전자공학부,종합설계 I,3,2학기,1,0,2,전공필수,"가. 목표 시스템을 설정하고 관련되는 자료를 분석하고, H/W 및 S/W 도구를 사용할 수 있다.나. 목표 시스템과 관련되어 적용된 전자공학 이론을 분석하고 응용할 수 있다.다. 2인이 팀을 구성하여 서로 협력하고 일을 분담하여 과제 전체를 완성할 수 있다. 라. 설계 시스템의 동작 원리 및 방법, 구현 방법 등을 효과적으로 전달할 수 있도록 보고서를 작성하고 발표할 수 있다.","1. 없음, 미정, ,",,,,True,False,True,False,False,True,target_department_and_foundational_course,0.25
66215,2022,충북대학교,전자정보대학,전자공학부,종합설계II,4,1학기,2,0,4,전공필수,"가. 전자공학의 기본이론, 원리를 적용하고 필요한 H/W, S/W 도구를 이용하여 간단한 시스템을 구현할 수 있다. 나. 2인 이상이 팀을 구성하여 서로 협력하고 일을 분담하여 과제 전체를 완성할 수 있다. 다. 제작 시스템의 동작 원리 및 방법, 구현 방법 등을 효과적으로 전달할 수 있도록 보고서를 작성하고 발표할 수 있다.","1. 없음, 없음, ,",,,,True,False,True,False,False,True,target_department_and_foundational_course,0.25
66217,2022,충북대학교,전자정보대학,전자공학부,종합설계II,4,1학기,2,0,4,전공필수,"1. 전자공학의 기본이론, 원리를 적용하고 필요한 H/W, S/W 도구를 이용하여 간단한 시스템을 구현할 수 있다. 2. 2인 이상이 팀을 구성하여 서로 협력하고 일을 분담하여 과제 전체를 완성할 수 있다. 3. 제작 시스템의 동작 원리 및 방법, 구현 방법 등을 효과적으로 전달할 수 있도록 보고서를 작성하고 발표할 수 있다.","1. 주제에 따른 개별 자료, , , 2019",,,,True,False,True,False,False,True,target_department_and_foundational_course,0.25
66218,2022,충북대학교,전자정보대학,전자공학부,종합설계II,4,1학기,2,0,4,전공필수,"가. 전자공학의 기본이론, 원리를 적용하고 필요한 H/W, S/W 도구를 이용하여 간단한 시스템을 구현할 수 있다. 나. 2인 이상이 팀을 구성하여 서로 협력하고 일을 분담하여 과제 전체를 완성할 수 있다. 다. 제작 시스템의 동작 원리 및 방법, 구현 방법 등을 효과적으로 전달할 수 있도록 보고서를 작성하고 발표할 수 있다.","1. , , ,",,,,True,False,True,False,False,True,target_department_and_foundational_course,0.25
66220,2022,충북대학교,전자정보대학,전자공학부,종합설계II,4,1학기,2,0,4,전공필수,"전자공학 전공지식을 바탕으로 하여, 능동적인 연구개발을 수행할 수 있는 능력팀 구성원간 협력하고 효율적으로 역할을 분담하여, 프로젝트를 성공적으로 수행할 수 있도록 하는 팀워크 프로젝트의 필요성, 동작원리, 구현방법 등을 효과적으로 타인에게 전달할 수 있고, 보고서를 통하여 결과를 요약할 수 있는 능력","1. 교재 없음, 미상, ,",,,,True,False,True,False,False,True,target_department_and_foundational_course,0.25
66222,2022,충북대학교,전자정보대학,전자공학부,반도체패키징테스팅,4,2학기,3,3,0,전공선택,"패키징의 기본 기술을 금속, 재료공학, 반도체 공정 기술을 바탕으로 이해하고자 한다. 이를 위해 전자공학에서는 다루지 않았던 금속의 상(phase)개념, 금속간 결합, 반도체금속 결합, IC의 금속을 통한 배선, 패키징 기판 재료 및 IC 본딩 재료 등의 특성, 열전달, 기계적 변형 등의 개념을 제시하고 이를 이해하고자 한다. IC의 테스팅 방법을 이용하여 디지털 IC를 테스트 할 수 있다.","1. Fundamentals of Microsystems Packaging, Rao R Tumala, McGraw Hill, 20012. 디지털IC테스트(개정판), 박용수, 내하출판사, 2011","1. Essentials of Electronic Testing for Digital, Memory, and MixedSignal VLSI Circuits, Michael L. Bushnell and Vishwani D. Agrawal, Springer Science Media, 20002. 패키지와 테스트, 서민석, 한올, 2020",,,True,True,False,False,False,True,target_department_and_target_course,0.16666666666666666
66223,2022,충북대학교,전자정보대학,전자공학부,반도체패키징테스팅,4,2학기,3,3,0,전공선택,"IC의 테스팅 방법을 이용하여 디지털 IC를 테스트 할 수 있다.패키징의 기본 기술을 금속, 재료공학, 반도체 공정 기술을 바탕으로 이해하고자 한다. 이를 위해 전자공학에서는 다루지 않았던 금속의 상(phase)개념, 금속간 결합, 반도체금속 결합, IC의 금속을 통한 배선, 패키징 기판 재료 및 IC 본딩 재료 등의 특성, 열전달, 기계적 변형 등의 개념을 제시하고 이를 이해하고자 한다.","1. Fundamentals of Microsystems Packaging, Rao R Tumala, McGraw Hill, 20012. 디지털IC테스트(개정판), 박용수, 내하출판사, 2011","1. Essentials of Electronic Testing for Digital, Memory, and MixedSignal VLSI Circuits, Michael L. Bushnell and Vishwani D. Agrawal, Springer Science Media, 20002. 패키지와 테스트, 서민석, 한올, 2020",,,True,True,False,False,False,True,target_department_and_target_course,0.16666666666666666
66224,2022,충북대학교,전자정보대학,전자공학부,프로그래밍프로젝트,2,2학기,1,0,2,전공선택,1. 프로그래밍 역량 강화2. 프로젝트 제작 경험,"1. 없음, 없음, ,",,,,True,True,True,False,False,True,target_department_and_target_course,0.25
66225,2022,충북대학교,전자정보대학,전자공학부,기초회로실험,2,2학기,2,0,4,전공선택,"가. 기본적인 계측기의 사용법을 익힌다.나. 기본 회로소자(저항, 인덕터, 커패시터의 기본특성을 익힌고, RL, RC, RLC회로의 시간응답/주파수 응답특성을 설계하고 실험한다.다. 게이트, 가산기등 조합논리회로와 FlipFlop을 이용한 쉬프트 레지스터, 카운터 회로 등의 순차회로를 설계하고 실험한다.라. 시뮬레이션 툴을 이용하여 회로를 검증하고 소자로 구현 확인한다.","1. 기초회로 실험, 조태원, 김영철, 김남수, 양병도, 개신, 2009",,,,True,True,True,False,False,True,target_department_and_target_course,0.25
66226,2022,충북대학교,전자정보대학,전자공학부,전자회로실험,3,1학기,2,0,4,전공선택,"(가) 전자소자 특성 분석 및 기본회로의 해석, 설계, 시뮬레이션, 실현 및 성능평가 (나) 전자회로실험을 통해 시뮬레이션 도구 사용 및 시뮬레이션 결과를 토대로 실험과 설계기법을 익힌다.(다) 실험보고서 작성 기법 및 발표자료 작성 기법을 익힌다.","1. 전자회로실험, 양병도, PDF 파일 제공, 2019",,,,True,True,True,False,False,True,target_department_and_target_course,0.25
66231,2022,충북대학교,전자정보대학,전자공학부,전자응용실험,4,1학기,2,0,4,전공선택,프로세서를 이용하여 인터페이스를 통해 외부 장치를 연결하고 프로그램을 작성할 수 있다.,"1. 전자응용실험I 교재(자체 제작), , ,",,,,True,False,True,False,False,True,target_department_and_foundational_course,0.25
66232,2022,충북대학교,전자정보대학,전자공학부,반도체소자공정실험,4,1학기,2,0,4,전공선택,"TCAD 툴인 PISCES, SUPREM을 이용하여 반도체소자를 최적화 할 수 있다.","1. 반도체소자공정실험, 자체제작, ,",,,,True,True,True,False,False,True,target_department_and_target_course,0.25
66233,2022,충북대학교,전자정보대학,전자공학부,반도체소자공정실험,4,1학기,2,0,4,전공선택,"반도체소자, 공정, 설비, 그리고 TCAD 시뮬레이션을 수행할 수 있는 실무능력 함양.반도체소자, 공정, 계측이 가지고 있는 유기적인 관계를 이해하고, 이를 능동적으로 응용할 수 있는 역량을 갖추도록 함.","1. 반도체공정실습, 이병렬, 윤석일, 홍릉과학출판사, 2015",,,,True,True,True,False,False,True,target_department_and_target_course,0.25
66234,2022,충북대학교,전자정보대학,전자공학부,컴퓨터네트워크,3,2학기,3,3,0,전공선택,(1) 컴퓨터 네트워크의 구조와 원리를 이해한다.(2) 네트워크 계층별 역할과 인터넷 프로토콜에 대해 이해한다.(3) 대표적인 인터넷 프로토콜을 실습한다.,"1. computer networking: A Topdown approach featureing the internet, 8/e, James F. Kurose, Keith W. Ross, Addison Wesley, 2. 컴퓨터 네트워킹: 하향식 접근, 8판, James F. Kurose, Keith W. Ross, ,",,,,True,True,False,False,False,True,target_department_and_target_course,0.25
66235,2022,충북대학교,전자정보대학,전자공학부,SoC설계,4,2학기,3,3,0,전공선택,"1. 조합회로(Combinational circuit) 및 순차회로(Sequential circuit) 디지털 로직의 Verilog 설계 방법을 배운다.2. 논리 합성(logic synthesis) 및 물리 설계 (physical design) 기본 설계 방법을 이해한다.3. 배운 SoC 설계 방법을 바탕으로 디지털 회로 설계, 합성 및 시뮬레이션 기법을 익힌다.","1. 강의 슬라이드 활용, ., ,",,,,True,False,True,False,False,True,target_department_and_foundational_course,0.25
66236,2022,충북대학교,전자정보대학,전자공학전공,공학수학Ⅰ,2,1학기,3,3,0,전공필수,지식1) 1계 상수계수 선형미분방정식 해법을 이해할 수 있다.2) 2계 상수계수 선형미분방정식 해법을 이해할 수 있다.3) 라플라스 변환을 이용하여 초기치가 주어진 미분방정식의 해법을 이해할 수 있다.기술1) 전기회로 분석을 위하여 미분방정식 적용 기법을 익힐 수 있다.2) 라플라스 변환을 이용하여 미분방정식을 간단하게 푸는 방법을 익힐 수 있다.태도1) 여러가지 물리 현상이 미분방정식으로 설명될 수 있음을 이해하게 된다.2) 전자공학 분야에서의 과제를 수학적으로 모델링하도록 노력하게 된다.,"1. Advanced Engineering Mathematics (6판 또는 7판), D.G. Zill and W.S. Wright, Jones and Bartlett, , 2018",,,,True,False,True,False,False,True,target_department_and_foundational_course,0.25
66237,2022,충북대학교,전자정보대학,전자공학전공,회로이론Ⅰ,2,1학기,3,3,0,전공필수,"1. 수동회로 소자(R,L,C)의 전기적 특성을 이해한다.2. KLC/KVL 법칙을 이해한다.3. OPAMP 회로 및 전원이 DC인 회로의 해석및 설계를 이해한다.","1. Fundamentals of Electric Circuits, C.K.Alexander, M.N.O.Sadiku, McGrawHill, 2017",,,,True,True,False,False,False,True,target_department_and_target_course,0.25
66239,2022,충북대학교,전자정보대학,전자공학전공,선형대수,2,1학기,3,3,0,전공선택,"1. 벡터, 행렬을 이용한 선형 연립방정식 해법 이해2. 벡터, 행렬을 이용한 선형변환 이해3. 행렬을 이용한 최소제곱오차 문제 해법 이해4. 고유치, 고유벡터의 의미 이해 및 응용","1. Introduction to Linear Algebra, 5ed, Gilbert Strang, , 2016",,,,True,False,True,False,False,True,target_department_and_foundational_course,0.25
66241,2022,충북대학교,전자정보대학,전자공학전공,고급컴퓨터프로그래밍,2,1학기,3,2,2,전공선택,"C++ 언어 기반의 객체지향 프로그램을 학습하기 위하여 C++기본 요소인 조건문, 제어문, 배열, 함수, 구조체, 포인터에 대하여 통합적으로 복습하는 과정을 통해 이를 이해하고 프로그래밍 할 수 있다.구조체의 확장인 멤버함수와 멤버 데이터를 하나로 묶어 정의되는 class를 이해하고 구성 할 수 있다.설계도인 class를 기준으로 메모리에 실제를 생성되는 Instance인 객체를 이하고 그 성질을 해석할 수 있다.class에서 주요특징인 상속과 생성자 및 소멸자에 대하여 이해하고 응용 프로그램을 구현할 수 있다.객체에 대한 메모리할당과 해제, 가상함수, 함수중복정의, 템플릿 등을 이용하여 객체지향프로그램을 작성할 수 있다.외부 파일 및 데이터를 읽고 처리하면 저장할 수 있다.","1. 명품 C++ Programming, 황기태, 생능출판사, 2013","1. C언어 익스프레스, 천인국, 생능출판사, 2018",,,True,True,False,False,False,True,target_department_and_target_course,0.16666666666666666
66242,2022,충북대학교,전자정보대학,전자공학전공,공학수학Ⅱ,2,2학기,3,3,0,전공필수,· 푸리에 급수 및 변환을 계산할 수 있다.· 복소함수를 계산할 수 있다.· 유수정리를 이용하여 복소적분을 계산할 수 있다.,"1. Advanced Engineering Mathematics (7판), D.G. Zill, Jones & Bartlett LEARNING, 2018",,,,True,False,True,False,False,True,target_department_and_foundational_course,0.25
66243,2022,충북대학교,전자정보대학,전자공학전공,회로이론Ⅱ,2,2학기,3,3,0,전공필수,"가. 교류회로, 3상회로, 변압기 회로를 분석할 수 있다.나. 전기회로의 주파수 응답을 구할 수 있다.다. 라플라스 변환을 이용한 고급 전기회로를 해석할 수 있다.라. 주어진 이득 및 주파수 특성을 만족하는 Op Amp를 이용한 필터를 설계할 수 있다.","1. Fundamentals of electrical circuits, 6th ed., C.K. Alexandwer and M.N.O. Sadiku, McgrawHill,, 2017",,"1. Electric Circuits (8th Ed.), J.W. Nilson and S.A. Riedel, Pearson Education, 20082. Engineering Circuit Analysis (회로이론), J.D. Irwin, R. M. Nelms (번역: 정찬수 외4), Wiley (퍼스트북), 2012",,True,True,False,False,False,True,target_department_and_target_course,0.16666666666666666
66244,2022,충북대학교,전자정보대학,전자공학전공,확률및통계,2,2학기,3,3,0,전공선택,"1. 불규칙 신호를 모델링하는 확률분포함수(확률밀도함수, 누적분포함수)의 물리적인 의미를 설명할 수 있다.2. 신호와 잡음을 불규칙 신호로 모델링하고 확률적 특성(평균, 분산, 상관치 등)을 구할 수 있다.3. 불규칙 신호의 확률적 특성(평균, 분산, 상관치 등)의 물리적인 의미를 설명할 수 있다.4. 불규칙 신호 입력에 대한 선형 시불변 시스템 출력의 확률적 특성을 구할 수 있다.","1. Probability, Random Variables and Random Signal Principles, Peebles, Shi, Mc Graw Hill, 2015",,,,True,False,True,False,False,True,target_department_and_foundational_course,0.25
66246,2022,충북대학교,전자정보대학,전자공학전공,디지털시스템설계,2,2학기,3,2,2,전공선택,"1. 조합회로(Combinational circuit) 및 순차회로(Sequential circuit) 디지털 로직의 설계 및 해석 기법을 익힌다.2. 설계 및 해석 기법을 바탕으로 디지털시스템의 기본동작과 설계를 이해한다.3. Verilog를 이용한 디지털 회로 설계, 합성 및 시뮬레이션 기법을 익힌다.4. FPGA 설계 프로젝트를 통하여 제한조건을 갖는 회로를 설계하고 검증한다.","1. Digital Logic and Microprocessor Design with Interfacing, E. Hwang , Cengage learning, 2016","1. 디지털시스템설계 실습, 김형원, 충북대학교, 20152. Fundamentals of Digital Logic with Verilog Design, S. Brown and Z. Vranesic, McGrawHill, 2014",,,True,True,True,False,False,True,target_department_and_target_course,0.16666666666666666
66250,2022,충북대학교,전자정보대학,컴퓨터공학과,창의공학설계,1,1학기,2,0,4,전공필수,1) Basic tools and languages.2) Project design and management.,"1. 자체 개발 강의자료..., ., ., .",,,,True,False,True,False,False,True,target_department_and_foundational_course,0.25
66251,2022,충북대학교,전자정보대학,컴퓨터공학과,이산수학,2,1학기,3,3,0,전공필수,"After completion of this course, the student will understand the following concepts of Discrete Mathematics such as i) counting, ii) logics and proofs, iii) sequences, and iv) basic graph theory. Students are also expected to develop a mathematical vocabulary by expressing mathematical ideas orally and in writing after the course.","1. 컴퓨팅사고력을 키우는 이산수학 3판, 박주미, 한빛아카데미, 2021",,,,True,False,True,False,False,True,target_department_and_foundational_course,0.25
66253,2022,충북대학교,전자정보대학,컴퓨터공학과,컴퓨터구조,3,1학기,3,3,0,전공필수,A. Understanding of computer architectureB. Practical design of storage applicationsC. English proficiency in computer technology.,"1. Architecture of Computer Hardware and System Software: An Information Technology Approach, Irv Englander, Wiley, 2009",,,,True,True,False,True,False,True,target_department_and_target_course,0.25
66254,2022,충북대학교,전자정보대학,컴퓨터공학과,선형대수학,2,2학기,3,3,0,전공선택,"After completion of this course, the student will understand the following concepts of Linear Algebra such as Basic terms and concepts of matrices, vectorsApply the matrix calculus in solving a system of linear algebraic equationsLinear transformations,Students are also expected to develop a mathematical vocabulary by expressing mathematical ideas orally and in writing after the course.","1. 응용이 보이는 선형대수학, 이건명, 한빛아카데미, 2020",,,,True,False,True,False,False,True,target_department_and_foundational_course,0.25
66256,2022,충북대학교,전자정보대학,컴퓨터공학과,운영체제,3,1학기,3,3,0,전공필수,"Learning history of operating systemsThe basic concepts of process, thread, CPU scheduling, memory and storage management","1. 명품 운영체제, 황기태, 생능출판사, 2021","1. 운영체제 (10판), Abraham Silberschatz 외, 퍼스트북, 2020",,,True,True,False,True,False,True,target_department_and_target_course,0.16666666666666666
66257,2022,충북대학교,전자정보대학,컴퓨터공학과,프로그래밍언어론,3,1학기,3,3,0,전공필수,"프로그래밍 언어들을 깊이 이해함으로써, 프로그래밍 능력을 향상시키고, 새로운 프로그래밍 언어의 설계 및 구현 능력을 가지도록 한다.We make students enhance programming ability and make students have design and implementation ability of new programming languagethrough deep understanding of programming languages.","1. Programming Languages: Design and Implementation, Pratt, T. W. & M. V. Zelkowitz, PrenticeHall, 2001",,,,True,True,False,False,False,True,target_department_and_target_course,0.25
66258,2022,충북대학교,전자정보대학,컴퓨터공학과,데이터베이스시스템,3,2학기,3,3,0,전공선택,DBMS와 기본적인 SQL을 이해할 수 있다.,"1. 데이터베이스 개론, 김연희 저, 한빛아카데미, 20132. 데이터베이스 배움터, 홍의경, 생능출판사, 2015",,,,True,True,False,True,False,True,target_department_and_target_course,0.25
66259,2022,충북대학교,전자정보대학,컴퓨터공학과,컴퓨터네트워크,2,2학기,3,3,0,전공필수,Learn of and take the levels of computer networking engineers along with understanding core protocols and network programming skills,"1. Computer Networking: A TopDown Approach, James Kurose and Keith Ross , , 2. Internet Routing Architectures (2nd Edition) , Sam Halabi, Cisco Press,",,,,True,True,False,False,False,True,target_department_and_target_course,0.25
66260,2022,충북대학교,전자정보대학,컴퓨터공학과,컴퓨터비전,4,1학기,3,3,0,전공선택,영상처리의 기본개년을 이하하여 컴퓨터비젼을 위한 시스템의 설계능력을 기른다.,"1. Digital Image Processing, G. A. Baxes, Wiley, 1994","1. 디지털 영상처리, 천인국, 인피니티북스, 2019",,,True,True,False,True,False,True,target_department_and_target_course,0.16666666666666666
66261,2022,충북대학교,전자정보대학,컴퓨터공학과,데이터통신,2,1학기,3,3,0,전공선택,"Upon successful completion of this course, students should be able to manage the networks.","1. 데이터통신과 컴퓨터 네트워크, 오창석, 내하출판사, 2015",,,,True,True,False,False,False,True,target_department_and_target_course,0.25
66263,2022,충북대학교,전자정보대학,컴퓨터공학과,자료구조,2,1학기,3,3,0,전공선택,1. 자료구조의 기초 개념을 이해할 수 있다.2. 자료구조를 설계할 수 있다.2. 이를 이용한 응용프로그래밍을 구현 할 수 있다.,"1. C언어로 쉽게 풀어쓴 자료구조, 천인국외 2인 공저, 생능출판사, 2019",,,,True,True,False,False,False,True,target_department_and_target_course,0.25
66264,2022,충북대학교,전자정보대학,컴퓨터공학과,이산수학,2,1학기,3,3,0,전공선택,"이산수학적 소양이란 ""일상에서 문제에 봉착했을 때 그 상황을 논리적으로 분석하고 수학적 모델을 만든 후 그 모델에 기존의 이산수학 지식과 지식을 새로 창출하여 검증, 적용하여 해결책을 제시하는 능력”이다.따라서 이 강좌에서는 이와 같은 기본 소양 배양을 통하여 컴퓨터과학의 여러 분야의 기초가 되는 이산적 개체들과 관련된 수학 내용을 학습하고 그 과정에서 여러 응용문제들을 다룬다. 이러한 학습 과정을 통하여 현실 문제 파악, 분석 및 해결 능력을 배양하여 컴퓨터과학 전 분야의 실질적인 문제들을 해결할 수 있는 기반 능력을 키우고자 한다.","1. 이산수학(컴퓨팅 사고력을 키우는), 박주미, 한빛미디어, 2017",,,,True,False,True,False,False,True,target_department_and_foundational_course,0.25
66265,2022,충북대학교,전자정보대학,컴퓨터공학과,컴퓨터구조,2,2학기,3,3,0,전공선택,"1. 컴퓨터 H/W 기본구조에 대해서 이해한다.2. 명령어를 이해하고 실행하는 과정을 이해한다.3. CPU, Memory, I/O의 종류와 동작원리를 이해한다.4. 컴퓨터 내부에서 데이터를 실행하는 방법에 대해서 이해한다.5. 컴퓨터와 외부장치들 사이에 통신하는 방법에 대해 이해한다.6. 최신 고성능 컴퓨터에 적용되는 병렬처리 기법에 대해 이해한다.","1. 컴퓨터 구조와 원리 3.0, 신종홍, 한빛아카데미, 2021",,,,True,True,False,True,False,True,target_department_and_target_course,0.25
66266,2022,충북대학교,전자정보대학,컴퓨터공학과,프로그래밍언어론,3,1학기,3,3,0,전공선택,"프로그래밍 언어들을 깊이 이해함으로써, 프로그래밍 능력을 향상시키고, 새로운 프로그래밍 언어의 설계 및 구현 능력을 가지도록 한다.We make students enhance programming ability and make students have design and implementation ability of new programming languagethrough deep understanding of programming languages.","1. Programming Languages: Design and Implementation, Pratt, T. W. & M. V. Zelkowitz, PrenticeHall, 2001",,,,True,True,False,False,False,True,target_department_and_target_course,0.25
66267,2022,충북대학교,전자정보대학,컴퓨터공학과,데이터통신,3,1학기,3,3,0,전공선택,데이터 통신과 네트워킹의 일반적인 개요에 대해 공부한다.네트워크 모델에 대해서 공부한다.물리계층과 전송매체에 대해서 공부한다.데이터 링크층 관련 유선/무선 근거리 통신망과 광역 통신망에 대해서 공부한다.,"1. 데이터 통신, 이재광, 생능출판사, 2019",,,,True,True,False,False,False,True,target_department_and_target_course,0.25
66268,2022,충북대학교,전자정보대학,컴퓨터공학과,운영체제,3,1학기,3,3,0,전공선택,컴퓨터시스템의 효율성과 편리성을 제고한 운영체제의 설계능력을 부여한다.,"1. 쉽게 배우는 운영체제, 조성호, 한빛아카데미, 2019",,,,True,True,False,True,False,True,target_department_and_target_course,0.25
66269,2022,충북대학교,전자정보대학,컴퓨터공학과,컴퓨터네트워크,3,2학기,3,3,0,전공선택,"컴퓨터 네트워크의 구조, 동작 원리 등에 대한 전반적인 내용을 습득한다.프로토콜 각 계층에 대해 알아보고, 주요 기능과 특성을 이해한다.이를 기반으로 새로운 응용 서비스에 대해 공부한다.르프로토콜 설계 및 구현 능력을 배양한다.","1. Wireshark로 배우는 컴퓨터 네트워크, 이재광, 생능출판사, 2020",,,,True,True,False,False,False,True,target_department_and_target_course,0.25
66270,2022,충북대학교,전자정보대학,컴퓨터공학과,데이터베이스,3,2학기,3,3,0,전공선택,Answer questions: What is DBMS Why we need to DBMS instead of files What is SQL Why we need to normalize DB schema How to use SQL in programs,"1. PPT 자료, , ,","1. IT COOKBOOK 데이터베이스 개론, 김연희, 한빛아카데미,",,,True,True,False,True,False,True,target_department_and_target_course,0.16666666666666666
66271,2022,충북대학교,전자정보대학,컴퓨터공학과,인터넷프로그래밍,3,1학기,3,3,0,전공선택,1) HTML에 대한 이해2) CSS에 대한 이해3) 웹사이트 제작 방법 이해,"1. IT CookBook, HTML & CSS for Beginner, 황재호, 한빛아카데미, 2016","1. HTML5 + CSS3 + JavaScript로 배우는 웹프로그래밍 기초, 천인국, 인피니티북스, 2013",,,True,True,False,False,False,True,target_department_and_target_course,0.16666666666666666
66272,2022,충북대학교,전자정보대학,컴퓨터공학과,소프트웨어공학,3,2학기,3,3,0,전공선택,"This course will cover topics in developing reliable software other than programming, including testing, bug finding, verification, and methodologies for constructing robust code. The emphasis is on modern technology for developing reliable software at a reasonable cost.","1. 소프트웨어 공학의 모든 것(All About Software Engineering), 최은만, 생능출판, 2021",,"1. Software Engineering , Ian Sommerville, Pearson, 2. 객체지향소프트웨어공학, 최은만, 한빛아카데미,",,True,True,False,False,False,True,target_department_and_target_course,0.16666666666666666
66274,2022,충북대학교,전자정보대학,컴퓨터공학과,알고리즘,3,1학기,3,3,0,전공선택,Foster the ability to understand and use computer algorithmsCan design and analyze various algorithmsApply the algorithms and design techniques to solve problems,"1. 쉽게 배우는 알고리즘, 문병로, 한빛미디어, 20182. Introduction to Algorithms (3rd Edition), Thomas H. Cormen et al, The MIT Press, 2009",,,,True,True,False,True,False,True,target_department_and_target_course,0.25
66275,2022,충북대학교,전자정보대학,컴퓨터공학과,소프트웨어공학,4,1학기,3,3,0,전공선택,"소프트웨어공학의 기본적 개념 뿐 아니라, 최신 연구 주제 및 이슈들에 대해 이해하고, 문제 해결을 위한 의견을 제시할 수 있다. 또한, 소프트웨어 시스템 설계 과정에서 필요한 주요 도구와 방법론을 이해하고, 이를 활용하여 분석, 설계를 효과적으로 수행할 수 있는 기본적 역량을 갖춘다.","1. 쉽게 배우는 소프트웨어 공학, 김치수, 한빛아카데미, 2015",,,,True,True,False,False,False,True,target_department_and_target_course,0.25
66276,2022,충북대학교,전자정보대학,컴퓨터공학과,마이크로프로세서,3,2학기,3,2,2,전공선택,"마이크로프로세서의 구조와 동작, 설계 방법을 배운다","1. Computer Organization and Design: The hardware/Software, Interface ARM edition, D. Patterson and J. Hennessey, Morgan Kaufmann Publishers, 2010",,"1. 마이크로컨트롤러 AVR ATmega128: 상태도를 이용한 시스템 설계, 이상설, 한빛미디어, 2011",,True,True,False,False,False,True,target_department_and_target_course,0.16666666666666666
66277,2022,충북대학교,전자정보대학,컴퓨터공학과,정보보호,3,2학기,3,3,0,전공선택,Learn of and take the levels of information security engineers along with understanding network protocols and system programming skills,"1. 정보 보안 원리 및 실습, 황성운, 생능출판, 2. 데이터 통신과 컴퓨터 네트워크, 오창석, 내하출판사,","1. Mastering Ethereum: Building Smart Contracts and DApps, Andreas Antonopoulos and Gavin Wood, O'Reilly,",,,True,True,False,True,False,True,target_department_and_target_course,0.16666666666666666
66281,2022,충북대학교,전자정보대학,컴퓨터공학과,미래설계구현,2,1학기,1,0,2,전공필수,1) Achieving communication skills for presentation2) Understanding the skills and abilities for career development3) Setting the career goals and concrete plans for the future4) Understanding the types and concepts of various ability/aptitude tests,"1. 자체 강의자료, 조겨리, ,",,,,True,False,True,False,False,True,target_department_and_foundational_course,0.25
66282,2022,충북대학교,전자정보대학,컴퓨터공학과,미래설계탐색,1,1학기,1,0,2,전공필수,"As a Computer engineer, this course is designed to help you understand the requirements for future joband apply them to your workplace. Detailed objectives of this course are as follows;First, you can set and explain your life goals.Second, you can understand what kinds of competency are required for your future job.Third, you can develop and improve your talent by attending this class.","1. 강의별 별도 자료, 해당없음., ,",,,,True,False,True,False,False,True,target_department_and_foundational_course,0.25
66283,2022,충북대학교,전자정보대학,컴퓨터공학과,미래설계준비,1,2학기,0,0,2,전공필수,Improve leadershipUnderstand the latest industry trendsObserve what skills are needed in modern companies,"1. TBD, TBD, ,",,,,True,False,True,False,False,True,target_department_and_foundational_course,0.25
66284,2022,충북대학교,전자정보대학,컴퓨터공학과,전자회로및설계,2,1학기,3,2,2,전공선택,"A. Balanced emphasis given to the complementary time, phasor, and s domain approachesB. Op amp is studied as a versatile linear circuit element","1. Fundamentals of Electric Circuits: 4th Edition, Alexander & Sadiku, McGraw Hill, 2009",,,,True,True,True,False,False,True,target_department_and_target_course,0.25
66285,2022,충북대학교,전자정보대학,컴퓨터공학과,오픈소스기초프로젝트,2,1학기,2,0,4,전공선택,"1) Linux basic commands.2) Programming in Linux.3) Opensource platforms (e.g., git, docker). 4) Make my own webpages.5) Manage projects.6) Enter the opensource world.","1. 강의노트 , 정영섭, 없음, 1800",,,,True,False,True,False,False,True,target_department_and_foundational_course,0.25
66288,2022,충북대학교,전자정보대학,컴퓨터공학과,논리회로및설계,2,2학기,3,2,2,전공선택,"컴퓨터 회로의 기본이 되는 디지털 회로의 기초부분으로 디지털 시스템의 이해 및 분석, 설계에 필요한 기본 개념을 이해하고 응용 설계한다.","1. DIGITAL DESIGN 5,6th edition, M. Morris Mano, M. D. Ciletti, PEARSON, 2013",,,,True,True,True,False,False,True,target_department_and_target_course,0.25
66289,2022,충북대학교,전자정보대학,컴퓨터공학과,오픈소스개발프로젝트,2,2학기,2,0,4,전공선택,"Python syntax and concept of objectoriented programmingUtilization of Python open source libraries (Pandas, Numpy, etc) for data scienceGit/Github basics and team project based on Git","1. 파이썬 코딩 도장, 남재윤, 길벗, 2. 파이썬 머신러닝 판다스 데이터 분석, 오승환, 정보문화사, 2019",,,,True,False,True,False,False,True,target_department_and_foundational_course,0.25
66292,2022,충북대학교,전자정보대학,컴퓨터공학과,오픈소스전문프로젝트,3,1학기,2,0,4,전공선택,"1. Understand different development tools for Android2. Learn the UI, components, event handling ofAndroid and to design and implement for GUI(Graphical User Interface)3. Get the design techniques for Android resources, layouts, widgets, menus, dialogs, intents, and more4. Carry out projects with Android Appbasedopensource software","1. 1. IT CookBook, Android Studio를 활용한 안드로이드 프로그래밍, 우재남, 박길식, 한빛미디어, 2019","1. 신경망 첫걸음, 타리크 라시드, 한빛미디어, 2017",,,True,False,True,False,False,True,target_department_and_foundational_course,0.16666666666666666
66294,2022,충북대학교,전자정보대학,컴퓨터공학과,인공지능,3,2학기,3,3,0,전공선택,The basic ideas of data processing and statistics in machine learningAlgorithms and statistical models in machine learning,"1. 기계학습 , 오일석 , 한빛아카데미 , 2017","1. 인공지능, 이건명, 생능출판사, 2018",,,True,True,False,True,False,True,target_department_and_target_course,0.16666666666666666
66295,2022,충북대학교,전자정보대학,컴퓨터공학과,캡스톤디자인,4,1학기,2,0,4,전공필수,1. Achieving skills to design and solve an engineering project2. Learning how to improve teamwork for achieving a shared goal,"1. 프로젝트 주제별 참고자료, ., ,",,,,True,False,True,False,False,True,target_department_and_foundational_course,0.25
66296,2022,충북대학교,전자정보대학,컴퓨터공학과,머신러닝,4,1학기,3,3,0,전공선택,The basic ideas of data processing and statistics in machine learningAlgorithms and statistical models in machine learning,"1. 기계학습 , 오일석 , 한빛아카데미 ,",,"1. 머신러닝 교과서 with 파이썬, 사이킷런, 텐서플로, 세바스찬 라시카 등, 길벗 ,",,True,True,False,True,False,True,target_department_and_target_course,0.16666666666666666
66301,2022,충북대학교,전자정보대학,컴퓨터공학과,데이터마이닝,4,2학기,3,3,0,전공선택,(1) Students can collect data by applying the data collection method.(2) Students can analyze the collected data by applying various data analysis methodologies.,"1. 데이터 과학 기반의 파이썬 빅데이터 분석, 이지영, 한빛미디어, 2021",,,,True,True,False,True,False,True,target_department_and_target_course,0.25
66302,2022,충북대학교,전자정보대학,컴퓨터공학과,컴퓨터프로그래밍,1,2학기,3,3,0,전공선택,"1) 프로그래밍 과정에 대해 설명할 수 있다. 2) C 언어로 작성된 프로그램의 구조와 주요 구성 요소들에 대해 설명할 수 있다.3) C 언어를 이용하여 간단한 연산식, 조건식 등을 기술할 수 있다.4) 기초 수준의 문제 해결에 필요한 자료 및 자료 구조를 정의하고 이를 C 언어로 표현할 수 있다. 5) 제시된 문제와 이 문제 해결에 필요한 자료들을 이용하여 문제 해결 방법(알고리즘)을 설계할 수 있다.6) 제어문의 종류를 비교, 설명할 수 있고, 이를 문제 해결에 활용할 수 있다. 7) 사용자 정의 함수의 구조를 설명할 수 있고 문제 해결을 위하여 함수를 구현할 수 있다.8) 궁극적으로 2 ~ 3개 정도의 함수로 표현되는 규모의 문제에 대해 프로그램(50 행 정도 수준)을 작성하고 실행, 디버깅을 통하여 결과를 얻고 의미를 해석할 수 있다.","1. 쉽게 풀어쓴 C언어 Express [3판], 천인국, 생능출판사,",,,,True,True,False,False,False,True,target_department_and_target_course,0.25
66303,2022,충북대학교,전자정보대학,컴퓨터공학과,고급컴퓨터프로그래밍,2,1학기,3,3,0,전공선택,1) 컴퓨터 프로그램의 이해2) C 언어 프로그램에 대한 이해 및 프로그래밍 기술 배양3) 문제 분석 및 분석에 따른 해결 방법 능력의 함양,"1. IT CookBook, 전공자를 위한 C 언어 프로그래밍, 주우석, 한빛아카데미, 2018",,,,True,True,False,False,False,True,target_department_and_target_course,0.25
66304,2022,충북대학교,전자정보대학,컴퓨터공학과,논리회로,2,1학기,3,3,0,전공선택,"1. 디지털과 아날로그의 개념, 정보의 표현을 위한 수의 체계를 이해한다. 2. 논리함수 및 논리회로의 단순화를 이해한다. 3. 조합회로를 설계한다. 4. Flipflop을 이용한 순차회로를 설계한다. 5. 순서논리회로의 상태표 및 상태 테이블을 배운다.","1. 처음 만나는 디지털 논리회로, 임석구, 홍경호, 한빛아카데미, 2019",,,,True,True,False,False,False,True,target_department_and_target_course,0.25
66305,2022,충북대학교,전자정보대학,컴퓨터공학과,컴퓨터응용프로그래밍,2,2학기,3,3,0,전공선택,"프로그램 작성의 기초 개념을 학습한 다음, 배열과 연결리스트를 이용한 선형 구조에 대한 해를 구하는 방법을 살펴본다. 트리의 순환적 정의와 이를 이용한 응용 문제를 해결하는 프로그램을 작성한다. 그래프를 이용한 네트워크의 문제를 학습한 다음, 심볼테이블과 정렬 방법들을 학습한다.","1. IT CookBook, C로 배우는 쉬운 자료구조(개정3판), 이지영, 한빛미디어, 2016",,,,True,True,False,False,False,True,target_department_and_target_course,0.25
66306,2022,충북대학교,전자정보대학,컴퓨터공학과,확률및통계,2,2학기,3,3,0,전공선택,1. 공학을 이해하는 데 기초가 되는 확률 지식을 습득한다.2. 공학 기술에 필요한 확률 계산 능력을 배양한다.,"1. 확률과 통계 입문, 이재원, 한빛아카데미, 2017",,,,True,False,True,False,False,True,target_department_and_foundational_course,0.25
66308,2022,충북대학교,전자정보대학,컴퓨터공학과,알고리즘,3,1학기,3,3,0,전공선택,"알고리즘에 대한 지식을 기반으로 제대로 프로그래밍을 하게 하고, 알고리즘 속에 깃들어 있는여러가지 생각하는 방법, 자료구조, 테크닉을 통해 체계적으로 생각하는 훈련을 한다.알고리즘의 설계와 분석을 활용하여 체계적으로 사고할 수 있는 빌딩블록을 구축하여 컴퓨터 또는 관련 분야의 연구자 또는 개발자로서 각춰야 할 지적 기반을 쌓는다.","1. 쉽게 배우는 알고리즘 , 문병로, 한빛아카데미, 2019",,,,True,True,False,True,False,True,target_department_and_target_course,0.25
66309,2022,충북대학교,전자정보대학,컴퓨터공학과,객체지향프로그래밍,3,2학기,3,3,0,전공선택,1. 자바 프로그래밍 언어의 기본 원리를 이해할 수 있다.2. 자바를 사용한 컴퓨터 프로그램을 구현할 수 있다.,"1. IT CookBook, 자바 프로그래밍 for Beginner, 우재남, 한빛아카데미, 2018",,,,True,True,False,False,False,True,target_department_and_target_course,0.25
66310,2022,충북대학교,전자정보대학,컴퓨터공학과,컴퓨터공학설계,3,2학기,3,3,0,전공선택,영상처리의 기본개년을 이하하여 컴퓨터비젼을 위한 시스템의 설계능력을 기른다.,"1. Digital Image Processing, G. A. Baxes, Wiley, 1994","1. 디지털 영상처리, 천인국, 인피니티북스, 2019",,,True,False,True,False,False,True,target_department_and_foundational_course,0.16666666666666666
66312,2022,충북대학교,전자정보대학,컴퓨터공학과,인공지능,4,1학기,3,3,0,전공선택,인공지능 기술의 개념 이해 최근 인공지능 기술 이해 인공지능 기술 응용 방법 습득이동형 지능 로봇에 대한 경험 습득,"1. 처음 만나는 인공지능, 김대수, 생능출판사, 2018",,,,True,True,False,True,False,True,target_department_and_target_course,0.25
66313,2022,충북대학교,전자정보대학,컴퓨터공학과,정보보호,4,1학기,3,3,0,전공선택,정보보호의 개념을 이해하며 다양한 분야에서 사용되는 정보보호 기술들을 이해한다.,"1. 정보보안개론, 양대일, 한빛아카데미, 2015",,,,True,True,False,True,False,True,target_department_and_target_course,0.25
66314,2022,충북대학교,전자정보대학,컴퓨터공학과,산학프로젝트,4,1학기,3,3,0,전공선택,IT와 관련된 시스템 및 소프트웨어를 설계하고 구현할 수 있음다양한 협업 도구를 이용하여 프로젝트를 진행함에 있어 팀원과 협력할 수 있음,"1. 필요시 자체 작성된 교안 사용, 김봉재, ,",,,,True,False,True,False,False,True,target_department_and_foundational_course,0.25
66317,2022,충북대학교,전자정보대학,컴퓨터공학과,머신러닝,4,2학기,3,3,0,전공선택,"데이터 사이언스와 머신러닝의 개념데이터 분석 및 통계 기초머신러닝 알고리즘과 다양한 모델, 응용사례","1. 데이터사이언스 입문, 일본 국립 시가대학교 데이터사이언스학부, 인피니티북스, 2020","1. 처음 만나는 인공지능, 김대수, 생능출판,",,,True,True,False,True,False,True,target_department_and_target_course,0.16666666666666666
66318,2022,충북대학교,전자정보대학,컴퓨터공학과,빅데이터,4,2학기,3,3,0,전공선택,"빅데이터가 무엇이며 그것의 활용분야, 전망 등과 함께 그것을 처리, 분석하는 데에 필요한 기술을 습득하고, 다양한 활용 예를 통해 그것의 용도와 필요성, 효과를 이해한다.","1. 빅데이터 컴퓨팅 기술, 박두순 외 5인, 한빛미디어, 2014","1. 모두의 데이터 분석 with 파이썬, 송석리, 이현아, 길벗, 2020",,,True,True,False,True,False,True,target_department_and_target_course,0.16666666666666666
66322,2022,충북대학교,전자정보대학,지능로봇공학과,창의공학설계,1,2학기,2,0,4,전공필수,"Improve conceptual understanding, analysis, and design skills for engineering related items.","1. Do it! 킽트 없이 만드는 아두이노, 박필준, 이지스 퍼블리싱,","1. 모두의 아두이노 DIY, 김홍덕, 길벗,",,,True,False,True,False,False,True,target_department_and_foundational_course,0.16666666666666666
66323,2022,충북대학교,전자정보대학,지능로봇공학과,미래설계탐색,1,1학기,1,0,2,전공필수,"As an engineer, this course is designed to help you understand the requirements for future job and apply them to your workplace. Detailed objectives of this course are as follows;First, you can set and explain your life goals.Second, you can understand what kinds of competency are required for your future job.Third, you can develop and improve your talent by attending this class.","1. Prepared Materials, Coordinated by Lecturer , , 2020",,,,True,False,True,False,False,True,target_department_and_foundational_course,0.25
66324,2022,충북대학교,전자정보대학,지능로봇공학과,미래설계준비,1,2학기,0,0,2,전공필수,Improve leadershipUnderstand the latest industry trendsObserve what skills are needed in modern companies,"1. Lecture Notes, 강의자 , ,",,,,True,False,True,False,False,True,target_department_and_foundational_course,0.25
66327,2022,충북대학교,전자정보대학,지능로봇공학과,전기회로,2,1학기,3,3,0,전공필수,"전기회로 소자의 종류 및 구조, 기능 이해 전기회로 해석이론 습득 및 해석/설계능력 배양","1. Fundamentals of electric circuits, 7th edition, Chales Alexander & Matthew Sadiku, Mc Graw Hill, 2021",,,,True,True,False,False,False,True,target_department_and_target_course,0.25
66328,2022,충북대학교,전자정보대학,지능로봇공학과,기초회로실험,2,1학기,2,0,4,전공필수,"가. 기본적인 계측기의 사용법을 익힌다.나. 기본 회로소자(저항, 인덕터, 커패시터의 기본특성을 익힌고, RL, RC, RLC회로의 시간응답/주파수 응답특성을 설계하고 실험한다.다. 시뮬레이션 툴을 이용하여 회로를 검증하고 소자로 구현 확인한다.","1. 기초회로 실험, 조태원, 김영철, 김남수, 양병도, 개신, 2009",,,,True,True,True,False,False,True,target_department_and_target_course,0.25
66329,2022,충북대학교,전자정보대학,지능로봇공학과,오픈소스기초프로젝트,2,1학기,1,0,2,전공필수,"C언어의 중요한 개념인 포인터, 동적할당, 구조체, 연결리스트를 이해할 수 있다.오픈소스를 바탕으로 C언어 프로그램을 작성할 수 있다.C언어를 기반으로 독창적인 본인만의 프로그램을 작성할 수 있다.Github를 사용해서 C언어 소스코드를 업로드 할 수 있다.","1. C언어 익스프레스, 천인국, 생능출판, 2017",,,,True,False,True,False,False,True,target_department_and_foundational_course,0.25
66330,2022,충북대학교,전자정보대학,지능로봇공학과,미래설계구현,2,1학기,0,0,2,전공필수,현재 자신에게 부족한 역량 및 필요한 역량이 어떠한 것이지 분석할 수 있다. 기업이 선호하는 인재가 무엇인지 안다.,"1. 강의 노트 및 강연자의 특강자료, 강연자, ,",,,,True,False,True,False,False,True,target_department_and_foundational_course,0.25
66331,2022,충북대학교,전자정보대학,지능로봇공학과,공학수학,2,1학기,3,3,0,전공선택,"1. 미분방정식의 개념을 이해하고, 물리 현상으로부터 미분방정식을 세우고, 다양한 형태의 미분방정식을 풀 수 있다.2. 라플라스 변환의 개념을 이해하고, 이를 이용하여 미분방정식의 해를 구할 수 있다.3. 푸리에 급수의 개념을 이해할 수 있다.1. You can understand the concept of differential equations (DE), establish DE by observing physical phenomena, and solve various types of DE.2. You can understand the concept of the Laplace transform and solve the differential equation using the Laplace transform.3. You can understand the concept of the Fourier series.","1. Advanced Engineering Mathematics Sixth Edition, Dennis G. Zill, Jones & Bartlett Learning, 2018","1. Advanced Engineering Mathematics Tenth Edition, Erwin Kreyszig, Wiley, 2011",,,True,False,True,False,False,True,target_department_and_foundational_course,0.16666666666666666
66332,2022,충북대학교,전자정보대학,지능로봇공학과,객체지향프로그래밍,2,1학기,3,2,2,전공선택,"C++ 언어 기반의 객체지향 프로그램을 학습하기 위하여 C++기본 요소인 조건문, 제어문, 배열, 함수, 구조체, 포인터에 대하여 통합적으로 복습하는 과정을 통해 이를 이해하고 프로그래밍 할 수 있다.구조체의 확장인 멤버함수와 멤버 데이터를 하나로 묶어 정의되는 class를 이해하고 구성 할 수 있다.설계도인 class를 기준으로 메모리에 실제를 생성되는 Instance인 객체를 이하고 그 성질을 해석할 수 있다.class에서 주요특징인 상속과 생성자 및 소멸자에 대하여 이해하고 응용 프로그램을 구현할 수 있다.객체에 대한 메모리할당과 해제, 가상함수, 함수중복정의, 템플릿 등을 이용하여 객체지향프로그램을 작성할 수 있다.외부 파일 및 데이터를 읽고 처리하면 저장할 수 있다.","1. 명품 C++ Programming(개정판), 황기태, 생능출판사, 2018",,,,True,True,False,False,False,True,target_department_and_target_course,0.25
66333,2022,충북대학교,전자정보대학,지능로봇공학과,객체지향프로그래밍,2,1학기,3,2,2,전공선택,"C++ 언어 기반의 객체지향 프로그램을 학습하기 위하여 C언의 조건문, 제어문, 배열, 함수, 구조체, 포인터에 대하여 통합적으로 복습하는 과정을 통해 이를 이해하고 프로그래밍 할 수 있다.구조체의 확장인 멤버함수와 멤버 데이터를 하나로 묶어 정의되는 class를 이해하고 구성 할 수 있다.설계도인 class를 기준으로 메모리에 실제를 생성되는 Instance인 객체를 이하고 그 성질을 해석할 수 있다.class에서 주요특징인 상속과 생성자 및 소멸자에 대하여 이해하고 응용 프로그램을 구현할 수 있다.객체에 대한 메모리할당과 해제, 가상함수, 함수중복정의, 템플릿 등을 이용하여 객체지향프로그램을 작성할 수 있다.","1. 명품 C++ Programming, 황기태, 생능출판사, 2013","1. C언어 익스프레스, 천인국, 생능출판사, 2018",,,True,True,False,False,False,True,target_department_and_target_course,0.16666666666666666
66335,2022,충북대학교,전자정보대학,지능로봇공학과,오픈소스개발프로젝트,2,2학기,1,0,2,전공필수,Get clear figures of the objectoriented paradigm Carry out projects with open source software Be familiar with the open source tools like GitHub and etc.Get the skills for project management and technical documentation,"1. 교원이 작성한 강의 자료 , 기석철, , 2022","1. 오픈 소스 관련 자료, 강사 추천 예정, ,",,,True,False,True,False,False,True,target_department_and_foundational_course,0.16666666666666666
66336,2022,충북대학교,전자정보대학,지능로봇공학과,윈도우프로그래밍,2,2학기,3,2,2,전공선택,1. 학생들은 MFC 기반의 윈도우 프로그래밍 기법을 이해할 수 있다.2. 학생들은 실제 현장에서 적용할 수 있는 수준의 윈도우 프로그래밍 능력을 갖추게 된다. 1. Students can understand MFCbased Windows programming skills.2. Students can acquire a level of Windows programming skills that can be applied in the real world.,"1. 단계별로 쉽게 배우는 Visual C++ 2015 MFC Programming, 정일홍, 생능출판, 2017","1. 쉽게 배우는 MFC 윈도우 프로그래밍, 김선우, 신화선, 한빛아카데미, 2020",,,True,True,False,False,False,True,target_department_and_target_course,0.16666666666666666
66337,2022,충북대학교,전자정보대학,지능로봇공학과,확률및통계,2,2학기,3,3,0,전공선택,"After completing this course, it is expected for students to be able to:1. Model the signal and noise as irregular signals and stochastic characteristics (average, variance, correlation, etc.)2. Explain the physical meaning of the probabilistic characteristics (average, variance, correlation, etc.) of irregular signals.3. Know how to obtain the stochastic characteristics of the linear timeinvariant system output for irregular signal input,","1. 확률, 랜덤변수 및 랜덤신호 원리, Peyton z. Peebles, McGrawHill Korea,",,,,True,False,True,False,False,True,target_department_and_foundational_course,0.25
66338,2022,충북대학교,전자정보대학,지능로봇공학과,디지털시스템설계,2,2학기,3,2,2,전공선택,"1. 조합회로(Combinational circuit) 및 순차회로(Sequential circuit) 디지털 로직의 설계 및 해석 기법을 익힌다.2. 설계 및 해석 기법을 바탕으로 마이크로프로세서(FPGA)의 기본동작과 설계를 이해한다.3. Verilog를 이용한 디지털 회로 설계, 합성 및 시뮬레이션 기법을 익힌다.4. 설계 프로젝트를 통하여 제한조건을 갖는 회로를 설계하고 검증한다.","1. 디지털시스템설계 실습, 김형원, 충북대학교, 20152. Digital Logic and Microprocessor Design with Interfacing, E. Hwang , Cengage learning, 2016","1. Fundamentals of Digital Logic with Verilog Design, S. Brown and Z. Vranesic, McGrawHill, 2014",,,True,True,True,False,False,True,target_department_and_target_course,0.16666666666666666
66339,2022,충북대학교,전자정보대학,지능로봇공학과,신호및시스템,2,2학기,3,3,0,전공선택,"지식 1) 시스템을 특성에 따라서 분류할 수 있으며, 콘볼류션의 개념을 이해할 수 있다. 2) 푸리에 변환을 이용하여 연속시간 시스템의 주파수 특성을 이해할 수 있다. 3) 샘플링 이론을 배움으로써, 아날로그 신호와 디지털 신호의 연관성을 이해할 수 있다.기술 1) 콘볼류션 계산 기법 2) 푸리에 변환 계산 방법 3) 주파수 응답 계산 방법태도 1) 대부분의 전자 장치들이 시스템으로 모델링되며 입력과 출력은 신호로 표현할 수 있음을 이해한다. 2) 푸리에 변환을 이용하여 신호 및 시스템을 분석하고 이해하려는 자세를 갖게 된다.","1. 신호와시스템, Roberts, 한티미디어, 2014",,,,True,True,False,False,False,True,target_department_and_target_course,0.25
66340,2022,충북대학교,전자정보대학,지능로봇공학과,선형대수학,2,2학기,3,3,0,전공선택,이 강의의 목적은 선형대수의 다음 개녕과: 1) linear equations 2) vector algebra 3) matrix algebra이의 여러분야에서의 응용을 공부하는 것이다.,"1. Linear Algebra and Its Applications (5th Edition), David C. Lay et. al., Pearson,","1. 선형대수학 (5판), David C. Lay 저 (김병학 등 번역), (주)피어슨에듀케이션코리아,",,,True,False,True,False,False,True,target_department_and_foundational_course,0.16666666666666666
66343,2022,충북대학교,전자정보대학,소프트웨어학과,자료구조,2,1학기,3,3,1,전공필수,"After completing this course, it is expected for students to be able to: 1) Successfully explain the fundamental concept of data structures. 2) Make appropriate data structure and algorithm design decisions with respect to program size, execution speed, and storage efficiency. 3) Successfully use data structures in their programming such as stacks, queues, linked lists, trees, graphs, heap and so on. 4) Successfully explain key sorting algorithms. 5) Successfully explain the relationship between algorithms and data structures in time complexity perspective such as BigOh, LittleOh, and Omega.","1. Fundamental of Data Structures in C, Hprowitz and Sahni, SP, 2008","1. IT CookBook, C로 배우는 쉬운 자료구조(개정3판) , 이지영, 한빛출판사,",,,True,True,False,False,False,True,target_department_and_target_course,0.16666666666666666
66345,2022,충북대학교,전자정보대학,소프트웨어학과,객체지향 프로그래밍,2,1학기,3,2,2,전공선택,1. Understanding ObjectOriented Programming2. Developing C ++ Language Programming Skills3. Cultivating the capability of analyzing and solving problems related to C ++ programming,"1. Lecture Note, Prepared Materials, Coordinated by Lecturer , , 2020, ,","1. C++ Programming with a workbook, 천정아, 이한출판사, 20072. 뇌를 자극하는 C++ 프로그래밍, 이현창, 한빛미디어, 2006",,,True,True,False,False,False,True,target_department_and_target_course,0.16666666666666666
66347,2022,충북대학교,전자정보대학,소프트웨어학과,선형대수학,2,1학기,3,3,0,전공선택,"After completing this course, it is expected for students to have good knowledge on followings:1) Systems of linear equations2) Row reduction and echelon forms3) Matrix operations, including inverses4) Block matrices5) Linear dependence and independence6) Subspaces and bases and dimensions7) Orthogonal bases and orthogonal projections8) GramSchmidt process9) Linear models and leastsquares problems10) Determinants and their properties11) Cramer's Rule12) Eigenvalues and eigenvectors13) Diagonalization of a matrix14) Symmetric matrices15) Linear transformations16) Singular Value Decomposition","1. Linear Algebra and Its Applications (5th Edition), David C. Lay , Pearson,","1. 선형대수학 (5판), David C. Lay 저 (김병학 등 번역), (주)피어슨에듀케이션코리아, 2. 응용이 보이는 선형대수학, 이건명, 한빛출판사, 2020",,,True,False,True,False,False,True,target_department_and_foundational_course,0.16666666666666666
66349,2022,충북대학교,전자정보대학,소프트웨어학과,컴퓨터구조,2,1학기,3,3,0,전공필수,"Learn the minimum knowledge about computer architecture that a software developer should knowunderstanding the binary systems and logic circuitsunderstanding computer components as a machine executing instructionsunderstanding the principle of operation of central processing unit, main memory unit, input / output unit, andhow to improve your computer's performance","1. 동작 원리 중심의 논리회로와 컴퓨터 구조, 전중남, 배움터, 2019",,,,True,True,False,True,False,True,target_department_and_target_course,0.25
66350,2022,충북대학교,전자정보대학,소프트웨어학과,컴퓨터구조,2,1학기,3,3,0,전공필수,"In our class, we focus on common computer architectural features for personal computers, servers, and embedded devices. At the end of this course you will understand basic principles on pipelining, cache hierarchies, memory systems, storage, and I/O systems.","1. Computer Organization and Design The Hardware/Software Interface, David A. Patterson and John L. Hennessy, ,","1. 한 눈에 보이는 컴퓨터구조, 전중남, 생능출판사, 2017",,,True,True,False,True,False,True,target_department_and_target_course,0.16666666666666666
66354,2022,충북대학교,전자정보대학,소프트웨어학과,시스템프로그래밍,2,2학기,3,3,0,전공선택,"In this course, we will study the lower concepts of computer systems through assembly programmingEspecially, from the perspective of programmer, we will focus on assembly programming language and how a computer launches applications and stores information","1. Computer Systems: A Programmer's Perspective, Randal E. Bryant and David R. O'Hallaron, Prentice Hall, 1800",,,,True,True,False,False,False,True,target_department_and_target_course,0.25
66356,2022,충북대학교,전자정보대학,소프트웨어학과,확률및통계,2,2학기,3,3,0,전공선택,"We will study definitions of Random variables, Probability distribution, Sampling distribution theory, and Statistical expectation and variance.Understanding 'Probability' is really important in machine learning training and artificial intelligence","1. Introduction to Probability and Statistics for Engineers and Scientists, Sheldon M. Ross, Elsevier,",,,,True,False,True,False,False,True,target_department_and_foundational_course,0.25
66357,2022,충북대학교,전자정보대학,소프트웨어학과,확률및통계,2,2학기,3,3,0,전공선택,"We will study definitions of Random variables, Probability distribution, Sampling distribution theory, and Statistical expectation and variance.Understanding 'Probability' is really important in machine learning training and artificial intelligence","1. 이공계용 확률과 통계( Introduction to Probability and Statistics for Engineers and Scientists), 이광수 역(Sheldon M. Ross), 홍릉과학출판사(Elsevier),",,,,True,False,True,False,False,True,target_department_and_foundational_course,0.25
66358,2022,충북대학교,전자정보대학,소프트웨어학과,운영체제,3,1학기,3,3,0,전공필수,"컴퓨터 운영체제의 전반적인 구성을 이해하고 컴퓨터 운영체제 사용자가 아닌 운영체제 공급자로써의 기본적인 능력을 갖추게 한다.운영체제에서 사용되는 알고리즘의 구현, 운영체제 수정 및 설치 능력을 갖추도록 한다.오픈소스인 LINUX의 소스에 system call을 추가하여 컴파일하고 설치하여, 오픈소스에 대한 경험 및 LINUX에 대한 심화된 이해를 하도록 한다.","1. Operating Systems, 3rd Ed., Deitel, Deitel, Choffnes,, Pearson Prentice Hall, 2004","1. 운영체제론 : Operating Systems, 3rd Ed, 하비 디텔, 폴 디텔, 데이빗 쇼픈스 지음 , 송경희 역, 한빛미디어, 2009",,,True,True,False,True,False,True,target_department_and_target_course,0.16666666666666666
66359,2022,충북대학교,전자정보대학,소프트웨어학과,운영체제,3,1학기,3,3,0,전공필수,Understanding the overall features of modern OS.,"1. Operating Systems, 3rd Ed., Deitel, Deitel, Choffnes,, Pearson Prentice Hall, 2004","1. 운영체제론 : Operating Systems, 3rd Ed, 하비 디텔, 폴 디텔, 데이빗 쇼픈스 지음 , 송경희 역, 한빛미디어, 2009",,,True,True,False,True,False,True,target_department_and_target_course,0.16666666666666666
66360,2022,충북대학교,전자정보대학,소프트웨어학과,객체지향 설계,3,1학기,3,3,1,전공필수,"The course will familiarize students with UML(Unified Modeling Language) and objectoriented software design in both theoretical and practical views. At the completion of this course, students will have gained the following competencies: Understand the fundamental concepts, approaches, and methodologies in objectoriented software development. Understand the semantics and syntax of UML as a modeling language Understand and exercise what is and how to draw the diagrams representing functional, structural, behavioral aspects of software, respectively. Understand the relationship among diagrams through software development process. Be able to apply the modeling techniques of objectorientation to project (design project) practices.","1. Systems Analysis and Design with UML, 4th Edition, Alan Dennis, et al., Wiley Publishing, Inc., 2013","1. UML을 활용한 시스템 분석 설계, 최은만, 생능출판, 2010",,,True,True,True,False,False,True,target_department_and_target_course,0.16666666666666666
66361,2022,충북대학교,전자정보대학,소프트웨어학과,객체지향 설계,3,1학기,3,3,1,전공필수,"Through this course, students can 1) Understand the project manament methology and explain it. 2) Understand how to specify the user requirements in Korean, English, and others by user, organization, and position as well as employ it the project. 3) Understand how to specifiy the functional and nonfunctional software requirements by users, orgnization, position. The functional and nonfunctional requirements include the desciption of class diagram and database schema table, data structure specification, usecase diagram, usecase description, user interface specification, sequence diagram, and method specification in the classes and employee them into the project. 4) Understand how to write the software design description including class decription and database schema table description, data structure design, user interface design, method algorithm design for the sequence diagrams, and method algorithm design for each class and apply them into the project. 5) Understand the rules of programming (file header, method header, indentation rules, naming rule for variables, class name, database schema, and method as well as employee the implementation rules into the project in the field. 6) Explain the advantages of objectoriented approach in the project and compare the difference between functionoriented approach and objectoriented approach.","1. Systems Analysis and Design with UML, 5th edition, David Tegarden, Alan Dennis, Barbara Haley Wixom, Wiley, 2018","1. Software Engineering, 최은만저, 정익사, 2011",,,True,True,True,False,False,True,target_department_and_target_course,0.16666666666666666
66363,2022,충북대학교,전자정보대학,소프트웨어학과,알고리즘,2,2학기,3,3,0,전공필수,"The students can explain the definition of algorithms and the analysis techniques of algorithm efficiency. The students can explain how to apply the divideandconquer, greedy algorithm, and dynamic programming approaches. The students can implement the representative algorithms with programming languages.","1. Introduction to algoritms, Thomas H. Cormen, Charles E. Leiserson, Ronald L. Rivest and Clifford Stein, MIT Press, 2005",,,,True,True,False,True,False,True,target_department_and_target_course,0.25
66364,2022,충북대학교,전자정보대학,소프트웨어학과,알고리즘,2,2학기,3,3,0,전공필수,"The students can explain the definition of algorithms and how to analyze the efficiency of algorithms. The students can understand and explain the classical algorithm development strategies such as divideandconquer, greedy algorithms, and dynamic programming with some representative algorithms. The students can implement the algorithms with a programming language.","1. Introduction to Algorithms, 3rd Ed., Cormen, Leiserson, Rivest, Stein, The MIT Press, 2009",,,,True,True,False,True,False,True,target_department_and_target_course,0.25
66367,2022,충북대학교,전자정보대학,소프트웨어학과,소프트웨어공학,3,2학기,3,3,0,전공필수,"Software Engineering applies the knowledge and theoretical understanding gained through computer science to building highquality software products. Students will have gained the following competencies at the completion of this course: Understand the fundamental concepts, approaches, and methodologies in software engineering. Understand the software quality, quality metrics, and how to control the quality. Understand the engineering issues in each phase of software development life cycle. Understand the concepts and issues in project management and control. Understand the philosophy and techniques of software testing. Be able to apply the software engineering issues to project practices.","1. 소프트웨어공학 이론과 실제, 홍장의 , 한빛아카데미, 2022","1. Software Engineering, 10th Edition, I. Sommervile, Perason publishing, 2015",,,True,True,False,False,False,True,target_department_and_target_course,0.16666666666666666
66368,2022,충북대학교,전자정보대학,소프트웨어학과,소프트웨어공학,3,2학기,3,3,0,전공필수,"The main learning objectives of this course is to understand the basic knowledge of planning, development (requirements specification, design, coding, testing), maintenance, and discard for the software project and how to apply them into the field. The detailed course goals can be summarized as follows. Students can 1. understand and explain the basic concept of software engineering. 2. understand and explain the concepts of multiple software development process models and apply them to the software project. 3. understand and explain the concept of project management and planning methods and apply them to the project. 4. understand and explain the concept and method of project cost planning and apply them when one makes a schedule of project. Lastly, students can write a cost planning document of software project. 5. understand and explain how to specify the software requirements, and document the functional and nonfunctional requirement specifications for a project. 6. understand and apply how to model usecase diagram, class diagram and CRC cards, and sequence diagram from software requirements . 7. understand and explain how to document the functional descriptions from software requirement specification. Lastly, one can write a primary design description of a software such as method description and user interface description. The functional description includes the development goals and detailed contents, usecase diagram, work breakdown sheet (WBS), development schedule, requirement analysis for each user, drawing a class diagram from the requirements and describing database schema for the class diagram, primary design of classes and data structures as needed, method descriptions for each class, primary design for user interface, drawing sequence diagram for the main activities in user interface, and user constraints. 8. understand and explain the concept and catalogue of software architecture and apply it when one design the software. 9. understand and explain the concept of detailed software design description and document it in the field. The software design description includes the following things: (1) data design such as database schema description, class design, data structure design, and abstract/interface design, (2) user interface design, (3) method design, (4) method design for the sequence diagram, and (5) system architecture design. 10. understand and explain the rules for programming the source code and apply them to the project. The main programming rules includes program header, method header, and comments for main lines. 11. understand and explain the concept of black box testing and white box testing and apply them when one develops the software. 12. understand and explain the software maintenance methods and apply them to the project. 13. understand and explain software quality assurance methods and apply them to the field.","1. 소프트웨어공학, 최은만, 정익사, 2019","1. 소프트웨어공학의 모든 것, 최은만, 생능출판, 20202. 소프트웨어공학 이론과 실제, 홍장의, 한빛아카데미, 2022",,,True,True,False,False,False,True,target_department_and_target_course,0.16666666666666666
66369,2022,충북대학교,전자정보대학,소프트웨어학과,소프트웨어공학,3,2학기,3,3,0,전공필수,"Software Engineering applies the knowledge and theoretical understanding gained through computer science to building highquality software products. Students will have gained the following competencies at the completion of this course: Understand the fundamental concepts, approaches, and methodologies in software engineering. Understand the software quality, quality metrics, and how to control the quality. Understand the engineering issues in each phase of software development life cycle. Understand the concepts and issues in project management and control. Understand the philosophy and techniques of software testing. Be able to apply the software engineering issues to project practices.","1. 소프트웨어 공학 이론과 실제, 홍장의, 한빛아카데미, 20222. Software Engineering, 10th Edition, I. Sommervile, Perason publishing, 2015","1. Lecture Notes on Software Engineering, Edited by Prof. Euijong Lee, , 2021",,,True,True,False,False,False,True,target_department_and_target_course,0.16666666666666666
66370,2022,충북대학교,전자정보대학,소프트웨어학과,컴퓨터네트워크,3,1학기,3,3,0,전공선택,"As a result of successfully completing this course, students will: 1.Become familiar with layered communication architectures (OSI and TCP/IP). 2.Understand the client/server model and key application layer protocols. 3.Understand the concepts of reliable data transfer and how TCP implements these concepts. 4.Know the principles of congestion control and tradeoffs in fairness and efficiency. 5.Learn the principles of routing and the semantics and syntax of IP. 6.Understand the basics of error detection including parity, checksums, and CRC. 7.Know the key protocols for multimedia networking 8.Familiarize the student with current topics such as 5G network, sensor networks, and/or other topics.","1. 데이터 통신 및 컴퓨터 통신 제10판, 김종근, 한기준, 안흥영, 이상호, 성진미디어, 2016",,"1. data communications and networking, Forouzan, PrenticeHAll, 2015",,True,True,False,False,False,True,target_department_and_target_course,0.16666666666666666
66371,2022,충북대학교,전자정보대학,소프트웨어학과,데이터베이스시스템,3,2학기,3,3,1,전공선택,"Upon successful completion of this course, the student should:Understand key theories and techniques in creating and managing databases using open source database management systems (MySQL)Know how to store and retrieve data from a database using SQL and how to use database optimization techniquesGain experience in current databaserelated software tools, such as MySQL Workbench, HeidiSQL, and TOAD Data ModelerBe able to develop databasedriven applications using different programming languages (Web Programming and Python)","1. Database System Concepts (Sixth Edition), A. Silberschatz, H. K. Korth, S. Sudarshan, McGrawHill Education, 20192. The New Relational Database Dictionary (Terms, Concepts, and Examples), Chris Date, O'Reilly Media, 2016",,,,True,True,False,True,False,True,target_department_and_target_course,0.25
66372,2022,충북대학교,전자정보대학,소프트웨어학과,데이터베이스시스템,3,2학기,3,3,1,전공선택,"After taking this course, it is expected for students to be able to:1) Successfully explain the fundamental concept of database management systems2) Successfully install MySQL database system in their virtual machines3) Successfully write SQL queries for retrieving, deleting, updating, inserting, creating data and so on.4) Draw ER diagrams for given real world applications and convert them to Relational Models5) Understand how database management systems work internally6) Write an application program which handles data from database management systems like MySQL","1. Fundamentals of Database Systems Seventh Edition, Ramez Elmasri, Shamkant B. Navathe, Pearson, 2017","1. Database Management Systems, Raghu Ramakrishnan, Johannes Gehrke, McGrawHill,",,,True,True,False,True,False,True,target_department_and_target_course,0.16666666666666666
66375,2022,충북대학교,전자정보대학,소프트웨어학과,임베디드시스템,4,1학기,3,2,2,전공선택,"The Embedded Systems course offers students a broad and deep understanding of embedded systems and, in particular, how to system software interacts with lowlevel hardware. This course builds on the basic skills of embedded system design and programming through the handson experiences with Raspberrypi (www.raspberrypi.org). Students will perform several prototyping projects such as LED management and servo motor control together with professor in class, and by the end of the course, they will be given a project that should be designed and developed for themselves.","1. Getting Started with Raspberry Pi, Matt Richardson and Shawn Wallace, Oreilly & Associate Inc,",,,,True,True,False,False,False,True,target_department_and_target_course,0.25
66376,2022,충북대학교,전자정보대학,소프트웨어학과,영상처리,4,1학기,3,3,0,전공선택,"Upon successful completion of this course, the student should:Explain more than 10 image processing algorithms.Develop a simple image processing system using OpenCV.","1. Lecture Note, Prepared Materials, Coordinated by Lecturer , , 2020, ,",,,,True,True,False,False,False,True,target_department_and_target_course,0.25
66377,2022,충북대학교,전자정보대학,소프트웨어학과,인공지능,3,2학기,3,3,0,전공선택,Understand the concepts in AI techniques Understand the fundamental techniques and recent development in AI Acquire some practical techniques for AI applications Develop programming skills with AI components,"1. 인공지능 : 튜링 테스트에서 딥러닝까지, 이건명, 생능출판, 2018",,"1. Artificial Intelligence: A Modern Approach, Russel, Norvig, Prentice Hall, 2010",,True,True,False,True,False,True,target_department_and_target_course,0.16666666666666666
66378,2022,충북대학교,전자정보대학,소프트웨어학과,인공지능,3,2학기,3,3,0,전공선택,Understand the concepts in AI techniques Understand the fundamental techniques and recent development in AI Acquire some practical techniques for AI applications Develop programming skills with AI componentsProgress by team project related to AI development,"1. Lecture Notes, JiHoon Jeong, ,",,"1. Artificial Intelligence: A Modern Approach, Russel, Norvig, Prentice Hall, 20102. 인공지능 : 튜링 테스트에서 딥러닝까지, 이건명, 생능출판, 2018",,True,True,False,True,False,True,target_department_and_target_course,0.16666666666666666
66379,2022,충북대학교,전자정보대학,소프트웨어학과,정보보호,3,2학기,3,3,0,전공선택,understanding computer security,"1. Computer Security: Principles and Practice, William Stallings, Lawrie Brown, Pearson,","1. 컴퓨터보안, william Stallings, Lawri Brown, 한티미티어,",,,True,True,False,True,False,True,target_department_and_target_course,0.16666666666666666
66381,2022,충북대학교,전자정보대학,소프트웨어학과,펌웨어프로그래밍,3,2학기,3,2,2,전공선택,1. Understanding the Arduino hardware platform2. Understanding the operation principles of sensors and actuators3. Improving the reading ability for data sheets and hardware manuals.4. Develop the software techniques to control the IO devices,"1. https://www.arduino.cc/, 아두이노 홈페이지, , 2. 기타 강의자료는 강의 사이트를 통해 제공, 전중남, , 3. AVR Processor 홈페이지, Microchip, ,",,,,True,True,False,False,False,True,target_department_and_target_course,0.25
66383,2022,충북대학교,전자정보대학,소프트웨어학과,산학프로젝트(종합설계),3,2학기,2,0,4,전공필수,1) To discover customer(market)centered project themes.2) To be able to describe the main process of carrying out a software project.3) To be able to systematically prepare major outputs to be created during the project process.4) To be able to explain the major problems expected in the project development and how to solve them.5) To be able to selfexamine students’ own ability to cooperate based on the experience gained from carrying out a project on a team level.6) To be able to use open source software for project development and management.,"1. Lecture Notes, 강재구, 홍장의, ,",,"1. 프로젝트 수행에 필요한 각종 양식 및 문헌, ecampus 강좌 자료실, , 2. UML로 배우는 시스템 분석 설계, 최은만 , 생능출판 , 2018",,True,False,True,False,False,True,target_department_and_foundational_course,0.16666666666666666
66384,2022,충북대학교,전자정보대학,소프트웨어학과,산학프로젝트(종합설계),3,2학기,2,0,4,전공필수,1) To discover customer(market) centered project themes.2) To be able to describe the main process of carrying out a project development.3) To be able to systematically prepare major outputs to be created during the course of the project.4) To be able to explain the major problems expected in the project development and how to solve them.5) To be able to selfexamine students’ own ability to cooperate based on the experience gained from carrying out a project on a team level.6) To be able to use open source software for project development and management.,"1. 담당교원이 제작한 강의 노트, 강재구, 이상호, , 2. 주차별 동영상, 이상호, 강재구, ,",,"1. 프로젝트 수행에 필요한 각종 양식 및 문헌, ecampus 강좌 자료실, , 2. UML 분석 설계 활용, 강병선, 와우북스, 2012",,True,False,True,False,False,True,target_department_and_foundational_course,0.16666666666666666
66385,2022,충북대학교,전자정보대학,소프트웨어학과,오픈소스개발프로젝트,2,2학기,2,0,4,전공선택,Get the clear figures of objectoriented paradigm Carry out projects with Javabased open source softwares Be familiar with the open source tools like GitHub and Stackoverflow Get the skills for project management and documentation,"1. 명품 JAVA Programming, 황기태, 김효수, 생능출판사, 2018","1. 교원이 작성한 강의 자료, 강재구, ,",,,True,False,True,False,False,True,target_department_and_foundational_course,0.16666666666666666
66386,2022,충북대학교,전자정보대학,소프트웨어학과,오픈소스개발프로젝트,2,2학기,2,0,4,전공선택,Get the clear figures of objectoriented paradigm Carry out projects with Javabased open source softwares Be familiar with the open source tools like GitHub and Stackoverflow Get the skills for project management and documentation,"1. 명품 JAVA Programming, 황기태, 김효수, 생능출판사, 2018","1. 교원이 작성한 강의 자료, 황경순, ,",,,True,False,True,False,False,True,target_department_and_foundational_course,0.16666666666666666
66387,2022,충북대학교,전자정보대학,소프트웨어학과,오픈소스전문프로젝트,3,1학기,2,0,4,전공선택,"1. Understand different development tools for Android2. Learn the UI, components, event handling ofAndroid and to design and implement for GUI(Graphical User Interface)3. Get the design techniques for Android resources, layouts, widgets, menus, dialogs, intents, and more4. Carry out projects with Android Appbasedopensource software","1. 1. IT CookBook, Android Studio를 활용한 안드로이드 프로그래밍, 우재남, 박길식, 한빛미디어, 2019","1. 담당교수 강의노트 (eCampus), 강재구, , 2020",,,True,False,True,False,False,True,target_department_and_foundational_course,0.16666666666666666
66388,2022,충북대학교,전자정보대학,소프트웨어학과,오픈소스전문프로젝트,3,1학기,2,0,4,전공선택,"1. Understand different development tools for Android2. Learn the UI, components, event handling ofAndroid and to design and implement for GUI(Graphical User Interface)3. Get the design techniques for Android resources, layouts, widgets, menus, dialogs, intents, and more4. Carry out projects with Android Appbasedopensource software","1. 1. IT CookBook, Android Studio를 활용한 안드로이드 프로그래밍, 우재남, 박길식, 한빛미디어, 2019","1. 담당교수 강의노트 (eCampus), 황경순, , 2020",,,True,False,True,False,False,True,target_department_and_foundational_course,0.16666666666666666
66389,2022,충북대학교,전자정보대학,소프트웨어학과,클라우드컴퓨팅,4,2학기,3,3,0,전공선택,"After taking this course, it is expected for students to be able to:1) Successfully explain the motivation of cloud computing2) Understand the concept of virtualization and key technologies in cloud computing3) Successfully configure a virtual cluster system with HTCondor in a virtual environment4) Control virtual machines programmatically using REST API5) Understand how a data center can utilize cloud computing approach in infrastructure management.","1. 모두를 위한 클라우드 컴퓨팅, 노서영, 제이펍, 2022","1. Cloud Computing: Concepts, Technology & Architecture, Ricardo Puttini, Thomas Erl, and Zaigham Mahmood, Pearson, 2013",,,True,True,False,False,False,True,target_department_and_target_course,0.16666666666666666
66390,2022,충북대학교,전자정보대학,소프트웨어학과,빅데이터시스템설계,4,1학기,3,2,2,전공선택,"Upon successful completion of this course, the student should:Understand how NoSQL databases can provide flexibility and scalability in handling a large amount of dataComprehend techniques in creating and managing documentstore databases using an opensource database management system (MongoDB)Know how to store and retrieve data from a database using MongoDB query and aggregation frameworks and how to use MongoDB optimization techniquesGain experience in handling big data, such as data replication and data shardingLearn how to search big data using Elasticsearch and skyline techniquesBe able to develop NoSQL databasedriven applications using different programming languages (Python)","1. MongoDB: The Definitive Guide, Second Edition, Kristina Chodorow, O'reilly, 2013","1. Seven Databases in Seven Weeks: A Guide to Modern Databases and the NoSQL Movement, Erid Redmond Jim R. Wilson, The Pragmatic Bookshelf, 2012",,,True,True,True,True,False,True,target_department_and_target_course,0.16666666666666666
66391,2022,충북대학교,전자정보대학,소프트웨어학과,기계학습,4,1학기,3,3,0,전공선택,Understand and explain the basic ideas of machine learning techniquesUnderstand and use important machine learning algorithms Use a machine learning framework Develop a strategy to use machine learning techniques for real problem solving,"1. 인공지능: 튜링테스트에서 딥러닝까지, 이건명, 생능출판, 2018",,,,True,True,False,True,False,True,target_department_and_target_course,0.25
66394,2022,충북대학교,전자정보대학,소프트웨어학과,미래설계구현,2,1학기,1,0,2,전공선택,현재 자신에게 부족한 역량 및 필요한 역량이 어떠한 것이지 분석할 수 있다. 기업이 선호하는 인재가 무엇인지 안다.,"1. 강의 노트 및 강연자의 특강자료, 강연자, ,",,,,True,False,True,False,False,True,target_department_and_foundational_course,0.25
66395,2022,충북대학교,전자정보대학,소프트웨어학과,오픈소스기초프로젝트,2,1학기,2,0,4,전공선택,Python syntax and concept of objectoriented programmingUtilizations of Python open source libraries for conducting projectsGit/Github basics and team project based on Git,"1. 파이썬 for Beginner, 우재남, 한빛아카데미, 2020","1. 나의 첫 파이썬설치부터 시작하는 가장 쉬운 입문서, 에릭 마테스 저, 한성용 옮김, ,",,,True,False,True,False,False,True,target_department_and_foundational_course,0.16666666666666666
66399,2022,충북대학교,전자정보대학,소프트웨어학과,오픈소스 웹소프트웨어,3,1학기,3,2,2,전공선택,"Understanding the expression, composition method, expression method and function of individual media will be learned.By implementing individual media in HTML5, Java, JavaScript, etc., we will understand RIA and use it for system implementation.","1. HTML5 + CSS3 + JavaScript로 배우는 웹프로그래밍 기초, 천인국, 인피니티북스, 2013","1. 한번에 배우는 HTML5+자바스크립트, 지닌 마이어(김지원 옮김), 한빛미디어, 2011",,,True,True,False,False,False,True,target_department_and_target_course,0.16666666666666666
66400,2022,충북대학교,전자정보대학,소프트웨어학과,오픈소스 웹소프트웨어,3,1학기,3,2,2,전공선택,"Upon successful completion of this course, the student should:Understand the HTML5 standard and use its new features like forms, video, audio, and canvas in building a websiteKnow the CSS standard and use its features in styling/decorating websitesBe able to use JavaScript/JQuery and their functions in providing interactivity on websitesGain experience in Bootstrap, React.JS, and Angular.JS techniques and use them to create responsive websitesUnderstand Google Maps and Charts API techniques to perform a data visualization on websitesLearn how to develop and manage the websites on opensource platforms, like Github","1. 1. Web Design with HTML, CSS, JavaScript and jQuery Set, 1. Jon Duckett, Wiley, 2014",,"1. HTML5 + CSS3 + JavaScript로 배우는 웹프로그래밍 기초, 천인국, 인피니티북스, 2013",,True,True,False,False,False,True,target_department_and_target_course,0.16666666666666666
66403,2022,충북대학교,전자정보대학,소프트웨어학과,캡스톤디자인,4,1학기,2,0,4,전공필수,"The goals of this course are including the activities and it is expected for students to be able to:1) Identify realworld and meaningful project topics and continuously improve the quality of their output.2) Effectively develop a solution for the selected topic.3) Identify and acquire the relevant information, and apply the acquired knowledge to problemsolving.4) Successfully develop documents that neatly describe the project including a project summary, a project plan, requirements, a requirement analysis, a system design, and a user manual.5) Summarize the results of the assignment within a limited time.6) Develop a patent that can be resulted from the projects.","1. 팀별로 선정된 설계 프로젝트 주제 자료, ., ., .","1. 설계 프로젝트와 주제와 관련된 다양한 참고 자료, ., ., .",,,True,False,True,False,False,True,target_department_and_foundational_course,0.16666666666666666
66404,2022,충북대학교,전자정보대학,소프트웨어학과,캡스톤디자인,4,1학기,2,0,4,전공필수,"The objectives of this course are able to:1) Identify realworld and meaningful project topics and continuously improve the quality of their output.2) Effectively develop a solution for the selected topic using software engineering, which includes software requirements specification, software design description, and coding.3) Identify and acquire the relevant information, and apply the acquired knowledge to the problem solving.4) Successfully develop documents that neatly describe the project including a project summary, a project plan, requirements, system (HW, SW, NW) requirement specification, system design description, implementation, and a user manual.5) Document the results of the assignment within a limited time.6) Develop a patent which can be resulted from the projects.","1. 팀별로 선정된 설계 프로젝트 주제 자료, ., ., .","1. 설계 프로젝트와 주제와 관련된 다양한 참고 자료, , ,",,,True,False,True,False,False,True,target_department_and_foundational_course,0.16666666666666666
66410,2022,충북대학교,전자정보대학,소프트웨어학부,이산수학,1,1학기,3,3,0,전공필수,"After completion of this course, the student will understand the following basic concepts of discrete mathematics such as I) counting techniques, ii) logics and proofs, iii) sequences, and iv) basic graph theory. Students are also expected to develop a mathematical vocabulary by expressing mathematical ideas orally and in writing after the course.","1. Discrete Mathematics with Applications 5th Edition, Susanna S. Epp, ,",,,,True,False,True,False,False,True,target_department_and_foundational_course,0.25
66411,2022,충북대학교,전자정보대학,소프트웨어학부,이산수학,1,1학기,3,3,0,전공필수,"After completion of this course, the student will understand the following concepts of Discrete Mathematics such as i) counting, ii) logics and proofs, iii) sequences, and iv) basic graph theory. Students are also expected to develop a mathematical vocabulary by expressing mathematical ideas orally and in writing after the course.","1. 이산수학, 박주미, 한빛아카데미, 2017",,,,True,False,True,False,False,True,target_department_and_foundational_course,0.25
66412,2022,충북대학교,전자정보대학,소프트웨어학부,미래설계탐색,1,1학기,1,0,2,전공선택,"As a software engineer, this course is designed to help you understand the requirements for future job and apply them to your workplace. Detailed objectives of this course are as follows;First, you can set and explain your life goals.Second, you can understand what kinds of competency are required for your future job.Third, you can develop and improve your talent by attending this class.","1. Prepared Materials, Coordinated by Lecturer , , 2020",,,,True,False,True,False,False,True,target_department_and_foundational_course,0.25
66418,2022,충북대학교,전자정보대학,소프트웨어학부,미래설계준비,1,2학기,1,0,2,전공선택,Improve leadershipUnderstand the latest industry trendsObserve what skills are needed in modern companies,"1. Lecture Notes, 강의자 , ,",,,,True,False,True,False,False,True,target_department_and_foundational_course,0.25
66422,2022,충북대학교,전자정보대학,정보통신공학부,회로이론 I,2,1학기,3,3,0,전공필수,"1. Understand basic theory and laws in electrical circuits.2. Analysis the first order circuit and the second order circuit with resistor, capacitor, and inductor.3. Analysis and understand the OP Amp circuits.4. Analysis the dc current circuits using PSPICE tool.","1. 회로이론5판 (Fundamentals of Electric Circuits), 심귀보외 8명(Charles K. Alexander, Mattthew N. O. Sadiku), McGrawHill Education Korea, 2013",,,,True,True,False,False,False,True,target_department_and_target_course,0.25
66423,2022,충북대학교,전자정보대학,정보통신공학부,회로이론 I,2,1학기,3,3,0,전공필수,"1. 전기회로의 기본 원리 및 회로 법칙을 이해할 수 있다.2. 저항, 커패시터 및 인덕터로 이루어진 1차 및 2차회로를 해석할 수 있다.3. 연산증폭기의 원리를 이해하고 회로를 해석할 수 있다.4. PSPICE를 사용하여 직류회로를 해석할 수 있다.","1. 회로이론7판 (Fundamentals of Electric Circuits), 심귀보외 8명(Charles K. Alexander, Mattthew N. O. Sadiku), 한티미디어, 2021",,,,True,True,False,False,False,True,target_department_and_target_course,0.25
66424,2022,충북대학교,전자정보대학,정보통신공학부,회로이론 I,2,1학기,3,3,0,전공필수,"1. Understand basic theory and laws in electrical circuits.2. Analysis of the firstorder circuit and the secondorder circuit with resistor, capacitor, and inductor.3. Analysis and understanding of the OP Amp circuits.1. 전기회로의 기본이론과 법칙을 이해한다.2. 저항, 커패시터, 인덕터를 이용한 1차 회로와 2차 회로의 해석.3. OP Amp 회로의 분석 및 이해.","1. TEXT : Fundamentals of Electric Circuits 6th edition, Charles K. Alexander, Mattthew N. O. Sadiku, ,","1. Korean Translation: Alexander의 회로이론 6판, 심귀보외 8명, ,",,,True,True,False,False,False,True,target_department_and_target_course,0.16666666666666666
66425,2022,충북대학교,전자정보대학,정보통신공학부,공학수학 I,2,1학기,3,3,0,전공필수,1. 미분 및 적분방정식을 이해할 수 있다.2. 물리적 현상을 보고 미분방정식을 세울 수 있다.3. 다양한 형태의 미분방정식을 풀 수 있다.4. 라플라스 변환의 개념을 이해할 수 있다.5. 라플라스 역변환을 이용하여 미분방정식의 해를 구할 수 있다.1. You can understand differential and integral equations.2. You can establish differential equations by observing physical phenomena.3. You can solve various types of differential equations.4. You can understand the concept of the Laplace transform.5. You can solve the differential equation using the inverse Laplace transform.,"1. Advanced Engineering Mathematics Sixth Edition, Dennis G. Zill, Jones & Bartlett Learning, 2017","1. Advanced Engineering Mathematics Tenth Edition, Erwin Kreyszig, Wiley, 2011",,,True,False,True,False,False,True,target_department_and_foundational_course,0.16666666666666666
66426,2022,충북대학교,전자정보대학,정보통신공학부,공학수학 I,2,1학기,3,3,0,전공필수,"지식1) 1계 상수계수 선형미분방정식 해법을 이해할 수 있다.2) 2계 상수계수 선형미분방정식 해법을 이해할 수 있다.3) 라플라스 변환을 이용하여, 보다 쉽게 미분방정식을 이해할 수 있다.기술1) 전기회로 분석을 위하여 미분방정식 적용 기법을 익힐 수 있다.2) 라플라스 변환을 이용하여 미분방정식을 간단하게 푸는 방법을 익힐 수 있다.태도1) 여러가지 물리 현상이 미분방정식으로 설명될 수 있음을 이해하게 된다.2) 전자공학 분야에서의 과제를 수학적으로 모델링하도록 노력하게 된다.","1. Advanced Engineering Mathmatics, 10th ed., E.Kreszig, John Wiley & Son, 2011","1. Advanced Engineering Mathmatics, 5th ed., Zill & Wright, Jones & Bartlett Learning, 2014",,,True,False,True,False,False,True,target_department_and_foundational_course,0.16666666666666666
66428,2022,충북대학교,전자정보대학,정보통신공학부,회로실험 I,2,1학기,2,0,4,전공필수,1. 기본적인 계측기를 사용할 수 있다.2. 아날로그 및 디지털 회로의 기본 소자의 기능을 이해할 수 있다.3. PSPICE로 아날로그 및 디지털 회로를 해석할 수 있다.1. I can use basic measuring instruments.2. I can understand the function of basic elements for analog and digital circuits.3. I can analysis analog and digital circuits using PSPICE simulation.,"1. 기초실험(자체교재), 충북대 전자정보대학, 충북대,",,,,True,True,True,False,False,True,target_department_and_target_course,0.25
66430,2022,충북대학교,전자정보대학,정보통신공학부,회로실험 I,2,1학기,2,0,4,전공필수,"1. 기본적인 계측기를 사용할 수 있다.2. 기본 회로소자(저항, 인덕터, 커패시터, 변압기)를 사용할 수 있다.3. RLC 회로를 설계할 수 있다.","1. 아날로그 및 디지털 기초회로 실험, 조태원, 김영철, 김남수, 양병도, 개신, 2009",,,,True,True,True,False,False,True,target_department_and_target_course,0.25
66434,2022,충북대학교,전자정보대학,정보통신공학부,회로실험 II,2,2학기,2,0,4,전공선택,"1. RLC회로의 시간응답/주파수 응답특성을 설계하고 실험할 수 있다.2. 저항, 인덕터, 커패시터, 변압기 등 기본 회로소자의 특성을 이용한 회로를 설계하고 실험할 수 있다.3. Flipflop을 이용한 순차회로를 설계하고 실험할 수 있다.4. Shiftregister를 설계하고 실험할 수 있다.","1. 아나로그 및 디지털 기초회로 실험, 조태원, 김영철, 김남수, 양병도, 개신, 2009",,,,True,True,True,False,False,True,target_department_and_target_course,0.25
66437,2022,충북대학교,전자정보대학,정보통신공학부,확률및통계,2,2학기,3,3,0,전공선택,"Work together and learn a new abstract concept: Probability, and its applications in real life (not limited to engineering).A student who successfully fulfills the course requirements will have demonstrated: 1) an ability to understand the probabilistic principles in electrical and computer engineering applications.2) an ability to apply some probabilistic methods to not only engineering problems but also economic, gambling, voting problems.3) an ability to understand the statistical expectation and variance.4) an ability to determine the random variable model e.g. Gausiian, uniform, or Poisson etc. for the given probabilistic problems.","1. Probability and Statistics for Engineers and Scientists 4th Edition, Anthony Hayter, Tomsons Higher Education, 2012","1. A Friendly Introduction for Electrical and Computer Engineers, David Goodman and Roy Yates, Wiley, 2014",,,True,False,True,False,False,True,target_department_and_foundational_course,0.16666666666666666
66438,2022,충북대학교,전자정보대학,정보통신공학부,확률및통계,2,2학기,3,3,0,전공선택,"1. 실험, 모델, 확률의 개념을 이해할 수 있다.2. 이산 랜덤변수의 개념과 다양한 특성을 이해할 수 있다.3. 연속 랜덤변수의 개념과 다양한 특성을 이해할 수 있다.4. 복수 랜덤변수의 개념과 다양한 특성을 이해할 수 있다.1. You can understand the concept of experiments, models, and probabilities.2. You can understand the concept and various properties of discrete random variables.3. You can understand the concept and various properties of continuous random variables.4. You can understand the concept and various properties of multiple random variables.","1. Probability and Stochastic Processes: A Friendly Introduction for Electrical and Computer Engineers 3rd Edition, Roy D. Yates and David J. Goodman, Wiley, 2014",,,,True,False,True,False,False,True,target_department_and_foundational_course,0.25
66440,2022,충북대학교,전자정보대학,정보통신공학부,회로이론 II,2,2학기,3,3,0,전공선택,"1. Calculate the voltage and current, impedance of ac, and dc circuits.2. Apply the circiut analysis method to ac,and dc circiuts.3. Calculate Laplace trnsform and Fourier tranform.4. Analysis the ac and dc circiuts using Laplace and Fourier trnsform.","1. Fundamentals of Electric Circuits, C.K. Alexander, M.N.O. Sadiku, McGraw Hill, 2003",,,,True,True,False,False,False,True,target_department_and_target_course,0.25
66441,2022,충북대학교,전자정보대학,정보통신공학부,회로이론 II,2,2학기,3,3,0,전공선택,"1. 직류 및 교류회로의 전압, 전류, 임피던스를 계산할 수 있다.2. 직류 및 교류회로에 전기회로 해석 기법을 적용할 수 있다.3. 라플라스 및 푸리에 변환을 계산할 수 있다.4. 라플라스 및 푸리에 변환을 적용하여 직류 및 교류회로를 해석할 수 있다.","1. 회로이론(7th Edition), 심귀보외 8명, (주)한티에듀, 2021",,,,True,True,False,False,False,True,target_department_and_target_course,0.25
66442,2022,충북대학교,전자정보대학,정보통신공학부,공학수학 II,2,2학기,3,3,0,전공선택,"1. 선형대수 (벡터와 행렬)의 개념을 이해할 수 있다.2. 벡터와 행렬의 다양한 특성을 이해할 수 있다.3. 선형대수의 개념을 활용하여 연립 선형 미분방정식의 해를 구할 수 있다.4. 직교함수의 개념을 이해할 수 있다.5. 직교함수의 개념을 활용하여 Fourier 급수와 Fourier transform을 이해할 수 있다.1. You can understand the concept of linear algebra, especially, vectors and matrices.2. You can understand the various properties of vectors and matrices.3. Based on the concept of linear algebra, you can solve systems of linear differential equations.4. You can understand the concept of orthogonal functions.5. Based on the concept of the orthogonal functions, you can understand the Fourier series and Fourier transform.","1. Advanced Engineering Mathematics Seventh Edition, Dennis G. Zill, Jones & Bartlett Learning, 2020",,,,True,False,True,False,False,True,target_department_and_foundational_course,0.25
66443,2022,충북대학교,전자정보대학,정보통신공학부,공학수학 II,2,2학기,3,3,0,전공선택,"Students can learn the following basic mathematical concepts from three main sections.There are many engineering applications in which vector and scalar quantities play important roles. For example, energy is scalar quantity while electric and magnetic forces can be described by vectors. Matrices provide a means of storing large quantities of information in such a way that each piece can be easily identified and manipulated.Fourier analysis provides a set of mathematical tools which enable the engineer to break down a wave into its various frequency components. It is then possible to predict the effect a particular waveform may have from knowledge of the effects of its individual frequency components.Complex numbers provide a powerful mathematical tool for solving several engineering problems. One of the main applications is to the analysis of alternating current (a.c.) circuits. Engineers are very interested in these because the mains supply is itself a.c., and electricity generation and transportation are dominated by a.c. voltages and currents.학생들은 세 가지 주요 섹션에서 다음과 같은 기본 수학 개념을 배울 수 있습니다.벡터 및 스칼라 양이 중요한 역할을 하는 많은 공학적 응용처들이 있습니다. 예를 들어, 에너지는 스칼라 양인 반면 전자기력은 벡터로 설명할 수 있습니다. 행렬은 각 조각을 쉽게 식별하고 조작할 수 있는 방식으로 많은 양의 정보를 저장하는 수단을 제공합니다.푸리에 분석은 엔지니어가 파동을 다양한 주파수 구성요소로 분해할 수 있도록 하는 일련의 수학적 도구를 제공합니다. 그런 다음 개별 주파수 구성 요소의 영향에 대한 지식을 통해 특정 파형이 미칠 수 있는 영향을 예측할 수 있습니다.복소수는 여러 공학 문제를 해결하기 위한 강력한 수학적 도구를 제공합니다. 주요 응용 프로그램 중 하나는 교류(교류) 회로의 분석입니다. 주 전원 공급 자체가 교류이고 전기 생산 및 운송이 교류 전압과 전류에 의해 지배되기 때문에 엔지니어들은 이것에 매우 관심이 있습니다.","1. Advanced Engineering Mathematics, D.G. Zill and W.S. Wright, ,",,,,True,False,True,False,False,True,target_department_and_foundational_course,0.25
66444,2022,충북대학교,전자정보대학,정보통신공학부,공학수학 II,2,2학기,3,3,0,전공선택,Systems of linear differential equationsFourier series Fourier transformPartial differential equationComplex functionComplex integrationPower seriesResidue integration,"1. Advanced engineering mathematics (10th Ed.), Kreyszig, 범한서적,","1. Advanced Engineering Mathematics, D.G. Zill and W.S. Wright, ,",,,True,False,True,False,False,True,target_department_and_foundational_course,0.16666666666666666
66445,2022,충북대학교,전자정보대학,정보통신공학부,전자회로 I,3,1학기,3,3,0,전공필수,1. Understand the basic operating characteristics of the basic active devices.2. Develop analog circuits based on the BJT and MOSFET devices3. Analyze and design microelectronic circuits for amplifier.,"1. Fundamentals of microelectronics, Behzad Razavi, Wiley, 2007","1. Microelectronic circuits (5th Edition), Sedra, Oxford, 2004",,,True,True,False,False,False,True,target_department_and_target_course,0.16666666666666666
66446,2022,충북대학교,전자정보대학,정보통신공학부,전자회로 I,3,1학기,3,3,0,전공필수,"Students can understand the basic operating characteristics of the active devices, and analyze and design electrical circuits with the active devices.능동소자의 기본적인 동작특성을 이해하고 능동소자를 이용한 전기회로를 분석 및 설계할 수 있다.","1. Fundamentals of microelectronics, Behzad Razavi, Wiley, 2007","1. Microelectronic circuits (5th Edition), Sedra, Oxford, 2004",,,True,True,False,False,False,True,target_department_and_target_course,0.16666666666666666
66447,2022,충북대학교,전자정보대학,정보통신공학부,전자회로 I,3,1학기,3,3,0,전공필수,1. 능동 소자들의 기본 동작 특성을 이해한다. 2. 능동소자들을 이용한 전자회로의 해석 및 설계를 할 줄 안다.3. 회로 시뮬레이션 툴인 PSPICE 로 회로의 동작을 해석할줄 안다.1. Understand the basic characteristics of active devices.2. Know how to analyze and design electronic circuits using active devices.3. Know how to use the circuit simulator PSPICE and analyze the circuits with the PSPICE.,"1. Fundamentals of microelectronics, Behzad Razavi, Wiley, 2007","1. Microelectronic circuits (5th Edition), Sedra, Oxford, 20042. http://cyberedu.itnuri.or.kr, 충북 IT누리사업단, 충북 IT누리사업, 2007",,,True,True,False,False,False,True,target_department_and_target_course,0.16666666666666666
66448,2022,충북대학교,전자정보대학,정보통신공학부,통신공학,3,1학기,3,3,0,전공필수,"At the end of the course, the student should be able to:1. Review the basic mathematical background to understand analog and digital communication signals.2. Identify the various components of an analog communication system. Discuss thepurpose of modulation, bandpassfilter (BPF) at receiver, local oscillator, image frequency. 3. Become familiar with commonly encountered analog communication systems, and discuss how these systems can be decomposed into the basic constituent parts.4. Describe the signal representation of analog and digital signal in view of time and frequency. Derive the relationship between timedomain and frequencydomain signal and modulation index. Discuss the properties of bandlimited channels.5. Implement the simple modulation and demodulation schemes using Matlab program.(In Korean: 1. 아날로그 통신의 원리를 이해할 수 있다. 2. 통신시스템의 주파수특성 및 잡음의 영향을 분석할 수 있다. 3. 통신시스템의 성능분석에 매트랩을 활용할 수 있다. )","1. 최신통신이론, 윤남식, 생능출판사, 2018","1. Introduction to Analog and Digital Communications, Simon Haykin and Michael Moher, Wiley , 20072. Modern Digital and Analog Communication Systems 5th, B. P. Lathi and Zhi Ding, Oxford, 2018",,,True,True,False,False,False,True,target_department_and_target_course,0.16666666666666666
66449,2022,충북대학교,전자정보대학,정보통신공학부,통신공학,3,1학기,3,3,0,전공필수,"1. 신호 및 시스템을 분석하기 위한 수학적 도구 (Fourier series, Fourier transform)를 이해할 수 있다.2. 주파수 영역에서의 신호 및 시스템을 분석할 수 있다.3. 아날로그 통신의 원리를 이해할 수 있다.4. 통신 시스템의 성능 평가를 위해 다양한 프로그램 (C, Python, Matlab,...)을 활용할 수 있다.1. You can understand mathematical tools (Fourier series, Fourier transform) for analyzing signals and systems.2. You can analyze the signal and system in the frequency domain.3. You can understand the principle of analog communication.4. You can perform the simulations based on various programs (C, Python, Matlab,...) to evaluate the performance of the communication system.","1. Fundamentals of Communication Systems Second Edition, John G Proakis and Masoud Salehi, Pearson, 20142. 통신시스템의 기초(번역판), 이일근외6인 옮김(원저자 : G. Proakis, M. Salehi), 퍼스트북, 2015","1. Modern Digital and Analog Communication Systems Fifth Edition, B. P. Lathi, Zhi Ding, Oxford University Press, 2018",,,True,True,False,False,False,True,target_department_and_target_course,0.16666666666666666
66450,2022,충북대학교,전자정보대학,정보통신공학부,통신공학,3,1학기,3,3,0,전공필수,"1. 신호 및 시스템을 분석하기 위한 수학적 도구 (Fourier series, Fourier transform)를 이해할 수 있다.2. 주파수 영역에서의 신호 및 시스템을 분석할 수 있다.3. 아날로그 통신의 원리를 이해할 수 있다.4. 통신 시스템의 성능 평가를 위해 다양한 프로그램 (C, Python, Matlab,...)을 활용할 수 있다.1. You can understand mathematical tools (Fourier series, Fourier transform) for analyzing signals and systems.2. You can analyze the signal and system in the frequency domain.3. You can understand the principle of analog communication.4. You can perform the simulations based on various programs (C, Python, Matlab,...) to evaluate the performance of the communication system.","1. Fundamentals of Communication Systems Second Edition, John G Proakis and Masoud Salehi, Pearson, 2014","1. Modern Digital and Analog Communication Systems Fifth Edition, B. P. Lathi, Zhi Ding, Oxford University Press, 2018",,,True,True,False,False,False,True,target_department_and_target_course,0.16666666666666666
66451,2022,충북대학교,전자정보대학,정보통신공학부,자료구조,3,1학기,3,3,0,전공필수,1. Students can learn the basic concepts of data structure.2. Students can learn how to represent data and realize it with implementation.,"1. Fundamentals of Data Structures, Horowitzs and Shani, Prentice Hall, 2008",,,,True,True,False,False,False,True,target_department_and_target_course,0.25
66453,2022,충북대학교,전자정보대학,정보통신공학부,데이터통신설계,3,1학기,3,2,2,전공선택,"1. Understand the basic concepts of communication over the network.2. Design creative works based on theory.3. Experiment, practice, and design the basic concepts of data communication using Arduino.","1. further notice, ., ,",,,,True,True,True,False,False,True,target_department_and_target_course,0.25
66454,2022,충북대학교,전자정보대학,정보통신공학부,데이터통신설계,3,1학기,3,2,2,전공선택,1. 데이터 통신 설계 내용을 이해할 수 있다.2. 통신의 기본적인 개념을 적용시킨 관련 프로토콜을 설계할 수 있다.,"1. 데이터통신과 네트워킹 6판, Forouzan, McGrawHill, 2021",,,,True,True,True,False,False,True,target_department_and_target_course,0.25
66457,2022,충북대학교,전자정보대학,정보통신공학부,전자회로 II,3,2학기,3,3,0,전공선택,"1. Studies the basic theory of bipoar and CMOS devices.2. Studies the basic amplifiers including CE, CB, CC, differential amplifies and, cascodes.3. Analyzes the frequency response of Bipolar and CMOS amplifiers3. Explores the physics of semiconductor devices beginning with CMOS devices.","1. Fundamentals of microelectronics , Behzad Razavi, Wiley, 2007","1. Microelectronic circuits (5th Edition), Sedra , Oxford, 2004",,,True,True,False,False,False,True,target_department_and_target_course,0.16666666666666666
66458,2022,충북대학교,전자정보대학,정보통신공학부,전자회로 II,3,2학기,3,3,0,전공선택,"Students can learn the following basic CMOS circuit concepts.1. Review the basic theory of MOSFET technology.2. Study the basic amplifiers including CS, CG, CD amplifiers.3. Study the cascode, current mirror, and differential amplifies.4. Analyzes the frequency response of CMOS amplifiers.5. Analyzes the back response of CMOS amplifiers.학생들은 다음과 같은 기본 CMOS 회로 개념을 배울 수 있습니다.1. MOSFET 기술의 기본 이론을 검토합니다.2. CS, CG, CD 앰프를 포함한 기본 앰프를 공부합니다.3. 캐스 코드, 전류 미러 및 차동 증폭을 공부합니다.4. CMOS 증폭기의 주파수 응답을 분석합니다.5. CMOS 증폭기의 피드백 응답을 분석합니다.","1. Microelectronics 2/E, Behzad Razavi, John Wiley & Sons Inc, 2012","1. Microelectronic circuits 8/E, Sedra, Adel S. , Smith, Kenneth C. , Carusone, Tony Chan, Oxford University Press, 2019",,,True,True,False,False,False,True,target_department_and_target_course,0.16666666666666666
66459,2022,충북대학교,전자정보대학,정보통신공학부,디지털통신,3,2학기,3,3,0,전공선택,"At the end of the course, the student should be able to:1. Identify the various components of a digital communication system. Discuss the purpose of source coding, channel coding, and modulation. Become familiar with commonly encountered digital communication systems, and discuss how these systems can be decomposed into the same abstract constituent parts.2. Discuss the purpose of information theory and calculate the entropy of simple information sources.Utilize undergraduate Probability to have an insight of Information theory.Understand practical methods of compression such as Huffman and LempelZiv codes.3. Describe the process of analog to digital conversion and the relationship between bandwidth, sampling rate, and aliasing. Discuss the properties of bandlimited channels. Study the causes and implications of intersymbol interference, and understand the Nyquist criterion for ISIfree signaling.4. Understand the notion of error correcting codes. Encode and decode simple linear block codes. Compute the probability of decoding failure for simple codes.5. Derive simple modulation schemes, signal waveforms, and their vector space representations. Characterize the structure of optimal receivers, and compute the probabilities of symbol and bit errors at the output of the demodulator.","1. 아날로그및디지털 통신이론, 김명진, 생능출판, 2022",,,,True,True,False,False,False,True,target_department_and_target_course,0.25
66460,2022,충북대학교,전자정보대학,정보통신공학부,디지털통신,3,2학기,3,3,0,전공선택,"At the end of the course, the student should be able to:1. Identify the various components of a digital communication system. Discuss the purpose of source coding, channel coding, and modulation. Become familiar with commonly encountered digital communication systems, and discuss how these systems can be decomposed into the same abstract constituent parts.2. Discuss the purpose of information theory and calculate the entropy of simple information sources.Utilize undergraduate level probability theory to have an insight of Information theory.Understand practical methods of compression such as Huffman and LempelZiv codes.3. Describe the process of analog to digital conversion and the relationship between bandwidth, sampling rate, and aliasing. Discuss the properties of bandlimited channels. Study the causes and implications of intersymbol interference, and understand the Nyquist criterion for ISIfree signaling.4. Understand the notion of error correcting codes. Encode and decode simple linear block codes. Compute the probability of decoding failure for simple codes.5. Derive simple modulation schemes, signal waveforms, and their vector space representations. Characterize the structure of optimal receivers, and compute the probabilities of symbol and bit errors at the output of the demodulator.","1. MATLAB 실습과 함께 배우는 아날로그 및 디지털 통신이론, 김명진, 생능출판, 2007","1. Communication Systems, Ziemer, , 2. Digital Communications, Bernard Sklar, Prentice Hall, 2017",,,True,True,False,False,False,True,target_department_and_target_course,0.16666666666666666
66461,2022,충북대학교,전자정보대학,정보통신공학부,컴퓨터네트워크,2,2학기,3,3,0,전공필수,"1. Become familiar with layered communication architectures (OSI and TCP/IP).2. Understand the client/server model and key application layer protocols2. Understand the concepts of reliable data transfer and how TCP implements these concepts.3. Know the principles of congestion control and tradeoffs in fairness and efficiency.4. Learn the principles of routing and the semantics and syntax of IP.5. Familiarize the student with current topics such as security, network management, sensor networks, and/or other topics.","1. Computer Networking: A TopDown Approach (7th Edition), James Kurose, Keith Ross, Pearson, 2017",,,,True,True,False,False,False,True,target_department_and_target_course,0.25
66464,2022,충북대학교,전자정보대학,정보통신공학부,인터넷통신설계,3,2학기,3,2,2,전공선택,"1. Students can understand communication layers, packet communication methods, and basic concepts of communications through networks as well as the coretheory of communications for Internet communications. 2. Students can complete creative application design works based on Internet communication techniques by individuals or groups.","1. Data Communication and Networking 5th ed., Behrouz A. Forouzan, McGrawHill, 2013",,,,True,True,True,False,False,True,target_department_and_target_course,0.25
66465,2022,충북대학교,전자정보대학,정보통신공학부,인터넷통신설계,3,2학기,3,2,2,전공선택,"1. Through successful completion of this course, students can understand communication layers, packet communication methods, and basic concepts of communications through networks as well as the core theory of communications for Internet communications. 2. Students can complete creative application design works based on Internet communication techniques by individuals or groups.3. Students can practice the communication experiment through Cisco Packet Tracer Tool.4. Students use various programming languages such as Python in various development and editor tools such as Eclipse in various system environments using opensourceoperating systems such as Linux.4. Students upload all source codes produced from class activities to Github, the versatile source code management tool, in order to effectively and efficiently control the source codes.","1. Data Communication and Networking 5th ed., Behrouz A. Forouzan, McGrawHill, 2013",,,,True,True,True,False,False,True,target_department_and_target_course,0.25
66466,2022,충북대학교,전자정보대학,정보통신공학부,광통신,4,1학기,3,3,0,전공선택,"1. 빛의 성질 및 전파 특성을 이해 할 수 있다2. 광섬유의 원리, 특성을 통신에 응용 할 수 있다3. 광통신 시스템과 정보화 사회를 이해 할 수 있다4. 광소자의 원리및 특성을 이해 할 수 있다.5. 디스플레이 원리 및 디스플레이 광학 개념을 이해 할 수 있다6. 광정보처리의 개념을 이해하고 응용분야에 적용 할 수 있다","1. Fiber Optic Communications, Joseph C. Palais, Pearson, 2005","1. Optical Fiber Communications, G. Keiser, McGrawHill, 20002. Understanding Fiber Optics, J. Hecht, Prentice Hall, 20023. 광통신, 김남, 이권연, 전석희, 인터비젼,",,,True,True,False,False,False,True,target_department_and_target_course,0.16666666666666666
66467,2022,충북대학교,전자정보대학,정보통신공학부,이동통신공학,4,1학기,3,3,0,전공선택,"1. BPSK, QPSK, MQAM 방식의 변복조를 이해할 수 있고 BER를 구할 수 있다2. OFDM 방식의 모뎀의 구조를 파악할 수 있고 시뮬레이션 할 수 있다.3. 이동통신을 위한 채널부호화를 이해한다. 4. LTE 시스템을 위한 OFDM의 기본 특성을 알 수 있다.5. LTE 시스템 및 NR 의 무선 접속 구조를 파악한다.","1. Principles of Communications systems, Modulation, and noise, Rodger E. Ziemer&William H. Tranter 박상규, 김은수, 오성근, 이재진 공역, Wiley 교보문고, 20022. 4G LTE/LTEA 이동통신시스템, Erik Dahlman , Stefan Parkvall , Johan Skold (조봉열 옮김), 홍릉과학출판사, 2013","1. 5G NR the next generation wireless access technology, Erik Dahlman, Stefan Parkvall, Johan Skold, Academic Press, 2018",,,True,True,False,False,False,True,target_department_and_target_course,0.16666666666666666
66469,2022,충북대학교,전자정보대학,정보통신공학부,디지털신호처리설계,3,2학기,3,2,2,전공선택,"The major theory of digital signal provessing is studied and the algorithms of DSP are implemeted.he prcatical signal analysis and design of DSP algorirhms using the MATLAB program.The DSP sytem is designed and applied to the speech, audio, image processing.","1. Digital Signal Processing Using MATLAB , V. K. Ingle and J.G. Proakis, Cengage Learning, 2014",,,,True,True,True,False,False,True,target_department_and_target_course,0.25
66470,2022,충북대학교,전자정보대학,정보통신공학부,자바프로그래밍,3,1학기,3,2,2,전공선택,1. 자바 프로그래밍 언어의 기본 원리를 이해할 수 있다.2. 자바를 사용한 컴퓨터 프로그램을 구현할 수 있다.,"1. 자바 프로그래밍 기초부터 웹개발 응용까지, 최민, 충북대학교 출판부, 2020","1. 자바 프로그래밍 언어, 아놀드, 고슬링, 홈즈 저 한동호 역, 케이앤피북스, 20092. 명품 Java Programming, 황기태, 김효수, 생능출판사, 20133. 안드로이드 프로그래밍, 천인국, 생능출판사, 20134. OCJP를 위한 JAVA, 김민형 외, 오피스, 20185. 이것이 자바다, 신용권, 한빛, 2015",,,True,True,False,False,False,True,target_department_and_target_course,0.16666666666666666
66471,2022,충북대학교,전자정보대학,정보통신공학부,무선통신망공학,4,2학기,3,3,0,전공선택,The goal of this lecture is to understand 2G/3G mobile network structure VoIP on the mobile network will be introduced5G technology and its technical trends can be presented.,"1. Handout, ., ,",,,,True,True,False,False,False,True,target_department_and_target_course,0.25
66472,2022,충북대학교,전자정보대학,정보통신공학부,임베디드소프트웨어실습,2,2학기,3,2,2,전공필수,"Understanding microprocessor architecture such as register, memory map, and so on. Understanding how to read datasheet and manualUnderstanding how to analyze the schematic and write the software codes","1. 라즈베리 파이 및 ARM 임베디드시스템 실습, 최민, 조경록, 안병철, 김태준, 이의신, 충북대학교출판부, 2016",,"1. NXP LPC1768을 이용한 ARM Cortex M3 구조와 응용, 차동혁, 송태훈, 홍릉과학출판사, 2013",,True,True,False,False,False,True,target_department_and_target_course,0.16666666666666666
66473,2022,충북대학교,전자정보대학,정보통신공학부,임베디드소프트웨어실습,2,2학기,3,2,2,전공필수,"1. ARM 프로세서/임베디드시스템/ARM SoC 컨트롤러의 개념 및 특징을 이해할 수 있다. PO1(기초지식)중2. ARM 임베디드시스템 및 마이크로프로세서의 기능을 이해하고, C언어 및 ARM 명령어를 활용하여 프로그래밍을 할 수 있다. PO3(공학문제)중3. ARM 프로세서를 다루기 위한 JTAG 디버거를 이해할 수 있다. PO4(공학도구)중","1. 8bit microcontroller with 128K bytes in system programmable flash, ATMEL, ATMEL, 2006","1. AVR ATmega128 마이크로컨트롤러, 김진환, 김동식, 생능출판사, 20142. 마이크로컨트롤러 AVR ATmega128, 이상설, 한빛아카데미, 2013",,,True,True,False,False,False,True,target_department_and_target_course,0.16666666666666666
66475,2022,충북대학교,전자정보대학,정보통신공학부,임베디드소프트웨어실습,2,2학기,3,2,2,전공필수,"Understanding microprocessor architecture such as register, memory map, and so on. Understanding how to read datasheet and manualUnderstanding how to analyze the schematic and write the software codes","1. ARM 임베디드 시스템 실습, 안재형, 조경록, 안병철, 최민, 김태준, 이의신, 미정, 20152. The definitive guide to the ARM CortexM3, Joseph Yiu, ,",,,,True,True,False,False,False,True,target_department_and_target_course,0.25
66476,2022,충북대학교,전자정보대학,정보통신공학부,모바일프로그래밍및실습,3,2학기,3,3,0,전공선택,"1. 웹 사이트 개발을 위한 HTML:5/CSS/Javascript를 비롯하여, 모바일 웹(Web), 웹앱(WebApp)개발을 위한 jQuery Mobile/React Native/Flutter/Phonegap을 학습한다.2. 안드로이드 애플리케이션 개발을 위한 자바 기반 앱개발 방식과, 코틀린(Kotlin) 기반 앱개발 방식을 비교 학습하며, MVVM 디자인 패턴에 대하여 학습한다.3. 실무 웹사이트 전문 개발자로 성장하기 위한 스프링부트(Springboot) MVC 프레임워크/반응형 웹(Web)을 활용한 웹 애플리케이션을 개발 방법을 학습한다.수 있다. 3. Android Studio, 이클립스 디버거, Node.js, Phonegap, Appspresso 등 다양한 tool을 활용하여 개발 및 디버깅 할 수 있다.4. 주어진 제한조건에서 모바일 애플리케이션을 설계 및 개발할 수 있다.","1. 모바일 프로그래밍 입문, 한국인터넷연구회, 미래교육, 2015",,,,True,True,False,False,False,True,target_department_and_target_course,0.25
66477,2022,충북대학교,전자정보대학,정보통신공학부,정보통신개론,2,1학기,3,3,0,전공필수,1. Understand diverse technologies related to Information and Communication Engineering major. 2. Learn the required practical skills related to courses in Information and Communication Engineering.,"1. Computer Networking: A TopDown Approach (7th Edition), James Kurose, Keith Ross, Pearson, 2017",,,,True,True,False,False,False,True,target_department_and_target_course,0.25
66483,2022,충북대학교,전자정보대학,정보통신공학부,정보통신실험,3,2학기,2,0,4,전공필수,1. Understand the operating principles of the circuits used in this course.2. Have knowledge on components used in the course.3. Be able to construct circuits used in the couse.4. Be able to test circuits used in the course.5. Be able to analyze the circuit test results.6. Be able to work and interact with other students in the team.,"1. 전자회로실험, 안재형, 김남, 김태준, 충북대학교CK사업단교육지원부, 2016","1. 핵심이 보이는 전자회로, 신경욱, 한빛아카데미, 2014",,,True,True,True,False,False,True,target_department_and_target_course,0.16666666666666666
66484,2022,충북대학교,전자정보대학,정보통신공학부,정보통신실험,3,2학기,2,0,4,전공필수,1. Understand the operating principles of the circuits used in this course.2. Have knowledge on components used in the course.3. Be able to construct circuits used in the course.4. Be able to test circuits used in the course.5. Be able to analyze the circuit test results.6. Be able to work and interact with other students in the team.,"1. 전자회로실험, 안재형, 김남, 김태준, 충북대학교CK사업단교육지원부, 2016","1. 핵심이 보이는 전자회로, 신경욱, 한빛아카데미, 2014",,,True,True,True,False,False,True,target_department_and_target_course,0.16666666666666666
66485,2022,충북대학교,전자정보대학,정보통신공학부,정보통신실험,3,2학기,2,0,4,전공필수,1. The operating principles of the circuits used in this course.2. Knowledge on components used in the course.3. To construct circuits4. To test circuits,"1. 전자회로실험, 안재형, 김남, 김태준, 충북대학교CK사업단교육지원부, 2016","1. 핵심이 보이는 전자회로, 신경욱, 한빛아카데미, 2014",,,True,True,True,False,False,True,target_department_and_target_course,0.16666666666666666
66487,2022,충북대학교,전자정보대학,정보통신공학부,안테나설계,3,2학기,3,3,0,전공선택,1. Understand operating principles of various antennas.2. Know how to design various antennas.3. Know how to measure antenna characteristics4. Know how to complete antenna application projects.,"1. Antennas: From Theory to Practice, Yi Huang and Kevin Boyle, Wiley, 20082. 실무로 완성하는 최신 안테나공학, 유태훈 (Huang & Boyle 원저), 한빛아카데미, 2014",,,,True,False,True,False,False,True,target_department_and_foundational_course,0.25
66491,2022,충북대학교,전자정보대학,정보통신공학부,미래설계구현,2,1학기,0,0,2,전공필수,1) Achieving communication skills for presentation2) Understanding the skills and abilities for career development3) Setting the career goals and concrete plans for the future4) Understanding the types and concepts of various ability/aptitude tests,"1. 강의 노트 및 강연자의 특강자료, 강연자, ,",,,,True,False,True,False,False,True,target_department_and_foundational_course,0.25
66492,2022,충북대학교,전자정보대학,정보통신공학부,오픈소스 기초프로젝트,2,1학기,1,0,2,전공선택,1. Improve the coding skill of software by performing termproject of basic program and application programming.2. Complete the termproject supervised by professor3. Make presentations of the results in lecture.,"1. None, N.A., ,",,,,True,False,True,False,False,True,target_department_and_foundational_course,0.25
66496,2022,충북대학교,전자정보대학,정보통신공학부,오픈소스 개발프로젝트,2,2학기,1,0,2,전공선택,1. Understanding the concept and theory2. Applying the theory to solve the problems,"1. No textbook is required for this course, n/a, n/a,",,,,True,False,True,False,False,True,target_department_and_foundational_course,0.25
66497,2022,충북대학교,전자정보대학,정보통신공학부,오픈소스 개발프로젝트,2,2학기,1,0,2,전공선택,1. Improve the coding skill of software by performing termproject of basic program and application programming.2. Complete the termproject supervised by professor3. Make presentations of the results in lecture. 본 교과목을 수강하는 학생은 가디언 상담 보고서를 반드시 제출해야함(가디언과 상담 1회 이상 필수),"1. None, N.A., ,",,,,True,False,True,False,False,True,target_department_and_foundational_course,0.25
66498,2022,충북대학교,전자정보대학,정보통신공학부,오픈소스 개발프로젝트,2,2학기,1,0,2,전공선택,The goal of this course is to train students to be able to1) search the Internet and find opensource tools and2) utilize them for their projects.,"1. No textbook is required for this course, n/a, n/a,",,,,True,False,True,False,False,True,target_department_and_foundational_course,0.25
66500,2022,충북대학교,전자정보대학,정보통신공학부,오픈소스 전문프로젝트,3,1학기,1,0,2,전공선택,"□ 4차 산업시대를 맞이하여 신산업 분야의 미래인재를 체계적으로 양성하기 위한 창의·융합교육과정이 필요함□ 본 교과에서는 빅데이터, 인공지능, 사물인터넷 등 4차 산업혁명시대를 대표하는 신산업분야의 산학연 전문가들을 초청함으로써 각 분야의 기술개발 동향 및 관련 전공지식을 파악할 기회를 제공함. 이를 통하여 학생들의 창의력 및 융복합 관련 사고방식을 함양함은 물론 졸업 후의 진로 설계 및 전공지식 학습에 대한 동기를 부여함□ 또한, 학생들의 창업에 대한 도전의식을 높이기 위해서 창업 관련 전문가들을 초청하여 창업에 대한 지식을 전달하여 학생들에게 창업에 대한 동기를 부여함□ 또한, 빠르게 변화하는 산업 기술 변화에 대응하기 위해서는 실무능력향상 및 취업 역량 강화가 절실히 필요하며, 학생들 스스로 관심분야의 문제를 파악하고 해결해 나가는 자기주도형 프로젝트의 수행을 통하여 문제해결능력, 협업능력, 실무능력 등을 함양하고자 함□ 텀프로젝트 수행을 위해서, 학생들은 리눅스와 같은 오픈 소스 운영체를 사용하는 다양한 시스템 환경에서 이클립스와 같은 다양한 개발 및 텍스트 에디터 툴을 이용하여 파이썬과 같은 다양한 프로그래밍 언어를 사용할 수 있어야 함□ 수업과정을 통해 산출되는 모든 소스코드는 Github를 통해 코드이력관리를 수행할 수 있어야 함□ This course provides creative and integrated education processes to train future outstanding persons of new industrial fields in the era of the fourth industrial revolution.□ This course invites experts of industries, universities, and institutes of new industry fields such as Big Data, AI, and IoT represented in the era of the fourth industrial revolution and provides the opportunity to understand the trend of technology developments and the knowledge of related majors in each field.□ This course also invites experts of business startup to raise the challenging spirits about the business startup to students and provides the knowledges on it for the motivation about it.□ Students carry out selfdirected projects to figure out problems of interested fields and to solve them and thus foster problemsolving, collaboration, and practical affair abilities, and so on.□ Through performing termprojects, students use various programming languages such as Python in various development and editor tools such as Eclipse in various system environments using opensource operating systems such as Linux.□ Students upload all source codes produced from class activities to Github, the versatile sourcecode management tool, in order to effectively and efficiently control the source codes.","1. 추후 통보, 추후 통보, 추후 통보,",,,,True,False,True,False,False,True,target_department_and_foundational_course,0.25
66502,2022,충북대학교,전자정보대학,정보통신공학부,오픈소스 전문프로젝트,3,1학기,1,0,2,전공선택,"□ 4차 산업시대를 맞이하여 신산업 분야의 미래인재를 체계적으로 양성하기 위한 창의·융합교육과정이 필요함. □ 본 교과에서는 빅데이터, 인공지능, 사물인터넷 등 4차 산업혁명시대를 대표하는 신산업분야의 산학연 전문가들을 초청함으로써 각 분야의 기술개발 동향 및 관련 전공지식을 파악할 기회를 제공함. 이를 통하여 학생들의 창의력 및 융복합 관련 사고방식을 함양함은 물론 졸업 후의 진로 설계 및 전공지식 학습에 대한 동기를 부여함. □ 또한, 학생들의 창업에 대한 도전의식을 높이기 위해서 창업 관련 전문가들을 초청하여 창업에 대한지식을 전달하여 학생들에게 창업데 대한 동기를 부여함.□ 또한, 빠르게 변화하는 산업 기술 변화에 대응하기 위해서는 실무능력향상 및 취업 역량 강화가 절실히 필요하며, 학생들 스스로 관심분야의 문제를 파악하고 해결해나가는 자기주도형 프로젝트의 수행을 통하여 문제해결능력, 협업능력, 실무능력 등을 함양하고자 함.□ 텀프로젝트 수행을 위해서, 학생들은 리눅스와 같은 오픈 소스 운영체를 사용하는 다양한 시스템 환경에서 이클립스와 같은 다양한 개발 및 텍스트 에디터 툴을 이용하여 파이썬과 같은 다양한 프로그래밍 언어를 사용할 수 있어야 함.□ 수업과정을 통해 산출되는 모든 소스코드는 Github를 통해 코드이력관리를 수행할 수 있어야 함.□ Python을 통하여 프로젝트를 수행할 수 있다.□ This course provides creative and integrated education processes to train future outstandingpersons of new industrial fields in the era of the fourth industrial revolution.□ This course invites experts of industries, universities, and institutes of new industry fields suchas Big Data, AI, and IoT represented in the era of the fourth industrial revolution and provides theopportunity to understand the trend of technology developments and the knowledge of related majors ineach field.□ This course also invites experts of business startup to raise the challenging spirits about the business startup to students and provides the knowledges on it for the motivation about it.□ Students carry out selfdirected projects to figure out problems of interested fields and to solvethem and thus foster problemsolving, collaboration, and practical affair abilities, and so on.□ Through performing termprojects, students use various programming languages such as Python invarious development and editor tools such as Eclipse in various system environments using opensourceoperating systems such as Linux.□ Students upload all source codes produced from class activities to Github, the versatile sourcecode management tool, in order to effectively and efficiently control the source codes.□ Students are able to conduct project through opensource language Python.","1. 추후통보, 추후통보, 추후통보,",,,,True,False,True,False,False,True,target_department_and_foundational_course,0.25
66503,2022,충북대학교,전자정보대학,정보통신공학부,오픈소스 전문프로젝트,3,1학기,1,0,2,전공선택,1. Improve the coding skill of software by performing termproject of basic program and application programming.2. Complete the termproject supervised by professor3. Make presentations of the results in lecture.,"1. None, N.A., ,",,,,True,False,True,False,False,True,target_department_and_foundational_course,0.25
66504,2022,충북대학교,전자정보대학,정보통신공학부,산학프로젝트(종합설계),3,2학기,1,0,2,전공필수,1) To discover customer(market) centered project themes.2) To be able to describe the main process of carrying out a project development.3) To be able to systematically prepare major outputs to be created during the course of the project.4) To be able to explain the major problems expected in the project development and how to solve them.5) To be able to selfexamine students’ own ability to cooperate based on the experience gained from carrying out a project on a team level.6) To be able to use open source software for project development and management.,"1. 담당교원이 제작한 강의 노트, 강재구, 이상호, ,",,"1. 프로젝트 수행에 필요한 각종 양식 및 문헌, ecampus 강좌 자료실, , 2. UML 분석 설계 활용, 강병선, 와우북스, 2012",,True,False,True,False,False,True,target_department_and_foundational_course,0.16666666666666666
66505,2022,충북대학교,전자정보대학,정보통신공학부,산학프로젝트(종합설계),3,2학기,1,0,2,전공필수,"1. Survey previous graduation projects2. Present the selected graduation project topic and development plan3. Study required knowledge and skills to fulfill the graduation project, and get the preliminary results4. Utilize open source software","1. Lecture notes from ecampus, School of information and communication engineering, ,",,,,True,False,True,False,False,True,target_department_and_foundational_course,0.25
66508,2022,충북대학교,전자정보대학,정보통신공학부,빅데이터시스템설계,3,2학기,3,3,0,전공선택,"In this course, students understand what database is and study the core components of database systems. Especially, students should understand and study the concepts of database systems, ER modeling, the design of a relational database, SQL, Embedded SQL programming, Index structures and Transaction processing.","1. 데이터베이스 시스템 개론, 김명호, 이윤준, 유재수, 도서출판 그린, 2004","1. 데이터베이스 배움터ORACLE을 기반(개정 3판), 홍의경, 생능출판사, 2014","1. A First Course in Database Systems, , J. D. Ullman and J. Widom, Prentice Hall, 2002",,True,True,True,True,False,True,target_department_and_target_course,0.08333333333333333
66510,2022,충북대학교,전자정보대학,정보통신공학부,캡스톤디자인,4,1학기,1,0,2,전공필수,1. Team building2. Survey literature and previous work3. Formulate a graduation project goals and plans3. Execute the project with team member(s).4. Give the individual presentation.5. Submit the final report.,"1. Lecture notes from ecampus, School of information and communication engineering, ,",,,,True,False,True,False,False,True,target_department_and_foundational_course,0.25
66511,2022,충북대학교,전자정보대학,정보통신공학부,캡스톤디자인,4,1학기,1,0,2,전공필수,1. Survey of works related to a graduation project2. Select the selected graduation project topic and implement,"1. Lecture notes from ecampus, School of information and communication engineering, ,",,,,True,False,True,False,False,True,target_department_and_foundational_course,0.25
66512,2022,충북대학교,전자정보대학,정보통신공학부,캡스톤디자인,4,1학기,1,0,2,전공필수,1. Survey of works related to a graduation project2. Select a graduation project topic and implement,"1. Lecture notes from ecampus, School of information and communication engineering, ,",,,,True,False,True,False,False,True,target_department_and_foundational_course,0.25
66514,2022,충북대학교,전자정보대학,정보통신공학부,임베디드IoT응용실험,4,1학기,2,0,4,전공선택,"1. Demonstrate basic practical skills related to antenna, RF, and wireless / mobile communication tools in the fields of radio waves and light waves.2. Be familiar with the content of the experiment and handle the device by yourself.","1. Lecture Note, Professor, N/A, 2017",,,,True,True,True,False,False,True,target_department_and_target_course,0.25
66516,2022,충북대학교,전자정보대학,정보통신공학부,임베디드IoT응용실험,4,1학기,2,0,4,전공선택,"At the end of the course, the student should be able to:1. Identify the basics of deep learning function blocks.2. Implementing the MNIST using Jupyter Notebook3. Implementing digital communication system using software defined radio.4. Implementing orthogonal frequency division multiplexing (OFDM) system using software defined radio.","1. 두근두근파이선, 천인국, 생능출판사, 20192. 밑바닥부터배우는딥러닝, 사이토고키, 한빛미디어, 2017",,,,True,True,True,False,False,True,target_department_and_target_course,0.25
66517,2022,충북대학교,전자정보대학,정보통신공학부,임베디드IoT응용실험,4,1학기,2,0,4,전공선택,1. You can learn how to make multimedia for digital broadcasting.2. Learn Javabased web programming and create a personal homepage.3. Develop pioneering spirit to solve problems by challenging inexperienced tasks.4. Teamwork can be demonstrated by developing affinity with various team members.,"1. HTML5+CSS+자바스크립트 , 황기태, 생능출판, 2. JSP웹프로그래밍, 송미영, 한빛, 20183. JSP웹프로그래밍 Hard Carry, 신윤환, 생능, 2022","1. 자바웹을 다루는 기술, 이병승, 길벗, 20212. JSP 웹프로그래밍, 한현희외, 이한, 2015",,,True,True,True,False,False,True,target_department_and_target_course,0.16666666666666666
66518,2022,충북대학교,전자정보대학,정보통신공학부,지능형네트워크,4,1학기,3,3,0,전공선택,1. Understand session layer protocol for VoIP.2. Understand the latest trends and technological trends in nextgeneration network.3. Acquire the basic concepts of the network and the underlying knowledge of the relevant technologies.,"1. further notice, ., ,",,,,True,True,False,False,False,True,target_department_and_target_course,0.25
66525,2022,충북대학교,전자정보대학,정보통신공학부,지능형영상처리,3,2학기,3,2,2,전공선택,"1. students can understand the basic principles of digital image processing 2. students can create their own codes to solve some given image processing problem3. students can utilize visual studio and OpenCV4. In implementation, students can design the structure of SW by themself, dividing a problem into small problems and integrate them.","1. 강의자료 별도 제공, 강현수, ,",,,,True,True,False,False,False,True,target_department_and_target_course,0.25
66526,2022,충북대학교,전자정보대학,정보통신공학부,객체지향 프로그래밍(C++),2,1학기,3,2,2,전공선택,1. C++ 언어의 특성을 이해할 수 있다.2. MFC를 사용한 윈도우즈 프로그래밍을 수행할 수 있다.3. 소프트웨어 문제를 프로그래밍 기법으로 설계할 수 있다.1. Students can understand the characteristics of the C++ language.2. Students can do Windows programming using the Microsoft Foundation Classes.3. Students can design software problems with Windows programming techniques.,"1. 단계별로 쉽게 배우는 Visual C++ 2015 MFC Programming, 정일홍 저, 생능출판, 2017",,,,True,True,False,False,False,True,target_department_and_target_course,0.25
66527,2022,충북대학교,전자정보대학,정보통신공학부,미래설계탐색,1,1학기,1,0,2,전공선택,"1. 대학생활에 필요한 학습 방법, 생활 방법등을 학습한다.2. 자기주도학습 능력을 기른다.3. 정보통신 분야 공학에 관한 기초 소양을 학습한다.","1. 클라우스 슈밥의 제4차 산업혁명 THE NEXT, 클라우스 슈밥, 새로운현재, 2018",,"1. 성공하는 대학생들의 7가지 습관, 숀코비, 한국리더십센터출판사, 2015",,True,False,True,False,False,True,target_department_and_foundational_course,0.16666666666666666
66529,2022,충북대학교,전자정보대학,반도체공학전공,회로이론Ⅰ,2,1학기,3,3,0,전공필수,"가. 전기회로 소자(R,L,C)의 전기적 특성을 이해한다.나. 전기회로에 적용되는 법칙(KCL, KVL, Thevenin, Norton)등을 이해하고 적용한다.다. OPAMP 회로의 설계 및 해석을 한다.라. 전원이 DC인 전기회로의 해석과 원하는 전류, 전압을 갖도록 하는 회로를 설계한다.","1. Fundamentals of Electric Circuits (회로이론), C.K.Alexander, M.N.O. Sadiku (역자: 심귀보 외), 7th edition, McGraw Hill, 2017",,"1. Basic Engineering Circuit Analysis (10 Ed.) [번역: 회로이론], J.D. Irwin and R.M. Nelms, Wiley, 2012",,True,True,False,False,False,True,target_department_and_target_course,0.16666666666666666
66533,2022,충북대학교,전자정보대학,반도체공학전공,공학수학,2,1학기,3,3,0,전공필수,지식1) 1계 상수계수 선형미분방정식 해법을 이해할 수 있다.2) 2계 상수계수 선형미분방정식 해법을 이해할 수 있다.3) 라플라스 변환을 이용하여 초기치가 주어진 미분방정식의 해법을 이해할 수 있다.기술1) 전기회로 분석을 위하여 미분방정식 적용 기법을 익힐 수 있다.2) 라플라스 변환을 이용하여 미분방정식을 간단하게 푸는 방법을 익힐 수 있다.태도1) 여러가지 물리 현상이 미분방정식으로 설명될 수 있음을 이해하게 된다.2) 전자공학 분야에서의 과제를 수학적으로 모델링하도록 노력하게 된다.,"1. 최신 공업수학 (Advanced Engineering Mathematics), Dennis G. Zill / Michael R. Cullen, 텍스트북스 (Jones and Bartlett), 2018",,,,True,False,True,False,False,True,target_department_and_foundational_course,0.25
66534,2022,충북대학교,전자정보대학,반도체공학전공,고급컴퓨터프로그래밍,2,1학기,3,2,2,전공선택,1) C 언어에 대한 이해2) 자료구조의 이해3) 알고리즘에 대한 이해4) 프로그램 설계 경험,"1. C언어로 쉽게 풀어쓴 자료 구조, 천인국, 공용해, 하상호, 생능출판, 2019","1. Introduction to Algorithms, T. H. Cormen, C. E. Leiserson, R. L. Rivest, C. Stein, MIT press, 2014",,,True,True,False,False,False,True,target_department_and_target_course,0.16666666666666666
66535,2022,충북대학교,전자정보대학,반도체공학전공,회로이론Ⅱ,2,2학기,3,3,0,전공필수,"1. 커패시터와 인덕터의 회로적 특성을 이해하고 학습한다.2. AC회로를 해석하기 위한 수학적 도구들을 학습하고 1차, 2차 회로의 특성에 대해 학습한다.3. 교류회로의 특성에 대해 학습하고, 라플라스 변환을 이용한 회로의 주파수 응답에 대해 학습한다.","1. Engineering Circuit Analysis, Hayt, Kemmerly, Phillips, Durbin, McGrawHill , 20192. IT CookBook, 처음 만나는 회로이론, 방성완, ,",,,,True,True,False,False,False,True,target_department_and_target_course,0.25
66536,2022,충북대학교,전자정보대학,반도체공학전공,전자회로Ⅰ,2,2학기,3,3,0,전공필수,"가. 다이오드 회로의 해석 및 주어진 사양의 회로를 설계할 수 있다. 나. BJT 및 MOSFET 소자의 특성, 대신호 및 소신호 등가회로를 설명할 수 있고, 이 소자들을 이용한 회로의 바이어스 해석, 마지막으로 주어진 사양대로 회로를 설계할 수 있다.다. 이상적인 OPAMP의 특성 및 OPAMP 회로의 소신호 전압 이득을 구할 수 있다.라. Cascode stage및 current mirror를 해석하고, 원하는 전류값을 가진 전류원을 설계 할 수 있다.마. 차등증폭기의 대신호 및 소신호 분석을 한다.","1. 마이크로전자회로, 2판, Behzad Razabi, Wiley, 한티미디어, 2015",,,,True,True,False,False,False,True,target_department_and_target_course,0.25
66537,2022,충북대학교,전자정보대학,반도체공학전공,반도체소자,2,2학기,3,3,0,전공필수,반도체물성에 대해 이해한다.반도체소자의 제조기술에 대해 이해한다.2단자 및 3단자 반도체소자의 구동원리에 대해 이해한다.,"1. 현대 반도체소자공학, Chenming Hu (권기영, 신형철, 이종호 옮김), 한빛아카데미, 2013","1. Semiconductor Physics and Devices: Basic Principles, Donald A. Neamen, McGrawHill, 20122. 반도체소자공학, Donald A. Neamen (이진구 외 옮김), 퍼스트북, 2007",,,True,True,False,False,False,True,target_department_and_target_course,0.16666666666666666
66538,2022,충북대학교,전자정보대학,반도체공학전공,기초회로실험,2,2학기,2,0,4,전공필수,"가. 기본적인 계측기의 사용법을 익힌다.나. 기본 회로소자(저항, 인덕터, 커패시터의 기본특성을 익힌고, RL, RC, RLC회로의 시간응답/주파수 응답특성을 설계하고 실험한다.다. 게이트, 가산기등 조합논리회로와 FlipFlop을 이용한 쉬프트 레지스터, 카운터 회로 등의 순차회로를 설계하고 실험한다.라. 시뮬레이션 툴을 이용하여 회로를 검증하고 소자로 구현 확인한다.","1. 기초회로 실험, 조태원, 김영철, 김남수, 양병도, 개신, 2009",,,,True,True,True,False,False,True,target_department_and_target_course,0.25
66539,2022,충북대학교,전자정보대학,반도체공학전공,기초회로실험,2,2학기,2,0,4,전공필수,"가. 기본적인 계측기의 사용법을 익힌다.나. 기본 회로소자(저항, 인덕터, 커패시터의 기본특성을 익힌고, RL, RC, RLC회로의 시간응답/주파수 응답특성을 설계하고 실험한다.다. 게이트, 가산기등 조합논리회로와 FlipFlop을 이용한 쉬프트 레지스터, 카운터 회로 등의 순차회로를 설계하고 실험한다.라. 시뮬레이션 툴을 이용하여 회로를 검증하고 소자로 구현 확인한다. 마. 종합설계 과제로 디지털시계를 설계한다.","1. 기초회로 실험, 조태원, 김영철, 김남수, 양병도, 개신, 2009",,,,True,True,True,False,False,True,target_department_and_target_course,0.25
66541,2022,충북대학교,전자정보대학,반도체공학전공,디지털시스템설계,2,2학기,3,2,2,전공선택,"1. 조합회로(Combinational circuit) 및 순차회로(Sequential circuit) 디지털 로직의 설계 및 해석 기법을 익힌다.2. 설계 및 해석 기법을 바탕으로 마이크로프로세서의 기본동작과 설계를 이해한다.3. Verilog를 이용한 디지털 회로 설계, 합성 및 시뮬레이션 기법을 익힌다.4. FPGA 설계 프로젝트를 통하여 제한조건을 갖는 회로를 설계하고 검증한다.","1. Digital Logic and Microprocessor Design with Interfacing, E. Hwang , Cengage learning, 2016","1. 디지털시스템설계 실습, 김형원, 충북대학교, 20152. Fundamentals of Digital Logic with Verilog Design, S. Brown and Z. Vranesic, McGrawHill, 2014",,,True,True,True,False,False,True,target_department_and_target_course,0.16666666666666666
66542,2022,충북대학교,전자정보대학,반도체공학전공,확률및통계,2,2학기,3,3,0,전공선택,"1. 확률을 정의하고 확률 이론을 학습한다.2. 확률 변수의 물리적, 수학적인 의미를 학습한다.3. 랜덤 과정의 기본적인 이론과 선형시스템에서의 적용 방법에 대해 학습한다.","1. 확률 및 랜덤프로세스 제3판, Leon Garcia, , 20082. IT CookBook, 확률과 랜덤 과정, 정호영, ,",,,,True,False,True,False,False,True,target_department_and_foundational_course,0.25
66549,2022,충북대학교,전자정보대학,SW융합부전공,인공지능과 기계학습,3,1학기,3,2,2,전공선택,1. 인공지능 기술의 개념 이해2. 최신 인공지능의 기술 이해3. 인공지능 기술 응용 방법 습득,"1. 인공지능, 이건명, 생능출판사, 2018","1. 담당교수 강의노트 (eCampus), ,, , 2020","1. http://www.kocw.net/home/search/kemView.dokemId=1170523&ar=relateCourse, 이건명, KCOW, 2016",,False,True,False,True,False,True,strong_ai_cs_course_outside_target_department,0.08333333333333333
66551,2022,충북대학교,전자정보대학,SW융합부전공,운영체제의이해,3,2학기,3,2,2,전공선택,"PC에 가상머신을 설치하고, 리눅스를 설치할 수 있다.기본 명령어를 이용하여 리눅스를 사용할 수 있다.리눅스 운영체제의 사용자를 관리할 수 있다.리눅스 운영체제에 소프트웨어를 설치할 수 있다. 디스크, 네트워크 등 컴퓨터 자원을 관리할 수 있다.","1. 우분투 리눅스 시스템&네트워크(개정판), 이종원, 한빛아카데미, 2021","1. 리눅스 실습 for Beginners, 우재남, 한빛아카데미, 2020",,,False,True,False,True,False,True,strong_ai_cs_course_outside_target_department,0.16666666666666666
66552,2022,충북대학교,전자정보대학,SW융합부전공,빅데이터이해와분석,4,1학기,3,2,2,전공선택,빅데이터의 특성과 처리 환경 및 중요성을 설명할 수 있다.데이터 처리의 주요 방법을 이해하고 설명할 수 있다.파이썬을 사용하여 데이터 처리를 할 수 있다.빅데이터 처리 플랫폼을 이해에게 기본 처리 방법을 설명할 수 있다.,"1. 데이터과학 기반의 파이썬 빅데이터 분석, 이지영, 한빛아카데미, 2021",,,,False,True,False,True,False,True,strong_ai_cs_course_outside_target_department,0.25
66554,2022,충북대학교,전자정보대학,SW융합부전공,인공지능 융합의 이해,2,2학기,3,3,0,전공선택,인공지능 기본지식 습득인공지능 관련 활용 사례 학습인공지능 융합방안 이해,"1. 강의노트 , 양종원, ,",,"1. 인공지능 시대의 문화기술, 두일철, 오세종, 한빛아카데미, 2022",,False,True,False,True,False,True,strong_ai_cs_course_outside_target_department,0.16666666666666666
67812,2022,충북대학교,융합전공,보안컨설팅전공,정보윤리 및 개인정보보호,3,2학기,3,3,0,전공선택,o 향후 개인정보보호 담당자 또는 관리자로서 갖춰야 할 기본지식 습득과 개인정보처리자 점검에 대한 법률적 이해 및 온라인 점검 실습 등을 통해 개인정보 침해의 특성과 취약분야에 대한 예방 및 개선방안 등을 학습,"1. 개인정보 보호법령 해석 실무교재, 개인정보보호위원회/한국인터넷진흥원, 개인정보보호위원회/한국인터넷진흥원, 2021","1. 개인정보보호법, 각종 지침, 가이드라인, 개인정보보호위원회/한국인터넷진흥원, , 2. 개인정보보호포털(www.privacy.go.kr), 개인정보보호위원회/한국인터넷진흥원, ,",,,True,True,False,True,False,True,target_department_and_target_course,0.16666666666666666
67813,2022,충북대학교,융합전공,보안컨설팅전공,정보보호 관리체계 구축 및 인증,4,1학기,3,2,2,전공선택,"정보보호 및 개인정보보호 관리체계 인증제도에 대한 법적 요구사항을 통해서 의무사업자와 자율사업자에 대한 것을 이해하고 인증기준의 기본 체계인 관리과정(생명주기), 보호대책에 대한 인증기준을 이해하고 적용하여 실무에 적용할 수 있도록 간단한 모의 인증컨설팅을 수행하여 실무, 실습을 직간접적으로 경험할 수 있도록 진행 ○ 정보보호 관리체계 인증제도에 대한 법률적 이해와 제도운영에 필요한 기본적인 요건(의무대상자, 인증기관, 인증위원회, 인증심사원 자격 등)을 이해 등의 제도 개요를 학습하고 이해하는 단계 ○ 정보보호 관리체계를 구축하기 위한 인증기준에 대한 심사원 관점과 구축자 관점으로 인증기준의 의미를 이해하고 실무에 적용하기 위한 단계 ○ 관리체계 구축을 위한 위험관리에 대한 학문적, 실무적 방법론을 이해하고 이를 토대로 조별로 위험관리 방법론을 개발하고 실무에 적용할 수 있는 단계 ○ 위험관리 방법론을 이론적으로 정립하여 이를 학회, 세미나 발표할 수 있도록 논문 초안을 작성하여 방법론을 내재화할 수 있는 단계","1. 정보보호 및 개인정보보호 관리체계 인증제도 해설서, 한국인터넷진흥원, , 2. 정보보호 및 개인정보보호 관리체계 인증 기준, 한국인터넷진흥원, , 3. 정보보호 및 개인정보보호 관리체계 인증신청서 가이드, 한국인터넷진흥원, ,",,,,True,True,False,True,False,True,target_department_and_target_course,0.25
67814,2022,충북대학교,융합전공,보안컨설팅전공,취약점분석 및 모의해킹,4,1학기,3,2,2,전공선택,"정보시스템(서버, 네트워크, DBMS, 미들웨어, 어플리케이션 등)에 대한 취약점 점검 및 보호대책 적용 기술을 습득하고 웹서비스에 대한 모의해킹 및 보호대책 수립 기술을 습득한다.","1. 주요정보통신기반시설 기술적 취약점 분석& 61600;평가 방법 상세가이드, 한국인터넷진흥원, 진한엠앤비, 2015",,,,True,True,False,True,False,True,target_department_and_target_course,0.25
67815,2022,충북대학교,융합전공,보안컨설팅전공,정보보호컨설팅,4,2학기,3,3,0,전공필수,"정보보호 정책을 이해하고 다양한 정보보호 정책 및 제도에 대한 이해를 높이고 컨설팅 과정과 실무에 적용시킬 수 있는 위험관리 방법, 정보보호 컨설팅을 이해합니다.공공, 민간 기업 정보보호 담당자를 고민하는 분들이 실제 정보보호 분야에 진출할 수 있는 초석을 다질수 있도록 합니다.","1. ISMSP_인증기준_안내서, 한국인터넷진흥원, , 2019","1. 2020 개인정보_보호_상담사례집, 한국인터넷진흥원, , 2. 기술적 관리적 보호조치 해설서, 개인정보보호위원회, , 2020","1. 불법스팸방지가이드라인, 한국인터넷진흥원, , 2017",,True,True,False,True,False,True,target_department_and_target_course,0.08333333333333333
67818,2022,충북대학교,융합전공,빅데이터,빅데이터와 데이터 과학,2,2학기,3,3,0,전공필수,"이 강좌에서는 빅데이터가 무엇이며 그것의 활용분야, 전망 등과 함께 그것을 처리, 분석하는 데에 필요한 기술과 과정을 이해하고, 다양한 활용 예를 통해 그것의 용도와 필요성, 효과를 관찰할 것이다.","1. 빅데이터 이해와 활용, 김용채, 나종화, 류관희, 조완섭, 최상현, 개신, 2015",,,,True,True,False,True,False,True,target_department_and_target_course,0.25
67819,2022,충북대학교,융합전공,빅데이터,소셜 빅데이터,3,2학기,3,3,0,전공선택,"이 강좌를 통해 우리는 디지털 사회의 기반인 소셜 플랫폼의 개념과 함께 SNS의 진화 양상을 살펴보고, 거기서 발생하는 데이터의 분석을 위해 필요한 기술과 방법이 어떤 것인지를 이해하며, 그것을 통해 얻을 수 있는 효과와 가치를 다양한 사례를 통해 관찰할 것이다.","1. 빅데이터 이해와 활용, 조완섭 외, 충북대 출판부, 2015",,"1. Mc Kinsey Report, Mc Kinsey Corp., Mc Kinsey Corp, 2012",,True,True,False,True,False,True,target_department_and_target_course,0.16666666666666666
