source_row_number,course_name,department_name,college_name,topic_slug,topic_name,candidate_name,suggested_parent_slug,suggested_depth,relevance_score,matched_fields,match_types,relation_hint,is_existing_topic,needs_review,is_auto_link_candidate,evidence_count
10164,플랜트 빅데이터 분석 실습,융복합시스템공학부 플랜트시스템전공,과학기술대학,data-analysis,데이터 분석,,,,0.98,course_name_clean|main_textbook_clean,topic_name,,true,false,true,2
10164,플랜트 빅데이터 분석 실습,융복합시스템공학부 플랜트시스템전공,과학기술대학,data-analysis-project,데이터 분석 프로젝트,,,,0.9,course_name_clean,alias,,true,false,true,1
10164,플랜트 빅데이터 분석 실습,융복합시스템공학부 플랜트시스템전공,과학기술대학,python,Python,,,,0.45,main_textbook_clean,alias,,true,false,false,1
10164,플랜트 빅데이터 분석 실습,융복합시스템공학부 플랜트시스템전공,과학기술대학,programming,프로그래밍,,,,0.68,prerequisite_material_clean,topic_name,prerequisite,true,false,false,1
10165,인공지능 및 기계학습 개론,융복합시스템공학부 플랜트시스템전공,과학기술대학,artificial-intelligence,인공지능,,,,0.95,course_name_clean,topic_name,,true,false,true,1
10165,인공지능 및 기계학습 개론,융복합시스템공학부 플랜트시스템전공,과학기술대학,machine-learning,머신러닝,,,,0.93,course_name_clean|main_textbook_clean,alias|topic_name,,true,false,true,3
10165,인공지능 및 기계학습 개론,융복합시스템공학부 플랜트시스템전공,과학기술대학,python,Python,,,,0.5,main_textbook_clean,topic_name,,true,false,false,1
10165,인공지능 및 기계학습 개론,융복합시스템공학부 플랜트시스템전공,과학기술대학,programming,프로그래밍,,,,0.68,prerequisite_material_clean,topic_name,prerequisite,true,false,false,1
10658,빅데이터 기초 실습,농업토목.생물산업공학부,농업생명과학대학,,,탐색,algorithms,3,0.8,learning_objective_clean,depth3_candidate,,false,true,false,1
10659,빅데이터 기초 실습,농업토목.생물산업공학부,농업생명과학대학,,,탐색,algorithms,3,0.8,learning_objective_clean,depth3_candidate,,false,true,false,1
10659,빅데이터 기초 실습,농업토목.생물산업공학부,농업생명과학대학,statistical-analysis,통계 분석,,,,0.5,main_textbook_clean,topic_name,,true,false,false,1
11503,데이터베이스 디자인,문헌정보학과,사회과학대학,database,데이터베이스,,,,0.95,course_name_clean,topic_name,,true,false,true,1
11523,데이터분석론,문헌정보학과,사회과학대학,data-analysis,데이터 분석,,,,0.83,learning_objective_clean|main_textbook_clean,topic_name,,true,false,false,2
11523,데이터분석론,문헌정보학과,사회과학대학,data-preprocessing,데이터 전처리,,,,0.7,learning_objective_clean,alias,,true,false,false,1
11523,데이터분석론,문헌정보학과,사회과학대학,data-visualization,데이터 시각화,,,,0.7,learning_objective_clean,alias,,true,false,false,1
11523,데이터분석론,문헌정보학과,사회과학대학,pandas,Pandas,,,,0.5,main_textbook_clean,topic_name,,true,false,false,1
11523,데이터분석론,문헌정보학과,사회과학대학,python,Python,,,,0.45,main_textbook_clean,alias,,true,false,false,1
11525,데이터사이언스개론,문헌정보학과,사회과학대학,data-analysis,데이터 분석,,,,0.83,learning_objective_clean|main_textbook_clean,topic_name,,true,false,false,2
11525,데이터사이언스개론,문헌정보학과,사회과학대학,data-preprocessing,데이터 전처리,,,,0.7,learning_objective_clean,alias,,true,false,false,1
11525,데이터사이언스개론,문헌정보학과,사회과학대학,data-visualization,데이터 시각화,,,,0.7,learning_objective_clean,alias,,true,false,false,1
11525,데이터사이언스개론,문헌정보학과,사회과학대학,python,Python,,,,0.5,main_textbook_clean,alias|topic_name,,true,false,false,2
14304,수리적빅데이터개론(캡스톤디자인),수학과,자연과학대학,python,Python,,,,0.68,prerequisite_material_clean,topic_name,prerequisite,true,false,false,1
14357,데이터마이닝 및 실험,통계학과,자연과학대학,machine-learning,머신러닝,,,,0.75,learning_objective_clean,alias,,true,false,false,1
14357,데이터마이닝 및 실험,통계학과,자연과학대학,python,Python,,,,0.45,main_textbook_clean,alias,,true,false,false,1
14357,데이터마이닝 및 실험,통계학과,자연과학대학,programming,프로그래밍,,,,0.68,prerequisite_material_clean,topic_name,prerequisite,true,false,false,1
14357,데이터마이닝 및 실험,통계학과,자연과학대학,regression-analysis,회귀분석,,,,0.68,prerequisite_material_clean,topic_name,prerequisite,true,false,false,1
14357,데이터마이닝 및 실험,통계학과,자연과학대학,,,회귀,machine-learning,3,0.65,prerequisite_material_clean,depth3_candidate,prerequisite,false,true,false,1
14357,데이터마이닝 및 실험,통계학과,자연과학대학,statistical-analysis,통계 분석,,,,0.65,prerequisite_material_clean,alias,prerequisite,true,false,false,1
14358,데이터마이닝 및 실험,통계학과,자연과학대학,python,Python,,,,0.45,main_textbook_clean,alias,,true,false,false,1
14358,데이터마이닝 및 실험,통계학과,자연과학대학,,,회귀,machine-learning,3,0.65,prerequisite_material_clean,depth3_candidate,prerequisite,false,true,false,1
14363,빅데이터분석 및 실험,통계학과,자연과학대학,,,회귀,machine-learning,3,0.65,prerequisite_material_clean,depth3_candidate,prerequisite,false,true,false,1
14647,생활속의통계,전기공학과,IT대학,probability-statistics,확률과 통계,,,,0.45,main_textbook_clean,alias,,true,false,false,1
14659,C프로그래밍과실습,전기공학과,IT대학,programming,프로그래밍,,,,1.0,course_name_clean|learning_objective_clean|main_textbook_clean,topic_name,,true,false,true,3
14659,C프로그래밍과실습,전기공학과,IT대학,problem-solving-coding-basics,문제 해결과 코딩 기초,,,,0.75,learning_objective_clean,alias,,true,false,false,1
14659,C프로그래밍과실습,전기공학과,IT대학,c-language,C언어,,,,0.5,main_textbook_clean,alias|topic_name,,true,false,false,2
14659,C프로그래밍과실습,전기공학과,IT대학,programming-basic-syntax,프로그래밍 기초 문법,,,,0.5,main_textbook_clean,alias,,true,false,false,1
14660,C프로그래밍과실습,전기공학과,IT대학,programming,프로그래밍,,,,1.0,course_name_clean|learning_objective_clean|main_textbook_clean,topic_name,,true,false,true,3
14660,C프로그래밍과실습,전기공학과,IT대학,,,함수,programming-basic-syntax,3,0.8,learning_objective_clean,depth3_candidate,,false,true,false,1
14660,C프로그래밍과실습,전기공학과,IT대학,c-language,C언어,,,,0.5,main_textbook_clean,alias|topic_name,,true,false,false,2
14660,C프로그래밍과실습,전기공학과,IT대학,programming-basic-syntax,프로그래밍 기초 문법,,,,0.5,main_textbook_clean,alias,,true,false,false,1
14714,기초전기공학실험설계 2,전기공학과,IT대학,,,탐색,algorithms,3,0.8,learning_objective_clean,depth3_candidate,,false,true,false,1
14714,기초전기공학실험설계 2,전기공학과,IT대학,problem-solving-coding-basics,문제 해결과 코딩 기초,,,,0.75,learning_objective_clean,alias,,true,false,false,1
14726,공학수학 2,전기공학과,IT대학,,,벡터,linear-algebra,3,0.8,learning_objective_clean,depth3_candidate,,false,true,false,1
14726,공학수학 2,전기공학과,IT대학,calculus,미적분,,,,0.8,learning_objective_clean,topic_name,,true,false,false,1
14728,종합설계프로젝트1,전기공학과,IT대학,problem-solving-coding-basics,문제 해결과 코딩 기초,,,,0.75,learning_objective_clean,alias,,true,false,false,1
14731,선형대수,전기공학과,IT대학,linear-algebra,선형대수,,,,0.95,course_name_clean,topic_name,,true,false,true,1
14731,선형대수,전기공학과,IT대학,,,고윳값과 고유벡터,linear-algebra,3,0.8,learning_objective_clean,depth3_candidate,,false,true,false,1
14731,선형대수,전기공학과,IT대학,,,벡터,linear-algebra,3,0.8,learning_objective_clean,depth3_candidate,,false,true,false,1
14731,선형대수,전기공학과,IT대학,,,벡터공간,linear-algebra,3,0.8,learning_objective_clean,depth3_candidate,,false,true,false,1
14731,선형대수,전기공학과,IT대학,,,선형변환,linear-algebra,3,0.8,learning_objective_clean,depth3_candidate,,false,true,false,1
14731,선형대수,전기공학과,IT대학,,,역행렬,linear-algebra,3,0.8,learning_objective_clean,depth3_candidate,,false,true,false,1
14731,선형대수,전기공학과,IT대학,,,행렬,linear-algebra,3,0.8,learning_objective_clean,depth3_candidate,,false,true,false,1
14732,수치해석,전기공학과,IT대학,numerical-analysis,수치해석,,,,0.98,course_name_clean|main_textbook_clean,alias|topic_name,,true,false,true,2
14781,이산수학,전자공학부,IT대학,discrete-mathematics,이산수학,,,,1.0,course_name_clean|learning_objective_clean,topic_name,,true,false,true,2
14781,이산수학,전자공학부,IT대학,,,그래프 자료구조,data-structures,3,0.8,learning_objective_clean,depth3_candidate,,false,true,false,1
14781,이산수학,전자공학부,IT대학,,,트리,data-structures,3,0.8,learning_objective_clean,depth3_candidate,,false,true,false,1
14782,이산수학,전자공학부,IT대학,discrete-mathematics,이산수학,,,,0.95,course_name_clean,topic_name,,true,false,true,1
14782,이산수학,전자공학부,IT대학,,,그래프 자료구조,data-structures,3,0.8,learning_objective_clean,depth3_candidate,,false,true,false,1
14782,이산수학,전자공학부,IT대학,,,트리,data-structures,3,0.8,learning_objective_clean,depth3_candidate,,false,true,false,1
14783,이산수학,전자공학부,IT대학,discrete-mathematics,이산수학,,,,1.0,course_name_clean|learning_objective_clean,topic_name,,true,false,true,2
14783,이산수학,전자공학부,IT대학,,,탐색,algorithms,3,0.8,learning_objective_clean,depth3_candidate,,false,true,false,1
14783,이산수학,전자공학부,IT대학,problem-solving-coding-basics,문제 해결과 코딩 기초,,,,0.75,learning_objective_clean,alias,,true,false,false,1
14785,이산수학,전자공학부,IT대학,discrete-mathematics,이산수학,,,,1.0,course_name_clean|learning_objective_clean,topic_name,,true,false,true,2
14788,이산수학,전자공학부,IT대학,discrete-mathematics,이산수학,,,,0.95,course_name_clean,topic_name,,true,false,true,1
14788,이산수학,전자공학부,IT대학,data-structures,자료구조,,,,0.8,learning_objective_clean,topic_name,,true,false,false,1
14788,이산수학,전자공학부,IT대학,c-language,C언어,,,,0.65,prerequisite_material_clean,alias,prerequisite,true,false,false,1
14789,자료구조,전자공학부,IT대학,data-structures,자료구조,,,,0.95,course_name_clean,topic_name,,true,false,true,1
14789,자료구조,전자공학부,IT대학,problem-solving-coding-basics,문제 해결과 코딩 기초,,,,0.75,learning_objective_clean,alias,,true,false,false,1
14789,자료구조,전자공학부,IT대학,programming,프로그래밍,,,,0.68,prerequisite_material_clean,topic_name,prerequisite,true,false,false,1
14790,자료구조,전자공학부,IT대학,data-structures,자료구조,,,,0.98,course_name_clean|main_textbook_clean,topic_name,,true,false,true,2
14790,자료구조,전자공학부,IT대학,,,탐색,algorithms,3,0.8,learning_objective_clean,depth3_candidate,,false,true,false,1
14790,자료구조,전자공학부,IT대학,c-language,C언어,,,,0.5,main_textbook_clean,alias|topic_name,,true,false,false,2
14791,자료구조,전자공학부,IT대학,data-structures,자료구조,,,,0.98,course_name_clean|main_textbook_clean,topic_name,,true,false,true,2
14791,자료구조,전자공학부,IT대학,c-language,C언어,,,,0.68,main_textbook_clean|prerequisite_material_clean,alias|topic_name,prerequisite,true,false,false,3
14792,자료구조,전자공학부,IT대학,data-structures,자료구조,,,,0.95,course_name_clean,topic_name,,true,false,true,1
14804,운영체제,전자공학부,IT대학,operating-systems,운영체제,,,,0.98,course_name_clean|main_textbook_clean,topic_name,,true,false,true,2
14804,운영체제,전자공학부,IT대학,linux,Linux,,,,0.5,main_textbook_clean,topic_name,,true,false,false,1
14804,운영체제,전자공학부,IT대학,data-structures,자료구조,,,,0.68,prerequisite_material_clean,topic_name,prerequisite,true,false,false,1
14804,운영체제,전자공학부,IT대학,java,Java,,,,0.68,prerequisite_material_clean,topic_name,prerequisite,true,false,false,1
14805,운영체제,전자공학부,IT대학,operating-systems,운영체제,,,,1.0,course_name_clean|learning_objective_clean,topic_name,,true,false,true,2
14805,운영체제,전자공학부,IT대학,data-structures,자료구조,,,,0.68,prerequisite_material_clean,topic_name,prerequisite,true,false,false,1
14805,운영체제,전자공학부,IT대학,java,Java,,,,0.68,prerequisite_material_clean,topic_name,prerequisite,true,false,false,1
14807,운영체제,전자공학부,IT대학,operating-systems,운영체제,,,,1.0,course_name_clean|learning_objective_clean,topic_name,,true,false,true,2
14807,운영체제,전자공학부,IT대학,data-structures,자료구조,,,,0.68,prerequisite_material_clean,topic_name,prerequisite,true,false,false,1
14807,운영체제,전자공학부,IT대학,java,Java,,,,0.68,prerequisite_material_clean,topic_name,prerequisite,true,false,false,1
14808,알고리즘1,전자공학부,IT대학,algorithms,알고리즘,,,,0.95,course_name_clean,topic_name,,true,false,true,1
14808,알고리즘1,전자공학부,IT대학,problem-solving-coding-basics,문제 해결과 코딩 기초,,,,0.75,learning_objective_clean,alias,,true,false,false,1
14808,알고리즘1,전자공학부,IT대학,data-structures,자료구조,,,,0.68,prerequisite_material_clean,topic_name,prerequisite,true,false,false,1
14810,알고리즘1,전자공학부,IT대학,algorithms,알고리즘,,,,0.95,course_name_clean,topic_name,,true,false,true,1
14810,알고리즘1,전자공학부,IT대학,problem-solving-coding-basics,문제 해결과 코딩 기초,,,,0.75,learning_objective_clean,alias,,true,false,false,1
14811,데이타통신,전자공학부,IT대학,,,인터넷,networks,3,0.8,learning_objective_clean,depth3_candidate,,false,true,false,1
14812,데이타통신,전자공학부,IT대학,,,인터넷,networks,3,0.8,learning_objective_clean,depth3_candidate,,false,true,false,1
14815,인공지능,전자공학부,IT대학,artificial-intelligence,인공지능,,,,1.0,course_name_clean|learning_objective_clean|main_textbook_clean,topic_name,,true,false,true,3
14815,인공지능,전자공학부,IT대학,deep-learning,딥러닝,,,,0.5,main_textbook_clean,topic_name,,true,false,false,1
14815,인공지능,전자공학부,IT대학,machine-learning,머신러닝,,,,0.5,main_textbook_clean,topic_name,,true,false,false,1
14815,인공지능,전자공학부,IT대학,python,Python,,,,0.75,learning_objective_clean|main_textbook_clean|prerequisite_material_clean,alias,prerequisite,true,false,false,4
14815,인공지능,전자공학부,IT대학,programming,프로그래밍,,,,0.68,prerequisite_material_clean,topic_name,prerequisite,true,false,false,1
14816,인공지능,전자공학부,IT대학,artificial-intelligence,인공지능,,,,0.98,course_name_clean|main_textbook_clean,topic_name,,true,false,true,2
14816,인공지능,전자공학부,IT대학,deep-learning,딥러닝,,,,0.5,main_textbook_clean,topic_name,,true,false,false,1
14816,인공지능,전자공학부,IT대학,machine-learning,머신러닝,,,,0.5,main_textbook_clean,topic_name,,true,false,false,1
14816,인공지능,전자공학부,IT대학,python,Python,,,,0.85,learning_objective_clean|main_textbook_clean|prerequisite_material_clean,alias|topic_name,prerequisite,true,false,true,3
14817,빅데이터응용,전자공학부,IT대학,deep-learning,딥러닝,,,,0.83,learning_objective_clean|main_textbook_clean,topic_name,,true,false,false,2
14817,빅데이터응용,전자공학부,IT대학,machine-learning,머신러닝,,,,0.83,learning_objective_clean|main_textbook_clean,topic_name,,true,false,false,2
14817,빅데이터응용,전자공학부,IT대학,data-analysis,데이터 분석,,,,0.8,learning_objective_clean,topic_name,,true,false,false,1
14817,빅데이터응용,전자공학부,IT대학,python,Python,,,,0.73,learning_objective_clean|main_textbook_clean,alias,,true,false,false,2
14817,빅데이터응용,전자공학부,IT대학,artificial-intelligence,인공지능,,,,0.5,main_textbook_clean,topic_name,,true,false,false,1
14817,빅데이터응용,전자공학부,IT대학,programming,프로그래밍,,,,0.5,main_textbook_clean,topic_name,,true,false,false,1
14817,빅데이터응용,전자공학부,IT대학,operating-systems,운영체제,,,,0.68,prerequisite_material_clean,topic_name,prerequisite,true,false,false,1
14818,컴퓨터구조,전자공학부,IT대학,computer-architecture,컴퓨터구조,,,,0.95,course_name_clean,topic_name,,true,false,true,1
14818,컴퓨터구조,전자공학부,IT대학,programming,프로그래밍,,,,0.68,prerequisite_material_clean,topic_name,prerequisite,true,false,false,1
14819,컴퓨터구조,전자공학부,IT대학,computer-architecture,컴퓨터구조,,,,0.95,course_name_clean,topic_name,,true,false,true,1
14823,소프트웨어공학,전자공학부,IT대학,testing,테스트,,,,0.8,learning_objective_clean,topic_name,,true,false,false,1
14823,소프트웨어공학,전자공학부,IT대학,programming,프로그래밍,,,,0.68,prerequisite_material_clean,topic_name,prerequisite,true,false,false,1
14823,소프트웨어공학,전자공학부,IT대학,programming-basic-syntax,프로그래밍 기초 문법,,,,0.65,prerequisite_material_clean,alias,prerequisite,true,false,false,1
14823,소프트웨어공학,전자공학부,IT대학,java,Java,,,,0.6,prerequisite_material_clean,alias,prerequisite,true,false,false,1
14825,C프로그래밍과실습,전자공학부,IT대학,programming,프로그래밍,,,,1.0,course_name_clean|learning_objective_clean,topic_name,,true,false,true,2
14825,C프로그래밍과실습,전자공학부,IT대학,c-language,C언어,,,,0.83,learning_objective_clean|main_textbook_clean,alias|topic_name,,true,false,false,4
14826,C프로그래밍과실습,전자공학부,IT대학,programming,프로그래밍,,,,0.95,course_name_clean,topic_name,,true,false,true,1
14826,C프로그래밍과실습,전자공학부,IT대학,c-language,C언어,,,,0.5,main_textbook_clean,alias|topic_name,,true,false,false,2
14827,C프로그래밍과실습,전자공학부,IT대학,programming,프로그래밍,,,,1.0,course_name_clean|learning_objective_clean|main_textbook_clean,topic_name,,true,false,true,3
14827,C프로그래밍과실습,전자공학부,IT대학,c-language,C언어,,,,0.5,main_textbook_clean,alias|topic_name,,true,false,false,2
14827,C프로그래밍과실습,전자공학부,IT대학,programming-basic-syntax,프로그래밍 기초 문법,,,,0.5,main_textbook_clean,alias,,true,false,false,1
14828,C프로그래밍과실습,전자공학부,IT대학,programming,프로그래밍,,,,1.0,course_name_clean|learning_objective_clean|main_textbook_clean,topic_name,,true,false,true,3
14828,C프로그래밍과실습,전자공학부,IT대학,c-language,C언어,,,,0.78,learning_objective_clean|main_textbook_clean,alias|topic_name,,true,false,false,4
14831,C프로그래밍과실습,전자공학부,IT대학,programming,프로그래밍,,,,0.95,course_name_clean,topic_name,,true,false,true,1
14831,C프로그래밍과실습,전자공학부,IT대학,c-language,C언어,,,,0.8,learning_objective_clean,alias|topic_name,,true,false,false,2
14831,C프로그래밍과실습,전자공학부,IT대학,problem-solving-coding-basics,문제 해결과 코딩 기초,,,,0.75,learning_objective_clean,alias,,true,false,false,1
14834,C프로그래밍과실습,전자공학부,IT대학,programming,프로그래밍,,,,1.0,course_name_clean|learning_objective_clean,topic_name,,true,false,true,2
14838,네트워크프로그래밍,전자공학부,IT대학,programming,프로그래밍,,,,0.98,course_name_clean|main_textbook_clean,topic_name,,true,false,true,2
14838,네트워크프로그래밍,전자공학부,IT대학,networks,네트워크,,,,0.95,course_name_clean,topic_name,,true,false,true,1
14839,네트워크프로그래밍,전자공학부,IT대학,programming,프로그래밍,,,,0.98,course_name_clean|main_textbook_clean,topic_name,,true,false,true,2
14839,네트워크프로그래밍,전자공학부,IT대학,networks,네트워크,,,,0.95,course_name_clean,topic_name,,true,false,true,1
14843,전자회로설계,전자공학부,IT대학,deployment,배포,,,,0.5,main_textbook_clean,topic_name,,true,false,false,1
14844,전자회로설계,전자공학부,IT대학,problem-solving-coding-basics,문제 해결과 코딩 기초,,,,0.75,learning_objective_clean,alias,,true,false,false,1
14846,전자회로설계,전자공학부,IT대학,,,탐색,algorithms,3,0.8,learning_objective_clean,depth3_candidate,,false,true,false,1
14847,마이크로프로세서설계실험,전자공학부,IT대학,programming,프로그래밍,,,,0.68,prerequisite_material_clean,topic_name,prerequisite,true,false,false,1
14847,마이크로프로세서설계실험,전자공학부,IT대학,c-language,C언어,,,,0.65,prerequisite_material_clean,alias,prerequisite,true,false,false,1
14848,마이크로프로세서설계실험,전자공학부,IT대학,problem-solving-coding-basics,문제 해결과 코딩 기초,,,,0.75,learning_objective_clean,alias,,true,false,false,1
14848,마이크로프로세서설계실험,전자공학부,IT대학,programming,프로그래밍,,,,0.68,prerequisite_material_clean,topic_name,prerequisite,true,false,false,1
14850,마이크로프로세서설계실험,전자공학부,IT대학,,,함수,programming-basic-syntax,3,0.8,learning_objective_clean,depth3_candidate,,false,true,false,1
14852,마이크로프로세서설계실험,전자공학부,IT대학,programming,프로그래밍,,,,0.8,learning_objective_clean,topic_name,,true,false,false,1
14852,마이크로프로세서설계실험,전자공학부,IT대학,c-language,C언어,,,,0.78,learning_objective_clean|prerequisite_material_clean,alias|topic_name,prerequisite,true,false,false,3
14853,임베디드시스템설계실험,전자공학부,IT대학,,,입출력,programming-basic-syntax,3,0.8,learning_objective_clean,depth3_candidate,,false,true,false,1
14853,임베디드시스템설계실험,전자공학부,IT대학,computer-architecture,컴퓨터구조,,,,0.8,learning_objective_clean,topic_name,,true,false,false,1
14853,임베디드시스템설계실험,전자공학부,IT대학,operating-systems,운영체제,,,,0.8,learning_objective_clean,topic_name,,true,false,false,1
14853,임베디드시스템설계실험,전자공학부,IT대학,c-language,C언어,,,,0.68,prerequisite_material_clean,alias|topic_name,prerequisite,true,false,false,2
14914,확률과정,전자공학부,IT대학,,,변수,programming-basic-syntax,3,0.8,learning_objective_clean,depth3_candidate,,false,true,false,1
14915,확률과정,전자공학부,IT대학,,,변수,programming-basic-syntax,3,0.8,learning_objective_clean,depth3_candidate,,false,true,false,1
14920,확률과정,전자공학부,IT대학,,,변수,programming-basic-syntax,3,0.8,learning_objective_clean,depth3_candidate,,false,true,false,1
14920,확률과정,전자공학부,IT대학,,,확률분포,probability-statistics,3,0.8,learning_objective_clean,depth3_candidate,,false,true,false,1
14921,확률과정,전자공학부,IT대학,,,변수,programming-basic-syntax,3,0.8,learning_objective_clean,depth3_candidate,,false,true,false,1
14921,확률과정,전자공학부,IT대학,,,확률분포,probability-statistics,3,0.8,learning_objective_clean,depth3_candidate,,false,true,false,1
14922,기초전자실험 및 설계,전자공학부,IT대학,deployment,배포,,,,0.5,main_textbook_clean,topic_name,,true,false,false,1
14923,기초전자실험 및 설계,전자공학부,IT대학,deployment,배포,,,,0.5,main_textbook_clean,topic_name,,true,false,false,1
14925,기초전자실험 및 설계,전자공학부,IT대학,,,탐색,algorithms,3,0.8,learning_objective_clean,depth3_candidate,,false,true,false,1
14925,기초전자실험 및 설계,전자공학부,IT대학,deployment,배포,,,,0.5,main_textbook_clean,topic_name,,true,false,false,1
14926,기초전자실험 및 설계,전자공학부,IT대학,deployment,배포,,,,0.5,main_textbook_clean,topic_name,,true,false,false,1
14927,기초전자실험 및 설계,전자공학부,IT대학,deployment,배포,,,,0.5,main_textbook_clean,topic_name,,true,false,false,1
14929,기초전자실험 및 설계,전자공학부,IT대학,,,탐색,algorithms,3,0.8,learning_objective_clean,depth3_candidate,,false,true,false,1
14929,기초전자실험 및 설계,전자공학부,IT대학,deployment,배포,,,,0.5,main_textbook_clean,topic_name,,true,false,false,1
14930,기초전자실험 및 설계,전자공학부,IT대학,,,탐색,algorithms,3,0.8,learning_objective_clean,depth3_candidate,,false,true,false,1
14930,기초전자실험 및 설계,전자공학부,IT대학,deployment,배포,,,,0.5,main_textbook_clean,topic_name,,true,false,false,1
14935,기초전자실험 및 설계,전자공학부,IT대학,,,탐색,algorithms,3,0.8,learning_objective_clean,depth3_candidate,,false,true,false,1
14935,기초전자실험 및 설계,전자공학부,IT대학,github,GitHub,,,,0.5,main_textbook_clean,topic_name,,true,false,false,1
14989,회로이론2,전자공학부,IT대학,problem-solving-coding-basics,문제 해결과 코딩 기초,,,,0.75,learning_objective_clean,alias,,true,false,false,1
15016,논리회로,전자공학부,IT대학,discrete-mathematics,이산수학,,,,0.65,prerequisite_material_clean,alias,prerequisite,true,false,false,1
15019,논리회로,전자공학부,IT대학,algorithms,알고리즘,,,,0.8,learning_objective_clean,topic_name,,true,false,false,1
15020,논리회로,전자공학부,IT대학,programming,프로그래밍,,,,0.8,learning_objective_clean,topic_name,,true,false,false,1
15025,전자공학실험1,전자공학부,IT대학,problem-solving-coding-basics,문제 해결과 코딩 기초,,,,0.75,learning_objective_clean,alias,,true,false,false,1
15026,전자공학실험1,전자공학부,IT대학,problem-solving-coding-basics,문제 해결과 코딩 기초,,,,0.75,learning_objective_clean,alias,,true,false,false,1
15028,전자공학실험1,전자공학부,IT대학,problem-solving-coding-basics,문제 해결과 코딩 기초,,,,0.75,learning_objective_clean,alias,,true,false,false,1
15030,전자공학실험1,전자공학부,IT대학,problem-solving-coding-basics,문제 해결과 코딩 기초,,,,0.75,learning_objective_clean,alias,,true,false,false,1
15039,전자공학실험2,전자공학부,IT대학,problem-solving-coding-basics,문제 해결과 코딩 기초,,,,0.75,learning_objective_clean,alias,,true,false,false,1
15046,전자공학실험2,전자공학부,IT대학,,,탐색,algorithms,3,0.8,learning_objective_clean,depth3_candidate,,false,true,false,1
15065,신호및시스템,전자공학부,IT대학,,,입출력,programming-basic-syntax,3,0.8,learning_objective_clean,depth3_candidate,,false,true,false,1
15072,마이크로프로세서,전자공학부,IT대학,programming,프로그래밍,,,,0.71,main_textbook_clean|prerequisite_material_clean,topic_name,prerequisite,true,false,false,2
15072,마이크로프로세서,전자공학부,IT대학,c-language,C언어,,,,0.65,prerequisite_material_clean,alias,prerequisite,true,false,false,1
15073,마이크로프로세서,전자공학부,IT대학,programming,프로그래밍,,,,0.68,prerequisite_material_clean,topic_name,prerequisite,true,false,false,1
15073,마이크로프로세서,전자공학부,IT대학,c-language,C언어,,,,0.65,prerequisite_material_clean,alias,prerequisite,true,false,false,1
15074,마이크로프로세서,전자공학부,IT대학,programming,프로그래밍,,,,0.68,prerequisite_material_clean,topic_name,prerequisite,true,false,false,1
15074,마이크로프로세서,전자공학부,IT대학,c-language,C언어,,,,0.65,prerequisite_material_clean,alias,prerequisite,true,false,false,1
15077,통신이론,전자공학부,IT대학,,,함수,programming-basic-syntax,3,0.8,learning_objective_clean,depth3_candidate,,false,true,false,1
15080,통신이론,전자공학부,IT대학,,,변수,programming-basic-syntax,3,0.65,prerequisite_material_clean,depth3_candidate,prerequisite,false,true,false,1
15085,자동제어,전자공학부,IT대학,,,함수,programming-basic-syntax,3,0.8,learning_objective_clean,depth3_candidate,,false,true,false,1
15120,반도체재료,전자공학부,IT대학,,,인터넷,networks,3,0.8,learning_objective_clean,depth3_candidate,,false,true,false,1
15132,데이터마이닝응용,전자공학부,IT대학,discrete-mathematics,이산수학,,,,0.68,prerequisite_material_clean,topic_name,prerequisite,true,false,false,1
15136,이동통신,전자공학부,IT대학,,,프로토콜,networks,3,0.8,learning_objective_clean,depth3_candidate,,false,true,false,1
15140,기계학습시스템설계,전자공학부,IT대학,machine-learning,머신러닝,,,,0.98,course_name_clean|learning_objective_clean,alias,,true,false,true,2
15140,기계학습시스템설계,전자공학부,IT대학,python,Python,,,,0.83,learning_objective_clean|main_textbook_clean,alias|topic_name,,true,false,false,3
15140,기계학습시스템설계,전자공학부,IT대학,pandas,Pandas,,,,0.8,learning_objective_clean,topic_name,,true,false,false,1
15140,기계학습시스템설계,전자공학부,IT대학,artificial-intelligence,인공지능,,,,0.5,main_textbook_clean,topic_name,,true,false,false,1
15140,기계학습시스템설계,전자공학부,IT대학,deep-learning,딥러닝,,,,0.5,main_textbook_clean,topic_name,,true,false,false,1
15140,기계학습시스템설계,전자공학부,IT대학,github,GitHub,,,,0.5,main_textbook_clean,topic_name,,true,false,false,1
15140,기계학습시스템설계,전자공학부,IT대학,programming,프로그래밍,,,,0.68,prerequisite_material_clean,topic_name,prerequisite,true,false,false,1
15143,사물컴퓨팅시스템설계,전자공학부,IT대학,c-language,C언어,,,,0.8,learning_objective_clean,alias|topic_name,,true,false,false,2
15143,사물컴퓨팅시스템설계,전자공학부,IT대학,operating-systems,운영체제,,,,0.85,learning_objective_clean|main_textbook_clean|prerequisite_material_clean,topic_name,prerequisite,true,false,true,3
15143,사물컴퓨팅시스템설계,전자공학부,IT대학,data-structures,자료구조,,,,0.83,learning_objective_clean|prerequisite_material_clean,topic_name,prerequisite,true,false,false,2
15156,전자공학종합설계1,전자공학부,IT대학,programming,프로그래밍,,,,0.83,learning_objective_clean|prerequisite_material_clean,topic_name,prerequisite,true,false,false,2
15159,전자공학종합설계1,전자공학부,IT대학,programming,프로그래밍,,,,0.68,prerequisite_material_clean,topic_name,prerequisite,true,false,false,1
15167,전자공학종합설계2,전자공학부,IT대학,programming,프로그래밍,,,,0.8,learning_objective_clean,topic_name,,true,false,false,1
15169,전자공학종합설계2,전자공학부,IT대학,programming,프로그래밍,,,,0.68,prerequisite_material_clean,topic_name,prerequisite,true,false,false,1
15170,파이썬프로그래밍,전자공학부,IT대학,programming,프로그래밍,,,,1.0,course_name_clean|learning_objective_clean,topic_name,,true,false,true,2
15170,파이썬프로그래밍,전자공학부,IT대학,python,Python,,,,0.95,course_name_clean|learning_objective_clean|main_textbook_clean,alias,,true,false,true,4
15171,파이썬프로그래밍,전자공학부,IT대학,python,Python,,,,0.95,course_name_clean|learning_objective_clean|main_textbook_clean,alias,,true,false,true,3
15171,파이썬프로그래밍,전자공학부,IT대학,programming,프로그래밍,,,,0.98,course_name_clean|prerequisite_material_clean,topic_name,prerequisite,true,false,true,2
15173,파이썬프로그래밍,전자공학부,IT대학,python,Python,,,,0.95,course_name_clean|learning_objective_clean|main_textbook_clean,alias|topic_name,,true,false,true,3
15173,파이썬프로그래밍,전자공학부,IT대학,programming,프로그래밍,,,,0.95,course_name_clean,topic_name,,true,false,true,1
15173,파이썬프로그래밍,전자공학부,IT대학,c-language,C언어,,,,0.65,prerequisite_material_clean,alias,prerequisite,true,false,false,1
15174,파이썬프로그래밍,전자공학부,IT대학,python,Python,,,,0.93,course_name_clean|learning_objective_clean,alias|topic_name,,true,false,true,3
15174,파이썬프로그래밍,전자공학부,IT대학,programming,프로그래밍,,,,1.0,course_name_clean|learning_objective_clean|prerequisite_material_clean,topic_name,prerequisite,true,false,true,3
15175,파이썬프로그래밍,전자공학부,IT대학,programming,프로그래밍,,,,1.0,course_name_clean|learning_objective_clean,topic_name,,true,false,true,2
15175,파이썬프로그래밍,전자공학부,IT대학,python,Python,,,,0.95,course_name_clean|learning_objective_clean|main_textbook_clean,alias,,true,false,true,3
15177,파이썬프로그래밍,전자공학부,IT대학,python,Python,,,,0.95,course_name_clean|learning_objective_clean|main_textbook_clean,alias|topic_name,,true,false,true,3
15177,파이썬프로그래밍,전자공학부,IT대학,programming,프로그래밍,,,,0.95,course_name_clean,topic_name,,true,false,true,1
15179,파이썬프로그래밍,전자공학부,IT대학,programming,프로그래밍,,,,1.0,course_name_clean|learning_objective_clean,topic_name,,true,false,true,2
15179,파이썬프로그래밍,전자공학부,IT대학,python,Python,,,,0.95,course_name_clean|learning_objective_clean|main_textbook_clean,alias,,true,false,true,3
15182,파이썬프로그래밍,전자공학부,IT대학,python,Python,,,,0.95,course_name_clean|learning_objective_clean|main_textbook_clean,alias,,true,false,true,4
15182,파이썬프로그래밍,전자공학부,IT대학,problem-solving-coding-basics,문제 해결과 코딩 기초,,,,0.75,learning_objective_clean,alias,,true,false,false,1
15182,파이썬프로그래밍,전자공학부,IT대학,programming,프로그래밍,,,,1.0,course_name_clean|learning_objective_clean|prerequisite_material_clean,topic_name,prerequisite,true,false,true,3
15183,공학수학 1,전자공학부,IT대학,calculus,미적분,,,,0.68,prerequisite_material_clean,topic_name,prerequisite,true,false,false,1
15187,공학수학 1,전자공학부,IT대학,problem-solving-coding-basics,문제 해결과 코딩 기초,,,,0.75,learning_objective_clean,alias,,true,false,false,1
15187,공학수학 1,전자공학부,IT대학,calculus,미적분,,,,0.68,prerequisite_material_clean,topic_name,prerequisite,true,false,false,1
15190,공학수학 1,전자공학부,IT대학,calculus,미적분,,,,0.68,prerequisite_material_clean,topic_name,prerequisite,true,false,false,1
15191,공학수학 1,전자공학부,IT대학,calculus,미적분,,,,0.65,prerequisite_material_clean,alias,prerequisite,true,false,false,1
15192,공학수학 1,전자공학부,IT대학,,,변수,programming-basic-syntax,3,0.8,learning_objective_clean,depth3_candidate,,false,true,false,1
15207,SoC설계 및 프로그래밍,전자공학부,IT대학,deployment,배포,,,,0.5,main_textbook_clean,topic_name,,true,false,false,1
15207,SoC설계 및 프로그래밍,전자공학부,IT대학,programming,프로그래밍,,,,1.0,course_name_clean|learning_objective_clean|prerequisite_material_clean,topic_name,prerequisite,true,false,true,3
15207,SoC설계 및 프로그래밍,전자공학부,IT대학,computer-architecture,컴퓨터구조,,,,0.83,learning_objective_clean|prerequisite_material_clean,topic_name,prerequisite,true,false,false,2
15208,휴스타 ICT 설계팀프로젝트1 (캡스톤디자인),전자공학부,IT대학,deep-learning,딥러닝,,,,0.5,main_textbook_clean,topic_name,,true,false,false,1
15211,휴스타 ICT 설계팀프로젝트2 (캡스톤디자인),전자공학부,IT대학,,,탐색,algorithms,3,0.8,learning_objective_clean,depth3_candidate,,false,true,false,1
15212,선형대수,전자공학부,IT대학,linear-algebra,선형대수,,,,1.0,course_name_clean|learning_objective_clean,alias|topic_name,,true,false,true,3
15212,선형대수,전자공학부,IT대학,networks,네트워크,,,,0.8,learning_objective_clean,topic_name,,true,false,false,1
15213,선형대수,전자공학부,IT대학,linear-algebra,선형대수,,,,0.95,course_name_clean,topic_name,,true,false,true,1
15213,선형대수,전자공학부,IT대학,,,행렬,linear-algebra,3,0.8,learning_objective_clean,depth3_candidate,,false,true,false,1
15214,선형대수,전자공학부,IT대학,linear-algebra,선형대수,,,,0.95,course_name_clean,topic_name,,true,false,true,1
15214,선형대수,전자공학부,IT대학,,,고윳값과 고유벡터,linear-algebra,3,0.8,learning_objective_clean,depth3_candidate,,false,true,false,1
15214,선형대수,전자공학부,IT대학,,,벡터,linear-algebra,3,0.8,learning_objective_clean,depth3_candidate,,false,true,false,1
15214,선형대수,전자공학부,IT대학,,,선형변환,linear-algebra,3,0.8,learning_objective_clean,depth3_candidate,,false,true,false,1
15214,선형대수,전자공학부,IT대학,,,행렬,linear-algebra,3,0.8,learning_objective_clean,depth3_candidate,,false,true,false,1
15215,선형대수,전자공학부,IT대학,linear-algebra,선형대수,,,,0.95,course_name_clean,topic_name,,true,false,true,1
15217,선형대수,전자공학부,IT대학,linear-algebra,선형대수,,,,0.95,course_name_clean,topic_name,,true,false,true,1
15217,선형대수,전자공학부,IT대학,,,고윳값과 고유벡터,linear-algebra,3,0.8,learning_objective_clean,depth3_candidate,,false,true,false,1
15217,선형대수,전자공학부,IT대학,,,벡터,linear-algebra,3,0.8,learning_objective_clean,depth3_candidate,,false,true,false,1
15217,선형대수,전자공학부,IT대학,,,선형변환,linear-algebra,3,0.8,learning_objective_clean,depth3_candidate,,false,true,false,1
15217,선형대수,전자공학부,IT대학,,,탐색,algorithms,3,0.8,learning_objective_clean,depth3_candidate,,false,true,false,1
15217,선형대수,전자공학부,IT대학,,,행렬,linear-algebra,3,0.8,learning_objective_clean,depth3_candidate,,false,true,false,1
15219,수치해석,전자공학부,IT대학,numerical-analysis,수치해석,,,,1.0,course_name_clean|learning_objective_clean,topic_name,,true,false,true,2
15219,수치해석,전자공학부,IT대학,linear-algebra,선형대수,,,,0.68,prerequisite_material_clean,topic_name,prerequisite,true,false,false,1
15220,수치해석,전자공학부,IT대학,numerical-analysis,수치해석,,,,0.98,course_name_clean|main_textbook_clean,alias|topic_name,,true,false,true,2
15221,수치해석,전자공학부,IT대학,numerical-analysis,수치해석,,,,0.98,course_name_clean|main_textbook_clean,alias|topic_name,,true,false,true,2
15222,수치해석,전자공학부,IT대학,numerical-analysis,수치해석,,,,0.98,course_name_clean|main_textbook_clean,alias|topic_name,,true,false,true,2
15222,수치해석,전자공학부,IT대학,programming,프로그래밍,,,,0.8,learning_objective_clean,topic_name,,true,false,false,1
15248,소셜네트워크,컴퓨터학부,IT대학,networks,네트워크,,,,1.0,course_name_clean|learning_objective_clean|main_textbook_clean,topic_name,,true,false,true,3
15251,이산수학,컴퓨터학부,IT대학,discrete-mathematics,이산수학,,,,0.95,course_name_clean,topic_name,,true,false,true,1
15252,이산수학,컴퓨터학부,IT대학,discrete-mathematics,이산수학,,,,0.98,course_name_clean|main_textbook_clean,topic_name,,true,false,true,2
15252,이산수학,컴퓨터학부,IT대학,programming,프로그래밍,,,,0.68,prerequisite_material_clean,topic_name,prerequisite,true,false,false,1
15253,이산수학,컴퓨터학부,IT대학,discrete-mathematics,이산수학,,,,0.98,course_name_clean|main_textbook_clean,topic_name,,true,false,true,2
15254,이산수학,컴퓨터학부,IT대학,discrete-mathematics,이산수학,,,,0.95,course_name_clean,topic_name,,true,false,true,1
15257,확률및통계,컴퓨터학부,IT대학,probability-statistics,확률과 통계,,,,0.9,course_name_clean,alias,,true,false,true,1
15258,확률및통계,컴퓨터학부,IT대학,probability-statistics,확률과 통계,,,,0.9,course_name_clean,alias,,true,false,true,1
15259,자료구조,컴퓨터학부,IT대학,data-structures,자료구조,,,,1.0,course_name_clean|learning_objective_clean|main_textbook_clean,topic_name,,true,false,true,3
15259,자료구조,컴퓨터학부,IT대학,c-language,C언어,,,,0.5,main_textbook_clean,alias|topic_name,,true,false,false,2
15259,자료구조,컴퓨터학부,IT대학,programming,프로그래밍,,,,0.68,prerequisite_material_clean,topic_name,prerequisite,true,false,false,1
15260,자료구조,컴퓨터학부,IT대학,data-structures,자료구조,,,,1.0,course_name_clean|learning_objective_clean,topic_name,,true,false,true,2
15260,자료구조,컴퓨터학부,IT대학,,,리스트,data-structures,3,0.8,learning_objective_clean,depth3_candidate,,false,true,false,1
15260,자료구조,컴퓨터학부,IT대학,,,스택,data-structures,3,0.8,learning_objective_clean,depth3_candidate,,false,true,false,1
15260,자료구조,컴퓨터학부,IT대학,,,정렬,algorithms,3,0.8,learning_objective_clean,depth3_candidate,,false,true,false,1
15260,자료구조,컴퓨터학부,IT대학,,,큐,data-structures,3,0.8,learning_objective_clean,depth3_candidate,,false,true,false,1
15260,자료구조,컴퓨터학부,IT대학,,,트리,data-structures,3,0.8,learning_objective_clean,depth3_candidate,,false,true,false,1
15260,자료구조,컴퓨터학부,IT대학,programming,프로그래밍,,,,0.68,prerequisite_material_clean,topic_name,prerequisite,true,false,false,1
15261,자료구조,컴퓨터학부,IT대학,data-structures,자료구조,,,,0.95,course_name_clean,topic_name,,true,false,true,1
15261,자료구조,컴퓨터학부,IT대학,algorithms,알고리즘,,,,0.8,learning_objective_clean,topic_name,,true,false,false,1
15261,자료구조,컴퓨터학부,IT대학,programming,프로그래밍,,,,0.83,learning_objective_clean|prerequisite_material_clean,topic_name,prerequisite,true,false,false,2
15262,자료구조,컴퓨터학부,IT대학,data-structures,자료구조,,,,1.0,course_name_clean|learning_objective_clean,topic_name,,true,false,true,2
15262,자료구조,컴퓨터학부,IT대학,,,리스트,data-structures,3,0.8,learning_objective_clean,depth3_candidate,,false,true,false,1
15262,자료구조,컴퓨터학부,IT대학,,,스택,data-structures,3,0.8,learning_objective_clean,depth3_candidate,,false,true,false,1
15262,자료구조,컴퓨터학부,IT대학,,,정렬,algorithms,3,0.8,learning_objective_clean,depth3_candidate,,false,true,false,1
15262,자료구조,컴퓨터학부,IT대학,,,큐,data-structures,3,0.8,learning_objective_clean,depth3_candidate,,false,true,false,1
15262,자료구조,컴퓨터학부,IT대학,,,트리,data-structures,3,0.8,learning_objective_clean,depth3_candidate,,false,true,false,1
15262,자료구조,컴퓨터학부,IT대학,programming,프로그래밍,,,,0.68,prerequisite_material_clean,topic_name,prerequisite,true,false,false,1
15263,자료구조,컴퓨터학부,IT대학,data-structures,자료구조,,,,1.0,course_name_clean|learning_objective_clean,topic_name,,true,false,true,2
15263,자료구조,컴퓨터학부,IT대학,,,리스트,data-structures,3,0.8,learning_objective_clean,depth3_candidate,,false,true,false,1
15263,자료구조,컴퓨터학부,IT대학,,,스택,data-structures,3,0.8,learning_objective_clean,depth3_candidate,,false,true,false,1
15263,자료구조,컴퓨터학부,IT대학,,,정렬,algorithms,3,0.8,learning_objective_clean,depth3_candidate,,false,true,false,1
15263,자료구조,컴퓨터학부,IT대학,,,큐,data-structures,3,0.8,learning_objective_clean,depth3_candidate,,false,true,false,1
15263,자료구조,컴퓨터학부,IT대학,,,트리,data-structures,3,0.8,learning_objective_clean,depth3_candidate,,false,true,false,1
15263,자료구조,컴퓨터학부,IT대학,programming,프로그래밍,,,,0.68,prerequisite_material_clean,topic_name,prerequisite,true,false,false,1
15264,자료구조,컴퓨터학부,IT대학,data-structures,자료구조,,,,1.0,course_name_clean|learning_objective_clean,topic_name,,true,false,true,2
15264,자료구조,컴퓨터학부,IT대학,,,리스트,data-structures,3,0.8,learning_objective_clean,depth3_candidate,,false,true,false,1
15264,자료구조,컴퓨터학부,IT대학,,,스택,data-structures,3,0.8,learning_objective_clean,depth3_candidate,,false,true,false,1
15264,자료구조,컴퓨터학부,IT대학,,,정렬,algorithms,3,0.8,learning_objective_clean,depth3_candidate,,false,true,false,1
15264,자료구조,컴퓨터학부,IT대학,,,큐,data-structures,3,0.8,learning_objective_clean,depth3_candidate,,false,true,false,1
15264,자료구조,컴퓨터학부,IT대학,,,트리,data-structures,3,0.8,learning_objective_clean,depth3_candidate,,false,true,false,1
15264,자료구조,컴퓨터학부,IT대학,programming,프로그래밍,,,,0.68,prerequisite_material_clean,topic_name,prerequisite,true,false,false,1
15266,프로그래밍기초,컴퓨터학부,IT대학,programming,프로그래밍,,,,1.0,course_name_clean|learning_objective_clean,topic_name,,true,false,true,2
15266,프로그래밍기초,컴퓨터학부,IT대학,c-language,C언어,,,,0.75,learning_objective_clean,alias,,true,false,false,1
15267,프로그래밍기초,컴퓨터학부,IT대학,programming,프로그래밍,,,,1.0,course_name_clean|learning_objective_clean,topic_name,,true,false,true,2
15267,프로그래밍기초,컴퓨터학부,IT대학,c-language,C언어,,,,0.8,learning_objective_clean,alias|topic_name,,true,false,false,2
15269,기초창의공학설계,컴퓨터학부,IT대학,problem-solving-coding-basics,문제 해결과 코딩 기초,,,,0.78,learning_objective_clean|prerequisite_material_clean,alias,prerequisite,true,false,false,2
15271,기초창의공학설계,컴퓨터학부,IT대학,problem-solving-coding-basics,문제 해결과 코딩 기초,,,,0.75,learning_objective_clean,alias,,true,false,false,1
15272,자료구조응용,컴퓨터학부,IT대학,data-structures,자료구조,,,,1.0,course_name_clean|learning_objective_clean|main_textbook_clean,topic_name,,true,false,true,3
15272,자료구조응용,컴퓨터학부,IT대학,c-language,C언어,,,,0.5,main_textbook_clean,alias|topic_name,,true,false,false,2
15272,자료구조응용,컴퓨터학부,IT대학,programming,프로그래밍,,,,0.68,prerequisite_material_clean,topic_name,prerequisite,true,false,false,1
15273,자료구조응용,컴퓨터학부,IT대학,data-structures,자료구조,,,,1.0,course_name_clean|learning_objective_clean,topic_name,,true,false,true,2
15273,자료구조응용,컴퓨터학부,IT대학,,,리스트,data-structures,3,0.8,learning_objective_clean,depth3_candidate,,false,true,false,1
15273,자료구조응용,컴퓨터학부,IT대학,,,스택,data-structures,3,0.8,learning_objective_clean,depth3_candidate,,false,true,false,1
15273,자료구조응용,컴퓨터학부,IT대학,,,정렬,algorithms,3,0.8,learning_objective_clean,depth3_candidate,,false,true,false,1
15273,자료구조응용,컴퓨터학부,IT대학,,,큐,data-structures,3,0.8,learning_objective_clean,depth3_candidate,,false,true,false,1
15273,자료구조응용,컴퓨터학부,IT대학,,,트리,data-structures,3,0.8,learning_objective_clean,depth3_candidate,,false,true,false,1
15273,자료구조응용,컴퓨터학부,IT대학,programming,프로그래밍,,,,0.68,prerequisite_material_clean,topic_name,prerequisite,true,false,false,1
15274,자료구조응용,컴퓨터학부,IT대학,data-structures,자료구조,,,,1.0,course_name_clean|learning_objective_clean,topic_name,,true,false,true,2
15274,자료구조응용,컴퓨터학부,IT대학,,,리스트,data-structures,3,0.8,learning_objective_clean,depth3_candidate,,false,true,false,1
15274,자료구조응용,컴퓨터학부,IT대학,,,스택,data-structures,3,0.8,learning_objective_clean,depth3_candidate,,false,true,false,1
15274,자료구조응용,컴퓨터학부,IT대학,,,정렬,algorithms,3,0.8,learning_objective_clean,depth3_candidate,,false,true,false,1
15274,자료구조응용,컴퓨터학부,IT대학,,,큐,data-structures,3,0.8,learning_objective_clean,depth3_candidate,,false,true,false,1
15274,자료구조응용,컴퓨터학부,IT대학,,,트리,data-structures,3,0.8,learning_objective_clean,depth3_candidate,,false,true,false,1
15274,자료구조응용,컴퓨터학부,IT대학,programming,프로그래밍,,,,0.68,prerequisite_material_clean,topic_name,prerequisite,true,false,false,1
15275,자료구조응용,컴퓨터학부,IT대학,data-structures,자료구조,,,,0.95,course_name_clean,topic_name,,true,false,true,1
15275,자료구조응용,컴퓨터학부,IT대학,algorithms,알고리즘,,,,0.8,learning_objective_clean,topic_name,,true,false,false,1
15275,자료구조응용,컴퓨터학부,IT대학,programming,프로그래밍,,,,0.83,learning_objective_clean|prerequisite_material_clean,topic_name,prerequisite,true,false,false,2
15276,자료구조응용,컴퓨터학부,IT대학,data-structures,자료구조,,,,1.0,course_name_clean|learning_objective_clean,topic_name,,true,false,true,2
15276,자료구조응용,컴퓨터학부,IT대학,,,리스트,data-structures,3,0.8,learning_objective_clean,depth3_candidate,,false,true,false,1
15276,자료구조응용,컴퓨터학부,IT대학,,,스택,data-structures,3,0.8,learning_objective_clean,depth3_candidate,,false,true,false,1
15276,자료구조응용,컴퓨터학부,IT대학,,,정렬,algorithms,3,0.8,learning_objective_clean,depth3_candidate,,false,true,false,1
15276,자료구조응용,컴퓨터학부,IT대학,,,큐,data-structures,3,0.8,learning_objective_clean,depth3_candidate,,false,true,false,1
15276,자료구조응용,컴퓨터학부,IT대학,,,트리,data-structures,3,0.8,learning_objective_clean,depth3_candidate,,false,true,false,1
15276,자료구조응용,컴퓨터학부,IT대학,programming,프로그래밍,,,,0.68,prerequisite_material_clean,topic_name,prerequisite,true,false,false,1
15277,자료구조응용,컴퓨터학부,IT대학,data-structures,자료구조,,,,1.0,course_name_clean|learning_objective_clean,topic_name,,true,false,true,2
15277,자료구조응용,컴퓨터학부,IT대학,,,리스트,data-structures,3,0.8,learning_objective_clean,depth3_candidate,,false,true,false,1
15277,자료구조응용,컴퓨터학부,IT대학,,,스택,data-structures,3,0.8,learning_objective_clean,depth3_candidate,,false,true,false,1
15277,자료구조응용,컴퓨터학부,IT대학,,,정렬,algorithms,3,0.8,learning_objective_clean,depth3_candidate,,false,true,false,1
15277,자료구조응용,컴퓨터학부,IT대학,,,큐,data-structures,3,0.8,learning_objective_clean,depth3_candidate,,false,true,false,1
15277,자료구조응용,컴퓨터학부,IT대학,,,트리,data-structures,3,0.8,learning_objective_clean,depth3_candidate,,false,true,false,1
15277,자료구조응용,컴퓨터학부,IT대학,programming,프로그래밍,,,,0.68,prerequisite_material_clean,topic_name,prerequisite,true,false,false,1
15278,자바프로그래밍,컴퓨터학부,IT대학,java,Java,,,,0.95,course_name_clean|learning_objective_clean|main_textbook_clean,alias|topic_name,,true,false,true,3
15278,자바프로그래밍,컴퓨터학부,IT대학,programming,프로그래밍,,,,0.95,course_name_clean,topic_name,,true,false,true,1
15279,자바프로그래밍,컴퓨터학부,IT대학,java,Java,,,,0.95,course_name_clean|learning_objective_clean|main_textbook_clean,alias|topic_name,,true,false,true,4
15279,자바프로그래밍,컴퓨터학부,IT대학,programming,프로그래밍,,,,0.95,course_name_clean,topic_name,,true,false,true,1
15279,자바프로그래밍,컴퓨터학부,IT대학,problem-solving-coding-basics,문제 해결과 코딩 기초,,,,0.75,learning_objective_clean,alias,,true,false,false,1
15279,자바프로그래밍,컴퓨터학부,IT대학,c-language,C언어,,,,0.68,prerequisite_material_clean,alias|topic_name,prerequisite,true,false,false,2
15282,자바프로그래밍,컴퓨터학부,IT대학,java,Java,,,,0.95,course_name_clean|learning_objective_clean|main_textbook_clean,alias|topic_name,,true,false,true,3
15282,자바프로그래밍,컴퓨터학부,IT대학,programming,프로그래밍,,,,1.0,course_name_clean|learning_objective_clean|prerequisite_material_clean,topic_name,prerequisite,true,false,true,3
15282,자바프로그래밍,컴퓨터학부,IT대학,programming-basic-syntax,프로그래밍 기초 문법,,,,0.65,prerequisite_material_clean,alias,prerequisite,true,false,false,1
15282,자바프로그래밍,컴퓨터학부,IT대학,python,Python,,,,0.6,prerequisite_material_clean,alias,prerequisite,true,false,false,1
15283,자바프로그래밍,컴퓨터학부,IT대학,java,Java,,,,0.95,course_name_clean|learning_objective_clean|main_textbook_clean,alias|topic_name,,true,false,true,3
15283,자바프로그래밍,컴퓨터학부,IT대학,programming,프로그래밍,,,,1.0,course_name_clean|learning_objective_clean|prerequisite_material_clean,topic_name,prerequisite,true,false,true,3
15283,자바프로그래밍,컴퓨터학부,IT대학,programming-basic-syntax,프로그래밍 기초 문법,,,,0.65,prerequisite_material_clean,alias,prerequisite,true,false,false,1
15283,자바프로그래밍,컴퓨터학부,IT대학,python,Python,,,,0.6,prerequisite_material_clean,alias,prerequisite,true,false,false,1
15285,소프트웨어설계,컴퓨터학부,IT대학,oop,객체지향 프로그래밍,,,,0.68,prerequisite_material_clean,alias|topic_name,prerequisite,true,false,false,3
15285,소프트웨어설계,컴퓨터학부,IT대학,programming,프로그래밍,,,,0.68,prerequisite_material_clean,topic_name,prerequisite,true,false,false,1
15285,소프트웨어설계,컴퓨터학부,IT대학,java,Java,,,,0.6,prerequisite_material_clean,alias,prerequisite,true,false,false,1
15286,소프트웨어설계,컴퓨터학부,IT대학,object-oriented-design,객체지향 설계,,,,0.8,learning_objective_clean,topic_name,,true,false,false,1
15286,소프트웨어설계,컴퓨터학부,IT대학,oop,객체지향 프로그래밍,,,,0.78,learning_objective_clean|prerequisite_material_clean,alias,prerequisite,true,false,false,2
15288,운영체제,컴퓨터학부,IT대학,operating-systems,운영체제,,,,1.0,course_name_clean|learning_objective_clean,topic_name,,true,false,true,2
15288,운영체제,컴퓨터학부,IT대학,programming,프로그래밍,,,,0.83,learning_objective_clean|prerequisite_material_clean,topic_name,prerequisite,true,false,false,2
15288,운영체제,컴퓨터학부,IT대학,c-language,C언어,,,,0.65,prerequisite_material_clean,alias,prerequisite,true,false,false,1
15288,운영체제,컴퓨터학부,IT대학,computer-architecture,컴퓨터구조,,,,0.65,prerequisite_material_clean,alias,prerequisite,true,false,false,1
15288,운영체제,컴퓨터학부,IT대학,data-structures,자료구조,,,,0.65,prerequisite_material_clean,alias,prerequisite,true,false,false,1
15289,운영체제,컴퓨터학부,IT대학,operating-systems,운영체제,,,,0.95,course_name_clean,topic_name,,true,false,true,1
15289,운영체제,컴퓨터학부,IT대학,c-language,C언어,,,,0.65,prerequisite_material_clean,alias,prerequisite,true,false,false,1
15291,운영체제,컴퓨터학부,IT대학,operating-systems,운영체제,,,,0.95,course_name_clean,topic_name,,true,false,true,1
15291,운영체제,컴퓨터학부,IT대학,programming,프로그래밍,,,,0.68,prerequisite_material_clean,topic_name,prerequisite,true,false,false,1
15291,운영체제,컴퓨터학부,IT대학,c-language,C언어,,,,0.65,prerequisite_material_clean,alias,prerequisite,true,false,false,1
15291,운영체제,컴퓨터학부,IT대학,computer-architecture,컴퓨터구조,,,,0.65,prerequisite_material_clean,alias,prerequisite,true,false,false,1
15291,운영체제,컴퓨터학부,IT대학,data-structures,자료구조,,,,0.65,prerequisite_material_clean,alias,prerequisite,true,false,false,1
15292,운영체제,컴퓨터학부,IT대학,operating-systems,운영체제,,,,0.95,course_name_clean,topic_name,,true,false,true,1
15292,운영체제,컴퓨터학부,IT대학,,,입출력,programming-basic-syntax,3,0.8,learning_objective_clean,depth3_candidate,,false,true,false,1
15292,운영체제,컴퓨터학부,IT대학,linux,Linux,,,,0.8,learning_objective_clean,topic_name,,true,false,false,1
15292,운영체제,컴퓨터학부,IT대학,computer-architecture,컴퓨터구조,,,,0.65,prerequisite_material_clean,alias,prerequisite,true,false,false,1
15297,알고리즘1,컴퓨터학부,IT대학,algorithms,알고리즘,,,,1.0,course_name_clean|learning_objective_clean,topic_name,,true,false,true,2
15297,알고리즘1,컴퓨터학부,IT대학,data-structures,자료구조,,,,0.68,prerequisite_material_clean,topic_name,prerequisite,true,false,false,1
15298,알고리즘1,컴퓨터학부,IT대학,algorithms,알고리즘,,,,0.95,course_name_clean,topic_name,,true,false,true,1
15298,알고리즘1,컴퓨터학부,IT대학,data-structures,자료구조,,,,0.65,prerequisite_material_clean,alias,prerequisite,true,false,false,1
15299,알고리즘1,컴퓨터학부,IT대학,algorithms,알고리즘,,,,1.0,course_name_clean|learning_objective_clean,topic_name,,true,false,true,2
15299,알고리즘1,컴퓨터학부,IT대학,programming,프로그래밍,,,,0.83,learning_objective_clean|prerequisite_material_clean,topic_name,prerequisite,true,false,false,2
15299,알고리즘1,컴퓨터학부,IT대학,data-structures,자료구조,,,,0.68,prerequisite_material_clean,topic_name,prerequisite,true,false,false,1
15299,알고리즘1,컴퓨터학부,IT대학,python,Python,,,,0.68,prerequisite_material_clean,topic_name,prerequisite,true,false,false,1
15300,알고리즘1,컴퓨터학부,IT대학,algorithms,알고리즘,,,,1.0,course_name_clean|learning_objective_clean,topic_name,,true,false,true,2
15300,알고리즘1,컴퓨터학부,IT대학,programming,프로그래밍,,,,0.8,learning_objective_clean,topic_name,,true,false,false,1
15300,알고리즘1,컴퓨터학부,IT대학,data-structures,자료구조,,,,0.68,prerequisite_material_clean,topic_name,prerequisite,true,false,false,1
15301,알고리즘2,컴퓨터학부,IT대학,algorithms,알고리즘,,,,0.98,course_name_clean|prerequisite_material_clean,topic_name,prerequisite,true,false,true,2
15301,알고리즘2,컴퓨터학부,IT대학,data-structures,자료구조,,,,0.68,prerequisite_material_clean,topic_name,prerequisite,true,false,false,1
15301,알고리즘2,컴퓨터학부,IT대학,programming,프로그래밍,,,,0.68,prerequisite_material_clean,topic_name,prerequisite,true,false,false,1
15301,알고리즘2,컴퓨터학부,IT대학,python,Python,,,,0.68,prerequisite_material_clean,topic_name,prerequisite,true,false,false,1
15310,데이타통신,컴퓨터학부,IT대학,,,인터넷,networks,3,0.8,learning_objective_clean,depth3_candidate,,false,true,false,1
15310,데이타통신,컴퓨터학부,IT대학,,,프로토콜,networks,3,0.8,learning_objective_clean,depth3_candidate,,false,true,false,1
15311,데이타통신,컴퓨터학부,IT대학,,,프로토콜,networks,3,0.8,learning_objective_clean,depth3_candidate,,false,true,false,2
15313,모바일앱프로그래밍1,컴퓨터학부,IT대학,programming,프로그래밍,,,,1.0,course_name_clean|main_textbook_clean|prerequisite_material_clean,topic_name,prerequisite,true,false,true,3
15313,모바일앱프로그래밍1,컴퓨터학부,IT대학,java,Java,,,,0.6,prerequisite_material_clean,alias,prerequisite,true,false,false,1
15317,컴퓨터구조,컴퓨터학부,IT대학,computer-architecture,컴퓨터구조,,,,0.95,course_name_clean,topic_name,,true,false,true,1
15319,컴퓨터구조,컴퓨터학부,IT대학,computer-architecture,컴퓨터구조,,,,0.95,course_name_clean,topic_name,,true,false,true,1
15321,소프트웨어공학,컴퓨터학부,IT대학,git,Git,,,,0.5,main_textbook_clean,topic_name,,true,false,false,1
15321,소프트웨어공학,컴퓨터학부,IT대학,java,Java,,,,0.68,prerequisite_material_clean,topic_name,prerequisite,true,false,false,1
15325,컴퓨팅사고와 SW코딩,컴퓨터학부,IT대학,python,Python,,,,0.7,learning_objective_clean,alias,,true,false,false,1
15326,컴퓨팅사고와 SW코딩,컴퓨터학부,IT대학,problem-solving-coding-basics,문제 해결과 코딩 기초,,,,0.75,learning_objective_clean,alias,,true,false,false,1
15326,컴퓨팅사고와 SW코딩,컴퓨터학부,IT대학,python,Python,,,,0.5,main_textbook_clean,alias|topic_name,,true,false,false,2
15327,컴퓨팅사고와 SW코딩,컴퓨터학부,IT대학,problem-solving-coding-basics,문제 해결과 코딩 기초,,,,0.75,learning_objective_clean,alias,,true,false,false,1
15328,네트워크프로그래밍,컴퓨터학부,IT대학,networks,네트워크,,,,0.95,course_name_clean,topic_name,,true,false,true,1
15328,네트워크프로그래밍,컴퓨터학부,IT대학,,,TCP/IP,networks,3,0.8,learning_objective_clean,depth3_candidate,,false,true,false,1
15328,네트워크프로그래밍,컴퓨터학부,IT대학,programming,프로그래밍,,,,1.0,course_name_clean|main_textbook_clean|prerequisite_material_clean,topic_name,prerequisite,true,false,true,3
15328,네트워크프로그래밍,컴퓨터학부,IT대학,c-language,C언어,,,,0.65,prerequisite_material_clean,alias,prerequisite,true,false,false,1
15329,네트워크프로그래밍,컴퓨터학부,IT대학,networks,네트워크,,,,0.95,course_name_clean,topic_name,,true,false,true,1
15329,네트워크프로그래밍,컴퓨터학부,IT대학,,,인터넷,networks,3,0.8,learning_objective_clean,depth3_candidate,,false,true,false,1
15329,네트워크프로그래밍,컴퓨터학부,IT대학,programming,프로그래밍,,,,1.0,course_name_clean|learning_objective_clean|main_textbook_clean|prerequisite_material_clean,topic_name,prerequisite,true,false,true,4
15329,네트워크프로그래밍,컴퓨터학부,IT대학,c-language,C언어,,,,0.65,prerequisite_material_clean,alias,prerequisite,true,false,false,1
15330,네트워크프로그래밍,컴퓨터학부,IT대학,programming,프로그래밍,,,,0.98,course_name_clean|main_textbook_clean,topic_name,,true,false,true,2
15330,네트워크프로그래밍,컴퓨터학부,IT대학,networks,네트워크,,,,0.95,course_name_clean,topic_name,,true,false,true,1
15330,네트워크프로그래밍,컴퓨터학부,IT대학,linux,Linux,,,,0.68,prerequisite_material_clean,topic_name,prerequisite,true,false,false,1
15334,논리회로,컴퓨터학부,IT대학,computer-architecture,컴퓨터구조,,,,0.75,learning_objective_clean,alias,,true,false,false,1
15338,시스템프로그래밍,컴퓨터학부,IT대학,programming,프로그래밍,,,,0.95,course_name_clean,topic_name,,true,false,true,1
15338,시스템프로그래밍,컴퓨터학부,IT대학,linux,Linux,,,,0.83,learning_objective_clean|main_textbook_clean,topic_name,,true,false,false,2
15338,시스템프로그래밍,컴퓨터학부,IT대학,,,입출력,programming-basic-syntax,3,0.8,learning_objective_clean,depth3_candidate,,false,true,false,1
15339,시스템프로그래밍,컴퓨터학부,IT대학,programming,프로그래밍,,,,1.0,course_name_clean|learning_objective_clean,topic_name,,true,false,true,2
15339,시스템프로그래밍,컴퓨터학부,IT대학,linux,Linux,,,,0.83,learning_objective_clean|main_textbook_clean,topic_name,,true,false,false,2
15339,시스템프로그래밍,컴퓨터학부,IT대학,,,입출력,programming-basic-syntax,3,0.8,learning_objective_clean,depth3_candidate,,false,true,false,1
15339,시스템프로그래밍,컴퓨터학부,IT대학,system-programming-basics,시스템 프로그래밍 기초,,,,0.75,learning_objective_clean,alias,,true,false,false,1
15342,시스템프로그래밍,컴퓨터학부,IT대학,programming,프로그래밍,,,,0.95,course_name_clean,topic_name,,true,false,true,1
15342,시스템프로그래밍,컴퓨터학부,IT대학,linux,Linux,,,,0.5,main_textbook_clean,topic_name,,true,false,false,1
15346,공학수학 1,컴퓨터학부,IT대학,problem-solving-coding-basics,문제 해결과 코딩 기초,,,,0.75,learning_objective_clean,alias,,true,false,false,1
15357,자료구조프로그래밍,컴퓨터학부,IT대학,data-structures,자료구조,,,,1.0,course_name_clean|learning_objective_clean|prerequisite_material_clean,topic_name,prerequisite,true,false,true,3
15357,자료구조프로그래밍,컴퓨터학부,IT대학,programming,프로그래밍,,,,1.0,course_name_clean|learning_objective_clean|prerequisite_material_clean,topic_name,prerequisite,true,false,true,3
15358,선형대수,컴퓨터학부,IT대학,linear-algebra,선형대수,,,,0.95,course_name_clean,topic_name,,true,false,true,1
15358,선형대수,컴퓨터학부,IT대학,programming,프로그래밍,,,,0.83,learning_objective_clean|prerequisite_material_clean,topic_name,prerequisite,true,false,false,2
15359,선형대수,컴퓨터학부,IT대학,linear-algebra,선형대수,,,,0.95,course_name_clean,topic_name,,true,false,true,1
15362,수치해석,컴퓨터학부,IT대학,numerical-analysis,수치해석,,,,1.0,course_name_clean|learning_objective_clean|main_textbook_clean,alias|topic_name,,true,false,true,3
15362,수치해석,컴퓨터학부,IT대학,programming,프로그래밍,,,,0.68,prerequisite_material_clean,topic_name,prerequisite,true,false,false,1
15368,알고리즘,전자공학부 모바일공학전공,IT대학,algorithms,알고리즘,,,,0.95,course_name_clean,topic_name,,true,false,true,1
15368,알고리즘,전자공학부 모바일공학전공,IT대학,problem-solving-coding-basics,문제 해결과 코딩 기초,,,,0.75,learning_objective_clean,alias,,true,false,false,1
15368,알고리즘,전자공학부 모바일공학전공,IT대학,data-structures,자료구조,,,,0.68,prerequisite_material_clean,topic_name,prerequisite,true,false,false,1
15368,알고리즘,전자공학부 모바일공학전공,IT대학,programming,프로그래밍,,,,0.68,prerequisite_material_clean,topic_name,prerequisite,true,false,false,1
15372,모바일앱프로그래밍,전자공학부 모바일공학전공,IT대학,programming,프로그래밍,,,,0.98,course_name_clean|main_textbook_clean,topic_name,,true,false,true,2
15372,모바일앱프로그래밍,전자공학부 모바일공학전공,IT대학,database,데이터베이스,,,,0.8,learning_objective_clean,topic_name,,true,false,false,1
15374,설계프로젝트 1,전자공학부 모바일공학전공,IT대학,problem-solving-coding-basics,문제 해결과 코딩 기초,,,,0.75,learning_objective_clean,alias,,true,false,false,1
15374,설계프로젝트 1,전자공학부 모바일공학전공,IT대학,programming,프로그래밍,,,,0.68,prerequisite_material_clean,topic_name,prerequisite,true,false,false,1
15377,머신러닝 응용,전자공학부 모바일공학전공,IT대학,machine-learning,머신러닝,,,,1.0,course_name_clean|learning_objective_clean,topic_name,,true,false,true,2
15377,머신러닝 응용,전자공학부 모바일공학전공,IT대학,deployment,배포,,,,0.5,main_textbook_clean,topic_name,,true,false,false,1
15378,머신러닝 응용,전자공학부 모바일공학전공,IT대학,machine-learning,머신러닝,,,,0.95,course_name_clean,topic_name,,true,false,true,1
15379,머신러닝,전자공학부 모바일공학전공,IT대학,machine-learning,머신러닝,,,,0.95,course_name_clean,topic_name,,true,false,true,1
15379,머신러닝,전자공학부 모바일공학전공,IT대학,artificial-intelligence,인공지능,,,,0.5,main_textbook_clean,topic_name,,true,false,false,1
15379,머신러닝,전자공학부 모바일공학전공,IT대학,deep-learning,딥러닝,,,,0.5,main_textbook_clean,topic_name,,true,false,false,1
15380,딥러닝,전자공학부 모바일공학전공,IT대학,deep-learning,딥러닝,,,,0.98,course_name_clean|main_textbook_clean,topic_name,,true,false,true,2
15380,딥러닝,전자공학부 모바일공학전공,IT대학,python,Python,,,,0.83,learning_objective_clean|main_textbook_clean,alias|topic_name,,true,false,false,3
15380,딥러닝,전자공학부 모바일공학전공,IT대학,pandas,Pandas,,,,0.8,learning_objective_clean,topic_name,,true,false,false,1
15380,딥러닝,전자공학부 모바일공학전공,IT대학,artificial-intelligence,인공지능,,,,0.5,main_textbook_clean,topic_name,,true,false,false,1
15380,딥러닝,전자공학부 모바일공학전공,IT대학,github,GitHub,,,,0.5,main_textbook_clean,topic_name,,true,false,false,1
15380,딥러닝,전자공학부 모바일공학전공,IT대학,programming,프로그래밍,,,,0.68,prerequisite_material_clean,topic_name,prerequisite,true,false,false,1
15383,응용프로그래밍1,전자공학부 모바일공학전공,IT대학,programming,프로그래밍,,,,1.0,course_name_clean|learning_objective_clean,topic_name,,true,false,true,2
15407,이산수학,컴퓨터학부 글로벌소프트웨어융합전공,IT대학,discrete-mathematics,이산수학,,,,0.98,course_name_clean|main_textbook_clean,topic_name,,true,false,true,2
15409,확률및통계,컴퓨터학부 글로벌소프트웨어융합전공,IT대학,probability-statistics,확률과 통계,,,,0.9,course_name_clean,alias,,true,false,true,1
15410,확률및통계,컴퓨터학부 글로벌소프트웨어융합전공,IT대학,probability-statistics,확률과 통계,,,,0.98,course_name_clean|learning_objective_clean,alias|topic_name,,true,false,true,2
15411,확률및통계,컴퓨터학부 글로벌소프트웨어융합전공,IT대학,probability-statistics,확률과 통계,,,,0.98,course_name_clean|learning_objective_clean,alias|topic_name,,true,false,true,2
15412,확률및통계,컴퓨터학부 글로벌소프트웨어융합전공,IT대학,probability-statistics,확률과 통계,,,,0.9,course_name_clean,alias,,true,false,true,1
15413,자료구조,컴퓨터학부 글로벌소프트웨어융합전공,IT대학,data-structures,자료구조,,,,1.0,course_name_clean|learning_objective_clean,topic_name,,true,false,true,2
15413,자료구조,컴퓨터학부 글로벌소프트웨어융합전공,IT대학,,,리스트,data-structures,3,0.8,learning_objective_clean,depth3_candidate,,false,true,false,1
15413,자료구조,컴퓨터학부 글로벌소프트웨어융합전공,IT대학,,,스택,data-structures,3,0.8,learning_objective_clean,depth3_candidate,,false,true,false,1
15413,자료구조,컴퓨터학부 글로벌소프트웨어융합전공,IT대학,,,정렬,algorithms,3,0.8,learning_objective_clean,depth3_candidate,,false,true,false,1
15413,자료구조,컴퓨터학부 글로벌소프트웨어융합전공,IT대학,,,큐,data-structures,3,0.8,learning_objective_clean,depth3_candidate,,false,true,false,1
15413,자료구조,컴퓨터학부 글로벌소프트웨어융합전공,IT대학,,,트리,data-structures,3,0.8,learning_objective_clean,depth3_candidate,,false,true,false,1
15413,자료구조,컴퓨터학부 글로벌소프트웨어융합전공,IT대학,programming,프로그래밍,,,,0.68,prerequisite_material_clean,topic_name,prerequisite,true,false,false,1
15414,자료구조,컴퓨터학부 글로벌소프트웨어융합전공,IT대학,data-structures,자료구조,,,,1.0,course_name_clean|learning_objective_clean|main_textbook_clean,topic_name,,true,false,true,3
15414,자료구조,컴퓨터학부 글로벌소프트웨어융합전공,IT대학,,,탐색,algorithms,3,0.8,learning_objective_clean,depth3_candidate,,false,true,false,1
15414,자료구조,컴퓨터학부 글로벌소프트웨어융합전공,IT대학,c-language,C언어,,,,0.5,main_textbook_clean,alias|topic_name,,true,false,false,2
15414,자료구조,컴퓨터학부 글로벌소프트웨어융합전공,IT대학,programming,프로그래밍,,,,0.68,prerequisite_material_clean,topic_name,prerequisite,true,false,false,1
15415,자료구조,컴퓨터학부 글로벌소프트웨어융합전공,IT대학,data-structures,자료구조,,,,0.95,course_name_clean,topic_name,,true,false,true,1
15415,자료구조,컴퓨터학부 글로벌소프트웨어융합전공,IT대학,c-language,C언어,,,,0.65,prerequisite_material_clean,alias,prerequisite,true,false,false,1
15417,정보보호론,컴퓨터학부 글로벌소프트웨어융합전공,IT대학,networks,네트워크,,,,0.68,prerequisite_material_clean,topic_name,prerequisite,true,false,false,1
15417,정보보호론,컴퓨터학부 글로벌소프트웨어융합전공,IT대학,operating-systems,운영체제,,,,0.68,prerequisite_material_clean,topic_name,prerequisite,true,false,false,1
15417,정보보호론,컴퓨터학부 글로벌소프트웨어융합전공,IT대학,programming,프로그래밍,,,,0.68,prerequisite_material_clean,topic_name,prerequisite,true,false,false,1
15418,프로그래밍기초,컴퓨터학부 글로벌소프트웨어융합전공,IT대학,programming,프로그래밍,,,,0.98,course_name_clean|main_textbook_clean,topic_name,,true,false,true,2
15418,프로그래밍기초,컴퓨터학부 글로벌소프트웨어융합전공,IT대학,c-language,C언어,,,,0.5,main_textbook_clean,alias|topic_name,,true,false,false,2
15418,프로그래밍기초,컴퓨터학부 글로벌소프트웨어융합전공,IT대학,programming-basic-syntax,프로그래밍 기초 문법,,,,0.5,main_textbook_clean,alias,,true,false,false,1
15419,프로그래밍기초,컴퓨터학부 글로벌소프트웨어융합전공,IT대학,programming,프로그래밍,,,,1.0,course_name_clean|learning_objective_clean,topic_name,,true,false,true,2
15420,프로그래밍기초,컴퓨터학부 글로벌소프트웨어융합전공,IT대학,programming,프로그래밍,,,,1.0,course_name_clean|learning_objective_clean,topic_name,,true,false,true,2
15420,프로그래밍기초,컴퓨터학부 글로벌소프트웨어융합전공,IT대학,c-language,C언어,,,,0.8,learning_objective_clean,alias|topic_name,,true,false,false,2
15421,프로그래밍기초,컴퓨터학부 글로벌소프트웨어융합전공,IT대학,programming,프로그래밍,,,,1.0,course_name_clean|learning_objective_clean,topic_name,,true,false,true,2
15421,프로그래밍기초,컴퓨터학부 글로벌소프트웨어융합전공,IT대학,c-language,C언어,,,,0.75,learning_objective_clean,alias,,true,false,false,1
15422,자료구조응용,컴퓨터학부 글로벌소프트웨어융합전공,IT대학,data-structures,자료구조,,,,1.0,course_name_clean|learning_objective_clean,topic_name,,true,false,true,2
15422,자료구조응용,컴퓨터학부 글로벌소프트웨어융합전공,IT대학,,,리스트,data-structures,3,0.8,learning_objective_clean,depth3_candidate,,false,true,false,1
15422,자료구조응용,컴퓨터학부 글로벌소프트웨어융합전공,IT대학,,,스택,data-structures,3,0.8,learning_objective_clean,depth3_candidate,,false,true,false,1
15422,자료구조응용,컴퓨터학부 글로벌소프트웨어융합전공,IT대학,,,정렬,algorithms,3,0.8,learning_objective_clean,depth3_candidate,,false,true,false,1
15422,자료구조응용,컴퓨터학부 글로벌소프트웨어융합전공,IT대학,,,큐,data-structures,3,0.8,learning_objective_clean,depth3_candidate,,false,true,false,1
15422,자료구조응용,컴퓨터학부 글로벌소프트웨어융합전공,IT대학,,,트리,data-structures,3,0.8,learning_objective_clean,depth3_candidate,,false,true,false,1
15422,자료구조응용,컴퓨터학부 글로벌소프트웨어융합전공,IT대학,programming,프로그래밍,,,,0.68,prerequisite_material_clean,topic_name,prerequisite,true,false,false,1
15423,자료구조응용,컴퓨터학부 글로벌소프트웨어융합전공,IT대학,data-structures,자료구조,,,,1.0,course_name_clean|learning_objective_clean|main_textbook_clean,topic_name,,true,false,true,3
15423,자료구조응용,컴퓨터학부 글로벌소프트웨어융합전공,IT대학,c-language,C언어,,,,0.5,main_textbook_clean,alias|topic_name,,true,false,false,2
15423,자료구조응용,컴퓨터학부 글로벌소프트웨어융합전공,IT대학,programming,프로그래밍,,,,0.68,prerequisite_material_clean,topic_name,prerequisite,true,false,false,1
15424,자료구조응용,컴퓨터학부 글로벌소프트웨어융합전공,IT대학,data-structures,자료구조,,,,1.0,course_name_clean|learning_objective_clean,topic_name,,true,false,true,2
15424,자료구조응용,컴퓨터학부 글로벌소프트웨어융합전공,IT대학,programming,프로그래밍,,,,0.83,learning_objective_clean|prerequisite_material_clean,topic_name,prerequisite,true,false,false,2
15425,자바프로그래밍,컴퓨터학부 글로벌소프트웨어융합전공,IT대학,java,Java,,,,0.95,course_name_clean|learning_objective_clean|main_textbook_clean,alias|topic_name,,true,false,true,3
15425,자바프로그래밍,컴퓨터학부 글로벌소프트웨어융합전공,IT대학,programming,프로그래밍,,,,0.95,course_name_clean,topic_name,,true,false,true,1
15426,자바프로그래밍,컴퓨터학부 글로벌소프트웨어융합전공,IT대학,java,Java,,,,0.88,course_name_clean|main_textbook_clean,alias|topic_name,,true,false,true,3
15426,자바프로그래밍,컴퓨터학부 글로벌소프트웨어융합전공,IT대학,oop,객체지향 프로그래밍,,,,0.75,learning_objective_clean,alias,,true,false,false,1
15426,자바프로그래밍,컴퓨터학부 글로벌소프트웨어융합전공,IT대학,problem-solving-coding-basics,문제 해결과 코딩 기초,,,,0.75,learning_objective_clean,alias,,true,false,false,1
15426,자바프로그래밍,컴퓨터학부 글로벌소프트웨어융합전공,IT대학,programming,프로그래밍,,,,1.0,course_name_clean|learning_objective_clean|prerequisite_material_clean,topic_name,prerequisite,true,false,true,3
15428,운영체제,컴퓨터학부 글로벌소프트웨어융합전공,IT대학,operating-systems,운영체제,,,,0.95,course_name_clean,topic_name,,true,false,true,1
15428,운영체제,컴퓨터학부 글로벌소프트웨어융합전공,IT대학,,,입출력,programming-basic-syntax,3,0.8,learning_objective_clean,depth3_candidate,,false,true,false,1
15428,운영체제,컴퓨터학부 글로벌소프트웨어융합전공,IT대학,linux,Linux,,,,0.8,learning_objective_clean,topic_name,,true,false,false,1
15429,운영체제,컴퓨터학부 글로벌소프트웨어융합전공,IT대학,operating-systems,운영체제,,,,1.0,course_name_clean|learning_objective_clean,topic_name,,true,false,true,2
15432,인공지능,컴퓨터학부 글로벌소프트웨어융합전공,IT대학,artificial-intelligence,인공지능,,,,1.0,course_name_clean|learning_objective_clean|main_textbook_clean,topic_name,,true,false,true,3
15432,인공지능,컴퓨터학부 글로벌소프트웨어융합전공,IT대학,deep-learning,딥러닝,,,,0.5,main_textbook_clean,topic_name,,true,false,false,1
15432,인공지능,컴퓨터학부 글로벌소프트웨어융합전공,IT대학,machine-learning,머신러닝,,,,0.5,main_textbook_clean,topic_name,,true,false,false,1
15432,인공지능,컴퓨터학부 글로벌소프트웨어융합전공,IT대학,python,Python,,,,0.45,main_textbook_clean,alias,,true,false,false,1
15432,인공지능,컴퓨터학부 글로벌소프트웨어융합전공,IT대학,programming,프로그래밍,,,,0.83,learning_objective_clean|prerequisite_material_clean,topic_name,prerequisite,true,false,false,2
15432,인공지능,컴퓨터학부 글로벌소프트웨어융합전공,IT대학,discrete-mathematics,이산수학,,,,0.68,prerequisite_material_clean,topic_name,prerequisite,true,false,false,1
15433,인공지능,컴퓨터학부 글로벌소프트웨어융합전공,IT대학,artificial-intelligence,인공지능,,,,0.98,course_name_clean|main_textbook_clean,topic_name,,true,false,true,2
15433,인공지능,컴퓨터학부 글로벌소프트웨어융합전공,IT대학,deep-learning,딥러닝,,,,0.5,main_textbook_clean,topic_name,,true,false,false,1
15433,인공지능,컴퓨터학부 글로벌소프트웨어융합전공,IT대학,machine-learning,머신러닝,,,,0.5,main_textbook_clean,topic_name,,true,false,false,1
15433,인공지능,컴퓨터학부 글로벌소프트웨어융합전공,IT대학,python,Python,,,,0.71,main_textbook_clean|prerequisite_material_clean,alias|topic_name,prerequisite,true,false,false,2
15434,모바일앱프로그래밍1,컴퓨터학부 글로벌소프트웨어융합전공,IT대학,programming,프로그래밍,,,,1.0,course_name_clean|main_textbook_clean|prerequisite_material_clean,topic_name,prerequisite,true,false,true,3
15434,모바일앱프로그래밍1,컴퓨터학부 글로벌소프트웨어융합전공,IT대학,java,Java,,,,0.6,prerequisite_material_clean,alias,prerequisite,true,false,false,1
15435,컴퓨터구조,컴퓨터학부 글로벌소프트웨어융합전공,IT대학,computer-architecture,컴퓨터구조,,,,1.0,course_name_clean|learning_objective_clean,alias|topic_name,,true,false,true,2
15438,컴퓨팅사고와 SW코딩,컴퓨터학부 글로벌소프트웨어융합전공,IT대학,python,Python,,,,0.8,learning_objective_clean,alias|topic_name,,true,false,false,2
15438,컴퓨팅사고와 SW코딩,컴퓨터학부 글로벌소프트웨어융합전공,IT대학,,,정렬,algorithms,3,0.8,learning_objective_clean,depth3_candidate,,false,true,false,1
15438,컴퓨팅사고와 SW코딩,컴퓨터학부 글로벌소프트웨어융합전공,IT대학,,,탐색,algorithms,3,0.8,learning_objective_clean,depth3_candidate,,false,true,false,1
15438,컴퓨팅사고와 SW코딩,컴퓨터학부 글로벌소프트웨어융합전공,IT대학,algorithms,알고리즘,,,,0.8,learning_objective_clean,topic_name,,true,false,false,1
15438,컴퓨팅사고와 SW코딩,컴퓨터학부 글로벌소프트웨어융합전공,IT대학,problem-solving-coding-basics,문제 해결과 코딩 기초,,,,0.75,learning_objective_clean,alias,,true,false,false,1
15439,컴퓨팅사고와 SW코딩,컴퓨터학부 글로벌소프트웨어융합전공,IT대학,problem-solving-coding-basics,문제 해결과 코딩 기초,,,,0.78,learning_objective_clean|main_textbook_clean,alias,,true,false,false,2
15439,컴퓨팅사고와 SW코딩,컴퓨터학부 글로벌소프트웨어융합전공,IT대학,python,Python,,,,0.7,learning_objective_clean,alias,,true,false,false,1
15439,컴퓨팅사고와 SW코딩,컴퓨터학부 글로벌소프트웨어융합전공,IT대학,programming,프로그래밍,,,,0.68,prerequisite_material_clean,topic_name,prerequisite,true,false,false,1
15441,창의융합설계,컴퓨터학부 글로벌소프트웨어융합전공,IT대학,deployment,배포,,,,0.5,main_textbook_clean,topic_name,,true,false,false,1
15441,창의융합설계,컴퓨터학부 글로벌소프트웨어융합전공,IT대학,programming,프로그래밍,,,,0.68,prerequisite_material_clean,topic_name,prerequisite,true,false,false,1
15444,오픈소스프로그래밍,컴퓨터학부 글로벌소프트웨어융합전공,IT대학,programming,프로그래밍,,,,0.95,course_name_clean,topic_name,,true,false,true,1
15444,오픈소스프로그래밍,컴퓨터학부 글로벌소프트웨어융합전공,IT대학,git,Git,,,,0.5,main_textbook_clean,topic_name,,true,false,false,1
15446,오픈소스프로그래밍,컴퓨터학부 글로벌소프트웨어융합전공,IT대학,programming,프로그래밍,,,,0.95,course_name_clean,topic_name,,true,false,true,1
15446,오픈소스프로그래밍,컴퓨터학부 글로벌소프트웨어융합전공,IT대학,python,Python,,,,0.68,prerequisite_material_clean,topic_name,prerequisite,true,false,false,1
15448,알고리즘실습,컴퓨터학부 글로벌소프트웨어융합전공,IT대학,algorithms,알고리즘,,,,1.0,course_name_clean|learning_objective_clean|main_textbook_clean,alias|topic_name,,true,false,true,4
15448,알고리즘실습,컴퓨터학부 글로벌소프트웨어융합전공,IT대학,data-structures,자료구조,,,,0.68,prerequisite_material_clean,topic_name,prerequisite,true,false,false,1
15448,알고리즘실습,컴퓨터학부 글로벌소프트웨어융합전공,IT대학,programming,프로그래밍,,,,0.68,prerequisite_material_clean,topic_name,prerequisite,true,false,false,1
15451,컴퓨터망프로그래밍,컴퓨터학부 글로벌소프트웨어융합전공,IT대학,networks,네트워크,,,,0.8,learning_objective_clean,alias|topic_name,,true,false,false,2
15451,컴퓨터망프로그래밍,컴퓨터학부 글로벌소프트웨어융합전공,IT대학,,,TCP/IP,networks,3,0.8,learning_objective_clean,depth3_candidate,,false,true,false,1
15451,컴퓨터망프로그래밍,컴퓨터학부 글로벌소프트웨어융합전공,IT대학,programming,프로그래밍,,,,1.0,course_name_clean|main_textbook_clean|prerequisite_material_clean,topic_name,prerequisite,true,false,true,3
15451,컴퓨터망프로그래밍,컴퓨터학부 글로벌소프트웨어융합전공,IT대학,c-language,C언어,,,,0.65,prerequisite_material_clean,alias,prerequisite,true,false,false,1
15451,컴퓨터망프로그래밍,컴퓨터학부 글로벌소프트웨어융합전공,IT대학,system-programming-basics,시스템 프로그래밍 기초,,,,0.65,prerequisite_material_clean,alias,prerequisite,true,false,false,1
15459,고급웹프로그래밍,컴퓨터학부 글로벌소프트웨어융합전공,IT대학,web-development,웹 개발,,,,0.8,learning_objective_clean,topic_name,,true,false,false,1
15459,고급웹프로그래밍,컴퓨터학부 글로벌소프트웨어융합전공,IT대학,programming,프로그래밍,,,,0.98,course_name_clean|prerequisite_material_clean,topic_name,prerequisite,true,false,true,2
15459,고급웹프로그래밍,컴퓨터학부 글로벌소프트웨어융합전공,IT대학,java,Java,,,,0.6,prerequisite_material_clean,alias,prerequisite,true,false,false,1
15463,기계학습개론,컴퓨터학부 데이터과학전공,IT대학,machine-learning,머신러닝,,,,1.0,course_name_clean|learning_objective_clean|main_textbook_clean,alias|topic_name,,true,false,true,4
15463,기계학습개론,컴퓨터학부 데이터과학전공,IT대학,deep-learning,딥러닝,,,,0.5,main_textbook_clean,topic_name,,true,false,false,1
15463,기계학습개론,컴퓨터학부 데이터과학전공,IT대학,artificial-intelligence,인공지능,,,,0.68,prerequisite_material_clean,topic_name,prerequisite,true,false,false,1
15463,기계학습개론,컴퓨터학부 데이터과학전공,IT대학,programming,프로그래밍,,,,0.68,prerequisite_material_clean,topic_name,prerequisite,true,false,false,1
15464,기계학습개론,컴퓨터학부 데이터과학전공,IT대학,machine-learning,머신러닝,,,,0.93,course_name_clean|main_textbook_clean,alias,,true,false,true,2
15464,기계학습개론,컴퓨터학부 데이터과학전공,IT대학,deep-learning,딥러닝,,,,0.5,main_textbook_clean,topic_name,,true,false,false,1
15464,기계학습개론,컴퓨터학부 데이터과학전공,IT대학,python,Python,,,,0.68,prerequisite_material_clean,topic_name,prerequisite,true,false,false,1
15466,컴퓨터비전,컴퓨터학부 데이터과학전공,IT대학,computer-vision,컴퓨터 비전,,,,0.98,course_name_clean|learning_objective_clean,alias,,true,false,true,2
15466,컴퓨터비전,컴퓨터학부 데이터과학전공,IT대학,,,분류,machine-learning,3,0.8,learning_objective_clean,depth3_candidate,,false,true,false,1
15466,컴퓨터비전,컴퓨터학부 데이터과학전공,IT대학,deep-learning,딥러닝,,,,0.8,learning_objective_clean,topic_name,,true,false,false,1
15466,컴퓨터비전,컴퓨터학부 데이터과학전공,IT대학,machine-learning,머신러닝,,,,0.75,learning_objective_clean,alias,,true,false,false,1
15466,컴퓨터비전,컴퓨터학부 데이터과학전공,IT대학,algorithms,알고리즘,,,,0.68,prerequisite_material_clean,topic_name,prerequisite,true,false,false,1
15466,컴퓨터비전,컴퓨터학부 데이터과학전공,IT대학,data-structures,자료구조,,,,0.68,prerequisite_material_clean,topic_name,prerequisite,true,false,false,1
15466,컴퓨터비전,컴퓨터학부 데이터과학전공,IT대학,linear-algebra,선형대수,,,,0.68,prerequisite_material_clean,topic_name,prerequisite,true,false,false,1
15468,인공지능,컴퓨터학부 플랫폼소프트웨어전공,IT대학,artificial-intelligence,인공지능,,,,0.95,course_name_clean,topic_name,,true,false,true,1
15468,인공지능,컴퓨터학부 플랫폼소프트웨어전공,IT대학,python,Python,,,,0.8,learning_objective_clean,topic_name,,true,false,false,1
15475,모바일앱프로그래밍2,컴퓨터학부 플랫폼소프트웨어전공,IT대학,design-patterns,디자인 패턴,,,,0.8,learning_objective_clean,topic_name,,true,false,false,1
15475,모바일앱프로그래밍2,컴퓨터학부 플랫폼소프트웨어전공,IT대학,programming,프로그래밍,,,,1.0,course_name_clean|main_textbook_clean|prerequisite_material_clean,topic_name,prerequisite,true,false,true,3
15475,모바일앱프로그래밍2,컴퓨터학부 플랫폼소프트웨어전공,IT대학,oop,객체지향 프로그래밍,,,,0.68,main_textbook_clean|prerequisite_material_clean,alias,prerequisite,true,false,false,2
15476,무선네트워크,컴퓨터학부 플랫폼소프트웨어전공,IT대학,networks,네트워크,,,,0.95,course_name_clean,topic_name,,true,false,true,1
15477,무선네트워크,컴퓨터학부 플랫폼소프트웨어전공,IT대학,networks,네트워크,,,,0.95,course_name_clean,topic_name,,true,false,true,1
15482,종합설계프로젝트2,컴퓨터학부 플랫폼소프트웨어전공,IT대학,programming,프로그래밍,,,,0.68,prerequisite_material_clean,topic_name,prerequisite,true,false,false,1
15994,데이터베이스시스템,경영정보학과,경영대학,database,데이터베이스,,,,1.0,course_name_clean|learning_objective_clean|main_textbook_clean,topic_name,,true,false,true,3
15994,데이터베이스시스템,경영정보학과,경영대학,database-design,데이터베이스 설계,,,,0.8,learning_objective_clean,topic_name,,true,false,false,1
15994,데이터베이스시스템,경영정보학과,경영대학,sql,SQL,,,,0.8,learning_objective_clean,topic_name,,true,false,false,1
16008,데이터마이닝,경영정보학과,경영대학,data-preprocessing,데이터 전처리,,,,0.8,learning_objective_clean,alias|topic_name,,true,false,false,2
16008,데이터마이닝,경영정보학과,경영대학,,,분류,machine-learning,3,0.8,learning_objective_clean,depth3_candidate,,false,true,false,1
16008,데이터마이닝,경영정보학과,경영대학,deployment,배포,,,,0.5,main_textbook_clean,topic_name,,true,false,false,1
16011,데이터베이스시스템종합설계및구현,경영정보학과,경영대학,database,데이터베이스,,,,1.0,course_name_clean|learning_objective_clean|main_textbook_clean,topic_name,,true,false,true,3
16011,데이터베이스시스템종합설계및구현,경영정보학과,경영대학,database-design,데이터베이스 설계,,,,0.8,learning_objective_clean,topic_name,,true,false,false,1
16011,데이터베이스시스템종합설계및구현,경영정보학과,경영대학,programming,프로그래밍,,,,0.8,learning_objective_clean,topic_name,,true,false,false,1
16011,데이터베이스시스템종합설계및구현,경영정보학과,경영대학,problem-solving-coding-basics,문제 해결과 코딩 기초,,,,0.75,learning_objective_clean,alias,,true,false,false,1
16017,빅데이터분석,경영정보학과,경영대학,python,Python,,,,0.83,learning_objective_clean|main_textbook_clean,alias|topic_name,,true,false,false,3
16017,빅데이터분석,경영정보학과,경영대학,data-analysis,데이터 분석,,,,0.5,main_textbook_clean,topic_name,,true,false,false,1
16048,정보보안관리,경영정보학과,경영대학,networks,네트워크,,,,0.8,learning_objective_clean,topic_name,,true,false,false,1
16053,경영빅데이터분석개론,경영정보학과,경영대학,data-analysis,데이터 분석,,,,0.83,learning_objective_clean|main_textbook_clean,topic_name,,true,false,false,2
16053,경영빅데이터분석개론,경영정보학과,경영대학,,,분류,machine-learning,3,0.8,learning_objective_clean,depth3_candidate,,false,true,false,1
16053,경영빅데이터분석개론,경영정보학과,경영대학,,,탐색,algorithms,3,0.8,learning_objective_clean,depth3_candidate,,false,true,false,1
16053,경영빅데이터분석개론,경영정보학과,경영대학,,,회귀,machine-learning,3,0.8,learning_objective_clean,depth3_candidate,,false,true,false,1
16053,경영빅데이터분석개론,경영정보학과,경영대학,programming,프로그래밍,,,,0.8,learning_objective_clean,topic_name,,true,false,false,1
16053,경영빅데이터분석개론,경영정보학과,경영대학,python,Python,,,,0.73,learning_objective_clean|main_textbook_clean,alias,,true,false,false,2
16053,경영빅데이터분석개론,경영정보학과,경영대학,data-visualization,데이터 시각화,,,,0.7,learning_objective_clean,alias,,true,false,false,1
16061,데이터분석모형과활용,경영정보학과,경영대학,,,분류,machine-learning,3,0.8,learning_objective_clean,depth3_candidate,,false,true,false,1
16061,데이터분석모형과활용,경영정보학과,경영대학,algorithms,알고리즘,,,,0.8,learning_objective_clean,topic_name,,true,false,false,1
16061,데이터분석모형과활용,경영정보학과,경영대학,data-analysis,데이터 분석,,,,0.8,learning_objective_clean,topic_name,,true,false,false,1
17208,전기전자응용실험2,전기공학과,공과대학,programming,프로그래밍,,,,0.68,prerequisite_material_clean,topic_name,prerequisite,true,false,false,1
17229,전기전자실험2,전기공학과,공과대학,,,함수,programming-basic-syntax,3,0.8,learning_objective_clean,depth3_candidate,,false,true,false,1
17275,자동제어1,전기공학과,공과대학,,,함수,programming-basic-syntax,3,0.8,learning_objective_clean,depth3_candidate,,false,true,false,1
17281,공학수학1,전기공학과,공과대학,,,벡터,linear-algebra,3,0.8,learning_objective_clean,depth3_candidate,,false,true,false,1
17287,공학수학2,전기공학과,공과대학,,,벡터,linear-algebra,3,0.8,learning_objective_clean,depth3_candidate,,false,true,false,1
17314,AI기초,전자공학과,공과대학,,,CNN,deep-learning,3,0.8,learning_objective_clean,depth3_candidate,,false,true,false,1
17314,AI기초,전자공학과,공과대학,,,RNN,deep-learning,3,0.8,learning_objective_clean,depth3_candidate,,false,true,false,1
17314,AI기초,전자공학과,공과대학,algorithms,알고리즘,,,,0.8,learning_objective_clean,topic_name,,true,false,false,1
17314,AI기초,전자공학과,공과대학,deep-learning,딥러닝,,,,0.8,learning_objective_clean,topic_name,,true,false,false,1
17314,AI기초,전자공학과,공과대학,machine-learning,머신러닝,,,,0.75,learning_objective_clean,alias,,true,false,false,1
17328,통신시스템설계및실습,전자공학과,공과대학,programming,프로그래밍,,,,0.8,learning_objective_clean,topic_name,,true,false,false,1
17328,통신시스템설계및실습,전자공학과,공과대학,python,Python,,,,0.75,learning_objective_clean,alias,,true,false,false,2
17345,통신시스템,전자공학과,공과대학,programming,프로그래밍,,,,0.8,learning_objective_clean,topic_name,,true,false,false,1
17345,통신시스템,전자공학과,공과대학,python,Python,,,,0.75,learning_objective_clean,alias,,true,false,false,2
17349,컴퓨터구조,전자공학과,공과대학,computer-architecture,컴퓨터구조,,,,1.0,course_name_clean|learning_objective_clean|main_textbook_clean,alias|topic_name,,true,false,true,3
17363,회로해석론1,전자공학과,공과대학,,,변수,programming-basic-syntax,3,0.8,learning_objective_clean,depth3_candidate,,false,true,false,1
17367,공학수학1,전자공학과,공과대학,,,벡터,linear-algebra,3,0.8,learning_objective_clean,depth3_candidate,,false,true,false,1
17367,공학수학1,전자공학과,공과대학,,,변수,programming-basic-syntax,3,0.8,learning_objective_clean,depth3_candidate,,false,true,false,1
17367,공학수학1,전자공학과,공과대학,,,행렬,linear-algebra,3,0.8,learning_objective_clean,depth3_candidate,,false,true,false,1
17367,공학수학1,전자공학과,공과대학,calculus,미적분,,,,0.8,learning_objective_clean,topic_name,,true,false,false,1
17367,공학수학1,전자공학과,공과대학,linear-algebra,선형대수,,,,0.8,learning_objective_clean,topic_name,,true,false,false,1
17367,공학수학1,전자공학과,공과대학,numerical-analysis,수치해석,,,,0.8,learning_objective_clean,topic_name,,true,false,false,1
17380,선형대수학,전자공학과,공과대학,linear-algebra,선형대수,,,,1.0,course_name_clean|learning_objective_clean,alias|topic_name,,true,false,true,3
17380,선형대수학,전자공학과,공과대학,,,벡터,linear-algebra,3,0.8,learning_objective_clean,depth3_candidate,,false,true,false,1
17380,선형대수학,전자공학과,공과대학,,,행렬,linear-algebra,3,0.8,learning_objective_clean,depth3_candidate,,false,true,false,1
17384,프로그래밍실습,전자공학과,공과대학,programming,프로그래밍,,,,1.0,course_name_clean|learning_objective_clean,topic_name,,true,false,true,2
17384,프로그래밍실습,전자공학과,공과대학,c-language,C언어,,,,0.5,main_textbook_clean,alias|topic_name,,true,false,false,2
17393,제어공학1,제어계측공학과,공과대학,,,변수,programming-basic-syntax,3,0.8,learning_objective_clean,depth3_candidate,,false,true,false,1
17402,제어공학2,제어계측공학과,공과대학,optimization,최적화,,,,0.8,learning_objective_clean,topic_name,,true,false,false,1
17415,로봇공학,제어계측공학과,공과대학,,,행렬,linear-algebra,3,0.8,learning_objective_clean,depth3_candidate,,false,true,false,1
17415,로봇공학,제어계측공학과,공과대학,linear-algebra,선형대수,,,,0.68,prerequisite_material_clean,alias|topic_name,prerequisite,true,false,false,2
17423,디지털제어공학,제어계측공학과,공과대학,,,표본추출,probability-statistics,3,0.8,learning_objective_clean,depth3_candidate,,false,true,false,1
17435,공학수학1,제어계측공학과,공과대학,,,행렬,linear-algebra,3,0.8,learning_objective_clean,depth3_candidate,,false,true,false,1
17435,공학수학1,제어계측공학과,공과대학,linear-algebra,선형대수,,,,0.8,learning_objective_clean,topic_name,,true,false,false,1
17455,제어계측프로그래밍1,제어계측공학과,공과대학,c-language,C언어,,,,0.83,learning_objective_clean|main_textbook_clean,alias|topic_name,,true,false,false,4
17455,제어계측프로그래밍1,제어계측공학과,공과대학,programming,프로그래밍,,,,1.0,course_name_clean|learning_objective_clean|prerequisite_material_clean,topic_name,prerequisite,true,false,true,3
17459,제어계측프로그래밍2,제어계측공학과,공과대학,c-language,C언어,,,,0.83,learning_objective_clean|main_textbook_clean,alias|topic_name,,true,false,false,4
17459,제어계측프로그래밍2,제어계측공학과,공과대학,,,입출력,programming-basic-syntax,3,0.8,learning_objective_clean,depth3_candidate,,false,true,false,1
17459,제어계측프로그래밍2,제어계측공학과,공과대학,,,함수,programming-basic-syntax,3,0.8,learning_objective_clean,depth3_candidate,,false,true,false,1
17459,제어계측프로그래밍2,제어계측공학과,공과대학,programming,프로그래밍,,,,1.0,course_name_clean|learning_objective_clean|prerequisite_material_clean,topic_name,prerequisite,true,false,true,3
17461,객체지향프로그래밍,제어계측공학과,공과대학,oop,객체지향 프로그래밍,,,,0.98,course_name_clean|learning_objective_clean,alias|topic_name,,true,false,true,4
17461,객체지향프로그래밍,제어계측공학과,공과대학,programming,프로그래밍,,,,1.0,course_name_clean|learning_objective_clean|prerequisite_material_clean,topic_name,prerequisite,true,false,true,3
17467,마이크로프로세서응용설계,제어계측공학과,공과대학,programming,프로그래밍,,,,0.8,learning_objective_clean,topic_name,,true,false,false,1
17470,제어계측종합설계2,제어계측공학과,공과대학,problem-solving-coding-basics,문제 해결과 코딩 기초,,,,0.75,learning_objective_clean,alias,,true,false,false,1
17509,전자장수치해석,전기에너지공학과,공과대학,numerical-analysis,수치해석,,,,1.0,course_name_clean|learning_objective_clean,topic_name,,true,false,true,2
17516,메카트로닉스1,전기에너지공학과,공과대학,artificial-intelligence,인공지능,,,,0.83,learning_objective_clean|main_textbook_clean,topic_name,,true,false,false,2
17516,메카트로닉스1,전기에너지공학과,공과대학,python,Python,,,,0.45,main_textbook_clean,alias,,true,false,false,1
17520,메카트로닉스2,전기에너지공학과,공과대학,algorithms,알고리즘,,,,0.8,learning_objective_clean,topic_name,,true,false,false,1
17520,메카트로닉스2,전기에너지공학과,공과대학,programming,프로그래밍,,,,0.8,learning_objective_clean,topic_name,,true,false,false,1
17567,반도체소자설계,반도체공학과,공과대학,,,변수,programming-basic-syntax,3,0.8,learning_objective_clean,depth3_candidate,,false,true,false,1
17601,전자회로실험2,반도체공학과,공과대학,,,함수,programming-basic-syntax,3,0.8,learning_objective_clean,depth3_candidate,,false,true,false,1
17605,컴퓨터프로그래밍언어,반도체공학과,공과대학,,,입출력,programming-basic-syntax,3,0.8,learning_objective_clean,depth3_candidate,,false,true,false,1
17605,컴퓨터프로그래밍언어,반도체공학과,공과대학,programming,프로그래밍,,,,0.98,course_name_clean|prerequisite_material_clean,topic_name,prerequisite,true,false,true,2
17615,데이터베이스처리,산업시스템공학전공,공과대학,database,데이터베이스,,,,1.0,course_name_clean|learning_objective_clean|main_textbook_clean,topic_name,,true,false,true,3
17616,데이터베이스처리,산업시스템공학전공,공과대학,database,데이터베이스,,,,0.98,course_name_clean|main_textbook_clean,topic_name,,true,false,true,2
17760,제품빅데이터분석,산업시스템공학전공,공과대학,data-analysis,데이터 분석,,,,0.83,learning_objective_clean|main_textbook_clean,topic_name,,true,false,false,2
17763,품질빅데이터이해,산업시스템공학전공,공과대학,data-preprocessing,데이터 전처리,,,,0.8,learning_objective_clean,alias|topic_name,,true,false,false,2
17763,품질빅데이터이해,산업시스템공학전공,공과대학,algorithms,알고리즘,,,,0.8,learning_objective_clean,topic_name,,true,false,false,1
17763,품질빅데이터이해,산업시스템공학전공,공과대학,data-analysis,데이터 분석,,,,0.8,learning_objective_clean,topic_name,,true,false,false,1
17894,컴퓨터네트워크,항공우주및소프트웨어공학부,공과대학,networks,네트워크,,,,0.95,course_name_clean,alias|topic_name,,true,false,true,2
17894,컴퓨터네트워크,항공우주및소프트웨어공학부,공과대학,java,Java,,,,0.68,prerequisite_material_clean,topic_name,prerequisite,true,false,false,1
17894,컴퓨터네트워크,항공우주및소프트웨어공학부,공과대학,python,Python,,,,0.68,prerequisite_material_clean,topic_name,prerequisite,true,false,false,1
17895,운영체제커널,항공우주및소프트웨어공학부,공과대학,operating-systems,운영체제,,,,0.98,course_name_clean|main_textbook_clean,topic_name,,true,false,true,2
17895,운영체제커널,항공우주및소프트웨어공학부,공과대학,programming,프로그래밍,,,,0.83,learning_objective_clean|prerequisite_material_clean,topic_name,prerequisite,true,false,false,2
17895,운영체제커널,항공우주및소프트웨어공학부,공과대학,algorithms,알고리즘,,,,0.68,prerequisite_material_clean,topic_name,prerequisite,true,false,false,1
17895,운영체제커널,항공우주및소프트웨어공학부,공과대학,computer-architecture,컴퓨터구조,,,,0.68,prerequisite_material_clean,topic_name,prerequisite,true,false,false,1
17895,운영체제커널,항공우주및소프트웨어공학부,공과대학,data-structures,자료구조,,,,0.68,prerequisite_material_clean,topic_name,prerequisite,true,false,false,1
17895,운영체제커널,항공우주및소프트웨어공학부,공과대학,discrete-mathematics,이산수학,,,,0.68,prerequisite_material_clean,topic_name,prerequisite,true,false,false,1
17896,컴퓨터프로그래밍기초PBL,항공우주및소프트웨어공학부,공과대학,programming,프로그래밍,,,,0.98,course_name_clean|main_textbook_clean,topic_name,,true,false,true,2
17896,컴퓨터프로그래밍기초PBL,항공우주및소프트웨어공학부,공과대학,c-language,C언어,,,,0.83,learning_objective_clean|main_textbook_clean,alias|topic_name,,true,false,false,5
17900,컴퓨터프로그래밍기초PBL,항공우주및소프트웨어공학부,공과대학,programming,프로그래밍,,,,1.0,course_name_clean|learning_objective_clean,topic_name,,true,false,true,2
17900,컴퓨터프로그래밍기초PBL,항공우주및소프트웨어공학부,공과대학,c-language,C언어,,,,0.83,learning_objective_clean|main_textbook_clean,alias|topic_name,,true,false,false,4
17900,컴퓨터프로그래밍기초PBL,항공우주및소프트웨어공학부,공과대학,programming-basic-syntax,프로그래밍 기초 문법,,,,0.75,learning_objective_clean,alias,,true,false,false,1
17902,컴퓨터프로그래밍기초실습PBL,항공우주및소프트웨어공학부,공과대학,programming,프로그래밍,,,,0.98,course_name_clean|main_textbook_clean,topic_name,,true,false,true,2
17902,컴퓨터프로그래밍기초실습PBL,항공우주및소프트웨어공학부,공과대학,c-language,C언어,,,,0.83,learning_objective_clean|main_textbook_clean,alias|topic_name,,true,false,false,5
17903,컴퓨터프로그래밍기초실습PBL,항공우주및소프트웨어공학부,공과대학,programming,프로그래밍,,,,1.0,course_name_clean|learning_objective_clean,topic_name,,true,false,true,2
17903,컴퓨터프로그래밍기초실습PBL,항공우주및소프트웨어공학부,공과대학,c-language,C언어,,,,0.8,learning_objective_clean,alias|topic_name,,true,false,false,2
17903,컴퓨터프로그래밍기초실습PBL,항공우주및소프트웨어공학부,공과대학,programming-basic-syntax,프로그래밍 기초 문법,,,,0.75,learning_objective_clean,alias,,true,false,false,1
17909,자료구조및알고리즘PBL,항공우주및소프트웨어공학부,공과대학,data-structures,자료구조,,,,0.98,course_name_clean|main_textbook_clean,topic_name,,true,false,true,2
17909,자료구조및알고리즘PBL,항공우주및소프트웨어공학부,공과대학,algorithms,알고리즘,,,,0.95,course_name_clean,topic_name,,true,false,true,1
17909,자료구조및알고리즘PBL,항공우주및소프트웨어공학부,공과대학,,,해시,data-structures,3,0.8,learning_objective_clean,depth3_candidate,,false,true,false,1
17909,자료구조및알고리즘PBL,항공우주및소프트웨어공학부,공과대학,c-language,C언어,,,,0.5,main_textbook_clean,alias|topic_name,,true,false,false,2
17909,자료구조및알고리즘PBL,항공우주및소프트웨어공학부,공과대학,programming,프로그래밍,,,,0.68,prerequisite_material_clean,topic_name,prerequisite,true,false,false,1
17937,자동제어,항공우주및소프트웨어공학부,공과대학,,,변수,programming-basic-syntax,3,0.8,learning_objective_clean,depth3_candidate,,false,true,false,1
17937,자동제어,항공우주및소프트웨어공학부,공과대학,,,함수,programming-basic-syntax,3,0.8,learning_objective_clean,depth3_candidate,,false,true,false,1
17937,자동제어,항공우주및소프트웨어공학부,공과대학,problem-solving-coding-basics,문제 해결과 코딩 기초,,,,0.75,learning_objective_clean,alias,,true,false,false,1
17947,기계학습,항공우주및소프트웨어공학부,공과대학,machine-learning,머신러닝,,,,1.0,course_name_clean|learning_objective_clean|main_textbook_clean,alias|topic_name,,true,false,true,4
17947,기계학습,항공우주및소프트웨어공학부,공과대학,python,Python,,,,0.83,learning_objective_clean|main_textbook_clean,alias|topic_name,,true,false,false,2
17947,기계학습,항공우주및소프트웨어공학부,공과대학,,,분류,machine-learning,3,0.8,learning_objective_clean,depth3_candidate,,false,true,false,1
17947,기계학습,항공우주및소프트웨어공학부,공과대학,,,회귀,machine-learning,3,0.8,learning_objective_clean,depth3_candidate,,false,true,false,1
17947,기계학습,항공우주및소프트웨어공학부,공과대학,algorithms,알고리즘,,,,0.8,learning_objective_clean,topic_name,,true,false,false,1
17947,기계학습,항공우주및소프트웨어공학부,공과대학,data-preprocessing,데이터 전처리,,,,0.7,learning_objective_clean,alias,,true,false,false,1
17948,데이터베이스,항공우주및소프트웨어공학부,공과대학,database,데이터베이스,,,,0.95,course_name_clean,topic_name,,true,false,true,1
17948,데이터베이스,항공우주및소프트웨어공학부,공과대학,,,쿼리,sql,3,0.8,learning_objective_clean,depth3_candidate,,false,true,false,1
17948,데이터베이스,항공우주및소프트웨어공학부,공과대학,server-basics,서버 기초,,,,0.7,learning_objective_clean,alias,,true,false,false,1
17959,수치해석,항공우주및소프트웨어공학부,공과대학,numerical-analysis,수치해석,,,,1.0,course_name_clean|learning_objective_clean|main_textbook_clean,topic_name,,true,false,true,3
17959,수치해석,항공우주및소프트웨어공학부,공과대학,python,Python,,,,0.83,learning_objective_clean|main_textbook_clean,topic_name,,true,false,false,2
17959,수치해석,항공우주및소프트웨어공학부,공과대학,problem-solving-coding-basics,문제 해결과 코딩 기초,,,,0.75,learning_objective_clean,alias,,true,false,false,1
17979,항공기설계,항공우주및소프트웨어공학부,공과대학,problem-solving-coding-basics,문제 해결과 코딩 기초,,,,0.75,learning_objective_clean,alias,,true,false,false,1
17987,공학수학1/이산수학,항공우주및소프트웨어공학부,공과대학,discrete-mathematics,이산수학,,,,0.95,course_name_clean,topic_name,,true,false,true,1
17988,항공우주및소프트웨어공학개론,항공우주및소프트웨어공학부,공과대학,programming,프로그래밍,,,,0.68,prerequisite_material_clean,topic_name,prerequisite,true,false,false,1
17994,컴퓨터구조,항공우주및소프트웨어공학부,공과대학,computer-architecture,컴퓨터구조,,,,0.95,course_name_clean,topic_name,,true,false,true,1
17994,컴퓨터구조,항공우주및소프트웨어공학부,공과대학,programming,프로그래밍,,,,0.68,prerequisite_material_clean,topic_name,prerequisite,true,false,false,1
18003,임베디드하드웨어,항공우주및소프트웨어공학부,공과대학,computer-architecture,컴퓨터구조,,,,0.68,prerequisite_material_clean,topic_name,prerequisite,true,false,false,1
18003,임베디드하드웨어,항공우주및소프트웨어공학부,공과대학,programming,프로그래밍,,,,0.68,prerequisite_material_clean,topic_name,prerequisite,true,false,false,1
18014,객체지향프로그래밍,항공우주및소프트웨어공학부,공과대학,oop,객체지향 프로그래밍,,,,0.98,course_name_clean|learning_objective_clean,alias|topic_name,,true,false,true,4
18014,객체지향프로그래밍,항공우주및소프트웨어공학부,공과대학,java,Java,,,,0.83,learning_objective_clean|main_textbook_clean,alias|topic_name,,true,false,false,3
18014,객체지향프로그래밍,항공우주및소프트웨어공학부,공과대학,,,HTTP,networks,3,0.8,learning_objective_clean,depth3_candidate,,false,true,false,1
18014,객체지향프로그래밍,항공우주및소프트웨어공학부,공과대학,,,인덱스,database-design,3,0.8,learning_objective_clean,depth3_candidate,,false,true,false,1
18014,객체지향프로그래밍,항공우주및소프트웨어공학부,공과대학,programming-basic-syntax,프로그래밍 기초 문법,,,,0.75,learning_objective_clean,alias,,true,false,false,1
18014,객체지향프로그래밍,항공우주및소프트웨어공학부,공과대학,programming,프로그래밍,,,,1.0,course_name_clean|learning_objective_clean|prerequisite_material_clean,topic_name,prerequisite,true,false,true,3
18015,객체지향프로그래밍,항공우주및소프트웨어공학부,공과대학,oop,객체지향 프로그래밍,,,,0.98,course_name_clean|learning_objective_clean,alias|topic_name,,true,false,true,4
18015,객체지향프로그래밍,항공우주및소프트웨어공학부,공과대학,java,Java,,,,0.83,learning_objective_clean|main_textbook_clean,topic_name,,true,false,false,2
18015,객체지향프로그래밍,항공우주및소프트웨어공학부,공과대학,,,HTTP,networks,3,0.8,learning_objective_clean,depth3_candidate,,false,true,false,1
18015,객체지향프로그래밍,항공우주및소프트웨어공학부,공과대학,,,인덱스,database-design,3,0.8,learning_objective_clean,depth3_candidate,,false,true,false,1
18015,객체지향프로그래밍,항공우주및소프트웨어공학부,공과대학,programming,프로그래밍,,,,1.0,course_name_clean|learning_objective_clean|prerequisite_material_clean,topic_name,prerequisite,true,false,true,3
18018,객체지향프로그래밍실습,항공우주및소프트웨어공학부,공과대학,oop,객체지향 프로그래밍,,,,0.98,course_name_clean|learning_objective_clean,alias|topic_name,,true,false,true,4
18018,객체지향프로그래밍실습,항공우주및소프트웨어공학부,공과대학,java,Java,,,,0.83,learning_objective_clean|main_textbook_clean,alias|topic_name,,true,false,false,3
18018,객체지향프로그래밍실습,항공우주및소프트웨어공학부,공과대학,,,HTTP,networks,3,0.8,learning_objective_clean,depth3_candidate,,false,true,false,1
18018,객체지향프로그래밍실습,항공우주및소프트웨어공학부,공과대학,,,인덱스,database-design,3,0.8,learning_objective_clean,depth3_candidate,,false,true,false,1
18018,객체지향프로그래밍실습,항공우주및소프트웨어공학부,공과대학,programming-basic-syntax,프로그래밍 기초 문법,,,,0.75,learning_objective_clean,alias,,true,false,false,1
18018,객체지향프로그래밍실습,항공우주및소프트웨어공학부,공과대학,programming,프로그래밍,,,,1.0,course_name_clean|learning_objective_clean|prerequisite_material_clean,topic_name,prerequisite,true,false,true,3
18023,공학수학2,항공우주및소프트웨어공학부,공과대학,,,벡터,linear-algebra,3,0.8,learning_objective_clean,depth3_candidate,,false,true,false,1
18023,공학수학2,항공우주및소프트웨어공학부,공과대학,problem-solving-coding-basics,문제 해결과 코딩 기초,,,,0.75,learning_objective_clean,alias,,true,false,false,1
18026,창의적기초공학설계,항공우주및소프트웨어공학부,공과대학,problem-solving-coding-basics,문제 해결과 코딩 기초,,,,0.75,learning_objective_clean,alias,,true,false,false,1
18027,창의적기초공학설계,항공우주및소프트웨어공학부,공과대학,problem-solving-coding-basics,문제 해결과 코딩 기초,,,,0.75,learning_objective_clean,alias,,true,false,false,1
18927,식품경제데이터분석기초,식품자원경제학과,농업생명과학대학,data-analysis,데이터 분석,,,,0.5,main_textbook_clean,topic_name,,true,false,false,1
1913,정치와데이터분석,정치외교학과,사회과학대학,,,변수,programming-basic-syntax,3,0.65,prerequisite_material_clean,depth3_candidate,prerequisite,false,true,false,1
20803,인공지능과윤리교육,윤리교육과,사범대학,artificial-intelligence,인공지능,,,,1.0,course_name_clean|learning_objective_clean,topic_name,,true,false,true,2
20803,인공지능과윤리교육,윤리교육과,사범대학,authentication-authorization,인증과 인가,,,,0.45,main_textbook_clean,alias,,true,false,false,1
22110,심리데이터분석,심리학과,사회과학대학,,,회귀,machine-learning,3,0.8,learning_objective_clean,depth3_candidate,,false,true,false,1
22110,심리데이터분석,심리학과,사회과학대학,data-analysis,데이터 분석,,,,0.8,learning_objective_clean,topic_name,,true,false,false,1
22110,심리데이터분석,심리학과,사회과학대학,regression-analysis,회귀분석,,,,0.8,learning_objective_clean,topic_name,,true,false,false,1
23143,공학입문설계(어드벤처디자인),융합전자공학부,융합기술공과대학,problem-solving-coding-basics,문제 해결과 코딩 기초,,,,0.75,learning_objective_clean,alias,,true,false,false,1
23147,에너지데이터분석,에너지공학과,융합기술공과대학,python,Python,,,,0.83,learning_objective_clean|main_textbook_clean,alias|topic_name,,true,false,false,2
23147,에너지데이터분석,에너지공학과,융합기술공과대학,programming,프로그래밍,,,,0.8,learning_objective_clean,topic_name,,true,false,false,1
23147,에너지데이터분석,에너지공학과,융합기술공과대학,programming-basic-syntax,프로그래밍 기초 문법,,,,0.75,learning_objective_clean,alias,,true,false,false,1
2604,인문학데이터마이닝,영어영문학전공,인문대학,data-visualization,데이터 시각화,,,,0.7,learning_objective_clean,alias,,true,false,false,1
2604,인문학데이터마이닝,영어영문학전공,인문대학,data-analysis,데이터 분석,,,,0.5,main_textbook_clean,topic_name,,true,false,false,1
2604,인문학데이터마이닝,영어영문학전공,인문대학,programming,프로그래밍,,,,0.83,learning_objective_clean|prerequisite_material_clean,topic_name,prerequisite,true,false,false,2
2604,인문학데이터마이닝,영어영문학전공,인문대학,python,Python,,,,0.65,prerequisite_material_clean,alias,prerequisite,true,false,false,2
26597,빅데이터정보처리,정보통계학과,자연과학대학,deep-learning,딥러닝,,,,0.83,learning_objective_clean|main_textbook_clean,topic_name,,true,false,false,2
26597,빅데이터정보처리,정보통계학과,자연과학대학,machine-learning,머신러닝,,,,0.8,learning_objective_clean,alias|topic_name,,true,false,false,2
26597,빅데이터정보처리,정보통계학과,자연과학대학,artificial-intelligence,인공지능,,,,0.8,learning_objective_clean,topic_name,,true,false,false,1
26597,빅데이터정보처리,정보통계학과,자연과학대학,authentication-authorization,인증과 인가,,,,0.7,learning_objective_clean,alias,,true,false,false,1
26598,빅데이터입문,정보통계학과,자연과학대학,data-analysis,데이터 분석,,,,0.8,learning_objective_clean,topic_name,,true,false,false,1
26598,빅데이터입문,정보통계학과,자연과학대학,programming,프로그래밍,,,,0.8,learning_objective_clean,topic_name,,true,false,false,1
26614,빅데이터분석,정보통계학과,자연과학대학,linux,Linux,,,,0.73,learning_objective_clean|main_textbook_clean,alias,,true,false,false,2
26619,기계학습,정보통계학과,자연과학대학,machine-learning,머신러닝,,,,0.93,course_name_clean|main_textbook_clean,alias|topic_name,,true,false,true,2
26619,기계학습,정보통계학과,자연과학대학,programming,프로그래밍,,,,0.8,learning_objective_clean,topic_name,,true,false,false,1
26619,기계학습,정보통계학과,자연과학대학,python,Python,,,,0.78,learning_objective_clean|main_textbook_clean,alias,,true,false,false,3
26638,통계데이터베이스,정보통계학과,자연과학대학,database,데이터베이스,,,,1.0,course_name_clean|learning_objective_clean|main_textbook_clean,topic_name,,true,false,true,3
26638,통계데이터베이스,정보통계학과,자연과학대학,probability-statistics,확률과 통계,,,,0.7,learning_objective_clean,alias,,true,false,false,1
26640,데이터마이닝,정보통계학과,자연과학대학,linear-algebra,선형대수,,,,0.8,learning_objective_clean,alias|topic_name,,true,false,false,2
26640,데이터마이닝,정보통계학과,자연과학대학,,,비지도학습,machine-learning,3,0.8,learning_objective_clean,depth3_candidate,,false,true,false,1
26640,데이터마이닝,정보통계학과,자연과학대학,,,신경망,deep-learning,3,0.8,learning_objective_clean,depth3_candidate,,false,true,false,1
26640,데이터마이닝,정보통계학과,자연과학대학,,,지도학습,machine-learning,3,0.8,learning_objective_clean,depth3_candidate,,false,true,false,1
26640,데이터마이닝,정보통계학과,자연과학대학,,,회귀,machine-learning,3,0.8,learning_objective_clean,depth3_candidate,,false,true,false,1
26640,데이터마이닝,정보통계학과,자연과학대학,statistical-analysis,통계 분석,,,,0.75,learning_objective_clean,alias,,true,false,false,1
26640,데이터마이닝,정보통계학과,자연과학대학,probability-statistics,확률과 통계,,,,0.7,learning_objective_clean,alias,,true,false,false,1
27267,웹프로그래밍,컴퓨터과학부 컴퓨터과학전공,자연과학대학,programming,프로그래밍,,,,1.0,course_name_clean|learning_objective_clean|main_textbook_clean,topic_name,,true,false,true,3
27267,웹프로그래밍,컴퓨터과학부 컴퓨터과학전공,자연과학대학,javascript,JavaScript,,,,0.78,learning_objective_clean|main_textbook_clean,alias|topic_name,,true,false,false,2
27267,웹프로그래밍,컴퓨터과학부 컴퓨터과학전공,자연과학대학,programming-basic-syntax,프로그래밍 기초 문법,,,,0.78,learning_objective_clean|main_textbook_clean,alias,,true,false,false,2
27267,웹프로그래밍,컴퓨터과학부 컴퓨터과학전공,자연과학대학,java,Java,,,,0.7,learning_objective_clean,alias,,true,false,false,1
27269,웹프로그래밍실습,컴퓨터과학부 컴퓨터과학전공,자연과학대학,programming,프로그래밍,,,,1.0,course_name_clean|learning_objective_clean|main_textbook_clean,topic_name,,true,false,true,3
27269,웹프로그래밍실습,컴퓨터과학부 컴퓨터과학전공,자연과학대학,javascript,JavaScript,,,,0.78,learning_objective_clean|main_textbook_clean,alias|topic_name,,true,false,false,2
27269,웹프로그래밍실습,컴퓨터과학부 컴퓨터과학전공,자연과학대학,programming-basic-syntax,프로그래밍 기초 문법,,,,0.78,learning_objective_clean|main_textbook_clean,alias,,true,false,false,2
27269,웹프로그래밍실습,컴퓨터과학부 컴퓨터과학전공,자연과학대학,java,Java,,,,0.7,learning_objective_clean,alias,,true,false,false,1
27270,웹프로그래밍실습,컴퓨터과학부 컴퓨터과학전공,자연과학대학,programming,프로그래밍,,,,1.0,course_name_clean|learning_objective_clean|main_textbook_clean,topic_name,,true,false,true,3
27270,웹프로그래밍실습,컴퓨터과학부 컴퓨터과학전공,자연과학대학,javascript,JavaScript,,,,0.78,learning_objective_clean|main_textbook_clean,alias|topic_name,,true,false,false,2
27270,웹프로그래밍실습,컴퓨터과학부 컴퓨터과학전공,자연과학대학,programming-basic-syntax,프로그래밍 기초 문법,,,,0.78,learning_objective_clean|main_textbook_clean,alias,,true,false,false,2
27270,웹프로그래밍실습,컴퓨터과학부 컴퓨터과학전공,자연과학대학,java,Java,,,,0.7,learning_objective_clean,alias,,true,false,false,1
27271,인공지능,컴퓨터과학부 컴퓨터과학전공,자연과학대학,artificial-intelligence,인공지능,,,,1.0,course_name_clean|learning_objective_clean|main_textbook_clean,topic_name,,true,false,true,3
27271,인공지능,컴퓨터과학부 컴퓨터과학전공,자연과학대학,,,신경망,deep-learning,3,0.8,learning_objective_clean,depth3_candidate,,false,true,false,1
27271,인공지능,컴퓨터과학부 컴퓨터과학전공,자연과학대학,deep-learning,딥러닝,,,,0.8,learning_objective_clean,topic_name,,true,false,false,1
27271,인공지능,컴퓨터과학부 컴퓨터과학전공,자연과학대학,testing,테스트,,,,0.8,learning_objective_clean,topic_name,,true,false,false,1
27271,인공지능,컴퓨터과학부 컴퓨터과학전공,자연과학대학,machine-learning,머신러닝,,,,0.75,learning_objective_clean,alias,,true,false,false,1
27281,데이터베이스,컴퓨터과학부 컴퓨터과학전공,자연과학대학,database,데이터베이스,,,,1.0,course_name_clean|learning_objective_clean|main_textbook_clean,topic_name,,true,false,true,3
27281,데이터베이스,컴퓨터과학부 컴퓨터과학전공,자연과학대학,database-design,데이터베이스 설계,,,,0.8,learning_objective_clean,topic_name,,true,false,false,1
27281,데이터베이스,컴퓨터과학부 컴퓨터과학전공,자연과학대학,sql,SQL,,,,0.8,learning_objective_clean,topic_name,,true,false,false,1
27283,데이터베이스실습,컴퓨터과학부 컴퓨터과학전공,자연과학대학,database,데이터베이스,,,,1.0,course_name_clean|learning_objective_clean|main_textbook_clean,topic_name,,true,false,true,3
27283,데이터베이스실습,컴퓨터과학부 컴퓨터과학전공,자연과학대학,database-design,데이터베이스 설계,,,,0.8,learning_objective_clean,topic_name,,true,false,false,1
27283,데이터베이스실습,컴퓨터과학부 컴퓨터과학전공,자연과학대학,sql,SQL,,,,0.8,learning_objective_clean,topic_name,,true,false,false,1
27285,컴퓨터네트워크,컴퓨터과학부 컴퓨터과학전공,자연과학대학,networks,네트워크,,,,1.0,course_name_clean|learning_objective_clean,alias|topic_name,,true,false,true,4
27285,컴퓨터네트워크,컴퓨터과학부 컴퓨터과학전공,자연과학대학,,,OSI 7계층,networks,3,0.8,learning_objective_clean,depth3_candidate,,false,true,false,2
27285,컴퓨터네트워크,컴퓨터과학부 컴퓨터과학전공,자연과학대학,,,프로토콜,networks,3,0.8,learning_objective_clean,depth3_candidate,,false,true,false,1
27285,컴퓨터네트워크,컴퓨터과학부 컴퓨터과학전공,자연과학대학,programming,프로그래밍,,,,0.8,learning_objective_clean,topic_name,,true,false,false,1
27288,이산수학,컴퓨터과학부 컴퓨터과학전공,자연과학대학,discrete-mathematics,이산수학,,,,1.0,course_name_clean|learning_objective_clean|main_textbook_clean,topic_name,,true,false,true,3
27296,빅데이터,컴퓨터과학부 컴퓨터과학전공,자연과학대학,python,Python,,,,0.83,learning_objective_clean|main_textbook_clean,alias|topic_name,,true,false,false,2
27296,빅데이터,컴퓨터과학부 컴퓨터과학전공,자연과학대학,data-analysis,데이터 분석,,,,0.8,learning_objective_clean,topic_name,,true,false,false,1
27296,빅데이터,컴퓨터과학부 컴퓨터과학전공,자연과학대학,machine-learning,머신러닝,,,,0.78,learning_objective_clean|main_textbook_clean,alias|topic_name,,true,false,false,2
27304,영상처리,컴퓨터과학부 컴퓨터과학전공,자연과학대학,data-preprocessing,데이터 전처리,,,,0.7,learning_objective_clean,alias,,true,false,false,1
27304,영상처리,컴퓨터과학부 컴퓨터과학전공,자연과학대학,programming,프로그래밍,,,,0.68,prerequisite_material_clean,topic_name,prerequisite,true,false,false,1
27304,영상처리,컴퓨터과학부 컴퓨터과학전공,자연과학대학,oop,객체지향 프로그래밍,,,,0.65,prerequisite_material_clean,alias,prerequisite,true,false,false,1
27313,소프트웨어설계PBL,컴퓨터과학부 컴퓨터과학전공,자연과학대학,documentation,문서화,,,,0.78,learning_objective_clean|main_textbook_clean,alias|topic_name,,true,false,false,2
27317,C프로그래밍,컴퓨터과학부 컴퓨터과학전공,자연과학대학,programming,프로그래밍,,,,1.0,course_name_clean|learning_objective_clean,topic_name,,true,false,true,2
27317,C프로그래밍,컴퓨터과학부 컴퓨터과학전공,자연과학대학,c-language,C언어,,,,0.83,learning_objective_clean|main_textbook_clean,alias|topic_name,,true,false,false,4
27317,C프로그래밍,컴퓨터과학부 컴퓨터과학전공,자연과학대학,,,배열,data-structures,3,0.8,learning_objective_clean,depth3_candidate,,false,true,false,1
27317,C프로그래밍,컴퓨터과학부 컴퓨터과학전공,자연과학대학,,,입출력,programming-basic-syntax,3,0.8,learning_objective_clean,depth3_candidate,,false,true,false,1
27317,C프로그래밍,컴퓨터과학부 컴퓨터과학전공,자연과학대학,,,함수,programming-basic-syntax,3,0.8,learning_objective_clean,depth3_candidate,,false,true,false,1
27317,C프로그래밍,컴퓨터과학부 컴퓨터과학전공,자연과학대학,problem-solving-coding-basics,문제 해결과 코딩 기초,,,,0.75,learning_objective_clean,alias,,true,false,false,1
27319,C프로그래밍실습,컴퓨터과학부 컴퓨터과학전공,자연과학대학,programming,프로그래밍,,,,1.0,course_name_clean|learning_objective_clean,topic_name,,true,false,true,2
27319,C프로그래밍실습,컴퓨터과학부 컴퓨터과학전공,자연과학대학,c-language,C언어,,,,0.83,learning_objective_clean|main_textbook_clean,alias|topic_name,,true,false,false,4
27319,C프로그래밍실습,컴퓨터과학부 컴퓨터과학전공,자연과학대학,,,배열,data-structures,3,0.8,learning_objective_clean,depth3_candidate,,false,true,false,1
27319,C프로그래밍실습,컴퓨터과학부 컴퓨터과학전공,자연과학대학,,,입출력,programming-basic-syntax,3,0.8,learning_objective_clean,depth3_candidate,,false,true,false,1
27319,C프로그래밍실습,컴퓨터과학부 컴퓨터과학전공,자연과학대학,,,함수,programming-basic-syntax,3,0.8,learning_objective_clean,depth3_candidate,,false,true,false,1
27319,C프로그래밍실습,컴퓨터과학부 컴퓨터과학전공,자연과학대학,problem-solving-coding-basics,문제 해결과 코딩 기초,,,,0.75,learning_objective_clean,alias,,true,false,false,1
27323,객체지향프로그래밍,컴퓨터과학부 컴퓨터과학전공,자연과학대학,operating-systems,운영체제,,,,0.8,learning_objective_clean,topic_name,,true,false,false,1
27323,객체지향프로그래밍,컴퓨터과학부 컴퓨터과학전공,자연과학대학,programming,프로그래밍,,,,1.0,course_name_clean|learning_objective_clean|prerequisite_material_clean,topic_name,prerequisite,true,false,true,3
27323,객체지향프로그래밍,컴퓨터과학부 컴퓨터과학전공,자연과학대학,oop,객체지향 프로그래밍,,,,0.93,course_name_clean|prerequisite_material_clean,alias|topic_name,prerequisite,true,false,true,4
27323,객체지향프로그래밍,컴퓨터과학부 컴퓨터과학전공,자연과학대학,c-language,C언어,,,,0.68,prerequisite_material_clean,alias|topic_name,prerequisite,true,false,false,2
27326,컴퓨터구조,컴퓨터과학부 컴퓨터과학전공,자연과학대학,computer-architecture,컴퓨터구조,,,,0.95,course_name_clean,topic_name,,true,false,true,1
27326,컴퓨터구조,컴퓨터과학부 컴퓨터과학전공,자연과학대학,,,입출력,programming-basic-syntax,3,0.8,learning_objective_clean,depth3_candidate,,false,true,false,1
27330,Java프로그래밍,컴퓨터과학부 컴퓨터과학전공,자연과학대학,java,Java,,,,1.0,course_name_clean|learning_objective_clean|main_textbook_clean,alias|topic_name,,true,false,true,3
27330,Java프로그래밍,컴퓨터과학부 컴퓨터과학전공,자연과학대학,oop,객체지향 프로그래밍,,,,0.75,learning_objective_clean,alias,,true,false,false,1
27330,Java프로그래밍,컴퓨터과학부 컴퓨터과학전공,자연과학대학,programming,프로그래밍,,,,1.0,course_name_clean|learning_objective_clean|main_textbook_clean|prerequisite_material_clean,topic_name,prerequisite,true,false,true,4
27331,Java프로그래밍실습,컴퓨터과학부 컴퓨터과학전공,자연과학대학,java,Java,,,,1.0,course_name_clean|learning_objective_clean|main_textbook_clean,alias|topic_name,,true,false,true,3
27331,Java프로그래밍실습,컴퓨터과학부 컴퓨터과학전공,자연과학대학,programming,프로그래밍,,,,1.0,course_name_clean|learning_objective_clean|main_textbook_clean|prerequisite_material_clean,topic_name,prerequisite,true,false,true,4
27333,자료구조,컴퓨터과학부 컴퓨터과학전공,자연과학대학,data-structures,자료구조,,,,1.0,course_name_clean|learning_objective_clean|main_textbook_clean,topic_name,,true,false,true,3
27333,자료구조,컴퓨터과학부 컴퓨터과학전공,자연과학대학,c-language,C언어,,,,0.5,main_textbook_clean,alias|topic_name,,true,false,false,2
27333,자료구조,컴퓨터과학부 컴퓨터과학전공,자연과학대학,python,Python,,,,0.45,main_textbook_clean,alias,,true,false,false,1
27336,프로그래밍언어론,컴퓨터과학부 컴퓨터과학전공,자연과학대학,programming,프로그래밍,,,,1.0,course_name_clean|learning_objective_clean|main_textbook_clean,topic_name,,true,false,true,3
27336,프로그래밍언어론,컴퓨터과학부 컴퓨터과학전공,자연과학대학,,,자료형,programming-basic-syntax,3,0.8,learning_objective_clean,depth3_candidate,,false,true,false,1
27336,프로그래밍언어론,컴퓨터과학부 컴퓨터과학전공,자연과학대학,oop,객체지향 프로그래밍,,,,0.75,learning_objective_clean,alias,,true,false,false,1
27336,프로그래밍언어론,컴퓨터과학부 컴퓨터과학전공,자연과학대학,java,Java,,,,0.68,prerequisite_material_clean,topic_name,prerequisite,true,false,false,1
27336,프로그래밍언어론,컴퓨터과학부 컴퓨터과학전공,자연과학대학,python,Python,,,,0.68,prerequisite_material_clean,topic_name,prerequisite,true,false,false,1
27337,운영체제,컴퓨터과학부 컴퓨터과학전공,자연과학대학,operating-systems,운영체제,,,,1.0,course_name_clean|learning_objective_clean|main_textbook_clean,topic_name,,true,false,true,3
27337,운영체제,컴퓨터과학부 컴퓨터과학전공,자연과학대학,computer-architecture,컴퓨터구조,,,,0.68,prerequisite_material_clean,topic_name,prerequisite,true,false,false,1
27337,운영체제,컴퓨터과학부 컴퓨터과학전공,자연과학대학,data-structures,자료구조,,,,0.68,prerequisite_material_clean,topic_name,prerequisite,true,false,false,1
27341,알고리즘,컴퓨터과학부 컴퓨터과학전공,자연과학대학,algorithms,알고리즘,,,,1.0,course_name_clean|learning_objective_clean|main_textbook_clean,topic_name,,true,false,true,3
27348,기계학습,컴퓨터과학부 컴퓨터과학전공,자연과학대학,machine-learning,머신러닝,,,,0.9,course_name_clean,alias,,true,false,true,1
27603,C언어실습,컴퓨터과학부 컴퓨터소프트웨어전공,자연과학대학,c-language,C언어,,,,1.0,course_name_clean|learning_objective_clean|main_textbook_clean,alias|topic_name,,true,false,true,6
27603,C언어실습,컴퓨터과학부 컴퓨터소프트웨어전공,자연과학대학,programming,프로그래밍,,,,0.8,learning_objective_clean,topic_name,,true,false,false,1
27611,웹프로그래밍실습,컴퓨터과학부 컴퓨터소프트웨어전공,자연과학대학,programming,프로그래밍,,,,0.98,course_name_clean|main_textbook_clean,topic_name,,true,false,true,2
27611,웹프로그래밍실습,컴퓨터과학부 컴퓨터소프트웨어전공,자연과학대학,javascript,JavaScript,,,,0.78,learning_objective_clean|main_textbook_clean,alias,,true,false,false,2
27611,웹프로그래밍실습,컴퓨터과학부 컴퓨터소프트웨어전공,자연과학대학,java,Java,,,,0.73,learning_objective_clean|main_textbook_clean,alias,,true,false,false,2
27611,웹프로그래밍실습,컴퓨터과학부 컴퓨터소프트웨어전공,자연과학대학,server-basics,서버 기초,,,,0.7,learning_objective_clean,alias,,true,false,false,1
27615,확률과통계,컴퓨터과학부 컴퓨터소프트웨어전공,자연과학대학,probability-statistics,확률과 통계,,,,0.83,learning_objective_clean|main_textbook_clean,alias|topic_name,,true,false,false,2
27615,확률과통계,컴퓨터과학부 컴퓨터소프트웨어전공,자연과학대학,,,변수,programming-basic-syntax,3,0.8,learning_objective_clean,depth3_candidate,,false,true,false,1
27615,확률과통계,컴퓨터과학부 컴퓨터소프트웨어전공,자연과학대학,,,확률분포,probability-statistics,3,0.8,learning_objective_clean,depth3_candidate,,false,true,false,1
27885,인공지능을위한선형대수학,조선해양공학과,해양과학대학,linear-algebra,선형대수,,,,0.98,course_name_clean|main_textbook_clean,alias|topic_name,,true,false,true,4
27885,인공지능을위한선형대수학,조선해양공학과,해양과학대학,artificial-intelligence,인공지능,,,,0.95,course_name_clean,topic_name,,true,false,true,1
27889,인공지능기초및활용,조선해양공학과,해양과학대학,artificial-intelligence,인공지능,,,,0.95,course_name_clean,alias|topic_name,,true,false,true,2
28545,프로그래밍기초,지능형통신공학과,해양과학대학,programming,프로그래밍,,,,0.95,course_name_clean,topic_name,,true,false,true,1
28546,회로이론,지능형통신공학과,해양과학대학,algorithms,알고리즘,,,,0.8,learning_objective_clean,topic_name,,true,false,false,1
28546,회로이론,지능형통신공학과,해양과학대학,artificial-intelligence,인공지능,,,,0.8,learning_objective_clean,topic_name,,true,false,false,1
28546,회로이론,지능형통신공학과,해양과학대학,calculus,미적분,,,,0.8,learning_objective_clean,topic_name,,true,false,false,1
28546,회로이론,지능형통신공학과,해양과학대학,linear-algebra,선형대수,,,,0.8,learning_objective_clean,topic_name,,true,false,false,1
28548,이산수학,지능형통신공학과,해양과학대학,discrete-mathematics,이산수학,,,,1.0,course_name_clean|learning_objective_clean|main_textbook_clean,topic_name,,true,false,true,3
28548,이산수학,지능형통신공학과,해양과학대학,algorithms,알고리즘,,,,0.8,learning_objective_clean,topic_name,,true,false,false,1
28549,선형대수,지능형통신공학과,해양과학대학,linear-algebra,선형대수,,,,0.98,course_name_clean|main_textbook_clean,alias|topic_name,,true,false,true,3
28549,선형대수,지능형통신공학과,해양과학대학,,,대각화,linear-algebra,3,0.8,learning_objective_clean,depth3_candidate,,false,true,false,1
28549,선형대수,지능형통신공학과,해양과학대학,,,벡터,linear-algebra,3,0.8,learning_objective_clean,depth3_candidate,,false,true,false,1
28549,선형대수,지능형통신공학과,해양과학대학,,,행렬,linear-algebra,3,0.8,learning_objective_clean,depth3_candidate,,false,true,false,1
28555,공학수학,지능형통신공학과,해양과학대학,,,변수,programming-basic-syntax,3,0.8,learning_objective_clean,depth3_candidate,,false,true,false,1
28555,공학수학,지능형통신공학과,해양과학대학,linear-algebra,선형대수,,,,0.8,learning_objective_clean,topic_name,,true,false,false,1
28556,정보보안,지능형통신공학과,해양과학대학,networks,네트워크,,,,0.8,learning_objective_clean,topic_name,,true,false,false,1
28556,정보보안,지능형통신공학과,해양과학대학,authentication-authorization,인증과 인가,,,,0.7,learning_objective_clean,alias,,true,false,false,1
28557,프로그래밍응용,지능형통신공학과,해양과학대학,programming,프로그래밍,,,,0.95,course_name_clean,topic_name,,true,false,true,1
28557,프로그래밍응용,지능형통신공학과,해양과학대학,c-language,C언어,,,,0.5,main_textbook_clean,alias|topic_name,,true,false,false,2
28558,파이썬프로그래밍,지능형통신공학과,해양과학대학,programming,프로그래밍,,,,1.0,course_name_clean|learning_objective_clean,topic_name,,true,false,true,2
28558,파이썬프로그래밍,지능형통신공학과,해양과학대학,python,Python,,,,0.95,course_name_clean|learning_objective_clean|main_textbook_clean,alias,,true,false,true,3
28560,자료구조,지능형통신공학과,해양과학대학,data-structures,자료구조,,,,1.0,course_name_clean|learning_objective_clean|main_textbook_clean,topic_name,,true,false,true,3
28560,자료구조,지능형통신공학과,해양과학대학,algorithms,알고리즘,,,,0.83,learning_objective_clean|main_textbook_clean,topic_name,,true,false,false,2
28560,자료구조,지능형통신공학과,해양과학대학,programming,프로그래밍,,,,0.8,learning_objective_clean,topic_name,,true,false,false,1
28560,자료구조,지능형통신공학과,해양과학대학,python,Python,,,,0.73,learning_objective_clean|main_textbook_clean,alias|topic_name,,true,false,false,3
28562,확률및랜덤변수,지능형통신공학과,해양과학대학,,,변수,programming-basic-syntax,3,0.93,course_name_clean|learning_objective_clean,depth3_candidate,,false,true,false,3
28566,인공지능개론,지능형통신공학과,해양과학대학,artificial-intelligence,인공지능,,,,0.98,course_name_clean|main_textbook_clean,topic_name,,true,false,true,2
28566,인공지능개론,지능형통신공학과,해양과학대학,,,신경망,deep-learning,3,0.8,learning_objective_clean,depth3_candidate,,false,true,false,1
28566,인공지능개론,지능형통신공학과,해양과학대학,python,Python,,,,0.45,main_textbook_clean,alias,,true,false,false,1
28568,정보보안실습,지능형통신공학과,해양과학대학,networks,네트워크,,,,0.83,learning_objective_clean|main_textbook_clean,topic_name,,true,false,false,2
28568,정보보안실습,지능형통신공학과,해양과학대학,,,인터넷,networks,3,0.8,learning_objective_clean,depth3_candidate,,false,true,false,1
28568,정보보안실습,지능형통신공학과,해양과학대학,database,데이터베이스,,,,0.8,learning_objective_clean,topic_name,,true,false,false,1
28568,정보보안실습,지능형통신공학과,해양과학대학,operating-systems,운영체제,,,,0.8,learning_objective_clean,topic_name,,true,false,false,1
28568,정보보안실습,지능형통신공학과,해양과학대학,programming,프로그래밍,,,,0.8,learning_objective_clean,topic_name,,true,false,false,1
28569,객체지향프로그래밍,지능형통신공학과,해양과학대학,programming,프로그래밍,,,,0.95,course_name_clean,topic_name,,true,false,true,1
28569,객체지향프로그래밍,지능형통신공학과,해양과학대학,oop,객체지향 프로그래밍,,,,0.9,course_name_clean,alias,,true,false,true,1
28571,컴퓨터네트워크,지능형통신공학과,해양과학대학,networks,네트워크,,,,0.95,course_name_clean,alias|topic_name,,true,false,true,2
28571,컴퓨터네트워크,지능형통신공학과,해양과학대학,,,DNS,networks,3,0.8,learning_objective_clean,depth3_candidate,,false,true,false,1
28571,컴퓨터네트워크,지능형통신공학과,해양과학대학,,,HTTP,networks,3,0.8,learning_objective_clean,depth3_candidate,,false,true,false,1
28571,컴퓨터네트워크,지능형통신공학과,해양과학대학,,,TCP/IP,networks,3,0.8,learning_objective_clean,depth3_candidate,,false,true,false,1
28571,컴퓨터네트워크,지능형통신공학과,해양과학대학,,,인터넷,networks,3,0.8,learning_objective_clean,depth3_candidate,,false,true,false,1
28576,머신러닝,지능형통신공학과,해양과학대학,machine-learning,머신러닝,,,,1.0,course_name_clean|learning_objective_clean|main_textbook_clean,alias|topic_name,,true,false,true,4
28576,머신러닝,지능형통신공학과,해양과학대학,,,신경망,deep-learning,3,0.8,learning_objective_clean,depth3_candidate,,false,true,false,1
28576,머신러닝,지능형통신공학과,해양과학대학,algorithms,알고리즘,,,,0.8,learning_objective_clean,topic_name,,true,false,false,1
28576,머신러닝,지능형통신공학과,해양과학대학,artificial-intelligence,인공지능,,,,0.8,learning_objective_clean,topic_name,,true,false,false,1
28576,머신러닝,지능형통신공학과,해양과학대학,data-analysis,데이터 분석,,,,0.8,learning_objective_clean,topic_name,,true,false,false,1
28576,머신러닝,지능형통신공학과,해양과학대학,programming,프로그래밍,,,,0.8,learning_objective_clean,topic_name,,true,false,false,1
28576,머신러닝,지능형통신공학과,해양과학대학,programming-basic-syntax,프로그래밍 기초 문법,,,,0.75,learning_objective_clean,alias,,true,false,false,1
28591,모바일프로그래밍,지능형통신공학과,해양과학대학,programming,프로그래밍,,,,1.0,course_name_clean|learning_objective_clean|main_textbook_clean,topic_name,,true,false,true,3
28591,모바일프로그래밍,지능형통신공학과,해양과학대학,java,Java,,,,0.83,learning_objective_clean|main_textbook_clean,alias|topic_name,,true,false,false,3
28591,모바일프로그래밍,지능형통신공학과,해양과학대학,oop,객체지향 프로그래밍,,,,0.75,learning_objective_clean,alias,,true,false,false,1
28591,모바일프로그래밍,지능형통신공학과,해양과학대학,data-visualization,데이터 시각화,,,,0.7,learning_objective_clean,alias,,true,false,false,1
28595,모바일네트워크,지능형통신공학과,해양과학대학,networks,네트워크,,,,0.95,course_name_clean,topic_name,,true,false,true,1
28598,임베디드시스템프로그래밍,지능형통신공학과,해양과학대학,programming,프로그래밍,,,,0.95,course_name_clean,topic_name,,true,false,true,1
28598,임베디드시스템프로그래밍,지능형통신공학과,해양과학대학,python,Python,,,,0.8,learning_objective_clean,topic_name,,true,false,false,1
28601,디지털시스템설계,지능형통신공학과,해양과학대학,linear-algebra,선형대수,,,,0.8,learning_objective_clean,alias|topic_name,,true,false,false,2
28601,디지털시스템설계,지능형통신공학과,해양과학대학,,,행렬,linear-algebra,3,0.8,learning_objective_clean,depth3_candidate,,false,true,false,1
28601,디지털시스템설계,지능형통신공학과,해양과학대학,optimization,최적화,,,,0.8,learning_objective_clean,topic_name,,true,false,false,1
28601,디지털시스템설계,지능형통신공학과,해양과학대학,problem-solving-coding-basics,문제 해결과 코딩 기초,,,,0.75,learning_objective_clean,alias,,true,false,false,1
28603,컴퓨터구조,지능형통신공학과,해양과학대학,computer-architecture,컴퓨터구조,,,,1.0,course_name_clean|learning_objective_clean|main_textbook_clean,alias|topic_name,,true,false,true,4
28610,영상처리및패턴인식,지능형통신공학과,해양과학대학,python,Python,,,,0.7,learning_objective_clean,alias,,true,false,false,1
28614,고급인공지능창의융합PBL,지능형통신공학과,해양과학대학,artificial-intelligence,인공지능,,,,0.95,course_name_clean,topic_name,,true,false,true,1
28614,고급인공지능창의융합PBL,지능형통신공학과,해양과학대학,requirements-analysis,요구사항 분석,,,,0.75,learning_objective_clean,alias,,true,false,false,1
28803,인공지능개론,EMobility,융합전공,artificial-intelligence,인공지능,,,,0.95,course_name_clean,topic_name,,true,false,true,1
28803,인공지능개론,EMobility,융합전공,,,CNN,deep-learning,3,0.8,learning_objective_clean,depth3_candidate,,false,true,false,1
28803,인공지능개론,EMobility,융합전공,,,RNN,deep-learning,3,0.8,learning_objective_clean,depth3_candidate,,false,true,false,1
28803,인공지능개론,EMobility,융합전공,algorithms,알고리즘,,,,0.8,learning_objective_clean,topic_name,,true,false,false,1
28803,인공지능개론,EMobility,융합전공,deep-learning,딥러닝,,,,0.8,learning_objective_clean,topic_name,,true,false,false,1
28803,인공지능개론,EMobility,융합전공,machine-learning,머신러닝,,,,0.75,learning_objective_clean,alias,,true,false,false,1
28877,웹크롤러개발,데이터사이언스학,융합전공,data-collection,데이터 수집,,,,0.8,learning_objective_clean,topic_name,,true,false,false,1
28877,웹크롤러개발,데이터사이언스학,융합전공,java,Java,,,,0.8,learning_objective_clean,topic_name,,true,false,false,1
28877,웹크롤러개발,데이터사이언스학,융합전공,data-visualization,데이터 시각화,,,,0.7,learning_objective_clean,alias,,true,false,false,1
28879,자료구조,데이터사이언스학,융합전공,data-structures,자료구조,,,,1.0,course_name_clean|learning_objective_clean|main_textbook_clean,alias|topic_name,,true,false,true,3
28879,자료구조,데이터사이언스학,융합전공,,,해시,data-structures,3,0.8,learning_objective_clean,depth3_candidate,,false,true,false,2
28879,자료구조,데이터사이언스학,융합전공,,,리스트,data-structures,3,0.8,learning_objective_clean,depth3_candidate,,false,true,false,1
28879,자료구조,데이터사이언스학,융합전공,,,배열,data-structures,3,0.8,learning_objective_clean,depth3_candidate,,false,true,false,1
28879,자료구조,데이터사이언스학,융합전공,,,스택,data-structures,3,0.8,learning_objective_clean,depth3_candidate,,false,true,false,1
28879,자료구조,데이터사이언스학,융합전공,,,큐,data-structures,3,0.8,learning_objective_clean,depth3_candidate,,false,true,false,1
28879,자료구조,데이터사이언스학,융합전공,,,트리,data-structures,3,0.8,learning_objective_clean,depth3_candidate,,false,true,false,1
28879,자료구조,데이터사이언스학,융합전공,python,Python,,,,0.45,main_textbook_clean,alias,,true,false,false,1
28882,데이터베이스,데이터사이언스학,융합전공,database,데이터베이스,,,,0.98,course_name_clean|main_textbook_clean,topic_name,,true,false,true,2
28882,데이터베이스,데이터사이언스학,융합전공,statistical-analysis,통계 분석,,,,0.5,main_textbook_clean,alias,,true,false,false,1
28884,딥러닝,데이터사이언스학,융합전공,deep-learning,딥러닝,,,,1.0,course_name_clean|learning_objective_clean|main_textbook_clean,topic_name,,true,false,true,3
28884,딥러닝,데이터사이언스학,융합전공,,,신경망,deep-learning,3,0.8,learning_objective_clean,depth3_candidate,,false,true,false,1
28884,딥러닝,데이터사이언스학,융합전공,artificial-intelligence,인공지능,,,,0.8,learning_objective_clean,topic_name,,true,false,false,1
28884,딥러닝,데이터사이언스학,융합전공,machine-learning,머신러닝,,,,0.75,learning_objective_clean,alias,,true,false,false,1
28885,빅데이터개론,데이터사이언스학,융합전공,data-analysis,데이터 분석,,,,0.83,learning_objective_clean|main_textbook_clean,topic_name,,true,false,false,2
28885,빅데이터개론,데이터사이언스학,융합전공,,,분류,machine-learning,3,0.8,learning_objective_clean,depth3_candidate,,false,true,false,1
28885,빅데이터개론,데이터사이언스학,융합전공,,,탐색,algorithms,3,0.8,learning_objective_clean,depth3_candidate,,false,true,false,1
28885,빅데이터개론,데이터사이언스학,융합전공,,,회귀,machine-learning,3,0.8,learning_objective_clean,depth3_candidate,,false,true,false,1
28885,빅데이터개론,데이터사이언스학,융합전공,programming,프로그래밍,,,,0.8,learning_objective_clean,topic_name,,true,false,false,1
28885,빅데이터개론,데이터사이언스학,융합전공,python,Python,,,,0.73,learning_objective_clean|main_textbook_clean,alias,,true,false,false,2
28885,빅데이터개론,데이터사이언스학,융합전공,data-visualization,데이터 시각화,,,,0.7,learning_objective_clean,alias,,true,false,false,1
28888,프로그래밍기초,데이터사이언스학,융합전공,programming,프로그래밍,,,,1.0,course_name_clean|learning_objective_clean,topic_name,,true,false,true,2
28888,프로그래밍기초,데이터사이언스학,융합전공,python,Python,,,,0.73,learning_objective_clean|main_textbook_clean,alias,,true,false,false,2
28891,기초통계학,데이터사이언스학,융합전공,probability-statistics,확률과 통계,,,,0.93,course_name_clean|learning_objective_clean,alias,,true,false,true,2
28891,기초통계학,데이터사이언스학,융합전공,python,Python,,,,0.7,learning_objective_clean,alias,,true,false,false,1
28893,데이터마이닝,데이터사이언스학,융합전공,data-analysis,데이터 분석,,,,0.8,learning_objective_clean,topic_name,,true,false,false,1
28893,데이터마이닝,데이터사이언스학,융합전공,deployment,배포,,,,0.5,main_textbook_clean,topic_name,,true,false,false,1
28962,빅데이터와인공지능,미래모빌리티,융합전공,artificial-intelligence,인공지능,,,,1.0,course_name_clean|learning_objective_clean,topic_name,,true,false,true,2
28962,빅데이터와인공지능,미래모빌리티,융합전공,data-analysis,데이터 분석,,,,0.83,learning_objective_clean|main_textbook_clean,topic_name,,true,false,false,2
28962,빅데이터와인공지능,미래모빌리티,융합전공,machine-learning,머신러닝,,,,0.83,learning_objective_clean|main_textbook_clean,topic_name,,true,false,false,2
28962,빅데이터와인공지능,미래모빌리티,융합전공,algorithms,알고리즘,,,,0.8,learning_objective_clean,topic_name,,true,false,false,1
28962,빅데이터와인공지능,미래모빌리티,융합전공,deep-learning,딥러닝,,,,0.8,learning_objective_clean,topic_name,,true,false,false,1
28962,빅데이터와인공지능,미래모빌리티,융합전공,problem-solving-coding-basics,문제 해결과 코딩 기초,,,,0.75,learning_objective_clean,alias,,true,false,false,1
28962,빅데이터와인공지능,미래모빌리티,융합전공,python,Python,,,,0.73,learning_objective_clean|main_textbook_clean,alias,,true,false,false,2
28962,빅데이터와인공지능,미래모빌리티,융합전공,data-visualization,데이터 시각화,,,,0.7,learning_objective_clean,alias,,true,false,false,1
29025,운영체제이해,스마트제조ICT,융합전공,operating-systems,운영체제,,,,1.0,course_name_clean|learning_objective_clean|main_textbook_clean,topic_name,,true,false,true,3
29025,운영체제이해,스마트제조ICT,융합전공,,,입출력,programming-basic-syntax,3,0.8,learning_objective_clean,depth3_candidate,,false,true,false,1
29036,컴퓨터비전,스마트제조ICT,융합전공,computer-vision,컴퓨터 비전,,,,1.0,course_name_clean|learning_objective_clean|main_textbook_clean,alias,,true,false,true,3
29036,컴퓨터비전,스마트제조ICT,융합전공,machine-learning,머신러닝,,,,0.5,main_textbook_clean,topic_name,,true,false,false,1
29072,이동로봇설계및응용,지능로봇,융합전공,,,탐색,algorithms,3,0.8,learning_objective_clean,depth3_candidate,,false,true,false,1
29077,로봇AI프로그래밍,지능로봇,융합전공,programming,프로그래밍,,,,1.0,course_name_clean|learning_objective_clean,topic_name,,true,false,true,2
29084,로봇비전시스템설계및응용,지능로봇,융합전공,c-language,C언어,,,,0.8,learning_objective_clean,alias|topic_name,,true,false,false,2
29098,지식재산빅데이터,지식재산학,융합전공,problem-solving-coding-basics,문제 해결과 코딩 기초,,,,0.75,learning_objective_clean,alias,,true,false,false,1
29098,지식재산빅데이터,지식재산학,융합전공,python,Python,,,,0.7,learning_objective_clean,alias,,true,false,false,1
29288,디지털전환시대의AI병법,교육혁신지원과,교육혁신처,artificial-intelligence,인공지능,,,,0.83,learning_objective_clean|main_textbook_clean,topic_name,,true,false,false,2
29288,디지털전환시대의AI병법,교육혁신지원과,교육혁신처,,,탐색,algorithms,3,0.8,learning_objective_clean,depth3_candidate,,false,true,false,1
29288,디지털전환시대의AI병법,교육혁신지원과,교육혁신처,problem-solving-coding-basics,문제 해결과 코딩 기초,,,,0.75,learning_objective_clean,alias,,true,false,false,1
29320,재미있게이해하는인공지능(AI)시대의주요이슈,교육혁신지원과,교육혁신처,artificial-intelligence,인공지능,,,,1.0,course_name_clean|learning_objective_clean|main_textbook_clean,topic_name,,true,false,true,3
29320,재미있게이해하는인공지능(AI)시대의주요이슈,교육혁신지원과,교육혁신처,,,인터넷,networks,3,0.8,learning_objective_clean,depth3_candidate,,false,true,false,1
29320,재미있게이해하는인공지능(AI)시대의주요이슈,교육혁신지원과,교육혁신처,data-analysis,데이터 분석,,,,0.8,learning_objective_clean,topic_name,,true,false,false,1
29508,빅데이터공학,기계융합공학과,본부대학Ⅰ,,,분류,machine-learning,3,0.8,learning_objective_clean,depth3_candidate,,false,true,false,1
29508,빅데이터공학,기계융합공학과,본부대학Ⅰ,,,입출력,programming-basic-syntax,3,0.8,learning_objective_clean,depth3_candidate,,false,true,false,1
29508,빅데이터공학,기계융합공학과,본부대학Ⅰ,networks,네트워크,,,,0.8,learning_objective_clean,topic_name,,true,false,false,1
29508,빅데이터공학,기계융합공학과,본부대학Ⅰ,problem-solving-coding-basics,문제 해결과 코딩 기초,,,,0.75,learning_objective_clean,alias,,true,false,false,1
29508,빅데이터공학,기계융합공학과,본부대학Ⅰ,artificial-intelligence,인공지능,,,,0.5,main_textbook_clean,topic_name,,true,false,false,1
29508,빅데이터공학,기계융합공학과,본부대학Ⅰ,machine-learning,머신러닝,,,,0.5,main_textbook_clean,topic_name,,true,false,false,1
29542,인공지능,기계융합공학과,본부대학Ⅰ,artificial-intelligence,인공지능,,,,1.0,course_name_clean|learning_objective_clean,topic_name,,true,false,true,2
29542,인공지능,기계융합공학과,본부대학Ⅰ,machine-learning,머신러닝,,,,0.5,main_textbook_clean,topic_name,,true,false,false,1
29880,데이터베이스관리,경영학과,경영대학,database,데이터베이스,,,,1.0,course_name_clean|learning_objective_clean,topic_name,,true,false,true,2
29880,데이터베이스관리,경영학과,경영대학,data-modeling,데이터 모델링,,,,0.8,learning_objective_clean,topic_name,,true,false,false,1
29880,데이터베이스관리,경영학과,경영대학,database-design,데이터베이스 설계,,,,0.8,learning_objective_clean,topic_name,,true,false,false,1
29880,데이터베이스관리,경영학과,경영대학,sql,SQL,,,,0.8,learning_objective_clean,topic_name,,true,false,false,1
30405,머신러닝및AI기반모델링,항공우주공학과,공과대학,machine-learning,머신러닝,,,,1.0,course_name_clean|learning_objective_clean,topic_name,,true,false,true,2
30405,머신러닝및AI기반모델링,항공우주공학과,공과대학,linear-algebra,선형대수,,,,0.68,prerequisite_material_clean,topic_name,prerequisite,true,false,false,1
30405,머신러닝및AI기반모델링,항공우주공학과,공과대학,optimization,최적화,,,,0.68,prerequisite_material_clean,topic_name,prerequisite,true,false,false,1
30405,머신러닝및AI기반모델링,항공우주공학과,공과대학,probability-statistics,확률과 통계,,,,0.68,prerequisite_material_clean,topic_name,prerequisite,true,false,false,1
30947,프로그래밍언어,전기공학과,공과대학,programming,프로그래밍,,,,1.0,course_name_clean|learning_objective_clean|main_textbook_clean,topic_name,,true,false,true,3
30947,프로그래밍언어,전기공학과,공과대학,c-language,C언어,,,,0.83,learning_objective_clean|main_textbook_clean,alias|topic_name,,true,false,false,4
30947,프로그래밍언어,전기공학과,공과대학,algorithms,알고리즘,,,,0.8,learning_objective_clean,topic_name,,true,false,false,1
30947,프로그래밍언어,전기공학과,공과대학,programming-basic-syntax,프로그래밍 기초 문법,,,,0.78,learning_objective_clean|main_textbook_clean,alias,,true,false,false,2
30947,프로그래밍언어,전기공학과,공과대학,computer-vision,컴퓨터 비전,,,,0.5,main_textbook_clean,topic_name,,true,false,false,1
30953,컴퓨터구조,전기공학과,공과대학,computer-architecture,컴퓨터구조,,,,0.98,course_name_clean|main_textbook_clean,topic_name,,true,false,true,2
30953,컴퓨터구조,전기공학과,공과대학,,,인터넷,networks,3,0.8,learning_objective_clean,depth3_candidate,,false,true,false,1
30953,컴퓨터구조,전기공학과,공과대학,artificial-intelligence,인공지능,,,,0.8,learning_objective_clean,topic_name,,true,false,false,1
30958,제어공학(I),전기공학과,공과대학,programming,프로그래밍,,,,0.68,prerequisite_material_clean,topic_name,prerequisite,true,false,false,1
30966,제어공학(II),전기공학과,공과대학,algorithms,알고리즘,,,,0.8,learning_objective_clean,topic_name,,true,false,false,1
30966,제어공학(II),전기공학과,공과대학,programming,프로그래밍,,,,0.8,learning_objective_clean,topic_name,,true,false,false,1
30973,확률통계,전기공학과,공과대학,,,변수,programming-basic-syntax,3,0.8,learning_objective_clean,depth3_candidate,,false,true,false,1
30977,마이크로프로세서응용,전기공학과,공과대학,artificial-intelligence,인공지능,,,,0.8,learning_objective_clean,topic_name,,true,false,false,1
30978,수치해석,전기공학과,공과대학,numerical-analysis,수치해석,,,,1.0,course_name_clean|learning_objective_clean,topic_name,,true,false,true,2
30979,공학수학(II),전기공학과,공과대학,problem-solving-coding-basics,문제 해결과 코딩 기초,,,,0.75,learning_objective_clean,alias,,true,false,false,1
30981,공학설계과제(I),전기공학과,공과대학,problem-solving-coding-basics,문제 해결과 코딩 기초,,,,0.75,learning_objective_clean,alias,,true,false,false,1
30985,공학설계과제(I),전기공학과,공과대학,problem-solving-coding-basics,문제 해결과 코딩 기초,,,,0.75,learning_objective_clean,alias,,true,false,false,1
30986,공학설계과제(II),전기공학과,공과대학,problem-solving-coding-basics,문제 해결과 코딩 기초,,,,0.75,learning_objective_clean,alias,,true,false,false,1
31009,집적회로및시스템설계,전기공학과,공과대학,,,해시,data-structures,3,0.8,learning_objective_clean,depth3_candidate,,false,true,false,1
31010,컴퓨터네트워크,전기공학과,공과대학,networks,네트워크,,,,0.95,course_name_clean,alias|topic_name,,true,false,true,2
31010,컴퓨터네트워크,전기공학과,공과대학,,,인터넷,networks,3,0.8,learning_objective_clean,depth3_candidate,,false,true,false,1
31010,컴퓨터네트워크,전기공학과,공과대학,programming,프로그래밍,,,,0.68,prerequisite_material_clean,topic_name,prerequisite,true,false,false,1
31010,컴퓨터네트워크,전기공학과,공과대학,oop,객체지향 프로그래밍,,,,0.65,prerequisite_material_clean,alias,prerequisite,true,false,false,1
31011,머신러닝,전기공학과,공과대학,machine-learning,머신러닝,,,,1.0,course_name_clean|learning_objective_clean|main_textbook_clean,alias|topic_name,,true,false,true,3
31011,머신러닝,전기공학과,공과대학,artificial-intelligence,인공지능,,,,0.83,learning_objective_clean|main_textbook_clean,topic_name,,true,false,false,2
31011,머신러닝,전기공학과,공과대학,deep-learning,딥러닝,,,,0.83,learning_objective_clean|main_textbook_clean,topic_name,,true,false,false,2
31011,머신러닝,전기공학과,공과대학,,,신경망,deep-learning,3,0.8,learning_objective_clean,depth3_candidate,,false,true,false,1
31011,머신러닝,전기공학과,공과대학,algorithms,알고리즘,,,,0.8,learning_objective_clean,topic_name,,true,false,false,1
31011,머신러닝,전기공학과,공과대학,optimization,최적화,,,,0.8,learning_objective_clean,topic_name,,true,false,false,1
31011,머신러닝,전기공학과,공과대학,programming,프로그래밍,,,,0.68,prerequisite_material_clean,topic_name,prerequisite,true,false,false,1
31011,머신러닝,전기공학과,공과대학,python,Python,,,,0.68,prerequisite_material_clean,topic_name,prerequisite,true,false,false,1
31019,지능형로봇공학,전기공학과,공과대학,programming,프로그래밍,,,,0.68,prerequisite_material_clean,topic_name,prerequisite,true,false,false,1
31045,공학선형대수학,전자공학과,공과대학,linear-algebra,선형대수,,,,1.0,course_name_clean|learning_objective_clean,alias|topic_name,,true,false,true,4
31045,공학선형대수학,전자공학과,공과대학,,,고윳값과 고유벡터,linear-algebra,3,0.8,learning_objective_clean,depth3_candidate,,false,true,false,2
31045,공학선형대수학,전자공학과,공과대학,,,벡터,linear-algebra,3,0.8,learning_objective_clean,depth3_candidate,,false,true,false,1
31045,공학선형대수학,전자공학과,공과대학,,,벡터공간,linear-algebra,3,0.8,learning_objective_clean,depth3_candidate,,false,true,false,1
31045,공학선형대수학,전자공학과,공과대학,,,행렬,linear-algebra,3,0.8,learning_objective_clean,depth3_candidate,,false,true,false,1
31050,AI프로그래밍,전자공학과,공과대학,programming,프로그래밍,,,,1.0,course_name_clean|learning_objective_clean|main_textbook_clean,topic_name,,true,false,true,3
31050,AI프로그래밍,전자공학과,공과대학,artificial-intelligence,인공지능,,,,0.8,learning_objective_clean,topic_name,,true,false,false,1
31050,AI프로그래밍,전자공학과,공과대학,python,Python,,,,0.8,learning_objective_clean,topic_name,,true,false,false,1
31079,통신공학,전자공학과,공과대학,,,해시,data-structures,3,0.8,learning_objective_clean,depth3_candidate,,false,true,false,1
31080,통신공학,전자공학과,공과대학,,,해시,data-structures,3,0.8,learning_objective_clean,depth3_candidate,,false,true,false,1
31081,수치해석,전자공학과,공과대학,numerical-analysis,수치해석,,,,0.98,course_name_clean|main_textbook_clean,alias|topic_name,,true,false,true,3
31081,수치해석,전자공학과,공과대학,calculus,미적분,,,,0.68,prerequisite_material_clean,topic_name,prerequisite,true,false,false,1
31084,공학수학(II),전자공학과,공과대학,,,함수,programming-basic-syntax,3,0.8,learning_objective_clean,depth3_candidate,,false,true,false,1
31084,공학수학(II),전자공학과,공과대학,problem-solving-coding-basics,문제 해결과 코딩 기초,,,,0.75,learning_objective_clean,alias,,true,false,false,1
31138,SoC설계개론,전자공학과,공과대학,computer-architecture,컴퓨터구조,,,,0.65,prerequisite_material_clean,alias,prerequisite,true,false,false,1
31142,머신러닝을 위한 기초수학,전자공학과,공과대학,machine-learning,머신러닝,,,,1.0,course_name_clean|learning_objective_clean,alias|topic_name,,true,false,true,2
31142,머신러닝을 위한 기초수학,전자공학과,공과대학,algorithms,알고리즘,,,,0.8,learning_objective_clean,topic_name,,true,false,false,1
31142,머신러닝을 위한 기초수학,전자공학과,공과대학,linear-algebra,선형대수,,,,0.68,prerequisite_material_clean,topic_name,prerequisite,true,false,false,1
31143,머신러닝을 위한 기초수학,전자공학과,공과대학,machine-learning,머신러닝,,,,1.0,course_name_clean|learning_objective_clean,topic_name,,true,false,true,2
31143,머신러닝을 위한 기초수학,전자공학과,공과대학,artificial-intelligence,인공지능,,,,0.8,learning_objective_clean,topic_name,,true,false,false,1
31143,머신러닝을 위한 기초수학,전자공학과,공과대학,calculus,미적분,,,,0.8,learning_objective_clean,topic_name,,true,false,false,1
31143,머신러닝을 위한 기초수학,전자공학과,공과대학,optimization,최적화,,,,0.8,learning_objective_clean,topic_name,,true,false,false,1
31152,설계CAD실습,전자공학과,공과대학,programming,프로그래밍,,,,0.68,prerequisite_material_clean,topic_name,prerequisite,true,false,false,1
31309,이산수학(I),정보컴퓨터공학부,공과대학,discrete-mathematics,이산수학,,,,0.95,course_name_clean,topic_name,,true,false,true,1
31309,이산수학(I),정보컴퓨터공학부,공과대학,problem-solving-coding-basics,문제 해결과 코딩 기초,,,,0.75,learning_objective_clean,alias,,true,false,false,1
31310,이산수학(I),정보컴퓨터공학부,공과대학,discrete-mathematics,이산수학,,,,0.95,course_name_clean,topic_name,,true,false,true,1
31310,이산수학(I),정보컴퓨터공학부,공과대학,problem-solving-coding-basics,문제 해결과 코딩 기초,,,,0.75,learning_objective_clean,alias,,true,false,false,1
31311,이산수학(I),정보컴퓨터공학부,공과대학,discrete-mathematics,이산수학,,,,0.95,course_name_clean,topic_name,,true,false,true,1
31311,이산수학(I),정보컴퓨터공학부,공과대학,problem-solving-coding-basics,문제 해결과 코딩 기초,,,,0.75,learning_objective_clean,alias,,true,false,false,1
31315,컴퓨터및프로그래밍입문,정보컴퓨터공학부,공과대학,programming,프로그래밍,,,,1.0,course_name_clean|learning_objective_clean|main_textbook_clean,topic_name,,true,false,true,3
31315,컴퓨터및프로그래밍입문,정보컴퓨터공학부,공과대학,python,Python,,,,0.83,learning_objective_clean|main_textbook_clean,alias|topic_name,,true,false,false,4
31316,컴퓨터및프로그래밍입문,정보컴퓨터공학부,공과대학,programming,프로그래밍,,,,1.0,course_name_clean|learning_objective_clean,topic_name,,true,false,true,2
31316,컴퓨터및프로그래밍입문,정보컴퓨터공학부,공과대학,python,Python,,,,0.83,learning_objective_clean|main_textbook_clean,alias|topic_name,,true,false,false,2
31318,컴퓨터및프로그래밍입문,정보컴퓨터공학부,공과대학,programming,프로그래밍,,,,1.0,course_name_clean|learning_objective_clean,topic_name,,true,false,true,2
31318,컴퓨터및프로그래밍입문,정보컴퓨터공학부,공과대학,python,Python,,,,0.83,learning_objective_clean|main_textbook_clean,alias|topic_name,,true,false,false,2
31318,컴퓨터및프로그래밍입문,정보컴퓨터공학부,공과대학,,,함수,programming-basic-syntax,3,0.8,learning_objective_clean,depth3_candidate,,false,true,false,2
31318,컴퓨터및프로그래밍입문,정보컴퓨터공학부,공과대학,,,리스트,data-structures,3,0.8,learning_objective_clean,depth3_candidate,,false,true,false,1
31318,컴퓨터및프로그래밍입문,정보컴퓨터공학부,공과대학,,,입출력,programming-basic-syntax,3,0.8,learning_objective_clean,depth3_candidate,,false,true,false,1
31318,컴퓨터및프로그래밍입문,정보컴퓨터공학부,공과대학,,,탐색,algorithms,3,0.8,learning_objective_clean,depth3_candidate,,false,true,false,1
31318,컴퓨터및프로그래밍입문,정보컴퓨터공학부,공과대학,data-structures,자료구조,,,,0.8,learning_objective_clean,topic_name,,true,false,false,1
31318,컴퓨터및프로그래밍입문,정보컴퓨터공학부,공과대학,operating-systems,운영체제,,,,0.8,learning_objective_clean,topic_name,,true,false,false,1
31319,컴퓨터및프로그래밍입문,정보컴퓨터공학부,공과대학,programming,프로그래밍,,,,1.0,course_name_clean|learning_objective_clean,topic_name,,true,false,true,2
31319,컴퓨터및프로그래밍입문,정보컴퓨터공학부,공과대학,python,Python,,,,0.83,learning_objective_clean|main_textbook_clean,alias|topic_name,,true,false,false,4
31319,컴퓨터및프로그래밍입문,정보컴퓨터공학부,공과대학,operating-systems,운영체제,,,,0.8,learning_objective_clean,topic_name,,true,false,false,1
31320,프로그래밍원리와실습,정보컴퓨터공학부,공과대학,programming,프로그래밍,,,,0.95,course_name_clean,topic_name,,true,false,true,1
31320,프로그래밍원리와실습,정보컴퓨터공학부,공과대학,c-language,C언어,,,,0.8,learning_objective_clean,alias|topic_name,,true,false,false,2
31321,프로그래밍원리와실습,정보컴퓨터공학부,공과대학,c-language,C언어,,,,0.75,learning_objective_clean,alias,,true,false,false,1
31321,프로그래밍원리와실습,정보컴퓨터공학부,공과대학,programming,프로그래밍,,,,1.0,course_name_clean|learning_objective_clean|prerequisite_material_clean,topic_name,prerequisite,true,false,true,3
31323,프로그래밍원리와실습,정보컴퓨터공학부,공과대학,c-language,C언어,,,,0.75,learning_objective_clean,alias,,true,false,false,1
31323,프로그래밍원리와실습,정보컴퓨터공학부,공과대학,programming,프로그래밍,,,,1.0,course_name_clean|learning_objective_clean|prerequisite_material_clean,topic_name,prerequisite,true,false,true,3
31323,프로그래밍원리와실습,정보컴퓨터공학부,공과대학,programming-basic-syntax,프로그래밍 기초 문법,,,,0.78,learning_objective_clean|prerequisite_material_clean,alias,prerequisite,true,false,false,2
31324,프로그래밍원리와실습,정보컴퓨터공학부,공과대학,c-language,C언어,,,,0.75,learning_objective_clean,alias,,true,false,false,1
31324,프로그래밍원리와실습,정보컴퓨터공학부,공과대학,programming,프로그래밍,,,,1.0,course_name_clean|learning_objective_clean|prerequisite_material_clean,topic_name,prerequisite,true,false,true,3
31324,프로그래밍원리와실습,정보컴퓨터공학부,공과대학,programming-basic-syntax,프로그래밍 기초 문법,,,,0.78,learning_objective_clean|prerequisite_material_clean,alias,prerequisite,true,false,false,2
31325,프로그래밍원리와실습,정보컴퓨터공학부,공과대학,programming,프로그래밍,,,,0.95,course_name_clean,topic_name,,true,false,true,1
31326,프로그래밍원리와실습,정보컴퓨터공학부,공과대학,c-language,C언어,,,,0.75,learning_objective_clean,alias,,true,false,false,1
31326,프로그래밍원리와실습,정보컴퓨터공학부,공과대학,programming,프로그래밍,,,,1.0,course_name_clean|learning_objective_clean|prerequisite_material_clean,topic_name,prerequisite,true,false,true,3
31326,프로그래밍원리와실습,정보컴퓨터공학부,공과대학,programming-basic-syntax,프로그래밍 기초 문법,,,,0.78,learning_objective_clean|prerequisite_material_clean,alias,prerequisite,true,false,false,2
31336,자료구조,정보컴퓨터공학부,공과대학,data-structures,자료구조,,,,1.0,course_name_clean|learning_objective_clean,alias|topic_name,,true,false,true,2
31336,자료구조,정보컴퓨터공학부,공과대학,algorithms,알고리즘,,,,0.8,learning_objective_clean,topic_name,,true,false,false,1
31336,자료구조,정보컴퓨터공학부,공과대학,programming,프로그래밍,,,,0.8,learning_objective_clean,topic_name,,true,false,false,1
31336,자료구조,정보컴퓨터공학부,공과대학,problem-solving-coding-basics,문제 해결과 코딩 기초,,,,0.75,learning_objective_clean,alias,,true,false,false,1
31337,자료구조,정보컴퓨터공학부,공과대학,data-structures,자료구조,,,,1.0,course_name_clean|learning_objective_clean,topic_name,,true,false,true,2
31337,자료구조,정보컴퓨터공학부,공과대학,problem-solving-coding-basics,문제 해결과 코딩 기초,,,,0.75,learning_objective_clean,alias,,true,false,false,1
31337,자료구조,정보컴퓨터공학부,공과대학,python,Python,,,,0.5,main_textbook_clean,topic_name,,true,false,false,1
31337,자료구조,정보컴퓨터공학부,공과대학,programming,프로그래밍,,,,0.83,learning_objective_clean|prerequisite_material_clean,topic_name,prerequisite,true,false,false,2
31337,자료구조,정보컴퓨터공학부,공과대학,,,함수,programming-basic-syntax,3,0.65,prerequisite_material_clean,depth3_candidate,prerequisite,false,true,false,1
31337,자료구조,정보컴퓨터공학부,공과대학,c-language,C언어,,,,0.65,prerequisite_material_clean,alias,prerequisite,true,false,false,1
31338,자료구조,정보컴퓨터공학부,공과대학,data-structures,자료구조,,,,1.0,course_name_clean|learning_objective_clean|main_textbook_clean,topic_name,,true,false,true,3
31338,자료구조,정보컴퓨터공학부,공과대학,programming,프로그래밍,,,,0.71,main_textbook_clean|prerequisite_material_clean,topic_name,prerequisite,true,false,false,2
31338,자료구조,정보컴퓨터공학부,공과대학,discrete-mathematics,이산수학,,,,0.68,prerequisite_material_clean,topic_name,prerequisite,true,false,false,1
31339,자료구조,정보컴퓨터공학부,공과대학,data-structures,자료구조,,,,1.0,course_name_clean|learning_objective_clean,topic_name,,true,false,true,2
31339,자료구조,정보컴퓨터공학부,공과대학,algorithms,알고리즘,,,,0.8,learning_objective_clean,topic_name,,true,false,false,1
31339,자료구조,정보컴퓨터공학부,공과대학,problem-solving-coding-basics,문제 해결과 코딩 기초,,,,0.75,learning_objective_clean,alias,,true,false,false,1
31343,컴퓨터알고리즘,정보컴퓨터공학부,공과대학,algorithms,알고리즘,,,,0.95,course_name_clean,topic_name,,true,false,true,1
31343,컴퓨터알고리즘,정보컴퓨터공학부,공과대학,data-structures,자료구조,,,,0.65,prerequisite_material_clean,alias,prerequisite,true,false,false,1
31344,컴퓨터알고리즘,정보컴퓨터공학부,공과대학,algorithms,알고리즘,,,,1.0,course_name_clean|learning_objective_clean,topic_name,,true,false,true,2
31344,컴퓨터알고리즘,정보컴퓨터공학부,공과대학,,,공간복잡도,algorithms,3,0.8,learning_objective_clean,depth3_candidate,,false,true,false,1
31344,컴퓨터알고리즘,정보컴퓨터공학부,공과대학,,,그래프 자료구조,data-structures,3,0.8,learning_objective_clean,depth3_candidate,,false,true,false,1
31344,컴퓨터알고리즘,정보컴퓨터공학부,공과대학,,,동적 계획법,algorithms,3,0.8,learning_objective_clean,depth3_candidate,,false,true,false,1
31344,컴퓨터알고리즘,정보컴퓨터공학부,공과대학,computer-vision,컴퓨터 비전,,,,0.8,learning_objective_clean,topic_name,,true,false,false,1
31344,컴퓨터알고리즘,정보컴퓨터공학부,공과대학,software-design,소프트웨어 설계,,,,0.8,learning_objective_clean,topic_name,,true,false,false,1
31344,컴퓨터알고리즘,정보컴퓨터공학부,공과대학,problem-solving-coding-basics,문제 해결과 코딩 기초,,,,0.75,learning_objective_clean,alias,,true,false,false,1
31344,컴퓨터알고리즘,정보컴퓨터공학부,공과대학,authentication-authorization,인증과 인가,,,,0.7,learning_objective_clean,alias,,true,false,false,1
31344,컴퓨터알고리즘,정보컴퓨터공학부,공과대학,programming,프로그래밍,,,,0.85,learning_objective_clean|main_textbook_clean|prerequisite_material_clean,topic_name,prerequisite,true,false,true,3
31344,컴퓨터알고리즘,정보컴퓨터공학부,공과대학,data-structures,자료구조,,,,0.83,learning_objective_clean|prerequisite_material_clean,topic_name,prerequisite,true,false,false,2
31344,컴퓨터알고리즘,정보컴퓨터공학부,공과대학,python,Python,,,,0.71,main_textbook_clean|prerequisite_material_clean,topic_name,prerequisite,true,false,false,2
31344,컴퓨터알고리즘,정보컴퓨터공학부,공과대학,discrete-mathematics,이산수학,,,,0.68,prerequisite_material_clean,topic_name,prerequisite,true,false,false,1
31345,컴퓨터알고리즘,정보컴퓨터공학부,공과대학,algorithms,알고리즘,,,,0.95,course_name_clean,topic_name,,true,false,true,1
31345,컴퓨터알고리즘,정보컴퓨터공학부,공과대학,,,동적 계획법,algorithms,3,0.8,learning_objective_clean,depth3_candidate,,false,true,false,1
31346,이산수학(II),정보컴퓨터공학부,공과대학,discrete-mathematics,이산수학,,,,0.95,course_name_clean,topic_name,,true,false,true,1
31347,이산수학(II),정보컴퓨터공학부,공과대학,discrete-mathematics,이산수학,,,,0.95,course_name_clean,topic_name,,true,false,true,1
31347,이산수학(II),정보컴퓨터공학부,공과대학,,,그래프 자료구조,data-structures,3,0.8,learning_objective_clean,depth3_candidate,,false,true,false,1
31349,인공지능,정보컴퓨터공학부,공과대학,artificial-intelligence,인공지능,,,,0.95,course_name_clean,topic_name,,true,false,true,1
31349,인공지능,정보컴퓨터공학부,공과대학,,,탐색,algorithms,3,0.8,learning_objective_clean,depth3_candidate,,false,true,false,1
31349,인공지능,정보컴퓨터공학부,공과대학,algorithms,알고리즘,,,,0.8,learning_objective_clean,topic_name,,true,false,false,1
31349,인공지능,정보컴퓨터공학부,공과대학,problem-solving-coding-basics,문제 해결과 코딩 기초,,,,0.75,learning_objective_clean,alias,,true,false,false,1
31350,인공지능,정보컴퓨터공학부,공과대학,artificial-intelligence,인공지능,,,,0.95,course_name_clean,topic_name,,true,false,true,1
31350,인공지능,정보컴퓨터공학부,공과대학,algorithms,알고리즘,,,,0.8,learning_objective_clean,topic_name,,true,false,false,1
31350,인공지능,정보컴퓨터공학부,공과대학,problem-solving-coding-basics,문제 해결과 코딩 기초,,,,0.75,learning_objective_clean,alias,,true,false,false,1
31350,인공지능,정보컴퓨터공학부,공과대학,data-structures,자료구조,,,,0.68,prerequisite_material_clean,topic_name,prerequisite,true,false,false,1
31355,데이터통신,정보컴퓨터공학부,공과대학,python,Python,,,,0.8,learning_objective_clean,topic_name,,true,false,false,1
31357,데이터베이스,정보컴퓨터공학부,공과대학,database,데이터베이스,,,,1.0,course_name_clean|learning_objective_clean,topic_name,,true,false,true,2
31359,데이터베이스,정보컴퓨터공학부,공과대학,database,데이터베이스,,,,0.98,course_name_clean|main_textbook_clean,topic_name,,true,false,true,2
31359,데이터베이스,정보컴퓨터공학부,공과대학,programming,프로그래밍,,,,0.83,learning_objective_clean|main_textbook_clean,topic_name,,true,false,false,2
31359,데이터베이스,정보컴퓨터공학부,공과대학,sql,SQL,,,,0.83,learning_objective_clean|main_textbook_clean,topic_name,,true,false,false,2
31359,데이터베이스,정보컴퓨터공학부,공과대학,data-modeling,데이터 모델링,,,,0.75,learning_objective_clean,alias,,true,false,false,1
31359,데이터베이스,정보컴퓨터공학부,공과대학,database-design,데이터베이스 설계,,,,0.75,learning_objective_clean,alias,,true,false,false,1
31359,데이터베이스,정보컴퓨터공학부,공과대학,data-structures,자료구조,,,,0.68,prerequisite_material_clean,topic_name,prerequisite,true,false,false,1
31361,확률통계,정보컴퓨터공학부,공과대학,programming,프로그래밍,,,,0.8,learning_objective_clean,topic_name,,true,false,false,1
31361,확률통계,정보컴퓨터공학부,공과대학,probability-statistics,확률과 통계,,,,0.5,main_textbook_clean,alias,,true,false,false,2
31361,확률통계,정보컴퓨터공학부,공과대학,calculus,미적분,,,,0.68,prerequisite_material_clean,topic_name,prerequisite,true,false,false,1
31362,확률통계,정보컴퓨터공학부,공과대학,python,Python,,,,0.8,learning_objective_clean,topic_name,,true,false,false,1
31362,확률통계,정보컴퓨터공학부,공과대학,documentation,문서화,,,,0.75,learning_objective_clean,alias,,true,false,false,1
31362,확률통계,정보컴퓨터공학부,공과대학,problem-solving-coding-basics,문제 해결과 코딩 기초,,,,0.75,learning_objective_clean,alias,,true,false,false,1
31363,확률통계,정보컴퓨터공학부,공과대학,data-analysis,데이터 분석,,,,0.8,learning_objective_clean,topic_name,,true,false,false,1
31364,운영체제,정보컴퓨터공학부,공과대학,operating-systems,운영체제,,,,1.0,course_name_clean|learning_objective_clean,topic_name,,true,false,true,2
31364,운영체제,정보컴퓨터공학부,공과대학,optimization,최적화,,,,0.8,learning_objective_clean,topic_name,,true,false,false,1
31364,운영체제,정보컴퓨터공학부,공과대학,programming,프로그래밍,,,,0.8,learning_objective_clean,topic_name,,true,false,false,1
31364,운영체제,정보컴퓨터공학부,공과대학,linux,Linux,,,,0.68,prerequisite_material_clean,topic_name,prerequisite,true,false,false,1
31365,운영체제,정보컴퓨터공학부,공과대학,operating-systems,운영체제,,,,1.0,course_name_clean|learning_objective_clean,topic_name,,true,false,true,2
31365,운영체제,정보컴퓨터공학부,공과대학,optimization,최적화,,,,0.8,learning_objective_clean,topic_name,,true,false,false,1
31365,운영체제,정보컴퓨터공학부,공과대학,programming,프로그래밍,,,,0.8,learning_objective_clean,topic_name,,true,false,false,1
31365,운영체제,정보컴퓨터공학부,공과대학,linux,Linux,,,,0.68,prerequisite_material_clean,topic_name,prerequisite,true,false,false,1
31366,운영체제,정보컴퓨터공학부,공과대학,operating-systems,운영체제,,,,0.95,course_name_clean,topic_name,,true,false,true,1
31366,운영체제,정보컴퓨터공학부,공과대학,linux,Linux,,,,0.8,learning_objective_clean,topic_name,,true,false,false,1
31370,컴퓨터구조,정보컴퓨터공학부,공과대학,computer-architecture,컴퓨터구조,,,,0.95,course_name_clean,topic_name,,true,false,true,1
31370,컴퓨터구조,정보컴퓨터공학부,공과대학,,,입출력,programming-basic-syntax,3,0.8,learning_objective_clean,depth3_candidate,,false,true,false,1
31371,컴퓨터구조,정보컴퓨터공학부,공과대학,computer-architecture,컴퓨터구조,,,,0.95,course_name_clean,topic_name,,true,false,true,1
31371,컴퓨터구조,정보컴퓨터공학부,공과대학,,,입출력,programming-basic-syntax,3,0.8,learning_objective_clean,depth3_candidate,,false,true,false,1
31372,컴퓨터구조,정보컴퓨터공학부,공과대학,computer-architecture,컴퓨터구조,,,,0.95,course_name_clean,topic_name,,true,false,true,1
31374,컴퓨터네트워크,정보컴퓨터공학부,공과대학,networks,네트워크,,,,1.0,course_name_clean|learning_objective_clean,alias|topic_name,,true,false,true,4
31380,소프트웨어설계및실험,정보컴퓨터공학부,공과대학,problem-solving-coding-basics,문제 해결과 코딩 기초,,,,0.75,learning_objective_clean,alias,,true,false,false,1
31380,소프트웨어설계및실험,정보컴퓨터공학부,공과대학,deep-learning,딥러닝,,,,0.5,main_textbook_clean,topic_name,,true,false,false,1
31380,소프트웨어설계및실험,정보컴퓨터공학부,공과대학,programming,프로그래밍,,,,0.85,learning_objective_clean|main_textbook_clean|prerequisite_material_clean,topic_name,prerequisite,true,false,true,3
31380,소프트웨어설계및실험,정보컴퓨터공학부,공과대학,oop,객체지향 프로그래밍,,,,0.65,prerequisite_material_clean,alias,prerequisite,true,false,false,1
31380,소프트웨어설계및실험,정보컴퓨터공학부,공과대학,java,Java,,,,0.6,prerequisite_material_clean,alias,prerequisite,true,false,false,1
31381,소프트웨어설계및실험,정보컴퓨터공학부,공과대학,problem-solving-coding-basics,문제 해결과 코딩 기초,,,,0.75,learning_objective_clean,alias,,true,false,false,1
31381,소프트웨어설계및실험,정보컴퓨터공학부,공과대학,deep-learning,딥러닝,,,,0.5,main_textbook_clean,topic_name,,true,false,false,1
31381,소프트웨어설계및실험,정보컴퓨터공학부,공과대학,programming,프로그래밍,,,,0.85,learning_objective_clean|main_textbook_clean|prerequisite_material_clean,topic_name,prerequisite,true,false,true,3
31381,소프트웨어설계및실험,정보컴퓨터공학부,공과대학,oop,객체지향 프로그래밍,,,,0.65,prerequisite_material_clean,alias,prerequisite,true,false,false,1
31381,소프트웨어설계및실험,정보컴퓨터공학부,공과대학,java,Java,,,,0.6,prerequisite_material_clean,alias,prerequisite,true,false,false,1
31384,웹응용프로그래밍,정보컴퓨터공학부,공과대학,javascript,JavaScript,,,,0.8,learning_objective_clean,topic_name,,true,false,false,1
31384,웹응용프로그래밍,정보컴퓨터공학부,공과대학,programming,프로그래밍,,,,0.98,course_name_clean|prerequisite_material_clean,topic_name,prerequisite,true,false,true,2
31384,웹응용프로그래밍,정보컴퓨터공학부,공과대학,,,인터넷,networks,3,0.83,learning_objective_clean|prerequisite_material_clean,depth3_candidate,prerequisite,false,true,false,2
31386,웹응용프로그래밍,정보컴퓨터공학부,공과대학,programming,프로그래밍,,,,0.95,course_name_clean,topic_name,,true,false,true,1
31386,웹응용프로그래밍,정보컴퓨터공학부,공과대학,javascript,JavaScript,,,,0.83,learning_objective_clean|prerequisite_material_clean,topic_name,prerequisite,true,false,false,2
31386,웹응용프로그래밍,정보컴퓨터공학부,공과대학,html-css,HTML/CSS,,,,0.68,prerequisite_material_clean,topic_name,prerequisite,true,false,false,1
31386,웹응용프로그래밍,정보컴퓨터공학부,공과대학,,,인터넷,networks,3,0.65,prerequisite_material_clean,depth3_candidate,prerequisite,false,true,false,1
31398,인터넷과웹기초,정보컴퓨터공학부,공과대학,,,인터넷,networks,3,0.93,course_name_clean|learning_objective_clean,depth3_candidate,,false,true,false,2
31398,인터넷과웹기초,정보컴퓨터공학부,공과대학,html-css,HTML/CSS,,,,0.8,learning_objective_clean,topic_name,,true,false,false,1
31398,인터넷과웹기초,정보컴퓨터공학부,공과대학,javascript,JavaScript,,,,0.8,learning_objective_clean,topic_name,,true,false,false,1
31398,인터넷과웹기초,정보컴퓨터공학부,공과대학,problem-solving-coding-basics,문제 해결과 코딩 기초,,,,0.5,main_textbook_clean,alias,,true,false,false,1
31398,인터넷과웹기초,정보컴퓨터공학부,공과대학,programming,프로그래밍,,,,0.5,main_textbook_clean,topic_name,,true,false,false,1
31400,인터넷과웹기초,정보컴퓨터공학부,공과대학,,,인터넷,networks,3,0.93,course_name_clean|learning_objective_clean,depth3_candidate,,false,true,false,2
31400,인터넷과웹기초,정보컴퓨터공학부,공과대학,html-css,HTML/CSS,,,,0.8,learning_objective_clean,topic_name,,true,false,false,1
31400,인터넷과웹기초,정보컴퓨터공학부,공과대학,javascript,JavaScript,,,,0.8,learning_objective_clean,topic_name,,true,false,false,1
31400,인터넷과웹기초,정보컴퓨터공학부,공과대학,problem-solving-coding-basics,문제 해결과 코딩 기초,,,,0.5,main_textbook_clean,alias,,true,false,false,1
31400,인터넷과웹기초,정보컴퓨터공학부,공과대학,programming,프로그래밍,,,,0.5,main_textbook_clean,topic_name,,true,false,false,1
31401,C++프로그래밍과실습,정보컴퓨터공학부,공과대학,programming,프로그래밍,,,,1.0,course_name_clean|learning_objective_clean|prerequisite_material_clean,topic_name,prerequisite,true,false,true,3
31405,C++프로그래밍과실습,정보컴퓨터공학부,공과대학,programming,프로그래밍,,,,1.0,course_name_clean|learning_objective_clean|main_textbook_clean,topic_name,,true,false,true,3
31405,C++프로그래밍과실습,정보컴퓨터공학부,공과대학,c-language,C언어,,,,0.65,prerequisite_material_clean,alias,prerequisite,true,false,false,1
31406,C++프로그래밍과실습,정보컴퓨터공학부,공과대학,algorithms,알고리즘,,,,0.8,learning_objective_clean,topic_name,,true,false,false,1
31406,C++프로그래밍과실습,정보컴퓨터공학부,공과대학,oop,객체지향 프로그래밍,,,,0.75,learning_objective_clean,alias,,true,false,false,1
31406,C++프로그래밍과실습,정보컴퓨터공학부,공과대학,programming,프로그래밍,,,,0.98,course_name_clean|prerequisite_material_clean,topic_name,prerequisite,true,false,true,2
31406,C++프로그래밍과실습,정보컴퓨터공학부,공과대학,c-language,C언어,,,,0.65,prerequisite_material_clean,alias,prerequisite,true,false,false,1
31407,공학선형대수학,정보컴퓨터공학부,공과대학,linear-algebra,선형대수,,,,1.0,course_name_clean|learning_objective_clean|main_textbook_clean,alias|topic_name,,true,false,true,5
31409,공학선형대수학,정보컴퓨터공학부,공과대학,linear-algebra,선형대수,,,,0.95,course_name_clean,alias|topic_name,,true,false,true,2
31409,공학선형대수학,정보컴퓨터공학부,공과대학,,,벡터,linear-algebra,3,0.8,learning_objective_clean,depth3_candidate,,false,true,false,1
31409,공학선형대수학,정보컴퓨터공학부,공과대학,,,선형변환,linear-algebra,3,0.8,learning_objective_clean,depth3_candidate,,false,true,false,1
31414,AI프로그래밍,정보컴퓨터공학부,공과대학,programming,프로그래밍,,,,1.0,course_name_clean|learning_objective_clean,topic_name,,true,false,true,2
31414,AI프로그래밍,정보컴퓨터공학부,공과대학,algorithms,알고리즘,,,,0.8,learning_objective_clean,topic_name,,true,false,false,1
31414,AI프로그래밍,정보컴퓨터공학부,공과대학,optimization,최적화,,,,0.8,learning_objective_clean,topic_name,,true,false,false,1
31414,AI프로그래밍,정보컴퓨터공학부,공과대학,python,Python,,,,0.5,main_textbook_clean,topic_name,,true,false,false,1
31415,AI프로그래밍,정보컴퓨터공학부,공과대학,algorithms,알고리즘,,,,0.8,learning_objective_clean,topic_name,,true,false,false,1
31415,AI프로그래밍,정보컴퓨터공학부,공과대학,optimization,최적화,,,,0.8,learning_objective_clean,topic_name,,true,false,false,1
31415,AI프로그래밍,정보컴퓨터공학부,공과대학,python,Python,,,,0.5,main_textbook_clean,topic_name,,true,false,false,1
31415,AI프로그래밍,정보컴퓨터공학부,공과대학,programming,프로그래밍,,,,1.0,course_name_clean|learning_objective_clean|prerequisite_material_clean,topic_name,prerequisite,true,false,true,3
31416,AI프로그래밍,정보컴퓨터공학부,공과대학,programming,프로그래밍,,,,1.0,course_name_clean|learning_objective_clean,topic_name,,true,false,true,2
31416,AI프로그래밍,정보컴퓨터공학부,공과대학,algorithms,알고리즘,,,,0.8,learning_objective_clean,topic_name,,true,false,false,1
31416,AI프로그래밍,정보컴퓨터공학부,공과대학,optimization,최적화,,,,0.8,learning_objective_clean,topic_name,,true,false,false,1
31416,AI프로그래밍,정보컴퓨터공학부,공과대학,python,Python,,,,0.5,main_textbook_clean,topic_name,,true,false,false,1
31421,프로그래밍언어론,정보컴퓨터공학부,공과대학,programming,프로그래밍,,,,1.0,course_name_clean|learning_objective_clean|main_textbook_clean,topic_name,,true,false,true,3
31425,데이터마이닝,정보컴퓨터공학부,공과대학,,,CNN,deep-learning,3,0.8,learning_objective_clean,depth3_candidate,,false,true,false,2
31425,데이터마이닝,정보컴퓨터공학부,공과대학,,,RNN,deep-learning,3,0.8,learning_objective_clean,depth3_candidate,,false,true,false,2
31425,데이터마이닝,정보컴퓨터공학부,공과대학,,,신경망,deep-learning,3,0.8,learning_objective_clean,depth3_candidate,,false,true,false,1
31425,데이터마이닝,정보컴퓨터공학부,공과대학,,,회귀,machine-learning,3,0.8,learning_objective_clean,depth3_candidate,,false,true,false,1
31425,데이터마이닝,정보컴퓨터공학부,공과대학,algorithms,알고리즘,,,,0.8,learning_objective_clean,topic_name,,true,false,false,1
31425,데이터마이닝,정보컴퓨터공학부,공과대학,machine-learning,머신러닝,,,,0.8,learning_objective_clean,topic_name,,true,false,false,1
31425,데이터마이닝,정보컴퓨터공학부,공과대학,programming,프로그래밍,,,,0.8,learning_objective_clean,topic_name,,true,false,false,1
31427,정보보안,정보컴퓨터공학부,공과대학,networks,네트워크,,,,0.8,learning_objective_clean,topic_name,,true,false,false,1
31428,네트워크보안,정보컴퓨터공학부,공과대학,networks,네트워크,,,,1.0,course_name_clean|learning_objective_clean|main_textbook_clean|prerequisite_material_clean,alias|topic_name,prerequisite,true,false,true,6
31430,머신러닝,정보컴퓨터공학부,공과대학,machine-learning,머신러닝,,,,1.0,course_name_clean|learning_objective_clean,topic_name,,true,false,true,2
31432,컴퓨터비전개론,정보컴퓨터공학부,공과대학,computer-vision,컴퓨터 비전,,,,0.9,course_name_clean,alias,,true,false,true,1
31432,컴퓨터비전개론,정보컴퓨터공학부,공과대학,programming,프로그래밍,,,,0.68,prerequisite_material_clean,topic_name,prerequisite,true,false,false,1
31454,데이터마이닝,산업공학과,공과대학,linear-algebra,선형대수,,,,0.68,prerequisite_material_clean,topic_name,prerequisite,true,false,false,1
31454,데이터마이닝,산업공학과,공과대학,probability-statistics,확률과 통계,,,,0.68,prerequisite_material_clean,topic_name,prerequisite,true,false,false,1
31454,데이터마이닝,산업공학과,공과대학,programming,프로그래밍,,,,0.68,prerequisite_material_clean,topic_name,prerequisite,true,false,false,1
31454,데이터마이닝,산업공학과,공과대학,python,Python,,,,0.6,prerequisite_material_clean,alias,prerequisite,true,false,false,1
31462,인공지능응용,산업공학과,공과대학,artificial-intelligence,인공지능,,,,0.95,course_name_clean,topic_name,,true,false,true,1
31462,인공지능응용,산업공학과,공과대학,algorithms,알고리즘,,,,0.8,learning_objective_clean,topic_name,,true,false,false,1
31462,인공지능응용,산업공학과,공과대학,programming,프로그래밍,,,,0.68,prerequisite_material_clean,topic_name,prerequisite,true,false,false,1
31468,데이터베이스,산업공학과,공과대학,database,데이터베이스,,,,1.0,course_name_clean|learning_objective_clean|main_textbook_clean,topic_name,,true,false,true,3
31468,데이터베이스,산업공학과,공과대학,database-design,데이터베이스 설계,,,,0.8,learning_objective_clean,topic_name,,true,false,false,1
3193,알고리즘과수학,수학과,자연과학대학,algorithms,알고리즘,,,,0.95,course_name_clean,topic_name,,true,false,true,1
3193,알고리즘과수학,수학과,자연과학대학,calculus,미적분,,,,0.65,prerequisite_material_clean,alias,prerequisite,true,false,false,1
32006,인공지능과빅데이터,나노에너지공학과,나노과학기술대학,artificial-intelligence,인공지능,,,,1.0,course_name_clean|learning_objective_clean,topic_name,,true,false,true,2
32006,인공지능과빅데이터,나노에너지공학과,나노과학기술대학,python,Python,,,,0.73,learning_objective_clean|main_textbook_clean,alias,,true,false,false,2
32595,사회조사와데이터분석,일반사회교육과,사범대학,data-analysis,데이터 분석,,,,0.8,learning_objective_clean,topic_name,,true,false,false,1
33295,운영체제,IT응용공학과,생명자원과학대학,operating-systems,운영체제,,,,1.0,course_name_clean|learning_objective_clean,topic_name,,true,false,true,2
33295,운영체제,IT응용공학과,생명자원과학대학,programming,프로그래밍,,,,0.68,prerequisite_material_clean,topic_name,prerequisite,true,false,false,1
33305,데이터베이스(I),IT응용공학과,생명자원과학대학,database,데이터베이스,,,,1.0,course_name_clean|learning_objective_clean|main_textbook_clean,topic_name,,true,false,true,3
33306,데이터베이스(II),IT응용공학과,생명자원과학대학,database-design,데이터베이스 설계,,,,0.83,learning_objective_clean|main_textbook_clean,topic_name,,true,false,false,2
33306,데이터베이스(II),IT응용공학과,생명자원과학대학,database,데이터베이스,,,,1.0,course_name_clean|learning_objective_clean|main_textbook_clean|prerequisite_material_clean,topic_name,prerequisite,true,false,true,4
33321,인공지능응용,IT응용공학과,생명자원과학대학,artificial-intelligence,인공지능,,,,1.0,course_name_clean|learning_objective_clean|main_textbook_clean,topic_name,,true,false,true,3
33321,인공지능응용,IT응용공학과,생명자원과학대학,deep-learning,딥러닝,,,,0.5,main_textbook_clean,topic_name,,true,false,false,1
33321,인공지능응용,IT응용공학과,생명자원과학대학,machine-learning,머신러닝,,,,0.5,main_textbook_clean,topic_name,,true,false,false,1
33321,인공지능응용,IT응용공학과,생명자원과학대학,testing,테스트,,,,0.5,main_textbook_clean,topic_name,,true,false,false,1
33321,인공지능응용,IT응용공학과,생명자원과학대학,python,Python,,,,0.45,main_textbook_clean,alias,,true,false,false,1
3338,컴퓨터프로그래밍,전기전자공학과,IT대학,programming,프로그래밍,,,,1.0,course_name_clean|learning_objective_clean,topic_name,,true,false,true,2
3338,컴퓨터프로그래밍,전기전자공학과,IT대학,algorithms,알고리즘,,,,0.8,learning_objective_clean,topic_name,,true,false,false,1
3338,컴퓨터프로그래밍,전기전자공학과,IT대학,c-language,C언어,,,,0.5,main_textbook_clean,alias|topic_name,,true,false,false,2
3346,회로이론,전기전자공학과,IT대학,,,행렬,linear-algebra,3,0.65,prerequisite_material_clean,depth3_candidate,prerequisite,false,true,false,1
3380,고급컴퓨터프로그래밍,전기전자공학과,IT대학,c-language,C언어,,,,0.5,main_textbook_clean,alias,,true,false,false,1
3380,고급컴퓨터프로그래밍,전기전자공학과,IT대학,programming,프로그래밍,,,,1.0,course_name_clean|main_textbook_clean|prerequisite_material_clean,topic_name,prerequisite,true,false,true,3
33948,컴퓨터비전,디자인학과,예술대학,computer-vision,컴퓨터 비전,,,,0.98,course_name_clean|learning_objective_clean,alias,,true,false,true,2
3406,로봇공학개론,전기전자공학과,IT대학,programming,프로그래밍,,,,0.68,prerequisite_material_clean,topic_name,prerequisite,true,false,false,1
3406,로봇공학개론,전기전자공학과,IT대학,c-language,C언어,,,,0.65,prerequisite_material_clean,alias,prerequisite,true,false,false,1
3423,선형대수,전자공학과,IT대학,linear-algebra,선형대수,,,,1.0,course_name_clean|learning_objective_clean|main_textbook_clean,alias|topic_name,,true,false,true,4
3424,선형대수,전자공학과,IT대학,linear-algebra,선형대수,,,,1.0,course_name_clean|learning_objective_clean|main_textbook_clean,alias|topic_name,,true,false,true,4
3429,신호및시스템,전자공학과,IT대학,calculus,미적분,,,,0.68,prerequisite_material_clean,topic_name,prerequisite,true,false,false,1
3430,디지털통신,전자공학과,IT대학,calculus,미적분,,,,0.68,prerequisite_material_clean,topic_name,prerequisite,true,false,false,1
3430,디지털통신,전자공학과,IT대학,probability-statistics,확률과 통계,,,,0.65,prerequisite_material_clean,alias,prerequisite,true,false,false,1
3437,마이크로프로세서실험,전자공학과,IT대학,programming,프로그래밍,,,,0.8,learning_objective_clean,topic_name,,true,false,false,1
3437,마이크로프로세서실험,전자공학과,IT대학,computer-architecture,컴퓨터구조,,,,0.65,prerequisite_material_clean,alias,prerequisite,true,false,false,1
3450,컴퓨터구조,전자공학과,IT대학,computer-architecture,컴퓨터구조,,,,0.98,course_name_clean|main_textbook_clean,topic_name,,true,false,true,2
3453,회로이론,전자공학과,IT대학,calculus,미적분,,,,0.68,prerequisite_material_clean,topic_name,prerequisite,true,false,false,1
3460,실시간신호처리,전자공학과,IT대학,problem-solving-coding-basics,문제 해결과 코딩 기초,,,,0.75,learning_objective_clean,alias,,true,false,false,1
3460,실시간신호처리,전자공학과,IT대학,deployment,배포,,,,0.5,main_textbook_clean,topic_name,,true,false,false,1
3524,C프로그래밍,컴퓨터공학과,IT대학,programming,프로그래밍,,,,1.0,course_name_clean|learning_objective_clean,topic_name,,true,false,true,2
3524,C프로그래밍,컴퓨터공학과,IT대학,algorithms,알고리즘,,,,0.8,learning_objective_clean,topic_name,,true,false,false,1
3524,C프로그래밍,컴퓨터공학과,IT대학,c-language,C언어,,,,0.78,learning_objective_clean|main_textbook_clean,alias|topic_name,,true,false,false,3
3525,C프로그래밍,컴퓨터공학과,IT대학,programming,프로그래밍,,,,1.0,course_name_clean|learning_objective_clean|main_textbook_clean,topic_name,,true,false,true,3
3525,C프로그래밍,컴퓨터공학과,IT대학,algorithms,알고리즘,,,,0.8,learning_objective_clean,topic_name,,true,false,false,1
3525,C프로그래밍,컴퓨터공학과,IT대학,c-language,C언어,,,,0.78,learning_objective_clean|main_textbook_clean,alias|topic_name,,true,false,false,3
3526,C프로그래밍,컴퓨터공학과,IT대학,programming,프로그래밍,,,,1.0,course_name_clean|learning_objective_clean,topic_name,,true,false,true,2
3526,C프로그래밍,컴퓨터공학과,IT대학,algorithms,알고리즘,,,,0.8,learning_objective_clean,topic_name,,true,false,false,1
3526,C프로그래밍,컴퓨터공학과,IT대학,c-language,C언어,,,,0.78,learning_objective_clean|main_textbook_clean,alias|topic_name,,true,false,false,3
3527,C프로그래밍,컴퓨터공학과,IT대학,programming,프로그래밍,,,,1.0,course_name_clean|learning_objective_clean,topic_name,,true,false,true,2
3528,C프로그래밍,컴퓨터공학과,IT대학,programming,프로그래밍,,,,1.0,course_name_clean|learning_objective_clean,topic_name,,true,false,true,2
3528,C프로그래밍,컴퓨터공학과,IT대학,algorithms,알고리즘,,,,0.8,learning_objective_clean,topic_name,,true,false,false,1
3528,C프로그래밍,컴퓨터공학과,IT대학,c-language,C언어,,,,0.75,learning_objective_clean,alias,,true,false,false,1
3529,C프로그래밍,컴퓨터공학과,IT대학,programming,프로그래밍,,,,1.0,course_name_clean|learning_objective_clean,topic_name,,true,false,true,2
3529,C프로그래밍,컴퓨터공학과,IT대학,algorithms,알고리즘,,,,0.8,learning_objective_clean,topic_name,,true,false,false,1
3529,C프로그래밍,컴퓨터공학과,IT대학,c-language,C언어,,,,0.78,learning_objective_clean|main_textbook_clean,alias|topic_name,,true,false,false,3
3530,C프로그래밍,컴퓨터공학과,IT대학,programming,프로그래밍,,,,1.0,course_name_clean|learning_objective_clean,topic_name,,true,false,true,2
3530,C프로그래밍,컴퓨터공학과,IT대학,algorithms,알고리즘,,,,0.8,learning_objective_clean,topic_name,,true,false,false,1
3530,C프로그래밍,컴퓨터공학과,IT대학,c-language,C언어,,,,0.75,learning_objective_clean,alias,,true,false,false,1
3532,자바프로그래밍1,컴퓨터공학과,IT대학,programming,프로그래밍,,,,1.0,course_name_clean|learning_objective_clean,topic_name,,true,false,true,2
3532,자바프로그래밍1,컴퓨터공학과,IT대학,java,Java,,,,0.93,course_name_clean|learning_objective_clean,alias,,true,false,true,2
3536,자바프로그래밍1,컴퓨터공학과,IT대학,programming,프로그래밍,,,,1.0,course_name_clean|learning_objective_clean,topic_name,,true,false,true,2
3536,자바프로그래밍1,컴퓨터공학과,IT대학,java,Java,,,,0.88,course_name_clean|main_textbook_clean,alias|topic_name,,true,false,true,2
3537,자바프로그래밍1,컴퓨터공학과,IT대학,programming,프로그래밍,,,,1.0,course_name_clean|learning_objective_clean,topic_name,,true,false,true,2
3537,자바프로그래밍1,컴퓨터공학과,IT대학,java,Java,,,,0.93,course_name_clean|learning_objective_clean,alias,,true,false,true,2
3538,자바프로그래밍2,컴퓨터공학과,IT대학,oop,객체지향 프로그래밍,,,,0.8,learning_objective_clean,alias|topic_name,,true,false,false,3
3538,자바프로그래밍2,컴퓨터공학과,IT대학,programming,프로그래밍,,,,1.0,course_name_clean|learning_objective_clean|prerequisite_material_clean,topic_name,prerequisite,true,false,true,3
3538,자바프로그래밍2,컴퓨터공학과,IT대학,java,Java,,,,0.95,course_name_clean|learning_objective_clean|prerequisite_material_clean,alias,prerequisite,true,false,true,3
3538,자바프로그래밍2,컴퓨터공학과,IT대학,c-language,C언어,,,,0.68,prerequisite_material_clean,alias|topic_name,prerequisite,true,false,false,2
3538,자바프로그래밍2,컴퓨터공학과,IT대학,python,Python,,,,0.68,prerequisite_material_clean,topic_name,prerequisite,true,false,false,1
3538,자바프로그래밍2,컴퓨터공학과,IT대학,,,반복문,programming-basic-syntax,3,0.65,prerequisite_material_clean,depth3_candidate,prerequisite,false,true,false,1
3539,자바프로그래밍2,컴퓨터공학과,IT대학,programming,프로그래밍,,,,1.0,course_name_clean|learning_objective_clean|prerequisite_material_clean,topic_name,prerequisite,true,false,true,3
3539,자바프로그래밍2,컴퓨터공학과,IT대학,java,Java,,,,0.95,course_name_clean|learning_objective_clean|main_textbook_clean|prerequisite_material_clean,alias,prerequisite,true,false,true,4
3539,자바프로그래밍2,컴퓨터공학과,IT대학,c-language,C언어,,,,0.68,prerequisite_material_clean,alias|topic_name,prerequisite,true,false,false,2
3539,자바프로그래밍2,컴퓨터공학과,IT대학,python,Python,,,,0.68,prerequisite_material_clean,topic_name,prerequisite,true,false,false,1
3539,자바프로그래밍2,컴퓨터공학과,IT대학,,,반복문,programming-basic-syntax,3,0.65,prerequisite_material_clean,depth3_candidate,prerequisite,false,true,false,1
3541,자바프로그래밍2,컴퓨터공학과,IT대학,oop,객체지향 프로그래밍,,,,0.75,learning_objective_clean,alias,,true,false,false,1
3541,자바프로그래밍2,컴퓨터공학과,IT대학,programming,프로그래밍,,,,1.0,course_name_clean|learning_objective_clean|prerequisite_material_clean,topic_name,prerequisite,true,false,true,3
3541,자바프로그래밍2,컴퓨터공학과,IT대학,java,Java,,,,0.95,course_name_clean|learning_objective_clean|main_textbook_clean|prerequisite_material_clean,alias|topic_name,prerequisite,true,false,true,4
3546,이산수학,컴퓨터공학과,IT대학,discrete-mathematics,이산수학,,,,1.0,course_name_clean|learning_objective_clean|main_textbook_clean,topic_name,,true,false,true,3
3550,자료구조,컴퓨터공학과,IT대학,data-structures,자료구조,,,,1.0,course_name_clean|learning_objective_clean|main_textbook_clean,topic_name,,true,false,true,3
3550,자료구조,컴퓨터공학과,IT대학,java,Java,,,,0.7,learning_objective_clean,alias,,true,false,false,1
3550,자료구조,컴퓨터공학과,IT대학,python,Python,,,,0.68,main_textbook_clean|prerequisite_material_clean,alias,prerequisite,true,false,false,3
3550,자료구조,컴퓨터공학과,IT대학,programming,프로그래밍,,,,0.68,prerequisite_material_clean,topic_name,prerequisite,true,false,false,1
3551,자료구조,컴퓨터공학과,IT대학,data-structures,자료구조,,,,1.0,course_name_clean|learning_objective_clean|main_textbook_clean,topic_name,,true,false,true,3
3551,자료구조,컴퓨터공학과,IT대학,java,Java,,,,0.75,learning_objective_clean|main_textbook_clean|prerequisite_material_clean,alias|topic_name,prerequisite,true,false,false,3
3551,자료구조,컴퓨터공학과,IT대학,programming,프로그래밍,,,,0.68,prerequisite_material_clean,topic_name,prerequisite,true,false,false,1
3551,자료구조,컴퓨터공학과,IT대학,programming-basic-syntax,프로그래밍 기초 문법,,,,0.65,prerequisite_material_clean,alias,prerequisite,true,false,false,1
3554,선형대수학,컴퓨터공학과,IT대학,linear-algebra,선형대수,,,,1.0,course_name_clean|learning_objective_clean|main_textbook_clean,alias|topic_name,,true,false,true,6
3554,선형대수학,컴퓨터공학과,IT대학,calculus,미적분,,,,0.8,learning_objective_clean,topic_name,,true,false,false,1
3558,리눅스프로그래밍,컴퓨터공학과,IT대학,programming,프로그래밍,,,,1.0,course_name_clean|learning_objective_clean,topic_name,,true,false,true,2
3558,리눅스프로그래밍,컴퓨터공학과,IT대학,linux,Linux,,,,0.93,course_name_clean|learning_objective_clean,alias,,true,false,true,2
3558,리눅스프로그래밍,컴퓨터공학과,IT대학,networks,네트워크,,,,0.8,learning_objective_clean,topic_name,,true,false,false,1
3558,리눅스프로그래밍,컴퓨터공학과,IT대학,system-programming-basics,시스템 프로그래밍 기초,,,,0.75,learning_objective_clean,alias,,true,false,false,1
3562,알고리즘,컴퓨터공학과,IT대학,algorithms,알고리즘,,,,1.0,course_name_clean|learning_objective_clean|main_textbook_clean,alias|topic_name,,true,false,true,4
3563,알고리즘,컴퓨터공학과,IT대학,algorithms,알고리즘,,,,1.0,course_name_clean|learning_objective_clean|main_textbook_clean,alias|topic_name,,true,false,true,4
3564,알고리즘,컴퓨터공학과,IT대학,algorithms,알고리즘,,,,1.0,course_name_clean|learning_objective_clean|main_textbook_clean,alias|topic_name,,true,false,true,4
3564,알고리즘,컴퓨터공학과,IT대학,data-structures,자료구조,,,,0.68,prerequisite_material_clean,topic_name,prerequisite,true,false,false,1
3564,알고리즘,컴퓨터공학과,IT대학,programming,프로그래밍,,,,0.68,prerequisite_material_clean,topic_name,prerequisite,true,false,false,1
3564,알고리즘,컴퓨터공학과,IT대학,programming-basic-syntax,프로그래밍 기초 문법,,,,0.65,prerequisite_material_clean,alias,prerequisite,true,false,false,1
3565,알고리즘,컴퓨터공학과,IT대학,algorithms,알고리즘,,,,1.0,course_name_clean|learning_objective_clean,topic_name,,true,false,true,2
3568,마이크로프로세서,컴퓨터공학과,IT대학,programming,프로그래밍,,,,0.5,main_textbook_clean,topic_name,,true,false,false,1
3568,마이크로프로세서,컴퓨터공학과,IT대학,computer-architecture,컴퓨터구조,,,,0.68,prerequisite_material_clean,topic_name,prerequisite,true,false,false,1
3568,마이크로프로세서,컴퓨터공학과,IT대학,operating-systems,운영체제,,,,0.68,prerequisite_material_clean,topic_name,prerequisite,true,false,false,1
3570,문제해결프로그래밍,컴퓨터공학과,IT대학,problem-solving-coding-basics,문제 해결과 코딩 기초,,,,0.9,course_name_clean,alias,,true,false,true,1
3570,문제해결프로그래밍,컴퓨터공학과,IT대학,algorithms,알고리즘,,,,0.83,learning_objective_clean|main_textbook_clean,topic_name,,true,false,false,2
3570,문제해결프로그래밍,컴퓨터공학과,IT대학,programming,프로그래밍,,,,0.98,course_name_clean|prerequisite_material_clean,topic_name,prerequisite,true,false,true,2
3570,문제해결프로그래밍,컴퓨터공학과,IT대학,data-structures,자료구조,,,,0.83,learning_objective_clean|prerequisite_material_clean,topic_name,prerequisite,true,false,false,2
3570,문제해결프로그래밍,컴퓨터공학과,IT대학,java,Java,,,,0.6,prerequisite_material_clean,alias,prerequisite,true,false,false,1
3572,문제해결프로그래밍,컴퓨터공학과,IT대학,programming,프로그래밍,,,,0.95,course_name_clean,topic_name,,true,false,true,1
3572,문제해결프로그래밍,컴퓨터공학과,IT대학,problem-solving-coding-basics,문제 해결과 코딩 기초,,,,0.9,course_name_clean,alias,,true,false,true,1
3572,문제해결프로그래밍,컴퓨터공학과,IT대학,algorithms,알고리즘,,,,0.83,learning_objective_clean|main_textbook_clean,topic_name,,true,false,false,2
3573,시스템프로그래밍,컴퓨터공학과,IT대학,programming,프로그래밍,,,,0.95,course_name_clean,topic_name,,true,false,true,1
3573,시스템프로그래밍,컴퓨터공학과,IT대학,linux,Linux,,,,0.68,prerequisite_material_clean,topic_name,prerequisite,true,false,false,1
3578,운영체제,컴퓨터공학과,IT대학,operating-systems,운영체제,,,,0.95,course_name_clean,topic_name,,true,false,true,1
3578,운영체제,컴퓨터공학과,IT대학,programming,프로그래밍,,,,0.68,prerequisite_material_clean,topic_name,prerequisite,true,false,false,1
3578,운영체제,컴퓨터공학과,IT대학,system-programming-basics,시스템 프로그래밍 기초,,,,0.65,prerequisite_material_clean,alias,prerequisite,true,false,false,1
3578,운영체제,컴퓨터공학과,IT대학,linux,Linux,,,,0.6,prerequisite_material_clean,alias,prerequisite,true,false,false,1
3579,데이터통신,컴퓨터공학과,IT대학,,,인터넷,networks,3,0.8,learning_objective_clean,depth3_candidate,,false,true,false,1
3589,프로그래밍언어,컴퓨터공학과,IT대학,programming,프로그래밍,,,,1.0,course_name_clean|learning_objective_clean|prerequisite_material_clean,topic_name,prerequisite,true,false,true,3
3589,프로그래밍언어,컴퓨터공학과,IT대학,algorithms,알고리즘,,,,0.68,prerequisite_material_clean,topic_name,prerequisite,true,false,false,1
3589,프로그래밍언어,컴퓨터공학과,IT대학,data-structures,자료구조,,,,0.68,prerequisite_material_clean,topic_name,prerequisite,true,false,false,1
3589,프로그래밍언어,컴퓨터공학과,IT대학,discrete-mathematics,이산수학,,,,0.68,prerequisite_material_clean,topic_name,prerequisite,true,false,false,1
3589,프로그래밍언어,컴퓨터공학과,IT대학,oop,객체지향 프로그래밍,,,,0.65,prerequisite_material_clean,alias,prerequisite,true,false,false,1
3591,컴퓨터구조,컴퓨터공학과,IT대학,computer-architecture,컴퓨터구조,,,,0.95,course_name_clean,topic_name,,true,false,true,1
3592,컴퓨터구조,컴퓨터공학과,IT대학,computer-architecture,컴퓨터구조,,,,0.95,course_name_clean,topic_name,,true,false,true,1
3593,컴퓨터구조,컴퓨터공학과,IT대학,computer-architecture,컴퓨터구조,,,,0.95,course_name_clean,topic_name,,true,false,true,1
3593,컴퓨터구조,컴퓨터공학과,IT대학,programming,프로그래밍,,,,0.68,prerequisite_material_clean,topic_name,prerequisite,true,false,false,1
3596,데이터베이스,컴퓨터공학과,IT대학,database,데이터베이스,,,,0.98,course_name_clean|main_textbook_clean,topic_name,,true,false,true,2
3596,데이터베이스,컴퓨터공학과,IT대학,data-structures,자료구조,,,,0.68,prerequisite_material_clean,topic_name,prerequisite,true,false,false,1
3598,인공지능,컴퓨터공학과,IT대학,artificial-intelligence,인공지능,,,,1.0,course_name_clean|learning_objective_clean,topic_name,,true,false,true,2
3598,인공지능,컴퓨터공학과,IT대학,programming,프로그래밍,,,,0.8,learning_objective_clean,topic_name,,true,false,false,1
3598,인공지능,컴퓨터공학과,IT대학,python,Python,,,,0.6,prerequisite_material_clean,alias,prerequisite,true,false,false,1
3600,인공지능,컴퓨터공학과,IT대학,artificial-intelligence,인공지능,,,,1.0,course_name_clean|learning_objective_clean|main_textbook_clean,topic_name,,true,false,true,3
3600,인공지능,컴퓨터공학과,IT대학,,,신경망,deep-learning,3,0.8,learning_objective_clean,depth3_candidate,,false,true,false,1
3600,인공지능,컴퓨터공학과,IT대학,discrete-mathematics,이산수학,,,,0.68,prerequisite_material_clean,topic_name,prerequisite,true,false,false,1
3600,인공지능,컴퓨터공학과,IT대학,programming,프로그래밍,,,,0.68,prerequisite_material_clean,topic_name,prerequisite,true,false,false,1
3601,임베디드시스템,컴퓨터공학과,IT대학,programming,프로그래밍,,,,0.83,learning_objective_clean|main_textbook_clean,topic_name,,true,false,false,2
3601,임베디드시스템,컴퓨터공학과,IT대학,,,인터넷,networks,3,0.8,learning_objective_clean,depth3_candidate,,false,true,false,1
3601,임베디드시스템,컴퓨터공학과,IT대학,system-programming-basics,시스템 프로그래밍 기초,,,,0.75,learning_objective_clean,alias,,true,false,false,1
3601,임베디드시스템,컴퓨터공학과,IT대학,operating-systems,운영체제,,,,0.68,prerequisite_material_clean,topic_name,prerequisite,true,false,false,1
3601,임베디드시스템,컴퓨터공학과,IT대학,linux,Linux,,,,0.6,prerequisite_material_clean,alias,prerequisite,true,false,false,1
3604,컴퓨터네트워크,컴퓨터공학과,IT대학,networks,네트워크,,,,1.0,course_name_clean|learning_objective_clean,alias|topic_name,,true,false,true,4
3604,컴퓨터네트워크,컴퓨터공학과,IT대학,,,인터넷,networks,3,0.8,learning_objective_clean,depth3_candidate,,false,true,false,1
3604,컴퓨터네트워크,컴퓨터공학과,IT대학,programming,프로그래밍,,,,0.68,prerequisite_material_clean,topic_name,prerequisite,true,false,false,1
3604,컴퓨터네트워크,컴퓨터공학과,IT대학,python,Python,,,,0.65,prerequisite_material_clean,alias,prerequisite,true,false,false,2
3605,컴퓨터네트워크,컴퓨터공학과,IT대학,networks,네트워크,,,,1.0,course_name_clean|learning_objective_clean,alias|topic_name,,true,false,true,4
3606,컴퓨터네트워크,컴퓨터공학과,IT대학,networks,네트워크,,,,0.95,course_name_clean,alias|topic_name,,true,false,true,2
3606,컴퓨터네트워크,컴퓨터공학과,IT대학,,,라우팅,networks,3,0.8,learning_objective_clean,depth3_candidate,,false,true,false,1
3606,컴퓨터네트워크,컴퓨터공학과,IT대학,,,인터넷,networks,3,0.8,learning_objective_clean,depth3_candidate,,false,true,false,1
3612,소프트웨어공학,컴퓨터공학과,IT대학,machine-learning,머신러닝,,,,0.8,learning_objective_clean,topic_name,,true,false,false,1
3612,소프트웨어공학,컴퓨터공학과,IT대학,programming,프로그래밍,,,,0.8,learning_objective_clean,topic_name,,true,false,false,1
3612,소프트웨어공학,컴퓨터공학과,IT대학,python,Python,,,,0.73,learning_objective_clean|prerequisite_material_clean,alias,prerequisite,true,false,false,2
3622,분산및병렬프로그래밍,컴퓨터공학과,IT대학,,,기댓값과 분산,probability-statistics,3,0.93,course_name_clean|learning_objective_clean,depth3_candidate,,false,true,false,2
3622,분산및병렬프로그래밍,컴퓨터공학과,IT대학,programming,프로그래밍,,,,1.0,course_name_clean|learning_objective_clean|main_textbook_clean|prerequisite_material_clean,topic_name,prerequisite,true,false,true,4
3622,분산및병렬프로그래밍,컴퓨터공학과,IT대학,python,Python,,,,0.75,learning_objective_clean|main_textbook_clean|prerequisite_material_clean,alias,prerequisite,true,false,false,3
3622,분산및병렬프로그래밍,컴퓨터공학과,IT대학,computer-architecture,컴퓨터구조,,,,0.68,prerequisite_material_clean,topic_name,prerequisite,true,false,false,1
3622,분산및병렬프로그래밍,컴퓨터공학과,IT대학,data-structures,자료구조,,,,0.68,prerequisite_material_clean,topic_name,prerequisite,true,false,false,1
3622,분산및병렬프로그래밍,컴퓨터공학과,IT대학,operating-systems,운영체제,,,,0.68,prerequisite_material_clean,topic_name,prerequisite,true,false,false,1
3623,영상통신,컴퓨터공학과,IT대학,artificial-intelligence,인공지능,,,,0.8,learning_objective_clean,topic_name,,true,false,false,1
3629,C++프로그래밍,컴퓨터공학과,IT대학,programming,프로그래밍,,,,1.0,course_name_clean|learning_objective_clean,topic_name,,true,false,true,2
3629,C++프로그래밍,컴퓨터공학과,IT대학,oop,객체지향 프로그래밍,,,,0.8,learning_objective_clean,alias|topic_name,,true,false,false,3
36683,화학 빅데이터 분석법,화학과,자연과학대학,data-analysis,데이터 분석,,,,0.95,course_name_clean,topic_name,,true,false,true,1
36776,데이터마이닝입문,통계학과,자연과학대학,programming,프로그래밍,,,,0.68,prerequisite_material_clean,topic_name,prerequisite,true,false,false,1
36776,데이터마이닝입문,통계학과,자연과학대학,regression-analysis,회귀분석,,,,0.68,prerequisite_material_clean,topic_name,prerequisite,true,false,false,1
36776,데이터마이닝입문,통계학과,자연과학대학,,,회귀,machine-learning,3,0.65,prerequisite_material_clean,depth3_candidate,prerequisite,false,true,false,1
36780,빅데이터통계분석,통계학과,자연과학대학,algorithms,알고리즘,,,,0.8,learning_objective_clean,topic_name,,true,false,false,1
36780,빅데이터통계분석,통계학과,자연과학대학,machine-learning,머신러닝,,,,0.8,learning_objective_clean,topic_name,,true,false,false,1
36780,빅데이터통계분석,통계학과,자연과학대학,programming,프로그래밍,,,,0.83,learning_objective_clean|prerequisite_material_clean,topic_name,prerequisite,true,false,false,2
36780,빅데이터통계분석,통계학과,자연과학대학,regression-analysis,회귀분석,,,,0.68,prerequisite_material_clean,topic_name,prerequisite,true,false,false,1
36780,빅데이터통계분석,통계학과,자연과학대학,,,회귀,machine-learning,3,0.65,prerequisite_material_clean,depth3_candidate,prerequisite,false,true,false,1
36785,데이터사이언스입문,통계학과,자연과학대학,programming,프로그래밍,,,,0.68,prerequisite_material_clean,topic_name,prerequisite,true,false,false,1
36785,데이터사이언스입문,통계학과,자연과학대학,probability-statistics,확률과 통계,,,,0.6,prerequisite_material_clean,alias,prerequisite,true,false,false,1
37021,인공지능과금융,핀테크융합전공,단과대구분없음,artificial-intelligence,인공지능,,,,1.0,course_name_clean|learning_objective_clean,topic_name,,true,false,true,2
37022,금융데이터마이닝,핀테크융합전공,단과대구분없음,programming,프로그래밍,,,,0.68,prerequisite_material_clean,topic_name,prerequisite,true,false,false,1
37022,금융데이터마이닝,핀테크융합전공,단과대구분없음,python,Python,,,,0.65,prerequisite_material_clean,alias,prerequisite,true,false,false,2
37182,데이터사이언스입문,의생명공학전공,정보의생명공학대학,data-visualization,데이터 시각화,,,,0.7,learning_objective_clean,alias,,true,false,false,1
37182,데이터사이언스입문,의생명공학전공,정보의생명공학대학,python,Python,,,,0.85,learning_objective_clean|main_textbook_clean|prerequisite_material_clean,alias|topic_name,prerequisite,true,false,true,3
37182,데이터사이언스입문,의생명공학전공,정보의생명공학대학,programming,프로그래밍,,,,0.68,prerequisite_material_clean,topic_name,prerequisite,true,false,false,1
37182,데이터사이언스입문,의생명공학전공,정보의생명공학대학,programming-basic-syntax,프로그래밍 기초 문법,,,,0.65,prerequisite_material_clean,alias,prerequisite,true,false,false,1
37189,기계학습개론,의생명공학전공,정보의생명공학대학,machine-learning,머신러닝,,,,1.0,course_name_clean|learning_objective_clean|main_textbook_clean,alias,,true,false,true,3
37189,기계학습개론,의생명공학전공,정보의생명공학대학,problem-solving-coding-basics,문제 해결과 코딩 기초,,,,0.75,learning_objective_clean,alias,,true,false,false,1
37189,기계학습개론,의생명공학전공,정보의생명공학대학,linear-algebra,선형대수,,,,0.68,prerequisite_material_clean,topic_name,prerequisite,true,false,false,1
37192,의생명데이터사이언스,의생명공학전공,정보의생명공학대학,probability-statistics,확률과 통계,,,,0.65,prerequisite_material_clean,alias,prerequisite,true,false,false,1
37199,인공지능,데이터사이언스전공,정보의생명공학대학,artificial-intelligence,인공지능,,,,1.0,course_name_clean|learning_objective_clean,topic_name,,true,false,true,2
37199,인공지능,데이터사이언스전공,정보의생명공학대학,deep-learning,딥러닝,,,,0.8,learning_objective_clean,topic_name,,true,false,false,1
37201,객체지향프로그래밍,데이터사이언스전공,정보의생명공학대학,oop,객체지향 프로그래밍,,,,0.98,course_name_clean|learning_objective_clean,alias,,true,false,true,2
37201,객체지향프로그래밍,데이터사이언스전공,정보의생명공학대학,java,Java,,,,0.8,learning_objective_clean,topic_name,,true,false,false,1
37201,객체지향프로그래밍,데이터사이언스전공,정보의생명공학대학,python,Python,,,,0.8,learning_objective_clean,topic_name,,true,false,false,1
37201,객체지향프로그래밍,데이터사이언스전공,정보의생명공학대학,programming,프로그래밍,,,,1.0,course_name_clean|learning_objective_clean|prerequisite_material_clean,topic_name,prerequisite,true,false,true,3
37208,알고리즘,데이터사이언스전공,정보의생명공학대학,algorithms,알고리즘,,,,1.0,course_name_clean|learning_objective_clean|main_textbook_clean,topic_name,,true,false,true,3
37208,알고리즘,데이터사이언스전공,정보의생명공학대학,programming,프로그래밍,,,,0.83,learning_objective_clean|prerequisite_material_clean,topic_name,prerequisite,true,false,false,2
37208,알고리즘,데이터사이언스전공,정보의생명공학대학,data-structures,자료구조,,,,0.68,prerequisite_material_clean,topic_name,prerequisite,true,false,false,1
37576,조선해양기계학습,조선해양공학과,공과대학,machine-learning,머신러닝,,,,1.0,course_name_clean|learning_objective_clean|main_textbook_clean,alias|topic_name,,true,false,true,3
37576,조선해양기계학습,조선해양공학과,공과대학,,,CNN,deep-learning,3,0.8,learning_objective_clean,depth3_candidate,,false,true,false,1
37576,조선해양기계학습,조선해양공학과,공과대학,,,RNN,deep-learning,3,0.8,learning_objective_clean,depth3_candidate,,false,true,false,1
37576,조선해양기계학습,조선해양공학과,공과대학,,,분류,machine-learning,3,0.8,learning_objective_clean,depth3_candidate,,false,true,false,1
37576,조선해양기계학습,조선해양공학과,공과대학,,,신경망,deep-learning,3,0.8,learning_objective_clean,depth3_candidate,,false,true,false,1
37576,조선해양기계학습,조선해양공학과,공과대학,,,회귀,machine-learning,3,0.8,learning_objective_clean,depth3_candidate,,false,true,false,1
37576,조선해양기계학습,조선해양공학과,공과대학,algorithms,알고리즘,,,,0.8,learning_objective_clean,topic_name,,true,false,false,1
37576,조선해양기계학습,조선해양공학과,공과대학,optimization,최적화,,,,0.8,learning_objective_clean,topic_name,,true,false,false,1
37576,조선해양기계학습,조선해양공학과,공과대학,linear-algebra,선형대수,,,,0.83,learning_objective_clean|prerequisite_material_clean,topic_name,prerequisite,true,false,false,2
37576,조선해양기계학습,조선해양공학과,공과대학,programming,프로그래밍,,,,0.68,prerequisite_material_clean,topic_name,prerequisite,true,false,false,1
37576,조선해양기계학습,조선해양공학과,공과대학,python,Python,,,,0.6,prerequisite_material_clean,alias,prerequisite,true,false,false,1
37666,논리설계 및 실험,전기·정보공학부,공과대학,optimization,최적화,,,,0.8,learning_objective_clean,topic_name,,true,false,false,1
37676,프로그래밍방법론,전기·정보공학부,공과대학,programming,프로그래밍,,,,0.95,course_name_clean,topic_name,,true,false,true,1
37676,프로그래밍방법론,전기·정보공학부,공과대학,java,Java,,,,0.8,learning_objective_clean,topic_name,,true,false,false,1
37683,전기시스템선형대수,전기·정보공학부,공과대학,linear-algebra,선형대수,,,,0.98,course_name_clean|main_textbook_clean,alias|topic_name,,true,false,true,2
37683,전기시스템선형대수,전기·정보공학부,공과대학,,,벡터,linear-algebra,3,0.8,learning_objective_clean,depth3_candidate,,false,true,false,1
37683,전기시스템선형대수,전기·정보공학부,공과대학,,,행렬,linear-algebra,3,0.8,learning_objective_clean,depth3_candidate,,false,true,false,1
37685,자료구조의 기초,전기·정보공학부,공과대학,data-structures,자료구조,,,,1.0,course_name_clean|learning_objective_clean,alias|topic_name,,true,false,true,3
37685,자료구조의 기초,전기·정보공학부,공과대학,,,리스트,data-structures,3,0.8,learning_objective_clean,depth3_candidate,,false,true,false,1
37685,자료구조의 기초,전기·정보공학부,공과대학,,,스택,data-structures,3,0.8,learning_objective_clean,depth3_candidate,,false,true,false,1
37685,자료구조의 기초,전기·정보공학부,공과대학,,,큐,data-structures,3,0.8,learning_objective_clean,depth3_candidate,,false,true,false,1
37685,자료구조의 기초,전기·정보공학부,공과대학,,,트리,data-structures,3,0.8,learning_objective_clean,depth3_candidate,,false,true,false,1
37685,자료구조의 기초,전기·정보공학부,공과대학,,,함수,programming-basic-syntax,3,0.8,learning_objective_clean,depth3_candidate,,false,true,false,1
37685,자료구조의 기초,전기·정보공학부,공과대학,algorithms,알고리즘,,,,0.8,learning_objective_clean,topic_name,,true,false,false,1
37685,자료구조의 기초,전기·정보공학부,공과대학,programming,프로그래밍,,,,0.8,learning_objective_clean,topic_name,,true,false,false,1
37686,자료구조의 기초,전기·정보공학부,공과대학,data-structures,자료구조,,,,0.95,course_name_clean,topic_name,,true,false,true,1
37686,자료구조의 기초,전기·정보공학부,공과대학,,,리스트,data-structures,3,0.8,learning_objective_clean,depth3_candidate,,false,true,false,1
37686,자료구조의 기초,전기·정보공학부,공과대학,,,스택,data-structures,3,0.8,learning_objective_clean,depth3_candidate,,false,true,false,1
37686,자료구조의 기초,전기·정보공학부,공과대학,,,큐,data-structures,3,0.8,learning_objective_clean,depth3_candidate,,false,true,false,1
37686,자료구조의 기초,전기·정보공학부,공과대학,,,트리,data-structures,3,0.8,learning_objective_clean,depth3_candidate,,false,true,false,1
37686,자료구조의 기초,전기·정보공학부,공과대학,algorithms,알고리즘,,,,0.8,learning_objective_clean,topic_name,,true,false,false,1
37686,자료구조의 기초,전기·정보공학부,공과대학,programming,프로그래밍,,,,0.8,learning_objective_clean,topic_name,,true,false,false,1
37687,아날로그전자회로,전기·정보공학부,공과대학,,,입출력,programming-basic-syntax,3,0.8,learning_objective_clean,depth3_candidate,,false,true,false,1
37696,확률변수 및 확률과정의 기초,전기·정보공학부,공과대학,,,변수,programming-basic-syntax,3,0.93,course_name_clean|learning_objective_clean,depth3_candidate,,false,true,false,2
37697,확률변수 및 확률과정의 기초,전기·정보공학부,공과대학,,,변수,programming-basic-syntax,3,0.93,course_name_clean|learning_objective_clean,depth3_candidate,,false,true,false,2
37698,확률변수 및 확률과정의 기초,전기·정보공학부,공과대학,,,변수,programming-basic-syntax,3,0.85,course_name_clean,depth3_candidate,,false,true,false,1
37709,알고리즘의 기초,전기·정보공학부,공과대학,algorithms,알고리즘,,,,1.0,course_name_clean|learning_objective_clean,topic_name,,true,false,true,2
37709,알고리즘의 기초,전기·정보공학부,공과대학,,,그래프 자료구조,data-structures,3,0.8,learning_objective_clean,depth3_candidate,,false,true,false,1
37709,알고리즘의 기초,전기·정보공학부,공과대학,,,동적 계획법,algorithms,3,0.8,learning_objective_clean,depth3_candidate,,false,true,false,1
37709,알고리즘의 기초,전기·정보공학부,공과대학,database,데이터베이스,,,,0.8,learning_objective_clean,topic_name,,true,false,false,1
37709,알고리즘의 기초,전기·정보공학부,공과대학,programming,프로그래밍,,,,0.8,learning_objective_clean,topic_name,,true,false,false,1
37735,임베디드시스템설계,전기·정보공학부,공과대학,operating-systems,운영체제,,,,0.8,learning_objective_clean,topic_name,,true,false,false,1
37735,임베디드시스템설계,전기·정보공학부,공과대학,algorithms,알고리즘,,,,0.68,prerequisite_material_clean,topic_name,prerequisite,true,false,false,1
37735,임베디드시스템설계,전기·정보공학부,공과대학,data-structures,자료구조,,,,0.68,prerequisite_material_clean,topic_name,prerequisite,true,false,false,1
37754,딥러닝의 기초,전기·정보공학부,공과대학,deep-learning,딥러닝,,,,1.0,course_name_clean|learning_objective_clean|main_textbook_clean,alias|topic_name,,true,false,true,3
37754,딥러닝의 기초,전기·정보공학부,공과대학,,,CNN,deep-learning,3,0.8,learning_objective_clean,depth3_candidate,,false,true,false,1
37754,딥러닝의 기초,전기·정보공학부,공과대학,,,RNN,deep-learning,3,0.8,learning_objective_clean,depth3_candidate,,false,true,false,1
37754,딥러닝의 기초,전기·정보공학부,공과대학,artificial-intelligence,인공지능,,,,0.8,learning_objective_clean,topic_name,,true,false,false,1
37754,딥러닝의 기초,전기·정보공학부,공과대학,computer-vision,컴퓨터 비전,,,,0.8,learning_objective_clean,topic_name,,true,false,false,1
37754,딥러닝의 기초,전기·정보공학부,공과대학,machine-learning,머신러닝,,,,0.8,learning_objective_clean,topic_name,,true,false,false,1
37754,딥러닝의 기초,전기·정보공학부,공과대학,natural-language-processing,자연어 처리,,,,0.8,learning_objective_clean,topic_name,,true,false,false,1
37919,이산수학,컴퓨터공학부,공과대학,discrete-mathematics,이산수학,,,,0.95,course_name_clean,topic_name,,true,false,true,1
37920,프로그래밍연습,컴퓨터공학부,공과대학,programming,프로그래밍,,,,1.0,course_name_clean|learning_objective_clean,topic_name,,true,false,true,2
37920,프로그래밍연습,컴퓨터공학부,공과대학,c-language,C언어,,,,0.8,learning_objective_clean,alias|topic_name,,true,false,false,2
37920,프로그래밍연습,컴퓨터공학부,공과대학,programming-basic-syntax,프로그래밍 기초 문법,,,,0.75,learning_objective_clean,alias,,true,false,false,1
37930,컴퓨터구조,컴퓨터공학부,공과대학,computer-architecture,컴퓨터구조,,,,0.95,course_name_clean,topic_name,,true,false,true,1
37930,컴퓨터구조,컴퓨터공학부,공과대학,,,입출력,programming-basic-syntax,3,0.8,learning_objective_clean,depth3_candidate,,false,true,false,1
37931,컴퓨터구조,컴퓨터공학부,공과대학,computer-architecture,컴퓨터구조,,,,0.95,course_name_clean,topic_name,,true,false,true,1
37931,컴퓨터구조,컴퓨터공학부,공과대학,,,입출력,programming-basic-syntax,3,0.8,learning_objective_clean,depth3_candidate,,false,true,false,1
37936,알고리즘,컴퓨터공학부,공과대학,algorithms,알고리즘,,,,1.0,course_name_clean|learning_objective_clean|main_textbook_clean,topic_name,,true,false,true,3
37936,알고리즘,컴퓨터공학부,공과대학,,,그리디 알고리즘,algorithms,3,0.8,learning_objective_clean,depth3_candidate,,false,true,false,1
37936,알고리즘,컴퓨터공학부,공과대학,,,재귀,algorithms,3,0.8,learning_objective_clean,depth3_candidate,,false,true,false,1
37936,알고리즘,컴퓨터공학부,공과대학,,,정렬,algorithms,3,0.8,learning_objective_clean,depth3_candidate,,false,true,false,1
37936,알고리즘,컴퓨터공학부,공과대학,,,탐색,algorithms,3,0.8,learning_objective_clean,depth3_candidate,,false,true,false,1
37936,알고리즘,컴퓨터공학부,공과대학,,,트리,data-structures,3,0.8,learning_objective_clean,depth3_candidate,,false,true,false,1
37936,알고리즘,컴퓨터공학부,공과대학,,,해시,data-structures,3,0.8,learning_objective_clean,depth3_candidate,,false,true,false,1
37936,알고리즘,컴퓨터공학부,공과대학,programming,프로그래밍,,,,0.8,learning_objective_clean,topic_name,,true,false,false,1
37936,알고리즘,컴퓨터공학부,공과대학,data-structures,자료구조,,,,0.68,prerequisite_material_clean,topic_name,prerequisite,true,false,false,1
37936,알고리즘,컴퓨터공학부,공과대학,java,Java,,,,0.68,prerequisite_material_clean,topic_name,prerequisite,true,false,false,1
37937,알고리즘,컴퓨터공학부,공과대학,algorithms,알고리즘,,,,1.0,course_name_clean|learning_objective_clean,topic_name,,true,false,true,2
37937,알고리즘,컴퓨터공학부,공과대학,,,재귀,algorithms,3,0.8,learning_objective_clean,depth3_candidate,,false,true,false,1
37937,알고리즘,컴퓨터공학부,공과대학,,,정렬,algorithms,3,0.8,learning_objective_clean,depth3_candidate,,false,true,false,1
37937,알고리즘,컴퓨터공학부,공과대학,,,탐색,algorithms,3,0.8,learning_objective_clean,depth3_candidate,,false,true,false,1
37937,알고리즘,컴퓨터공학부,공과대학,,,트리,data-structures,3,0.8,learning_objective_clean,depth3_candidate,,false,true,false,1
37937,알고리즘,컴퓨터공학부,공과대학,,,해시,data-structures,3,0.8,learning_objective_clean,depth3_candidate,,false,true,false,1
37937,알고리즘,컴퓨터공학부,공과대학,programming,프로그래밍,,,,0.8,learning_objective_clean,topic_name,,true,false,false,1
37937,알고리즘,컴퓨터공학부,공과대학,problem-solving-coding-basics,문제 해결과 코딩 기초,,,,0.75,learning_objective_clean,alias,,true,false,false,1
37938,인공지능,컴퓨터공학부,공과대학,artificial-intelligence,인공지능,,,,0.95,course_name_clean,topic_name,,true,false,true,1
37951,논리설계,컴퓨터공학부,공과대학,programming,프로그래밍,,,,0.68,prerequisite_material_clean,topic_name,prerequisite,true,false,false,1
37956,자료구조,컴퓨터공학부,공과대학,data-structures,자료구조,,,,1.0,course_name_clean|learning_objective_clean|main_textbook_clean,topic_name,,true,false,true,3
37956,자료구조,컴퓨터공학부,공과대학,,,스택,data-structures,3,0.8,learning_objective_clean,depth3_candidate,,false,true,false,1
37956,자료구조,컴퓨터공학부,공과대학,,,큐,data-structures,3,0.8,learning_objective_clean,depth3_candidate,,false,true,false,1
37956,자료구조,컴퓨터공학부,공과대학,,,트리,data-structures,3,0.8,learning_objective_clean,depth3_candidate,,false,true,false,1
37956,자료구조,컴퓨터공학부,공과대학,,,해시,data-structures,3,0.8,learning_objective_clean,depth3_candidate,,false,true,false,1
37956,자료구조,컴퓨터공학부,공과대학,problem-solving-coding-basics,문제 해결과 코딩 기초,,,,0.75,learning_objective_clean,alias,,true,false,false,1
37956,자료구조,컴퓨터공학부,공과대학,java,Java,,,,0.45,main_textbook_clean,alias,,true,false,false,1
38146,인공지능 반도체 회로 설계 프로젝트,연합전공 인공지능반도체공학,공과대학,artificial-intelligence,인공지능,,,,0.95,course_name_clean,topic_name,,true,false,true,1
40105,공간정보분석 2: 머신러닝,지리학과,사회과학대학,machine-learning,머신러닝,,,,0.95,course_name_clean,topic_name,,true,false,true,1
4190,알고리즘,기타모집단위,단과대구분없음,algorithms,알고리즘,,,,1.0,course_name_clean|learning_objective_clean|main_textbook_clean,alias|topic_name,,true,false,true,4
4190,알고리즘,기타모집단위,단과대구분없음,data-structures,자료구조,,,,0.68,prerequisite_material_clean,topic_name,prerequisite,true,false,false,1
4190,알고리즘,기타모집단위,단과대구분없음,programming,프로그래밍,,,,0.68,prerequisite_material_clean,topic_name,prerequisite,true,false,false,1
4190,알고리즘,기타모집단위,단과대구분없음,programming-basic-syntax,프로그래밍 기초 문법,,,,0.65,prerequisite_material_clean,alias,prerequisite,true,false,false,1
4191,알고리즘,기타모집단위,단과대구분없음,algorithms,알고리즘,,,,1.0,course_name_clean|learning_objective_clean|main_textbook_clean,topic_name,,true,false,true,3
4191,알고리즘,기타모집단위,단과대구분없음,data-structures,자료구조,,,,0.68,prerequisite_material_clean,topic_name,prerequisite,true,false,false,1
4191,알고리즘,기타모집단위,단과대구분없음,programming,프로그래밍,,,,0.68,prerequisite_material_clean,topic_name,prerequisite,true,false,false,1
4191,알고리즘,기타모집단위,단과대구분없음,programming-basic-syntax,프로그래밍 기초 문법,,,,0.65,prerequisite_material_clean,alias,prerequisite,true,false,false,1
4192,데이터분석프로그래밍,기타모집단위,단과대구분없음,data-analysis,데이터 분석,,,,0.83,learning_objective_clean|main_textbook_clean,topic_name,,true,false,false,2
4192,데이터분석프로그래밍,기타모집단위,단과대구분없음,machine-learning,머신러닝,,,,0.5,main_textbook_clean,topic_name,,true,false,false,1
4192,데이터분석프로그래밍,기타모집단위,단과대구분없음,programming,프로그래밍,,,,0.98,course_name_clean|prerequisite_material_clean,topic_name,prerequisite,true,false,true,2
4192,데이터분석프로그래밍,기타모집단위,단과대구분없음,python,Python,,,,0.68,main_textbook_clean|prerequisite_material_clean,alias,prerequisite,true,false,false,3
4192,데이터분석프로그래밍,기타모집단위,단과대구분없음,linear-algebra,선형대수,,,,0.68,prerequisite_material_clean,alias|topic_name,prerequisite,true,false,false,2
4192,데이터분석프로그래밍,기타모집단위,단과대구분없음,algorithms,알고리즘,,,,0.68,prerequisite_material_clean,topic_name,prerequisite,true,false,false,1
4192,데이터분석프로그래밍,기타모집단위,단과대구분없음,data-structures,자료구조,,,,0.68,prerequisite_material_clean,topic_name,prerequisite,true,false,false,1
4195,컴퓨터구조,기타모집단위,단과대구분없음,computer-architecture,컴퓨터구조,,,,0.98,course_name_clean|main_textbook_clean,alias|topic_name,,true,false,true,2
4196,컴퓨터구조,기타모집단위,단과대구분없음,computer-architecture,컴퓨터구조,,,,0.95,course_name_clean,topic_name,,true,false,true,1
4197,데이터베이스,기타모집단위,단과대구분없음,database,데이터베이스,,,,0.98,course_name_clean|main_textbook_clean,topic_name,,true,false,true,2
4197,데이터베이스,기타모집단위,단과대구분없음,data-structures,자료구조,,,,0.68,prerequisite_material_clean,topic_name,prerequisite,true,false,false,1
4199,인공지능,기타모집단위,단과대구분없음,artificial-intelligence,인공지능,,,,1.0,course_name_clean|learning_objective_clean|main_textbook_clean,topic_name,,true,false,true,3
4199,인공지능,기타모집단위,단과대구분없음,,,신경망,deep-learning,3,0.8,learning_objective_clean,depth3_candidate,,false,true,false,1
4199,인공지능,기타모집단위,단과대구분없음,discrete-mathematics,이산수학,,,,0.68,prerequisite_material_clean,topic_name,prerequisite,true,false,false,1
4199,인공지능,기타모집단위,단과대구분없음,programming,프로그래밍,,,,0.68,prerequisite_material_clean,topic_name,prerequisite,true,false,false,1
4199,인공지능,기타모집단위,단과대구분없음,python,Python,,,,0.6,prerequisite_material_clean,alias,prerequisite,true,false,false,1
4351,사이버보안관제,기타모집단위,단과대구분없음,server-basics,서버 기초,,,,0.7,learning_objective_clean,alias,,true,false,false,1
4351,사이버보안관제,기타모집단위,단과대구분없음,networks,네트워크,,,,0.85,learning_objective_clean|main_textbook_clean|prerequisite_material_clean,topic_name,prerequisite,true,false,true,3
4351,사이버보안관제,기타모집단위,단과대구분없음,,,프로토콜,networks,3,0.83,learning_objective_clean|prerequisite_material_clean,depth3_candidate,prerequisite,false,true,false,2
43900,데이터마이닝 방법 및 실습,통계학과,자연과학대학,,,분류,machine-learning,3,0.8,learning_objective_clean,depth3_candidate,,false,true,false,1
43900,데이터마이닝 방법 및 실습,통계학과,자연과학대학,,,회귀,machine-learning,3,0.8,learning_objective_clean,depth3_candidate,,false,true,false,1
43900,데이터마이닝 방법 및 실습,통계학과,자연과학대학,regression-analysis,회귀분석,,,,0.8,learning_objective_clean,topic_name,,true,false,false,1
4392,데이터사이언스개론,데이터사이언스학과,단과대구분없음,machine-learning,머신러닝,,,,0.8,learning_objective_clean,topic_name,,true,false,false,1
4392,데이터사이언스개론,데이터사이언스학과,단과대구분없음,programming,프로그래밍,,,,0.8,learning_objective_clean,topic_name,,true,false,false,1
4392,데이터사이언스개론,데이터사이언스학과,단과대구분없음,python,Python,,,,0.6,prerequisite_material_clean,alias,prerequisite,true,false,false,1
4394,데이터처리프로그래밍,데이터사이언스학과,단과대구분없음,programming,프로그래밍,,,,1.0,course_name_clean|learning_objective_clean|main_textbook_clean,topic_name,,true,false,true,3
4394,데이터처리프로그래밍,데이터사이언스학과,단과대구분없음,python,Python,,,,0.78,learning_objective_clean|main_textbook_clean,alias,,true,false,false,4
4394,데이터처리프로그래밍,데이터사이언스학과,단과대구분없음,programming-basic-syntax,프로그래밍 기초 문법,,,,0.75,learning_objective_clean,alias,,true,false,false,1
4399,빅데이터분석및활용,데이터사이언스학과,단과대구분없음,machine-learning,머신러닝,,,,0.8,learning_objective_clean,topic_name,,true,false,false,1
4399,빅데이터분석및활용,데이터사이언스학과,단과대구분없음,programming,프로그래밍,,,,0.68,prerequisite_material_clean,topic_name,prerequisite,true,false,false,1
4399,빅데이터분석및활용,데이터사이언스학과,단과대구분없음,python,Python,,,,0.6,prerequisite_material_clean,alias,prerequisite,true,false,false,1
44674,(공유)AI입문,혁신공유학부,혁신공유학부,,,분류,machine-learning,3,0.8,learning_objective_clean,depth3_candidate,,false,true,false,1
44674,(공유)AI입문,혁신공유학부,혁신공유학부,data-analysis,데이터 분석,,,,0.8,learning_objective_clean,topic_name,,true,false,false,1
44674,(공유)AI입문,혁신공유학부,혁신공유학부,deep-learning,딥러닝,,,,0.5,main_textbook_clean,topic_name,,true,false,false,1
44674,(공유)AI입문,혁신공유학부,혁신공유학부,machine-learning,머신러닝,,,,0.5,main_textbook_clean,topic_name,,true,false,false,1
44675,(공유)AI입문,혁신공유학부,혁신공유학부,,,분류,machine-learning,3,0.8,learning_objective_clean,depth3_candidate,,false,true,false,1
44675,(공유)AI입문,혁신공유학부,혁신공유학부,,,회귀,machine-learning,3,0.8,learning_objective_clean,depth3_candidate,,false,true,false,1
44675,(공유)AI입문,혁신공유학부,혁신공유학부,artificial-intelligence,인공지능,,,,0.8,learning_objective_clean,topic_name,,true,false,false,1
44675,(공유)AI입문,혁신공유학부,혁신공유학부,data-analysis,데이터 분석,,,,0.8,learning_objective_clean,topic_name,,true,false,false,1
44675,(공유)AI입문,혁신공유학부,혁신공유학부,deep-learning,딥러닝,,,,0.5,main_textbook_clean,topic_name,,true,false,false,1
44675,(공유)AI입문,혁신공유학부,혁신공유학부,machine-learning,머신러닝,,,,0.5,main_textbook_clean,topic_name,,true,false,false,1
45896,신재생에너지실험,신소재공학부(전자재료공학),공과대학,,,해시,data-structures,3,0.8,learning_objective_clean,depth3_candidate,,false,true,false,1
45950,선형대수학,컴퓨터공학부,공과대학,linear-algebra,선형대수,,,,1.0,course_name_clean|learning_objective_clean,alias|topic_name,,true,false,true,4
45950,선형대수학,컴퓨터공학부,공과대학,,,벡터,linear-algebra,3,0.83,learning_objective_clean|prerequisite_material_clean,depth3_candidate,prerequisite,false,true,false,2
45950,선형대수학,컴퓨터공학부,공과대학,,,행렬,linear-algebra,3,0.83,learning_objective_clean|prerequisite_material_clean,depth3_candidate,prerequisite,false,true,false,2
45951,선형대수학,컴퓨터공학부,공과대학,linear-algebra,선형대수,,,,1.0,course_name_clean|learning_objective_clean,alias|topic_name,,true,false,true,4
45951,선형대수학,컴퓨터공학부,공과대학,,,벡터,linear-algebra,3,0.83,learning_objective_clean|prerequisite_material_clean,depth3_candidate,prerequisite,false,true,false,2
45951,선형대수학,컴퓨터공학부,공과대학,,,행렬,linear-algebra,3,0.83,learning_objective_clean|prerequisite_material_clean,depth3_candidate,prerequisite,false,true,false,2
45952,소프트웨어공학,컴퓨터공학부,공과대학,testing,테스트,,,,0.8,learning_objective_clean,topic_name,,true,false,false,1
45954,수치해석,컴퓨터공학부,공과대학,numerical-analysis,수치해석,,,,1.0,course_name_clean|learning_objective_clean|main_textbook_clean,alias|topic_name,,true,false,true,4
45954,수치해석,컴퓨터공학부,공과대학,,,행렬,linear-algebra,3,0.8,learning_objective_clean,depth3_candidate,,false,true,false,1
45954,수치해석,컴퓨터공학부,공과대학,,,회귀,machine-learning,3,0.8,learning_objective_clean,depth3_candidate,,false,true,false,1
45954,수치해석,컴퓨터공학부,공과대학,optimization,최적화,,,,0.8,learning_objective_clean,topic_name,,true,false,false,1
45954,수치해석,컴퓨터공학부,공과대학,probability-statistics,확률과 통계,,,,0.8,learning_objective_clean,topic_name,,true,false,false,1
45954,수치해석,컴퓨터공학부,공과대학,python,Python,,,,0.8,learning_objective_clean,topic_name,,true,false,false,1
45954,수치해석,컴퓨터공학부,공과대학,linear-algebra,선형대수,,,,0.83,learning_objective_clean|prerequisite_material_clean,alias|topic_name,prerequisite,true,false,false,3
45954,수치해석,컴퓨터공학부,공과대학,discrete-mathematics,이산수학,,,,0.68,prerequisite_material_clean,topic_name,prerequisite,true,false,false,1
45955,알고리즘,컴퓨터공학부,공과대학,algorithms,알고리즘,,,,1.0,course_name_clean|learning_objective_clean|main_textbook_clean,topic_name,,true,false,true,3
45955,알고리즘,컴퓨터공학부,공과대학,data-structures,자료구조,,,,0.68,prerequisite_material_clean,topic_name,prerequisite,true,false,false,1
45955,알고리즘,컴퓨터공학부,공과대학,discrete-mathematics,이산수학,,,,0.68,prerequisite_material_clean,topic_name,prerequisite,true,false,false,1
45955,알고리즘,컴퓨터공학부,공과대학,programming,프로그래밍,,,,0.68,prerequisite_material_clean,topic_name,prerequisite,true,false,false,1
45956,알고리즘,컴퓨터공학부,공과대학,algorithms,알고리즘,,,,1.0,course_name_clean|learning_objective_clean|main_textbook_clean,topic_name,,true,false,true,3
45956,알고리즘,컴퓨터공학부,공과대학,data-structures,자료구조,,,,0.68,prerequisite_material_clean,topic_name,prerequisite,true,false,false,1
45956,알고리즘,컴퓨터공학부,공과대학,discrete-mathematics,이산수학,,,,0.68,prerequisite_material_clean,topic_name,prerequisite,true,false,false,1
45956,알고리즘,컴퓨터공학부,공과대학,programming,프로그래밍,,,,0.68,prerequisite_material_clean,topic_name,prerequisite,true,false,false,1
45957,영상처리,컴퓨터공학부,공과대학,artificial-intelligence,인공지능,,,,0.8,learning_objective_clean,topic_name,,true,false,false,1
45957,영상처리,컴퓨터공학부,공과대학,computer-vision,컴퓨터 비전,,,,0.8,learning_objective_clean,topic_name,,true,false,false,1
45957,영상처리,컴퓨터공학부,공과대학,linear-algebra,선형대수,,,,0.68,prerequisite_material_clean,topic_name,prerequisite,true,false,false,1
45957,영상처리,컴퓨터공학부,공과대학,programming,프로그래밍,,,,0.68,prerequisite_material_clean,topic_name,prerequisite,true,false,false,1
45958,운영체제,컴퓨터공학부,공과대학,operating-systems,운영체제,,,,1.0,course_name_clean|learning_objective_clean,topic_name,,true,false,true,2
45958,운영체제,컴퓨터공학부,공과대학,c-language,C언어,,,,0.68,prerequisite_material_clean,alias|topic_name,prerequisite,true,false,false,2
45958,운영체제,컴퓨터공학부,공과대학,computer-architecture,컴퓨터구조,,,,0.68,prerequisite_material_clean,topic_name,prerequisite,true,false,false,1
45958,운영체제,컴퓨터공학부,공과대학,data-structures,자료구조,,,,0.68,prerequisite_material_clean,topic_name,prerequisite,true,false,false,1
45958,운영체제,컴퓨터공학부,공과대학,programming,프로그래밍,,,,0.68,prerequisite_material_clean,topic_name,prerequisite,true,false,false,1
45958,운영체제,컴퓨터공학부,공과대학,system-programming-basics,시스템 프로그래밍 기초,,,,0.65,prerequisite_material_clean,alias,prerequisite,true,false,false,1
45960,인공지능,컴퓨터공학부,공과대학,artificial-intelligence,인공지능,,,,1.0,course_name_clean|learning_objective_clean|main_textbook_clean,topic_name,,true,false,true,3
45960,인공지능,컴퓨터공학부,공과대학,programming,프로그래밍,,,,0.83,learning_objective_clean|prerequisite_material_clean,topic_name,prerequisite,true,false,false,2
45960,인공지능,컴퓨터공학부,공과대학,python,Python,,,,0.8,learning_objective_clean|main_textbook_clean|prerequisite_material_clean,alias,prerequisite,true,false,false,5
45961,자료구조,컴퓨터공학부,공과대학,data-structures,자료구조,,,,1.0,course_name_clean|learning_objective_clean|main_textbook_clean,topic_name,,true,false,true,3
45961,자료구조,컴퓨터공학부,공과대학,algorithms,알고리즘,,,,0.8,learning_objective_clean,alias|topic_name,,true,false,false,2
45961,자료구조,컴퓨터공학부,공과대학,,,리스트,data-structures,3,0.8,learning_objective_clean,depth3_candidate,,false,true,false,1
45961,자료구조,컴퓨터공학부,공과대학,,,배열,data-structures,3,0.8,learning_objective_clean,depth3_candidate,,false,true,false,1
45961,자료구조,컴퓨터공학부,공과대학,,,스택,data-structures,3,0.8,learning_objective_clean,depth3_candidate,,false,true,false,1
45961,자료구조,컴퓨터공학부,공과대학,,,큐,data-structures,3,0.8,learning_objective_clean,depth3_candidate,,false,true,false,1
45961,자료구조,컴퓨터공학부,공과대학,,,트리,data-structures,3,0.8,learning_objective_clean,depth3_candidate,,false,true,false,1
45961,자료구조,컴퓨터공학부,공과대학,programming,프로그래밍,,,,0.68,prerequisite_material_clean,topic_name,prerequisite,true,false,false,1
45962,자료구조,컴퓨터공학부,공과대학,data-structures,자료구조,,,,1.0,course_name_clean|learning_objective_clean|main_textbook_clean,topic_name,,true,false,true,3
45962,자료구조,컴퓨터공학부,공과대학,,,리스트,data-structures,3,0.8,learning_objective_clean,depth3_candidate,,false,true,false,1
45962,자료구조,컴퓨터공학부,공과대학,,,배열,data-structures,3,0.8,learning_objective_clean,depth3_candidate,,false,true,false,1
45962,자료구조,컴퓨터공학부,공과대학,,,스택,data-structures,3,0.8,learning_objective_clean,depth3_candidate,,false,true,false,1
45962,자료구조,컴퓨터공학부,공과대학,,,큐,data-structures,3,0.8,learning_objective_clean,depth3_candidate,,false,true,false,1
45962,자료구조,컴퓨터공학부,공과대학,,,트리,data-structures,3,0.8,learning_objective_clean,depth3_candidate,,false,true,false,1
45962,자료구조,컴퓨터공학부,공과대학,programming,프로그래밍,,,,0.83,learning_objective_clean|prerequisite_material_clean,topic_name,prerequisite,true,false,false,2
45962,자료구조,컴퓨터공학부,공과대학,discrete-mathematics,이산수학,,,,0.68,prerequisite_material_clean,topic_name,prerequisite,true,false,false,1
45965,컴퓨터구조,컴퓨터공학부,공과대학,computer-architecture,컴퓨터구조,,,,0.95,course_name_clean,topic_name,,true,false,true,1
45966,컴퓨터구조,컴퓨터공학부,공과대학,computer-architecture,컴퓨터구조,,,,0.95,course_name_clean,topic_name,,true,false,true,1
45967,컴퓨터구조,컴퓨터공학부,공과대학,computer-architecture,컴퓨터구조,,,,0.95,course_name_clean,topic_name,,true,false,true,1
45969,컴퓨터네트워크,컴퓨터공학부,공과대학,networks,네트워크,,,,1.0,course_name_clean|learning_objective_clean,alias|topic_name,,true,false,true,4
45969,컴퓨터네트워크,컴퓨터공학부,공과대학,,,TCP/IP,networks,3,0.8,learning_objective_clean,depth3_candidate,,false,true,false,1
45969,컴퓨터네트워크,컴퓨터공학부,공과대학,,,인터넷,networks,3,0.8,learning_objective_clean,depth3_candidate,,false,true,false,1
45969,컴퓨터네트워크,컴퓨터공학부,공과대학,,,프로토콜,networks,3,0.8,learning_objective_clean,depth3_candidate,,false,true,false,1
45969,컴퓨터네트워크,컴퓨터공학부,공과대학,programming,프로그래밍,,,,0.8,learning_objective_clean,topic_name,,true,false,false,1
45969,컴퓨터네트워크,컴퓨터공학부,공과대학,c-language,C언어,,,,0.68,prerequisite_material_clean,alias|topic_name,prerequisite,true,false,false,2
45969,컴퓨터네트워크,컴퓨터공학부,공과대학,computer-architecture,컴퓨터구조,,,,0.68,prerequisite_material_clean,topic_name,prerequisite,true,false,false,1
45970,컴퓨터네트워크,컴퓨터공학부,공과대학,networks,네트워크,,,,1.0,course_name_clean|learning_objective_clean,alias|topic_name,,true,false,true,4
45970,컴퓨터네트워크,컴퓨터공학부,공과대학,,,TCP/IP,networks,3,0.8,learning_objective_clean,depth3_candidate,,false,true,false,1
45971,프로그래밍언어론,컴퓨터공학부,공과대학,,,함수,programming-basic-syntax,3,0.8,learning_objective_clean,depth3_candidate,,false,true,false,1
45971,프로그래밍언어론,컴퓨터공학부,공과대학,java,Java,,,,0.8,learning_objective_clean,topic_name,,true,false,false,1
45971,프로그래밍언어론,컴퓨터공학부,공과대학,oop,객체지향 프로그래밍,,,,0.75,learning_objective_clean,alias,,true,false,false,1
45971,프로그래밍언어론,컴퓨터공학부,공과대학,programming,프로그래밍,,,,1.0,course_name_clean|learning_objective_clean|prerequisite_material_clean,topic_name,prerequisite,true,false,true,3
45972,프로그래밍언어론,컴퓨터공학부,공과대학,programming,프로그래밍,,,,1.0,course_name_clean|learning_objective_clean|main_textbook_clean,topic_name,,true,false,true,3
45972,프로그래밍언어론,컴퓨터공학부,공과대학,,,함수,programming-basic-syntax,3,0.8,learning_objective_clean,depth3_candidate,,false,true,false,1
45972,프로그래밍언어론,컴퓨터공학부,공과대학,java,Java,,,,0.8,learning_objective_clean,topic_name,,true,false,false,1
45972,프로그래밍언어론,컴퓨터공학부,공과대학,oop,객체지향 프로그래밍,,,,0.78,learning_objective_clean|prerequisite_material_clean,alias,prerequisite,true,false,false,2
45973,확률및통계,컴퓨터공학부,공과대학,probability-statistics,확률과 통계,,,,0.9,course_name_clean,alias,,true,false,true,1
45974,확률및통계,컴퓨터공학부,공과대학,probability-statistics,확률과 통계,,,,0.9,course_name_clean,alias,,true,false,true,1
46007,이산수학,컴퓨터공학부,공과대학,discrete-mathematics,이산수학,,,,1.0,course_name_clean|learning_objective_clean|main_textbook_clean,alias|topic_name,,true,false,true,4
46007,이산수학,컴퓨터공학부,공과대학,,,트리,data-structures,3,0.8,learning_objective_clean,depth3_candidate,,false,true,false,1
46007,이산수학,컴퓨터공학부,공과대학,algorithms,알고리즘,,,,0.8,learning_objective_clean,topic_name,,true,false,false,1
46007,이산수학,컴퓨터공학부,공과대학,data-structures,자료구조,,,,0.8,learning_objective_clean,topic_name,,true,false,false,1
46009,데이터베이스,컴퓨터공학부,공과대학,database,데이터베이스,,,,1.0,course_name_clean|learning_objective_clean,topic_name,,true,false,true,2
46009,데이터베이스,컴퓨터공학부,공과대학,sql,SQL,,,,0.8,learning_objective_clean,topic_name,,true,false,false,1
46009,데이터베이스,컴퓨터공학부,공과대학,programming,프로그래밍,,,,0.68,prerequisite_material_clean,topic_name,prerequisite,true,false,false,1
46009,데이터베이스,컴퓨터공학부,공과대학,java,Java,,,,0.6,prerequisite_material_clean,alias,prerequisite,true,false,false,1
46011,데이터마이닝,컴퓨터공학부,공과대학,,,분류,machine-learning,3,0.8,learning_objective_clean,depth3_candidate,,false,true,false,1
46011,데이터마이닝,컴퓨터공학부,공과대학,,,클러스터링,machine-learning,3,0.8,learning_objective_clean,depth3_candidate,,false,true,false,1
46011,데이터마이닝,컴퓨터공학부,공과대학,,,트리,data-structures,3,0.8,learning_objective_clean,depth3_candidate,,false,true,false,1
46011,데이터마이닝,컴퓨터공학부,공과대학,,,회귀,machine-learning,3,0.8,learning_objective_clean,depth3_candidate,,false,true,false,1
46011,데이터마이닝,컴퓨터공학부,공과대학,data-analysis,데이터 분석,,,,0.8,learning_objective_clean,topic_name,,true,false,false,1
46011,데이터마이닝,컴퓨터공학부,공과대학,algorithms,알고리즘,,,,0.83,learning_objective_clean|prerequisite_material_clean,topic_name,prerequisite,true,false,false,2
46011,데이터마이닝,컴퓨터공학부,공과대학,programming,프로그래밍,,,,0.83,learning_objective_clean|prerequisite_material_clean,topic_name,prerequisite,true,false,false,2
46011,데이터마이닝,컴퓨터공학부,공과대학,python,Python,,,,0.83,learning_objective_clean|prerequisite_material_clean,topic_name,prerequisite,true,false,false,2
46011,데이터마이닝,컴퓨터공학부,공과대학,linear-algebra,선형대수,,,,0.68,prerequisite_material_clean,alias|topic_name,prerequisite,true,false,false,2
46012,데이터통신,컴퓨터공학부,공과대학,networks,네트워크,,,,0.8,learning_objective_clean,alias|topic_name,,true,false,false,2
46012,데이터통신,컴퓨터공학부,공과대학,computer-architecture,컴퓨터구조,,,,0.68,prerequisite_material_clean,topic_name,prerequisite,true,false,false,1
46012,데이터통신,컴퓨터공학부,공과대학,data-structures,자료구조,,,,0.68,prerequisite_material_clean,topic_name,prerequisite,true,false,false,1
46013,데이터통신,컴퓨터공학부,공과대학,,,프로토콜,networks,3,0.8,learning_objective_clean,depth3_candidate,,false,true,false,1
46014,정보보호,컴퓨터공학부,공과대학,linear-algebra,선형대수,,,,0.68,prerequisite_material_clean,alias|topic_name,prerequisite,true,false,false,2
46015,모바일프로그래밍,컴퓨터공학부,공과대학,database,데이터베이스,,,,0.8,learning_objective_clean,topic_name,,true,false,false,1
46015,모바일프로그래밍,컴퓨터공학부,공과대학,programming,프로그래밍,,,,1.0,course_name_clean|main_textbook_clean|prerequisite_material_clean,topic_name,prerequisite,true,false,true,3
46015,모바일프로그래밍,컴퓨터공학부,공과대학,java,Java,,,,0.73,learning_objective_clean|prerequisite_material_clean,alias|topic_name,prerequisite,true,false,false,2
46016,웹프로그래밍,컴퓨터공학부,공과대학,programming,프로그래밍,,,,1.0,course_name_clean|learning_objective_clean|main_textbook_clean,topic_name,,true,false,true,3
46017,C++프로그래밍,컴퓨터공학부,공과대학,programming,프로그래밍,,,,1.0,course_name_clean|learning_objective_clean|main_textbook_clean,topic_name,,true,false,true,3
46017,C++프로그래밍,컴퓨터공학부,공과대학,oop,객체지향 프로그래밍,,,,0.8,learning_objective_clean,alias|topic_name,,true,false,false,3
46017,C++프로그래밍,컴퓨터공학부,공과대학,,,변수,programming-basic-syntax,3,0.8,learning_objective_clean,depth3_candidate,,false,true,false,1
46017,C++프로그래밍,컴퓨터공학부,공과대학,c-language,C언어,,,,0.68,prerequisite_material_clean,alias|topic_name,prerequisite,true,false,false,2
46018,C++프로그래밍,컴퓨터공학부,공과대학,programming,프로그래밍,,,,1.0,course_name_clean|learning_objective_clean|main_textbook_clean,topic_name,,true,false,true,3
46018,C++프로그래밍,컴퓨터공학부,공과대학,oop,객체지향 프로그래밍,,,,0.75,learning_objective_clean,alias,,true,false,false,1
46018,C++프로그래밍,컴퓨터공학부,공과대학,programming-basic-syntax,프로그래밍 기초 문법,,,,0.75,learning_objective_clean,alias,,true,false,false,1
46018,C++프로그래밍,컴퓨터공학부,공과대학,c-language,C언어,,,,0.83,learning_objective_clean|prerequisite_material_clean,alias|topic_name,prerequisite,true,false,false,4
46020,JAVA프로그래밍,컴퓨터공학부,공과대학,java,Java,,,,1.0,course_name_clean|learning_objective_clean|main_textbook_clean,alias|topic_name,,true,false,true,3
46020,JAVA프로그래밍,컴퓨터공학부,공과대학,programming,프로그래밍,,,,1.0,course_name_clean|learning_objective_clean|main_textbook_clean,topic_name,,true,false,true,3
46020,JAVA프로그래밍,컴퓨터공학부,공과대학,oop,객체지향 프로그래밍,,,,0.8,learning_objective_clean,alias|topic_name,,true,false,false,3
46020,JAVA프로그래밍,컴퓨터공학부,공과대학,c-language,C언어,,,,0.68,prerequisite_material_clean,alias|topic_name,prerequisite,true,false,false,2
46021,JAVA프로그래밍,컴퓨터공학부,공과대학,java,Java,,,,1.0,course_name_clean|learning_objective_clean|main_textbook_clean,alias|topic_name,,true,false,true,3
46021,JAVA프로그래밍,컴퓨터공학부,공과대학,programming,프로그래밍,,,,1.0,course_name_clean|learning_objective_clean,topic_name,,true,false,true,2
46021,JAVA프로그래밍,컴퓨터공학부,공과대학,oop,객체지향 프로그래밍,,,,0.8,learning_objective_clean,alias|topic_name,,true,false,false,3
46021,JAVA프로그래밍,컴퓨터공학부,공과대학,c-language,C언어,,,,0.68,prerequisite_material_clean,alias|topic_name,prerequisite,true,false,false,2
46022,JAVA프로그래밍,컴퓨터공학부,공과대학,java,Java,,,,1.0,course_name_clean|learning_objective_clean|main_textbook_clean,alias|topic_name,,true,false,true,5
46022,JAVA프로그래밍,컴퓨터공학부,공과대학,programming,프로그래밍,,,,1.0,course_name_clean|learning_objective_clean|main_textbook_clean,topic_name,,true,false,true,3
46022,JAVA프로그래밍,컴퓨터공학부,공과대학,oop,객체지향 프로그래밍,,,,0.8,learning_objective_clean,alias|topic_name,,true,false,false,3
46022,JAVA프로그래밍,컴퓨터공학부,공과대학,software-design,소프트웨어 설계,,,,0.8,learning_objective_clean,topic_name,,true,false,false,1
46022,JAVA프로그래밍,컴퓨터공학부,공과대학,c-language,C언어,,,,0.68,prerequisite_material_clean,alias|topic_name,prerequisite,true,false,false,2
46023,유닉스시스템프로그래밍,컴퓨터공학부,공과대학,programming,프로그래밍,,,,1.0,course_name_clean|learning_objective_clean|main_textbook_clean,topic_name,,true,false,true,3
46023,유닉스시스템프로그래밍,컴퓨터공학부,공과대학,cli,CLI,,,,0.8,learning_objective_clean,topic_name,,true,false,false,1
46023,유닉스시스템프로그래밍,컴퓨터공학부,공과대학,system-programming-basics,시스템 프로그래밍 기초,,,,0.78,learning_objective_clean|main_textbook_clean,alias,,true,false,false,2
46023,유닉스시스템프로그래밍,컴퓨터공학부,공과대학,c-language,C언어,,,,0.75,learning_objective_clean,alias,,true,false,false,1
46024,임베디드컴퓨팅,컴퓨터공학부,공과대학,programming,프로그래밍,,,,0.8,learning_objective_clean,topic_name,,true,false,false,1
46024,임베디드컴퓨팅,컴퓨터공학부,공과대학,python,Python,,,,0.7,learning_objective_clean,alias,,true,false,false,1
46024,임베디드컴퓨팅,컴퓨터공학부,공과대학,computer-architecture,컴퓨터구조,,,,0.68,prerequisite_material_clean,topic_name,prerequisite,true,false,false,1
46026,윈도우즈프로그래밍,컴퓨터공학부,공과대학,c-language,C언어,,,,0.8,learning_objective_clean,alias|topic_name,,true,false,false,2
46026,윈도우즈프로그래밍,컴퓨터공학부,공과대학,software-design,소프트웨어 설계,,,,0.8,learning_objective_clean,topic_name,,true,false,false,1
46026,윈도우즈프로그래밍,컴퓨터공학부,공과대학,programming,프로그래밍,,,,1.0,course_name_clean|learning_objective_clean|prerequisite_material_clean,topic_name,prerequisite,true,false,true,3
46026,윈도우즈프로그래밍,컴퓨터공학부,공과대학,oop,객체지향 프로그래밍,,,,0.83,learning_objective_clean|prerequisite_material_clean,alias|topic_name,prerequisite,true,false,false,6
46026,윈도우즈프로그래밍,컴퓨터공학부,공과대학,java,Java,,,,0.83,learning_objective_clean|prerequisite_material_clean,topic_name,prerequisite,true,false,false,2
46027,윈도우즈프로그래밍,컴퓨터공학부,공과대학,c-language,C언어,,,,0.83,learning_objective_clean|main_textbook_clean,alias|topic_name,,true,false,false,3
46027,윈도우즈프로그래밍,컴퓨터공학부,공과대학,software-design,소프트웨어 설계,,,,0.8,learning_objective_clean,topic_name,,true,false,false,1
46027,윈도우즈프로그래밍,컴퓨터공학부,공과대학,programming-basic-syntax,프로그래밍 기초 문법,,,,0.5,main_textbook_clean,alias,,true,false,false,1
46027,윈도우즈프로그래밍,컴퓨터공학부,공과대학,programming,프로그래밍,,,,1.0,course_name_clean|learning_objective_clean|main_textbook_clean|prerequisite_material_clean,topic_name,prerequisite,true,false,true,4
46027,윈도우즈프로그래밍,컴퓨터공학부,공과대학,oop,객체지향 프로그래밍,,,,0.68,prerequisite_material_clean,alias|topic_name,prerequisite,true,false,false,3
46027,윈도우즈프로그래밍,컴퓨터공학부,공과대학,java,Java,,,,0.68,prerequisite_material_clean,topic_name,prerequisite,true,false,false,1
46030,논리설계,컴퓨터공학부,공과대학,computer-architecture,컴퓨터구조,,,,0.8,learning_objective_clean,topic_name,,true,false,false,1
46031,소프트웨어개발프로젝트,컴퓨터공학부,공과대학,algorithms,알고리즘,,,,0.68,prerequisite_material_clean,topic_name,prerequisite,true,false,false,1
46031,소프트웨어개발프로젝트,컴퓨터공학부,공과대학,data-structures,자료구조,,,,0.68,prerequisite_material_clean,topic_name,prerequisite,true,false,false,1
46031,소프트웨어개발프로젝트,컴퓨터공학부,공과대학,java,Java,,,,0.68,prerequisite_material_clean,topic_name,prerequisite,true,false,false,1
46031,소프트웨어개발프로젝트,컴퓨터공학부,공과대학,programming,프로그래밍,,,,0.68,prerequisite_material_clean,topic_name,prerequisite,true,false,false,1
46032,기계학습,컴퓨터공학부,공과대학,machine-learning,머신러닝,,,,0.98,course_name_clean|learning_objective_clean,alias,,true,false,true,2
46032,기계학습,컴퓨터공학부,공과대학,algorithms,알고리즘,,,,0.8,learning_objective_clean,topic_name,,true,false,false,1
46032,기계학습,컴퓨터공학부,공과대학,deep-learning,딥러닝,,,,0.8,learning_objective_clean,topic_name,,true,false,false,1
46032,기계학습,컴퓨터공학부,공과대학,computer-vision,컴퓨터 비전,,,,0.75,learning_objective_clean,alias,,true,false,false,1
46032,기계학습,컴퓨터공학부,공과대학,natural-language-processing,자연어 처리,,,,0.75,learning_objective_clean,alias,,true,false,false,1
46032,기계학습,컴퓨터공학부,공과대학,linear-algebra,선형대수,,,,0.68,prerequisite_material_clean,topic_name,prerequisite,true,false,false,1
46139,빅데이터기초실습,컴퓨터공학부,공과대학,data-analysis,데이터 분석,,,,0.83,learning_objective_clean|main_textbook_clean,topic_name,,true,false,false,2
46139,빅데이터기초실습,컴퓨터공학부,공과대학,python,Python,,,,0.45,main_textbook_clean,alias,,true,false,false,1
46141,웹프로그래밍실습,컴퓨터공학부,공과대학,programming,프로그래밍,,,,1.0,course_name_clean|learning_objective_clean|main_textbook_clean,topic_name,,true,false,true,3
46141,웹프로그래밍실습,컴퓨터공학부,공과대학,javascript,JavaScript,,,,0.83,learning_objective_clean|main_textbook_clean,topic_name,,true,false,false,2
46141,웹프로그래밍실습,컴퓨터공학부,공과대학,programming-basic-syntax,프로그래밍 기초 문법,,,,0.75,learning_objective_clean,alias,,true,false,false,1
46141,웹프로그래밍실습,컴퓨터공학부,공과대학,javascript-web-basics,JavaScript 웹 기초,,,,0.5,main_textbook_clean,alias,,true,false,false,1
4641,데이터분석,산업공학전공,문화예술·공과대학,data-analysis,데이터 분석,,,,0.8,learning_objective_clean,topic_name,,true,false,false,1
46462,데이터베이스,바이오메디컬공학부(헬스케어정보공학),공과대학,database,데이터베이스,,,,1.0,course_name_clean|learning_objective_clean|main_textbook_clean,topic_name,,true,false,true,3
46469,데이터베이스및실습,바이오메디컬공학부(헬스케어정보공학),공과대학,sql,SQL,,,,0.83,learning_objective_clean|main_textbook_clean,topic_name,,true,false,false,2
46469,데이터베이스및실습,바이오메디컬공학부(헬스케어정보공학),공과대학,data-modeling,데이터 모델링,,,,0.8,learning_objective_clean,topic_name,,true,false,false,1
46469,데이터베이스및실습,바이오메디컬공학부(헬스케어정보공학),공과대학,programming,프로그래밍,,,,0.8,learning_objective_clean,topic_name,,true,false,false,1
46469,데이터베이스및실습,바이오메디컬공학부(헬스케어정보공학),공과대학,database,데이터베이스,,,,1.0,course_name_clean|learning_objective_clean|main_textbook_clean|prerequisite_material_clean,topic_name,prerequisite,true,false,true,4
46785,인공지능물리탐사,토목/환경/자원.에너지공학부(자원.에너지공학),공과대학,artificial-intelligence,인공지능,,,,1.0,course_name_clean|learning_objective_clean,topic_name,,true,false,true,2
46785,인공지능물리탐사,토목/환경/자원.에너지공학부(자원.에너지공학),공과대학,programming,프로그래밍,,,,0.8,learning_objective_clean,topic_name,,true,false,false,1
4691,머신러닝,메카트로닉스공학전공,문화예술·공과대학,machine-learning,머신러닝,,,,0.95,course_name_clean,topic_name,,true,false,true,1
46923,인공지능,융합기술공학부(IT융합기전공학),공과대학,artificial-intelligence,인공지능,,,,1.0,course_name_clean|learning_objective_clean|main_textbook_clean,topic_name,,true,false,true,3
46923,인공지능,융합기술공학부(IT융합기전공학),공과대학,programming,프로그래밍,,,,0.8,learning_objective_clean,topic_name,,true,false,false,1
48871,네트워크사회와빅데이터저널리즘,신문방송학과,사회과학대학,networks,네트워크,,,,1.0,course_name_clean|learning_objective_clean,topic_name,,true,false,true,2
48871,네트워크사회와빅데이터저널리즘,신문방송학과,사회과학대학,,,인터넷,networks,3,0.8,learning_objective_clean,depth3_candidate,,false,true,false,1
49320,경제학데이터분석,경제학부(경제학),상과대학,data-analysis,데이터 분석,,,,0.8,learning_objective_clean,topic_name,,true,false,false,1
49953,빅데이터분석과활용,약학과,약학대학,statistical-analysis,통계 분석,,,,0.8,learning_objective_clean,topic_name,,true,false,false,1
49953,빅데이터분석과활용,약학과,약학대학,python,Python,,,,0.45,main_textbook_clean,alias,,true,false,false,1
50037,AI와약학,약학과,약학대학,deep-learning,딥러닝,,,,0.83,learning_objective_clean|main_textbook_clean,topic_name,,true,false,false,2
50037,AI와약학,약학과,약학대학,algorithms,알고리즘,,,,0.8,learning_objective_clean,topic_name,,true,false,false,1
50037,AI와약학,약학과,약학대학,artificial-intelligence,인공지능,,,,0.8,learning_objective_clean,topic_name,,true,false,false,1
50037,AI와약학,약학과,약학대학,machine-learning,머신러닝,,,,0.8,learning_objective_clean,topic_name,,true,false,false,1
51296,데이터베이스론,문헌정보학과,인문대학,database,데이터베이스,,,,1.0,course_name_clean|learning_objective_clean|main_textbook_clean,topic_name,,true,false,true,3
51296,데이터베이스론,문헌정보학과,인문대학,database-design,데이터베이스 설계,,,,0.83,learning_objective_clean|main_textbook_clean,alias|topic_name,,true,false,false,3
51296,데이터베이스론,문헌정보학과,인문대학,,,큐,data-structures,3,0.8,learning_objective_clean,depth3_candidate,,false,true,false,1
51296,데이터베이스론,문헌정보학과,인문대학,relational-database,관계형 데이터베이스,,,,0.8,learning_objective_clean,topic_name,,true,false,false,1
51296,데이터베이스론,문헌정보학과,인문대학,sql,SQL,,,,0.8,learning_objective_clean,topic_name,,true,false,false,1
51296,데이터베이스론,문헌정보학과,인문대학,probability-statistics,확률과 통계,,,,0.7,learning_objective_clean,alias,,true,false,false,1
52534,통계데이터베이스,통계학과,자연과학대학,database,데이터베이스,,,,0.95,course_name_clean,topic_name,,true,false,true,1
52544,기계학습,통계학과,자연과학대학,machine-learning,머신러닝,,,,0.98,course_name_clean|learning_objective_clean,alias,,true,false,true,2
52544,기계학습,통계학과,자연과학대학,algorithms,알고리즘,,,,0.8,learning_objective_clean,topic_name,,true,false,false,1
52544,기계학습,통계학과,자연과학대학,python,Python,,,,0.8,learning_objective_clean,topic_name,,true,false,false,1
52544,기계학습,통계학과,자연과학대학,regression-analysis,회귀분석,,,,0.68,prerequisite_material_clean,topic_name,prerequisite,true,false,false,1
52544,기계학습,통계학과,자연과학대학,,,회귀,machine-learning,3,0.65,prerequisite_material_clean,depth3_candidate,prerequisite,false,true,false,1
52544,기계학습,통계학과,자연과학대학,statistical-inference,통계적 추론,,,,0.65,prerequisite_material_clean,alias,prerequisite,true,false,false,1
52544,기계학습,통계학과,자연과학대학,probability-statistics,확률과 통계,,,,0.6,prerequisite_material_clean,alias,prerequisite,true,false,false,1
52604,빅데이터개론,통계학과,자연과학대학,,,탐색,algorithms,3,0.8,learning_objective_clean,depth3_candidate,,false,true,false,1
52604,빅데이터개론,통계학과,자연과학대학,,,회귀,machine-learning,3,0.8,learning_objective_clean,depth3_candidate,,false,true,false,1
52604,빅데이터개론,통계학과,자연과학대학,data-analysis,데이터 분석,,,,0.8,learning_objective_clean,topic_name,,true,false,false,1
52604,빅데이터개론,통계학과,자연과학대학,data-visualization,데이터 시각화,,,,0.7,learning_objective_clean,alias,,true,false,false,1
52604,빅데이터개론,통계학과,자연과학대학,python,Python,,,,0.7,learning_objective_clean,alias,,true,false,false,1
52604,빅데이터개론,통계학과,자연과학대학,github,GitHub,,,,0.5,main_textbook_clean,topic_name,,true,false,false,1
52951,딥러닝과신약개발,생명과학부(분자생물학),자연과학대학,deep-learning,딥러닝,,,,1.0,course_name_clean|learning_objective_clean,topic_name,,true,false,true,2
53393,인공지능,국제이공학부(엔지니어링사이언스),글로벌융합대학,artificial-intelligence,인공지능,,,,0.95,course_name_clean,topic_name,,true,false,true,1
53393,인공지능,국제이공학부(엔지니어링사이언스),글로벌융합대학,,,RNN,deep-learning,3,0.8,learning_objective_clean,depth3_candidate,,false,true,false,1
53393,인공지능,국제이공학부(엔지니어링사이언스),글로벌융합대학,,,벡터,linear-algebra,3,0.8,learning_objective_clean,depth3_candidate,,false,true,false,1
53393,인공지능,국제이공학부(엔지니어링사이언스),글로벌융합대학,,,비지도학습,machine-learning,3,0.8,learning_objective_clean,depth3_candidate,,false,true,false,1
53393,인공지능,국제이공학부(엔지니어링사이언스),글로벌융합대학,,,신경망,deep-learning,3,0.8,learning_objective_clean,depth3_candidate,,false,true,false,1
53393,인공지능,국제이공학부(엔지니어링사이언스),글로벌융합대학,,,지도학습,machine-learning,3,0.8,learning_objective_clean,depth3_candidate,,false,true,false,1
53393,인공지능,국제이공학부(엔지니어링사이언스),글로벌융합대학,,,클러스터링,machine-learning,3,0.8,learning_objective_clean,depth3_candidate,,false,true,false,1
53393,인공지능,국제이공학부(엔지니어링사이언스),글로벌융합대학,deep-learning,딥러닝,,,,0.5,main_textbook_clean,alias,,true,false,false,1
53433,알고리즘개론,국제이공학부(엔지니어링사이언스),글로벌융합대학,algorithms,알고리즘,,,,0.95,course_name_clean,topic_name,,true,false,true,1
53433,알고리즘개론,국제이공학부(엔지니어링사이언스),글로벌융합대학,,,그래프 자료구조,data-structures,3,0.8,learning_objective_clean,depth3_candidate,,false,true,false,1
53433,알고리즘개론,국제이공학부(엔지니어링사이언스),글로벌융합대학,,,정렬,algorithms,3,0.8,learning_objective_clean,depth3_candidate,,false,true,false,1
53433,알고리즘개론,국제이공학부(엔지니어링사이언스),글로벌융합대학,,,탐색,algorithms,3,0.8,learning_objective_clean,depth3_candidate,,false,true,false,1
53433,알고리즘개론,국제이공학부(엔지니어링사이언스),글로벌융합대학,,,표현식,programming-basic-syntax,3,0.8,learning_objective_clean,depth3_candidate,,false,true,false,1
53433,알고리즘개론,국제이공학부(엔지니어링사이언스),글로벌융합대학,,,해시,data-structures,3,0.8,learning_objective_clean,depth3_candidate,,false,true,false,1
53466,알고리즘,융합학부(IAB융합),글로벌융합대학,algorithms,알고리즘,,,,1.0,course_name_clean|learning_objective_clean,topic_name,,true,false,true,2
53466,알고리즘,융합학부(IAB융합),글로벌융합대학,problem-solving-coding-basics,문제 해결과 코딩 기초,,,,0.75,learning_objective_clean,alias,,true,false,false,1
53466,알고리즘,융합학부(IAB융합),글로벌융합대학,data-structures,자료구조,,,,0.71,main_textbook_clean|prerequisite_material_clean,alias|topic_name,prerequisite,true,false,false,3
53472,클라우드컴퓨팅개론및인공지능기초실습,융합학부(IAB융합),글로벌융합대학,artificial-intelligence,인공지능,,,,0.95,course_name_clean,alias|topic_name,,true,false,true,2
53472,클라우드컴퓨팅개론및인공지능기초실습,융합학부(IAB융합),글로벌융합대학,cloud-basics,클라우드 기초,,,,0.75,learning_objective_clean,alias,,true,false,false,1
53478,딥러닝,융합학부(IAB융합),글로벌융합대학,deep-learning,딥러닝,,,,1.0,course_name_clean|learning_objective_clean,topic_name,,true,false,true,2
53478,딥러닝,융합학부(IAB융합),글로벌융합대학,,,회귀,machine-learning,3,0.8,learning_objective_clean,depth3_candidate,,false,true,false,1
53478,딥러닝,융합학부(IAB융합),글로벌융합대학,probability-statistics,확률과 통계,,,,0.7,learning_objective_clean,alias,,true,false,false,1
53478,딥러닝,융합학부(IAB융합),글로벌융합대학,python,Python,,,,0.73,learning_objective_clean|prerequisite_material_clean,alias,prerequisite,true,false,false,2
53502,AI기반에너지안전공학,융합학부(에너지신산업),글로벌융합대학,artificial-intelligence,인공지능,,,,0.8,learning_objective_clean,topic_name,,true,false,false,1
53502,AI기반에너지안전공학,융합학부(에너지신산업),글로벌융합대학,deep-learning,딥러닝,,,,0.8,learning_objective_clean,topic_name,,true,false,false,1
5453,핸즈온딥러닝,에너지자원공학전공,문화예술·공과대학,deep-learning,딥러닝,,,,0.98,course_name_clean|main_textbook_clean,topic_name,,true,false,true,2
5453,핸즈온딥러닝,에너지자원공학전공,문화예술·공과대학,numpy,NumPy,,,,0.68,prerequisite_material_clean,topic_name,prerequisite,true,false,false,1
5453,핸즈온딥러닝,에너지자원공학전공,문화예술·공과대학,python,Python,,,,0.6,prerequisite_material_clean,alias,prerequisite,true,false,false,1
552,빅데이터자료분석및실습,정보통계학전공,경영대학,data-analysis,데이터 분석,,,,0.5,main_textbook_clean,topic_name,,true,false,false,1
552,빅데이터자료분석및실습,정보통계학전공,경영대학,programming,프로그래밍,,,,0.68,prerequisite_material_clean,topic_name,prerequisite,true,false,false,1
552,빅데이터자료분석및실습,정보통계학전공,경영대학,probability-statistics,확률과 통계,,,,0.6,prerequisite_material_clean,alias,prerequisite,true,false,false,1
5708,수치해석프로그래밍,전기공학전공,공학대학,numerical-analysis,수치해석,,,,1.0,course_name_clean|learning_objective_clean|main_textbook_clean,topic_name,,true,false,true,3
5708,수치해석프로그래밍,전기공학전공,공학대학,programming,프로그래밍,,,,1.0,course_name_clean|learning_objective_clean,topic_name,,true,false,true,2
5708,수치해석프로그래밍,전기공학전공,공학대학,problem-solving-coding-basics,문제 해결과 코딩 기초,,,,0.75,learning_objective_clean,alias,,true,false,false,1
5711,전기기기실험,전기공학전공,공학대학,deployment,배포,,,,0.5,main_textbook_clean,topic_name,,true,false,false,1
5723,선형대수프로그래밍,전기공학전공,공학대학,programming,프로그래밍,,,,1.0,course_name_clean|learning_objective_clean,topic_name,,true,false,true,2
5723,선형대수프로그래밍,전기공학전공,공학대학,linear-algebra,선형대수,,,,0.95,course_name_clean,topic_name,,true,false,true,1
5723,선형대수프로그래밍,전기공학전공,공학대학,,,벡터,linear-algebra,3,0.8,learning_objective_clean,depth3_candidate,,false,true,false,1
5723,선형대수프로그래밍,전기공학전공,공학대학,,,변수,programming-basic-syntax,3,0.8,learning_objective_clean,depth3_candidate,,false,true,false,1
5723,선형대수프로그래밍,전기공학전공,공학대학,,,행렬,linear-algebra,3,0.8,learning_objective_clean,depth3_candidate,,false,true,false,1
5723,선형대수프로그래밍,전기공학전공,공학대학,programming-basic-syntax,프로그래밍 기초 문법,,,,0.75,learning_objective_clean,alias,,true,false,false,1
5734,전자회로2,전자공학전공,공학대학,problem-solving-coding-basics,문제 해결과 코딩 기초,,,,0.75,learning_objective_clean,alias,,true,false,false,1
5735,전자회로설계,전자공학전공,공학대학,python,Python,,,,0.7,learning_objective_clean,alias,,true,false,false,1
5737,신호및시스템,전자공학전공,공학대학,calculus,미적분,,,,0.68,prerequisite_material_clean,topic_name,prerequisite,true,false,false,1
5741,마이크로프로세서1,전자공학전공,공학대학,computer-architecture,컴퓨터구조,,,,0.75,learning_objective_clean,alias,,true,false,false,1
5742,마이크로프로세서2,전자공학전공,공학대학,python,Python,,,,0.7,learning_objective_clean,alias,,true,false,false,1
5744,확률이론및응용,전자공학전공,공학대학,probability-statistics,확률과 통계,,,,0.83,learning_objective_clean|main_textbook_clean,topic_name,,true,false,false,2
5758,회로이론2,전기제어계측공학부,공학대학,linear-algebra,선형대수,,,,0.68,prerequisite_material_clean,alias|topic_name,prerequisite,true,false,false,2
5758,회로이론2,전기제어계측공학부,공학대학,calculus,미적분,,,,0.68,prerequisite_material_clean,topic_name,prerequisite,true,false,false,1
5758,회로이론2,전기제어계측공학부,공학대학,,,함수,programming-basic-syntax,3,0.65,prerequisite_material_clean,depth3_candidate,prerequisite,false,true,false,1
5772,데이터베이스,제어계측공학전공,공학대학,database,데이터베이스,,,,1.0,course_name_clean|learning_objective_clean|main_textbook_clean,topic_name,,true,false,true,3
5773,컴퓨터구조,제어계측공학전공,공학대학,computer-architecture,컴퓨터구조,,,,1.0,course_name_clean|learning_objective_clean|main_textbook_clean,alias|topic_name,,true,false,true,3
57861,무역 빅데이터분석 기초,무역학과,경상대학,data-analysis,데이터 분석,,,,0.8,learning_objective_clean,topic_name,,true,false,false,1
57862,무역 빅데이터분석 심화,무역학과,경상대학,data-preprocessing,데이터 전처리,,,,0.8,learning_objective_clean,alias|topic_name,,true,false,false,2
57862,무역 빅데이터분석 심화,무역학과,경상대학,,,리스트,data-structures,3,0.8,learning_objective_clean,depth3_candidate,,false,true,false,1
57862,무역 빅데이터분석 심화,무역학과,경상대학,problem-solving-coding-basics,문제 해결과 코딩 기초,,,,0.75,learning_objective_clean,alias,,true,false,false,1
57862,무역 빅데이터분석 심화,무역학과,경상대학,statistical-analysis,통계 분석,,,,0.75,learning_objective_clean,alias,,true,false,false,1
57862,무역 빅데이터분석 심화,무역학과,경상대학,data-analysis,데이터 분석,,,,0.5,main_textbook_clean,topic_name,,true,false,false,1
5788,모바일프로그래밍,제어계측공학전공,공학대학,programming,프로그래밍,,,,0.95,course_name_clean,topic_name,,true,false,true,1
58116,조선공학을 위한 인공지능,선박해양공학과,공과대학,artificial-intelligence,인공지능,,,,0.95,course_name_clean,topic_name,,true,false,true,1
58116,조선공학을 위한 인공지능,선박해양공학과,공과대학,machine-learning,머신러닝,,,,0.75,learning_objective_clean,alias,,true,false,false,1
58116,조선공학을 위한 인공지능,선박해양공학과,공과대학,problem-solving-coding-basics,문제 해결과 코딩 기초,,,,0.75,learning_objective_clean,alias,,true,false,false,1
58116,조선공학을 위한 인공지능,선박해양공학과,공과대학,programming,프로그래밍,,,,0.68,prerequisite_material_clean,topic_name,prerequisite,true,false,false,1
58116,조선공학을 위한 인공지능,선박해양공학과,공과대학,programming-basic-syntax,프로그래밍 기초 문법,,,,0.65,prerequisite_material_clean,alias,prerequisite,true,false,false,1
58125,조선공학도를 위한 인공지능 프로그래밍,선박해양공학과,공과대학,artificial-intelligence,인공지능,,,,0.95,course_name_clean,topic_name,,true,false,true,1
58125,조선공학도를 위한 인공지능 프로그래밍,선박해양공학과,공과대학,programming,프로그래밍,,,,0.95,course_name_clean,topic_name,,true,false,true,1
58125,조선공학도를 위한 인공지능 프로그래밍,선박해양공학과,공과대학,python,Python,,,,0.5,main_textbook_clean,topic_name,,true,false,false,1
58140,기계학습,기계공학과,공과대학,machine-learning,머신러닝,,,,1.0,course_name_clean|learning_objective_clean|main_textbook_clean,alias,,true,false,true,3
58140,기계학습,기계공학과,공과대학,artificial-intelligence,인공지능,,,,0.8,learning_objective_clean,topic_name,,true,false,false,1
58200,선형대수,전기공학과,공과대학,linear-algebra,선형대수,,,,0.98,course_name_clean|main_textbook_clean,alias|topic_name,,true,false,true,3
58200,선형대수,전기공학과,공과대학,,,고윳값과 고유벡터,linear-algebra,3,0.8,learning_objective_clean,depth3_candidate,,false,true,false,2
58200,선형대수,전기공학과,공과대학,,,벡터,linear-algebra,3,0.8,learning_objective_clean,depth3_candidate,,false,true,false,1
58200,선형대수,전기공학과,공과대학,,,벡터공간,linear-algebra,3,0.8,learning_objective_clean,depth3_candidate,,false,true,false,1
58200,선형대수,전기공학과,공과대학,,,선형변환,linear-algebra,3,0.8,learning_objective_clean,depth3_candidate,,false,true,false,1
58200,선형대수,전기공학과,공과대학,,,행렬,linear-algebra,3,0.8,learning_objective_clean,depth3_candidate,,false,true,false,1
58200,선형대수,전기공학과,공과대학,algorithms,알고리즘,,,,0.8,learning_objective_clean,topic_name,,true,false,false,1
58207,전기회로1,전기공학과,공과대학,calculus,미적분,,,,0.65,prerequisite_material_clean,alias,prerequisite,true,false,false,1
58210,전기회로2,전기공학과,공과대학,calculus,미적분,,,,0.65,prerequisite_material_clean,alias,prerequisite,true,false,false,1
58213,수치해석,전기공학과,공과대학,numerical-analysis,수치해석,,,,1.0,course_name_clean|learning_objective_clean,topic_name,,true,false,true,2
58213,수치해석,전기공학과,공과대학,linear-algebra,선형대수,,,,0.68,prerequisite_material_clean,alias|topic_name,prerequisite,true,false,false,2
58218,제어공학개론,전기공학과,공과대학,,,그래프 자료구조,data-structures,3,0.8,learning_objective_clean,depth3_candidate,,false,true,false,1
58218,제어공학개론,전기공학과,공과대학,,,함수,programming-basic-syntax,3,0.8,learning_objective_clean,depth3_candidate,,false,true,false,1
58222,전기설비이론및설계,전기공학과,공과대학,problem-solving-coding-basics,문제 해결과 코딩 기초,,,,0.75,learning_objective_clean,alias,,true,false,false,1
58250,선형대수,전자공학과,공과대학,linear-algebra,선형대수,,,,1.0,course_name_clean|learning_objective_clean,topic_name,,true,false,true,2
58250,선형대수,전자공학과,공과대학,,,벡터,linear-algebra,3,0.8,learning_objective_clean,depth3_candidate,,false,true,false,1
58250,선형대수,전자공학과,공과대학,,,벡터공간,linear-algebra,3,0.8,learning_objective_clean,depth3_candidate,,false,true,false,1
58250,선형대수,전자공학과,공과대학,,,선형변환,linear-algebra,3,0.8,learning_objective_clean,depth3_candidate,,false,true,false,1
58250,선형대수,전자공학과,공과대학,,,행렬,linear-algebra,3,0.8,learning_objective_clean,depth3_candidate,,false,true,false,1
58252,컴퓨터프로그래밍2,전자공학과,공과대학,python,Python,,,,0.73,learning_objective_clean|main_textbook_clean,alias,,true,false,false,2
58252,컴퓨터프로그래밍2,전자공학과,공과대학,programming,프로그래밍,,,,0.98,course_name_clean|prerequisite_material_clean,topic_name,prerequisite,true,false,true,2
58257,공학수학1,전자공학과,공과대학,,,고윳값과 고유벡터,linear-algebra,3,0.8,learning_objective_clean,depth3_candidate,,false,true,false,1
58257,공학수학1,전자공학과,공과대학,,,행렬,linear-algebra,3,0.8,learning_objective_clean,depth3_candidate,,false,true,false,1
58257,공학수학1,전자공학과,공과대학,calculus,미적분,,,,0.65,prerequisite_material_clean,alias,prerequisite,true,false,false,1
58258,공학수학2,전자공학과,공과대학,problem-solving-coding-basics,문제 해결과 코딩 기초,,,,0.75,learning_objective_clean,alias,,true,false,false,1
58259,회로이론및실험1,전자공학과,공과대학,calculus,미적분,,,,0.68,prerequisite_material_clean,topic_name,prerequisite,true,false,false,1
58259,회로이론및실험1,전자공학과,공과대학,,,함수,programming-basic-syntax,3,0.65,prerequisite_material_clean,depth3_candidate,prerequisite,false,true,false,1
58261,확률및랜덤변수,전자공학과,공과대학,,,변수,programming-basic-syntax,3,0.93,course_name_clean|learning_objective_clean,depth3_candidate,,false,true,false,2
58261,확률및랜덤변수,전자공학과,공과대학,programming,프로그래밍,,,,0.8,learning_objective_clean,topic_name,,true,false,false,1
58261,확률및랜덤변수,전자공학과,공과대학,calculus,미적분,,,,0.68,prerequisite_material_clean,topic_name,prerequisite,true,false,false,1
58263,컴퓨터구조,전자공학과,공과대학,computer-architecture,컴퓨터구조,,,,0.95,course_name_clean,topic_name,,true,false,true,1
58264,자료구조및알고리즘,전자공학과,공과대학,data-structures,자료구조,,,,1.0,course_name_clean|learning_objective_clean|main_textbook_clean,topic_name,,true,false,true,3
58264,자료구조및알고리즘,전자공학과,공과대학,algorithms,알고리즘,,,,1.0,course_name_clean|learning_objective_clean,topic_name,,true,false,true,2
58264,자료구조및알고리즘,전자공학과,공과대학,python,Python,,,,0.45,main_textbook_clean,alias,,true,false,false,1
58264,자료구조및알고리즘,전자공학과,공과대학,programming,프로그래밍,,,,0.68,prerequisite_material_clean,topic_name,prerequisite,true,false,false,1
58265,자동제어,전자공학과,공과대학,,,함수,programming-basic-syntax,3,0.8,learning_objective_clean,depth3_candidate,,false,true,false,1
58270,통신이론,전자공학과,공과대학,,,변수,programming-basic-syntax,3,0.8,learning_objective_clean,depth3_candidate,,false,true,false,1
58277,마이크로프로세서응용설계,전자공학과,공과대학,programming,프로그래밍,,,,0.68,prerequisite_material_clean,topic_name,prerequisite,true,false,false,1
58277,마이크로프로세서응용설계,전자공학과,공과대학,c-language,C언어,,,,0.65,prerequisite_material_clean,alias,prerequisite,true,false,false,1
58283,종합설계1,전자공학과,공과대학,programming,프로그래밍,,,,0.68,prerequisite_material_clean,topic_name,prerequisite,true,false,false,1
58288,딥러닝을 이용한 컴퓨터 비전,전자공학과,공과대학,computer-vision,컴퓨터 비전,,,,1.0,course_name_clean|learning_objective_clean,topic_name,,true,false,true,2
58288,딥러닝을 이용한 컴퓨터 비전,전자공학과,공과대학,deep-learning,딥러닝,,,,1.0,course_name_clean|learning_objective_clean,topic_name,,true,false,true,2
58288,딥러닝을 이용한 컴퓨터 비전,전자공학과,공과대학,programming,프로그래밍,,,,0.68,prerequisite_material_clean,topic_name,prerequisite,true,false,false,1
58299,집적회로설계 2,전자공학과,공과대학,artificial-intelligence,인공지능,,,,0.8,learning_objective_clean,topic_name,,true,false,false,1
58301,컴퓨터네트워크,전자공학과,공과대학,,,TCP/IP,networks,3,0.8,learning_objective_clean,depth3_candidate,,false,true,false,1
58301,컴퓨터네트워크,전자공학과,공과대학,networks,네트워크,,,,1.0,course_name_clean|learning_objective_clean|prerequisite_material_clean,alias|topic_name,prerequisite,true,false,true,5
58309,기계학습입문,신소재공학과,공과대학,machine-learning,머신러닝,,,,0.98,course_name_clean|learning_objective_clean,alias,,true,false,true,2
58309,기계학습입문,신소재공학과,공과대학,deep-learning,딥러닝,,,,0.83,learning_objective_clean|main_textbook_clean,topic_name,,true,false,false,2
58309,기계학습입문,신소재공학과,공과대학,,,리스트,data-structures,3,0.8,learning_objective_clean,depth3_candidate,,false,true,false,1
58309,기계학습입문,신소재공학과,공과대학,,,자료형,programming-basic-syntax,3,0.8,learning_objective_clean,depth3_candidate,,false,true,false,1
58309,기계학습입문,신소재공학과,공과대학,numpy,NumPy,,,,0.8,learning_objective_clean,topic_name,,true,false,false,1
58309,기계학습입문,신소재공학과,공과대학,programming,프로그래밍,,,,0.8,learning_objective_clean,topic_name,,true,false,false,1
58309,기계학습입문,신소재공학과,공과대학,python,Python,,,,0.75,learning_objective_clean,alias,,true,false,false,2
58309,기계학습입문,신소재공학과,공과대학,problem-solving-coding-basics,문제 해결과 코딩 기초,,,,0.75,learning_objective_clean,alias,,true,false,false,1
58368,이산수학,인공지능학과,공과대학,discrete-mathematics,이산수학,,,,0.98,course_name_clean|main_textbook_clean,topic_name,,true,false,true,2
58369,선형대수,인공지능학과,공과대학,linear-algebra,선형대수,,,,1.0,course_name_clean|learning_objective_clean,topic_name,,true,false,true,2
58369,선형대수,인공지능학과,공과대학,artificial-intelligence,인공지능,,,,0.8,learning_objective_clean,topic_name,,true,false,false,1
58370,객체지향설계,인공지능학과,공과대학,oop,객체지향 프로그래밍,,,,0.9,course_name_clean,alias,,true,false,true,1
58370,객체지향설계,인공지능학과,공과대학,design-patterns,디자인 패턴,,,,0.8,learning_objective_clean,topic_name,,true,false,false,1
58370,객체지향설계,인공지능학과,공과대학,java,Java,,,,0.83,learning_objective_clean|prerequisite_material_clean,topic_name,prerequisite,true,false,false,2
58370,객체지향설계,인공지능학과,공과대학,programming,프로그래밍,,,,0.83,learning_objective_clean|prerequisite_material_clean,topic_name,prerequisite,true,false,false,2
58370,객체지향설계,인공지능학과,공과대학,programming-basic-syntax,프로그래밍 기초 문법,,,,0.65,prerequisite_material_clean,alias,prerequisite,true,false,false,1
58372,확률 및 통계,인공지능학과,공과대학,probability-statistics,확률과 통계,,,,0.98,course_name_clean|learning_objective_clean,alias|topic_name,,true,false,true,2
58373,자료구조,인공지능학과,공과대학,data-structures,자료구조,,,,1.0,course_name_clean|learning_objective_clean,topic_name,,true,false,true,2
58373,자료구조,인공지능학과,공과대학,java,Java,,,,0.83,learning_objective_clean|main_textbook_clean,topic_name,,true,false,false,2
58373,자료구조,인공지능학과,공과대학,algorithms,알고리즘,,,,0.8,learning_objective_clean,topic_name,,true,false,false,1
58373,자료구조,인공지능학과,공과대학,,,재귀,algorithms,3,0.83,learning_objective_clean|prerequisite_material_clean,depth3_candidate,prerequisite,false,true,false,2
58373,자료구조,인공지능학과,공과대학,programming,프로그래밍,,,,0.68,prerequisite_material_clean,topic_name,prerequisite,true,false,false,1
58373,자료구조,인공지능학과,공과대학,,,리스트,data-structures,3,0.65,prerequisite_material_clean,depth3_candidate,prerequisite,false,true,false,1
58373,자료구조,인공지능학과,공과대학,,,스택,data-structures,3,0.65,prerequisite_material_clean,depth3_candidate,prerequisite,false,true,false,1
58373,자료구조,인공지능학과,공과대학,,,정렬,algorithms,3,0.65,prerequisite_material_clean,depth3_candidate,prerequisite,false,true,false,1
58374,컴퓨터프로그래밍3,인공지능학과,공과대학,programming,프로그래밍,,,,0.98,course_name_clean|prerequisite_material_clean,topic_name,prerequisite,true,false,true,2
58374,컴퓨터프로그래밍3,인공지능학과,공과대학,java,Java,,,,0.83,learning_objective_clean|prerequisite_material_clean,topic_name,prerequisite,true,false,false,2
58375,수치프로그래밍,인공지능학과,공과대학,programming,프로그래밍,,,,0.95,course_name_clean,topic_name,,true,false,true,1
58375,수치프로그래밍,인공지능학과,공과대학,calculus,미적분,,,,0.8,learning_objective_clean,topic_name,,true,false,false,1
58375,수치프로그래밍,인공지능학과,공과대학,optimization,최적화,,,,0.8,learning_objective_clean,topic_name,,true,false,false,1
58375,수치프로그래밍,인공지능학과,공과대학,numerical-analysis,수치해석,,,,0.5,main_textbook_clean,alias|topic_name,,true,false,false,2
58375,수치프로그래밍,인공지능학과,공과대학,linear-algebra,선형대수,,,,0.68,prerequisite_material_clean,topic_name,prerequisite,true,false,false,1
58377,기계학습,인공지능학과,공과대학,machine-learning,머신러닝,,,,1.0,course_name_clean|learning_objective_clean|main_textbook_clean,alias|topic_name,,true,false,true,4
58377,기계학습,인공지능학과,공과대학,algorithms,알고리즘,,,,0.8,learning_objective_clean,topic_name,,true,false,false,1
58377,기계학습,인공지능학과,공과대학,deep-learning,딥러닝,,,,0.8,learning_objective_clean,topic_name,,true,false,false,1
58377,기계학습,인공지능학과,공과대학,python,Python,,,,0.68,main_textbook_clean|prerequisite_material_clean,alias,prerequisite,true,false,false,3
58377,기계학습,인공지능학과,공과대학,linear-algebra,선형대수,,,,0.68,prerequisite_material_clean,topic_name,prerequisite,true,false,false,1
58377,기계학습,인공지능학과,공과대학,programming,프로그래밍,,,,0.68,prerequisite_material_clean,topic_name,prerequisite,true,false,false,1
58379,컴퓨터프로그래밍 1,인공지능학과,공과대학,programming,프로그래밍,,,,1.0,course_name_clean|learning_objective_clean|main_textbook_clean,topic_name,,true,false,true,3
58379,컴퓨터프로그래밍 1,인공지능학과,공과대학,,,변수,programming-basic-syntax,3,0.8,learning_objective_clean,depth3_candidate,,false,true,false,1
58379,컴퓨터프로그래밍 1,인공지능학과,공과대학,programming-basic-syntax,프로그래밍 기초 문법,,,,0.75,learning_objective_clean,alias,,true,false,false,1
58379,컴퓨터프로그래밍 1,인공지능학과,공과대학,java,Java,,,,0.5,main_textbook_clean,alias|topic_name,,true,false,false,2
58380,컴퓨터프로그래밍 2,인공지능학과,공과대학,,,입출력,programming-basic-syntax,3,0.8,learning_objective_clean,depth3_candidate,,false,true,false,2
58380,컴퓨터프로그래밍 2,인공지능학과,공과대학,networks,네트워크,,,,0.8,learning_objective_clean,topic_name,,true,false,false,1
58380,컴퓨터프로그래밍 2,인공지능학과,공과대학,programming,프로그래밍,,,,1.0,course_name_clean|learning_objective_clean|main_textbook_clean|prerequisite_material_clean,topic_name,prerequisite,true,false,true,4
58380,컴퓨터프로그래밍 2,인공지능학과,공과대학,java,Java,,,,0.75,learning_objective_clean|main_textbook_clean|prerequisite_material_clean,alias|topic_name,prerequisite,true,false,false,3
58381,기초프로젝트랩,인공지능학과,공과대학,testing,테스트,,,,0.8,learning_objective_clean,topic_name,,true,false,false,1
58382,AI를 위한 수학,인공지능학과,공과대학,artificial-intelligence,인공지능,,,,0.8,learning_objective_clean,topic_name,,true,false,false,1
58382,AI를 위한 수학,인공지능학과,공과대학,machine-learning,머신러닝,,,,0.75,learning_objective_clean,alias,,true,false,false,1
58382,AI를 위한 수학,인공지능학과,공과대학,linear-algebra,선형대수,,,,0.68,prerequisite_material_clean,topic_name,prerequisite,true,false,false,1
58382,AI를 위한 수학,인공지능학과,공과대학,calculus,미적분,,,,0.65,prerequisite_material_clean,alias,prerequisite,true,false,false,1
58382,AI를 위한 수학,인공지능학과,공과대학,probability-statistics,확률과 통계,,,,0.65,prerequisite_material_clean,alias,prerequisite,true,false,false,1
58384,고급자연어처리,컴퓨터공학과,공과대학,natural-language-processing,자연어 처리,,,,0.98,course_name_clean|learning_objective_clean,alias,,true,false,true,2
58384,고급자연어처리,컴퓨터공학과,공과대학,,,Transformer,deep-learning,3,0.8,learning_objective_clean,depth3_candidate,,false,true,false,1
58384,고급자연어처리,컴퓨터공학과,공과대학,deep-learning,딥러닝,,,,0.68,prerequisite_material_clean,topic_name,prerequisite,true,false,false,1
58384,고급자연어처리,컴퓨터공학과,공과대학,linear-algebra,선형대수,,,,0.68,prerequisite_material_clean,topic_name,prerequisite,true,false,false,1
58384,고급자연어처리,컴퓨터공학과,공과대학,machine-learning,머신러닝,,,,0.68,prerequisite_material_clean,topic_name,prerequisite,true,false,false,1
58385,고급데이터베이스,컴퓨터공학과,공과대학,database,데이터베이스,,,,1.0,course_name_clean|learning_objective_clean|main_textbook_clean|prerequisite_material_clean,alias|topic_name,prerequisite,true,false,true,4
58387,객체지향시스템실무,컴퓨터공학과,공과대학,oop,객체지향 프로그래밍,,,,1.0,course_name_clean|learning_objective_clean|prerequisite_material_clean,alias,prerequisite,true,false,true,3
58387,객체지향시스템실무,컴퓨터공학과,공과대학,java,Java,,,,0.71,main_textbook_clean|prerequisite_material_clean,topic_name,prerequisite,true,false,false,2
58387,객체지향시스템실무,컴퓨터공학과,공과대학,programming,프로그래밍,,,,0.68,prerequisite_material_clean,topic_name,prerequisite,true,false,false,1
58391,고급정보보호,컴퓨터공학과,공과대학,authentication-authorization,인증과 인가,,,,0.7,learning_objective_clean,alias,,true,false,false,1
58391,고급정보보호,컴퓨터공학과,공과대학,programming,프로그래밍,,,,0.83,learning_objective_clean|prerequisite_material_clean,topic_name,prerequisite,true,false,false,2
58391,고급정보보호,컴퓨터공학과,공과대학,data-structures,자료구조,,,,0.68,prerequisite_material_clean,topic_name,prerequisite,true,false,false,1
58391,고급정보보호,컴퓨터공학과,공과대학,c-language,C언어,,,,0.65,prerequisite_material_clean,alias,prerequisite,true,false,false,1
58393,기계학습특강,컴퓨터공학과,공과대학,machine-learning,머신러닝,,,,0.98,course_name_clean|learning_objective_clean,alias|topic_name,,true,false,true,2
58393,기계학습특강,컴퓨터공학과,공과대학,data-analysis,데이터 분석,,,,0.8,learning_objective_clean,topic_name,,true,false,false,1
58393,기계학습특강,컴퓨터공학과,공과대학,programming,프로그래밍,,,,0.8,learning_objective_clean,topic_name,,true,false,false,1
58394,고급디지털신호처리,컴퓨터공학과,공과대학,artificial-intelligence,인공지능,,,,0.8,learning_objective_clean,topic_name,,true,false,false,1
58394,고급디지털신호처리,컴퓨터공학과,공과대학,linear-algebra,선형대수,,,,0.68,prerequisite_material_clean,topic_name,prerequisite,true,false,false,1
58395,고급프로그래밍언어론,컴퓨터공학과,공과대학,programming,프로그래밍,,,,0.95,course_name_clean,topic_name,,true,false,true,1
58537,컴퓨터네트워크운용실습,전자전파정보통신공학과,공과대학,networks,네트워크,,,,1.0,course_name_clean|learning_objective_clean|main_textbook_clean|prerequisite_material_clean,alias|topic_name,prerequisite,true,false,true,8
58540,데이터 통신,전파정보통신공학과,공과대학,,,프로토콜,networks,3,0.8,learning_objective_clean,depth3_candidate,,false,true,false,1
58541,컴퓨터네트워크,전파정보통신공학과,공과대학,networks,네트워크,,,,1.0,course_name_clean|learning_objective_clean,alias|topic_name,,true,false,true,4
58541,컴퓨터네트워크,전파정보통신공학과,공과대학,,,인터넷,networks,3,0.8,learning_objective_clean,depth3_candidate,,false,true,false,1
58541,컴퓨터네트워크,전파정보통신공학과,공과대학,,,프로토콜,networks,3,0.8,learning_objective_clean,depth3_candidate,,false,true,false,1
58542,선형대수,전파정보통신공학과,공과대학,linear-algebra,선형대수,,,,1.0,course_name_clean|learning_objective_clean|main_textbook_clean,alias|topic_name,,true,false,true,4
58542,선형대수,전파정보통신공학과,공과대학,,,벡터,linear-algebra,3,0.65,prerequisite_material_clean,depth3_candidate,prerequisite,false,true,false,1
58542,선형대수,전파정보통신공학과,공과대학,,,행렬,linear-algebra,3,0.65,prerequisite_material_clean,depth3_candidate,prerequisite,false,true,false,1
58543,창의설계입문,전파정보통신공학과,공과대학,deployment,배포,,,,0.5,main_textbook_clean,topic_name,,true,false,false,1
58547,객체지향프로그래밍,전파정보통신공학과,공과대학,programming,프로그래밍,,,,1.0,course_name_clean|learning_objective_clean,topic_name,,true,false,true,2
58547,객체지향프로그래밍,전파정보통신공학과,공과대학,oop,객체지향 프로그래밍,,,,0.98,course_name_clean|learning_objective_clean,alias|topic_name,,true,false,true,4
58547,객체지향프로그래밍,전파정보통신공학과,공과대학,java,Java,,,,0.83,learning_objective_clean|main_textbook_clean,alias|topic_name,,true,false,false,3
58549,자료구조및실습,전파정보통신공학과,공과대학,data-structures,자료구조,,,,1.0,course_name_clean|learning_objective_clean|main_textbook_clean,topic_name,,true,false,true,3
58549,자료구조및실습,전파정보통신공학과,공과대학,programming,프로그래밍,,,,0.68,prerequisite_material_clean,topic_name,prerequisite,true,false,false,1
58549,자료구조및실습,전파정보통신공학과,공과대학,programming-basic-syntax,프로그래밍 기초 문법,,,,0.65,prerequisite_material_clean,alias,prerequisite,true,false,false,1
58555,운영체제,전파정보통신공학과,공과대학,algorithms,알고리즘,,,,0.8,learning_objective_clean,topic_name,,true,false,false,1
58555,운영체제,전파정보통신공학과,공과대학,operating-systems,운영체제,,,,1.0,course_name_clean|learning_objective_clean|prerequisite_material_clean,topic_name,prerequisite,true,false,true,3
58555,운영체제,전파정보통신공학과,공과대학,programming,프로그래밍,,,,0.83,learning_objective_clean|prerequisite_material_clean,topic_name,prerequisite,true,false,false,2
58555,운영체제,전파정보통신공학과,공과대학,c-language,C언어,,,,0.65,prerequisite_material_clean,alias,prerequisite,true,false,false,1
58556,알고리즘,전파정보통신공학과,공과대학,algorithms,알고리즘,,,,1.0,course_name_clean|learning_objective_clean|main_textbook_clean,topic_name,,true,false,true,3
58556,알고리즘,전파정보통신공학과,공과대학,programming,프로그래밍,,,,0.8,learning_objective_clean,topic_name,,true,false,false,1
58556,알고리즘,전파정보통신공학과,공과대학,data-structures,자료구조,,,,0.68,prerequisite_material_clean,topic_name,prerequisite,true,false,false,1
58556,알고리즘,전파정보통신공학과,공과대학,discrete-mathematics,이산수학,,,,0.68,prerequisite_material_clean,topic_name,prerequisite,true,false,false,1
58557,마이크로파회로설계1,전파정보통신공학과,공과대학,operating-systems,운영체제,,,,0.68,prerequisite_material_clean,topic_name,prerequisite,true,false,false,1
58558,확률및랜덤프로세스,전파정보통신공학과,공과대학,,,변수,programming-basic-syntax,3,0.8,learning_objective_clean,depth3_candidate,,false,true,false,1
58559,마이크로프로세서응용설계,전파정보통신공학과,공과대학,,,입출력,programming-basic-syntax,3,0.8,learning_objective_clean,depth3_candidate,,false,true,false,1
58559,마이크로프로세서응용설계,전파정보통신공학과,공과대학,computer-architecture,컴퓨터구조,,,,0.75,learning_objective_clean,alias,,true,false,false,1
58561,차세대 네트워크,전파정보통신공학과,공과대학,,,DNS,networks,3,0.8,learning_objective_clean,depth3_candidate,,false,true,false,1
58561,차세대 네트워크,전파정보통신공학과,공과대학,,,HTTP,networks,3,0.8,learning_objective_clean,depth3_candidate,,false,true,false,1
58561,차세대 네트워크,전파정보통신공학과,공과대학,,,인터넷,networks,3,0.8,learning_objective_clean,depth3_candidate,,false,true,false,1
58561,차세대 네트워크,전파정보통신공학과,공과대학,,,프로토콜,networks,3,0.8,learning_objective_clean,depth3_candidate,,false,true,false,1
58561,차세대 네트워크,전파정보통신공학과,공과대학,networks,네트워크,,,,1.0,course_name_clean|learning_objective_clean|prerequisite_material_clean,alias|topic_name,prerequisite,true,false,true,5
58563,이동 및 위성통신,전파정보통신공학과,공과대학,,,프로토콜,networks,3,0.8,learning_objective_clean,depth3_candidate,,false,true,false,1
58565,전파응용실험,전파정보통신공학과,공과대학,programming,프로그래밍,,,,0.68,prerequisite_material_clean,topic_name,prerequisite,true,false,false,1
58567,무선통신시스템,전파정보통신공학과,공과대학,linear-algebra,선형대수,,,,0.68,prerequisite_material_clean,topic_name,prerequisite,true,false,false,1
58569,컴퓨터통신응용,전파정보통신공학과,공과대학,,,프로토콜,networks,3,0.8,learning_objective_clean,depth3_candidate,,false,true,false,1
58569,컴퓨터통신응용,전파정보통신공학과,공과대학,networks,네트워크,,,,0.85,learning_objective_clean|main_textbook_clean|prerequisite_material_clean,alias|topic_name,prerequisite,true,false,true,5
58582,민군용 초고주파수동회로,전파정보통신공학과,공과대학,problem-solving-coding-basics,문제 해결과 코딩 기초,,,,0.75,learning_objective_clean,alias,,true,false,false,1
58628,컴퓨터구조,컴퓨터융합학부,공과대학,computer-architecture,컴퓨터구조,,,,0.95,course_name_clean,topic_name,,true,false,true,1
58629,시스템프로그래밍,컴퓨터융합학부,공과대학,operating-systems,운영체제,,,,0.8,learning_objective_clean,topic_name,,true,false,false,1
58629,시스템프로그래밍,컴퓨터융합학부,공과대학,programming,프로그래밍,,,,1.0,course_name_clean|learning_objective_clean|prerequisite_material_clean,topic_name,prerequisite,true,false,true,3
58629,시스템프로그래밍,컴퓨터융합학부,공과대학,programming-basic-syntax,프로그래밍 기초 문법,,,,0.65,prerequisite_material_clean,alias,prerequisite,true,false,false,1
58630,웹프로그래밍,컴퓨터융합학부,공과대학,programming,프로그래밍,,,,1.0,course_name_clean|learning_objective_clean,topic_name,,true,false,true,2
58630,웹프로그래밍,컴퓨터융합학부,공과대학,data-structures,자료구조,,,,0.68,prerequisite_material_clean,topic_name,prerequisite,true,false,false,1
58635,컴퓨터네트워크,컴퓨터융합학부,공과대학,networks,네트워크,,,,0.98,course_name_clean|main_textbook_clean,alias|topic_name,,true,false,true,4
58635,컴퓨터네트워크,컴퓨터융합학부,공과대학,,,프로토콜,networks,3,0.8,learning_objective_clean,depth3_candidate,,false,true,false,2
58635,컴퓨터네트워크,컴퓨터융합학부,공과대학,,,인터넷,networks,3,0.8,learning_objective_clean,depth3_candidate,,false,true,false,1
58636,소프트웨어공학,컴퓨터융합학부,공과대학,requirements-analysis,요구사항 분석,,,,0.8,learning_objective_clean,topic_name,,true,false,false,1
58636,소프트웨어공학,컴퓨터융합학부,공과대학,oop,객체지향 프로그래밍,,,,0.68,main_textbook_clean|prerequisite_material_clean,alias,prerequisite,true,false,false,2
58636,소프트웨어공학,컴퓨터융합학부,공과대학,programming,프로그래밍,,,,0.68,prerequisite_material_clean,topic_name,prerequisite,true,false,false,1
58637,운영체제및실습,컴퓨터융합학부,공과대학,operating-systems,운영체제,,,,1.0,course_name_clean|learning_objective_clean|main_textbook_clean,topic_name,,true,false,true,3
58637,운영체제및실습,컴퓨터융합학부,공과대학,linux,Linux,,,,0.8,learning_objective_clean,alias|topic_name,,true,false,false,2
58637,운영체제및실습,컴퓨터융합학부,공과대학,,,입출력,programming-basic-syntax,3,0.8,learning_objective_clean,depth3_candidate,,false,true,false,1
58637,운영체제및실습,컴퓨터융합학부,공과대학,programming,프로그래밍,,,,0.83,learning_objective_clean|prerequisite_material_clean,topic_name,prerequisite,true,false,false,2
58637,운영체제및실습,컴퓨터융합학부,공과대학,c-language,C언어,,,,0.68,prerequisite_material_clean,alias|topic_name,prerequisite,true,false,false,2
58637,운영체제및실습,컴퓨터융합학부,공과대학,data-structures,자료구조,,,,0.68,prerequisite_material_clean,topic_name,prerequisite,true,false,false,1
58637,운영체제및실습,컴퓨터융합학부,공과대학,system-programming-basics,시스템 프로그래밍 기초,,,,0.65,prerequisite_material_clean,alias,prerequisite,true,false,false,1
58638,프로그래밍언어개론,컴퓨터융합학부,공과대학,,,함수,programming-basic-syntax,3,0.8,learning_objective_clean,depth3_candidate,,false,true,false,1
58638,프로그래밍언어개론,컴퓨터융합학부,공과대학,programming,프로그래밍,,,,1.0,course_name_clean|learning_objective_clean|prerequisite_material_clean,topic_name,prerequisite,true,false,true,3
58638,프로그래밍언어개론,컴퓨터융합학부,공과대학,discrete-mathematics,이산수학,,,,0.68,prerequisite_material_clean,topic_name,prerequisite,true,false,false,1
58639,영상처리,컴퓨터융합학부,공과대학,programming,프로그래밍,,,,0.8,learning_objective_clean,topic_name,,true,false,false,1
58639,영상처리,컴퓨터융합학부,공과대학,python,Python,,,,0.8,learning_objective_clean,topic_name,,true,false,false,1
58639,영상처리,컴퓨터융합학부,공과대학,programming-basic-syntax,프로그래밍 기초 문법,,,,0.75,learning_objective_clean,alias,,true,false,false,1
58639,영상처리,컴퓨터융합학부,공과대학,linear-algebra,선형대수,,,,0.68,prerequisite_material_clean,topic_name,prerequisite,true,false,false,1
58639,영상처리,컴퓨터융합학부,공과대학,probability-statistics,확률과 통계,,,,0.65,prerequisite_material_clean,alias,prerequisite,true,false,false,1
58640,디지털시스템설계,컴퓨터융합학부,공과대학,algorithms,알고리즘,,,,0.8,learning_objective_clean,topic_name,,true,false,false,1
58646,전자회로,컴퓨터융합학부,공과대학,artificial-intelligence,인공지능,,,,0.8,learning_objective_clean,topic_name,,true,false,false,1
58648,알고리즘응용,컴퓨터융합학부,공과대학,algorithms,알고리즘,,,,1.0,course_name_clean|learning_objective_clean|prerequisite_material_clean,topic_name,prerequisite,true,false,true,3
58648,알고리즘응용,컴퓨터융합학부,공과대학,data-structures,자료구조,,,,0.83,learning_objective_clean|prerequisite_material_clean,topic_name,prerequisite,true,false,false,2
58648,알고리즘응용,컴퓨터융합학부,공과대학,programming,프로그래밍,,,,0.68,prerequisite_material_clean,topic_name,prerequisite,true,false,false,1
58648,알고리즘응용,컴퓨터융합학부,공과대학,programming-basic-syntax,프로그래밍 기초 문법,,,,0.65,prerequisite_material_clean,alias,prerequisite,true,false,false,1
58648,알고리즘응용,컴퓨터융합학부,공과대학,java,Java,,,,0.6,prerequisite_material_clean,alias,prerequisite,true,false,false,1
58649,데이터베이스,컴퓨터융합학부,공과대학,database,데이터베이스,,,,1.0,course_name_clean|learning_objective_clean|main_textbook_clean,alias|topic_name,,true,false,true,5
58649,데이터베이스,컴퓨터융합학부,공과대학,transactions,트랜잭션,,,,0.8,learning_objective_clean,topic_name,,true,false,false,1
58649,데이터베이스,컴퓨터융합학부,공과대학,java,Java,,,,0.5,main_textbook_clean,topic_name,,true,false,false,1
58649,데이터베이스,컴퓨터융합학부,공과대학,sql,SQL,,,,0.5,main_textbook_clean,topic_name,,true,false,false,1
58649,데이터베이스,컴퓨터융합학부,공과대학,programming,프로그래밍,,,,0.71,main_textbook_clean|prerequisite_material_clean,topic_name,prerequisite,true,false,false,2
58649,데이터베이스,컴퓨터융합학부,공과대학,data-structures,자료구조,,,,0.68,prerequisite_material_clean,topic_name,prerequisite,true,false,false,1
58650,데이터통신,컴퓨터융합학부,공과대학,networks,네트워크,,,,0.83,learning_objective_clean|main_textbook_clean,alias|topic_name,,true,false,false,3
58650,데이터통신,컴퓨터융합학부,공과대학,,,인터넷,networks,3,0.8,learning_objective_clean,depth3_candidate,,false,true,false,1
58650,데이터통신,컴퓨터융합학부,공과대학,data-structures,자료구조,,,,0.71,main_textbook_clean|prerequisite_material_clean,topic_name,prerequisite,true,false,false,2
58650,데이터통신,컴퓨터융합학부,공과대학,computer-architecture,컴퓨터구조,,,,0.68,prerequisite_material_clean,topic_name,prerequisite,true,false,false,1
58651,이동통신,컴퓨터융합학부,공과대학,,,프로토콜,networks,3,0.8,learning_objective_clean,depth3_candidate,,false,true,false,1
58651,이동통신,컴퓨터융합학부,공과대학,networks,네트워크,,,,0.68,prerequisite_material_clean,alias|topic_name,prerequisite,true,false,false,2
58652,정보보호,컴퓨터융합학부,공과대학,,,프로토콜,networks,3,0.8,learning_objective_clean,depth3_candidate,,false,true,false,1
58652,정보보호,컴퓨터융합학부,공과대학,algorithms,알고리즘,,,,0.8,learning_objective_clean,topic_name,,true,false,false,1
58652,정보보호,컴퓨터융합학부,공과대학,data-structures,자료구조,,,,0.68,prerequisite_material_clean,topic_name,prerequisite,true,false,false,1
58655,임베디드소프트웨어,컴퓨터융합학부,공과대학,operating-systems,운영체제,,,,0.83,learning_objective_clean|prerequisite_material_clean,topic_name,prerequisite,true,false,false,2
58655,임베디드소프트웨어,컴퓨터융합학부,공과대학,programming,프로그래밍,,,,0.83,learning_objective_clean|prerequisite_material_clean,topic_name,prerequisite,true,false,false,2
58655,임베디드소프트웨어,컴퓨터융합학부,공과대학,c-language,C언어,,,,0.65,prerequisite_material_clean,alias,prerequisite,true,false,false,1
58657,시스템및네트워크보안,컴퓨터융합학부,공과대학,networks,네트워크,,,,1.0,course_name_clean|learning_objective_clean|main_textbook_clean,topic_name,,true,false,true,3
58657,시스템및네트워크보안,컴퓨터융합학부,공과대학,,,프로토콜,networks,3,0.8,learning_objective_clean,depth3_candidate,,false,true,false,2
58657,시스템및네트워크보안,컴퓨터융합학부,공과대학,computer-architecture,컴퓨터구조,,,,0.68,prerequisite_material_clean,topic_name,prerequisite,true,false,false,1
58657,시스템및네트워크보안,컴퓨터융합학부,공과대학,operating-systems,운영체제,,,,0.68,prerequisite_material_clean,topic_name,prerequisite,true,false,false,1
58657,시스템및네트워크보안,컴퓨터융합학부,공과대학,programming,프로그래밍,,,,0.68,prerequisite_material_clean,topic_name,prerequisite,true,false,false,1
58657,시스템및네트워크보안,컴퓨터융합학부,공과대학,system-programming-basics,시스템 프로그래밍 기초,,,,0.65,prerequisite_material_clean,alias,prerequisite,true,false,false,1
58659,데이터베이스설계,컴퓨터융합학부,공과대학,database-design,데이터베이스 설계,,,,0.75,learning_objective_clean,alias,,true,false,false,1
58659,데이터베이스설계,컴퓨터융합학부,공과대학,data-modeling,데이터 모델링,,,,0.5,main_textbook_clean,topic_name,,true,false,false,1
58659,데이터베이스설계,컴퓨터융합학부,공과대학,database,데이터베이스,,,,1.0,course_name_clean|learning_objective_clean|main_textbook_clean|prerequisite_material_clean,topic_name,prerequisite,true,false,true,4
58659,데이터베이스설계,컴퓨터융합학부,공과대학,programming,프로그래밍,,,,0.83,learning_objective_clean|prerequisite_material_clean,topic_name,prerequisite,true,false,false,2
58659,데이터베이스설계,컴퓨터융합학부,공과대학,data-structures,자료구조,,,,0.68,prerequisite_material_clean,topic_name,prerequisite,true,false,false,1
58660,딥러닝,컴퓨터융합학부,공과대학,deep-learning,딥러닝,,,,0.95,course_name_clean,topic_name,,true,false,true,1
58660,딥러닝,컴퓨터융합학부,공과대학,,,신경망,deep-learning,3,0.8,learning_objective_clean,depth3_candidate,,false,true,false,1
58660,딥러닝,컴퓨터융합학부,공과대학,programming,프로그래밍,,,,0.83,learning_objective_clean|prerequisite_material_clean,topic_name,prerequisite,true,false,false,2
58660,딥러닝,컴퓨터융합학부,공과대학,linear-algebra,선형대수,,,,0.68,prerequisite_material_clean,topic_name,prerequisite,true,false,false,1
58660,딥러닝,컴퓨터융합학부,공과대학,machine-learning,머신러닝,,,,0.68,prerequisite_material_clean,topic_name,prerequisite,true,false,false,1
58660,딥러닝,컴퓨터융합학부,공과대학,numpy,NumPy,,,,0.68,prerequisite_material_clean,topic_name,prerequisite,true,false,false,1
58660,딥러닝,컴퓨터융합학부,공과대학,pandas,Pandas,,,,0.68,prerequisite_material_clean,topic_name,prerequisite,true,false,false,1
58663,논리회로,컴퓨터융합학부,공과대학,computer-architecture,컴퓨터구조,,,,0.8,learning_objective_clean,topic_name,,true,false,false,1
58664,디지털신호처리,컴퓨터융합학부,공과대학,artificial-intelligence,인공지능,,,,0.8,learning_objective_clean,topic_name,,true,false,false,1
58664,디지털신호처리,컴퓨터융합학부,공과대학,linear-algebra,선형대수,,,,0.68,prerequisite_material_clean,topic_name,prerequisite,true,false,false,1
58738,농산업 빅데이터의 이해,농업경제학과,농업생명과학대학,machine-learning,머신러닝,,,,0.5,main_textbook_clean,topic_name,,true,false,false,1
58796,바이오시스템 인공지능 개론,바이오시스템기계공학과,농업생명과학대학,artificial-intelligence,인공지능,,,,1.0,course_name_clean|learning_objective_clean|main_textbook_clean,topic_name,,true,false,true,3
58796,바이오시스템 인공지능 개론,바이오시스템기계공학과,농업생명과학대학,programming,프로그래밍,,,,0.68,prerequisite_material_clean,topic_name,prerequisite,true,false,false,1
58796,바이오시스템 인공지능 개론,바이오시스템기계공학과,농업생명과학대학,python,Python,,,,0.68,prerequisite_material_clean,topic_name,prerequisite,true,false,false,1
58796,바이오시스템 인공지능 개론,바이오시스템기계공학과,농업생명과학대학,programming-basic-syntax,프로그래밍 기초 문법,,,,0.65,prerequisite_material_clean,alias,prerequisite,true,false,false,1
58806,바이오시스템 기계학습,바이오시스템기계공학과,농업생명과학대학,machine-learning,머신러닝,,,,0.98,course_name_clean|learning_objective_clean,alias,,true,false,true,2
58806,바이오시스템 기계학습,바이오시스템기계공학과,농업생명과학대학,python,Python,,,,0.7,learning_objective_clean,alias,,true,false,false,1
5902,벤처캡스톤디자인,전자정보통신공학부,공학대학,programming,프로그래밍,,,,0.68,prerequisite_material_clean,topic_name,prerequisite,true,false,false,1
5912,회로이론응용및실험,정보통신공학전공,공학대학,,,함수,programming-basic-syntax,3,0.65,prerequisite_material_clean,depth3_candidate,prerequisite,false,true,false,1
5913,네트워크프로그래밍,정보통신공학전공,공학대학,programming,프로그래밍,,,,1.0,course_name_clean|learning_objective_clean|main_textbook_clean,topic_name,,true,false,true,3
5913,네트워크프로그래밍,정보통신공학전공,공학대학,networks,네트워크,,,,1.0,course_name_clean|learning_objective_clean,topic_name,,true,false,true,2
5915,웹프로그래밍,정보통신공학전공,공학대학,java,Java,,,,0.83,learning_objective_clean|main_textbook_clean,topic_name,,true,false,false,2
5915,웹프로그래밍,정보통신공학전공,공학대학,programming,프로그래밍,,,,1.0,course_name_clean|main_textbook_clean|prerequisite_material_clean,topic_name,prerequisite,true,false,true,3
5932,디지털신호처리실험,정보통신공학전공,공학대학,python,Python,,,,0.45,main_textbook_clean,alias,,true,false,false,1
5935,사물인터넷설계,정보통신공학전공,공학대학,,,인터넷,networks,3,0.85,course_name_clean,depth3_candidate,,false,true,false,1
5935,사물인터넷설계,정보통신공학전공,공학대학,networks,네트워크,,,,0.5,main_textbook_clean,topic_name,,true,false,false,1
5935,사물인터넷설계,정보통신공학전공,공학대학,programming,프로그래밍,,,,0.5,main_textbook_clean,topic_name,,true,false,false,1
5935,사물인터넷설계,정보통신공학전공,공학대학,python,Python,,,,0.45,main_textbook_clean,alias,,true,false,false,1
5936,사물인터넷운영체제,정보통신공학전공,공학대학,operating-systems,운영체제,,,,1.0,course_name_clean|learning_objective_clean,topic_name,,true,false,true,2
5936,사물인터넷운영체제,정보통신공학전공,공학대학,,,인터넷,networks,3,0.93,course_name_clean|learning_objective_clean,depth3_candidate,,false,true,false,2
5936,사물인터넷운영체제,정보통신공학전공,공학대학,linux,Linux,,,,0.8,learning_objective_clean,topic_name,,true,false,false,1
5936,사물인터넷운영체제,정보통신공학전공,공학대학,python,Python,,,,0.71,main_textbook_clean|prerequisite_material_clean,alias|topic_name,prerequisite,true,false,false,2
5936,사물인터넷운영체제,정보통신공학전공,공학대학,c-language,C언어,,,,0.68,prerequisite_material_clean,alias|topic_name,prerequisite,true,false,false,2
5936,사물인터넷운영체제,정보통신공학전공,공학대학,programming,프로그래밍,,,,0.68,prerequisite_material_clean,topic_name,prerequisite,true,false,false,1
59364,머신러닝 개론,교육학과,사범대학,machine-learning,머신러닝,,,,1.0,course_name_clean|learning_objective_clean|main_textbook_clean,topic_name,,true,false,true,3
59364,머신러닝 개론,교육학과,사범대학,data-analysis,데이터 분석,,,,0.83,learning_objective_clean|main_textbook_clean,topic_name,,true,false,false,2
59364,머신러닝 개론,교육학과,사범대학,programming,프로그래밍,,,,0.83,learning_objective_clean|prerequisite_material_clean,topic_name,prerequisite,true,false,false,2
59364,머신러닝 개론,교육학과,사범대학,python,Python,,,,0.71,main_textbook_clean|prerequisite_material_clean,alias|topic_name,prerequisite,true,false,false,3
59364,머신러닝 개론,교육학과,사범대학,linear-algebra,선형대수,,,,0.68,prerequisite_material_clean,topic_name,prerequisite,true,false,false,1
59364,머신러닝 개론,교육학과,사범대학,probability-statistics,확률과 통계,,,,0.68,prerequisite_material_clean,topic_name,prerequisite,true,false,false,1
59367,딥러닝 기초 및 응용,교육학과,사범대학,,,신경망,deep-learning,3,0.8,learning_objective_clean,depth3_candidate,,false,true,false,1
59367,딥러닝 기초 및 응용,교육학과,사범대학,algorithms,알고리즘,,,,0.5,main_textbook_clean,topic_name,,true,false,false,1
59367,딥러닝 기초 및 응용,교육학과,사범대학,deep-learning,딥러닝,,,,1.0,course_name_clean|main_textbook_clean|prerequisite_material_clean,topic_name,prerequisite,true,false,true,3
5937,사물인터넷프로그래밍,정보통신공학전공,공학대학,programming,프로그래밍,,,,1.0,course_name_clean|learning_objective_clean|main_textbook_clean,topic_name,,true,false,true,3
5937,사물인터넷프로그래밍,정보통신공학전공,공학대학,,,인터넷,networks,3,0.85,course_name_clean,depth3_candidate,,false,true,false,1
5937,사물인터넷프로그래밍,정보통신공학전공,공학대학,javascript,JavaScript,,,,0.5,main_textbook_clean,topic_name,,true,false,false,1
5940,확률과인공지능,정보통신공학전공,공학대학,artificial-intelligence,인공지능,,,,0.95,course_name_clean,topic_name,,true,false,true,1
5940,확률과인공지능,정보통신공학전공,공학대학,statistical-analysis,통계 분석,,,,0.8,learning_objective_clean,topic_name,,true,false,false,1
5943,딥러닝,정보통신공학전공,공학대학,deep-learning,딥러닝,,,,0.98,course_name_clean|main_textbook_clean,topic_name,,true,false,true,2
5943,딥러닝,정보통신공학전공,공학대학,,,신경망,deep-learning,3,0.8,learning_objective_clean,depth3_candidate,,false,true,false,1
5943,딥러닝,정보통신공학전공,공학대학,artificial-intelligence,인공지능,,,,0.5,main_textbook_clean,topic_name,,true,false,false,1
5943,딥러닝,정보통신공학전공,공학대학,machine-learning,머신러닝,,,,0.5,main_textbook_clean,topic_name,,true,false,false,1
5943,딥러닝,정보통신공학전공,공학대학,programming,프로그래밍,,,,0.68,prerequisite_material_clean,topic_name,prerequisite,true,false,false,1
5943,딥러닝,정보통신공학전공,공학대학,python,Python,,,,0.68,prerequisite_material_clean,topic_name,prerequisite,true,false,false,1
5943,딥러닝,정보통신공학전공,공학대학,programming-basic-syntax,프로그래밍 기초 문법,,,,0.65,prerequisite_material_clean,alias,prerequisite,true,false,false,1
59509,컴퓨터구조,전기전자통신공학교육과,사범대학,computer-architecture,컴퓨터구조,,,,1.0,course_name_clean|learning_objective_clean|main_textbook_clean,topic_name,,true,false,true,3
59509,컴퓨터구조,전기전자통신공학교육과,사범대학,programming,프로그래밍,,,,0.68,prerequisite_material_clean,topic_name,prerequisite,true,false,false,1
59513,창의공학설계프로젝트,전기전자통신공학교육과,사범대학,problem-solving-coding-basics,문제 해결과 코딩 기초,,,,0.65,prerequisite_material_clean,alias,prerequisite,true,false,false,1
59515,고급프로그래밍,전기전자통신공학교육과,사범대학,python,Python,,,,0.83,learning_objective_clean|main_textbook_clean,alias|topic_name,,true,false,false,3
59515,고급프로그래밍,전기전자통신공학교육과,사범대학,programming,프로그래밍,,,,0.98,course_name_clean|prerequisite_material_clean,topic_name,prerequisite,true,false,true,2
59515,고급프로그래밍,전기전자통신공학교육과,사범대학,c-language,C언어,,,,0.68,prerequisite_material_clean,alias|topic_name,prerequisite,true,false,false,2
59516,컴퓨터프로그래밍,전기전자통신공학교육과,사범대학,programming,프로그래밍,,,,1.0,course_name_clean|learning_objective_clean,topic_name,,true,false,true,2
59516,컴퓨터프로그래밍,전기전자통신공학교육과,사범대학,c-language,C언어,,,,0.83,learning_objective_clean|main_textbook_clean,alias|topic_name,,true,false,false,4
59516,컴퓨터프로그래밍,전기전자통신공학교육과,사범대학,,,반복문,programming-basic-syntax,3,0.8,learning_objective_clean,depth3_candidate,,false,true,false,1
59516,컴퓨터프로그래밍,전기전자통신공학교육과,사범대학,,,배열,data-structures,3,0.8,learning_objective_clean,depth3_candidate,,false,true,false,1
59516,컴퓨터프로그래밍,전기전자통신공학교육과,사범대학,,,변수,programming-basic-syntax,3,0.8,learning_objective_clean,depth3_candidate,,false,true,false,1
59516,컴퓨터프로그래밍,전기전자통신공학교육과,사범대학,,,조건문,programming-basic-syntax,3,0.8,learning_objective_clean,depth3_candidate,,false,true,false,1
59523,전기·전자·통신교육과정및교재연구,전기전자통신공학교육과,사범대학,,,탐색,algorithms,3,0.8,learning_objective_clean,depth3_candidate,,false,true,false,1
59529,전기·전자·통신 교수법 및 평가,전기전자통신공학교육과,사범대학,,,탐색,algorithms,3,0.8,learning_objective_clean,depth3_candidate,,false,true,false,1
59722,데이터사이언스개론,문헌정보학과,사회과학대학,data-analysis,데이터 분석,,,,0.8,learning_objective_clean,topic_name,,true,false,false,1
59733,데이터분석및시각화,문헌정보학과,사회과학대학,data-visualization,데이터 시각화,,,,0.93,course_name_clean|learning_objective_clean,alias,,true,false,true,2
59733,데이터분석및시각화,문헌정보학과,사회과학대학,data-analysis,데이터 분석,,,,0.8,learning_objective_clean,topic_name,,true,false,false,1
59864,사회과학데이터분석,사회학과,사회과학대학,,,변수,programming-basic-syntax,3,0.8,learning_objective_clean,depth3_candidate,,false,true,false,1
59864,사회과학데이터분석,사회학과,사회과학대학,data-analysis,데이터 분석,,,,0.8,learning_objective_clean,topic_name,,true,false,false,1
59864,사회과학데이터분석,사회학과,사회과학대학,regression-analysis,회귀분석,,,,0.5,main_textbook_clean,topic_name,,true,false,false,1
59864,사회과학데이터분석,사회학과,사회과학대학,probability-statistics,확률과 통계,,,,0.73,learning_objective_clean|prerequisite_material_clean,alias,prerequisite,true,false,false,2
59929,공공외교와 Global Affairs,정치외교학과,사회과학대학,,,탐색,algorithms,3,0.8,learning_objective_clean,depth3_candidate,,false,true,false,1
59929,공공외교와 Global Affairs,정치외교학과,사회과학대학,deployment,배포,,,,0.5,main_textbook_clean,topic_name,,true,false,false,1
60189,빅데이터분석과소비자,소비자학과,생활과학대학,python,Python,,,,0.8,learning_objective_clean,topic_name,,true,false,false,1
60281,패션데이터분석,의류학과,생활과학대학,algorithms,알고리즘,,,,0.8,learning_objective_clean,topic_name,,true,false,false,1
60281,패션데이터분석,의류학과,생활과학대학,c-language,C언어,,,,0.75,learning_objective_clean,alias,,true,false,false,1
60281,패션데이터분석,의류학과,생활과학대학,programming-basic-syntax,프로그래밍 기초 문법,,,,0.75,learning_objective_clean,alias,,true,false,false,1
60281,패션데이터분석,의류학과,생활과학대학,programming,프로그래밍,,,,0.85,learning_objective_clean|main_textbook_clean|prerequisite_material_clean,topic_name,prerequisite,true,false,true,3
61974,암호론및실습,수학과,자연과학대학,linear-algebra,선형대수,,,,0.83,learning_objective_clean|prerequisite_material_clean,topic_name,prerequisite,true,false,false,2
61974,암호론및실습,수학과,자연과학대학,python,Python,,,,0.6,prerequisite_material_clean,alias,prerequisite,true,false,false,1
61979,빅데이터해석및실습,수학과,자연과학대학,python,Python,,,,0.8,learning_objective_clean,topic_name,,true,false,false,1
61979,빅데이터해석및실습,수학과,자연과학대학,calculus,미적분,,,,0.68,prerequisite_material_clean,topic_name,prerequisite,true,false,false,1
61979,빅데이터해석및실습,수학과,자연과학대학,linear-algebra,선형대수,,,,0.68,prerequisite_material_clean,topic_name,prerequisite,true,false,false,1
62013,탐사적데이터분석,정보통계학과,자연과학대학,probability-statistics,확률과 통계,,,,0.6,prerequisite_material_clean,alias,prerequisite,true,false,false,1
62017,다변량데이터분석,정보통계학과,자연과학대학,statistical-analysis,통계 분석,,,,0.8,learning_objective_clean,topic_name,,true,false,false,1
62017,다변량데이터분석,정보통계학과,자연과학대학,,,행렬,linear-algebra,3,0.83,learning_objective_clean|prerequisite_material_clean,depth3_candidate,prerequisite,false,true,false,2
62017,다변량데이터분석,정보통계학과,자연과학대학,regression-analysis,회귀분석,,,,0.68,prerequisite_material_clean,topic_name,prerequisite,true,false,false,1
62017,다변량데이터분석,정보통계학과,자연과학대학,,,회귀,machine-learning,3,0.65,prerequisite_material_clean,depth3_candidate,prerequisite,false,true,false,1
62017,다변량데이터분석,정보통계학과,자연과학대학,statistical-inference,통계적 추론,,,,0.65,prerequisite_material_clean,alias,prerequisite,true,false,false,1
62017,다변량데이터분석,정보통계학과,자연과학대학,probability-statistics,확률과 통계,,,,0.6,prerequisite_material_clean,alias,prerequisite,true,false,false,1
6202,머신러닝을위한통계학2,AI소프트웨어학과,공학대학,machine-learning,머신러닝,,,,1.0,course_name_clean|learning_objective_clean,topic_name,,true,false,true,2
6202,머신러닝을위한통계학2,AI소프트웨어학과,공학대학,probability-statistics,확률과 통계,,,,0.88,course_name_clean|main_textbook_clean,alias,,true,false,true,2
6202,머신러닝을위한통계학2,AI소프트웨어학과,공학대학,,,기댓값과 분산,probability-statistics,3,0.8,learning_objective_clean,depth3_candidate,,false,true,false,1
6202,머신러닝을위한통계학2,AI소프트웨어학과,공학대학,,,비지도학습,machine-learning,3,0.8,learning_objective_clean,depth3_candidate,,false,true,false,1
6202,머신러닝을위한통계학2,AI소프트웨어학과,공학대학,,,지도학습,machine-learning,3,0.8,learning_objective_clean,depth3_candidate,,false,true,false,1
6202,머신러닝을위한통계학2,AI소프트웨어학과,공학대학,,,회귀,machine-learning,3,0.8,learning_objective_clean,depth3_candidate,,false,true,false,1
6202,머신러닝을위한통계학2,AI소프트웨어학과,공학대학,data-analysis,데이터 분석,,,,0.8,learning_objective_clean,topic_name,,true,false,false,1
6202,머신러닝을위한통계학2,AI소프트웨어학과,공학대학,regression-analysis,회귀분석,,,,0.8,learning_objective_clean,topic_name,,true,false,false,1
62026,빅데이터분석 및 실습,정보통계학과,자연과학대학,programming,프로그래밍,,,,0.8,learning_objective_clean,topic_name,,true,false,false,1
62026,빅데이터분석 및 실습,정보통계학과,자연과학대학,data-analysis,데이터 분석,,,,0.5,main_textbook_clean,topic_name,,true,false,false,1
62026,빅데이터분석 및 실습,정보통계학과,자연과학대학,regression-analysis,회귀분석,,,,0.68,prerequisite_material_clean,topic_name,prerequisite,true,false,false,1
62026,빅데이터분석 및 실습,정보통계학과,자연과학대학,,,회귀,machine-learning,3,0.65,prerequisite_material_clean,depth3_candidate,prerequisite,false,true,false,1
6223,고급프로그래밍언어,AI소프트웨어학과,공학대학,programming,프로그래밍,,,,0.95,course_name_clean,topic_name,,true,false,true,1
6223,고급프로그래밍언어,AI소프트웨어학과,공학대학,python,Python,,,,0.45,main_textbook_clean,alias,,true,false,false,1
6227,데이터베이스2,AI소프트웨어학과,공학대학,database,데이터베이스,,,,0.98,course_name_clean|main_textbook_clean,topic_name,,true,false,true,2
6249,컴퓨터네트워크,AI소프트웨어학과,공학대학,networks,네트워크,,,,0.95,course_name_clean,alias|topic_name,,true,false,true,2
6249,컴퓨터네트워크,AI소프트웨어학과,공학대학,operating-systems,운영체제,,,,0.68,prerequisite_material_clean,topic_name,prerequisite,true,false,false,1
62519,인공지능,산업시스템공학과,단과대구분없음,artificial-intelligence,인공지능,,,,1.0,course_name_clean|learning_objective_clean,topic_name,,true,false,true,2
62519,인공지능,산업시스템공학과,단과대구분없음,deep-learning,딥러닝,,,,0.8,learning_objective_clean,topic_name,,true,false,false,1
62519,인공지능,산업시스템공학과,단과대구분없음,machine-learning,머신러닝,,,,0.8,learning_objective_clean,topic_name,,true,false,false,1
62519,인공지능,산업시스템공학과,단과대구분없음,python,Python,,,,0.8,learning_objective_clean,topic_name,,true,false,false,1
6252,미디어통신공학,AI소프트웨어학과,공학대학,networks,네트워크,,,,0.8,learning_objective_clean,alias|topic_name,,true,false,false,2
62574,공공의약데이터베이스의 활용,약무임상약학과,단과대구분없음,database,데이터베이스,,,,1.0,course_name_clean|learning_objective_clean,topic_name,,true,false,true,2
6258,객체지향프로그래밍,AI소프트웨어학과,공학대학,programming,프로그래밍,,,,0.95,course_name_clean,topic_name,,true,false,true,1
6258,객체지향프로그래밍,AI소프트웨어학과,공학대학,oop,객체지향 프로그래밍,,,,0.9,course_name_clean,alias,,true,false,true,1
6258,객체지향프로그래밍,AI소프트웨어학과,공학대학,java,Java,,,,0.5,main_textbook_clean,topic_name,,true,false,false,1
6260,모바일프로그래밍,AI소프트웨어학과,공학대학,programming,프로그래밍,,,,0.98,course_name_clean|main_textbook_clean,topic_name,,true,false,true,2
6262,웹프로그래밍,AI소프트웨어학과,공학대학,programming,프로그래밍,,,,0.98,course_name_clean|main_textbook_clean,topic_name,,true,false,true,2
62691,생물정보데이터와 기계학습,축산학과,단과대구분없음,machine-learning,머신러닝,,,,0.9,course_name_clean,alias,,true,false,true,1
62691,생물정보데이터와 기계학습,축산학과,단과대구분없음,artificial-intelligence,인공지능,,,,0.8,learning_objective_clean,topic_name,,true,false,false,1
62691,생물정보데이터와 기계학습,축산학과,단과대구분없음,programming,프로그래밍,,,,0.68,prerequisite_material_clean,topic_name,prerequisite,true,false,false,1
62691,생물정보데이터와 기계학습,축산학과,단과대구분없음,programming-basic-syntax,프로그래밍 기초 문법,,,,0.65,prerequisite_material_clean,alias,prerequisite,true,false,false,1
62691,생물정보데이터와 기계학습,축산학과,단과대구분없음,probability-statistics,확률과 통계,,,,0.6,prerequisite_material_clean,alias,prerequisite,true,false,false,1
62727,CAAIEAI,신약개발학과,단과대구분없음,,,탐색,algorithms,3,0.8,learning_objective_clean,depth3_candidate,,false,true,false,1
62876,스마트농업 인공지능 특론,스마트농업시스템공학과,단과대구분없음,artificial-intelligence,인공지능,,,,1.0,course_name_clean|learning_objective_clean|main_textbook_clean,topic_name,,true,false,true,3
62893,AI를 위한 기초 프로그래밍,바이오AI융합학과,단과대구분없음,data-analysis,데이터 분석,,,,0.8,learning_objective_clean,topic_name,,true,false,false,1
62893,AI를 위한 기초 프로그래밍,바이오AI융합학과,단과대구분없음,python,Python,,,,0.75,learning_objective_clean,alias,,true,false,false,2
62893,AI를 위한 기초 프로그래밍,바이오AI융합학과,단과대구분없음,problem-solving-coding-basics,문제 해결과 코딩 기초,,,,0.75,learning_objective_clean,alias,,true,false,false,1
62893,AI를 위한 기초 프로그래밍,바이오AI융합학과,단과대구분없음,programming,프로그래밍,,,,1.0,course_name_clean|learning_objective_clean|prerequisite_material_clean,topic_name,prerequisite,true,false,true,3
62905,기계학습및설계,마이크로디그리과정,단과대구분없음,machine-learning,머신러닝,,,,1.0,course_name_clean|learning_objective_clean|main_textbook_clean,alias|topic_name,,true,false,true,3
62905,기계학습및설계,마이크로디그리과정,단과대구분없음,algorithms,알고리즘,,,,0.8,learning_objective_clean,topic_name,,true,false,false,1
62905,기계학습및설계,마이크로디그리과정,단과대구분없음,python,Python,,,,0.73,learning_objective_clean|prerequisite_material_clean,alias|topic_name,prerequisite,true,false,false,3
62905,기계학습및설계,마이크로디그리과정,단과대구분없음,data-analysis,데이터 분석,,,,0.71,main_textbook_clean|prerequisite_material_clean,topic_name,prerequisite,true,false,false,2
62905,기계학습및설계,마이크로디그리과정,단과대구분없음,programming,프로그래밍,,,,0.68,prerequisite_material_clean,topic_name,prerequisite,true,false,false,1
62906,산업 인공지능 및 실습2,마이크로디그리과정,단과대구분없음,artificial-intelligence,인공지능,,,,1.0,course_name_clean|learning_objective_clean,topic_name,,true,false,true,2
62906,산업 인공지능 및 실습2,마이크로디그리과정,단과대구분없음,data-analysis,데이터 분석,,,,0.8,learning_objective_clean,topic_name,,true,false,false,1
62906,산업 인공지능 및 실습2,마이크로디그리과정,단과대구분없음,linear-algebra,선형대수,,,,0.68,prerequisite_material_clean,alias|topic_name,prerequisite,true,false,false,2
62906,산업 인공지능 및 실습2,마이크로디그리과정,단과대구분없음,programming,프로그래밍,,,,0.68,prerequisite_material_clean,topic_name,prerequisite,true,false,false,1
62906,산업 인공지능 및 실습2,마이크로디그리과정,단과대구분없음,programming-basic-syntax,프로그래밍 기초 문법,,,,0.65,prerequisite_material_clean,alias,prerequisite,true,false,false,1
62913,컴퓨터비전,모빌리티ICT융합학부,단과대구분없음,computer-vision,컴퓨터 비전,,,,0.98,course_name_clean|learning_objective_clean,alias|topic_name,,true,false,true,3
62913,컴퓨터비전,모빌리티ICT융합학부,단과대구분없음,algorithms,알고리즘,,,,0.8,learning_objective_clean,topic_name,,true,false,false,1
62913,컴퓨터비전,모빌리티ICT융합학부,단과대구분없음,deep-learning,딥러닝,,,,0.8,learning_objective_clean,topic_name,,true,false,false,1
62913,컴퓨터비전,모빌리티ICT융합학부,단과대구분없음,programming,프로그래밍,,,,0.8,learning_objective_clean,topic_name,,true,false,false,1
62916,기계학습,모빌리티ICT융합학부,단과대구분없음,machine-learning,머신러닝,,,,1.0,course_name_clean|learning_objective_clean|main_textbook_clean,alias|topic_name,,true,false,true,3
62916,기계학습,모빌리티ICT융합학부,단과대구분없음,,,신경망,deep-learning,3,0.8,learning_objective_clean,depth3_candidate,,false,true,false,1
62916,기계학습,모빌리티ICT융합학부,단과대구분없음,,,역전파,deep-learning,3,0.8,learning_objective_clean,depth3_candidate,,false,true,false,1
62916,기계학습,모빌리티ICT융합학부,단과대구분없음,,,트리,data-structures,3,0.8,learning_objective_clean,depth3_candidate,,false,true,false,1
62916,기계학습,모빌리티ICT융합학부,단과대구분없음,algorithms,알고리즘,,,,0.8,learning_objective_clean,topic_name,,true,false,false,1
62922,영상처리 및 딥러닝,모빌리티ICT융합학부,단과대구분없음,deep-learning,딥러닝,,,,1.0,course_name_clean|learning_objective_clean,topic_name,,true,false,true,2
62922,영상처리 및 딥러닝,모빌리티ICT융합학부,단과대구분없음,computer-vision,컴퓨터 비전,,,,0.5,main_textbook_clean,topic_name,,true,false,false,1
62923,데이터베이스,모빌리티ICT융합학부,단과대구분없음,database,데이터베이스,,,,1.0,course_name_clean|learning_objective_clean,topic_name,,true,false,true,2
62942,생체데이터분석,모빌리티소재부품장비융합학부,단과대구분없음,artificial-intelligence,인공지능,,,,0.8,learning_objective_clean,topic_name,,true,false,false,1
62942,생체데이터분석,모빌리티소재부품장비융합학부,단과대구분없음,deep-learning,딥러닝,,,,0.8,learning_objective_clean,topic_name,,true,false,false,1
62942,생체데이터분석,모빌리티소재부품장비융합학부,단과대구분없음,machine-learning,머신러닝,,,,0.8,learning_objective_clean,topic_name,,true,false,false,1
62942,생체데이터분석,모빌리티소재부품장비융합학부,단과대구분없음,python,Python,,,,0.7,learning_objective_clean,alias,,true,false,false,1
62966,알고리즘,연계전공학과,단과대구분없음,algorithms,알고리즘,,,,1.0,course_name_clean|learning_objective_clean|main_textbook_clean,topic_name,,true,false,true,3
62966,알고리즘,연계전공학과,단과대구분없음,problem-solving-coding-basics,문제 해결과 코딩 기초,,,,0.75,learning_objective_clean,alias,,true,false,false,1
62966,알고리즘,연계전공학과,단과대구분없음,python,Python,,,,0.45,main_textbook_clean,alias,,true,false,false,1
62966,알고리즘,연계전공학과,단과대구분없음,data-structures,자료구조,,,,0.68,prerequisite_material_clean,topic_name,prerequisite,true,false,false,1
62966,알고리즘,연계전공학과,단과대구분없음,programming,프로그래밍,,,,0.68,prerequisite_material_clean,topic_name,prerequisite,true,false,false,1
62982,빅데이터와 디지털 사고,연계전공학과,단과대구분없음,authentication-authorization,인증과 인가,,,,0.7,learning_objective_clean,alias,,true,false,false,1
63002,운영체제,연계전공학과,단과대구분없음,operating-systems,운영체제,,,,1.0,course_name_clean|learning_objective_clean|main_textbook_clean,topic_name,,true,false,true,3
63002,운영체제,연계전공학과,단과대구분없음,programming,프로그래밍,,,,0.68,prerequisite_material_clean,topic_name,prerequisite,true,false,false,1
63284,데이터베이스시스템,경영정보학과,경영대학,database,데이터베이스,,,,0.98,course_name_clean|main_textbook_clean,alias|topic_name,,true,false,true,2
63285,데이터베이스시스템,경영정보학과,경영대학,database,데이터베이스,,,,0.98,course_name_clean|main_textbook_clean,alias|topic_name,,true,false,true,2
64096,축산데이터분석법,축산학과,농업생명환경대학,data-analysis,데이터 분석,,,,0.8,learning_objective_clean,topic_name,,true,false,false,1
64096,축산데이터분석법,축산학과,농업생명환경대학,probability-statistics,확률과 통계,,,,0.45,main_textbook_clean,alias,,true,false,false,1
64984,소비자빅데이터정보분석Ⅰ(캡스톤디자인),소비자학과,생활과학대학,data-analysis,데이터 분석,,,,0.8,learning_objective_clean,topic_name,,true,false,false,1
64986,소비자빅데이터정보분석Ⅱ(캡스톤디자인),소비자학과,생활과학대학,data-analysis,데이터 분석,,,,0.8,learning_objective_clean,topic_name,,true,false,false,1
65911,인공지능 활용 신약개발,생화학과,자연과학대학,artificial-intelligence,인공지능,,,,1.0,course_name_clean|learning_objective_clean,topic_name,,true,false,true,2
65999,정보/조합/암호론,수학과,자연과학대학,artificial-intelligence,인공지능,,,,0.8,learning_objective_clean,topic_name,,true,false,false,1
66023,데이터마이닝,정보통계학과,자연과학대학,algorithms,알고리즘,,,,0.8,learning_objective_clean,topic_name,,true,false,false,1
66024,기계학습,정보통계학과,자연과학대학,machine-learning,머신러닝,,,,1.0,course_name_clean|learning_objective_clean|main_textbook_clean,alias,,true,false,true,3
66024,기계학습,정보통계학과,자연과학대학,algorithms,알고리즘,,,,0.8,learning_objective_clean,topic_name,,true,false,false,1
66024,기계학습,정보통계학과,자연과학대학,python,Python,,,,0.8,learning_objective_clean,topic_name,,true,false,false,1
66110,공학수학 I,전기공학부,전자정보대학,,,표현식,programming-basic-syntax,3,0.8,learning_objective_clean,depth3_candidate,,false,true,false,1
66111,공학수학 I,전기공학부,전자정보대학,,,표현식,programming-basic-syntax,3,0.8,learning_objective_clean,depth3_candidate,,false,true,false,1
66114,확률및통계,전기공학부,전자정보대학,probability-statistics,확률과 통계,,,,0.9,course_name_clean,alias,,true,false,true,1
66115,수치해석 및 응용,전기공학부,전자정보대학,numerical-analysis,수치해석,,,,0.95,course_name_clean,topic_name,,true,false,true,1
66115,수치해석 및 응용,전기공학부,전자정보대학,python,Python,,,,0.8,learning_objective_clean,topic_name,,true,false,false,1
66120,공학수학 II,전기공학부,전자정보대학,,,표현식,programming-basic-syntax,3,0.8,learning_objective_clean,depth3_candidate,,false,true,false,1
66121,공학수학 II,전기공학부,전자정보대학,,,표현식,programming-basic-syntax,3,0.8,learning_objective_clean,depth3_candidate,,false,true,false,1
66144,디지털신호처리,전기공학부,전자정보대학,,,표본추출,probability-statistics,3,0.8,learning_objective_clean,depth3_candidate,,false,true,false,1
66156,미래설계 I,전기공학부,전자정보대학,,,탐색,algorithms,3,0.8,learning_objective_clean,depth3_candidate,,false,true,false,1
66157,미래설계 II,전기공학부,전자정보대학,,,탐색,algorithms,3,0.8,learning_objective_clean,depth3_candidate,,false,true,false,1
66158,미래설계 III,전기공학부,전자정보대학,,,탐색,algorithms,3,0.8,learning_objective_clean,depth3_candidate,,false,true,false,1
66167,공학수학 II,전자공학부,전자정보대학,,,함수,programming-basic-syntax,3,0.8,learning_objective_clean,depth3_candidate,,false,true,false,1
66167,공학수학 II,전자공학부,전자정보대학,problem-solving-coding-basics,문제 해결과 코딩 기초,,,,0.75,learning_objective_clean,alias,,true,false,false,1
66175,자료구조 및 알고리즘,전자공학부,전자정보대학,algorithms,알고리즘,,,,1.0,course_name_clean|learning_objective_clean,topic_name,,true,false,true,2
66175,자료구조 및 알고리즘,전자공학부,전자정보대학,data-structures,자료구조,,,,1.0,course_name_clean|learning_objective_clean,topic_name,,true,false,true,2
66175,자료구조 및 알고리즘,전자공학부,전자정보대학,programming,프로그래밍,,,,0.8,learning_objective_clean,topic_name,,true,false,false,1
66175,자료구조 및 알고리즘,전자공학부,전자정보대학,programming-basic-syntax,프로그래밍 기초 문법,,,,0.75,learning_objective_clean,alias,,true,false,false,1
66179,컴퓨터구조,전자공학부,전자정보대학,computer-architecture,컴퓨터구조,,,,1.0,course_name_clean|learning_objective_clean,alias|topic_name,,true,false,true,2
66179,컴퓨터구조,전자공학부,전자정보대학,,,입출력,programming-basic-syntax,3,0.8,learning_objective_clean,depth3_candidate,,false,true,false,1
66180,컴퓨터구조,전자공학부,전자정보대학,computer-architecture,컴퓨터구조,,,,1.0,course_name_clean|learning_objective_clean,alias|topic_name,,true,false,true,2
66180,컴퓨터구조,전자공학부,전자정보대학,,,입출력,programming-basic-syntax,3,0.8,learning_objective_clean,depth3_candidate,,false,true,false,1
66187,통신공학,전자공학부,전자정보대학,,,변수,programming-basic-syntax,3,0.8,learning_objective_clean,depth3_candidate,,false,true,false,1
66192,마이크로프로세서,전자공학부,전자정보대학,programming,프로그래밍,,,,0.8,learning_objective_clean,topic_name,,true,false,false,1
66192,마이크로프로세서,전자공학부,전자정보대학,computer-architecture,컴퓨터구조,,,,0.75,learning_objective_clean,alias,,true,false,false,1
66193,마이크로프로세서,전자공학부,전자정보대학,programming,프로그래밍,,,,0.8,learning_objective_clean,topic_name,,true,false,false,1
66193,마이크로프로세서,전자공학부,전자정보대학,computer-architecture,컴퓨터구조,,,,0.75,learning_objective_clean,alias,,true,false,false,1
66197,디지털신호처리,전자공학부,전자정보대학,algorithms,알고리즘,,,,0.8,learning_objective_clean,topic_name,,true,false,false,1
66205,정보통신공학,전자공학부,전자정보대학,,,프로토콜,networks,3,0.8,learning_objective_clean,depth3_candidate,,false,true,false,2
66206,로봇공학,전자공학부,전자정보대학,algorithms,알고리즘,,,,0.8,learning_objective_clean,topic_name,,true,false,false,1
66222,반도체패키징테스팅,전자공학부,전자정보대학,testing,테스트,,,,0.95,course_name_clean|learning_objective_clean|main_textbook_clean,alias|topic_name,,true,false,true,4
66223,반도체패키징테스팅,전자공학부,전자정보대학,testing,테스트,,,,0.95,course_name_clean|learning_objective_clean|main_textbook_clean,alias|topic_name,,true,false,true,4
66224,프로그래밍프로젝트,전자공학부,전자정보대학,programming,프로그래밍,,,,1.0,course_name_clean|learning_objective_clean,topic_name,,true,false,true,2
66232,반도체소자공정실험,전자공학부,전자정보대학,optimization,최적화,,,,0.8,learning_objective_clean,topic_name,,true,false,false,1
66234,컴퓨터네트워크,전자공학부,전자정보대학,networks,네트워크,,,,1.0,course_name_clean|learning_objective_clean,alias|topic_name,,true,false,true,4
66234,컴퓨터네트워크,전자공학부,전자정보대학,,,인터넷,networks,3,0.8,learning_objective_clean,depth3_candidate,,false,true,false,1
66234,컴퓨터네트워크,전자공학부,전자정보대학,,,프로토콜,networks,3,0.8,learning_objective_clean,depth3_candidate,,false,true,false,1
66239,선형대수,전자공학전공,전자정보대학,linear-algebra,선형대수,,,,0.95,course_name_clean,topic_name,,true,false,true,1
66239,선형대수,전자공학전공,전자정보대학,,,고윳값과 고유벡터,linear-algebra,3,0.8,learning_objective_clean,depth3_candidate,,false,true,false,1
66239,선형대수,전자공학전공,전자정보대학,,,벡터,linear-algebra,3,0.8,learning_objective_clean,depth3_candidate,,false,true,false,1
66239,선형대수,전자공학전공,전자정보대학,,,선형변환,linear-algebra,3,0.8,learning_objective_clean,depth3_candidate,,false,true,false,1
66239,선형대수,전자공학전공,전자정보대학,,,행렬,linear-algebra,3,0.8,learning_objective_clean,depth3_candidate,,false,true,false,1
66241,고급컴퓨터프로그래밍,전자공학전공,전자정보대학,programming,프로그래밍,,,,1.0,course_name_clean|learning_objective_clean,topic_name,,true,false,true,2
66241,고급컴퓨터프로그래밍,전자공학전공,전자정보대학,,,배열,data-structures,3,0.8,learning_objective_clean,depth3_candidate,,false,true,false,1
66241,고급컴퓨터프로그래밍,전자공학전공,전자정보대학,,,조건문,programming-basic-syntax,3,0.8,learning_objective_clean,depth3_candidate,,false,true,false,1
66241,고급컴퓨터프로그래밍,전자공학전공,전자정보대학,,,함수,programming-basic-syntax,3,0.8,learning_objective_clean,depth3_candidate,,false,true,false,1
66241,고급컴퓨터프로그래밍,전자공학전공,전자정보대학,oop,객체지향 프로그래밍,,,,0.75,learning_objective_clean,alias,,true,false,false,1
66242,공학수학Ⅱ,전자공학전공,전자정보대학,,,함수,programming-basic-syntax,3,0.8,learning_objective_clean,depth3_candidate,,false,true,false,1
66244,확률및통계,전자공학전공,전자정보대학,probability-statistics,확률과 통계,,,,0.9,course_name_clean,alias,,true,false,true,1
66244,확률및통계,전자공학전공,전자정보대학,,,기댓값과 분산,probability-statistics,3,0.8,learning_objective_clean,depth3_candidate,,false,true,false,1
66244,확률및통계,전자공학전공,전자정보대학,,,함수,programming-basic-syntax,3,0.8,learning_objective_clean,depth3_candidate,,false,true,false,1
66244,확률및통계,전자공학전공,전자정보대학,,,확률분포,probability-statistics,3,0.8,learning_objective_clean,depth3_candidate,,false,true,false,1
66251,이산수학,컴퓨터공학과,전자정보대학,discrete-mathematics,이산수학,,,,0.98,course_name_clean|main_textbook_clean,topic_name,,true,false,true,2
66251,이산수학,컴퓨터공학과,전자정보대학,,,그래프 자료구조,data-structures,3,0.8,learning_objective_clean,depth3_candidate,,false,true,false,1
66253,컴퓨터구조,컴퓨터공학과,전자정보대학,computer-architecture,컴퓨터구조,,,,0.95,course_name_clean,topic_name,,true,false,true,1
66254,선형대수학,컴퓨터공학과,전자정보대학,linear-algebra,선형대수,,,,0.98,course_name_clean|main_textbook_clean,alias|topic_name,,true,false,true,4
66254,선형대수학,컴퓨터공학과,전자정보대학,,,행렬,linear-algebra,3,0.8,learning_objective_clean,depth3_candidate,,false,true,false,1
66256,운영체제,컴퓨터공학과,전자정보대학,operating-systems,운영체제,,,,0.98,course_name_clean|main_textbook_clean,topic_name,,true,false,true,2
66257,프로그래밍언어론,컴퓨터공학과,전자정보대학,programming,프로그래밍,,,,1.0,course_name_clean|learning_objective_clean,topic_name,,true,false,true,2
66258,데이터베이스시스템,컴퓨터공학과,전자정보대학,database,데이터베이스,,,,0.98,course_name_clean|main_textbook_clean,topic_name,,true,false,true,2
66258,데이터베이스시스템,컴퓨터공학과,전자정보대학,sql,SQL,,,,0.8,learning_objective_clean,topic_name,,true,false,false,1
66259,컴퓨터네트워크,컴퓨터공학과,전자정보대학,networks,네트워크,,,,0.95,course_name_clean,alias|topic_name,,true,false,true,2
66260,컴퓨터비전,컴퓨터공학과,전자정보대학,computer-vision,컴퓨터 비전,,,,0.9,course_name_clean,alias,,true,false,true,1
66261,데이터통신,컴퓨터공학과,전자정보대학,networks,네트워크,,,,0.5,main_textbook_clean,alias|topic_name,,true,false,false,2
66263,자료구조,컴퓨터공학과,전자정보대학,data-structures,자료구조,,,,1.0,course_name_clean|learning_objective_clean|main_textbook_clean,topic_name,,true,false,true,3
66263,자료구조,컴퓨터공학과,전자정보대학,programming,프로그래밍,,,,0.8,learning_objective_clean,topic_name,,true,false,false,1
66263,자료구조,컴퓨터공학과,전자정보대학,c-language,C언어,,,,0.5,main_textbook_clean,alias|topic_name,,true,false,false,2
66264,이산수학,컴퓨터공학과,전자정보대학,discrete-mathematics,이산수학,,,,1.0,course_name_clean|learning_objective_clean|main_textbook_clean,topic_name,,true,false,true,3
66265,컴퓨터구조,컴퓨터공학과,전자정보대학,computer-architecture,컴퓨터구조,,,,0.98,course_name_clean|main_textbook_clean,alias|topic_name,,true,false,true,2
66265,컴퓨터구조,컴퓨터공학과,전자정보대학,,,입출력,programming-basic-syntax,3,0.8,learning_objective_clean,depth3_candidate,,false,true,false,1
66266,프로그래밍언어론,컴퓨터공학과,전자정보대학,programming,프로그래밍,,,,1.0,course_name_clean|learning_objective_clean,topic_name,,true,false,true,2
66267,데이터통신,컴퓨터공학과,전자정보대학,networks,네트워크,,,,0.8,learning_objective_clean,topic_name,,true,false,false,1
66268,운영체제,컴퓨터공학과,전자정보대학,operating-systems,운영체제,,,,1.0,course_name_clean|learning_objective_clean|main_textbook_clean,topic_name,,true,false,true,3
66269,컴퓨터네트워크,컴퓨터공학과,전자정보대학,networks,네트워크,,,,1.0,course_name_clean|learning_objective_clean|main_textbook_clean,alias|topic_name,,true,false,true,6
66269,컴퓨터네트워크,컴퓨터공학과,전자정보대학,,,프로토콜,networks,3,0.8,learning_objective_clean,depth3_candidate,,false,true,false,1
66270,데이터베이스,컴퓨터공학과,전자정보대학,database,데이터베이스,,,,0.95,course_name_clean,topic_name,,true,false,true,1
66270,데이터베이스,컴퓨터공학과,전자정보대학,sql,SQL,,,,0.8,learning_objective_clean,topic_name,,true,false,false,1
66271,인터넷프로그래밍,컴퓨터공학과,전자정보대학,programming,프로그래밍,,,,0.95,course_name_clean,topic_name,,true,false,true,1
66271,인터넷프로그래밍,컴퓨터공학과,전자정보대학,,,인터넷,networks,3,0.85,course_name_clean,depth3_candidate,,false,true,false,1
66274,알고리즘,컴퓨터공학과,전자정보대학,algorithms,알고리즘,,,,0.98,course_name_clean|main_textbook_clean,topic_name,,true,false,true,2
66277,정보보호,컴퓨터공학과,전자정보대학,networks,네트워크,,,,0.5,main_textbook_clean,alias|topic_name,,true,false,false,2
66282,미래설계탐색,컴퓨터공학과,전자정보대학,,,탐색,algorithms,3,0.85,course_name_clean,depth3_candidate,,false,true,false,1
66285,오픈소스기초프로젝트,컴퓨터공학과,전자정보대학,docker,Docker,,,,0.8,learning_objective_clean,topic_name,,true,false,false,1
66285,오픈소스기초프로젝트,컴퓨터공학과,전자정보대학,git,Git,,,,0.8,learning_objective_clean,topic_name,,true,false,false,1
66285,오픈소스기초프로젝트,컴퓨터공학과,전자정보대학,linux,Linux,,,,0.8,learning_objective_clean,topic_name,,true,false,false,1
66289,오픈소스개발프로젝트,컴퓨터공학과,전자정보대학,python,Python,,,,0.83,learning_objective_clean|main_textbook_clean,alias|topic_name,,true,false,false,2
66289,오픈소스개발프로젝트,컴퓨터공학과,전자정보대학,git,Git,,,,0.8,learning_objective_clean,topic_name,,true,false,false,1
66289,오픈소스개발프로젝트,컴퓨터공학과,전자정보대학,github,GitHub,,,,0.8,learning_objective_clean,topic_name,,true,false,false,1
66289,오픈소스개발프로젝트,컴퓨터공학과,전자정보대학,numpy,NumPy,,,,0.8,learning_objective_clean,topic_name,,true,false,false,1
66289,오픈소스개발프로젝트,컴퓨터공학과,전자정보대학,pandas,Pandas,,,,0.8,learning_objective_clean,topic_name,,true,false,false,1
66289,오픈소스개발프로젝트,컴퓨터공학과,전자정보대학,data-analysis,데이터 분석,,,,0.5,main_textbook_clean,topic_name,,true,false,false,1
66289,오픈소스개발프로젝트,컴퓨터공학과,전자정보대학,machine-learning,머신러닝,,,,0.5,main_textbook_clean,topic_name,,true,false,false,1
66292,오픈소스전문프로젝트,컴퓨터공학과,전자정보대학,programming,프로그래밍,,,,0.5,main_textbook_clean,topic_name,,true,false,false,1
66294,인공지능,컴퓨터공학과,전자정보대학,artificial-intelligence,인공지능,,,,0.95,course_name_clean,topic_name,,true,false,true,1
66294,인공지능,컴퓨터공학과,전자정보대학,machine-learning,머신러닝,,,,0.5,main_textbook_clean,alias,,true,false,false,1
66296,머신러닝,컴퓨터공학과,전자정보대학,machine-learning,머신러닝,,,,0.98,course_name_clean|main_textbook_clean,alias|topic_name,,true,false,true,2
66301,데이터마이닝,컴퓨터공학과,전자정보대학,data-analysis,데이터 분석,,,,0.5,main_textbook_clean,topic_name,,true,false,false,1
66301,데이터마이닝,컴퓨터공학과,전자정보대학,python,Python,,,,0.45,main_textbook_clean,alias,,true,false,false,1
66302,컴퓨터프로그래밍,컴퓨터공학과,전자정보대학,programming,프로그래밍,,,,1.0,course_name_clean|learning_objective_clean,topic_name,,true,false,true,2
66302,컴퓨터프로그래밍,컴퓨터공학과,전자정보대학,,,함수,programming-basic-syntax,3,0.8,learning_objective_clean,depth3_candidate,,false,true,false,1
66302,컴퓨터프로그래밍,컴퓨터공학과,전자정보대학,algorithms,알고리즘,,,,0.8,learning_objective_clean,topic_name,,true,false,false,1
66302,컴퓨터프로그래밍,컴퓨터공학과,전자정보대학,data-structures,자료구조,,,,0.75,learning_objective_clean,alias,,true,false,false,1
66302,컴퓨터프로그래밍,컴퓨터공학과,전자정보대학,c-language,C언어,,,,0.5,main_textbook_clean,alias|topic_name,,true,false,false,2
66303,고급컴퓨터프로그래밍,컴퓨터공학과,전자정보대학,programming,프로그래밍,,,,1.0,course_name_clean|learning_objective_clean|main_textbook_clean,topic_name,,true,false,true,3
66304,논리회로,컴퓨터공학과,전자정보대학,,,함수,programming-basic-syntax,3,0.8,learning_objective_clean,depth3_candidate,,false,true,false,1
66305,컴퓨터응용프로그래밍,컴퓨터공학과,전자정보대학,programming,프로그래밍,,,,0.95,course_name_clean,topic_name,,true,false,true,1
66305,컴퓨터응용프로그래밍,컴퓨터공학과,전자정보대학,,,리스트,data-structures,3,0.8,learning_objective_clean,depth3_candidate,,false,true,false,1
66305,컴퓨터응용프로그래밍,컴퓨터공학과,전자정보대학,,,배열,data-structures,3,0.8,learning_objective_clean,depth3_candidate,,false,true,false,1
66305,컴퓨터응용프로그래밍,컴퓨터공학과,전자정보대학,,,정렬,algorithms,3,0.8,learning_objective_clean,depth3_candidate,,false,true,false,1
66305,컴퓨터응용프로그래밍,컴퓨터공학과,전자정보대학,,,트리,data-structures,3,0.8,learning_objective_clean,depth3_candidate,,false,true,false,1
66305,컴퓨터응용프로그래밍,컴퓨터공학과,전자정보대학,networks,네트워크,,,,0.8,learning_objective_clean,topic_name,,true,false,false,1
66305,컴퓨터응용프로그래밍,컴퓨터공학과,전자정보대학,data-structures,자료구조,,,,0.5,main_textbook_clean,topic_name,,true,false,false,1
66306,확률및통계,컴퓨터공학과,전자정보대학,probability-statistics,확률과 통계,,,,0.93,course_name_clean|main_textbook_clean,alias|topic_name,,true,false,true,2
66308,알고리즘,컴퓨터공학과,전자정보대학,algorithms,알고리즘,,,,1.0,course_name_clean|learning_objective_clean|main_textbook_clean,topic_name,,true,false,true,3
66308,알고리즘,컴퓨터공학과,전자정보대학,data-structures,자료구조,,,,0.8,learning_objective_clean,topic_name,,true,false,false,1
66308,알고리즘,컴퓨터공학과,전자정보대학,programming,프로그래밍,,,,0.8,learning_objective_clean,topic_name,,true,false,false,1
66309,객체지향프로그래밍,컴퓨터공학과,전자정보대학,programming,프로그래밍,,,,1.0,course_name_clean|learning_objective_clean|main_textbook_clean,topic_name,,true,false,true,3
66309,객체지향프로그래밍,컴퓨터공학과,전자정보대학,oop,객체지향 프로그래밍,,,,0.9,course_name_clean,alias,,true,false,true,1
66309,객체지향프로그래밍,컴퓨터공학과,전자정보대학,java,Java,,,,0.73,learning_objective_clean|main_textbook_clean,alias,,true,false,false,2
66312,인공지능,컴퓨터공학과,전자정보대학,artificial-intelligence,인공지능,,,,1.0,course_name_clean|learning_objective_clean|main_textbook_clean,topic_name,,true,false,true,3
66317,머신러닝,컴퓨터공학과,전자정보대학,machine-learning,머신러닝,,,,1.0,course_name_clean|learning_objective_clean,topic_name,,true,false,true,2
66317,머신러닝,컴퓨터공학과,전자정보대학,algorithms,알고리즘,,,,0.8,learning_objective_clean,topic_name,,true,false,false,1
66317,머신러닝,컴퓨터공학과,전자정보대학,data-analysis,데이터 분석,,,,0.8,learning_objective_clean,topic_name,,true,false,false,1
66323,미래설계탐색,지능로봇공학과,전자정보대학,,,탐색,algorithms,3,0.85,course_name_clean,depth3_candidate,,false,true,false,1
66329,오픈소스기초프로젝트,지능로봇공학과,전자정보대학,c-language,C언어,,,,0.83,learning_objective_clean|main_textbook_clean,alias|topic_name,,true,false,false,4
66329,오픈소스기초프로젝트,지능로봇공학과,전자정보대학,,,리스트,data-structures,3,0.8,learning_objective_clean,depth3_candidate,,false,true,false,1
66329,오픈소스기초프로젝트,지능로봇공학과,전자정보대학,github,GitHub,,,,0.8,learning_objective_clean,topic_name,,true,false,false,1
66332,객체지향프로그래밍,지능로봇공학과,전자정보대학,programming,프로그래밍,,,,1.0,course_name_clean|learning_objective_clean,topic_name,,true,false,true,2
66332,객체지향프로그래밍,지능로봇공학과,전자정보대학,oop,객체지향 프로그래밍,,,,0.98,course_name_clean|learning_objective_clean,alias,,true,false,true,2
66332,객체지향프로그래밍,지능로봇공학과,전자정보대학,,,배열,data-structures,3,0.8,learning_objective_clean,depth3_candidate,,false,true,false,1
66332,객체지향프로그래밍,지능로봇공학과,전자정보대학,,,조건문,programming-basic-syntax,3,0.8,learning_objective_clean,depth3_candidate,,false,true,false,1
66332,객체지향프로그래밍,지능로봇공학과,전자정보대학,,,함수,programming-basic-syntax,3,0.8,learning_objective_clean,depth3_candidate,,false,true,false,1
66333,객체지향프로그래밍,지능로봇공학과,전자정보대학,programming,프로그래밍,,,,1.0,course_name_clean|learning_objective_clean,topic_name,,true,false,true,2
66333,객체지향프로그래밍,지능로봇공학과,전자정보대학,oop,객체지향 프로그래밍,,,,0.98,course_name_clean|learning_objective_clean,alias,,true,false,true,2
66333,객체지향프로그래밍,지능로봇공학과,전자정보대학,,,배열,data-structures,3,0.8,learning_objective_clean,depth3_candidate,,false,true,false,1
66333,객체지향프로그래밍,지능로봇공학과,전자정보대학,,,조건문,programming-basic-syntax,3,0.8,learning_objective_clean,depth3_candidate,,false,true,false,1
66333,객체지향프로그래밍,지능로봇공학과,전자정보대학,,,함수,programming-basic-syntax,3,0.8,learning_objective_clean,depth3_candidate,,false,true,false,1
66335,오픈소스개발프로젝트,지능로봇공학과,전자정보대학,github,GitHub,,,,0.8,learning_objective_clean,topic_name,,true,false,false,1
66336,윈도우프로그래밍,지능로봇공학과,전자정보대학,programming,프로그래밍,,,,1.0,course_name_clean|learning_objective_clean,topic_name,,true,false,true,2
66337,확률및통계,지능로봇공학과,전자정보대학,probability-statistics,확률과 통계,,,,0.9,course_name_clean,alias,,true,false,true,1
66339,신호및시스템,지능로봇공학과,전자정보대학,,,분류,machine-learning,3,0.8,learning_objective_clean,depth3_candidate,,false,true,false,1
66340,선형대수학,지능로봇공학과,전자정보대학,linear-algebra,선형대수,,,,1.0,course_name_clean|learning_objective_clean,alias|topic_name,,true,false,true,3
66340,선형대수학,지능로봇공학과,전자정보대학,,,벡터,linear-algebra,3,0.8,learning_objective_clean,depth3_candidate,,false,true,false,1
66340,선형대수학,지능로봇공학과,전자정보대학,,,행렬,linear-algebra,3,0.8,learning_objective_clean,depth3_candidate,,false,true,false,1
66343,자료구조,소프트웨어학과,전자정보대학,data-structures,자료구조,,,,0.95,course_name_clean,topic_name,,true,false,true,1
66343,자료구조,소프트웨어학과,전자정보대학,,,시간복잡도,algorithms,3,0.8,learning_objective_clean,depth3_candidate,,false,true,false,1
66343,자료구조,소프트웨어학과,전자정보대학,,,정렬,algorithms,3,0.8,learning_objective_clean,depth3_candidate,,false,true,false,1
66345,객체지향 프로그래밍,소프트웨어학과,전자정보대학,oop,객체지향 프로그래밍,,,,0.95,course_name_clean,alias|topic_name,,true,false,true,3
66345,객체지향 프로그래밍,소프트웨어학과,전자정보대학,programming,프로그래밍,,,,0.95,course_name_clean,topic_name,,true,false,true,1
66347,선형대수학,소프트웨어학과,전자정보대학,linear-algebra,선형대수,,,,0.95,course_name_clean,alias|topic_name,,true,false,true,2
66347,선형대수학,소프트웨어학과,전자정보대학,,,대각화,linear-algebra,3,0.8,learning_objective_clean,depth3_candidate,,false,true,false,1
66347,선형대수학,소프트웨어학과,전자정보대학,,,특잇값 분해,linear-algebra,3,0.8,learning_objective_clean,depth3_candidate,,false,true,false,1
66347,선형대수학,소프트웨어학과,전자정보대학,,,행렬,linear-algebra,3,0.8,learning_objective_clean,depth3_candidate,,false,true,false,1
66349,컴퓨터구조,소프트웨어학과,전자정보대학,computer-architecture,컴퓨터구조,,,,0.98,course_name_clean|main_textbook_clean,alias|topic_name,,true,false,true,2
66350,컴퓨터구조,소프트웨어학과,전자정보대학,computer-architecture,컴퓨터구조,,,,0.95,course_name_clean,topic_name,,true,false,true,1
66350,컴퓨터구조,소프트웨어학과,전자정보대학,,,입출력,programming-basic-syntax,3,0.8,learning_objective_clean,depth3_candidate,,false,true,false,1
66354,시스템프로그래밍,소프트웨어학과,전자정보대학,programming,프로그래밍,,,,0.95,course_name_clean,topic_name,,true,false,true,1
66356,확률및통계,소프트웨어학과,전자정보대학,probability-statistics,확률과 통계,,,,0.9,course_name_clean,alias,,true,false,true,1
66356,확률및통계,소프트웨어학과,전자정보대학,,,기댓값과 분산,probability-statistics,3,0.8,learning_objective_clean,depth3_candidate,,false,true,false,1
66356,확률및통계,소프트웨어학과,전자정보대학,,,변수,programming-basic-syntax,3,0.8,learning_objective_clean,depth3_candidate,,false,true,false,1
66356,확률및통계,소프트웨어학과,전자정보대학,,,표본추출,probability-statistics,3,0.8,learning_objective_clean,depth3_candidate,,false,true,false,1
66356,확률및통계,소프트웨어학과,전자정보대학,,,확률분포,probability-statistics,3,0.8,learning_objective_clean,depth3_candidate,,false,true,false,1
66357,확률및통계,소프트웨어학과,전자정보대학,probability-statistics,확률과 통계,,,,0.93,course_name_clean|main_textbook_clean,alias|topic_name,,true,false,true,2
66357,확률및통계,소프트웨어학과,전자정보대학,,,기댓값과 분산,probability-statistics,3,0.8,learning_objective_clean,depth3_candidate,,false,true,false,1
66357,확률및통계,소프트웨어학과,전자정보대학,,,변수,programming-basic-syntax,3,0.8,learning_objective_clean,depth3_candidate,,false,true,false,1
66357,확률및통계,소프트웨어학과,전자정보대학,,,표본추출,probability-statistics,3,0.8,learning_objective_clean,depth3_candidate,,false,true,false,1
66357,확률및통계,소프트웨어학과,전자정보대학,,,확률분포,probability-statistics,3,0.8,learning_objective_clean,depth3_candidate,,false,true,false,1
66358,운영체제,소프트웨어학과,전자정보대학,operating-systems,운영체제,,,,1.0,course_name_clean|learning_objective_clean,topic_name,,true,false,true,2
66358,운영체제,소프트웨어학과,전자정보대학,algorithms,알고리즘,,,,0.8,learning_objective_clean,topic_name,,true,false,false,1
66358,운영체제,소프트웨어학과,전자정보대학,linux,Linux,,,,0.8,learning_objective_clean,topic_name,,true,false,false,1
66359,운영체제,소프트웨어학과,전자정보대학,operating-systems,운영체제,,,,0.95,course_name_clean,topic_name,,true,false,true,1
66360,객체지향 설계,소프트웨어학과,전자정보대학,object-oriented-design,객체지향 설계,,,,0.95,course_name_clean,topic_name,,true,false,true,1
66360,객체지향 설계,소프트웨어학과,전자정보대학,oop,객체지향 프로그래밍,,,,0.9,course_name_clean,alias,,true,false,true,1
66361,객체지향 설계,소프트웨어학과,전자정보대학,object-oriented-design,객체지향 설계,,,,0.95,course_name_clean,topic_name,,true,false,true,1
66361,객체지향 설계,소프트웨어학과,전자정보대학,oop,객체지향 프로그래밍,,,,0.9,course_name_clean,alias,,true,false,true,1
66361,객체지향 설계,소프트웨어학과,전자정보대학,,,변수,programming-basic-syntax,3,0.8,learning_objective_clean,depth3_candidate,,false,true,false,1
66363,알고리즘,소프트웨어학과,전자정보대학,algorithms,알고리즘,,,,0.95,course_name_clean,topic_name,,true,false,true,1
66363,알고리즘,소프트웨어학과,전자정보대학,,,그리디 알고리즘,algorithms,3,0.8,learning_objective_clean,depth3_candidate,,false,true,false,1
66363,알고리즘,소프트웨어학과,전자정보대학,,,동적 계획법,algorithms,3,0.8,learning_objective_clean,depth3_candidate,,false,true,false,1
66364,알고리즘,소프트웨어학과,전자정보대학,algorithms,알고리즘,,,,0.95,course_name_clean,topic_name,,true,false,true,1
66364,알고리즘,소프트웨어학과,전자정보대학,,,동적 계획법,algorithms,3,0.8,learning_objective_clean,depth3_candidate,,false,true,false,1
66370,컴퓨터네트워크,소프트웨어학과,전자정보대학,networks,네트워크,,,,0.95,course_name_clean,alias|topic_name,,true,false,true,2
66370,컴퓨터네트워크,소프트웨어학과,전자정보대학,,,TCP/IP,networks,3,0.8,learning_objective_clean,depth3_candidate,,false,true,false,1
66370,컴퓨터네트워크,소프트웨어학과,전자정보대학,,,라우팅,networks,3,0.8,learning_objective_clean,depth3_candidate,,false,true,false,1
66371,데이터베이스시스템,소프트웨어학과,전자정보대학,database,데이터베이스,,,,0.95,course_name_clean,topic_name,,true,false,true,1
66371,데이터베이스시스템,소프트웨어학과,전자정보대학,python,Python,,,,0.8,learning_objective_clean,topic_name,,true,false,false,1
66371,데이터베이스시스템,소프트웨어학과,전자정보대학,sql,SQL,,,,0.8,learning_objective_clean,topic_name,,true,false,false,1
66372,데이터베이스시스템,소프트웨어학과,전자정보대학,database,데이터베이스,,,,0.95,course_name_clean,topic_name,,true,false,true,1
66372,데이터베이스시스템,소프트웨어학과,전자정보대학,sql,SQL,,,,0.8,learning_objective_clean,topic_name,,true,false,false,1
66377,인공지능,소프트웨어학과,전자정보대학,artificial-intelligence,인공지능,,,,0.98,course_name_clean|main_textbook_clean,topic_name,,true,false,true,2
66377,인공지능,소프트웨어학과,전자정보대학,deep-learning,딥러닝,,,,0.5,main_textbook_clean,topic_name,,true,false,false,1
66377,인공지능,소프트웨어학과,전자정보대학,testing,테스트,,,,0.5,main_textbook_clean,topic_name,,true,false,false,1
66378,인공지능,소프트웨어학과,전자정보대학,artificial-intelligence,인공지능,,,,0.95,course_name_clean,topic_name,,true,false,true,1
66381,펌웨어프로그래밍,소프트웨어학과,전자정보대학,programming,프로그래밍,,,,0.95,course_name_clean,topic_name,,true,false,true,1
66385,오픈소스개발프로젝트,소프트웨어학과,전자정보대학,github,GitHub,,,,0.8,learning_objective_clean,topic_name,,true,false,false,1
66385,오픈소스개발프로젝트,소프트웨어학과,전자정보대학,java,Java,,,,0.5,main_textbook_clean,topic_name,,true,false,false,1
66386,오픈소스개발프로젝트,소프트웨어학과,전자정보대학,github,GitHub,,,,0.8,learning_objective_clean,topic_name,,true,false,false,1
66386,오픈소스개발프로젝트,소프트웨어학과,전자정보대학,java,Java,,,,0.5,main_textbook_clean,topic_name,,true,false,false,1
66387,오픈소스전문프로젝트,소프트웨어학과,전자정보대학,programming,프로그래밍,,,,0.5,main_textbook_clean,topic_name,,true,false,false,1
66388,오픈소스전문프로젝트,소프트웨어학과,전자정보대학,programming,프로그래밍,,,,0.5,main_textbook_clean,topic_name,,true,false,false,1
66389,클라우드컴퓨팅,소프트웨어학과,전자정보대학,cloud-basics,클라우드 기초,,,,0.5,main_textbook_clean,alias,,true,false,false,1
66390,빅데이터시스템설계,소프트웨어학과,전자정보대학,,,쿼리,sql,3,0.8,learning_objective_clean,depth3_candidate,,false,true,false,1
66390,빅데이터시스템설계,소프트웨어학과,전자정보대학,nosql,NoSQL,,,,0.8,learning_objective_clean,topic_name,,true,false,false,1
66390,빅데이터시스템설계,소프트웨어학과,전자정보대학,python,Python,,,,0.8,learning_objective_clean,topic_name,,true,false,false,1
66391,기계학습,소프트웨어학과,전자정보대학,machine-learning,머신러닝,,,,0.9,course_name_clean,alias,,true,false,true,1
66391,기계학습,소프트웨어학과,전자정보대학,artificial-intelligence,인공지능,,,,0.5,main_textbook_clean,topic_name,,true,false,false,1
66391,기계학습,소프트웨어학과,전자정보대학,deep-learning,딥러닝,,,,0.5,main_textbook_clean,topic_name,,true,false,false,1
66391,기계학습,소프트웨어학과,전자정보대학,testing,테스트,,,,0.5,main_textbook_clean,topic_name,,true,false,false,1
66395,오픈소스기초프로젝트,소프트웨어학과,전자정보대학,python,Python,,,,0.83,learning_objective_clean|main_textbook_clean,alias|topic_name,,true,false,false,2
66395,오픈소스기초프로젝트,소프트웨어학과,전자정보대학,git,Git,,,,0.8,learning_objective_clean,topic_name,,true,false,false,1
66395,오픈소스기초프로젝트,소프트웨어학과,전자정보대학,github,GitHub,,,,0.8,learning_objective_clean,topic_name,,true,false,false,1
66399,오픈소스 웹소프트웨어,소프트웨어학과,전자정보대학,javascript,JavaScript,,,,0.83,learning_objective_clean|main_textbook_clean,topic_name,,true,false,false,2
66399,오픈소스 웹소프트웨어,소프트웨어학과,전자정보대학,,,표현식,programming-basic-syntax,3,0.8,learning_objective_clean,depth3_candidate,,false,true,false,1
66399,오픈소스 웹소프트웨어,소프트웨어학과,전자정보대학,,,함수,programming-basic-syntax,3,0.8,learning_objective_clean,depth3_candidate,,false,true,false,1
66399,오픈소스 웹소프트웨어,소프트웨어학과,전자정보대학,java,Java,,,,0.8,learning_objective_clean,topic_name,,true,false,false,1
66399,오픈소스 웹소프트웨어,소프트웨어학과,전자정보대학,programming,프로그래밍,,,,0.5,main_textbook_clean,topic_name,,true,false,false,1
66399,오픈소스 웹소프트웨어,소프트웨어학과,전자정보대학,programming-basic-syntax,프로그래밍 기초 문법,,,,0.5,main_textbook_clean,alias,,true,false,false,1
66400,오픈소스 웹소프트웨어,소프트웨어학과,전자정보대학,javascript,JavaScript,,,,0.83,learning_objective_clean|main_textbook_clean,topic_name,,true,false,false,2
66400,오픈소스 웹소프트웨어,소프트웨어학과,전자정보대학,github,GitHub,,,,0.8,learning_objective_clean,topic_name,,true,false,false,1
66400,오픈소스 웹소프트웨어,소프트웨어학과,전자정보대학,react,React,,,,0.8,learning_objective_clean,topic_name,,true,false,false,1
66410,이산수학,소프트웨어학부,전자정보대학,discrete-mathematics,이산수학,,,,0.95,course_name_clean,topic_name,,true,false,true,1
66410,이산수학,소프트웨어학부,전자정보대학,,,그래프 자료구조,data-structures,3,0.8,learning_objective_clean,depth3_candidate,,false,true,false,1
66411,이산수학,소프트웨어학부,전자정보대학,discrete-mathematics,이산수학,,,,0.98,course_name_clean|main_textbook_clean,topic_name,,true,false,true,2
66411,이산수학,소프트웨어학부,전자정보대학,,,그래프 자료구조,data-structures,3,0.8,learning_objective_clean,depth3_candidate,,false,true,false,1
66412,미래설계탐색,소프트웨어학부,전자정보대학,,,탐색,algorithms,3,0.85,course_name_clean,depth3_candidate,,false,true,false,1
66428,회로실험 I,정보통신공학부,전자정보대학,,,함수,programming-basic-syntax,3,0.8,learning_objective_clean,depth3_candidate,,false,true,false,1
66437,확률및통계,정보통신공학부,전자정보대학,probability-statistics,확률과 통계,,,,0.9,course_name_clean,alias,,true,false,true,1
66437,확률및통계,정보통신공학부,전자정보대학,,,기댓값과 분산,probability-statistics,3,0.8,learning_objective_clean,depth3_candidate,,false,true,false,1
66437,확률및통계,정보통신공학부,전자정보대학,,,변수,programming-basic-syntax,3,0.8,learning_objective_clean,depth3_candidate,,false,true,false,1
66438,확률및통계,정보통신공학부,전자정보대학,probability-statistics,확률과 통계,,,,0.9,course_name_clean,alias,,true,false,true,1
66438,확률및통계,정보통신공학부,전자정보대학,,,변수,programming-basic-syntax,3,0.8,learning_objective_clean,depth3_candidate,,false,true,false,2
66442,공학수학 II,정보통신공학부,전자정보대학,,,벡터,linear-algebra,3,0.8,learning_objective_clean,depth3_candidate,,false,true,false,1
66442,공학수학 II,정보통신공학부,전자정보대학,,,함수,programming-basic-syntax,3,0.8,learning_objective_clean,depth3_candidate,,false,true,false,1
66442,공학수학 II,정보통신공학부,전자정보대학,,,행렬,linear-algebra,3,0.8,learning_objective_clean,depth3_candidate,,false,true,false,1
66442,공학수학 II,정보통신공학부,전자정보대학,linear-algebra,선형대수,,,,0.8,learning_objective_clean,topic_name,,true,false,false,1
66443,공학수학 II,정보통신공학부,전자정보대학,,,벡터,linear-algebra,3,0.8,learning_objective_clean,depth3_candidate,,false,true,false,2
66443,공학수학 II,정보통신공학부,전자정보대학,,,행렬,linear-algebra,3,0.8,learning_objective_clean,depth3_candidate,,false,true,false,1
66448,통신공학,정보통신공학부,전자정보대학,,,인덱스,database-design,3,0.8,learning_objective_clean,depth3_candidate,,false,true,false,1
66449,통신공학,정보통신공학부,전자정보대학,python,Python,,,,0.8,learning_objective_clean,topic_name,,true,false,false,1
66450,통신공학,정보통신공학부,전자정보대학,python,Python,,,,0.8,learning_objective_clean,topic_name,,true,false,false,1
66451,자료구조,정보통신공학부,전자정보대학,data-structures,자료구조,,,,0.95,course_name_clean,topic_name,,true,false,true,1
66454,데이터통신설계,정보통신공학부,전자정보대학,,,프로토콜,networks,3,0.8,learning_objective_clean,depth3_candidate,,false,true,false,1
66459,디지털통신,정보통신공학부,전자정보대학,,,벡터,linear-algebra,3,0.8,learning_objective_clean,depth3_candidate,,false,true,false,1
66459,디지털통신,정보통신공학부,전자정보대학,,,벡터공간,linear-algebra,3,0.8,learning_objective_clean,depth3_candidate,,false,true,false,1
66459,디지털통신,정보통신공학부,전자정보대학,,,표본추출,probability-statistics,3,0.8,learning_objective_clean,depth3_candidate,,false,true,false,1
66460,디지털통신,정보통신공학부,전자정보대학,,,벡터,linear-algebra,3,0.8,learning_objective_clean,depth3_candidate,,false,true,false,1
66460,디지털통신,정보통신공학부,전자정보대학,,,벡터공간,linear-algebra,3,0.8,learning_objective_clean,depth3_candidate,,false,true,false,1
66460,디지털통신,정보통신공학부,전자정보대학,,,표본추출,probability-statistics,3,0.8,learning_objective_clean,depth3_candidate,,false,true,false,1
66461,컴퓨터네트워크,정보통신공학부,전자정보대학,networks,네트워크,,,,0.95,course_name_clean,alias|topic_name,,true,false,true,2
66461,컴퓨터네트워크,정보통신공학부,전자정보대학,,,TCP/IP,networks,3,0.8,learning_objective_clean,depth3_candidate,,false,true,false,1
66461,컴퓨터네트워크,정보통신공학부,전자정보대학,,,라우팅,networks,3,0.8,learning_objective_clean,depth3_candidate,,false,true,false,1
66464,인터넷통신설계,정보통신공학부,전자정보대학,,,인터넷,networks,3,0.93,course_name_clean|learning_objective_clean,depth3_candidate,,false,true,false,2
66465,인터넷통신설계,정보통신공학부,전자정보대학,,,인터넷,networks,3,0.93,course_name_clean|learning_objective_clean,depth3_candidate,,false,true,false,2
66465,인터넷통신설계,정보통신공학부,전자정보대학,github,GitHub,,,,0.8,learning_objective_clean,topic_name,,true,false,false,1
66465,인터넷통신설계,정보통신공학부,전자정보대학,linux,Linux,,,,0.8,learning_objective_clean,topic_name,,true,false,false,1
66465,인터넷통신설계,정보통신공학부,전자정보대학,python,Python,,,,0.8,learning_objective_clean,topic_name,,true,false,false,1
66470,자바프로그래밍,정보통신공학부,전자정보대학,programming,프로그래밍,,,,1.0,course_name_clean|learning_objective_clean|main_textbook_clean,topic_name,,true,false,true,3
66470,자바프로그래밍,정보통신공학부,전자정보대학,java,Java,,,,0.95,course_name_clean|learning_objective_clean|main_textbook_clean,alias,,true,false,true,3
66470,자바프로그래밍,정보통신공학부,전자정보대학,programming-basic-syntax,프로그래밍 기초 문법,,,,0.5,main_textbook_clean,alias,,true,false,false,1
66473,임베디드소프트웨어실습,정보통신공학부,전자정보대학,c-language,C언어,,,,0.8,learning_objective_clean,alias|topic_name,,true,false,false,2
66473,임베디드소프트웨어실습,정보통신공학부,전자정보대학,programming,프로그래밍,,,,0.8,learning_objective_clean,topic_name,,true,false,false,1
66476,모바일프로그래밍및실습,정보통신공학부,전자정보대학,programming,프로그래밍,,,,0.98,course_name_clean|main_textbook_clean,topic_name,,true,false,true,2
66476,모바일프로그래밍및실습,정보통신공학부,전자정보대학,design-patterns,디자인 패턴,,,,0.8,learning_objective_clean,topic_name,,true,false,false,1
66476,모바일프로그래밍및실습,정보통신공학부,전자정보대학,javascript,JavaScript,,,,0.8,learning_objective_clean,topic_name,,true,false,false,1
66476,모바일프로그래밍및실습,정보통신공학부,전자정보대학,react,React,,,,0.8,learning_objective_clean,topic_name,,true,false,false,1
66476,모바일프로그래밍및실습,정보통신공학부,전자정보대학,java,Java,,,,0.7,learning_objective_clean,alias,,true,false,false,1
66498,오픈소스 개발프로젝트,정보통신공학부,전자정보대학,,,인터넷,networks,3,0.8,learning_objective_clean,depth3_candidate,,false,true,false,1
66500,오픈소스 전문프로젝트,정보통신공학부,전자정보대학,linux,Linux,,,,0.8,learning_objective_clean,alias|topic_name,,true,false,false,2
66500,오픈소스 전문프로젝트,정보통신공학부,전자정보대학,python,Python,,,,0.8,learning_objective_clean,alias|topic_name,,true,false,false,2
66500,오픈소스 전문프로젝트,정보통신공학부,전자정보대학,,,인터넷,networks,3,0.8,learning_objective_clean,depth3_candidate,,false,true,false,1
66500,오픈소스 전문프로젝트,정보통신공학부,전자정보대학,artificial-intelligence,인공지능,,,,0.8,learning_objective_clean,topic_name,,true,false,false,1
66500,오픈소스 전문프로젝트,정보통신공학부,전자정보대학,github,GitHub,,,,0.8,learning_objective_clean,topic_name,,true,false,false,1
66500,오픈소스 전문프로젝트,정보통신공학부,전자정보대학,programming,프로그래밍,,,,0.8,learning_objective_clean,topic_name,,true,false,false,1
66500,오픈소스 전문프로젝트,정보통신공학부,전자정보대학,problem-solving-coding-basics,문제 해결과 코딩 기초,,,,0.75,learning_objective_clean,alias,,true,false,false,1
66502,오픈소스 전문프로젝트,정보통신공학부,전자정보대학,linux,Linux,,,,0.8,learning_objective_clean,alias|topic_name,,true,false,false,2
66502,오픈소스 전문프로젝트,정보통신공학부,전자정보대학,python,Python,,,,0.8,learning_objective_clean,alias|topic_name,,true,false,false,2
66502,오픈소스 전문프로젝트,정보통신공학부,전자정보대학,,,인터넷,networks,3,0.8,learning_objective_clean,depth3_candidate,,false,true,false,1
66502,오픈소스 전문프로젝트,정보통신공학부,전자정보대학,artificial-intelligence,인공지능,,,,0.8,learning_objective_clean,topic_name,,true,false,false,1
66502,오픈소스 전문프로젝트,정보통신공학부,전자정보대학,github,GitHub,,,,0.8,learning_objective_clean,topic_name,,true,false,false,1
66502,오픈소스 전문프로젝트,정보통신공학부,전자정보대학,programming,프로그래밍,,,,0.8,learning_objective_clean,topic_name,,true,false,false,1
66502,오픈소스 전문프로젝트,정보통신공학부,전자정보대학,problem-solving-coding-basics,문제 해결과 코딩 기초,,,,0.75,learning_objective_clean,alias,,true,false,false,1
66508,빅데이터시스템설계,정보통신공학부,전자정보대학,,,인덱스,database-design,3,0.8,learning_objective_clean,depth3_candidate,,false,true,false,1
66508,빅데이터시스템설계,정보통신공학부,전자정보대학,sql,SQL,,,,0.8,learning_objective_clean,topic_name,,true,false,false,1
66508,빅데이터시스템설계,정보통신공학부,전자정보대학,database,데이터베이스,,,,0.5,main_textbook_clean,topic_name,,true,false,false,1
66511,캡스톤디자인,정보통신공학부,전자정보대학,,,SELECT,sql,3,0.8,learning_objective_clean,depth3_candidate,,false,true,false,2
66512,캡스톤디자인,정보통신공학부,전자정보대학,,,SELECT,sql,3,0.8,learning_objective_clean,depth3_candidate,,false,true,false,2
66516,임베디드IoT응용실험,정보통신공학부,전자정보대학,,,함수,programming-basic-syntax,3,0.8,learning_objective_clean,depth3_candidate,,false,true,false,1
66516,임베디드IoT응용실험,정보통신공학부,전자정보대학,deep-learning,딥러닝,,,,0.5,main_textbook_clean,topic_name,,true,false,false,1
66517,임베디드IoT응용실험,정보통신공학부,전자정보대학,javascript,JavaScript,,,,0.5,main_textbook_clean,alias,,true,false,false,1
66517,임베디드IoT응용실험,정보통신공학부,전자정보대학,programming,프로그래밍,,,,0.5,main_textbook_clean,topic_name,,true,false,false,1
66517,임베디드IoT응용실험,정보통신공학부,전자정보대학,java,Java,,,,0.45,main_textbook_clean,alias,,true,false,false,1
66518,지능형네트워크,정보통신공학부,전자정보대학,networks,네트워크,,,,0.95,course_name_clean,topic_name,,true,false,true,1
66518,지능형네트워크,정보통신공학부,전자정보대학,,,프로토콜,networks,3,0.8,learning_objective_clean,depth3_candidate,,false,true,false,1
66526,객체지향 프로그래밍(C++),정보통신공학부,전자정보대학,programming,프로그래밍,,,,1.0,course_name_clean|learning_objective_clean,topic_name,,true,false,true,2
66526,객체지향 프로그래밍(C++),정보통신공학부,전자정보대학,oop,객체지향 프로그래밍,,,,0.95,course_name_clean,alias|topic_name,,true,false,true,3
66527,미래설계탐색,정보통신공학부,전자정보대학,,,탐색,algorithms,3,0.85,course_name_clean,depth3_candidate,,false,true,false,1
66534,고급컴퓨터프로그래밍,반도체공학전공,전자정보대학,programming,프로그래밍,,,,0.95,course_name_clean,topic_name,,true,false,true,1
66534,고급컴퓨터프로그래밍,반도체공학전공,전자정보대학,data-structures,자료구조,,,,0.83,learning_objective_clean|main_textbook_clean,alias|topic_name,,true,false,false,2
66534,고급컴퓨터프로그래밍,반도체공학전공,전자정보대학,algorithms,알고리즘,,,,0.8,learning_objective_clean,topic_name,,true,false,false,1
66534,고급컴퓨터프로그래밍,반도체공학전공,전자정보대학,c-language,C언어,,,,0.5,main_textbook_clean,alias|topic_name,,true,false,false,2
66542,확률및통계,반도체공학전공,전자정보대학,probability-statistics,확률과 통계,,,,0.9,course_name_clean,alias,,true,false,true,1
66542,확률및통계,반도체공학전공,전자정보대학,,,변수,programming-basic-syntax,3,0.8,learning_objective_clean,depth3_candidate,,false,true,false,1
66549,인공지능과 기계학습,SW융합부전공,전자정보대학,artificial-intelligence,인공지능,,,,1.0,course_name_clean|learning_objective_clean|main_textbook_clean,topic_name,,true,false,true,3
66549,인공지능과 기계학습,SW융합부전공,전자정보대학,machine-learning,머신러닝,,,,0.9,course_name_clean,alias,,true,false,true,1
66551,운영체제의이해,SW융합부전공,전자정보대학,operating-systems,운영체제,,,,1.0,course_name_clean|learning_objective_clean,topic_name,,true,false,true,2
66551,운영체제의이해,SW융합부전공,전자정보대학,networks,네트워크,,,,0.83,learning_objective_clean|main_textbook_clean,topic_name,,true,false,false,2
66551,운영체제의이해,SW융합부전공,전자정보대학,linux,Linux,,,,0.73,learning_objective_clean|main_textbook_clean,alias,,true,false,false,2
66552,빅데이터이해와분석,SW융합부전공,전자정보대학,python,Python,,,,0.73,learning_objective_clean|main_textbook_clean,alias,,true,false,false,2
66552,빅데이터이해와분석,SW융합부전공,전자정보대학,data-analysis,데이터 분석,,,,0.5,main_textbook_clean,topic_name,,true,false,false,1
66554,인공지능 융합의 이해,SW융합부전공,전자정보대학,artificial-intelligence,인공지능,,,,1.0,course_name_clean|learning_objective_clean,topic_name,,true,false,true,2
67813,정보보호 관리체계 구축 및 인증,보안컨설팅전공,융합전공,authentication-authorization,인증과 인가,,,,0.95,course_name_clean|learning_objective_clean|main_textbook_clean,alias,,true,false,true,3
67814,취약점분석 및 모의해킹,보안컨설팅전공,융합전공,networks,네트워크,,,,0.8,learning_objective_clean,topic_name,,true,false,false,1
67814,취약점분석 및 모의해킹,보안컨설팅전공,융합전공,server-basics,서버 기초,,,,0.7,learning_objective_clean,alias,,true,false,false,1
67815,정보보호컨설팅,보안컨설팅전공,융합전공,authentication-authorization,인증과 인가,,,,0.45,main_textbook_clean,alias,,true,false,false,1
7185,데이터분석프로그래밍,기타모집단위,단과대구분없음,data-analysis,데이터 분석,,,,0.83,learning_objective_clean|main_textbook_clean,topic_name,,true,false,false,2
7185,데이터분석프로그래밍,기타모집단위,단과대구분없음,python,Python,,,,0.73,learning_objective_clean|main_textbook_clean,alias,,true,false,false,2
7185,데이터분석프로그래밍,기타모집단위,단과대구분없음,programming,프로그래밍,,,,0.98,course_name_clean|prerequisite_material_clean,topic_name,prerequisite,true,false,true,2
7185,데이터분석프로그래밍,기타모집단위,단과대구분없음,programming-basic-syntax,프로그래밍 기초 문법,,,,0.65,prerequisite_material_clean,alias,prerequisite,true,false,false,1
7198,인공지능과법,기타모집단위,단과대구분없음,artificial-intelligence,인공지능,,,,1.0,course_name_clean|learning_objective_clean,topic_name,,true,false,true,2
7201,머신러닝을이용한재난통계,기타모집단위,단과대구분없음,machine-learning,머신러닝,,,,1.0,course_name_clean|learning_objective_clean,alias|topic_name,,true,false,true,2
7201,머신러닝을이용한재난통계,기타모집단위,단과대구분없음,programming,프로그래밍,,,,0.83,learning_objective_clean|prerequisite_material_clean,topic_name,prerequisite,true,false,false,2
7904,빅데이터와금융,지역경제전공,인문사회·디자인스포츠대학,data-analysis,데이터 분석,,,,0.5,main_textbook_clean,topic_name,,true,false,false,1
8290,경영데이터분석,경영학부,경상대학,data-analysis,데이터 분석,,,,0.83,learning_objective_clean|main_textbook_clean,topic_name,,true,false,false,2
8290,경영데이터분석,경영학부,경상대학,data-collection,데이터 수집,,,,0.8,learning_objective_clean,topic_name,,true,false,false,1
8290,경영데이터분석,경영학부,경상대학,database,데이터베이스,,,,0.68,prerequisite_material_clean,topic_name,prerequisite,true,false,false,1
8291,경영데이터분석,경영학부,경상대학,data-collection,데이터 수집,,,,0.8,learning_objective_clean,topic_name,,true,false,false,1
8291,경영데이터분석,경영학부,경상대학,data-analysis,데이터 분석,,,,0.5,main_textbook_clean,topic_name,,true,false,false,1
8291,경영데이터분석,경영학부,경상대학,python,Python,,,,0.45,main_textbook_clean,alias,,true,false,false,1
8291,경영데이터분석,경영학부,경상대학,database,데이터베이스,,,,0.68,prerequisite_material_clean,topic_name,prerequisite,true,false,false,1
8295,데이터베이스입문,경영학부,경상대학,database,데이터베이스,,,,1.0,course_name_clean|learning_objective_clean|main_textbook_clean,topic_name,,true,false,true,3
8295,데이터베이스입문,경영학부,경상대학,normalization,정규화,,,,0.8,learning_objective_clean,topic_name,,true,false,false,1
8295,데이터베이스입문,경영학부,경상대학,relational-database,관계형 데이터베이스,,,,0.8,learning_objective_clean,topic_name,,true,false,false,1
8296,데이터베이스입문,경영학부,경상대학,database,데이터베이스,,,,1.0,course_name_clean|learning_objective_clean|main_textbook_clean,alias|topic_name,,true,false,true,4
8296,데이터베이스입문,경영학부,경상대학,normalization,정규화,,,,0.8,learning_objective_clean,topic_name,,true,false,false,1
8298,데이터베이스입문,경영학부,경상대학,database,데이터베이스,,,,1.0,course_name_clean|learning_objective_clean|main_textbook_clean,topic_name,,true,false,true,3
881,인공지능개론,바이오시스템기계공학전공,농업생명과학대학,artificial-intelligence,인공지능,,,,1.0,course_name_clean|learning_objective_clean|main_textbook_clean,topic_name,,true,false,true,3
881,인공지능개론,바이오시스템기계공학전공,농업생명과학대학,deep-learning,딥러닝,,,,0.83,learning_objective_clean|main_textbook_clean,topic_name,,true,false,false,2
881,인공지능개론,바이오시스템기계공학전공,농업생명과학대학,,,탐색,algorithms,3,0.8,learning_objective_clean,depth3_candidate,,false,true,false,1
881,인공지능개론,바이오시스템기계공학전공,농업생명과학대학,computer-vision,컴퓨터 비전,,,,0.8,learning_objective_clean,topic_name,,true,false,false,1
881,인공지능개론,바이오시스템기계공학전공,농업생명과학대학,natural-language-processing,자연어 처리,,,,0.8,learning_objective_clean,topic_name,,true,false,false,1
881,인공지능개론,바이오시스템기계공학전공,농업생명과학대학,optimization,최적화,,,,0.8,learning_objective_clean,topic_name,,true,false,false,1
881,인공지능개론,바이오시스템기계공학전공,농업생명과학대학,machine-learning,머신러닝,,,,0.75,learning_objective_clean,alias,,true,false,false,1
881,인공지능개론,바이오시스템기계공학전공,농업생명과학대학,testing,테스트,,,,0.5,main_textbook_clean,topic_name,,true,false,false,1
8922,공학응용인공지능,기계공학부 기계설계학전공,공과대학,artificial-intelligence,인공지능,,,,0.95,course_name_clean,topic_name,,true,false,true,1
8922,공학응용인공지능,기계공학부 기계설계학전공,공과대학,,,비지도학습,machine-learning,3,0.8,learning_objective_clean,depth3_candidate,,false,true,false,1
8922,공학응용인공지능,기계공학부 기계설계학전공,공과대학,python,Python,,,,0.5,main_textbook_clean,topic_name,,true,false,false,1
8924,공학응용인공지능,기계공학부 기계설계학전공,공과대학,artificial-intelligence,인공지능,,,,0.95,course_name_clean,topic_name,,true,false,true,1
8925,공학응용인공지능,기계공학부 기계설계학전공,공과대학,artificial-intelligence,인공지능,,,,1.0,course_name_clean|learning_objective_clean,topic_name,,true,false,true,2
8925,공학응용인공지능,기계공학부 기계설계학전공,공과대학,reinforcement-learning,강화학습,,,,0.8,learning_objective_clean,topic_name,,true,false,false,1
9170,공학수학 1,신소재공학부 전자재료공학전공,공과대학,calculus,미적분,,,,0.68,prerequisite_material_clean,topic_name,prerequisite,true,false,false,1
9171,공학수학 2,신소재공학부 전자재료공학전공,공과대학,calculus,미적분,,,,0.83,learning_objective_clean|main_textbook_clean,topic_name,,true,false,false,2
9171,공학수학 2,신소재공학부 전자재료공학전공,공과대학,,,벡터,linear-algebra,3,0.8,learning_objective_clean,depth3_candidate,,false,true,false,1
9171,공학수학 2,신소재공학부 전자재료공학전공,공과대학,,,함수,programming-basic-syntax,3,0.8,learning_objective_clean,depth3_candidate,,false,true,false,1
923,풀사료자원과빅데이터,동물산업융합학과,동물생명과학대학,probability-statistics,확률과 통계,,,,0.7,learning_objective_clean,alias,,true,false,false,1
971,인공지능과동물산업,동물응용과학과,동물생명과학대학,artificial-intelligence,인공지능,,,,1.0,course_name_clean|learning_objective_clean,topic_name,,true,false,true,2
971,인공지능과동물산업,동물응용과학과,동물생명과학대학,programming,프로그래밍,,,,0.68,prerequisite_material_clean,topic_name,prerequisite,true,false,false,1
971,인공지능과동물산업,동물응용과학과,동물생명과학대학,programming-basic-syntax,프로그래밍 기초 문법,,,,0.65,prerequisite_material_clean,alias,prerequisite,true,false,false,1
9783,컴퓨터구조개론,소프트웨어학과,과학기술대학,computer-architecture,컴퓨터구조,,,,0.98,course_name_clean|main_textbook_clean,topic_name,,true,false,true,2
9783,컴퓨터구조개론,소프트웨어학과,과학기술대학,programming,프로그래밍,,,,0.68,prerequisite_material_clean,topic_name,prerequisite,true,false,false,1
9785,인공지능개론,소프트웨어학과,과학기술대학,artificial-intelligence,인공지능,,,,1.0,course_name_clean|learning_objective_clean|main_textbook_clean,topic_name,,true,false,true,3
9785,인공지능개론,소프트웨어학과,과학기술대학,,,탐색,algorithms,3,0.8,learning_objective_clean,depth3_candidate,,false,true,false,1
9785,인공지능개론,소프트웨어학과,과학기술대학,algorithms,알고리즘,,,,0.68,prerequisite_material_clean,topic_name,prerequisite,true,false,false,1
9786,프로그래밍언어1,소프트웨어학과,과학기술대학,programming,프로그래밍,,,,1.0,course_name_clean|learning_objective_clean,topic_name,,true,false,true,2
9786,프로그래밍언어1,소프트웨어학과,과학기술대학,c-language,C언어,,,,0.5,main_textbook_clean,alias|topic_name,,true,false,false,2
9787,프로그래밍언어2,소프트웨어학과,과학기술대학,programming,프로그래밍,,,,1.0,course_name_clean|learning_objective_clean,topic_name,,true,false,true,2
9787,프로그래밍언어2,소프트웨어학과,과학기술대학,c-language,C언어,,,,0.5,main_textbook_clean,alias|topic_name,,true,false,false,2
9789,객체지향언어,소프트웨어학과,과학기술대학,oop,객체지향 프로그래밍,,,,0.9,course_name_clean,alias,,true,false,true,1
9789,객체지향언어,소프트웨어학과,과학기술대학,programming,프로그래밍,,,,0.83,learning_objective_clean|main_textbook_clean,topic_name,,true,false,false,2
9789,객체지향언어,소프트웨어학과,과학기술대학,data-structures,자료구조,,,,0.68,prerequisite_material_clean,topic_name,prerequisite,true,false,false,1
9790,JAVA1,소프트웨어학과,과학기술대학,java,Java,,,,0.45,main_textbook_clean,alias,,true,false,false,1
9793,정보처리알고리즘,소프트웨어학과,과학기술대학,algorithms,알고리즘,,,,1.0,course_name_clean|learning_objective_clean|main_textbook_clean,topic_name,,true,false,true,3
9794,데이터베이스개론,소프트웨어학과,과학기술대학,database,데이터베이스,,,,1.0,course_name_clean|learning_objective_clean|main_textbook_clean,topic_name,,true,false,true,3
9794,데이터베이스개론,소프트웨어학과,과학기술대학,sql,SQL,,,,0.8,learning_objective_clean,topic_name,,true,false,false,1
9795,기계학습응용,소프트웨어학과,과학기술대학,machine-learning,머신러닝,,,,0.98,course_name_clean|learning_objective_clean,alias,,true,false,true,2
9795,기계학습응용,소프트웨어학과,과학기술대학,,,지도학습,machine-learning,3,0.8,learning_objective_clean,depth3_candidate,,false,true,false,1
9795,기계학습응용,소프트웨어학과,과학기술대학,artificial-intelligence,인공지능,,,,0.71,main_textbook_clean|prerequisite_material_clean,topic_name,prerequisite,true,false,false,2
9796,운영체제론,소프트웨어학과,과학기술대학,operating-systems,운영체제,,,,1.0,course_name_clean|learning_objective_clean|main_textbook_clean,alias|topic_name,,true,false,true,4
9801,응용소프트웨어설계,소프트웨어학과,과학기술대학,oop,객체지향 프로그래밍,,,,0.65,prerequisite_material_clean,alias,prerequisite,true,false,false,1
9807,컴퓨터통신,소프트웨어학과,과학기술대학,,,프로토콜,networks,3,0.8,learning_objective_clean,depth3_candidate,,false,true,false,1
9807,컴퓨터통신,소프트웨어학과,과학기술대학,algorithms,알고리즘,,,,0.8,learning_objective_clean,topic_name,,true,false,false,1
9807,컴퓨터통신,소프트웨어학과,과학기술대학,networks,네트워크,,,,0.8,learning_objective_clean,topic_name,,true,false,false,1
9808,정보보안기술,소프트웨어학과,과학기술대학,,,기댓값과 분산,probability-statistics,3,0.8,learning_objective_clean,depth3_candidate,,false,true,false,1
9808,정보보안기술,소프트웨어학과,과학기술대학,,,해시,data-structures,3,0.8,learning_objective_clean,depth3_candidate,,false,true,false,1
9808,정보보안기술,소프트웨어학과,과학기술대학,networks,네트워크,,,,0.8,learning_objective_clean,topic_name,,true,false,false,1
9809,웹프로그래밍1,소프트웨어학과,과학기술대학,programming,프로그래밍,,,,1.0,course_name_clean|learning_objective_clean|main_textbook_clean,topic_name,,true,false,true,3
9809,웹프로그래밍1,소프트웨어학과,과학기술대학,java,Java,,,,0.8,learning_objective_clean,alias|topic_name,,true,false,false,2
9809,웹프로그래밍1,소프트웨어학과,과학기술대학,javascript,JavaScript,,,,0.5,main_textbook_clean,topic_name,,true,false,false,1
9809,웹프로그래밍1,소프트웨어학과,과학기술대학,javascript-web-basics,JavaScript 웹 기초,,,,0.5,main_textbook_clean,alias,,true,false,false,1
9809,웹프로그래밍1,소프트웨어학과,과학기술대학,programming-basic-syntax,프로그래밍 기초 문법,,,,0.5,main_textbook_clean,alias,,true,false,false,1
9810,웹프로그래밍1,소프트웨어학과,과학기술대학,programming,프로그래밍,,,,1.0,course_name_clean|learning_objective_clean|main_textbook_clean,topic_name,,true,false,true,3
9810,웹프로그래밍1,소프트웨어학과,과학기술대학,java,Java,,,,0.8,learning_objective_clean,alias|topic_name,,true,false,false,2
9810,웹프로그래밍1,소프트웨어학과,과학기술대학,,,인터넷,networks,3,0.8,learning_objective_clean,depth3_candidate,,false,true,false,1
9810,웹프로그래밍1,소프트웨어학과,과학기술대학,javascript,JavaScript,,,,0.5,main_textbook_clean,topic_name,,true,false,false,1
9810,웹프로그래밍1,소프트웨어학과,과학기술대학,javascript-web-basics,JavaScript 웹 기초,,,,0.5,main_textbook_clean,alias,,true,false,false,1
9810,웹프로그래밍1,소프트웨어학과,과학기술대학,programming-basic-syntax,프로그래밍 기초 문법,,,,0.5,main_textbook_clean,alias,,true,false,false,1
9811,웹프로그래밍2,소프트웨어학과,과학기술대학,server-basics,서버 기초,,,,0.7,learning_objective_clean,alias,,true,false,false,1
9811,웹프로그래밍2,소프트웨어학과,과학기술대학,programming,프로그래밍,,,,1.0,course_name_clean|main_textbook_clean|prerequisite_material_clean,topic_name,prerequisite,true,false,true,3
9812,웹프로그래밍2,소프트웨어학과,과학기술대학,server-basics,서버 기초,,,,0.7,learning_objective_clean,alias,,true,false,false,1
9812,웹프로그래밍2,소프트웨어학과,과학기술대학,programming,프로그래밍,,,,1.0,course_name_clean|main_textbook_clean|prerequisite_material_clean,topic_name,prerequisite,true,false,true,3
9813,모바일소프트웨어,소프트웨어학과,과학기술대학,programming,프로그래밍,,,,0.71,main_textbook_clean|prerequisite_material_clean,topic_name,prerequisite,true,false,false,2
9814,모바일소프트웨어,소프트웨어학과,과학기술대학,programming,프로그래밍,,,,0.71,main_textbook_clean|prerequisite_material_clean,topic_name,prerequisite,true,false,false,2
9816,소프트웨어프로젝트2,소프트웨어학과,과학기술대학,problem-solving-coding-basics,문제 해결과 코딩 기초,,,,0.75,learning_objective_clean,alias,,true,false,false,1
9816,소프트웨어프로젝트2,소프트웨어학과,과학기술대학,algorithms,알고리즘,,,,0.68,prerequisite_material_clean,topic_name,prerequisite,true,false,false,1
9816,소프트웨어프로젝트2,소프트웨어학과,과학기술대학,database,데이터베이스,,,,0.68,prerequisite_material_clean,topic_name,prerequisite,true,false,false,1
9816,소프트웨어프로젝트2,소프트웨어학과,과학기술대학,programming,프로그래밍,,,,0.68,prerequisite_material_clean,topic_name,prerequisite,true,false,false,1
9816,소프트웨어프로젝트2,소프트웨어학과,과학기술대학,computer-architecture,컴퓨터구조,,,,0.65,prerequisite_material_clean,alias,prerequisite,true,false,false,1
