source_row_number,year,university_name,college_name,department_name,course_name,grade,semester,credit,lecture_hours,practice_hours,course_type,learning_objective,main_textbook,sub_textbook,reference_material,prerequisite_material
31303,2022,부산대학교,공과대학,정보컴퓨터공학부,일반물리학(I),1,1학기,3,3,0,전공기초,"일반물리학은 두 학기 과정으로, 본 강의의 목표는 자연과학과 공학 전공에 필요한 역학, 열물리, 진동과 파동 등의 기본 개념과 원리를 배우는 것이다.  일반물리학에서 배운 기본 원리들을 실험을 통해 확인할 수 있도록 일반물리학 실험을 함께 수강할 것을 권한다.","Physics for Scientists and Engineers with Modern Physics Raymond A. Serway, John W. Jewett (10판, 번역본)",,1. Plato 2. 교과목 진행 관련 안내문 및 정보는 http://www.phys.pusan.ac.kr에 연결하여‘교육/강의자료/일반물리학’페이지를   참고하기 바람.,고전역학과 열물리 등에 대한 물리 기초지식
31304,2022,부산대학교,공과대학,정보컴퓨터공학부,일반물리학(I),1,1학기,3,3,0,전공기초,"일반물리학은 두 학기 과정으로, 본 강의의 목표는 자연과학과 공학 전공에 필요한 역학, 열물리, 진동과 파동 등의 기본 개념과 원리를 배우는 것이다.  일반물리학에서 배운 기본 원리들을 실험을 통해 확인할 수 있도록 일반물리학 실험을 함께 수강할 것을 권한다.","Physics for Scientists and Engineers with Modern Physics Raymond A. Serway, John W. Jewett (10판, 번역본)",,1. Plato 2. 교과목 진행 관련 안내문 및 정보는 http://www.phys.pusan.ac.kr에 연결하여‘교육/강의자료/일반물리학’페이지를   참고하기 바람.,고전역학과 열물리 등에 대한 물리 기초지식
31305,2022,부산대학교,공과대학,정보컴퓨터공학부,일반물리학(I),1,1학기,3,3,0,전공기초,"일반물리학은 두 학기 과정으로, 본 강의의 목표는 자연과학과 공학 전공에 필요한 역학, 열물리, 진동과 파동 등의 기본 개념과 원리를 배우는 것이다.  일반물리학에서 배운 기본 원리들을 실험을 통해 확인할 수 있도록 일반물리학 실험을 함께 수강할 것을 권한다.","Physics for Scientists and Engineers with Modern Physics Raymond A. Serway, John W. Jewett (10판, 번역본)",,교과목 진행 관련 안내문 및 정보는 http://www.phys.pusan.ac.kr에 연결하여‘교육/강의자료/일반물리학’페이지를   참고하기 바람.,고전역학과 열물리 등에 대한 물리 기초지식
31306,2022,부산대학교,공과대학,정보컴퓨터공학부,일반물리학(II),1,2학기,3,3,0,전공기초,"일반물리학은 두 학기 과정으로, 본 강의의 목표는 자연과학과 공학 전공에 필요한 전자기학 및 광학의 기본 개념과 원리를 배우는 것이다.  일반물리학에서 배운 기본 원리들을 실험을 통해 확인할 수 있도록 일반물리학 실험을 함께 수강할 것을 권장한다.","Physics for Scientists and Engineers with Modern PhysicsRaymond A. Serway, John W. Jewett (10판, 번역본)",,교과목 진행 관련 안내문 및 정보는 http://www.phys.pusan.ac.kr에 연결하여‘교육/강의자료/일반물리학’페이지를   참고하기 바람.,고전역학에 대한 물리 기초지식
31307,2022,부산대학교,공과대학,정보컴퓨터공학부,일반물리학(II),1,2학기,3,3,0,전공기초,"일반물리학은 두 학기 과정으로, 본 강의의 목표는 자연과학과 공학 전공에 필요한 전자기학 및 광학의 기본 개념과 원리를 배우는 것이다.  일반물리학에서 배운 기본 원리들을 실험을 통해 확인할 수 있도록 일반물리학 실험을 함께 수강할 것을 권장한다.","Physics for Scientists and Engineers with Modern PhysicsRaymond A. Serway, John W. Jewett (10판, 번역본)",,교과목 진행 관련 안내문 및 정보는 http://www.phys.pusan.ac.kr에 연결하여‘교육/강의자료/일반물리학’페이지를   참고하기 바람.,고전역학에 대한 물리 기초지식
31308,2022,부산대학교,공과대학,정보컴퓨터공학부,일반물리학(II),1,2학기,3,3,0,전공기초,"일반물리학은 두 학기 과정으로, 본 강의의 목표는 자연과학과 공학 전공에 필요한 전자기학 및 광학의 기본 개념과 원리를 배우는 것이다.  일반물리학에서 배운 기본 원리들을 실험을 통해 확인할 수 있도록 일반물리학 실험을 함께 수강할 것을 권장한다.","대학물리학(Physics for Scientists and Engineers with Modern PhysicsRaymond A. Serway, John W. Jewett (10판, 북스힐, 번역본))",,교과목 진행 관련 안내문 및 정보는 http://www.phys.pusan.ac.kr에 연결하여‘교육/강의자료/일반물리학’페이지를   참고하기 바람.,고전역학에 대한 물리 기초지식
31309,2022,부산대학교,공과대학,정보컴퓨터공학부,이산수학(I),1,1학기,3,3,0,전공기초,"정의, 정리, 증명의 엄격한 과정에 따른 수학적 논리적 사고력을 배양한다. Computer Science의 여러 분야에 필요한 수학적 기본 개념을 숙지한다. 문제 해결 능력과 응용 능력을 제고한다.","Ralph P. Grimaldi Discrete and Combinatorial Mathematics, 5th Edition. Addison Wesley, 2004",,,
31310,2022,부산대학교,공과대학,정보컴퓨터공학부,이산수학(I),1,1학기,3,3,0,전공기초,"정의, 정리, 증명의 엄격한 과정에 따른 수학적 논리적 사고력을 배양한다. Computer Science의 여러 분야에 필요한 수학적 기본 개념을 숙지한다. 문제 해결 능력과 응용 능력을 제고시킨다.","Discrete and Combinatorial Mathematics,  5th Edition. Ralph. P. Grimaldi, Addison Wesley, 2004",,,
31311,2022,부산대학교,공과대학,정보컴퓨터공학부,이산수학(I),1,1학기,3,3,0,전공기초,"정의, 정리, 증명을 통한 수학적 논리적 사고능력을 배양하고, 컴퓨터공학 전공에 필요한 수학적 개념을 체득하도록 한다.  아울러 실제 예제를 통해 문제해결 및 응용 능력을 제고한다.","Discrete and Combinatorial Mathematics, 5th Edition. R.P. Grimaldi, Pearson Education Limited, 2014",,,없음
31312,2022,부산대학교,공과대학,정보컴퓨터공학부,논리회로및설계,2,1학기,3,3,0,전공필수,디지털 하드웨어 설계를 위한 기초 스위칭 이론 및 설계방법 습득,"Logic and Computer Design Fundamentals, 4th Edition, M. Mano and C, Kime, Pearson, 2016",,,
31313,2022,부산대학교,공과대학,정보컴퓨터공학부,논리회로및설계,2,1학기,3,3,0,전공필수,디지털 하드웨어 설계를 위한 기초 스위칭 이론 및 설계방법 습득,"Logic and Computer Design Fundamentals, 4th Edition, M. Mano and C, Kime, Pearson, 2016",,,
31314,2022,부산대학교,공과대학,정보컴퓨터공학부,논리회로및설계,2,1학기,3,3,0,전공필수,디지털 하드웨어 설계를 위한 기초 스위칭 이론 및 설계방법 습득,"Logic and Computer Design Fundamentals, 4th Edition, M. Mano and C, Kime, Pearson, 2016",,,
31315,2022,부산대학교,공과대학,정보컴퓨터공학부,컴퓨터및프로그래밍입문,1,1학기,4,4,0,전공기초,"컴퓨터공학에 대한 흥미를 높여 수월한 전공 진입 유도 프로그래밍 개념, 과정, 동작 방식에 대한 전반적 이해도 향상 파이썬(Python) 프로그래밍 실습을 통한 컴퓨팅 사고력 향상","난생처음 파이썬 프로그래밍 / 우재남,최민아 / 한빛아카데미 / 2021 (시험 응시 시 주교재만 지참 가능)",,매주 PLATO에 강의자료 업로드,없음
31316,2022,부산대학교,공과대학,정보컴퓨터공학부,컴퓨터및프로그래밍입문,1,1학기,4,4,0,전공기초,"Python 언어와 window용 PC에 기초한 코딩, 프로그래밍, 및 시스템 설계에 대한 이해","박동규, 강영민, 으뜸 파이썬, 생능출판사, 2020 http://www.yes24.com/Product/Goods/89140722",,매주 강의자료(PPT)를 PLATO를 통해 배포합니다.,선수과목은 필요하지 않습니다. 집에서 사용할 수 있는 개인용 컴퓨터가 있어야 합니다.
31317,2022,부산대학교,공과대학,정보컴퓨터공학부,컴퓨터및프로그래밍입문,1,1학기,4,4,0,전공기초,"Python 언어와 window용 PC에 기초한 코딩, 프로그래밍, 및 시스템 설계에 대한 이해","박동규, 강영민, 으뜸 파이썬, 생능출판사, 2020 http://www.yes24.com/Product/Goods/89140722",,매주 강의자료(PPT)를 PLATO를 통해 배포합니다.,선수과목은 필요하지 않습니다. 집에서 사용할 수 있는 개인용 컴퓨터가 있어야 합니다.
31318,2022,부산대학교,공과대학,정보컴퓨터공학부,컴퓨터및프로그래밍입문,1,1학기,4,4,0,전공기초,"교육목표   1) 컴퓨터공학 및 과학에 대한 흥미를 높여 수월한 전공 진입을 유도함  컴퓨터가 실제적인 문제 해결의 도구로 활용됨을 경험  코딩 작업 과정을 이해  프로그래밍 작업의 이해  자기 주도적 탐구를 위한 기초 소양 함양  2) 기초적인 컴퓨터 구조에 대한 이해  하드웨어에 대한 이해  운영체제에 대한 이해  Window machine에 대한 이해 (매우 매우 중요)  3) 가장 기본적인 윈도우 시스템 구조 및 조작에 대한 이해  DOS 및 DOS 명령  파일 시스템 구조의 이해 (path, working directory)  수행 파일에 대한 이해  4) 프로그래밍 환경에 대한 이해   프로그래밍 언어에 대한 기초적인 이해  프로그래밍 단계 (Editor 시스템 숙지하기)  프로그래밍 관련 자료 사이트 소개 및 탐색방법  online manual 사용법   5) Python 언어를 통한 실제 코딩  화일 입출력  Control 구조 이해하기   비교   반복  문자열 처리  자료구조의 이해 (리스트)  함수(function)  고차함수 근 구하기    뉴턴랩슨 방식 :   GUI 설계 맛보기  그래픽스 맛보기",으뜸 파이썬/ 생능출판사 /2020  (중간 기말 시험칠 때 주교재만 지참이 허용됩니다. ) http://www.yes24.com/Product/Goods/89140722,,부교재는 수업 중간에 PDF 로 배포합니다.   주교재(으뜸 파이썬/ 생능출판사 /2020  )는 중간 기말 시험에 가지고 와서 활용할 수 있음. (중간 기말은 인터넷을 끈 상태에서 학과 실습실 PC에서 시행함.),선수과목은 필요하지 않습니다. 그러나 집에서 개인적으로 사용할 수 있는 PC 또는 랩탑(notebook) 컴퓨터가 있어야 합니다.
31319,2022,부산대학교,공과대학,정보컴퓨터공학부,컴퓨터및프로그래밍입문,1,1학기,4,4,0,전공기초,컴퓨터공학 및 과학에 대한 흥미를 높여 수월한 전공 진입을 유도함 기초적인 컴퓨터 및 운영체제 구조에 대한 이해 파이썬 프로그래밍 환경에 대한 이해 Python 언어를 통한 실제 코딩,으뜸 파이썬/ 생능출판사 /2020 (중간 기말 시험칠 때 주교재만 지참이 허용됩니다. ),,강의 자료,선수과목은 필요하지 않습니다. 그러나 집에서 개인적으로 사용할 수 있는 PC 또는 노트북이 있어야 합니다.
31320,2022,부산대학교,공과대학,정보컴퓨터공학부,프로그래밍원리와실습,1,1학기,4,4,0,전공기초,C언어의 개념 파악 및 RobotC 추가 교육 실습을 통한 프로그램 실습 실세계에 응용할 수 있는 방법에 대해 교육,Playing with C 우균 창병모 지음 교보문고,,기타 다른 C 언어 교재,없음
31321,2022,부산대학교,공과대학,정보컴퓨터공학부,프로그래밍원리와실습,1,2학기,4,4,0,전공기초,"본 교과목은 프로그래밍 개발 역량을 배양하기 위해 C 프로그래밍 언어를 이용하여 프로그래밍의 기초, 구조적 프로그래밍 등 프로그래밍 기본 원리와 S/W 개발의 기본 원칙을 학습한다.","모든 강의 자료는 PLATO(http://plato.pusan.ac.kr)를 통해 제공된다. 필수 주교재는 없으나 아래 책을 학습에 활용할 것을 권장한다.  “The C Programming Language. 2nd ed.,” Kernighan, Brian, and Dennis Ritchie. Upper Saddle River, NJ: Prentice Hall, 1988. ISBN: 9780131103627.  “Playing with C”, 우균 창병모 지음 교보문고",,,"본 교과목에 대한 공식 선수과목은 없다.  그러나 “CB16700:컴퓨터및프로그래밍입문""의 선 이수를 강하게 권고한다"
31322,2022,부산대학교,공과대학,정보컴퓨터공학부,프로그래밍원리와실습,1,2학기,4,4,0,전공기초,"본 교과목은 프로그래밍 개발 역량을 배양하기 위해 C 프로그래밍 언어를 이용하여 프로그래밍의 기초, 구조적 프로그래밍 등 프로그래밍 기본 원리와 S/W 개발의 기본 원칙을 학습한다.","모든 강의 자료는 PLATO(http://plato.pusan.ac.kr)를 통해 제공된다. 필수 주교재는 없으나 아래 책을 학습에 활용할 것을 권장한다. “The C Programming Language. 2nd ed.,” Kernighan, Brian, and Dennis Ritchie. Upper Saddle River, NJ: Prentice Hall, 1988. ISBN: 9780131103627. “Playing with C”, 우균 창병모 지음 교보문고",,,"본 교과목에 대한 공식 선수과목은 없다. 그러나 “CB16700:컴퓨터및프로그래밍입문""의 선 이수를 강하게 권고한다"
31323,2022,부산대학교,공과대학,정보컴퓨터공학부,프로그래밍원리와실습,1,2학기,4,4,0,전공기초,본 교과목은 C 프로그래밍 언어를 이용하여 학생들이 프로그래밍 기초와 구조적 프로그래밍에 대한 개념과 방법론을 이해 할 수 있도록 훈련 시키는 것을 목적으로 한다.,"모든 강의 자료는 PLATO(http://plato.pusan.ac.kr)를 통해 제공된다. 필수 주교재는 없으나 아래 책을 학습에 활용할 것을 권장한다. “The C Programming Language. 2nd ed.,” Kernighan, Brian, and Dennis Ritchie. Upper Saddle River, NJ: Prentice Hall, 1988. ISBN: 9780131103627. Playing with C”, 우균 창병모 지음 교보문고",,,"본 교과목에 대한 공식 선수과목은 없다. 그러나 “CB16700: 컴퓨터및프로그래밍입문""과 같은 교과목 이수를 통해 수강생 들이 컴퓨터 프로그래밍에 대한 기초 이해를 가지고 있다는 전제 하에 강의가 진행된다."
31324,2022,부산대학교,공과대학,정보컴퓨터공학부,프로그래밍원리와실습,1,2학기,4,4,0,전공기초,본 교과목은 C 프로그래밍 언어를 이용하여 학생들이 프로그래밍 기초와 구조적 프로그래밍에 대한 개념과 방법론을 이해할 수 있도록 훈련 시키는 것을 목적으로 한다.,모든 강의 자료는 PLATO(http://plato.pusan.ac.kr)를 통해 제공된다. 주요 참고교재는 교과목 소개 시간에 안내한다.,,,"본 교과목에 대한 공식 선수과목은 없다. 그러나 “CB16700: 컴퓨터및프로그래밍입문""과 같은 교과목 이수를 통해 수강생들이 컴퓨터 프로그래밍에 대한 기초 이해를 가지고 있다는 전제 하에 강의가 진행된다."
31325,2022,부산대학교,공과대학,정보컴퓨터공학부,프로그래밍원리와실습,1,2학기,4,4,0,전공기초,본 강의에서는 Clanguage로 된 프로그램을 이해할 수 있으며 개발할 수 있는 능력을 기르는 것을 목표로 한다.,"B. W. Kernighan and D. M. Ritchie, The C Programming Language, 2nd Ed., PrenticeHall, 1988.",,,
31326,2022,부산대학교,공과대학,정보컴퓨터공학부,프로그래밍원리와실습,1,2학기,4,4,0,전공기초,본 교과목은 C 프로그래밍 언어를 이용하여 학생들이 프로그래밍 기초와 구조적 프로그래밍에 대한 개념과 방법론을 이애할 수 있도록 훈련 시키는 것을 목표로 한다.,없음. 모든 강의 자료는 PLATP(http://plato.pusan.ac.kr)를 통해 제공된다.,,"아래의 도서를 학습에 활용할 것을 권장한다. ""The C Programming Language"", 2nd ed, Brian W. Kernighan, Dennis M. Ritchie, Prentice Hall, 1988. ""Playing with C"", 우균, 창병모","본 교과목에 대한 공식 선수과목은 없다. 단, ""CB16700: 컴퓨터프로그래밍입문""과 같은 교과목 이수를 통해 수강생들이 컴퓨터 프로그래밍에 대한 기초 이해를 가지고 있다는 전제 하에 강의가 진행된다."
31327,2022,부산대학교,공과대학,정보컴퓨터공학부,전기전자공학개론,1,2학기,3,3,0,전공기초,본 교과목을 통하여 전기공학 및 전자공학의 기초지식을 소개한다. 1. 전류와 전압 등 전기의 기본 지식을 배운다. 2. 직류회로 및 교류회로의 해석 방법을 익힌다. 3. 반도체의 기본 지식을 배운다 4. 다이오드와 트랜지스터 회로와 그 응용을 이해한다,"J. David Iriwin and David V. Kerns, Jr., Essentials of Electrical and Computer Engineering, 2nd Edition, Wiely, 2022.",,"Stan Gibillisco and Simon Monk, Teach Yourself Electricity and Electornics, 6th Ed., Mc Graw Hill Education 권기영, 조성재, 유태훈 옮김, 전기전자공학개론, 개정6판, 한빛아카데미 정동호, 공학도를 위한 전기전자공학개론, 학산미디어, 2020",기초 수학
31328,2022,부산대학교,공과대학,정보컴퓨터공학부,전기전자공학개론,1,2학기,3,3,0,전공기초,"이 과목에서 우리는 기본적인 회로 해석 방법 및 관련 이론들을 배운다. 마디전압법, 망전류법, 1계 선형동차 회로, 교류회로, 다이오드와 트란지스터의 동작을 이해하고 해석할 수 있는 능력을 갖추도록 한다.","Christopher K. Alexander and Mattew N. O. Sadiku, Fundamentals of Electric Circuits, 6th Ed., McGrawHill, 2017",,,대학수학
31329,2022,부산대학교,공과대학,정보컴퓨터공학부,전기전자공학개론,1,2학기,3,3,0,전공기초,본 교과목을 통하여 전기공학 및 전자공학의 기초지식을 소개한다. 1. 전류와 전압 등 전기의 기본 지식을 배운다. 2. 직류회로 및 교류회로의 해석 방법을 익힌다. 3. 반도체의 기본 지식을 배운다 4. 다이오드와 트랜지스터 회로와 그 응용을 이해한다,"J. David Iriwin and David V. Kerns, Jr., Essentials of Electrical and Computer Engineering, 2nd Edition, Wiely, 2022.",,"Stan Gibillisco and Simon Monk, Teach Yourself Electricity and Electornics, 6th Ed., Mc Graw Hill Education 권기영, 조성재, 유태훈 옮김, 전기전자공학개론, 개정6판, 한빛아카데미 정동호, 공학도를 위한 전기전자공학개론, 학산미디어, 2020",기초 수학
31330,2022,부산대학교,공과대학,정보컴퓨터공학부,전기전자공학개론,1,2학기,3,3,0,전공기초,"이 과목에서 우리는 기본적인 회로 해석 방법 및 관련 이론들을 배운다. 마디전압법, 망전류법, 1계 선형동차 회로, 교류회로, 다이오드와 트란지스터의 동작을 이해하고 해석할 수 있는 능력을 갖추도록 한다.","Christopher K. Alexander and Mattew N. O. Sadiku, Fundamentals of Electric Circuits, 6th Ed., McGrawHill, 2017",,,대학수학
31331,2022,부산대학교,공과대학,정보컴퓨터공학부,어드벤처디자인,1,2학기,2,0,4,전공기초,IoT 분야에서 널리 사용되는 하드웨어 소개 IoT 하드웨어의 동작원리 이해 IoT 하드웨어의 제어 및 프로그래밍 방법 학습 IoT 하드웨어의 인터페이스에 대한 이해 및 활용방법 학습,"IT CookBook, 따라 하면서 배우는 아두이노, 허경용 지음, 한빛아카데미, 2016 출간",,,기본적인 프로그래밍 경험
31332,2022,부산대학교,공과대학,정보컴퓨터공학부,어드벤처디자인,1,2학기,2,0,4,전공기초,IoT 분야에서 널리 사용되는 하드웨어 소개 IoT 하드웨어의 동작원리 이해 IoT 하드웨어의 제어 및 프로그래밍 방법 학습 IoT 하드웨어의 인터페이스에 대한 이해 및 활용방법 학습,"IT CookBook, 따라 하면서 배우는 아두이노, 허경용 지음, 한빛아카데미, 2016 출간",,,기본적인 프로그래밍 경험
31333,2022,부산대학교,공과대학,정보컴퓨터공학부,어드벤처디자인,1,2학기,2,0,4,전공기초,IoT 분야에서 널리 사용되는 하드웨어 소개 IoT 하드웨어의 동작원리 이해 IoT 하드웨어의 제어 및 프로그래밍 방법 학습 IoT 하드웨어의 인터페이스에 대한 이해 및 활용방법 학습,"IT CookBook, 따라 하면서 배우는 아두이노, 허경용 지음, 한빛아카데미, 2016 출간",,,기본적인 프로그래밍 경험
31334,2022,부산대학교,공과대학,정보컴퓨터공학부,어드벤처디자인,1,2학기,2,0,4,전공기초,IoT 분야에서 널리 사용되는 하드웨어 소개 IoT 하드웨어의 동작원리 이해 IoT 하드웨어의 제어 및 프로그래밍 방법 학습 IoT 하드웨어의 인터페이스에 대한 이해 및 활용방법 학습,"IT CookBook, 따라 하면서 배우는 아두이노, 허경용 지음, 한빛아카데미, 2016 출간",,,기본적인 프로그래밍 경험
31335,2022,부산대학교,공과대학,정보컴퓨터공학부,어드벤처디자인,1,2학기,2,0,4,전공기초,IoT 분야에서 널리 사용되는 하드웨어 소개 IoT 하드웨어의 동작원리 이해 IoT 하드웨어의 제어 및 프로그래밍 방법 학습 IoT 하드웨어의 인터페이스에 대한 이해 및 활용방법 학습,"IT CookBook, 따라 하면서 배우는 아두이노, 허경용 지음, 한빛아카데미, 2016 출간",,,기본적인 프로그래밍 경험
31336,2022,부산대학교,공과대학,정보컴퓨터공학부,자료구조,2,2학기,3,3,0,전공필수,이 과목은 프로그래밍으로 문제해결 할 때 필요한 논리력과 그것을 표현할 적절한 자료 구조를 학습한다. 또한 문제해결을 위한 전통적인 알고리즘을 통해 체계적 사고 방법을 익히고 나아가 주어진 문제해결을 위해 설계하는 방법을 학습한다.,"M.T.Goodrich et. al., Data Structures and Algorithms in C++, 2nd Ed, John Wiley&Sons, Inc., 2011",,"Horowitz et. al, Fundamentals of DATA STRUCTURE in C++, Computer Sci. Press, 2001",C or C++
31337,2022,부산대학교,공과대학,정보컴퓨터공학부,자료구조,2,2학기,3,3,0,전공필수,1. 실제 현장에서 일어나는 문제를 형식화하여 프로그램을 통하여 해결하는 능력 2. 해당 문제를 프로그래밍할 때 가장 유용한 자료구조의 설계 3. 어떤 문제해결을 위한 다양한  자료구조의 성능을 평가할 수 있는 능력 4. C++에서 제공하는 STL(14 version)의 이해와 실전 활용 5. 입사를 위한 coding test를 중급이상으로 통과할 수 있는 실전 능력    Competitive Coding 실력 배양,[1] 수업에 사용하는 교재는 handout 형태로 나누어 줄 예정입니다.  STL에 관련된 모든 교재 Data Structure with Algorithmic Thinking with Python Data Structures and Algorithms in C++ (Tamssia and D. Mount),,[1] 수업에 사용하는 교재는 handout 형태로 나누어 줄 예정입니다.  STL에 관련된 모든 교재 Data Structure with Algorithmic Thinking with Python  아래 강의록 일부분을 확인하기 바랍니다.,C 프로그래밍 C++ 프로그래밍 (기초 정도) 아주 잘 할 필요는 없지만 아래 사항은 알고 있어야 합니다. 기본적인 stream io 함수 작성 및 parameter passing 기초 디버깅 수행시간 측정 간단한 class 만들기 template code 만들기
31338,2022,부산대학교,공과대학,정보컴퓨터공학부,자료구조,2,2학기,3,3,0,전공필수,"자료구조 설계 구현 능력, C/C++ 소스코드 개발 능력","자료구조 프로그래밍, 홍봉희편저, 2022, 부산대학교 출판문화원",,"SW 코딩 역량을 위한 C++ 프로그래밍, 홍봉희, 정익사","C/C++ 프로그래밍, 이산수학"
31339,2022,부산대학교,공과대학,정보컴퓨터공학부,자료구조,2,2학기,3,3,0,전공필수,"본 과목을 통해 자료구조와 알고리즘을 이용한 문제 해결 능력을 기른다. 특히 다양한 자료구조에 대한 이론적인 이해와 실전 문제 적용을 중심으로 강의가 진행되며, 이를 통해 문제 분석 및 해결 방법 설계 능력의 발전을 도모한다.","Data Structures and Algorithms in C++, 2nd Edition Michael T. Goodrich, Roberto Tamassia, David M. Mount John Wiley & Sons, 2011  ISBN: 9780470383278",,,C++
31340,2022,부산대학교,공과대학,정보컴퓨터공학부,자료구조,2,2학기,3,3,0,전공필수,이 과목은 프로그래밍으로 문제해결 할 때 필요한 논리력과 그것을 표현할 적절한 자료 구조를 학습한다. 또한 문제해결을 위한 전통적인 알고리즘을 통해 체계적 사고 방법을 익히고 나아가 주어진 문제해결을 위해 설계하는 방법을 학습한다.,"M.T.Goodrich et. al., Data Structures and Algorithms in C++, 2nd Ed, John Wiley&Sons, Inc., 2011",,"Horowitz et. al, Fundamentals of DATA STRUCTURE in C++, Computer Sci. Press, 2001",C or C++
31341,2022,부산대학교,공과대학,정보컴퓨터공학부,컴퓨터그래픽스,3,2학기,3,3,0,전공선택,"1. 기본적인 3차원 컴퓨터그래픽스 기술 이해 2. 객체 표현을 위한 컴퓨터그래픽스용 언어 이해 3. WebGL, Three.js, 게임엔징 등을 이용한 컴퓨터 그래픽스 환경 이해 및 처리기술 습득",,,,"Linear Algebra, Basic Programming Skills (e.g., JavaScript, Python, C++)"
31342,2022,부산대학교,공과대학,정보컴퓨터공학부,파일구조,3,1학기,3,3,0,전공선택,file 자료구조를 설계 구현하여 SW 개발하는 것을 목표로 한다,File Structures An ObjectOriented Approach with C++,,,"자료구조, C++"
31343,2022,부산대학교,공과대학,정보컴퓨터공학부,컴퓨터알고리즘,3,1학기,3,3,0,전공필수,This course learns fundamentals and systematic skills for designing computer algorithms to solve realworld problems.,Foundations of Algorithms (4th edition) written by Richard Neapolitan and Kumarss Naimipour,,,Data structure
31344,2022,부산대학교,공과대학,정보컴퓨터공학부,컴퓨터알고리즘,3,1학기,3,3,0,전공필수,"이론 전산학(theoretical computer science)의 기초개념 이해  막프로그래밍과 알고리즘 설계가 동반된 프로그래밍의 차이점 이해하기 자료구조와 프로그램 성능의 차이 이해하기 컴퓨터 공학에서 왜 알고리즘이 가장 중요한 개념인가를 실제 프로그래밍으로 체험하기 이론적 분석의 의미와 그 실용성 체험하기   이론 전산학(theoretical computer science)의 기초개념 이해  막프로그래밍과 알고리즘 설계가 동반된 프로그래밍의 차이점 이해하기 자료구조와 프로그램 성능의 차이 이해하기 컴퓨터 공학에서 왜 알고리즘이 가장 중요한 개념인가를 실제 프로그래밍으로 체험하기 이론적 분석의 의미와 그 실용성 체험하기  삼성에서도 최근 알고리즘의 중요성을 인식해서 삼성 SW직군 중에 알고리즘 이해도를 평가해서 진급에 적용한다고 합니다. 이와 같이 알고리즘은 단순히 소프트웨어 설계 및 구현 이상의 창의적인 가치를 포함하고 있는 매우 중요한 과목이며, 그 중요성을 갈수록 올라가고 있습니다. 컴퓨터 비전공자 중에서도 프로그램을 잘 하는 사람이 있지만  그들과 전공자와의 가장 큰 차이는 <알고리즘>과 같은 전산과학적 background 입니다.    동시에 국내 대기업에서는 2015년 이후부터 입사시험에서 문제해결기법, 자료구조, 알고리즘 프로그래밍  능력을 직접 test해 본다고 합니다. 따라서 본 과목은 이런 과정을 위한 학생들에게 적합한 과목이 될 것입니다.  다양한 알고리즘 실계 방법론의 이해 효율적인 프로그램 설계 그 목표를 위한 효율적인  자료구조의 설계 구현한 자료구조 및 그 지원 알고리즘의 성능평가 Efficient Programming 연습 및 수행된 프로그램의 알고리즘 분석  예를 들어 주어진 과제에 대하여 다음과 같은 경쟁을 하는 것에 부담이 없어야 한다.  가장 빠른 프로그램( in term of execution time) 가장 짧은 프로그램( in terms of source code lines)  이 과목을 수강하는 학생은 반드시 국제대학생 프로그래밍 대회( ICPC 2013)의 지역예선 즉 부산대학교 예선에 참가해야 합니다. 이것은 수강의 기본조건 입니다. 단 참여할 팀에 다른 학과 또는 알고리즘 이 분반 수강생 이외의 학생과 같이 참여해도 됩니다.  특히 이 분반을 수강하는 학생은 반드시 3인 1조로 ICPC 대회에 참가해야만 한다. 이것은 requirement이고 그렇지 못한 경우에는 과제 하나를 Missing한 것으로 간주한다.  (작년 2021년에 사용한 알고리즘 프로그래밍 과제가 첨부화일에 있습니다.   참고해서 이 정도 프로그래밍을 할 수 있는지 감을 잡아 보시기 바랍니다. )  Preliminary for Algorithm Theory + Ethics for Engineering Measure for Algorithm Performance Time and Space complexity Analysis Divide and Conquer Method(1) Divide and Conquer Method(2) Greedy Method and Optimality(1) Real Application and Greedy Method Dynamic Programming Model + Mid Exam Application of Dynamic Programming Iterative Methodology: Backtracking(1) Iterative Methodology: Branch and Bound (1) Iterative Methodology: Branch and Bound (2) Graph Algorithm Basic Computational Geometry  and real application for real world problems Theoretical Computation Theory    NPcompleteness   Heuristics","강의식으로 진행합니다. 프로그래밍 과제물이 10개 이상 주어질 예정입니다.  만일 C++, Python, JAVA를 기반으로  프로그래밍이 힘들다면 수강을 권하지 않습니다. 학기말에 실습실에서 부분적인 실습이 같이 진행될 예정입니다.",,"기본 강의자료는 Hwp hand out으로 수업 전에 NESPA 사이트를 통해서 제공합니다. 참고로 사용하는 교재는 <알고리즘 기초 5판 (홍릉과학출판사)>, 도경구 번역  수업시 handout은 교수가 강의 사이트에 매주 올립니다. 아래 첨부화일은 작년에 사용한 프로그래밍 과제물 일부입니다. 만일 이 정도 프로그래밍을 할 수 없는 학생이라면 수강을 권하지 않습니다.",이산수학(discrete Mathematics) 자료구조(필수적으로 수강) C/C++ 프로그래밍 중급이상 Python으로 과제물 작성도 가능하지만 어떤 과제물은 반드시 C/C++로만 제출해야 합니다.
31345,2022,부산대학교,공과대학,정보컴퓨터공학부,컴퓨터알고리즘,3,1학기,3,3,0,전공필수,"To provide a solid foundation in algorithm design and analysis. Specifically, the student learning outcomes include: Ability to understand and design algorithms using greedy strategy, divide and conquer approach, dynamic programming, and max flow min cut theory. Ability to analyze asymptotic runtime complexity of algorithms including formulating recurrence relations. Basic knowledge of computational complexity","Richard Neapolitan and Kumarss Naimipour, Foundations of Algorithms, 4th Ed., Jones & Bartlett, 2011.",,"도경구 역, 알고리즘 기초, 홍릉출판사, 2014(번역서)",data structure and programming
31346,2022,부산대학교,공과대학,정보컴퓨터공학부,이산수학(II),2,2학기,3,3,0,전공필수,"이산 물체 및 데이터 관련 문제에 적용이 가능한 주요 모델링 기법, 그래프 이론, 정수론 및 대수학, 오토마타 이론 등을 컴퓨터공학 전공 문제와 연계시켜 다룬다. 특히 정의와 정리에 기반하여 논리적인 사고를 할 수 있는 능력을 키우는 것을 주요 목표로 한다.","Discrete and Combinatorial Mathematics (5th Ed.), R.P. Grimaldi, Pearson Education Limited, 2014",,Lecture Notes at the PLATO system,없음
31347,2022,부산대학교,공과대학,정보컴퓨터공학부,이산수학(II),2,2학기,3,3,0,전공필수,"1. Understanding the basics on number theory 2. Understanding the basics on Automata theory 3. Understanding the basics on graph theory  4. Understanding the number theory with applications(cryptography)  5. Understading the graph theory & automata with applications(computer arch. blockchain, etc.)","Discrete and combinatorial mathematics (5th Edition) by R.P.Grimaldi, 2004",,Handbout 자료 제공,없음
31348,2022,부산대학교,공과대학,정보컴퓨터공학부,이산수학(II),2,2학기,3,3,0,전공필수,"이산 물체 및 데이터 관련 문제에 적용이 가능한 주요 모델링 기법, 그래프 이론, 정수론 및 대수학, 오토마타 이론 등을 컴퓨터공학 전공 문제와 연계시켜 다룬다. 특히 정의와 정리에 기반하여 논리적인 사고를 할 수 있는 능력을 키우는 것을 주요 목표로 한다.","Discrete and Combinatorial Mathematics (5th Ed.), R.P. Grimaldi, Pearson Education Limited, 2014",,Lecture Notes at the PLATO system,없음
31349,2022,부산대학교,공과대학,정보컴퓨터공학부,인공지능,3,2학기,3,3,0,전공선택,탐색기반 문제해결 기본 개념을 이해하고 실제 문제에 적용 실생활 문제를 공식화하는 능력을 함양하고 이를 논리적 수학적 추론 방법으로 해결 다양한 학습 알고리즘을 공부하고 이를 실생활 문제에 적용,"Artificial Intelligence: A Modern Approach, 3rd ed. Stuart Russell and Peter Norvig Prentice Hall, 2009",,,
31350,2022,부산대학교,공과대학,정보컴퓨터공학부,인공지능,3,2학기,3,3,0,전공선택,1. 문제해결의 개념을 이해하고 실제로 응용할 수 있다 (Understand the concept of solving problems and apply for practical problems).   2. 실세계 문제들을 정형화하고 논리적 혹은 수학적 추론 기법을 적용하여 해결할 수 있다 (Formulize realworld problems and solve them using logical and mathematical reasoning).   3. 학습 알고리즘들을 이해하고 이를 실제 문제에 적용할 수 있다 (Understand learning algorithms and apply this for practical problems).,"Stuart Russell and Peter Norvig, Artificial Intelligence:  A Modern Approach, 3rd ed. Prentice Hall, 2010.",,,"자료구조 (Data structure), 확룔통계 (Probabilities and Statistics)"
31351,2022,부산대학교,공과대학,정보컴퓨터공학부,컴파일러,3,2학기,3,3,0,전공선택,전반적인 컴파일 과정에 대한 이해 컴파일 과정에서 사용되는 자료구조와 최적화 기법 학습 간단한 컴파일러 구현,"내공 있는 프로그래머로 길러주는 컴파일러의 이해 (증보판), 박두순 지음, 한빛 아카데미",,"만들면서 배우는 컴파일러 첫걸음, 나카다 이쿠오 지음, 윤인성 옮김, 인사이트 Alfred. V. Aho, Monica S. Lam, Ravi .Sethi, Jeffrey D. Ullman, Compilers: Principles, Tehniques, and Tools, 2nd Ed., AddisonWesley, 2007.","C 프로그래밍 스킬, 자료구조, 유닉스 개발환경에 대한 이해"
31352,2022,부산대학교,공과대학,정보컴퓨터공학부,시스템소프트웨어,2,1학기,3,3,0,전공선택,"어셈블리 프로그래밍의 기본 기술과 어셈블러, 로더, 링커와 같은 시스템 소프트웨어에 대한 지식을 제공","Computer SystemsA Programmer's Perspective 3rd, Randal E. Bryant, David R. O'Hallaron",,C programming language 2nd edition. Brian W. Kernighan and Dennis M. Ritchie,The C Programming Language Basic knowledge on Unix/Linux systems
31353,2022,부산대학교,공과대학,정보컴퓨터공학부,시스템소프트웨어,2,1학기,3,3,0,전공선택,"어셈블리 프로그래밍의 기본 기술과 어셈블러, 로더, 링커와 같은 시스템 소프트웨어에 대한 지식을 제공","Computer SystemsA Programmer's Perspective 3rd, Randal E. Bryant, David R. O'Hallaron",,C programming language 2nd edition. Brian W. Kernighan and Dennis M. Ritchie,The C Programming Language Introduction to Open Source Software Developments
31354,2022,부산대학교,공과대학,정보컴퓨터공학부,시스템소프트웨어,2,1학기,3,3,0,전공선택,"어셈블리프로그래밍의 기본기술과 어셈블러,로더,링커와 같은 시스템소프트웨어에 대한 지식을 제공","ComputerSystemsAProgrammer'sPerspective3rd,RandalE.Bryant,DavidR.O'Hallaron",,,The CProgramming Language Introduction to Open Source Software Developments
31355,2022,부산대학교,공과대학,정보컴퓨터공학부,데이터통신,3,1학기,3,3,0,전공선택,1) 데이터통신 기본 기술 요소의 목적과 원리를 이해한다 2) 데이터통신 기술 요소를 확률 등의 이론 도구를 이용하여 그 성능과 특성을 평가할 수 있는 능력을 갖춘다 3) 데이터통신 기술 요소를 Python 등의 실습 도구를 이용하여 그 성능과 특성을 분석할 수 있는 능력을 갖춘다 4) 기본적인 형식 및 내용 요건을 충족시키는 기술 보고서를 작성하는 능력을 갖춘다,"W. Stallings, Data and Computer Communications, PrenticeHall",,,해당 사항 없음
31356,2022,부산대학교,공과대학,정보컴퓨터공학부,데이터통신,3,1학기,3,3,0,전공선택,데이터 통신의 원리를 익히고 이것의 응용능력을 개발한다.,"Behrouz A. Forouzan, Data Communications and Networking with TCP/IP Protocol Suite(6E), McGraw Hill, 2022",,"W. Stallings, Data and Computer Communications(10E), Prentice Hall, 2014",해당사항 없음
31357,2022,부산대학교,공과대학,정보컴퓨터공학부,데이터베이스,3,2학기,3,3,0,전공선택,본강의의목적은정보모델링방법과데이터베이스설계및관리개념과방법론을학습하는것이다.,"A First course in Database Systems,Jeffrey D.Ullman and Jennifer Widom,3rd ed. Pearson International Edition",,"데이터베이스시스템개론,JeffreyD.UllmanandJenniferWidom저,김명호,이윤준,유재수역,도서출판그린(2판)",
31358,2022,부산대학교,공과대학,정보컴퓨터공학부,데이터베이스,3,2학기,3,3,0,전공선택,본강의의목적은정보모델링방법과데이터베이스설계및관리개념과방법론을학습하는것이다.,"A First course in Database Systems,Jeffrey D.Ullman and Jennifer Widom,3rd ed. Pearson International Edition",,"데이터베이스시스템개론,JeffreyD.UllmanandJenniferWidom저,김명호,이윤준,유재수역,도서출판그린(2판)",
31359,2022,부산대학교,공과대학,정보컴퓨터공학부,데이터베이스,3,2학기,3,3,0,전공선택,"DB 모델링, DB 설계, SQL 프로그래밍, MySQL Workbench, DB연동 프로그래밍","데이터베이스 SQL 프로그래밍(MySQL 실습), 홍봉희편저, 부산대학교 출판문화원, 2022",,,"자료구조, 파일구조"
31360,2022,부산대학교,공과대학,정보컴퓨터공학부,임베디드시스템,3,2학기,3,3,0,전공선택,"Study general architectures of embedded systems, Study structure and instruction set of ARM architecture, Study ARM assembler language, Study ARM processor and CPU cores,  Study RTOS and programming","1. ARM System on chip Architecture (2nd Ed.), Steve Furber, Addison Wesley 2. μC/OSIII, The RealTime Kernel For the STM32 ARM CortexM3, Jean J. Labrosse,  https://micrium.atlassian.net/wiki/spaces/osiiidoc/overview (Free PDF)",,,
31361,2022,부산대학교,공과대학,정보컴퓨터공학부,확률통계,1,2학기,3,3,0,전공기초,"수학 및 기초공학에 대한 지식을 이해하고, 이를 공학적 문제에 응용할 수 있는 능력 개발 컴퓨터공학 핵심지식을 이해하고, 실세계 컴퓨터공학 문제들의 자료를 분석하여 평가할 수 있는 능력 배양 컴퓨터시스템을 설계할 수 있는 능력과, 도구 및 프로그래밍 언어를 활용하여 실세계에 존재하는 공학적 문제들을 해결할 수 있는 능력 배양 자신의 생각을 효율적으로 전달하고 동료들과 협업을 할 수 있으며, 경영마인드를 갖춘 국제적 리더쉽 배양","핵심 확률 및 통계학 (청문각, 로널드 월폴, 레이먼드 마이어스, 새런 마이어스, 키잉 예 지음; 김봉선, 유영관, 박종천, 이상호 옮김)",,,수학 (미적분 포함)
31362,2022,부산대학교,공과대학,정보컴퓨터공학부,확률통계,1,2학기,3,3,0,전공기초,확률 이론 기초에 대한 이해 공학 문제 분석을 위한 확률 모형 적용 능력 함양  Python/R과 같은 컴퓨터 S/W를 이용한 확률 문제 해결 능력 함양  요건을 만족하는 기술문서 작성 능력 함양,"다음 3가지 교재 중 하나로 분반 담당 교수가 지정 Probability and Random Processes with Application to Signal Processing and Communications, S. Miller, Elsevier Introduction to Probability Models, 11th edition, Sheldon Ross Introduction to Probability, 2nd Ed. Dimitri P. Bertsekas and John N. Tsitsiklis,",,,
31363,2022,부산대학교,공과대학,정보컴퓨터공학부,확률통계,1,2학기,3,3,0,전공기초,"다양한 형태의 데이터 분석에 필요한 확률, 통계적인 기초적인 지식을 이해하여 그 응용력을 키운다.","Introdcution to Probability Models, 11th edition written by Sheldon Ross",,,
31364,2022,부산대학교,공과대학,정보컴퓨터공학부,운영체제,3,1학기,3,3,0,전공필수,운영체제를 구성하는 기본 개념을 이해하고 이를 구현하기 위한 각 구성요소의 동작 원리를 이해한다. 운영체제 전반에 대한 이해를 바탕으로 시스템에 최적화된 소프트웨어를 개발할 수 있는 능력을 배양한다. 운영체제의 각 구성 요소를 구현하는 프로젝트를 통해 시스템프로그래밍 능력을 향상시킨다.,"Remzi H. ArpaciDusseau and Andrea C. ArpaciDusseau, ""Operating Systems: Three Easy Pieces"" https://pages.cs.wisc.edu/~remzi/OSTEP/",,"Operating System Concepts, 9th Edition, by Avi Silberschatz, Peter Baer Galvin and Greg Gagne, John Wiley & Sons, Inc., 2012 Operating Systems, Internals and Design Principles, 7th edition, William Stallings, Pearson International Edition, 2009",C Programing language Data structure Basic knowledge on Unix/Linux systems
31365,2022,부산대학교,공과대학,정보컴퓨터공학부,운영체제,3,1학기,3,3,0,전공필수,"운영체제의 개념과 발전과정, 구성요소 및 동작 원리 이해 프로세스 개념 및 관리, 스케줄링, 동기화 학습 병행 프로그래밍, 교착상태, 주기억장치/보조기억장치, 파일시스템 이해 시스템에 최적화된 소프트웨어 개발 능력 배양","Operating System Concepts 10th Edition / A. Silberschatz, P.B. Galvin, G. Gagne / John Wiley & Sons / 2018",,매주 PLATO에 강의자료 업로드,C Programing language Data structure Basic knowledge on Unix/Linux systems
31366,2022,부산대학교,공과대학,정보컴퓨터공학부,운영체제,3,1학기,3,3,0,전공필수,"With this course, students can understand the basics on OS and the structure of the OS. Also, student can learn the details of the OS through using and analyzing the Linux OS.","OS concepts, 9th edition by Avi silberschatz Operating System, three easy pieces by Remzi, et. al.",,"OS related materials, etc. Linux OS materials, etc.",C programming skill
31367,2022,부산대학교,공과대학,정보컴퓨터공학부,소프트웨어공학,3,2학기,3,3,0,전공필수,"본 과목은 대규모 고품질 소프트웨어를 개발하기 위한 다양한 기술을 익히는 것을 목표로 한다. 특히 메트릭, 정적 분석, 동적 테스팅 등의 주제에 대해서는 오픈소스 도구를 소개하며 오픈소스 도구를 활동한 과제를 수행한다.",,,,
31368,2022,부산대학교,공과대학,정보컴퓨터공학부,소프트웨어공학,3,2학기,3,3,0,전공필수,"본 과목은 대규모 고품질 소프트웨어를 개발하기 위한 다양한 기술을 익히는 것을 목표로 한다. 특히 메트릭, 정적 분석, 동적 테스팅 등의 주제에 대해서는 오픈소스 도구를 소개하며 오픈소스 도구를 활동한 과제를 수행한다.",,,,
31369,2022,부산대학교,공과대학,정보컴퓨터공학부,소프트웨어공학,3,2학기,3,3,0,전공필수,"본 과목은 대규모 고품질 소프트웨어를 개발하기 위한 다양한 기술을 익히는 것을 목표로 한다. 특히 메트릭, 정적 분석, 동적 테스팅 등의 주제에 대해서는 오픈소스 도구를 소개하며 오픈소스 도구를 활동한 과제를 수행한다.",,,,
31370,2022,부산대학교,공과대학,정보컴퓨터공학부,컴퓨터구조,3,1학기,3,3,0,전공필수,"Study basic knowledge about computer systems in general including CPU, memory system, I/O device, and bus. Study cache, internal & external memory, interconnection mechanism, computer arithmetic and CPU structure. Also study RISC based CPU structure and control units of RISC and CISC systems.'","Computer Organization and Architecture, 10th Edition, W. Stallings, Prentice Hall, 2016",,"컴퓨터구조 관련 자료.  온라인 materials 활용 등  RISCV processor architecture, etc.",
31371,2022,부산대학교,공과대학,정보컴퓨터공학부,컴퓨터구조,3,1학기,3,3,0,전공필수,"컴퓨터 시스템의 구조 및 설계에 관한 기본적인 지식 습득 프로세서의 주요 구성요소와 동작 방식 학습 메모리 계층, 입출력장치, 시스템 버스와 관련된 지식 습득",Computer Organization and Architecture 10th Edition / W. Stallings / Prentice Hall / 2016,,매주 PLATO에 강의자료 업로드,C Programing language Data structure
31372,2022,부산대학교,공과대학,정보컴퓨터공학부,컴퓨터구조,3,1학기,3,3,0,전공필수,본 과목에서는 디지탈 컴퓨터 시스템의 구조 및 설계에 관한 기본적인 지식을 습득함을 목표로 한다.,"Computer Organization and Architecture,10thEdition,W.Stallings,Prentice Hall,2 016",,,
31373,2022,부산대학교,공과대학,정보컴퓨터공학부,컴퓨터네트워크,3,2학기,3,3,0,전공선택,,,,,
31374,2022,부산대학교,공과대학,정보컴퓨터공학부,컴퓨터네트워크,3,2학기,3,3,0,전공선택,컴퓨터 네트워크 기초 및 현대 컴퓨터 네트워킹에 대한 이해 증진,Computer Networking: A TopDown Approach 8th Edition / J.F. Kurose and K.W. Ross / Pearson / 2022 컴퓨터 네트워킹: 하향식 접근 (제8판) / J.F. Kurose and K.W. Ross / 퍼스트북 / 2022,,매주 PLATO에 강의자료 업로드,
31375,2022,부산대학교,공과대학,정보컴퓨터공학부,논리회로설계및실험,2,2학기,2,0,4,전공필수,1. Study on design and analysis of digital system 2. Study on design method of logic circuit using design tools 3. Study on verification method of logic circuit using simulation,"양세양외 3인 Flowrican을 이용한 논리회로도 설계 및 검증실험, 브레인코리아",,,논리설계
31376,2022,부산대학교,공과대학,정보컴퓨터공학부,논리회로설계및실험,2,2학기,2,0,4,전공필수,Study on design and analysis of digital system Study on design method of logic circuit using design tools Study on verification method of logic circuit using simulation,"양세양외 3인 Flowrian을 이용한 논리회로도 설계 및 검증실험, 브레인코리아",,"강병익, 양세양, 디지털 논리실험, 한성출판사, 2000",Nothing
31377,2022,부산대학교,공과대학,정보컴퓨터공학부,논리회로설계및실험,2,2학기,2,0,4,전공필수,Study on design and analysis of digital system Study on design method of logic circuit using design tools Study on verification method of logic circuit using simulation,"양세양외 3인 Flowrian을 이용한 논리회로도 설계 및 검증실험, 브레인코리아",,"강병익, 양세양, 디지털 논리실험, 한성출판사, 2000",Nothing
31378,2022,부산대학교,공과대학,정보컴퓨터공학부,논리회로설계및실험,2,2학기,2,0,4,전공필수,1. Study on design and analysis of digital system 2. Study on design method of logic circuit using design tools 3. Study on verification method of logic circuit using simulation,"양세양외 3인 Flowrican을 이용한 논리회로도 설계 및 검증실험, 브레인코리아",,,논리설계
31379,2022,부산대학교,공과대학,정보컴퓨터공학부,유닉스응용프로그래밍,3,1학기,3,3,0,전공선택,,,,,
31380,2022,부산대학교,공과대학,정보컴퓨터공학부,소프트웨어설계및실험,3,1학기,2,0,4,전공필수,"1. 모바일 프로그래밍을 통한 일상생활 속 문제 해결 능력 향상 2 .안드로이드 개발플랫폼을 활용한 다양한 모바일 응용프로그램 개발 기초 능력 향상 3. 기초, 응용, 심화 단계별 실습 프로그램을 통한 모바일 응용프로그래밍 개발 능력 향상 4. 모바일 프로그래밍을 통한 문제 해결 능력 향상","강성윤, ""Do it! 깡샘의 안드로이드 앱 프로그래밍 wit h코틀린"", 이지스퍼블리싱(주), 2021 우재남, 유혜림, ""코틀린을 활용한 안드로이드 프로그래밍"", 한빛아카데미, 2020 임태규, ""텐서플로 라이트를 활용한 안드로이드 딥러닝"", 한빛미디어, 2021",,https://developer.android.com/,객체지향프로그래밍 혹은 자바프로그래밍
31381,2022,부산대학교,공과대학,정보컴퓨터공학부,소프트웨어설계및실험,3,1학기,2,0,4,전공필수,"1. 모바일 프로그래밍을 통한 일상생활 속 문제 해결 능력 향상 2. 안드로이드 개발플랫폼을 활용한 다양한 모바일 응용프로그램 개발 기초 능력 향상 3. 기초, 응용, 심화 단계별 실습 프로그램을 통한 모바일 응용프로그래밍 개발 능력 향상 4. 모바일 프로그래밍을 통한 문제 해결 능력 향상","강성윤, ""Do it! 깡샘의 안드로이드 앱 프로그래밍 with 코틀린"", 이지스퍼블리싱(주), 2021 우재남 유혜림, ""코틀린을 활용한 안드로이드 프로그래밍"", 한빛아카데미, 2020 임태규, ""텐서플로 라이트를 활용한 안드로이드 딥러닝"", 한빛미디어, 2021",,https://developer.android.com/,객체지향프로그래밍 혹은 자바프로그래밍
31382,2022,부산대학교,공과대학,정보컴퓨터공학부,소프트웨어설계및실험,3,1학기,2,0,4,전공필수,"1. 모바일 프로그래밍을 통한 일상생활 속 문제 해결 능력 향상 2. 안드로이드 개발플랫폼을 활용한 다양한 모바일 응용프로그램 개발 기초 능력 향상 3. 기초, 응용, 심화 단계별 실습 프로그램을 통한 모바일 응용프로그래밍 개발 능력 향상 4. 모바일 프로그래밍을 통한 문제 해결 능력 향상","강성윤, ""Do it! 깡샘의 안드로이드 앱 프로그래밍 with 코틀린"", 이지스퍼블리싱(주), 2021 우재남 유혜림, ""코틀린을 활용한 안드로이드 프로그래밍"", 한빛아카데미, 2020 임태규, ""텐서플로 라이트를 활용한 안드로이드 딥러닝"", 한빛미디어, 2021",,https://developer.android.com/,객체지향프로그래밍 혹은 자바프로그래밍
31383,2022,부산대학교,공과대학,정보컴퓨터공학부,소프트웨어설계및실험,3,1학기,2,0,4,전공필수,"1. 모바일 프로그래밍을 통한 일상생활 속 문제 해결 능력 향상 2. 안드로이드 개발플랫폼을 활용한 다양한 모바일 응용프로그램 개발 기초 능력 향상 3. 기초, 응용, 심화 단계별 실습 프로그램을 통한 모바일 응용프로그래밍 개발 능력 향상 4. 모바일 프로그래밍을 통한 문제 해결 능력 향상","강성윤, ""Do it! 깡샘의 안드로이드 앱 프로그래밍 with 코틀린"", 이지스퍼블리싱(주), 2021 우재남 유혜림, ""코틀린을 활용한 안드로이드 프로그래밍"", 한빛아카데미, 2020 임태규, ""텐서플로 라이트를 활용한 안드로이드 딥러닝"", 한빛미디어, 2021",,https://developer.android.com/,객체지향프로그래밍 혹은 자바프로그래밍
31384,2022,부산대학교,공과대학,정보컴퓨터공학부,웹응용프로그래밍,2,2학기,3,3,0,전공선택,"1. Teaching about ability to develop Internet application programs 2. The course covers programming languages like HTML5.0, XML, CSS, JavaScript, PHP, JSON 3. Learn to analyze the requirement of real problems related to Internet applications and to implement ideas by clientserver model 4. Understanding platforms to develop internet applications 5. Improvement of communication and cowork skill within a team","Internet & World Wide Web how to program(5th), Deitel et al. Pearson Education Inc",,인터넷에서 접근 가능한 이 강의에서 소개하는 프로그래밍 언어 메뉴얼,인터넷과 웹기초(11) 과목 이수 프로그램에 대한 기본 지식(최소한 한 개 프로그래밍 언어에 대해 익숙할 것) 인터넷 응용 프로그램을 활용해본 경험
31385,2022,부산대학교,공과대학,정보컴퓨터공학부,웹응용프로그래밍,2,2학기,3,3,0,전공선택,"1. Teaching about ability to develop Internet application programs 2. The course covers programming languages like HTML5.0, XML, CSS, JavaScript, PHP, JSON 3. Learn to analyze the requirement of real problems related to Internet applications and to implement ideas by clientserver model 4. Understanding platforms to develop internet applications 5. Improvement of communication and cowork skill within a team","Internet & World Wide Web how to program(5th), Deitel et al. Pearson Education Inc",,인터넷에서 접근 가능한 이 강의에서 소개하는 프로그래밍 언어 메뉴얼,인터넷과 웹기초(11) 과목 이수 프로그램에 대한 기본 지식(최소한 한 개 프로그래밍 언어에 대해 익숙할 것) 인터넷 응용 프로그램을 활용해본 경험
31386,2022,부산대학교,공과대학,정보컴퓨터공학부,웹응용프로그래밍,2,2학기,3,3,0,전공선택,"1. Understanding frontend web development techniques. (HTML, CSS, JavaScript, etc.) 2. Understanding backend web development techniques (Webserver, DabaBase, PHP, XML/JSON, etc.)","Fundamentals of web development (1st/global edition), Randy Connolly and Ricardo Hoar, Pearson",,"Internet & World Wide Web how to program(5th), Deitel et al. Pearson Education Inc.  W3schools.com",인터넷과 웹기초 과목 이수 혹은 HTML/CSS/JAVASCRIPT와 관련된 기본적인 지식
31387,2022,부산대학교,공과대학,정보컴퓨터공학부,플랫폼기반프로그래밍,2,2학기,3,3,0,전공선택,,,,,
31388,2022,부산대학교,공과대학,정보컴퓨터공학부,플랫폼기반프로그래밍,2,2학기,3,3,0,전공선택,"본 과목은 Java 언어를 이용한 기본적인 객체지향 프로그래밍을 학습하고 이를 활용하여 GUI, Database, Network 등 응용 프로그래밍 기술을 익히는 것을 목표로 한다.",,,,C++ Programming
31389,2022,부산대학교,공과대학,정보컴퓨터공학부,플랫폼기반프로그래밍,2,2학기,3,3,0,전공선택,"본 과목은 Java 언어를 이용한 기본적인 객체지향 프로그래밍을 학습하고 이를 활용하여 GUI, Database, Network 등 응용 프로그래밍 기술을 익히는 것을 목표로 한다.",,,,C++ Programming
31390,2022,부산대학교,공과대학,정보컴퓨터공학부,플랫폼기반프로그래밍,2,2학기,3,3,0,전공선택,"본 과목은 Java 언어를 이용한 기본적인 객체지향 프로그래밍을 학습하고 이를 활용하여 GUI, Database, Network 등 응용 프로그래밍 기술을 익히는 것을 목표로 한다.",,,,C++ Programming
31391,2022,부산대학교,공과대학,정보컴퓨터공학부,임베디드시스템설계및실험,3,2학기,2,0,4,전공필수,Study ARM based embedded system and learn about HW & SW implementation technology,Weekly experimentation manual & design project guide,,,
31392,2022,부산대학교,공과대학,정보컴퓨터공학부,임베디드시스템설계및실험,3,2학기,2,0,4,전공필수,Study ARM based embedded system and learn about HW & SW implementation technology,Weekly experimentation manual & design project guide,,,
31393,2022,부산대학교,공과대학,정보컴퓨터공학부,임베디드시스템설계및실험,3,2학기,2,0,4,전공필수,Study ARM based embedded system and learn about HW & SW implementation technology,Weekly experimentation manual & design project guide,,,
31394,2022,부산대학교,공과대학,정보컴퓨터공학부,임베디드시스템설계및실험,3,2학기,2,0,4,전공필수,Study ARM based embedded system and learn about HW & SW implementation technology,Weekly experimentation manual & design project guide,,,
31395,2022,부산대학교,공과대학,정보컴퓨터공학부,데이터과학입문,2,1학기,3,3,0,전공필수,1. 데이터 과학의 기초와 그 응용에 대한 이해 2. 데이터 기반 의사 결정을 지원하기 위해 문제를 구성하고 데이터를 수집/처리/분석하는 방법 학습,"Doing Data Science / 데이터 과학 입문, Rachel Schutt & Cathy O’Neil, O’Reilly, ISBN 9781449358655 Data Science from Scratch 2nd Edition / 밑바닥부터 시작하는 데이터과학 2판, Joel Grus, O’Reilly, ISBN 9781492041139 Data Mining The Text Book, Charu C. Aggrawal, Springer, ISBN 9783319141411",,,1) 컴퓨터및프로그래밍입문 2) 확률통계
31396,2022,부산대학교,공과대학,정보컴퓨터공학부,데이터과학입문,2,1학기,3,3,0,전공필수,1. 데이터 과학의 기초와 그 응용에 대한 이해 2. 데이터 기반 의사 결정을 지원하기 위해 문제를 구성하고 데이터를 수집/처리/분석하는 방법 학습,"Doing Data Science / 데이터 과학 입문, Rachel Schutt & Cathy O’Neil, O’Reilly, ISBN 9781449358655 Data Science from Scratch 2nd Edition / 밑바닥부터 시작하는 데이터과학 2판, Joel Grus, O’Reilly, ISBN 9781492041139 Data Mining The Text Book, Charu C. Aggrawal, Springer, ISBN 9783319141411",,,1) 컴퓨터및프로그래밍입문 2) 확률통계
31397,2022,부산대학교,공과대학,정보컴퓨터공학부,데이터과학입문,2,1학기,3,3,0,전공필수,1. 데이터 과학의 기초와 그 응용에 대한 이해 2. 데이터 기반 의사 결정을 지원하기 위해 문제를 구성하고 데이터를 수집/처리/분석하는 방법 학습,"Doing Data Science / 데이터 과학 입문, Rachel Schutt & Cathy O’Neil, O’Reilly, ISBN 9781449358655 Data Science from Scratch 2nd Edition / 밑바닥부터 시작하는 데이터과학 2판, Joel Grus, O’Reilly, ISBN 9781492041139 Data Mining The Text Book, Charu C. Aggrawal, Springer, ISBN 9783319141411",,,1) 컴퓨터및프로그래밍입문 2) 확률통계
31398,2022,부산대학교,공과대학,정보컴퓨터공학부,인터넷과웹기초,1,1학기,3,3,0,전공필수,Understanding the history and basic structure of the Internet and the web Understanding clientside programming through learning HTML/CSS/JavaScript Increase problem solving ability using Open API utilization,"김경민, 문제해결을 통한 웹 프로그래밍 입문 , 이한미디어, 2019.10 고경희 저, Do it! HTML5+CSS3 웹 표준의 정석 2판, 이지스퍼블리싱, 2019.12",,W3Schools Online Web Tutorials https://www.w3schools.com,
31399,2022,부산대학교,공과대학,정보컴퓨터공학부,인터넷과웹기초,1,1학기,3,3,0,전공필수,Understanding the history and basic structure of the Internet and the web Understanding clientside programming through learning HTML/CSS/JavaScript Increase problem solving ability using Open API utilization,"김경민, 문제해결을 통한 웹 프로그래밍 입문 , 이한미디어, 2019.10 고경희 저, Do it! HTML5+CSS3 웹 표준의 정석 2판, 이지스퍼블리싱, 2019.12",,W3Schools Online Web Tutorials https://www.w3schools.com,
31400,2022,부산대학교,공과대학,정보컴퓨터공학부,인터넷과웹기초,1,1학기,3,3,0,전공필수,Understanding the history and basic structure of the Internet and the web Understanding clientside programming through learning HTML/CSS/JavaScript Increase problem solving ability using Open API utilization,"고경희 저, Do it! HTML5+CSS3 웹 표준의 정석 2판, 이지스퍼블리싱, 2019.12  김경민, 문제해결을 통한 웹 프로그래밍 입문 , 이한미디어, 2019.10",,W3Schools Online Web Tutorials https://www.w3schools.com,
31401,2022,부산대학교,공과대학,정보컴퓨터공학부,C++프로그래밍과실습,2,1학기,4,4,0,전공필수,"1. C++ 프로그래밍언어의 Syntax, Semantics, 그리고 Programming Style 및 Design Pattern을 학습하고 2. 주어진 문제를 C++ 프로그래밍 언어로 해결할 수 있는 능력을 양성한다.",(선정 중선정후 공지),,,C프로그래밍 언어
31402,2022,부산대학교,공과대학,정보컴퓨터공학부,C++프로그래밍과실습,2,1학기,4,4,0,전공필수,교수목표: 객체지향 개념에 바탕을 둔 C++ 프로그래밍 C++ 언어를 통해 객체지향 개념을 학습한다 C++ 프로그래밍의 기본 개념을 학습한다. C++ 프로그램의 설계 능력과 구현 능력을 기른다. C++ 도구를 사용한 디버깅 및 개발 능력을 체득한다.,,,"프로그래밍센스를 살리는 비타민 C++, 교보출판사",C 프로그래밍
31403,2022,부산대학교,공과대학,정보컴퓨터공학부,C++프로그래밍과실습,2,1학기,4,4,0,전공필수,,,,,
31404,2022,부산대학교,공과대학,정보컴퓨터공학부,C++프로그래밍과실습,2,1학기,4,4,0,전공필수,교수목표: 객체지향 개념에 바탕을 둔 Modern C++ 프로그래밍  C++ 프로그래밍의 기본 개념을 학습한다. C++ 언어를 통해 객체지향 개념을 학습한다. C++ 프로그램의 설계 능력과 구현 능력을 기른다. C++ 도구를 사용한 디버깅 및 개발 능력을 체득한다. C++11 에서  C++17 표준 까지의 특징들 및 STL 사용을 익힌다.,,,"프로그래밍센스를 살리는 비타민 C++, 교보출판사",C 프로그래밍
31405,2022,부산대학교,공과대학,정보컴퓨터공학부,C++프로그래밍과실습,2,1학기,4,4,0,전공필수,객체 지향 프로그래밍 능력으로 C++ 구사 능력,SW 코딩 역량을 위한 C++ 프로그래밍,,,C
31406,2022,부산대학교,공과대학,정보컴퓨터공학부,C++프로그래밍과실습,2,1학기,4,4,0,전공필수,객체지향언어(OOP)의 특징을 이해한다. 주어진 문제를 C++ 언어를 이용하여 알고리즘을 구현한다. 주제별 과제를 부여항 과제 수행 능력을 배양한다.,수업 중 공지,,,C 프로그래밍
31407,2022,부산대학교,공과대학,정보컴퓨터공학부,공학선형대수학,2,1학기,3,3,0,전공필수,"선형대수학에 대한 기본 개념, 속성, 기법 등을 소개한다. 실제 발생하는 여러가지 공학적인 문제에 대한 선형대수적 해결 예제를 통해, 학생들이 자신의 전공분야에서 발생할 수 있는 여러가지 선형대수적 문제를 직접 모델링 하여 해결할 수 있는 능력을 배양하도록 한다.","Linear Algebra with Applications (10th Ed.), S.J. Leon, PEARSON, 2020",,"선형대수학과 응용, 이재진 외 4인 옮김, PEARSON, 제8판, 2012 Linear Algebra with Applications, written by George nakos and David Joyner",없음
31408,2022,부산대학교,공과대학,정보컴퓨터공학부,공학선형대수학,2,1학기,3,3,0,전공필수,"선형대수학에 대한 기본 개념, 속성, 기법 등을 소개한다. 실제 발생하는 여러가지 공학적인 문제에 대한 선형대수적 해결 예제를 통해, 학생들이 자신의 전공분야에서 발생할 수 있는 여러가지 선형대수적 문제를 직접 모델링 하여 해결할 수 있는 능력을 배양하도록 한다.","Linear Algebra with Applications (10th Ed.), S.J. Leon, PEARSON, 2020",,"선형대수학과 응용, 이재진 외 4인 옮김, PEARSON, 제8판, 2012 Linear Algebra with Applications, written by George nakos and David Joyner",없음
31409,2022,부산대학교,공과대학,정보컴퓨터공학부,공학선형대수학,2,1학기,3,3,0,전공필수,"Linear Algebra is an important subject to the students who are going to study mathematics, science and engineering.  In this course, we study linear systems, vector, matrices, vector spaces, linear transformation, dterminants, eignvalues and eignvectors, dot and inner product. We examinate those definition, concepts and its applications. Also we enlarge the capacity of its application using program or tools.","Steven J. Leon, Linear Algebra with Application, 9th Ed., Pearson",,,
31410,2022,부산대학교,공과대학,정보컴퓨터공학부,유닉스기초,2,1학기,3,3,0,전공선택,C 프로그래밍,PLATO 강의 홈페이지에 올려둔 발표 자료,,"유닉스 시스템의 기초 (안광수 지음, 정익사, 2012) Playing with C(처음 만나는 C프로그래밍)(개정판), 우균, 교보문고, 2013 C 프로그래밍: 새내기를 위한 첫 C언어 책,  강동진, 하숙정, 임수연, 송무희, 박보석,  한빛미디어(주),  2012",출석 10% 숙제 20% 중간고사 35% 기말고사 35%
31411,2022,부산대학교,공과대학,정보컴퓨터공학부,유닉스기초,2,1학기,3,3,0,전공선택,유닉스 시스템의 기본 구조 이해 유닉스 쉘 환경과 오픈소스 소프트웨어 개발 환경에서 프로그램 개발 경험 유용한 응용 프로그램을 개발하면서 문제 해결을 위한 프로그램 개발 능력 배양,강의 노트,,"유닉스 시스템의 기초 (안광수 지음, 정익사, 2012) The C Programming Language, Second Edition",C Programming
31412,2022,부산대학교,공과대학,정보컴퓨터공학부,유닉스기초,2,1학기,3,3,0,전공선택,"리눅스 시스템의 기본 구조를 이해하고 리눅스 쉘 환경과 오픈소스 소프트웨어 개발 환경에서 프로그램을 개발하기 위한 다양한 방법을 학습한다. 또한 학습한 내용을 바탕으로 일상생활 속에서 쉽게 접할 수 있는 유용한 응용 프로그램을 개발 함으로써, 문제 해결을 위한 프로그래밍 개발 능력을 배양하는 것을 목표로 한다.",강의노트,,"유닉스 시스템의 기초 (안광수 지음, 정익사, 2012) Playing with C(처음 만나는 C프로그래밍)(개정판), 우균, 교보문고, 2013 C 프로그래밍: 새내기를 위한 첫 C언어 책, 강동진, 하숙정, 임수연, 송무희, 박보석, 한빛미디어(주), 2012",C 프로그래밍
31413,2022,부산대학교,공과대학,정보컴퓨터공학부,유닉스기초,2,1학기,3,3,0,전공선택,"리눅스 시스템의 기본 구조를 이해하고 리눅스 쉘 환경과 오픈소스 소프트웨어 개발 환경에서 프로그램을 개발하기 위한 다양한 방법을 학습한다. 또한 학습한 내용을 바탕으로 일상생활 속에서 쉽게 접할 수 있는 유용한 응용 프로그램을 개발함으로써, 문제 해결을 위한 프로그래밍 개발 능력을 배양하는 것을 목표로 한다.",강의노트,,"유닉스 시스템의 기초 (안광수 지음, 정익사, 2012) Playing with C(처음 만나는 C프로그래밍)(개정판), 우균, 교보문고, 2013 C 프로그래밍: 새내기를 위한 첫 C언어 책, 강동진, 하숙정, 임수연, 송무희, 박보석, 한빛미디어(주), 2012",C 프로그래밍
31414,2022,부산대학교,공과대학,정보컴퓨터공학부,AI프로그래밍,2,2학기,3,3,0,전공선택,"AI 기반의 최적화, 추론, 학습 등에 사용되는 알고리즘의 이론을 공부하고, 이를 설계 및 구현할 수 있는 프로그래밍 능력 개발","David I. Schneider, An Introduction to Programming Using Python, Pearson, 2016",,,없음
31415,2022,부산대학교,공과대학,정보컴퓨터공학부,AI프로그래밍,2,2학기,3,3,0,전공선택,"AI 기반의 최적화, 추론, 학습 등에 사용되는 알고리즘들을 공부하고, 그를 바탕으로 이들을 설계, 구현할 수 있는 프로그래밍 능력 개발","David I. Schneider An Introduction to Programming Using Python, Pearson, 2016",,,컴퓨터및프로그래밍입문
31416,2022,부산대학교,공과대학,정보컴퓨터공학부,AI프로그래밍,2,2학기,3,3,0,전공선택,"AI 기반의 최적화, 추론, 학습 등에 사용되는 알고리즘들을 공부하고, 그를 바탕으로 이들을 설계, 구현할 수 있는 프로그래밍 능력 개발","David I. Schneider An Introduction to Programming Using Python, Pearson, 2016",,,
31417,2022,부산대학교,공과대학,정보컴퓨터공학부,공학연구실습(I),3,1학기,3,0,6,전공선택,이 강좌는 학부생들에게 하나 이상의 대학원 연구실 연구 인턴 프로그램을 이수하는 기회를 제공하여 공학연구와 대학원 에 대한 학부생의 이해를 증진시키는 것을 목적으로 한다.,,,,"수강 신청 요건 1. 5학기 이후 학생만 신청가능 2. 참여 희망 연구인턴 프로그램을 지정한 연구인턴 참여원서를 제출하여야 함. 참여원서는 정보컴퓨터공학부 홈페이지 ""규정및양식"" 게시판에서 구할 수 있음 3. 같은 학기에 ""공학연구실습(I)""과 ""공학연구실습(II)""를 동시에 수강하는 것은 허용하지 않음"
31418,2022,부산대학교,공과대학,정보컴퓨터공학부,공학연구실습(I),3,2학기,3,0,6,전공선택,이 강좌는 학부생들에게 하나 이상의 대학원 연구실 연구 인턴 프로그램을 이수하는 기회를 제공하여 공학연구와 대학원 에 대한 학부생의 이해를 증진시키는 것을 목적으로 한다.,,,,"수강 신청 요건 1. 5학기 이후 학생만 신청가능 2. 참여 희망 연구인턴 프로그램을 지정한 연구인턴 참여원서를 제출하여야 함. 참여원서는 정보컴퓨터공학부 홈페이지 ""규정및양식"" 게시판에서 구할 수 있음 3. 같은 학기에 ""공학연구실습(I)""과 ""공학연구실습(II)""를 동시에 수강하는 것은 허용하지 않음"
31419,2022,부산대학교,공과대학,정보컴퓨터공학부,멀티미디어처리,4,2학기,3,3,0,전공선택,멀티미디어 처리에 대한 기본 지식을 제공한다. 데이터의 압축과 저장 시스템을 다루고 멀티미디어 시스템의 설계와 구현 방법을 조사한다.,"Parag Havaldar and Gerard Medioni, Modern Multimedia Systems, Cengage Learning, 2010",,"최윤철, 임순범, IT융합 시대의 멀티미디어 배움터 2.0, 생능출판사, 2014",해당없음
31420,2022,부산대학교,공과대학,정보컴퓨터공학부,소프트웨어시스템설계,4,1학기,3,3,0,전공선택,"대규모 소프트웨어를 설계/구현하기 위하여 필요한 기본 개념과 이를 활용하는 기술을 습득한다. 특히 블랙박스/화이트박스 테스트, 설계 패턴, 리팩토링에 대해서 학습한다. 또한 오픈소스 프로젝트를 대상으로 교과에서 습득한 테스팅, 리팩토링 및 디자인패턴 기술을 적용한다.",,,,
31421,2022,부산대학교,공과대학,정보컴퓨터공학부,프로그래밍언어론,4,1학기,3,3,0,전공필수,"이 과정의 목표는 1) 프로그래밍 언어 패러다임의 비교: 명령형, 기능적, 논리 및 객체 지향, 2) 개념 기반, 구문, 의미론(예: 표시, 공리 및 연산) 및 구현, 3)다양한 언어 기능을 지원하는 데 필요한 구조에 대한 이해 및 구현 입니다","프로그래밍 언어론 제10판 Robert W. Sebesta (지은이),하상호,유원희 (옮긴이), 피어슨에듀케이션코리아",,,
31422,2022,부산대학교,공과대학,정보컴퓨터공학부,프로그래밍언어론,4,1학기,3,3,0,전공필수,"이 과정의 목표는 1) 프로그래밍 언어 패러다임의 비교: 명령형, 기능적, 논리 및 객체 지향, 2) 개념 기반, 구문, 의미론(예: 표시, 공리 및 연산) 및 구현, 3)다양한 언어 기능을 지원하는 데 필요한 구조에 대한 이해 및 구현 입니다","프로그래밍 언어론 제10판 Robert W. Sebesta (지은이),하상호,유원희 (옮긴이), 피어슨에듀케이션코리아",,,
31423,2022,부산대학교,공과대학,정보컴퓨터공학부,프로그래밍언어론,4,1학기,3,3,0,전공필수,"이 과정의 목표는 1) 프로그래밍 언어 패러다임의 비교: 명령형, 기능적, 논리 및 객체 지향, 2) 개념 기반, 구문, 의미론(예: 표시, 공리 및 연산) 및 구현, 3)다양한 언어 기능을 지원하는 데 필요한 구조에 대한 이해 및 구현 입니다","프로그래밍 언어론 제10판 Robert W. Sebesta (지은이),하상호,유원희 (옮긴이), 피어슨에듀케이션코리아",,,
31424,2022,부산대학교,공과대학,정보컴퓨터공학부,지능형시스템,4,2학기,3,3,0,전공선택,"수강자 여러분에게 신경회로망의 기본 이론을 이해시키는 것이 첫번쨰 목표입니다. 그리고 이 이론들을 어떻게 실세계의 응용 분야와 연관시키고, 프로그램을 개발할 수 있는지 방법을 배움 AI 분야의 심도 있는 연구를 위해 반드시 알아야 하는 내용들 입니다.","Michael Chester, Neural Networks : A Tutorial",,다른 많은 교재들,"특별한 선수과목은 없지만, 기본적인 수학지식이 있으면 이 과목에서 설명하는 수식을 이해하기가 쉬움 과제물을 하기 위해서는 프로그래밍 언어를 한가지 알고 있거나, MATLAB 같은 도구를 사용할 줄 알면 좋음."
31425,2022,부산대학교,공과대학,정보컴퓨터공학부,데이터마이닝,4,2학기,3,3,0,전공선택,"본 과목에서는 데이터마이닝을 위한 기본 알고리즘에 대해 배우며 배운 내용을 Tensorflow를 사용하여 구현함으로서 그 특성 및 응용 방법을 익힌다. 데이터마이닝을 위해 Linear Regression, SVM, KMeans 등 기본 머신러닝 알고리즘과 Deep Neural Network, CNN(Convolutional Neural Network), RNN(Recurrent Neural Network) 등, 딥 러닝 기법에 대해 배우며, 이를 Tensorflow를 활용하여 프로그래밍 및 실습을 수행한다.","Data Mining  Practical Machine Learning Tools and Techniques by Ian H. Witten, 3rd Edition  Machine Learning with Tensorflow by Nishant Shukla",,,
31426,2022,부산대학교,공과대학,정보컴퓨터공학부,정보보안,4,1학기,3,3,0,전공선택,To understand cryptographic primitives and their principles which are used in information technology,"Cryptography & Network Security, principles and practices (5th Ed), William Stallings, Pearson Education Inc. 2006",,"Handbook of Applied Cryptography, Alfred J. Menezes, et al. CRC Press",없음
31427,2022,부산대학교,공과대학,정보컴퓨터공학부,정보보안,4,1학기,3,3,0,전공선택,"정보보안에는 하드웨어에 대한 물리적 액세스 제어뿐 아니라 네트워크 액세스, 데이터, 코드 삽입 등을 통한 악성 활동으로부터의 보호가 포함됩니다. 이 수업에서 학생들은 컴퓨터 보안 기술과 관련한 이론을 학습하고 실습을 통해 동작 원리를 이해한다.","Principles and Practice (4/E), William Stallings, Pearson, 2018 (Global Edition)",,"Cryptography & Network Security: principles and practices (6th Ed), William Stallings, Pearson Education Inc. 2013.",o Programing language (C/C++) o Discrete mathematics o Data structure
31428,2022,부산대학교,공과대학,정보컴퓨터공학부,네트워크보안,4,2학기,3,3,0,전공선택,"유무선 컴퓨터 네트워킹 및 모바일 네트워킹을 바탕으로 한 네트워크 서비스의 진화 및 생활 패턴의 변화는 기존 고정된 형태로 물리적인 보호를 받으며 이용할 수 있었던 컴퓨터 사용 환경에서 나타나지 않던 새로운 보안 위협이 출현하고 있으며, 이에 따라 온라인의 보안 위협을 탐지하고 차단하기 위한 네트워크 보안의 중요성이 강조되고 있다. 이 과목을 통해 학생들은 컴퓨터 네트워크의 다양한 잠재적 보안 취약성과 이를 제거하고 안전한 네트워크를 구성하기 위한 보안 기술 및 그 설계 원리에 대하여 학습한다.","Network Security Essentials Applications and Standards (6th Edition), William Stallings, Pearson, 2017 혹은 Network Security Essentials Applications and Standards (5th Edition), William Stallings, Pearson, 2013 정보보안 개론과 실습 네트워크 해킹과 보안(개정판), 양대일, 한빛미디어",,"Cryptography and Network Security: Principles and Practice, (7th Edition), William Stallings, Pearson, 2016 Protocols for authentication and Key Establishment, Colin Boyd and Anish Mathuria, Springer, 2003",o 컴퓨터 네트워크
31429,2022,부산대학교,공과대학,정보컴퓨터공학부,사물인터넷,4,2학기,3,3,0,전공선택,"본 교과목은 사물인터넷 시스템 아키텍처를 이해하고 사물인터넷 시스템을 디자인할 수 있는 역량 배양을 목표로하며, 이를 위해 사물인터넷 시스템 아키텍처를 구성하는 각 계층별 요소기술 및 구현 기술을 학습한다.",없음 (PLATO를 통해 매주 강의자료를 배포함),,"참고자료가 있는 경우, 해당 강의 슬라이드(PPT) 하단에 별도 표기",파이썬 프로그래밍 (권장) 딥러닝/기계학습 기초
31430,2022,부산대학교,공과대학,정보컴퓨터공학부,머신러닝,4,1학기,3,3,0,전공선택,머신러닝에 사용되는 각종 기법의 원리를 이해하고 실제 문제에 이를 응용할 수 있는 능력을 배양한다.,"Data Mining: Practical Machine Learning Tools and Techniques, 4th Edition. Ian. H. Witten, Eibe Frank, Mark Hall, and Christopher Pal Morgan Kaufmann Publishers, Inc., 2016",,,
31431,2022,부산대학교,공과대학,정보컴퓨터공학부,머신러닝,4,1학기,3,3,0,전공선택,머신러닝에 사용되는 각종 기법의 원리를 이해하고 실제 문제에 이를 응용할 수 있는 능력을 배양한다.,"Data Mining: Practical Machine Learning Tools and Techniques, 4th Edition. Ian. H. Witten, Eibe Frank, Mark Hall, and Christopher Pal Morgan Kaufmann Publishers, Inc., 2016",,,
31432,2022,부산대학교,공과대학,정보컴퓨터공학부,컴퓨터비전개론,4,1학기,3,3,0,전공선택,"To learn basic concepts, theory of image processing To learn fundamental techniques for computer vision To learn applications of computer vision","Computer Vision: Algorithms and Applications (online), by Richard Szeliski.",,,프로그래밍 기본
31433,2022,부산대학교,공과대학,정보컴퓨터공학부,공학연구실습(II),4,2학기,3,0,6,전공선택,This course aims to learn skills and approaches for performing individual research projects independently,,,,
31434,2022,부산대학교,공과대학,정보컴퓨터공학부,공학연구실습(II),4,1학기,3,0,6,전공선택,이 강좌는 학부생이 하나의 대학원 연구실에 한 학기동한 연구인턴으로 참여하여 수준 높은 공학 연구를 수행하는 기회를 제공하는 것을 목표로 한다.,,,,"수강 신청 요건 o 졸업 학기에만 수강 가능  o 연구 인턴 활동을 지도할 지도 교수의 승인을 받은 연구계획서 제출. 연구계획서 양식은 정보컴퓨터공학부 홈페이지 ""규정및양식"" 게시판에서 구할 수 있음 o 같은 학기에 ""공학연구실습1""과 ""공학연구실습2""를 동시에 수강하는 것은 허용하지 않음"
31435,2022,부산대학교,공과대학,정보컴퓨터공학부,공학작문및발표,3,2학기,3,2,2,교양필수,Understanding the basic features in good writing in engineering work. How to use tools for good writing and drawings. How to give presentation in Computer Science : Concepts and practice,Lecture Notes will be distibuted in advance on PLATO.,,None See the attachted files for lecture notes.,"특별한 지식이 필요하지 않지만 hwp, pdf, excel을 자유롭게 사용할 수 있어야 합니다. 그리고 기초적인 Python을 활용할 수 있어야 합니다.  그리고 과제물의 수도 꽤 많고 요구하는 내용도 많습니다. 따라서 충분히 시간을 투자할 수 없는 학생에게는 이 분반의 강의를 권하지 않습니다.  만일 python에 대한 지식이 전혀 없을 경우에는 수업이 매우 힘들것입니다. 권장하지 않습니다. 만일 이런 학생인 경우에는 미리 방학 중에 Python 기초를 공부하시기 바랍니다."
31436,2022,부산대학교,공과대학,정보컴퓨터공학부,공학작문및발표,3,2학기,3,2,2,교양필수,컴퓨터공학 과학을 전공하는 학생을 위하여 특화된 소통방법론 다양한 공학 소통용 도구 사용법 학습 실 상황에서 발표를 통한 발표 연습,Writing for Computer Science / Springer Verlag / Justin Jobe,,"우리말 배움터: http://urimal.cs.pusan.ac.kr/ 이오덕, 이오덕의 글쓰기, 양철북, 2017 Technical Writing for Beginners: https://www.freecodecamp.org/news/technicalwritingforbeginners/, S. Kottwitz, LaTeX: Beginner's Guide, Packt Pub. Co., 2011",
31437,2022,부산대학교,공과대학,정보컴퓨터공학부,공학작문및발표,3,2학기,3,2,2,교양필수,컴퓨터공학 과학을 전공하는 학생을 위하여 특화된 소통방법론 다양한 공학 소통용 도구 사용법 학습 실 상황에서 발표를 통한 발표 연습,Writing for Computer Science / Springer Verlag / Justin Jobe,,"우리말 배움터: http://urimal.cs.pusan.ac.kr/ 이오덕, 이오덕의 글쓰기, 양철북, 2017 Technical Writing for Beginners: https://www.freecodecamp.org/news/technicalwritingforbeginners/, S. Kottwitz, LaTeX: Beginner's Guide, Packt Pub. Co., 2011",
37913,2022,서울대학교,공과대학,컴퓨터공학부,컴퓨터의 개념 및 실습,전학년,1학기,3,2,2,교양,"컴퓨터 프로그래밍을 처음 배우는 학생들을 대상으로 Python 프로그래밍 언어를 체계적으로 배울 수 있도록 하고,Python을 이용하여 다양한 전산학 개념에 접근하도록한다.",,,,
37914,2022,서울대학교,공과대학,컴퓨터공학부,공학지식의 실무응용,전학년,1학기,3,1,4,전선,,,,,
37915,2022,서울대학교,공과대학,컴퓨터공학부,공학지식의 실무응용,전학년,2학기,3,1,4,전선,학생들의 산업체 인턴결과를 리뷰하고 인턴프로젝트를 논문으로 발전시킬 방안을 지도함,,,,
37916,2022,서울대학교,공과대학,컴퓨터공학부,공학연구의 실습 1,전학년,1학기,1,0,2,전선,"학부 학생들이 대학원 연구실에서 한 학기 동안 인턴을 수행하면서 실제적인 공학 연구에 참여하는 기회를 갖도록 한다. 이 과목을 수강하는 학생은 일주일에 1회 이상 정기적으로 지도 교수와 연구 미팅을 갖고, 학기 중에 대학원 연구에 참여하며, 학기 말에 연구 보고서를 제출하여야 한다. 연구 태도와 연구 성과를 근거로 지도교수가 S/U 학점을 부여한다.",,,,
37917,2022,서울대학교,공과대학,컴퓨터공학부,공학연구의 실습 1,전학년,2학기,1,0,2,전선,"학부 학생들이 대학원 연구실에서 한 학기 동안 인턴을 수행하면서 실제적인 공학 연구에 참여하는 기회를 갖도록 한다. 이 과목을 수강하는 학생은 일주일에 1회 이상 정기적으로 지도 교수와 연구 미팅을 갖고, 학기 중에 대학원 연구에 참여하며, 학기 말에 연구 보고서를 제출하여야 한다. 연구 태도와 연구 성과를 근거로 지도교수가 S/U 학점을 부여한다.",,,,
37918,2022,서울대학교,공과대학,컴퓨터공학부,이산수학,전학년,1학기,3,3,0,전필,,,,,
37919,2022,서울대학교,공과대학,컴퓨터공학부,이산수학,전학년,2학기,3,3,0,전필,This course covers the mathematical topics closely related to computer science.,Discrete Mathematics and Its Applications,,,
37920,2022,서울대학교,공과대학,컴퓨터공학부,프로그래밍연습,전학년,1학기,3,2,2,전선,"컴퓨터공학전공 1학년 학생을 대상으로, C언어 문법, C 프로그램 작성법, 프로그래밍 방법론에 관하여 다양한 예와 프로그래밍 실습을 통하여 심도있게 배울 수 있는 기회를 제공함으로써, 컴퓨터공학부 전공과목 수강에 필요한 컴퓨터 프로그래밍 실력을 갖출 수 있게 한다.",A Book on C (4th Edition),,,컴퓨터 개념 및 실습
37921,2022,서울대학교,공과대학,컴퓨터공학부,프로그래밍연습,전학년,2학기,3,2,2,전선,"C언어 문법, C 프로그램 작성법, 프로그래밍 방법론에 관하여 다양한 예와 프로그래밍 실습을 통하여 심도있게 배울 수 있는 기회를 제공함으로써, 컴퓨터공학부 전공과목 수강에 필요한 컴퓨터 프로그래밍 실력을 갖출 수 있게 한다.",,,,
37922,2022,서울대학교,공과대학,컴퓨터공학부,전기전자회로,전학년,1학기,3,3,0,전필,"<p style=""color:red;"">* 중간고사와 기말고사 일정은 강의 계획서에 이미 고정되어 있으므로, 일정이 안되는 학생들은 다음 학기 과목을 수강하기 바랍니다.</p>본 강좌에서는 전기, 전자회로를 분석하거나 설계할 때 필요한 기본 지식을 학습한다. 전반부에는 친숙한 저항 회로를 중심으로 선형 회로를 분석하는 다양한 방법을 배우고, MOSFET소자를 기반으로 한 디지털 회로와 증폭기에 대해 배운다. 후반부에서는 capacitor와 inductor가 추가된 선형 회로를 시간 영역과 주파수 영역에서 분석하는 방법을 배우고 이를 통하여 디지털 하드웨어의 전기적인 특성, 속도와 에너지 소모에 대한 기초지식을 습득하고 아날로그 회로 설계의 핵심인 opamp기반의 증폭회로를 설계 및 분석하는 방법을 배운다. 컴퓨터공학부 주전공학생들은 아래와 같은 사유에 따라 1학기에 개설되는 전기전자회로 수업의 수강 신청이 금지되어 있고 2학기만 수강 신청이 가능하니 수강 신청시 착오없기 바랍니다. (대신 올해 8월 졸업예정인 컴퓨터공학부 주전공학생의 경우에 한하여 1학기 수강 신청이 안될시 졸업에 지장이 있을 경우에는 졸업예정확인서를 제출하면 수강이 허용될 예정입니다.)컴퓨터공학부 주전공이 아닌 학생들의 경우에는 1, 2학기 수강 선택에 특별한 제약이 없으므로 본인의 상황에 맞게 수강 학기를 선택하기를 바랍니다.전기전자회로 수업의 후반부를 제대로 이해하기 위해서는 1차 및 2차 상미분방정식의 해를 구하는 방법에 대한 이해가 필요함. 컴퓨터공학부 주전공학생들의 경우에는 공학수학 I 이 필수과목이므로 전기전자회로 수업 수강 이전에 미분방정식에 대해 학습하지만, 자유전공/복수전공/부전공 학생들의 경우에는 공학수학 I 이 필수가 아님에 따라 미분방정식을 따로 학습할 기회가 없이 전기전자회로 수업을 수강하는 문제가 발생하였음. 이를 해결하기 위해 매년 1학기에 개설되는 전기전자회로 강좌에서는 2학기에 개설되는 강좌에 비해 1차 및 2차 상미분방정식을  푸는 방법에 대한 강의가 추가될 예정이고, 이에 따라 2학기 강좌에 비해 기초 미적분학 및 상미분방정식 풀이 연습에 관련된 숙제 및 시험 문제들이 추가될 예정임. 컴퓨터공학부 주전공학생들 중 아직 미적분학(수학 1 & 2)이나 공학수학 I을 수강하지 않아서 위의 경우에 해당하더라도 봄학기에 등록할 수 있는 사유는 될 수 없다는 점을 다시 한번 강조합니다. 컴퓨터공학부 주전공 학생들은 미적분학과 공학수학 I이 졸업을 위한 교양 필수이므로, 이들 과목들을 최대한 빨리 먼저 수강하여 졸업에 지장을 받지 않기 바랍니다.",,,,
37923,2022,서울대학교,공과대학,컴퓨터공학부,전기전자회로,전학년,2학기,3,3,0,전필,"본 과목에서는 기본적인 전기, 전자회로의 지식을 학습한다. 학기의 초반에는 저항 회로를 중심으로 회로를 분석하는 방법을 배운다. 그리고 디지털 전자회로의 기초 소자인 MOS 트랜지스터와 스위치 회로, 그리고 증폭회로의 원리를 학습한다. 학기의 후반에는 캐패시터와 인덕터가 포함된 선형 1,2차 회로와 주파수 영역에서 회로를 분석하는 방법을 배운다. 이 과목을 통하여 디지털 시스템 하드웨어에 대한 기초 지식을 습득할 수 있을 것이다.",Foundations of Analog and Digital Electronic Circuits,,,Engineering Math 1 (공학수학 1)
37924,2022,서울대학교,공과대학,컴퓨터공학부,컴퓨터공학세미나,전학년,2학기,1,1,0,전선,"IT 분야에서 연구, 개발, 사업을 하는 리더에게 다양한 영감을 받을 수 있는 세미나를 수강한다.",,,,
37925,2022,서울대학교,공과대학,컴퓨터공학부,프로그래밍의 원리,전학년,2학기,3,3,0,전선,"Scala 언어를 이용하여 프로그래밍 언어의 기본 개념을 배운다. 크게 함수형 프로그래밍, 객체지향 프로그래밍, 타입 클라스 프로그래밍의 원리를 배우고 이를 실습한다. 이러한 원리를 이용해 프로그램 작성 시 코드를 추상화하고 재사용하는 방법에 대해 제대로 배운다.",,,,
37926,2022,서울대학교,공과대학,컴퓨터공학부,임베디드시스템과 응용,전학년,2학기,3,3,0,전선,AR/VR 디바이스를 위한 딥러닝 응용 설계 방법 학습을 통해 내장형/모바일 시스템 및 응용 설계에 대해 심화 학습함,,,,
37927,2022,서울대학교,공과대학,컴퓨터공학부,오토마타이론,전학년,2학기,3,3,0,전선,,,,,
37928,2022,서울대학교,공과대학,컴퓨터공학부,운영체제,전학년,1학기,3,3,0,전선,,,,,
37929,2022,서울대학교,공과대학,컴퓨터공학부,운영체제,전학년,2학기,3,3,0,전선,"컴퓨터구조, 시스템프로그래밍 에서 배운 기초를 바탕으로 컴퓨터 프로그램들이 돌아가기위해서 운영체제에서 어떤일들을 해야하는지를 한단계 높은 수준에서 배운다. 특히  운영체제가 하는일들을 커다랗게 가상화제공, 동시성제공, 지속성제공 이렇게 세가지로 나누어서 각각의 기능들이 어떻게 구현되는지 알아본다. 실습을 통해서 이런 구현이 실제로 만들어질 수 있는지를 체득한다.",,,,"컴퓨터구조, 시스템프로그래밍"
37930,2022,서울대학교,공과대학,컴퓨터공학부,컴퓨터구조,전학년,1학기,3,3,0,전필,"컴퓨터를 구성하는 주요 구성 요소들의 기능과 그들 상호간의 작용을 이해하고 이를 바탕으로 컴퓨터 시스템을 구현하는데 사용되는 여러 설계 기법들을 학습한다. 명령어집합, 중앙처리장치, 파이프라이닝, 메모리 계층구조, 입출력장치 등을 다루며 컴퓨터 발전의 역사적 고찰 및 컴퓨터 시스템의 성능 분석에 필요한 지식을 배운다.",Computer Organization and Design (RISCV Edition),,,논리설계
37931,2022,서울대학교,공과대학,컴퓨터공학부,컴퓨터구조,전학년,2학기,3,3,0,전필,"이 과목에서는 컴퓨터를 구성하는 주요 구성 요소들의 기능과 그들 상호간의 작용을 이해하고 이를 바탕으로 컴퓨터 시스템을 구현하는데 사용되는 여러 설계 기법들을 학습한다. 명령어집합, 중앙처리장치, 파이프라이닝, 메모리 계층구조, 입출력장치 등을 다루며 컴퓨터 발전의 역사적 고찰 및 컴퓨터 시스템의 성능 분석에 필요한 지식을 배운다.",Computer Organization and Design: RISCV Edition (2nd Ed.),,,"4190.103A Programming Practice, M1522.000700 Logic Design"
37932,2022,서울대학교,공과대학,컴퓨터공학부,하드웨어시스템설계,전학년,1학기,3,2,2,전선,,,,,
37933,2022,서울대학교,공과대학,컴퓨터공학부,프로그래밍언어,전학년,1학기,3,3,0,전선,첨부한 화일(snu4190310syllabus.pdf)를 참고하세요,,,,
37934,2022,서울대학교,공과대학,컴퓨터공학부,선형 및 비선형계산모델,전학년,1학기,3,3,0,전선,선형대수학의 컴퓨터응용에 관하여 공부한다.,,,,
37935,2022,서울대학교,공과대학,컴퓨터공학부,알고리즘,전학년,1학기,3,3,0,전필,,,,,
37936,2022,서울대학교,공과대학,컴퓨터공학부,알고리즘,전학년,2학기,3,3,0,전필,"문제해결을 위해 생각하는 방법을 배운다. 다양한 주제들을 통하여 귀납적, 재귀적 사고방식을 배우고 이들을 통하여 복잡한 문제를 간명하게 볼 수 있음을 느끼도록 한다. 이 강좌에 포함되는 내용은 다음과 같다. 알고리즘의 효율성 분석 도구 (점근적 복잡도, 점화식), 정렬 및 선택 알고리즘, 자료의 저장과 검색(검색 트리, 해시 테이블), 집합의 처리, 동적 프로그래밍, 그리디 알고리즘, 그래프 알고리즘,  문자열 매칭, 계산의 한계(NPCompleteness), 상태공간 트리의 탐색 등.",쉽게 배우는 알고리즘,,,"자료구조(Data Structures), C 또는 Java Programming"
37937,2022,서울대학교,공과대학,컴퓨터공학부,알고리즘,전학년,2학기,3,3,0,전필,"문제해결을 위해 생각하는 방법을 배운다. 다양한 주제들을 통하여 귀납적, 재귀적 사고방식을 배우고 이들을 통하여 복잡한 문제를 간명하게 볼 수 있음을 느끼도록 한다. 이 강좌에 포함되는 내용은 다음과 같다. 알고리즘의 효율성 분석 도구 (점근적 복잡도, 점화식), 정렬 및 선택 알고리즘, 자료의 저장과 검색(검색 트리, 해시 테이블), 집합의 처리, 동적 프로그래밍, 그래프 알고리즘,  문자열 매칭, 계산의 한계(NPCompleteness), 상태공간 트리의 탐색 등.",Introduction to Algorithms,,,
37938,2022,서울대학교,공과대학,컴퓨터공학부,인공지능,전학년,1학기,3,3,0,전선,"To study a wide range of artificial intelligence theory, techniques and systems about machines that behave and think like people.To understand concepts, models, and algorithms to develop intelligent agents such as navigation, reasoning, planning, knowledge representation, decision making, learning, visual and language.To learn and practice key technologies of artificial intelligence such as empirical search, Bayesian network, Hidden Markov network, and reinforcement learning.",Artificial Intelligence: A Modern Approach,장교수의 딥러닝,,
37939,2022,서울대학교,공과대학,컴퓨터공학부,인공지능,전학년,2학기,3,3,0,전선,"다양한 인공지능 분야의 문제 정의, 기본 개념, 주요 방법론들을 이해하고 탐구한다.",,Artificial Intelligence: A Modern Approach,,
37940,2022,서울대학교,공과대학,컴퓨터공학부,컴파일러,전학년,1학기,3,3,0,전선,"[영어 강의] This course covers compiler construction, the theory and practice of programming language translation. Topics covered include lexical scanning, parsing, syntactic and semantic analysis, runtime environments, and code generation. Understanding how source code is translated into machine code is not only something every respectable computer scientist should know, but will also allow you to write better programs.During the semester, we build a simple, yet fully functional compiler from scratch. Implementing your compiler will require a significant effort, but is a lot of fun.",,,,"Data structures, Algorithms, Computer architecture, System programming"
37941,2022,서울대학교,공과대학,컴퓨터공학부,IT리더십세미나,전학년,1학기,1,1,0,전선,,,,,
37942,2022,서울대학교,공과대학,컴퓨터공학부,컴퓨터융합응용,전학년,1학기,3,3,0,전선,"This course reviews algorithms and machine learning techniques such string pattern matching algorithms, PCA, decision tree, artificial neural networks, support vector machines, and frequent pattern mining techniques. We will also review computational tools for algorithms and machine learning (mostly with Tensorflow, PyTorch). Then we all (including students) will survey how these techniques are used for practical applications as term projects.",,,,
37943,2022,서울대학교,공과대학,컴퓨터공학부,인공지능 입문,전학년,2학기,3,2,2,교양,"인공지능은 사람처럼 생각하고 사람처럼 행동하는 지능적인 기계를 말한다. 인공지능 기술은 인간의 뇌와 마음의 구조와 작동 원리에 기반하며 인문학, 자연과학, 공학의 학제적인 연구를 필요로 한다. 고전적인 규칙 기반 프로그래밍 방식의 한계를 극복하고, 현대적인 데이터 기반의 딥러닝 방식으로의 전환을 통해서 인공지능은 크게 도약하였다. 앞으로 디지털 데이터 양이 더욱 늘어나고 컴퓨팅 속도가 더욱 빨라지는 4차 산업혁명의 시대에는 인공지능이 전 산업을 혁신하는 핵심 원동력 역할을 할 것으로 기대된다. 이 과목은 인공지능의 원리와 방법 및 활용 분야를 개괄적으로 살펴봄으로써 미래의 창의적 융합인재가 갖추어야 할 소양을 함양하는 것을 목적으로 한다. 인문학, 사회과학, 예술 분야 전공자 뿐만 아니라 자연과학, 의약학, 공학 전공자들에게 인간에 대한 정보과학적인 시각에 대한 이해와, 디지털 시대에 인공지능에 의한 문제해결 능력과 산업 및 사회 변화에 대한 통찰력을 제공하게 될 것이다. 강의 뿐만 아니라 실습을 통해서 학생들이 인공지능 도구를 활용하여 문제를 해결하는 방법을 직접 경험할 기회를 제공한다.",인공지능의 세계,장교수의 딥러닝,,
37944,2022,서울대학교,공과대학,컴퓨터공학부,인터넷 보안과 프라이버시,전학년,2학기,3,3,0,교양,수강생들이 인터넷 기술과 인터넷에서의 보안과 프라이버시 문제들을 파악하고 그에 대한 해결 방안들과 그 원리를 이해하도록 한다.,,알기쉬운정보보호개론,,
37945,2022,서울대학교,공과대학,컴퓨터공학부,창의적통합설계1,전학년,2학기,3,0,6,전선,이 수업에서는 학생들이 2~4명씩 조를 이뤄 기업 제안 과제를 수행하고 있다. 본 과목은  다음과 같이 진행된다.1. 각 회사는 한 학기 동안 약 3명의 그룹이 할 수 있는 프로젝트 목록을 제출한다. 2. 학생들은 그 회사들이 제안한 프로젝트를 수행하기 위해 그룹을 조직한다.3. 학기 중에는 학생과 회사 간의 협력으로 회사나 학교에서 개발이 이루어진다.4. 학기말에는 각 조의 과제 발표와 전반적인 평가가 진행된다.,,,,
37946,2022,서울대학교,공과대학,컴퓨터공학부,창의적통합설계2,전학년,1학기,3,0,6,전선,,,,,
37947,2022,서울대학교,공과대학,컴퓨터공학부,창의적통합설계2,전학년,1학기,3,0,6,전선,"본 강의는 소프트웨어/하드웨어 설계 실습을 위주로 하며 다음과 같이 진행된다. 학기 초에 참여 기업은 3명 내외의 그룹이 12 학기 동안에 할 수 있는 프로젝트를 제안하고, 학생들은 조를 짜서 해당 기업의 프로젝트를 맡아 수행하게 된다. 학기 중 회사와 담당교수의 지도로 학생들은 프로젝트를 진행하며, 학기말에 각 조가 수행한 프로젝트에 대한 발표와 평가로 강의가 마무리된다.",,,,
37948,2022,서울대학교,공과대학,컴퓨터공학부,컴퓨터프로그래밍,전학년,1학기,4,3,2,전필,"본 과목은 Java 와 C++ 기반의 객체지향 프로그래밍을 익히는 것을 목표로 한다. 학생들은 Java 와 C++ 의 기본 문법, API, 사용례를 익히고, 상속, 캡슐화, 다형성등 객체기반 프로그래밍의 핵심 개념을 배운다. 또한 실습을 통해 바르게 동작하고 높은 품질을 갖춘 객체지향 소프트웨어를 작성하는 능력을 키운다.* 하이브리드 포맷으로 진행함(대면+실시간 Zoom)을 원칙으로 하나 코로나19 사정에 따라 탄력적으로 포맷을 변경할 수 있음.",,,,
37949,2022,서울대학교,공과대학,컴퓨터공학부,컴퓨터프로그래밍,전학년,2학기,4,3,2,전필,"본 과목은 Java 와 C++ 기반의 객체지향 프로그래밍을 익히는 것을 목표로 한다. Java 와 C++ 의 기본 문법, API, 사용례를 익히고, 상속, 캡슐화, 다형성등 객체기반 프로그래밍의 핵심 개념을 배운다. 또한 실습을 통해 바르게 동작하고 높은 품질을 갖춘 객체지향 소프트웨어를 작성하는 능력을 키운다.* 강의 및 실습 모두 대면강의 진행 예정입니다.",,,,
37950,2022,서울대학교,공과대학,컴퓨터공학부,논리설계,전학년,1학기,4,3,2,전필,"디지털 논리 회로는 컴퓨터 뿐 아니라 각종 디지털 전자 기기의 하드웨어를 구성하는 기본 요소이며 이 강좌를 통해서 기본 지식을 학습한다. 학생들은 논리회로를 구성하는 기본 소자, 조합회로와 순차회로의 설계 이론을 배운다. 이와 병행하여 학습한 이론을 실험을 통해 확인하여 하드웨어 설계의 기초를 공고히 한다.",,,,
37951,2022,서울대학교,공과대학,컴퓨터공학부,논리설계,전학년,2학기,4,3,2,전필,"디지털 논리 회로는 컴퓨터 뿐 아니라 각종 디지털 전자 기기의 하드웨어를 구성하는 기본 요소이며 이 강좌를 통해서 기본 지식을 학습한다. 학생들은 논리회로를 구성하는 기본 소자, 조합회로와 순차회로의 설계 이론을 배운다. 이와 병행하여 학습한 이론을 실험을 통해 확인하여 하드웨어 설계의 기초를 공고히 한다.",Contemporary Logic Design,,,프로그래밍경험이 요구됨
37952,2022,서울대학교,공과대학,컴퓨터공학부,논리설계,전학년,1학기,4,3,2,전필,"디지털 논리 회로는 컴퓨터 뿐 아니라 각종 디지털 전자 기기의 하드웨어를 구성하는 기본 요소이며 이 강좌를 통해서 기본 지식을 학습한다. 학생들은 논리회로를 구성하는 기본 소자, 조합회로와 순차회로의 설계 이론을 배운다. 이와 병행하여 학습한 이론을 실험을 통해 확인하여 하드웨어 설계의 기초를 공고히 한다.",,,,
37953,2022,서울대학교,공과대학,컴퓨터공학부,논리설계,전학년,1학기,4,3,2,전필,"디지털 논리 회로는 컴퓨터 뿐 아니라 각종 디지털 전자 기기의 하드웨어를 구성하는 기본 요소이며 이 강좌를 통해서 기본 지식을 학습한다. 학생들은 논리회로를 구성하는 기본 소자, 조합회로와 순차회로의 설계 이론을 배운다. 이와 병행하여 학습한 이론을 실험을 통해 확인하여 하드웨어 설계의 기초를 공고히 한다.",,,,
37954,2022,서울대학교,공과대학,컴퓨터공학부,시스템프로그래밍,전학년,1학기,4,3,2,전필,"컴퓨터 시스템은 하드웨어, 시스템 소프트웨어, 응용(혹은 사용자) 소프트웨어로 구성된다. 시스템 소프트웨어는 프로그램을 기계가 이해할 수 있는 언어로 환원하고, 또 이것을 하드웨어상에서 다른 프로그램과 협조하여 효율적으로 실행될 수 있도록 함. 따라서 이 과목에서는 운영체제 등의 시스템 소프트웨어, 입출력 기법, 인터넷/웹 프로그래밍 등에 대하여 학습함. 프로그램 작성연습에 많은 시간이 요구됨.",,,,컴퓨터구조
37955,2022,서울대학교,공과대학,컴퓨터공학부,시스템프로그래밍,전학년,2학기,4,3,2,전필,"[영어강의] 이 과목에서는 운영 체제와 시스템 프로그래밍을 학습한다. 운영 체제의 중요 개념인 프로세스 관리, 메모리 관리, 파일 시스템과 입출력, 네트워크 프로그래밍, 병렬 프로그래밍 및 동기화 관련 내용들을 배운다. 수강생은 각각의 주제에 대해 이론적인 개념을 적용하는 프로젝트를 수행하여 시스템 프로그래밍을 실제적으로 수행할 수 있는 경험을 쌓는다.",,,,4190.308 Computer Architecture / 컴퓨터구조
37956,2022,서울대학교,공과대학,컴퓨터공학부,자료구조,전학년,1학기,3,3,0,전필,"컴퓨터로 문제해결을 하는 과정에서 필요하게 되는 개념이나 대상물의 표현을 위한 자료구조와 문제해결을 위한 체계적 사고 방법을 배운다. 큐, 스택, 검색 트리, 해시 테이블 등의 자료구조와 그래프를 이용한 문제 해결 방법 등이 중요한 주제들이다.",쉽게 배우는 자료구조 with 자바,,,
37957,2022,서울대학교,공과대학,컴퓨터공학부,자료구조,전학년,2학기,3,3,0,전필,,,,,
37958,2022,서울대학교,공과대학,컴퓨터공학부,컴퓨터비전,전학년,2학기,3,3,0,전선,"오늘날 많은 정보는 시각적으로 표현되며 디지털로 처리된다. 사진, 영화, 텔레비전, 의료 영상, 인쇄, 로봇 인지, 보안 등 무수히 많은 응용 분야에서 디지털 이미지와 비디오를 활용하고 있다. 본 과목은 인공지능 및 컴퓨터 비전에 관심이 있는 학부 4학년생을 대상으로 하며, 디지털 영상 처리와 컴퓨터 비전에 관련한 기초적인 개념과 방법론을 배운다. 아울러 프로그래밍으로 구성된 과제들과 학기 프로젝트를 통해 실제 영상을 다루는 경험을 쌓는데 주안점을 둔다.",,Computer Vision: Algorithms and Applications,,없음
37959,2022,서울대학교,공과대학,컴퓨터공학부,컴퓨터 신기술 특강,전학년,1학기,3,3,0,전선,,,,,
37960,2022,서울대학교,공과대학,컴퓨터공학부,컴퓨터 신기술 특강,전학년,2학기,3,3,0,전선,최신 데이터베이스의 이해,,,,
37961,2022,서울대학교,공과대학,컴퓨터공학부,데이터마이닝 개론,전학년,1학기,3,3,0,전선,첨부화일 참고,,,,
37962,2022,서울대학교,공과대학,컴퓨터공학부,데이터마이닝 개론,전학년,2학기,3,3,0,전선,"데이터 마이닝은 대용량 데이터에서 유용한 패턴을 찾기 위한 이론과 기법을 의미한다. 데이터 마이닝은 웹 검색, 추천 시스템, 사기 탐지, 사이버 보안 등 중요한 응용에 활용되고 있다. 본 과목에서는 데이터 마이닝을 위한 중요 알고리즘과 이론을 설명한다. 주요 학습 주제로 유사 개체 검색, 빈발 패턴 검색, 링크 분석, 링크 예측, 추천 시스템, 데이터 스트림 마이닝, 클러스터링, 그래프 마이닝, 시계열 예측, 이상 탐지 등을 다룬다.",,,,"Algorithm, Basic Probability, Programming"
37963,2022,서울대학교,공과대학,컴퓨터공학부,데이터베이스,전학년,2학기,3,3,0,전선,,,,,
37964,2022,서울대학교,공과대학,컴퓨터공학부,데이터통신,전학년,1학기,3,3,0,전선,The aim of this course is to provide a unified overview in data and computer communications.The lecture series emphasize basic principles and topics  of data communications (Layers 1 ~ 3).,"Data and Computer Communications, 10th Ed.","Computer Networking:  A Top Down Approach, 7th Edition",,
37965,2022,서울대학교,공과대학,컴퓨터공학부,인터넷 보안,전학년,2학기,3,3,0,전선,"인터넷 보안 시스템을 근본적으로 이해하기 위해서는 암호기술 및 그 수학적 원리를 알아야 가능하다.  본 강의에서는 먼저 암호 기술들을 이해하기 위해 필요한 정수론, 이산 로그, 소인수분해, 해시 함수 등을 설명한다. 그 뒤에는 대칭키 암호기법, 공개키 암호기법, 디지털 서명, 키 관리 등 기본 보안 기술을 다루고, 마지막으로 그 뒤에 공개키기반구조(PKI), 비트코인, TLS, 웹 보안, Tor 등 응용 보안 기술을 다룬다.",,,,
37966,2022,서울대학교,공과대학,컴퓨터공학부,소프트웨어 개발의 원리와 실습,전학년,1학기,4,3,2,전선,"중대형 소프트웨어를 설계하고 구현하는데 필요한 실용적인 소프트웨어 개발 원리를 배우고 이 원리를 조별 프로젝트를 통해 실제로 중대형 소프트웨어를 개발하는데 적용한다. 이 경험을 바탕으로 올바르고 성능 좋은 소프트웨어를 개발할 수 있는 사고력, 자신감, 능력을 갖추도록 한다.",,,,
37967,2022,서울대학교,공과대학,컴퓨터공학부,소프트웨어 개발의 원리와 실습,전학년,2학기,4,3,2,전선,"이 과목은 중대형 소프트웨어를 설계하고 구현하는데 필요한 실용적인 소프트웨어 개발 원리를 배운다. 배운 원리를 한 학기동안 진행하는 조별 프로젝트를 통해 실제로 중대형 소프트웨어를 개발하는데 적용한다. 각 조는 새로운 머신러닝 기반 웹 서비스를 제안하고, 제안한 서비스를 개발하고 클라우드에서 운영하는 경험을 한다. 이 경험을 바탕으로 올바르고 성능 좋은 소프트웨어를 개발할 수 있는 사고력, 자신감, 능력을 갖추도록 한다.",,,,자료구조
37968,2022,서울대학교,공과대학,컴퓨터공학부,양자 컴퓨팅 및 정보의 기초,전학년,1학기,3,3,0,전선,"양자 컴퓨터는 기존 정보처리장치에서 비효율적인 연산을 양자시스템의 고유한 성질을 활용하여 효율적으로 해결하는 장치이다. 이 강의는 양자 컴퓨터의 작동원리를 이해하는데 필요한 간단한 계산 이론에 대한 소개와 선형대수 기반의 수학적으로 추상화된 양자역학의 기초를 소개한 후, 이를 바탕으로 양자 회로를 구성하는데 필요한 양자 게이트들과 이들을 활용한 양자 알고리즘을 살펴보는 것을 내용으로 한다. 또한, 대표적인 양자암호 프로토콜들에 대해 살펴보고 양자 오류정정 부호 등 양자 정보의 전반적인 기초 지식과 최근 연구 동향에 대해서도 소개한다.<p style=""color:red;"">* 본과목은 한학기 이상의 선형대수를 선수과목으로 요구하므로, 강의 초반에 2시간 정도 선형대수에 대한 리뷰를 한 후 4/5(화) 수업 시간 시작할 때 선형대수에 대한 간단한 quiz를 볼 예정이니 참고하기 바랍니다. quiz에서 다룰 선형대수 내용이 궁금한 학생들은 2020년도 Lecture 1~5에 해당하니 SNUON에 있는 강의를 참고하거나, 본 과목의 ETL이 열리면 2020년도 Lecture 1~5 강의 녹화본을 올려놓을 예정이니 이 내용들을 참고하기 바랍니다. 특히 이전에 선형대수를 수강하지 않은 학생 중 본 강의를 수강하고자 하는 학생들은 반드시 SNUON에 있는 이 강의 녹화본을 확인한 후 본인 수준에 맞는 강의인지 스스로 판단한 후 수강신청하기를 권합니다. </p><p style=""color:red;"">또한 이번 학기의 중간고사와 기말고사 일정을 고정하여 아래에 게시해놨으니,  만약 다른 과목과의 일정이 겹치는 경우에는 내년 수업이나 SNUON강의를 활용하기 바랍니다.</p><p style=""color:red;"">(청강은 수업의 행정 처리 등 다양한 이슈들 때문에 받지 않을 예정이니, 청강을 희망하는 학생들은 2020년 1학기 한국어 수업 전체가 올려져 있는 SNUON 강의를 활용하시기 바랍니다.)</p>",,,,Linear algebra or equivalent. Also this class requires basic understanding of Boolean logic (선형대수 또는 이에 해당하는 과목 . 또한 기초적인 Boolean logic에 대한 이해를 전제로 함)
37969,2022,서울대학교,공과대학,컴퓨터공학부,컴퓨터교육의 실무응용,전학년,1학기,3,1,4,전선,"컴퓨터공학부의 교육을 받고 사회로 진출하는 졸업생들은 다른 사람들과 컴퓨터 관련 지식과 경험을 공유하게 된다. 이 교과목의 목표는 수강생들이 컴퓨터공학 교육의 다양한 교수법을 익히고 이를 교육현장에서 활용할 수 있는 능력을 기른다. 이를 위해서 본 교과목에서는 학생들은 먼저 강의전달 기법, 학습과정의 이해, 학생 중심의 강의법, 학생과의 상호작용, 이러닝 등의 교수법을 배운다. 그 후에 이러한 교수법들이 학교 내에서 진행되는 컴퓨터공학부 강좌의 강의, 숙제, 실험 들을 통해 수업 현장에서 어떻게 이루어지는지를 체험하고, 수강생들이 수업 이해도를 개선할 수 있도록 학습 지도를 수행한다.",,,,
37970,2022,서울대학교,공과대학,컴퓨터공학부,컴퓨터교육의 실무응용,전학년,2학기,3,1,4,전선,"컴퓨터공학부의 교육을 받고 사회로 진출하는 졸업생들은 다른 사람들과 컴퓨터 관련 지식과 경험을 공유하게 된다. 이 교과목의 목표는 수강생들이 컴퓨터공학 교육의 다양한 교수법을 익히고 이를 교육현장에서 활용할 수 있는 능력을 기른다. 이를 위해서 본 교과목에서는 학생들은 먼저 강의전달 기법, 학습과정의 이해, 학생 중심의 강의법, 학생과의 상호작용, 이러닝 등의 교수법을 배운다. 그 후에 이러한 교수법들이 학교 내에서 진행되는 컴퓨터공학부 강좌의 강의, 숙제, 실험 들을 통해 수업 현장에서 어떻게 이루어지는지를 체험하고, 수강생들이 수업 이해도를 개선할 수 있도록 학습 지도를 수행한다.",,,,
37971,2022,서울대학교,공과대학,컴퓨터공학부,자연언어처리 개론,전학년,2학기,3,3,0,전선,"This class is an introductory undergraduate course on natural language processing, for students who are familiar with machine learning and neural models. We will discuss fundamental concepts in information retrieval, text processing, and natural language understanding. Students will be exposed to new ideas from research and discuss how they complement with classsical concepts discussed in the lecture.",,,,
37972,2022,서울대학교,공과대학,컴퓨터공학부,딥러닝의 기초,전학년,1학기,3,3,0,전선,"Recent advances in machine learning and deep learning enabled remarkably realistic modeling of highdimensional raw data (natural images, audio, and natural language corpora) and agents interacting with complex real environment. The goal of the class is to cover the underlying *theoretical* foundations of the recent topics in machine learning and deep learning including adversarial attacks, deep metric learning, generative models, information theory, and reinforcement learning. There will be coding assignments implementing the ideas on GPU enabled compute servers.",,Deep Learning,,Linear algebra; Probability and Statistics; Multivariate Calculus,
45950,2022,전북대학교,공과대학,컴퓨터공학부,선형대수학,2,2학기,3,3,0,전공선택,"선형대수학은 벡터 공간에서의 선형 변환과 행렬 등에 대해 연구하는 대수학의 한 분야로, 자연과학, 공학, 경제학 등 다양한 분야에 널리 적용되고 있다. 본 강좌에서는 선형대수학의 기본 요소인 벡터, 행렬, 선형 변환 등에 대한 개념을 이해하고, 관련 분야의 문제를 해결하는 방법을 학습하여 향후 실제 응용 문제들을 해결해나가는 능력을 기르는 것을 목표로 한다.* 중간고사와 기말고사의 경우 대면으로 치를 예정입니다.",Introduction to Linear Algebra (International Fourth Edition),,"* 주교재: Gilbert Strang, Introduction to Linear Algebra (International Fourth Edition), WellesleyCambridge Press, 2009.   다른 edition을 참고하여도 무방하나, 일부 내용이 다를 수 있음에 유의바람.   주교재의 해당 edition: http://www.kyobobook.co.kr/product/detailViewEng.lafejkGb=ENG&mallGb=ENG&barcode=9781733146609&orderClick=LEa&Kc=* 추가 참고 자료   Gilbert Strang, Linear Algebra and Its Applications, 4th ed.","벡터, 행렬 등에 대하여 다루어본 경우 수업을 보다 수월하게 들을 가능성이 있으나, 해당 내용에 대하여 본 수업에서 다시 다루기 때문에 위의 교과목이 필수 선수과목은 아님."
45951,2022,전북대학교,공과대학,컴퓨터공학부,선형대수학,2,2학기,3,3,0,전공선택,"선형대수학은 벡터 공간에서의 선형 변환과 행렬 등에 대해 연구하는 대수학의 한 분야로, 자연과학, 공학, 경제학 등 다양한 분야에 널리 적용되고 있다. 본 강좌에서는 선형대수학의 기본 요소인 벡터, 행렬, 선형 변환 등에 대한 개념을 이해하고, 관련 분야의 문제를 해결하는 방법을 학습하여 향후 실제 응용 문제들을 해결해나가는 능력을 기르는 것을 목표로 한다.* 중간고사와 기말고사의 경우 대면으로 치를 예정입니다.",Introduction to Linear Algebra (International Fourth Edition),,"* 주교재: Gilbert Strang, Introduction to Linear Algebra (International Fourth Edition), WellesleyCambridge Press, 2009.   다른 edition을 참고하여도 무방하나, 일부 내용이 다를 수 있음에 유의바람.   주교재의 해당 edition: http://www.kyobobook.co.kr/product/detailViewEng.lafejkGb=ENG&mallGb=ENG&barcode=9781733146609&orderClick=LEa&Kc=* 추가 참고 자료   Gilbert Strang, Linear Algebra and Its Applications, 4th ed.","고등학교 수학이나 본교의 1학년 수학 1& 수학 2에서 벡터, 행렬 등에 대하여 다루어본 경우 수업을 보다 수월하게 들을 가능성이 있으나, 해당 내용에 대하여 본 수업에서 다시 다루기 때문에 위의 교과목이 필수 선수과목은 아님."
45952,2022,전북대학교,공과대학,컴퓨터공학부,소프트웨어공학,3,2학기,3,3,0,전공필수,"소프트웨어 공학은 소프트웨어를 개발하는 과정에서 다양한 공학적 원리를 적용하여 개발 생산성을 높이고 품질 좋은 소프트웨어를 생산하는 것을 의미한다. 본 강좌에서는 소프트웨어 공학의 핵심 개념과 개발 과정에서 요구되는 공학적 방법을 습득하고 이를 적용할 수 있는 능력을 배양하여 소프트웨어 엔지니어로서의 기본 자질을 갖추도록 한다. 이를 위해 소프트웨어 개발 방법론에 대해 학습하고 요구 분석, 설계, 구현, 테스트, 유지보수의 각 단계에서 필요한 이론, 방법, 도구들에 대해 학습한다.",소프트웨어 공학 에센셜,,"소프트웨어 공학의 모든 것, 최은만, 생능출판쉽게 배우는 소프트웨어 공학, 김치수 , 한빛아카데미",
45953,2022,전북대학교,공과대학,컴퓨터공학부,소프트웨어공학,3,2학기,3,3,0,전공필수,"소프트웨어 공학은 소프트웨어를 개발하는 과정에서 다양한 공학적 원리를 적용하여 개발 생산성을 높이고 품질 좋은 소프트웨어를 생산하는 것을 의미한다. 본 강좌에서는 소프트웨어 공학의 핵심 개념과 개발 과정에서 요구되는 공학적 방법을 습득하고 이를 적용할 수 있는 능력을 배양하여 소프트웨어 엔지니어로서의 기본 자질을 갖추도록 한다. 이를 위해 소프트웨어 개발 방법론에 대해 학습하고 요구 분석, 설계, 구현, 테스트, 유지보수의 각 단계에서 필요한 이론, 방법, 도구들에 대해 학습한다.",소프트웨어 공학 에센셜,,"소프트웨어 공학의 모든 것, 최은만, 생능출판쉽게 배우는 소프트웨어 공학, 김치수 , 한빛아카데미",
45954,2022,전북대학교,공과대학,컴퓨터공학부,수치해석,4,1학기,3,3,0,전공선택,"!!!2022년 1학기 수치해석 강의는 비대면으로 진행됩니다. https://sites.google.com/view/jbnu20221numerical/home 사이트에 접속 바랍니다.!!!본 교과목에서는 컴퓨터를 이용하여 비선형방정식의 해, 선형방정식의 해, 행렬연산, 고유치, 보간법, 회귀법, 수치미분 및 적분, 미분방정식 풀이, 최적화 등 수리적으로 모델링된 문제를 해결하는 방법을 배운다. MATLAB 또는 Python을 기반으로 수치해석 프로그램의 작성 방법을 실습한다. 선형대수, 공업수학, 미분방정식, 확률과 통계 등 기초적인 수학 지식이 요구된다.",응용수치해석,,"공학도를 위한 수치해석, Steven C. Chapra, McGrawHill Education","수학 1, 수학 2, 이산수학, 선형대수학"
45955,2022,전북대학교,공과대학,컴퓨터공학부,알고리즘,3,1학기,3,3,0,전공필수,* Goal 1: To understand how to design and analyze an algorithm in terms of correctness and efficiency* Goal 2: To learn ideas that effectively resolve challenges behind various classical problems* Goal 3: To improve your computational thinking so that you can solve new problems by yourself* 2022학년도 1학기 알고리즘은 수업은 비대면 실시간 화상강의로 변경되었습니다. 자세한 접속 방법은 LMS에 게시후 공지하겠습니다.,관계 중심의 사고법 쉽게 배우는 알고리즘,,,"C++ 프로그래밍, 자료구조, 이산수학"
45956,2022,전북대학교,공과대학,컴퓨터공학부,알고리즘,3,1학기,3,3,0,전공필수,* Goal 1: To understand how to design and analyze an algorithm in terms of correctness and efficiency* Goal 2: To learn ideas that effectively resolve challenges behind various classical problems* Goal 3: To improve your computational thinking so that you can solve new problems by yourself* 2022학년도 1학기 알고리즘 수업은 비대면 실시간 화상강의로 진행됩니다. 자세한 접속 방법은 LMS에 게시후 공지하겠습니다.,관계 중심의 사고법 쉽게 배우는 알고리즘,,,"C++ 프로그래밍, 자료구조, 이산수학"
45957,2022,전북대학교,공과대학,컴퓨터공학부,영상처리,4,1학기,3,3,0,전공선택,"본 과목에서는 컴퓨터 비전의 기초에 대한 내용을 다룬다.컴퓨터 비전은 영상관련 인공지능 기술의 기초가 되는 분야로써 컴퓨터공학에서 가장 빠르게 성장하는 분야이다.15주로 구성된 강의에서는 필터, 에지 검출 등의 기초적인 영상 처리 기술들과 특징점 추출, 영상 분할 등의 컴퓨터 비전과 영상 처리의 핵심적인 내용들의 기본 원리를 배우게 된다.",Computer Vision: A Modern Approach by Forsyth & Ponce (필수는 아님),,,"파이선 프로그래밍, 선형대수 기초"
45958,2022,전북대학교,공과대학,컴퓨터공학부,운영체제,3,1학기,3,3,0,전공필수,"운영체제의 구조, 기능 및 역할을 심도있게 이해한다.교과 수행 능력을 향상할 수 있도록 개인별  PBL(Project Based Learning)을 적용한다.  FlippedLearning 형태로 강의 예정 (동영상 5시수+토론 1시수)","Operating System Concepts, 9th ed.",,"Operating System Concepts (한국어판), 홍릉 과학 출판사Modern Operating Systems, 3rd ed.저자: Andrew S. Tanenbaum","C언어 기초, 자료구조, 컴퓨터구조, 유닉스 시스템 프로그래밍"
45959,2022,전북대학교,공과대학,컴퓨터공학부,운영체제,3,1학기,3,3,0,전공필수,"운영체제의 구조, 기능 및 역할을 심도있게 이해한다.교과 수행 능력을 향상할 수 있도록 개인별  PBL(Project Based Learning)을 적용한다.  FlippedLearning 형태로 강의 예정 (동영상 5시수+토론 1시수)","Operating System Concepts, 9th ed.",,"Operating System Concepts (한국어판), 홍릉 과학 출판사Modern Operating Systems, 3rd ed.저자: Andrew S. Tanenbaum","C언어 기초, 자료구조, 컴퓨터구조, 유닉스 시스템 프로그래밍"
45960,2022,전북대학교,공과대학,컴퓨터공학부,인공지능,4,1학기,3,3,0,전공선택,인공지능의 이론을 익히고 파이썬 프로그래밍 실습을 통해 실무 능력을 다짐,파이썬으로 만드는 인공지능,,인공지능의 현재와 미래를 소개한 다큐멘테러. TED 강연 등2021년 1학기 강의동영상(유튜브에서 '오일석 인공지능'으로 검색),파이썬 프로그래밍 (컴퓨터과학과코딩 또는 자율 학습)
45961,2022,전북대학교,공과대학,컴퓨터공학부,자료구조,2,2학기,3,3,0,전공필수,"실세계 문제에 대해 효율적인 프로그램을 작성하기 위해서는 그 문제에 적합한 자료구조를 선택하는 것이 필수적이다. 컴퓨터공학에서 효율성은 아주 중요한 주제이며, 특히 빅데이터 시대에서 효율성은 더욱 중요하다. 본 과목에서는 다양한 형태의 자료구조를 습득한다. 즉, 배열, 리스트, 스택, 큐, 알고리즘 기초, 트리, 그래프 등을 배운다. 아울러 C++언어로 구현하여, 습득한 자료구조를 이용한 프로그램 작성 능력을 배양한다.본 과목에서는 프로젝트 기반 학습 (Project Based Learning)을 적용한다.",C++로 쉽게 풀어쓴 자료구조,,,"C 언어기초, C++ 프로그래밍"
45962,2022,전북대학교,공과대학,컴퓨터공학부,자료구조,2,2학기,3,3,0,전공필수,"1. 컴퓨터공학에서 효율성의 중요도를 이해하고 프로그램의 효율을 분석하는 방법 학습2. 컴퓨터공학에서 공통적으로 많이 사용하는 여러 자료구조 (배열, 리스트, 스택, 큐, 트리, 그래프, 해쉬)들을 학습3. 실질적인 자료구조 활용 능력을 키우기 위해 C++ 언어를 이용하여 학습한 자료구조 구현 및 활용 ※ C++를 활용한 프로그래밍 숙제가 많이 있으므로 수강신청에 참고하시기 바랍니다.",C++로 쉽게 풀어쓴 자료구조,,,"C++프로그래밍, 이산수학"
45963,2022,전북대학교,공과대학,컴퓨터공학부,정보검색,4,2학기,3,3,0,전공선택,"서치엔진(구글, 네이버, 다음 등) 시스템의 기본 아키텍쳐와 그 배경 이론을 학부 학생이 이해할 수 있는 수준에서 주요 핵심 기술을 습득한다. 본 강의에서 다루는 내용은 정보검색을 위한 웹 문서를 자동으로 수집하는 웹크롤러, 검색을 빠르게 하기 위한 목적으로 사용되는 색인구조, 사용자의 요구를 표현하는 질의어, 검색 결과를 순위화 하는 검색 모델과 서치엔진의 성능평가 방법 등에 관하여 다룬다. 공개용 서치엔진시스템 ElasticSearch 를 활용, 파이썬 크롤링 라이브러리(beautifulsoup, Selenium)와 Octoparse 등 오픈소스 및 라이브러리 등을 이용한 실습을 통한 산업체에서 바로 활용 및 응용 가능한 능력을 습득한다.","[원서 pdf] Search Engines: Information Retrieval in Practice, Croft, Metzler and Strohman, Addison Wesley, 2015(공개된 책:  http://ciir.cs.umass.edu/irbook/)",,,자료구조/알고리즘
45964,2022,전북대학교,공과대학,컴퓨터공학부,컴파일러,3,1학기,3,3,0,전공선택,"고급언어를 목적언어로 번역하여 주는 컴파일러의 설계와 구현의 기본원리에 대해 포괄적으로 공부한다. 컴파일러의 각 단계인 어휘분석(lexical analysis), 구문분석(syntax analysis), 의미분석(semantic analysis), 중간코드생성(intermediate code generation), 실행환경 (Runtime environments), 목적코드생성(object code generation), 코드 최적화 (code optimization) 등에 대해 공부하며, 이론적 지식외에 미니 컴파일러를 직접 작성해보는 프로그래밍 과제도 포함된다.",컴파일러의 이해,,"Alfred V. Aho, Monica S. Lam, Ravi Sethi, Jeffrey D. Ullman, Compilers: Principles, Techniques, and Tools (2nd Edition), Addison WesleyAndrew W. Appel, Modern Compiler Implementation in ML. Cambridge University Press, 1998.","프로그래밍 언어론, 프로그래밍, 자료구조"
45965,2022,전북대학교,공과대학,컴퓨터공학부,컴퓨터구조,2,2학기,3,3,0,전공필수,"본 과목은 컴퓨터 시스템 내부 구성 요소와 구성 및 동작 원리에 대한 전반 적인 내용을 소개 한다. 현대의 컴퓨터 시스템은 하드웨어와 소프트웨어 그리고 이 둘 사이의 상호작용에 대한 이해를 요구 하고 있다. 따라서 본 수업에서는 컴퓨터가 명령어를 이해 하고 해석 하는 과정을 하드웨어 구성 요소들과 연동하여 설명할 뿐만 아니라, 프로세서를 효율적으로 구현 하기 위한 파이프 라인, 그리고 메모리 계층 구조 등을 다룬다. ** 수업 진행 방식: 대면수업** 학과 지침에 따라 상대평가로 운영됩니다. ** 한국어로 진행 되지만, 강의 자료는 영어로 구성",Computer Organization and Design RISCV Edition: The Hardware Software Interface,,"컴퓨터 구조 및 설계 (RISCV Edition)번역본, 한티미디어최신 컴퓨터구조, 임석구, 홍경호, 한빛아카데미컴퓨터 아키텍쳐 컴퓨터구조 및 동작원리, 우종정, 한빛아카데미",논리설계
45966,2022,전북대학교,공과대학,컴퓨터공학부,컴퓨터구조,2,2학기,3,3,0,전공필수,"본 과목은 컴퓨터 시스템 내부 구성 요소와 구성 및 동작 원리에 대한 전반 적인 내용을 소개 한다. 현대의 컴퓨터 시스템은 하드웨어와 소프트웨어 그리고 이 둘 사이의 상호작용에 대한 이해를 요구 하고 있다. 따라서 본 수업에서는 컴퓨터가 명령어를 이해 하고 해석 하는 과정을 하드웨어 구성 요소들과 연동하여 설명할 뿐만 아니라, 프로세서를 효율적으로 구현 하기 위한 파이프 라인, 그리고 메모리 계층 구조 등을 다룬다. ** 수업 진행 방식: 대면수업** 학과 지침에 따라 상대평가로 운영** 한국어로 진행 되지만, 강의 자료는 영어로 구성",Computer Organization and Design RISCV Edition: The Hardware Software Interface,,"컴퓨터 구조 및 설계 (RISCV Edition)번역본, 한티미디어최신 컴퓨터구조, 임석구, 홍경호, 한빛아카데미컴퓨터 아키텍쳐 컴퓨터구조 및 동작원리, 우종정, 한빛아카데미",논리설계
45967,2022,전북대학교,공과대학,컴퓨터공학부,컴퓨터구조,2,2학기,3,3,0,전공필수,The goal of this class is to have comprensive understanding about the strucutre of computer system. Students are expected to learn how to increase system performance after learning each component of computer system. Computer instructions and their efficiency will be also taught in this class.,"Computer Organization Principles, analysis, and design by Lan Jin",,,Digital logic design
45968,2022,전북대학교,공과대학,컴퓨터공학부,컴퓨터그래픽스,3,2학기,3,3,0,전공선택,"컴퓨터 그래픽스의 기초 이론 학습 렌더링 파이프라인, Programmable Shader에 대한 이해 게임 엔진 및 그래픽스 응용 프로그램에 대한 이해",OpenGL ES를 이용한 3차원 컴퓨터 그래픽스 입문,,이전 강의(https://youtu.be/tgWID5VTV4)https://github.com/diskhkme/jbnuwebglcomputergraphicslecturehttps://webgl2fundamentals.org/webgl/lessons/ko/,"C++ 프로그래밍(필수), 선형대수학(필수), JAVA 프로그래밍"
45969,2022,전북대학교,공과대학,컴퓨터공학부,컴퓨터네트워크,3,2학기,3,3,0,전공선택,"컴퓨터와 네트워크의 결합에 의한 컴퓨터 상호간 통신을 목적으로 구성된 컴퓨터 네트워크를 프로토콜 관점에서 학습한다. 특히 TCP/IP 중심의 인터넷 프로토콜의 동작원리를 이해하고, 이를 바탕으로 궁극적으로 네트워크 관련 프로그래밍 소양과 능력을 향상시키는 것에 중점을 둔다. 네트워크 프로그래밍(Socket programming) 영역은 개별적으로 프로젝트 기반 학습(Project based Learning)을 수행한다.","W. Stallings, Data & Computer Communications, 10th Edition, Pearson, 2014",,"D. E. Comer, Computer Networks and Internets with Internet Applications, 3rd Edition, Prentice Hall, 2001","컴퓨터구조, C언어, 데이터통신"
45970,2022,전북대학교,공과대학,컴퓨터공학부,컴퓨터네트워크,3,2학기,3,3,0,전공선택,"전산학도로써 필요한 컴퓨터 네트워크에 대한 이를 목표로 한다. 네트워크 계층인 IP, 전송 계층인 TCP/IP, 응용 계층인 WWW, SMTP 등과 네트워크 보안에 대한 이해를 목표로 한다.",데이터 통신과 네트워킹 (Data Commmunications and Networking),,,
45971,2022,전북대학교,공과대학,컴퓨터공학부,프로그래밍언어론,3,1학기,3,3,0,전공필수,"프로그래밍언어들의 기본원리를 이해하고 학습한다. 이론적/논리적인 측면에서 프로그래밍언어의 정의, 역사, 기본 개념을 바탕으로 다양한 프로그래밍언어의 패러다임에 대한 이해와 학습을 목표로. 과제는 다음 언어에 대한 응용 프로그래밍이 제시된다.1) 절차중심언어: C 2) 함수언어: Lisp3) 객체지향언어: Java, C++4) 논리언어: Prolog","Concepts of Programming Lanagues, 11th ed.",,,적어도 한개의 프로그래밍 언어 사용에 관한 경험
45972,2022,전북대학교,공과대학,컴퓨터공학부,프로그래밍언어론,3,1학기,3,3,0,전공필수,"프로그래밍언어들의 기본원리를 이해하고 학습한다. 이론적/논리적인 측면에서 프로그래밍언어의 정의, 기본 개념을 바탕으로 주요 프로그래밍언어의 패러다임에 대한 이해를 목적으로 실제 프로그램을  예로 설명한다.  학습 대상이 되는 주요 언어패러다임과 언어는 다음과 같다.1) 절차중심언어: C 2) 함수언어: Lisp3) 객체지향언어: Java, C++4) 논리언어: Prolog",프로그래밍 언어개념,,,적어도 하나의 절차지향언어 또는 객체지향언어
45973,2022,전북대학교,공과대학,컴퓨터공학부,확률및통계,3,2학기,3,3,0,전공선택,"The main theme of the course is to understand the basic statistical concepts and statistical models, and to  practice them with a statical package.",To be announced in class.,,I am planning to using a text book with the most common materials. You can use any books. What matters is the contents. You can refer any book in the library. Other related materials will be announced and provided in class.,"This is one of most classical subjects in computer soence and engineering. It means that it is one of the representative areas where some give data are processes for certain purpose and interpreted for the semantics of the data with respect to the purpose. For that, it requires discrete mathematics and programming languages as prerequisite."
45974,2022,전북대학교,공과대학,컴퓨터공학부,확률및통계,3,2학기,3,3,0,전공선택,"우리가 일상 접하는 랜덤 신호 또는 랜덤 데이터의 정성적, 정량적인 특징을 알아내고 이를 활용하는 통계처리 과정은 공학 뿐아니라 모든 분야의 학문영역에서 반드시 필요한 일이다. 본 교과목은 랜덤한 현상이란 어떻게 모형화되고, 분석할 수 있느가 또한 분석된 결과는 어떻게 해석될 수 있는가 를 학습하는 계기가 될 것이다. 따라서 본 학습을 통하여 얻어진 지식은 랜덤한 물리량을 전기적인 신호로 변환하여 다루는 신호처리,  랜덤한 데이터를 해석하고 이를 이용하는 정보처리 분야에 기초지식으로 활용될 수 있다.","IT 공학도를 위한 확률, 랜덤변수, 통계 및 랜덤과정",,"Probability and Random Processes for Electrical Engineers, Yannis Viniotis, McGrawHill 1998.",공업수학
45975,2022,전북대학교,공과대학,컴퓨터공학부,C언어기초,2,1학기,3,3,0,교양,"컴퓨터 프로그래밍을 시작하는 학생들을 대상으로 한다. C언어를 통하여 컴퓨터 프로그래밍의 개념을 이해하며, C 명령어의 문법(syntax)과 의미(semantic) 습득, 문제해결 능력, 그리고 프로그램 개발 능력을 충실히 갖추도록 한다. 이 과목은 다음과 같은 중요성을 갖는다.  컴퓨터 프로그래밍 시작으로서 컴퓨터 전공에 대한 동기와 흥미의 기초C++와 Java 프로그래밍의 기초 이공계 학생에 대한 기초적인 프로그래밍충분한 실습을 제공하고 꾸준한 연습을 유도하여 프로그래밍에 숙달되도록 한다.문법 중심적인 설명을 피하고, 문제 해결능력 위주의 수업을 한다. *  리트머스 시스템을 활용한 반복 실습  *  리트머스 시스템을 활용한 자동 숙제 채점 및 프로그래밍 테스트 (리트머스: 전북대 컴공학부가 개발한 온라인 프로그래밍 테스트 시스템, http://litmus.chonbuk.ac.kr)",,오일석. (2009). C 프로그래밍과 스타일링.   참고사이트: http://www.cplusplus.com/ref/ (C standard library). 교보문고,,컴퓨터프로그래밍의기초
45976,2022,전북대학교,공과대학,컴퓨터공학부,C언어기초,1,2학기,3,3,0,교양,"컴퓨터 프로그래밍을 시작하는 학생들을 대상으로 C언어를 통하여 컴퓨터 프로그래밍의 개념을 이해시켜 C 명령어의 문법(syntax)과 의미(semantic) 습득, 문제해결 능력, 그리고 프로그램 개발 능력을 습득한다. 이 과목은 다음과 같은 중요성을 갖는다.  공학문제를 해결하는 수단으로서 프로그램 이용C++와 Java 프로그래밍의 기초 충분한 실습을 제공하고 꾸준한 연습을 유도하여 프로그래밍에 숙달되도록 한다.문법 중심적인 설명을 피하고, 문제 해결능력 위주의 수업을 한다.리트머스 사용이권장됨(리트머스: 전북대 컴공학부가 개발한 온라인 프로그래밍 테스트 시스템, http://litmus.chonbuk.ac.kr)",,,,컴퓨터프로그래밍의기초가 권장됨.기초과목이기 때문에 논리력이외에 선수과목 필요하지 않음
45977,2022,전북대학교,공과대학,컴퓨터공학부,C언어기초,전학년,1학기,3,3,0,교양,"컴퓨터 프로그래밍을 처음 시작하는 학생들을 대상으로 한다. C언어를 통하여 컴퓨터 프로그래밍의 개념을 이해하며, C 명령어의 문법(syntax)과 의미(semantic) 습득, 문제해결 능력, 그리고 프로그램 개발 능력을 충실히 갖추도록 한다. 이 과목은 다음과 같은 중요성을 갖는다.  컴퓨터 프로그래밍 시작으로서 동기와 흥미유발기타 다른 프로그래밍 언어(C++, Java 등 ) 프로그래밍의 기초 충분한 실습을 제공하고 꾸준한 연습을 유도하여 프로그래밍에 숙달되도록 한다.문법 중심적인 설명을 피하고, 문제 해결능력 위주의 수업을 한다.",쉽게 풀어쓴 C언어 Express천인국생능출판,,,
45978,2022,전북대학교,공과대학,컴퓨터공학부,C언어기초,1,2학기,3,3,0,교양,"Having successfully completed this course, the students would be able to understand Fundamentals of C Language understand Flow Control of C Language[참고]학습목표:  '전기' 공학도 및 '전자' 공학도가 공학적 문제를 해결하기 위한 C 언어 프로그래밍 기술 습득 및 연습",,,,Understanding of 'basic computer programming knowledge'
45979,2022,전북대학교,공과대학,컴퓨터공학부,C언어기초,전학년,1학기,3,3,0,교양,"컴퓨터 프로그래밍을 시작하는 학생들을 대상으로 한다. C 언어를 통하여 컴퓨터 프로그래밍의 개념을 이해하며, C 명령어의 syntax와 semantic 습득, 문제해결 능력, 그리고 프로그램 개발 능력을 충실히 갖추도록 한다. 이 과목은 다음과 같은 중요성을 갖는다.  컴퓨터 프로그래밍 시작으로서 컴퓨터 공부에 대한 동기와 흥미의 기초C++와 Java의 기초이며 모든 컴퓨터 과목의 기초이공계 학생에 대한 기초적인 프로그래밍 충분한 실습을 제공하고 꾸준한 연습을 유도하여 프로그래밍에 숙달되도록 한다.Grammaroriented 설명을 피하고, problemoriented 수업을 한다.",C프로그래밍과 스타일링오일석교보문고2009,,,
45980,2022,전북대학교,공과대학,컴퓨터공학부,C언어기초,1,2학기,3,3,0,교양,"컴퓨터 프로그래밍을 시작하는 학생들을 대상으로 한다. C언어를 통하여 컴퓨터 프로그래밍의 개념을 이해하며, C 명령어의 문법(syntax)과 의미(semantic) 습득, 문제해결 능력, 그리고 프로그램 개발 능력을 충실히 갖추도록 한다. 이 과목은 다음과 같은 중요성을 갖는다.  컴퓨터 프로그래밍 시작으로서 컴퓨터 전공에 대한 동기와 흥미의 기초C++와 Java 프로그래밍의 기초 이공계 학생에 대한 기초적인 프로그래밍충분한 실습을 제공하고 꾸준한 연습을 유도하여 프로그래밍에 숙달되도록 한다.문법 중심적인 설명을 피하고, 문제 해결능력 위주의 수업을 한다. *  리트머스 시스템을 활용한 반복 실습  *  리트머스 시스템을 활용한 자동 숙제 채점 및 프로그래밍 테스트 (리트머스: 전북대 컴공학부가 개발한 온라인 프로그래밍 테스트 시스템, http://litmus.chonbuk.ac.kr)",,,,컴퓨터 프로그래밍의 기초
45981,2022,전북대학교,공과대학,컴퓨터공학부,C언어기초,전학년,1학기,3,3,0,교양,"컴퓨터 프로그래밍을 시작하는 학생들을 대상으로 한다. C 언어를 통하여 컴퓨터 프로그래밍의 개념을 이해하며, C 명령어의 syntax와 semantic 습득, 문제해결 능력, 그리고 프로그램 개발 능력을 충실히 갖추도록 한다. 이 과목은 다음과 같은 중요성을 갖는다.  컴퓨터 프로그래밍 시작으로서 컴퓨터 공부에 대한 동기와 흥미의 기초C++와 Java의 기초이며 모든 컴퓨터 과목의 기초이공계 학생에 대한 기초적인 프로그래밍 충분한 실습을 제공하고 꾸준한 연습을 유도하여 프로그래밍에 숙달되도록 한다.Grammaroriented 설명을 피하고, problemoriented 수업을 한다.",C프로그래밍과 스타일링오일석교보문고2009,,,
45982,2022,전북대학교,공과대학,컴퓨터공학부,C언어기초,1,2학기,3,3,0,교양,"컴퓨터 프로그래밍을 처음 시작하는 학생들을 대상으로 한다. C언어를 통하여 컴퓨터 프로그래밍의 개념을 이해하며, C 명령어의 문법(syntax)과 의미(semantic) 습득, 문제해결 능력, 그리고 프로그램 개발 능력을 충실히 갖추도록 한다. 이 과목은 다음과 같은 중요성을 갖는다.  컴퓨터 프로그래밍 시작으로서 컴퓨터 전공에 대한 동기와 흥미의 기초C++와 Java 프로그래밍의 기초 이공계 학생에 대한 기초적인 프로그래밍충분한 실습을 제공하고 꾸준한 연습을 유도하여 프로그래밍에 숙달되도록 한다.문법 중심적인 설명을 피하고, 문제 해결능력 위주의 수업을 한다.",,,,
45983,2022,전북대학교,공과대학,컴퓨터공학부,C언어기초,1,2학기,3,3,0,교양,"컴퓨터 프로그래밍을 시작하는 학생들을 대상으로 한다. C 언어를 통하여 컴퓨터 프로그래밍의 개념을 이해하며, C 명령어의 syntax와 semantic 습득, 문제해결 능력, 그리고 프로그램 개발 능력을 충실히 갖추도록 한다. 이 과목은 다음과 같은 중요성을 갖는다.  컴퓨터 프로그래밍 시작으로서 컴퓨터 공부에 대한 동기와 흥미의 기초C++와 Java의 기초이며 모든 컴퓨터 과목의 기초이공계 학생에 대한 기초적인 프로그래밍 충분한 실습을 제공하고 꾸준한 연습을 유도하여 프로그래밍에 숙달되도록 한다.Grammaroriented 설명을 피하고, problemoriented 수업을 한다.리트머스 시스템을 적극 활용하여 학생들의 프로그래밍 실기 능력을 높은 수준으로 끌어 올린다.(리트머스: 전북대 컴공학부가 개발한 웹기반 프로그래밍 테스트 시스템)",,,,컴퓨터프로그래밍의기초
45984,2022,전북대학교,공과대학,컴퓨터공학부,C언어기초,1,2학기,3,3,0,교양,"컴퓨터 프로그래밍을 시작하는 학생들을 대상으로 한다. C 언어를 통하여 컴퓨터 프로그래밍의 개념을 이해하며, C 명령어의 syntax와 semantic 습득, 문제해결 능력, 그리고 프로그램 개발 능력을 충실히 갖추도록 한다. 이 과목은 다음과 같은 중요성을 갖는다.  컴퓨터 프로그래밍 시작으로서 컴퓨터 공부에 대한 동기와 흥미의 기초C++와 Java의 기초이며 모든 컴퓨터 과목의 기초이공계 학생에 대한 기초적인 프로그래밍 충분한 실습을 제공하고 꾸준한 연습을 유도하여 프로그래밍에 숙달되도록 한다.Grammaroriented 설명을 피하고, problemoriented 수업을 한다.",,,,
45985,2022,전북대학교,공과대학,컴퓨터공학부,C언어기초,1,2학기,3,3,0,교양,"컴퓨터 프로그래밍을 시작하는 학생들을 대상으로 한다. C언어를 통하여 컴퓨터 프로그래밍의 개념을 이해하며, C 명령어의 문법(syntax)과 의미(semantic) 습득, 문제해결 능력, 그리고 프로그램 개발 능력을 충실히 갖추도록 한다. 이 과목은 다음과 같은 중요성을 갖는다.  컴퓨터 프로그래밍 시작으로서 컴퓨터 전공에 대한 동기와 흥미의 기초C++와 Java 프로그래밍의 기초 이공계 학생에 대한 기초적인 프로그래밍충분한 실습을 제공하고 꾸준한 연습을 유도하여 프로그래밍에 숙달되도록 한다.문법 중심적인 설명을 피하고, 문제 해결능력 위주의 수업을 한다. *  리트머스 시스템을 활용한 반복 실습  *  리트머스 시스템을 활용한 자동 숙제 채점 및 프로그래밍 테스트 (리트머스: 전북대 컴공학부가 개발한 온라인 프로그래밍 테스트 시스템, http://litmus.chonbuk.ac.kr)",,오일석. (2009). C 프로그래밍과 스타일링.   참고사이트: http://www.cplusplus.com/ref/ (C standard library). 교보문고,,
45986,2022,전북대학교,공과대학,컴퓨터공학부,C언어기초,1,2학기,3,3,0,교양,"컴퓨터 프로그래밍을 시작하는 학생들을 대상으로 한다. C언어를 통하여 컴퓨터 프로그래밍의 개념을 이해하며, C 명령어의 문법(syntax)과 의미(semantic) 습득, 문제해결 능력, 그리고 프로그램 개발 능력을 충실히 갖추도록 한다. 이 과목은 다음과 같은 중요성을 갖는다.  컴퓨터 프로그래밍 시작으로서 컴퓨터 전공에 대한 동기와 흥미의 기초C++와 Java 프로그래밍의 기초 이공계 학생에 대한 기초적인 프로그래밍충분한 실습을 제공하고 꾸준한 연습을 유도하여 프로그래밍에 숙달되도록 한다.문법 중심적인 설명을 피하고, 문제 해결능력 위주의 수업을 한다. *  리트머스 시스템을 활용한 반복 실습  *  리트머스 시스템을 활용한 자동 숙제 채점 및 프로그래밍 테스트 (리트머스: 전북대 컴공학부가 개발한 온라인 프로그래밍 테스트 시스템, http://litmus.chonbuk.ac.kr)",,서현우. (2019). 이것이 C언어다. 한빛미디어윤성우. (2018). 열혈 C프로그래밍. 오렌지미디어,,컴퓨터 프로그래밍의 기초
45987,2022,전북대학교,공과대학,컴퓨터공학부,C언어기초,1,2학기,3,3,0,교양,"컴퓨터 프로그래밍을 처음 시작하는 학생들을 대상으로 한다. C언어를 통하여  '스마트제조 고급인력양성'을 위한 컴퓨터 프로그래밍의 개념을 이해하며, C 명령어의 문법(syntax)과 의미(semantic) 습득, 문제해결 능력, 그리고 프로그램 개발 능력을 충실히 갖추도록 한다. 이 과목은 다음과 같은 중요성을 갖는다.  컴퓨터 프로그래밍 시작으로서 컴퓨터 전공에 대한 동기와 흥미의 기초C++와 Java 프로그래밍의 기초 이공계 학생에 대한 기초적인 프로그래밍충분한 실습을 제공하고 꾸준한 연습을 유도하여 프로그래밍에 숙달되도록 한다.문법 중심적인 설명을 피하고, 문제 해결능력 위주의 수업을 한다.",누구나 쉽게 즐기는 C언어 콘서트,,"The C Programming LanguageKernighan, Brian W. , Ritchie, Demmos M./ Ritchie, Dennis 지음 | PrenticeHall | 2016년 05월 01일",
45988,2022,전북대학교,공과대학,컴퓨터공학부,C언어기초,1,2학기,3,3,0,교양,"This course's purpose is to help students think of solving problems and make the procedure by C Language.Students will be learned how to use the C language such as data types, conditions, loops, pointers to solve cases.",C Programming Language: A Step by Step Beginner's Guide to Learn C Programming in 7 Days,,,
45989,2022,전북대학교,공과대학,컴퓨터공학부,C언어기초,전학년,2학기,3,3,0,교양,"컴퓨터 프로그래밍을 처음 시작하는 학생들을 대상으로 한다. C언어를 통하여 컴퓨터 프로그래밍의 개념을 이해하며, C 명령어의 문법(syntax)과 의미(semantic) 습득, 문제해결 능력, 그리고 프로그램 개발 능력을 충실히 갖추도록 한다. 이 과목은 다음과 같은 중요성을 갖는다.  컴퓨터 프로그래밍 시작으로서 동기와 흥미유발기타 다른 프로그래밍 언어(C++, Java 등 ) 프로그래밍의 기초 충분한 실습을 제공하고 꾸준한 연습을 유도하여 프로그래밍에 숙달되도록 한다.문법 중심적인 설명을 피하고, 문제 해결능력 위주의 수업을 한다.",쉽게 풀어쓴 C언어 Express천인국생능출판,,,
45990,2022,전북대학교,공과대학,컴퓨터공학부,C언어기초,2,1학기,3,3,0,교양,"컴퓨터 프로그래밍을 시작하는 학생들을 대상으로 한다. C언어를 통하여 컴퓨터 프로그래밍의 개념을 이해하며, C 명령어의 문법(syntax)과 의미(semantic) 습득, 문제해결 능력, 그리고 프로그램 개발 능력을 충실히 갖추도록 한다. 이 과목은 다음과 같은 중요성을 갖는다.  컴퓨터 프로그래밍 시작으로서 컴퓨터 전공에 대한 동기와 흥미의 기초C++와 Java 프로그래밍의 기초 이공계 학생에 대한 기초적인 프로그래밍충분한 실습을 제공하고 꾸준한 연습을 유도하여 프로그래밍에 숙달되도록 한다.문법 중심적인 설명을 피하고, 문제 해결능력 위주의 수업을 한다. *  리트머스 시스템을 활용한 반복 실습  *  리트머스 시스템을 활용한 자동 숙제 채점 및 프로그래밍 테스트 (리트머스: 전북대 컴공학부가 개발한 온라인 프로그래밍 테스트 시스템, http://litmus.chonbuk.ac.kr)",,,,컴퓨터 프로그래밍의 기초
45991,2022,전북대학교,공과대학,컴퓨터공학부,C언어기초,1,2학기,3,3,0,교양,"This lecture is meant to help the students learn how to program in C. It contains 'Introduction to C', 'how to use DevC compiler', 'problem solution', 'data expressions and calculations', 'control flow', 'functions' and 'arrays'. This is a problemoriented lecture, not a grammaroriented lecture.컴퓨터 프로그래밍을 시작하는 학생들을 대상으로 한다. C 언어를 통하여 컴퓨터 프로그래밍의 개념을 이해하며, C 명령어의 syntax와 semantic 습득, 문제해결 능력, 그리고 프로그램 개발 능력을 충실히 갖추도록 한다. 이 과목은 다음과 같은 중요성을 갖는다.  컴퓨터 프로그래밍 시작으로서 컴퓨터 공부에 대한 동기와 흥미의 기초C++와 Java의 기초이며 모든 컴퓨터 과목의 기초이공계 학생에 대한 기초적인 프로그래밍 충분한 실습을 제공하고 꾸준한 연습을 유도하여 프로그래밍에 숙달되도록 한다.Grammaroriented 설명을 피하고, problemoriented 수업을 한다.",,,,
45992,2022,전북대학교,공과대학,컴퓨터공학부,C언어기초,전학년,2학기,3,3,0,교양,"컴퓨터 프로그래밍을 시작하는 학생들을 대상으로 한다. C 언어를 통하여 컴퓨터 프로그래밍의 개념을 이해하며, C 명령어의 syntax와 semantic 습득, 문제해결 능력, 그리고 프로그램 개발 능력을 충실히 갖추도록 한다. 이 과목은 다음과 같은 중요성을 갖는다.  컴퓨터 프로그래밍 시작으로서 컴퓨터 공부에 대한 동기와 흥미의 기초C++와 Java의 기초이며 모든 컴퓨터 과목의 기초이공계 학생에 대한 기초적인 프로그래밍 충분한 실습을 제공하고 꾸준한 연습을 유도하여 프로그래밍에 숙달되도록 한다.Grammaroriented 설명을 피하고, problemoriented 수업을 한다.",누구나 쉽게 즐기는 C언어 콘콘서트천인국생능출판사2021,,,
45993,2022,전북대학교,공과대학,컴퓨터공학부,C언어기초,2,1학기,3,3,0,교양,"컴퓨터 프로그래밍을 시작하는 학생들을 대상으로 한다. C언어를 통하여 컴퓨터 프로그래밍의 개념을 이해하며, C 명령어의 문법(syntax)과 의미(semantic) 습득, 문제해결 능력, 그리고 프로그램 개발 능력을 충실히 갖추도록 한다. 이 과목은 다음과 같은 중요성을 갖는다.  컴퓨터 프로그래밍 시작으로서 컴퓨터 전공에 대한 동기와 흥미의 기초C++와 Java 프로그래밍의 기초 이공계 학생에 대한 기초적인 프로그래밍충분한 실습을 제공하고 꾸준한 연습을 유도하여 프로그래밍에 숙달되도록 한다.문법 중심적인 설명을 피하고, 문제 해결능력 위주의 수업을 한다. *  리트머스 시스템을 활용한 반복 실습  *  리트머스 시스템을 활용한 자동 숙제 채점 및 프로그래밍 테스트 (리트머스: 전북대 컴공학부가 개발한 온라인 프로그래밍 테스트 시스템, http://litmus.chonbuk.ac.kr)",,천인국. (2018). 쉽게 풀어 쓴 C언어 Express 개정 3판. 생능출판,,컴퓨터 프로그래밍의 기초
45994,2022,전북대학교,공과대학,컴퓨터공학부,C언어기초,1,2학기,3,3,0,교양,"컴퓨터 프로그래밍을 시작하는 학생들을 대상으로 한다. C 언어를 통하여 컴퓨터 프로그래밍의 개념을 이해하며, C 명령어의 syntax와 semantic 습득, 문제해결 능력, 그리고 프로그램 개발 능력을 충실히 갖추도록 한다. 이 과목은 다음과 같은 중요성을 갖는다.  컴퓨터 프로그래밍 시작으로서 컴퓨터 공부에 대한 동기와 흥미의 기초C++와 Java의 기초이며 모든 컴퓨터 과목의 기초이공계 학생에 대한 기초적인 프로그래밍 충분한 실습을 제공하고 꾸준한 연습을 유도하여 프로그래밍에 숙달되도록 한다.Grammaroriented 설명을 피하고, problemoriented 수업을 한다.",,,,
45995,2022,전북대학교,공과대학,컴퓨터공학부,C언어기초,1,1학기,3,3,0,교양,"컴퓨터 프로그래밍을 처음 시작하는 학생들을 대상으로 한다. C언어를 통하여 컴퓨터 프로그래밍의 개념을 이해하며, C 명령어의 문법(syntax)과 의미(semantic) 습득, 문제해결 능력, 그리고 프로그램 개발 능력을 충실히 갖추도록 한다. 이 과목은 다음과 같은 중요성을 갖는다.  컴퓨터 프로그래밍 시작으로서 컴퓨터 전공에 대한 동기와 흥미의 기초C++와 Java 프로그래밍의 기초 이공계 학생에 대한 기초적인 프로그래밍충분한 실습을 제공하고 꾸준한 연습을 유도하여 프로그래밍에 숙달되도록 한다.문법 중심적인 설명을 피하고, 문제 해결능력 위주의 수업을 한다.",,,,
45996,2022,전북대학교,공과대학,컴퓨터공학부,C언어기초,1,2학기,3,3,0,교양,"컴퓨터 프로그래밍을 시작하는 학생들을 대상으로 한다. C 언어를 통하여 컴퓨터 프로그래밍의 개념을 이해하며, C 명령어의 syntax와 semantic 습득, 문제해결 능력, 그리고 프로그램 개발 능력을 충실히 갖추도록 한다. 이 과목은 다음과 같은 중요성을 갖는다.  컴퓨터 프로그래밍 시작으로서 컴퓨터 공부에 대한 동기와 흥미의 기초C++와 Java의 기초이며 모든 컴퓨터 과목의 기초이공계 학생에 대한 기초적인 프로그래밍 충분한 실습을 제공하고 꾸준한 연습을 유도하여 프로그래밍에 숙달되도록 한다.Grammaroriented 설명을 피하고, problemoriented 수업을 한다.",,서현우. (2019). 혼자 공부하는 c언어. 한빛미디어조성호. (2022). wonder c. 인피니티북스,,
45997,2022,전북대학교,공과대학,컴퓨터공학부,C언어기초,2,1학기,3,3,0,교양,"컴퓨터 프로그래밍을 시작하는 학생들을 대상으로 한다. C언어를 통하여 컴퓨터 프로그래밍의 개념을 이해하며, C 명령어의 문법(syntax)과 의미(semantic) 습득, 문제해결 능력, 그리고 프로그램 개발 능력을 충실히 갖추도록 한다. 이 과목은 다음과 같은 중요성을 갖는다.  컴퓨터 프로그래밍 시작으로서 컴퓨터 전공에 대한 동기와 흥미의 기초C++와 Java 프로그래밍의 기초 이공계 학생에 대한 기초적인 프로그래밍충분한 실습을 제공하고 꾸준한 연습을 유도하여 프로그래밍에 숙달되도록 한다.문법 중심적인 설명을 피하고, 문제 해결능력 위주의 수업을 한다. *  리트머스 시스템을 활용한 반복 실습  *  리트머스 시스템을 활용한 자동 숙제 채점 및 프로그래밍 테스트 (리트머스: 전북대 컴공학부가 개발한 온라인 프로그래밍 테스트 시스템, http://litmus.chonbuk.ac.kr)",,오일석. (2009). C 프로그래밍과 스타일링.   참고사이트: http://www.cplusplus.com/ref/ (C standard library). 교보문고,,
45998,2022,전북대학교,공과대학,컴퓨터공학부,C언어기초,1,2학기,3,3,0,교양,"컴퓨터 프로그래밍을 시작하는 학생들을 대상으로 한다. C언어를 통하여 컴퓨터 프로그래밍의 개념을 이해하며, C 명령어의 문법(syntax)과 의미(semantic) 습득, 문제해결 능력, 그리고 프로그램 개발 능력을 충실히 갖추도록 한다. 이 과목은 다음과 같은 중요성을 갖는다.  컴퓨터 프로그래밍 시작으로서 컴퓨터 전공에 대한 동기와 흥미의 기초C++와 Java 프로그래밍의 기초 이공계 학생에 대한 기초적인 프로그래밍충분한 실습을 제공하고 꾸준한 연습을 유도하여 프로그래밍에 숙달되도록 한다.문법 중심적인 설명을 피하고, 문제 해결능력 위주의 수업을 한다. *  리트머스 시스템을 활용한 반복 실습  *  리트머스 시스템을 활용한 자동 숙제 채점 및 프로그래밍 테스트 (리트머스: 전북대 컴공학부가 개발한 온라인 프로그래밍 테스트 시스템, http://litmus.chonbuk.ac.kr)",,오일석. (2009). C 프로그래밍과 스타일링.   참고사이트: http://www.cplusplus.com/ref/ (C standard library). 교보문고,,
45999,2022,전북대학교,공과대학,컴퓨터공학부,C언어기초,2,1학기,3,3,0,교양,"컴퓨터 프로그래밍을 시작하는 학생들을 대상으로 한다. C언어를 통하여 컴퓨터 프로그래밍의 개념을 이해하며, C 명령어의 문법(syntax)과 의미(semantic) 습득, 문제해결 능력, 그리고 프로그램 개발 능력을 충실히 갖추도록 한다. 이 과목은 다음과 같은 중요성을 갖는다.  컴퓨터 프로그래밍 시작으로서 컴퓨터 전공에 대한 동기와 흥미의 기초C++와 Java 프로그래밍의 기초 이공계 학생에 대한 기초적인 프로그래밍충분한 실습을 제공하고 꾸준한 연습을 유도하여 프로그래밍에 숙달되도록 한다.문법 중심적인 설명을 피하고, 문제 해결능력 위주의 수업을 한다. *  리트머스 시스템을 활용한 반복 실습  *  리트머스 시스템을 활용한 자동 숙제 채점 및 프로그래밍 테스트 (리트머스: 전북대 컴공학부가 개발한 온라인 프로그래밍 테스트 시스템, http://litmus.chonbuk.ac.kr)",,오일석. (2009). C 프로그래밍과 스타일링.   참고사이트: http://www.cplusplus.com/ref/ (C standard library). 교보문고,,
46000,2022,전북대학교,공과대학,컴퓨터공학부,C언어기초,1,2학기,3,3,0,교양,"컴퓨터 프로그래밍을 시작하는 학생들을 대상으로 한다. C 언어를 통하여 컴퓨터 프로그래밍의 개념을 이해하며, C 명령어의 syntax와 semantic 습득, 문제해결 능력, 그리고 프로그램 개발 능력을 충실히 갖추도록 한다. 이 과목은 다음과 같은 중요성을 갖는다.  컴퓨터 프로그래밍 시작으로서 컴퓨터 공부에 대한 동기와 흥미의 기초C++와 Java의 기초이며 모든 컴퓨터 과목의 기초이공계 학생에 대한 기초적인 프로그래밍",,,,컴퓨터프로그래밍의기초
46001,2022,전북대학교,공과대학,컴퓨터공학부,C언어기초,2,1학기,3,3,0,교양,"컴퓨터 프로그래밍을 시작하는 학생들을 대상으로 한다. C 언어를 통하여 컴퓨터 프로그래밍의 개념을 이해하며, C 명령어의 syntax와 semantic 습득, 문제해결 능력, 그리고 프로그램 개발 능력을 충실히 갖추도록 한다. 이 과목은 다음과 같은 중요성을 갖는다.  컴퓨터 프로그래밍 시작으로서 컴퓨터 공부에 대한 동기와 흥미의 기초C++와 Java의 기초이며 모든 컴퓨터 과목의 기초이공계 학생에 대한 기초적인 프로그래밍",,,,컴퓨터프로그래밍의기초
46002,2022,전북대학교,공과대학,컴퓨터공학부,C언어기초,1,2학기,3,3,0,교양,"컴퓨터 프로그래밍을 시작하는 학생들을 대상으로 한다. C언어를 통하여 컴퓨터 프로그래밍의 개념을 이해하며, C 명령어의 문법(syntax)과 의미(semantic) 습득, 문제해결 능력, 그리고 프로그램 개발 능력을 충실히 갖추도록 한다. 이 과목은 다음과 같은 중요성을 갖는다.  컴퓨터 프로그래밍 시작으로서 컴퓨터 전공에 대한 동기와 흥미의 기초C++와 Java 프로그래밍의 기초 이공계 학생에 대한 기초적인 프로그래밍충분한 실습을 제공하고 꾸준한 연습을 유도하여 프로그래밍에 숙달되도록 한다.문법 중심적인 설명을 피하고, 문제 해결능력 위주의 수업을 한다. *  리트머스 시스템을 활용한 반복 실습  *  리트머스 시스템을 활용한 자동 숙제 채점 및 프로그래밍 테스트 (리트머스: 전북대 컴공학부가 개발한 온라인 프로그래밍 테스트 시스템, http://litmus.chonbuk.ac.kr)",,오일석. (2009). C 프로그래밍과 스타일링.   참고사이트: http://www.cplusplus.com/ref/ (C standard library). 교보문고,,
46003,2022,전북대학교,공과대학,컴퓨터공학부,C언어기초,1,1학기,3,3,0,교양,"컴퓨터 프로그래밍을 처음 시작하는 학생들을 대상으로 한다. C언어를 통하여 컴퓨터 프로그래밍의 개념을 이해하며, C 명령어의 문법(syntax)과 의미(semantic) 습득, 문제해결 능력, 그리고 프로그램 개발 능력을 충실히 갖추도록 한다. 이 과목은 다음과 같은 중요성을 갖는다.  컴퓨터 프로그래밍 시작으로서 컴퓨터 전공에 대한 동기와 흥미의 기초C++와 Java 프로그래밍의 기초 이공계 학생에 대한 기초적인 프로그래밍충분한 실습을 제공하고 꾸준한 연습을 유도하여 프로그래밍에 숙달되도록 한다.문법 중심적인 설명을 피하고, 문제 해결능력 위주의 수업을 한다.",쉽게 풀어쓴 C언어 Express천인국생능출판2017,,,
46004,2022,전북대학교,공과대학,컴퓨터공학부,C언어기초,1,2학기,3,3,0,교양,"컴퓨터 프로그래밍을 처음 시작하는 학생들을 대상으로 한다. C언어를 통하여 컴퓨터 프로그래밍의 개념을 이해하며, C 명령어의 문법(syntax)과 의미(semantic) 습득, 문제해결 능력, 그리고 프로그램 개발 능력을 충실히 갖추도록 한다. 이 과목은 다음과 같은 중요성을 갖는다.  컴퓨터 프로그래밍 시작으로서 컴퓨터 전공에 대한 동기와 흥미의 기초C++와 Java 프로그래밍의 기초 이공계 학생에 대한 기초적인 프로그래밍충분한 실습을 제공하고 꾸준한 연습을 유도하여 프로그래밍에 숙달되도록 한다.문법 중심적인 설명을 피하고, 문제 해결능력 위주의 수업을 한다.",,,,
46005,2022,전북대학교,공과대학,컴퓨터공학부,C언어기초,1,1학기,3,3,0,교양,"컴퓨터 프로그래밍을 시작하는 학생들을 대상으로 한다. C언어를 통하여 컴퓨터 프로그래밍의 개념을 이해하며, C 명령어의 문법(syntax)과 의미(semantic) 습득, 문제해결 능력, 그리고 프로그램 개발 능력을 충실히 갖추도록 한다. 이 과목은 다음과 같은 중요성을 갖는다.  컴퓨터 프로그래밍 시작으로서 컴퓨터 전공에 대한 동기와 흥미의 기초C++와 Java 프로그래밍의 기초 이공계 학생에 대한 기초적인 프로그래밍충분한 실습을 제공하고 꾸준한 연습을 유도하여 프로그래밍에 숙달되도록 한다.문법 중심적인 설명을 피하고, 문제 해결능력 위주의 수업을 한다. *  리트머스 시스템을 활용한 반복 실습  *  리트머스 시스템을 활용한 자동 숙제 채점 및 프로그래밍 테스트 (리트머스: 전북대 컴공학부가 개발한 온라인 프로그래밍 테스트 시스템, http://litmus.chonbuk.ac.kr)",쉽게 풀어쓴 C언어 Express [개정3판],,"오일석, C 프로그래밍과 스타일링, 교보문고, 2009. 참고사이트: http://www.cplusplus.com/ref/ (C standard library)",없음
46006,2022,전북대학교,공과대학,컴퓨터공학부,C언어기초,1,2학기,3,3,0,교양,"컴퓨터 프로그래밍을 처음 시작하는 학생들을 대상으로 한다. C언어를 통하여 컴퓨터 프로그래밍의 개념을 이해하며, C 명령어의 문법(syntax)과 의미(semantic) 습득, 문제해결 능력, 그리고 프로그램 개발 능력을 충실히 갖추도록 한다. 이 과목은 다음과 같은 중요성을 갖는다.  컴퓨터 프로그래밍 시작으로서 컴퓨터 전공에 대한 동기와 흥미의 기초C++와 Java 프로그래밍의 기초 이공계 학생에 대한 기초적인 프로그래밍충분한 실습을 제공하고 꾸준한 연습을 유도하여 프로그래밍에 숙달되도록 한다.문법 중심적인 설명을 피하고, 문제 해결능력 위주의 수업을 한다.",,,,
46007,2022,전북대학교,공과대학,컴퓨터공학부,이산수학,2,1학기,3,3,0,전공선택,"이산수학은 이산적인 객체를 연구하는 수학의 한 분야로, 자료구조, 알고리즘을 비롯한 많은 컴퓨터공학 교과목의 수학적 토대를 제공한다. 본 강좌에서는 논리, 증명, 집합, 알고리즘, 확률, 그래프, 트리 등 이산 수학 분야의 다양한 정의와 정리를 학습하여 학생들이 논리적, 수학적 사고를 하는 방법을 터득하는 것을 목표로 하며, 이를 바탕으로 향후 컴퓨터공학 교과목을 수강하는 데 도움을 주고자 한다.","공은배 외 6인 공역, Rosen의 이산수학 8th Edition, McGrawHill Edition, 2018",,"주교재의 경우 기존의 7th Edition을 사용하여도 전체적인 내용에는 큰 차이가 없으나, 세부 내용에서 약간의 차이가 있을 수 있음을 유의 바람",
46008,2022,전북대학교,공과대학,컴퓨터공학부,이산수학,2,1학기,3,3,0,전공선택,"이산수학은 이산적인 객체를 연구하는 수학의 한 분야로, 자료구조, 알고리즘을 비롯한 많은 컴퓨터공학 교과목의 수학적 토대를 제공한다. 본 강좌에서는 논리, 증명, 집합, 알고리즘, 확률, 그래프, 트리 등 이산 수학 분야의 다양한 정의와 정리를 학습하여 학생들이 논리적, 수학적 사고를 하는 방법을 터득하는 것을 목표로 하며, 이를 바탕으로 향후 컴퓨터공학 교과목을 수강하는 데 도움을 주고자 한다.","공은배 외 6인 공역, Rosen의 이산수학 8th Edition, McGrawHill Edition, 2018",,"주교재의 경우 기존의 7th Edition을 사용하여도 전체적인 내용에는 큰 차이가 없으나, 세부 내용에서 약간의 차이가 있을 수 있음을 유의 바람",
46009,2022,전북대학교,공과대학,컴퓨터공학부,데이터베이스,3,2학기,3,3,0,전공선택,"데이터베이스 시스템의 기본 개념을  SQL 과 관계형 모델을 중심으로 설명하고, 다양한 응용에서 데이터베이스 기술을 접목시킬 수 있는  능력을 배양한다. 특히 현장 전문가를 초빙하여 상용제품을 통한 SQL실습을 수행함으로써 수업운영에 있어서 현장성을 높인다.",Database system Concept,,Cubrid Manual,"파일처리, 컴파일러, C, C++  또는 자바 프로그래밍"
46010,2022,전북대학교,공과대학,컴퓨터공학부,데이터베이스,3,2학기,3,3,0,전공선택,"데이터베이스 시스템의 기본 개념을  SQL 과 관계형 모델을 중심으로 설명하고, 다양한 응용에서 데이터베이스 기술을 접목시킬 수 있는  능력을 배양한다. 특히 현장 전문가를 초빙하여 상용제품을 통한 SQL실습을 수행함으로써 수업운영에 있어서 현장성을 높인다.",Database system Concept,,Cubrid Manual,"파일처리, 컴파일러, C, C++  또는 자바 프로그래밍"
46011,2022,전북대학교,공과대학,컴퓨터공학부,데이터마이닝,3,2학기,3,3,0,전공선택,"1. 대규모로 저장된 데이터안에서 체계적으로 정보를 분석하는 과정과 이론에 대한 학습2. 산업현장에서 활용되는 다양한 주제의 문제와 알고리즘을 학습하며 구체적으로는 finding similar items, mining frequent itemsets, clustering, dimensionality reduction, web advertising, link analysis, recommender systems, regression, classification, decision tree, time series prediction 등을 공부3. 실질적인 데이터마이닝 활용 능력을 키우기 위해 Python 언어를 활용한 데이터마이닝 알고리즘 구현 및 데이터 분석※ 신규 교과목으로 syllabus에 변경이 발생할 수 있습니다. ※ Python 기반의 프로그래밍 숙제를 계획하고 있으므로 수강신청에 참고하시기 바랍니다.",Mining of Massive Datasets,,http://mmds.org/,"알고리즘, 선형대수학, Python 프로그래밍"
46012,2022,전북대학교,공과대학,컴퓨터공학부,데이터통신,3,1학기,3,3,0,전공선택,"서로 다른 컴퓨터 사이에 전송되는 데이터의 안전하고 신속한 통신에 소요되는 전송매체, 신호생성, 전송장비 등 기술요소를 학습함으로써 데이터의 손실없는 전송에 대한 이해와 컴퓨터 네트워크 구성에 따른 기반적, 이론적 기저를 다지는 것을 목표로한다.","Data & Computer Communications, 10th edition",,,"컴퓨터구조, 자료구조"
46013,2022,전북대학교,공과대학,컴퓨터공학부,데이터통신,3,1학기,3,3,0,전공선택,통신망을 이용하여 시스템간의 데이터를 주고받는 기술과 방법에 대하여 공부한다.프로토콜에 대한 기본 개념과 여러 가지 매체를 통하여 데이터를 안전하게 전달하는 기법에 대하여 배운다.배운 통신망의 물리계층과 데이터 링크 계층의 프로토콜에 대하여 개략적인 내용을 다룬다.,"Data Communications and Networks, fourth edition by Behrouz A. Forouzan",,데이터통신과 네트워킹 (4/e) 교보문고Data and Computer Communications 7th edition by William Stallings,
46014,2022,전북대학교,공과대학,컴퓨터공학부,정보보호,4,2학기,3,3,0,전공선택,"정보보안 개념, 암호학의 주요이론, 사이버 공격의 유형 및 대처방안, 안전한 정보시스템의 운용방법 등을 학습한다. 이를 통하여 정보보안 전문적 소양을 함양하기 위해서 필요한 배경지식을 학습하여 정보화사회에서 초래되고 있는 정보침해 역기능에 대해서 효과적으로 대처하는 능력을 갖추는 것을 목표로 한다.",강의 슬라이드,,"* 교수의 강의 슬라이드를 위주로 수업을 진행할 예정이나, 다음의 책들을 참고할 수 있음    Katz, Introduction to Modern Cryptography    C. Paar & J. Pelzl, Understanding Cryptography, Springer, 2010.* 참고자료의 구입은 강의 첫 시간의 강좌 소개를 듣고 정하기를 권함","컴퓨터공학부 학부 과정에서 다루는 전반적인 내용에 대해서 잘 숙지하고 있다면 강의를 이해하는 데 도움이 될 수 있으나, 필수 요소는 아니며 필요한 사항들에 대해서는 강의 시간에 다시 설명하며 진행할 예정임. 확률통계, 선형대수학에 익숙하다면 도움이 됨."
46015,2022,전북대학교,공과대학,컴퓨터공학부,모바일프로그래밍,3,2학기,3,3,0,전공선택,"본 강의는 Android 환경을 기반으로 한 모바일 기기에서 동작하는 응용 프로그램 개발을 목표로 한다. 프로그램 개발을 위해서 자바 언어와 안드로이드 뷰, 위젯, 레이이웃등 프로그램의 기본적인 요소들에 대해 학습하고, 액티비티와 데이터베이스 및 멀티미디어와 구글지도등을 활용하여 앱 서비스 구현 수준을 향상시키는 방법을 학습한다.",Do it! 안드로이드 앱 프로그래밍,,,"C, C++, Java 등 어떤 언어든지 프로그래밍 언어 교과목 이수 경험"
46016,2022,전북대학교,공과대학,컴퓨터공학부,웹프로그래밍,4,1학기,3,3,0,전공선택,"웹 프로그래밍에 관한 일반적인 이론과 내용을 학습하고 실습한다:HTML, CSS, JSP, 스프링 프레임 워크의 사용법을 학습하고 이를 응용하여 웹페이지를 실제로 구축해 본다.",짧고 굵게 배우는 JSP 웹 프로그래밍과 스프링 프레임워크,,,
46017,2022,전북대학교,공과대학,컴퓨터공학부,C++프로그래밍,1,2학기,3,2,2,전공선택,"메모리에 대한 이해를 바탕으로 변수, 포인터 변수 및 참조자에 대해 이해C++ 언어를 기반으로 객체지향 프로그래밍 기법 이해실습을 통해 각 학습 주제에 대해 구체적으로 이해Flipped Learning 적용",열혈 C++ 프로그래밍,,작년 강의: https://youtu.be/wpk7AM6FPRc모두의 코드: https://modoocode.com/135C++ 레퍼런스: http://www.cplusplus.com/reference/,C언어기초(필수)
46018,2022,전북대학교,공과대학,컴퓨터공학부,C++프로그래밍,1,2학기,3,2,2,전공선택,Goal 1. C언어기초를 공부한 학생을 대상으로 C++ 언어의 프로그래밍 문법 학습Goal 2. 객체지향프로그래밍 (OOP)의 개념 이해와 C++ 언어를 이용하여 OOP 프로그램 설계 및 구현 능력 함양Goal 3. 다양한 문제에 대한 프로그래밍 실습을 통해 각 주제를 심층적으로 이해하고 C++ 프로그래밍의 실력 향상,열혈 C++ 프로그래밍,,,C언어기초
46019,2022,전북대학교,공과대학,컴퓨터공학부,C++프로그래밍,1,2학기,3,2,2,전공선택,Goal 1. C언어기초를 공부한 학생을 대상으로 C++ 언어의 프로그래밍 문법 학습Goal 2. 객체지향프로그래밍 (OOP)의 개념 이해와 C++ 언어를 이용하여 OOP 프로그램 설계 및 구현 능력 함양Goal 3. 다양한 문제에 대한 프로그래밍 실습을 통해 각 주제를 심층적으로 이해하고 C++ 프로그래밍의 실력 향상,열혈 C++ 프로그래밍,,,C언어기초
46020,2022,전북대학교,공과대학,컴퓨터공학부,JAVA프로그래밍,2,1학기,3,2,2,전공선택,"본 강좌에서는 자바 언어에 대한  문법과 객체지향 프로그래밍의 개념을 익히고, 다양한 실습을 통해 자바 프로그래밍의 기초를 확립하는데 그 목적이 있다. 본 강좌에서 다루는 주제들은 다음과 같다.1. 자바 기초2. 객체지향 프로그래밍3. GUI 프로그래밍4. 쓰레드 프로그래밍",명품 자바 프로그래밍,,헤드퍼스트 자바,C언어 기초
46021,2022,전북대학교,공과대학,컴퓨터공학부,JAVA프로그래밍,2,1학기,3,2,2,전공선택,"본 강좌에서는 자바 언어에 대한  문법과 객체지향 프로그래밍의 개념을 익히고, 다양한 실습을 통해 자바 프로그래밍의 기초를 확립하는데 그 목적이 있다. 본 강좌에서 다루는 주제들은 다음과 같다.1. 자바 기초2. 객체지향 프로그래밍3. GUI 프로그래밍4. 쓰레드 프로그래밍",명품 자바 에센셜,,,C언어 기초
46022,2022,전북대학교,공과대학,컴퓨터공학부,JAVA프로그래밍,2,1학기,3,2,2,전공선택,본 강의에서는 최근 SW개발에서 가장 많이 사용되고 있는 객체지향 프로그래밍 언어인 Java언어를 학습한다. 객체지향언어를 이용한 소프트웨어 설계와 구현에 대한 원칙과 이론을 학습하고 이를 Java를 이용하여 구현한다. 본 강의는 자바 프로그래밍의 기본기를 익히며 소프트웨어 개발에 필요한 프로그래밍의 기초를 다지는 것을 목표로 한다.,Do it! 자바완전정복 (진짜 개발자가 되는 Java 프로그래밍 입문서),,,"C언어(필수), C++ (권장)"
46023,2022,전북대학교,공과대학,컴퓨터공학부,유닉스시스템프로그래밍,2,2학기,3,3,0,전공선택,"유닉스계열의 시스템에서의 프로그래밍을 학습한다. 본 수업의 목표는 다음과 같다. 1) 유닉스 환경에서 CLI 사용 능력 배양, 2) 유닉스 환경에서의 C 프로그래밍 역량 강화, 3) 시스템 프로그래밍 경험 습득",유닉스 시스템 프로그래밍 (3판),,,
46024,2022,전북대학교,공과대학,컴퓨터공학부,임베디드컴퓨팅,4,1학기,3,3,0,전공선택,"** 중간 평가는 대면 시험을 원칙으로 합니다. 본 수업은 임베디드 시스템(내장형 시스템)의 내부 구성 요소와 그 동작 방법에 대한 기본 개념을 소개 하고 임베디드 시스템의 구동 및 제어 방법을 실습한다. 이를 위해 다양한 유형의 IoT 디바이스를 직접 개발 할 수 있는 초소형 컴퓨터인 라즈베리파이를 활용하여 다양한 센서와 액추에이터들을 직접 제어 할 수 있는 프로그래밍 기법을 익힌다. 이를 통해 임베디드 컴퓨팅에 대한 전반적인 이해 뿐만 아니라, 임베디드 컴퓨팅을 활용한 다양한 IoT 디바이스를 직접 제작할 수 있는 능력을 배양한다. 강의 초반에는 임베디드 시스템의 주요 부분에 대한 개괄적인 내용을 습득하고, 이후 파이썬 언어에 대한 수업이 진행된다. 중간 고사 이후에는 라즈베리 파이를 이용하여 초음파 센서, 온도 센서 등 다양한 센서를 통해 현실세계의 데이터를 직접 입력 받아 이를 통해 액추에이터가 원하는 동작을 수행 할 수 있는 임베디드 프로그램을 직접 작성하고, 이를 이용하여 다양한 유형의 IoT 디바이스 제작 프로젝트를 수행한다.** 모든 수업 자료 및 공지사항은 (신)LMS (https://ieilms.jbnu.ac.kr/)를 활용합니다.** 학부 방침에 따라 상대평가로 운영",IoT 사물인터넷을 위한 라즈베리파이 4 정석,,"Computers as components, 3rdedition by W. Wolf, Morgan Kaufmann, 2012Introduction to computer science using Python : a computational problemsolving focus, Charles Dierbach, Wiley, 2012",컴퓨터구조
46025,2022,전북대학교,공과대학,컴퓨터공학부,프로그램의구조와해석,2,2학기,3,3,0,전공선택,프로그래밍의 필수 요소인 추상화의 개념을 익히고 이를 통해 복잡한 대규모 소프트웨어를 개발할 수 있는 능력을 키운다.,Structure and Interpretation of Computer Programs (second edition),,컴퓨터 프로그램의 구조와 해석,
46026,2022,전북대학교,공과대학,컴퓨터공학부,윈도우즈프로그래밍,2,1학기,3,3,0,전공선택,"!!!2022년 1학기 윈도우즈프로그래밍 강의는 비대면으로 진행됩니다. https://sites.google.com/view/jbnu20221wp/home 사이트에 접속 바랍니다.!!!C언어 기초 교과목과 C++프로그래밍(또는 JAVA 프로그래밍) 교과목을 통해 객체지향 프로그래밍의 개념을 습득한 학생을 대상으로 한 강의임.C  언어와 WPF(Windows Presentation Foundation) 프레임워크를 이용하여 윈도우 응용 프로그램을 작성하는 법을 배운다. GUI 설계 방법과 이벤트 기반 프로그래밍 기법에 대한 이해, 이를 기반으로한 응용 소프트웨어 설계 및 구현을 실습과 프로젝트를 통해 경험한다.",없음,,웹사이트https://msdn.microsoft.com/https://wpftutorial.com/http://www.wpftutorial.net/http://kocw.net/home/search/kemView.dokemId=1265570책Head First C  (한빛미디어)Pro WPF 4.5 in C  (APress)이것이 C 이다 (한빛미디어),"C++ 프로그래밍, JAVA 프로그래밍 또는 기타 객체지향 프로그래밍 언어 교과목 필수 이수"
46027,2022,전북대학교,공과대학,컴퓨터공학부,윈도우즈프로그래밍,2,1학기,3,3,0,전공선택,!!!2022년 1학기 윈도우즈프로그래밍 강의는 비대면으로 진행됩니다. https://sites.google.com/view/jbnu20221wp/home 사이트에 접속 바랍니다.!!!C언어와 C++언어를 바탕으로 C 을 이용하여 윈도우즈 프로그래밍 제작 기법을 학습한다. 윈도우즈 프로그램을 작성하여 PC와 IOT 장비간 시리얼 통신을 통해 데이터를 처리하는 방법에 대해 학습한다.GUI 설계 방법과 이벤트 기반 프로그래밍 기법에 대한 이해하고 이를 기반으로 응용 소프트웨어 설계 및 구현을 실습과 프로젝트를 통해 경험한다.,C  프로그래밍(2판)(IT CookBook) 프로그래밍 기초부터 객체 지향 핵심까지,,,"C++ 프로그래밍, JAVA 프로그래밍 또는 기타 객체지향 프로그래밍 언어 교과목 필수 이수"
46028,2022,전북대학교,공과대학,컴퓨터공학부,컴퓨터공학총론,1,2학기,3,3,0,전공선택,"컴퓨터공학을 전공하는 학생이 4년동안 배워야할 내용을 주제별로 구분하여 소개하고 그들간의 관계를 이해하도록 한다. 또한 컴퓨터 공학의 최근 동향을 파악하고 그 흐름을 따라갈 동기와 공부하는 자세를 갖추도록 한다. 프로그래밍의 중요성을 강조하며, 코딩의 즐거움을 아는 컴퓨터공학자로 성장할 수 있는 길을 안내한다.",소프트웨어 세상을 여는 컴퓨터과학,,"컴퓨터 공학 추세를 살필 수 있는 최신 자료들 (예, 위키)인공지능과 기계학습 관련 기초 자료들",
46029,2022,전북대학교,공과대학,컴퓨터공학부,논리설계,2,1학기,3,3,0,전공선택,"** 강의실 사정으로 비대면수업(실시간 온라인 수업+동영상 수업)으로 진행 될 예정입니다. (개별로 대면 질의응답 가능) ** 중간/기말 평가는 대면 시험을 원칙으로 합니다. 본 과목은 디지털 시스템에 대한 기본적인 개념과 동작 원리를 이해함으로써 디지털 시스템 설계에 대한 폭 넓은 시각을 제공하는 것을 목표로 한다. 이를 위해  논리회로를 구성하는 기본 소자, 조합회로와 순차회로의 설계 이론을  다룬다. **수업관련 모든 자료와 공지사항은 (신)LMS (https://ieilms.jbnu.ac.kr/)를 활용합니다. **학과 방침에 따라 상대평가로 진행",처음 만나는 디지털 논리회로,,,없음
46030,2022,전북대학교,공과대학,컴퓨터공학부,논리설계,2,1학기,3,3,0,전공선택,"디지털 논리회로의 기본 개념을 이해하고 논리식을 기초로 조합논리회로를 구성하는 방법과 플립플롭에서 부터 순서회로의 설계까지 요구되는 학습한다.본 과정의 내용은 컴퓨터구조와 연결되며 플립플롭, 카운터, 레지스터 및 메모리와 같은 디지털 소자의 핵심내용을 이해한다",처음 만나는 디지털 논리회로,,,
46031,2022,전북대학교,공과대학,컴퓨터공학부,소프트웨어개발프로젝트,4,1학기,3,3,0,전공선택,"산업체 또는 실생활에서 필요한 기술에 대한 프로젝트 주제를 선택하고, 주제에 대한 선행기술과 오픈소스 및 관련 자료들을 조사 분석을 한다. 이후 기반설계 및 구현을 통해 중대형 프로젝트를 수행할 수 있는 실무 능력을 습득한다.",없음 (강의 자료 활용),,,"프로그래밍언어(C, C++, Java), 자료구조, 알고리즘, 소프트웨어공학"
46032,2022,전북대학교,공과대학,컴퓨터공학부,기계학습,4,2학기,3,3,0,전공선택,"기계학습은 빅데이터, 컴퓨터비전, 자연어처리, 바이오인포매틱스를 포함하는 다양한 분야에서 필요한 핵심적인 수학 도구가 되었다. 기계학습 연구의 목표는 경험을 통해 학습할 수 있는 컴퓨터시스템을 만드는 것이다. 학습가능한 시스템은 주어진 문제를 풀 수 있는 알고리즘을 사람이 직접 주는 것이 아니고 다양한 예제들로부터 시스템이 어떻게 동작해야 하는지를 스스로 배운다. 이러한 시스템들을 구현하기 위해서는 경험의 결과에 의해 시스템이 자신의 행동을 어떻게 수정해야 하는지를 명시하는 학습 알고리즘이 필요하다. 기계학습 연구분야에서는 어떤 상황에서 어떤 학습 알고리즘이 필요한지 이해하려는 시도들이 다양하게 이루어지고 있으며, 이를 통해 새로운 학습 알고리즘을 개발되고 있다. 본 과목에서는 다양한 응용들에서 좋은 성과를 나타낸 것으로 알려진 기초적인 기계학습 알고리즘들을 다룬다. 알고리즘들이 어떤 차이를 가지고 있고 알고리즘들이 어떤 분야에 잘 적용되는지에 중점을 둘 것이다. 본 과목에서 다루는 알고리즘들은 딥러닝으로 대표되는 최신 학습 알고리즘 기법들의 기초가 된다.",없음,,"Pattern Recognition and Machine Learning, Chris Bishop, Springer, 2007","선형대수, 확률통계"
46033,2022,전북대학교,공과대학,컴퓨터공학부,데이터과학기초,전학년,1학기,3,3,0,교양,"현대는 데이터 홍수 시대이다. 데이터 과학은 “이 기술에 투자할 적기인가”, “지금 집을 사야하나”, “이 증상에 가장 효과적인 약은”, “배너의 색을 어느 것으로 할까”, “무엇을 추천해야 하나” 등과 같은 질문에 과학적인 답을 제시한다. 이 강의는 데이터 과학의 기초를 다루며, 데이터 취득과 가공, 시각화, 다양한 분류 및 분석 기법을 제시한다. R 언어와 다양한 분야에서 발생한 흥미로운 데이터를 가지고 실습을 수행한다. 수강생은 데이터 과학을 활용하여 자신의 실무를 고급 수준으로 처리할 수 있는 능력을 갖게 되며, 데이터 과학자로 성장할 수 있는 기본 역량을 갖추게 된다.",R로 배우는 데이터 과학,,"1. R을 이용한 데이터 분석 실무(무료 pdf) 2. (실리콘밸리 데이터과학자가 알려주는) 따라 하며 배우는 데이터 과학(권재명, 제이펍출판)",컴퓨터 프로그래밍 관련 과목
46034,2022,전북대학교,공과대학,컴퓨터공학부,데이터과학기초,4,2학기,3,3,0,교양,"데이터 과학은 과학적 방법, 프로세스, 알고리즘 및 시스템을 이용하여 다양한 형태의 데이터에서 지식과 통찰력을 얻어내는  학제 간 분야로  본 강좌에서는 학습자의 활용성을 고려하여 실생활과 업무에서 웹을 통해 접근 가능한 각종 정보 서비스들을 위주로 학습한다.",뚝딱뚝딱 배우는 인터넷 활용(Internet Explorer,,,없음
46035,2022,전북대학교,공과대학,컴퓨터공학부,데이터과학기초,전학년,1학기,3,3,0,교양,"데이터 과학은 주변 생활 속 데이터를 분석하여 의사결정을 수행하고 현상에 대한 통찰력을 얻는 데 활용하는 학문으로서, 현대 사회에서는 모든 생활과 학문분야와 응용분야에서 요구된다. 학생들은 자신의전공 분야에서 발생한 대량의 데이터를 대상으로 군집화/분류/시각화/검색 등에 대한 실무능력을 갖춰야 한다. 다양한 분야에서 다양한 형태로 많은 양의 데이터가 생성되고 저장되고있다. 이러한 데이터들을 처리하고 해석하기 위해서는 데이터들을 추출하고 가공하는 코딩능력과 의미있는 결론을 끌어낼 수 있는 통계적 능력이 필요하다.프로그래머보다는 통계를 잘하고, 통계학자 보다는 코딩을 잘하는 데이터과학자가 필요한 이유일 것이다.1차 목표(basic)분석하고자 하는 문제의 정의, 문제 해결을 위한 데이터의 수집 처리 분석방법을 익히고2차 목표(additional)생활이나 대중매체의 익숙한 개념과 문제를 통해 데이터과학의 이해도를 향상 시킨다3차 목표(advanced)4차산업혁명을 이끌어갈 차세대 융복합 학문분야를 육성하여 산업체경쟁력을 갖춘 인재를 양성한다.",난생처음 R코딩&데이터분석,,,없음
46036,2022,전북대학교,공과대학,컴퓨터공학부,데이터과학기초,2,1학기,3,3,0,교양,"현대는 데이터 홍수 시대이다. 이 강의는 데이터 과학의 기초를 다루며, 데이터 취득과 가공, 시각화, 분석 기법을 제시한다. 입출력,변수와연산,제어문,함수등의기초개념을공부한다.계산기,도형,메모장,데이터베이스와같은실용적인문제를위한프로그래밍실습을병행한다.수강생은 데이터 과학을 활용하여 자신의 실무를 고급 수준으로 처리할 수 있는 능력을 갖게 되며, 데이터 과학자로 성장할 수 있는 기본 역량을 갖추게 된다. * 강의 소개 자료 http://awaxs.jbnu.ac.kr/",,,,
46037,2022,전북대학교,공과대학,컴퓨터공학부,오픈소스소프트웨어개발,3,2학기,3,3,0,전공선택,"1. Open Source SW (OSS)의 이해 : OSS의 개념과 생태계, OSS 개발의 특수성 및 주요 OSS의 동향 등에 대해 이해한다.2. Open Source SW (OSS) 개발 실습 : OSS 환경에서의 프로젝트 실습 및 실제 OSS 프로젝트 데이터 분석",오픈소스 기여를 위한 안내서,,,
46038,2022,전북대학교,공과대학,컴퓨터공학부,컴퓨터과학과코딩,1,2학기,3,3,0,교양,"비전공자가 컴퓨터 프로그래밍(코딩)을 통해 컴퓨터과학의 개념을 익히기 위한 강좌이다. 변수와 연산자, 제어문, 함수 등의 프로그래밍 기초 개념 익히고 이를 통해 컴퓨터 프로그램의 작동 원리를 이해한다. 간단한 그래픽, 게임 등의 예제를 통해 흥미로운 실습을 진행하며, 객체지향 프로그래밍 방법론과 같은 중급 프로그래밍의 개념을 배운다. 전공자들 뿐만 아니라 비전공자들도 폭넓게 사용하는 파이썬 프로그래밍 언어를 이용하여 수업을 진행한다.",,,,
46039,2022,전북대학교,공과대학,컴퓨터공학부,컴퓨터과학과코딩,1,1학기,3,3,0,교양,"비전공자가 컴퓨터 프로그래밍(코딩)을 통해 컴퓨터과학의 개념을 익히기 위한 강좌이다. 변수와 연산자, 제어문, 함수 등의 프로그래밍 기초 개념 익히고 이를 통해 컴퓨터 프로그램의 작동 원리를 이해한다. 간단한 그래픽, 게임 등의 예제를 통해 흥미로운 실습을 진행하며, 객체지향 프로그래밍 방법론과 같은 중급 프로그래밍의 개념을 배운다. 전공자들 뿐만 아니라 비전공자들도 폭넓게 사용하는 파이썬 프로그래밍 언어를 이용하여 수업을 진행한다.",,"양숙희,오경선,장은실. (2020). 핵심만쏙쏙 파이썬 . 연두에디션",,없음
46040,2022,전북대학교,공과대학,컴퓨터공학부,컴퓨터과학과코딩,1,1학기,3,3,0,교양,"컴퓨터 프로그래밍을 처음 시작하는 학생 (또는 초보자)을 위한 강좌이다. 변수와 연산, 선택과 반복, 함수 등의 기초 개념을 공부한다. 그래픽, 게임, 계산기 등과 같은 흥미로운 프로그래밍 실습을 병행한다. 초보자임을 감안하여 쉽게 익힐 수 있으면서도 실용적으로 많이 활용되고 있는 파이썬을 기본 언어로 채택한다. 자신의 전공 관련하여 창의적인 프로그래밍 프로젝트 수행을 장려한다. (파이썬은 배우기 쉽다는 장점으로 인해 컴퓨터 전공자뿐 아니라 비전공자의 프로그래밍 교육에서 인기가 높은 언어이다. 데이터 분석과 가시화, 기계학습, 영상처리, 웹 개발, 데이터베이스, 네트워크와 보안, 게임 등의 다양한 패키지가 제공되므로 여러 학문 분야에 걸쳐 널리 활용되고 있다. 무료이다.)",,"양숙희,오경선,장은실. (2020). 핵심만쏙쏙 파이썬 . 연두에디션",,없음
46041,2022,전북대학교,공과대학,컴퓨터공학부,컴퓨터과학과코딩,1,1학기,3,3,0,교양,"컴퓨터 프로그래밍을 처음 시작하는 학생 (또는 초보자)을 위한 강좌이다. 변수와 연산, 선택과 반복, 함수 등의 기초 개념을 공부한다. 그래픽, 게임, 계산기 등과 같은 흥미로운 프로그래밍 실습을 병행한다. 초보자임을 감안하여 쉽게 익힐 수 있으면서도 실용적으로 많이 활용되고 있는 파이썬을 기본 언어로 채택한다. 자신의 전공 관련하여 창의적인 프로그래밍 프로젝트 수행을 장려한다. (파이썬은 배우기 쉽다는 장점으로 인해 컴퓨터 전공자뿐 아니라 비전공자의 프로그래밍 교육에서 인기가 높은 언어이다. 데이터 분석과 가시화, 기계학습, 영상처리, 웹 개발, 데이터베이스, 네트워크와 보안, 게임 등의 다양한 패키지가 제공되므로 여러 학문 분야에 걸쳐 널리 활용되고 있다. 무료이다.)",,"양숙희,오경선,장은실. (2020). 핵심만쏙쏙 파이썬 . 연두에디션",,없음
46042,2022,전북대학교,공과대학,컴퓨터공학부,컴퓨터과학과코딩,1,1학기,3,3,0,교양,"컴퓨터 프로그래밍을 처음 시작하는 학생 (또는 초보자)을 위한 강좌이다. 변수와 연산, 선택과 반복, 함수 등의 기초 개념을 공부한다. 그래픽, 게임, 계산기 등과 같은 흥미로운 프로그래밍 실습을 병행한다. 초보자임을 감안하여 쉽게 익힐 수 있으면서도 실용적으로 많이 활용되고 있는 파이썬을 기본 언어로 채택한다. 자신의 전공 관련하여 창의적인 프로그래밍 프로젝트 수행을 장려한다. (파이썬은 배우기 쉽다는 장점으로 인해 컴퓨터 전공자뿐 아니라 비전공자의 프로그래밍 교육에서 인기가 높은 언어이다. 데이터 분석과 가시화, 기계학습, 영상처리, 웹 개발, 데이터베이스, 네트워크와 보안, 게임 등의 다양한 패키지가 제공되므로 여러 학문 분야에 걸쳐 널리 활용되고 있다. 무료이다.)",,한혁수. (2017). 창의적 프로그래밍을 위한 파이썬. 생능출판,,없음
46043,2022,전북대학교,공과대학,컴퓨터공학부,컴퓨터과학과코딩,1,1학기,3,3,0,교양,"컴퓨터 프로그래밍을 처음 시작하는 학생 (또는 초보자)을 위한 강좌이다. 변수와 연산, 선택과 반복, 함수 등의 기초 개념을 공부한다. 그래픽, 게임, 계산기 등과 같은 흥미로운 프로그래밍 실습을 병행한다. 초보자임을 감안하여 쉽게 익힐 수 있으면서도 실용적으로 많이 활용되고 있는 파이썬을 기본 언어로 채택한다. 자신의 전공 관련하여 창의적인 프로그래밍 프로젝트 수행을 장려한다. (파이썬은 배우기 쉽다는 장점으로 인해 컴퓨터 전공자뿐 아니라 비전공자의 프로그래밍 교육에서 인기가 높은 언어이다. 데이터 분석과 가시화, 기계학습, 영상처리, 웹 개발, 데이터베이스, 네트워크와 보안, 게임 등의 다양한 패키지가 제공되므로 여러 학문 분야에 걸쳐 널리 활용되고 있다. 무료이다.)",,"양숙희,오경선,장은실. (2020). 핵심만쏙쏙 파이썬 . 연두에디션",,없음
46044,2022,전북대학교,공과대학,컴퓨터공학부,컴퓨터과학과코딩,1,1학기,3,3,0,교양,"비전공자가 컴퓨터 프로그래밍(코딩)을 통해 컴퓨터과학의 개념을 익히기 위한 강좌이다. 변수와 연산자, 제어문, 함수 등의 프로그래밍 기초 개념을 익히고 이를 통해 컴퓨터 프로그램의 작동 원리를 이해한다. 또한 예제를 통해 흥미로운 실습을 진행한다. 전공자들 뿐만 아니라 비전공자들도 폭넓게 사용하는 파이썬 프로그래밍 언어를 이용하여 수업을 진행한다.",,,,
46045,2022,전북대학교,공과대학,컴퓨터공학부,컴퓨터과학과코딩,1,1학기,3,3,0,교양,"컴퓨터 프로그래밍을 처음 시작하는 학생 (또는 초보자)을 위한 강좌이다. 변수와 연산, 선택과 반복, 함수 등의 기초 개념을 공부한다. 그래픽, 게임, 계산기 등과 같은 흥미로운 프로그래밍 실습을 병행한다. 초보자임을 감안하여 쉽게 익힐 수 있으면서도 실용적으로 많이 활용되고 있는 파이썬을 기본 언어로 채택한다. 자신의 전공 관련하여 창의적인 프로그래밍 프로젝트 수행을 장려한다. (파이썬은 배우기 쉽다는 장점으로 인해 컴퓨터 전공자뿐 아니라 비전공자의 프로그래밍 교육에서 인기가 높은 언어이다. 데이터 분석과 가시화, 기계학습, 영상처리, 웹 개발, 데이터베이스, 네트워크와 보안, 게임 등의 다양한 패키지가 제공되므로 여러 학문 분야에 걸쳐 널리 활용되고 있다. 무료이다.)",,Swaroop C H. (). A Byte of Python (한글번역본:http://byteofpythonkorean.sourceforge.net/byte_of_python.html). 무료 공개,,
46046,2022,전북대학교,공과대학,컴퓨터공학부,컴퓨터과학과코딩,1,1학기,3,3,0,교양,"비전공자가 컴퓨터 프로그래밍(코딩)을 통해 컴퓨터과학의 개념을 익히기 위한 강좌이다. 변수와연산자, 제어문, 함수 등의 프로그래밍 기초 개념 익히고 이를 통해 컴퓨터 프로그램의 작동원리를 이해한다. 간단한 그래픽, 게임 등의 예제를 통해 흥미로운 실습을 진행하며, 객체지향프로그래밍 방법론과 같은 중급 프로그래밍의 개념을 배운다. 전공자들 뿐만 아니라 비전공자들도 폭넓게 사용하는 파이썬 프로그래밍 언어를 이용하여 수업을 진행한다.",,,,
46047,2022,전북대학교,공과대학,컴퓨터공학부,컴퓨터과학과코딩,전학년,1학기,3,3,0,교양,"비전공자가 컴퓨터 프로그래밍(코딩)을 통해 컴퓨터과학의 개념을 익히기 위한 강좌이다. 변수와 연산자, 제어문, 함수 등의 프로그래밍 기초 개념 익히고 이를 통해 컴퓨터 프로그램의 작동 원리를 이해한다. 간단한 그래픽, 게임 등의 예제를 통해 흥미로운 실습을 진행하며, 객체지향 프로그래밍 방법론과 같은 중급 프로그래밍의 개념을 배운다. 전공자들 뿐만 아니라 비전공자들도 폭넓게 사용하는 파이썬 프로그래밍 언어를 이용하여 수업을 진행한다.",두근두근 파이썬,,,
46048,2022,전북대학교,공과대학,컴퓨터공학부,컴퓨터과학과코딩,전학년,1학기,3,3,0,교양,"비전공자가 컴퓨터 프로그래밍(코딩)을 통해 컴퓨터과학의 개념을 익히기 위한 강좌이다. 변수와 연산자, 제어문, 함수 등의 프로그래밍 기초 개념 익히고 이를 통해 컴퓨터 프로그램의 작동 원리를 이해한다. 간단한 그래픽, 게임 등의 예제를 통해 흥미로운 실습을 진행하며, 객체지향 프로그래밍 방법론과 같은 중급 프로그래밍의 개념을 배운다. 전공자들 뿐만 아니라 비전공자들도 폭넓게 사용하는 파이썬 프로그래밍 언어를 이용하여 수업을 진행한다.",두근두근 파이썬천인국생능출판2017,,,
46049,2022,전북대학교,공과대학,컴퓨터공학부,컴퓨터과학과코딩,전학년,1학기,3,3,0,교양,"비전공자가 컴퓨터 프로그래밍(코딩)을 통해 컴퓨터과학의 개념을 익히기 위한 강좌이다. 변수와 연산자, 제어문, 함수 등의 프로그래밍 기초 개념 익히고 이를 통해 컴퓨터 프로그램의 작동 원리를 이해한다. 간단한 그래픽, 게임 등의 예제를 통해 흥미로운 실습을 진행하며, 객체지향 프로그래밍 방법론과 같은 중급 프로그래밍의 개념을 배운다. 전공자들 뿐만 아니라 비전공자들도 폭넓게 사용하는 파이썬 프로그래밍 언어를 이용하여 수업을 진행한다.",두근두근 파이썬,,,
46050,2022,전북대학교,공과대학,컴퓨터공학부,컴퓨터과학과코딩,1,2학기,3,3,0,교양,"비전공자가 컴퓨터 프로그래밍(코딩)을 통해 컴퓨터과학의 개념을 익히기 위한 강좌이다. 변수와 연산자, 제어문, 함수 등의 프로그래밍 기초 개념 익히고 이를 통해 컴퓨터 프로그램의 작동 원리를 이해한다. 간단한 그래픽, 게임 등의 예제를 통해 흥미로운 실습을 진행하며, 객체지향 프로그래밍 방법론과 같은 중급 프로그래밍의 개념을 배운다. 전공자들 뿐만 아니라 비전공자들도 폭넓게 사용하는 파이썬 프로그래밍 언어를 이용하여 수업을 진행한다.",두근두근 파이썬,,,
46051,2022,전북대학교,공과대학,컴퓨터공학부,컴퓨터과학과코딩,1,1학기,3,3,0,교양,"비전공자가 컴퓨터 프로그래밍(코딩)을 통해 컴퓨터과학의 개념을 익히기 위한 강좌이다. 변수와 연산자, 제어문, 함수 등의 프로그래밍 기초 개념 익히고 이를 통해 컴퓨터 프로그램의 작동 원리를 이해한다. 간단한 그래픽, 게임 등의 예제를 통해 흥미로운 실습을 진행하며, 객체지향 프로그래밍 방법론과 같은 중급 프로그래밍의 개념을 배운다. 전공자들 뿐만 아니라 비전공자들도 폭넓게 사용하는 파이썬 프로그래밍 언어를 이용하여 수업을 진행한다.",,,,
46052,2022,전북대학교,공과대학,컴퓨터공학부,컴퓨터과학과코딩,전학년,1학기,3,3,0,교양,"비전공자가 컴퓨터 프로그래밍(코딩)을 통해 컴퓨터과학의 개념을 익히기 위한 강좌이다. 변수와 연산자, 제어문, 함수 등의 프로그래밍 기초 개념을 익히고 이를 통해 컴퓨터 프로그램의 작동 원리를 이해 한다. 간단한 그래픽, 게임 등의 예제를 통해 흥미로운 실습을 진행하며, 객체제향 프로그래밍 방법론과 같은 중급 프로그래밍의 개념을 배운다. 전공자들 뿐만 아니라 비전공자들도 폭넓게 사용하는  파이썬 프로그래밍 언어를 이용하여 수업을 진행한다.",두근두근 파이썬,,,없음
46053,2022,전북대학교,공과대학,컴퓨터공학부,컴퓨터과학과코딩,전학년,2학기,3,3,0,교양,"비전공자가 컴퓨터 프로그래밍(코딩)을 통해 컴퓨터과학의 개념을 익히기 위한 강좌이다. 변수와 연산자, 제어문, 함수 등의 프로그래밍 기초 개념 익히고 이를 통해 컴퓨터 프로그램의 작동 원리를 이해한다. 간단한 그래픽, 게임 등의 예제를 통해 흥미로운 실습을 진행하며, 객체지향 프로그래밍 방법론과 같은 중급 프로그래밍의 개념을 배운다. 전공자들 뿐만 아니라 비전공자들도 폭넓게 사용하는 파이썬 프로그래밍 언어를 이용하여 수업을 진행한다.",두근두근 파이썬천인국생능출판2017,,,
46054,2022,전북대학교,공과대학,컴퓨터공학부,컴퓨터과학과코딩,1,1학기,3,3,0,교양,"컴퓨터 프로그래밍을 처음 시작하는 학생 (또는 초보자)을 위한 강좌이다. 변수와 연산, 선택과 반복, 함수 등의 기초 개념을 공부한다. 그래픽, 게임, 계산기 등과 같은 흥미로운 프로그래밍 실습을 병행한다. 초보자임을 감안하여 쉽게 익힐 수 있으면서도 실용적으로 많이 활용되고 있는 파이썬을 기본 언어로 채택한다. 자신의 전공 관련하여 창의적인 프로그래밍 프로젝트 수행을 장려한다. (파이썬은 배우기 쉽다는 장점으로 인해 컴퓨터 전공자뿐 아니라 비전공자의 프로그래밍 교육에서 인기가 높은 언어이다. 데이터 분석과 가시화, 기계학습, 영상처리, 웹 개발, 데이터베이스, 네트워크와 보안, 게임 등의 다양한 패키지가 제공되므로 여러 학문 분야에 걸쳐 널리 활용되고 있다. 무료이다.)",,"양숙희,오경선,장은실. (2020). 핵심만쏙쏙 파이썬 . 연두에디션",,없음
46055,2022,전북대학교,공과대학,컴퓨터공학부,컴퓨터과학과코딩,전학년,2학기,3,3,0,교양,"비전공자가 컴퓨터 프로그래밍(코딩)을 통해 컴퓨터과학의 개념을 익히기 위한 강좌이다. 변수와 연산자, 제어문, 함수 등의 프로그래밍 기초 개념 익히고 이를 통해 컴퓨터 프로그램의 작동 원리를 이해한다. 간단한 그래픽, 게임 등의 예제를 통해 흥미로운 실습을 진행하며, 객체지향 프로그래밍 방법론과 같은 중급 프로그래밍의 개념을 배운다. 전공자들 뿐만 아니라 비전공자들도 폭넓게 사용하는 파이썬 프로그래밍 언어를 이용하여 수업을 진행한다.",두근두근파이썬,,,
46056,2022,전북대학교,공과대학,컴퓨터공학부,컴퓨터과학과코딩,1,1학기,3,3,0,교양,"컴퓨터 프로그래밍을 처음 시작하는 학생 (또는 초보자)을 위한 강좌이다. 변수와 연산, 선택과 반복, 함수 등의 기초 개념을 공부한다. 그래픽, 게임, 계산기 등과 같은 흥미로운 프로그래밍 실습을 병행한다. 초보자임을 감안하여 쉽게 익힐 수 있으면서도 실용적으로 많이 활용되고 있는 파이썬을 기본 언어로 채택한다. 자신의 전공 관련하여 창의적인 프로그래밍 프로젝트 수행을 장려한다. (파이썬은 배우기 쉽다는 장점으로 인해 컴퓨터 전공자뿐 아니라 비전공자의 프로그래밍 교육에서 인기가 높은 언어이다. 데이터 분석과 가시화, 기계학습, 영상처리, 웹 개발, 데이터베이스, 네트워크와 보안, 게임 등의 다양한 패키지가 제공되므로 여러 학문 분야에 걸쳐 널리 활용되고 있다. 무료이다.)",,"양숙희,오경선,장은실. (2020). 핵심만쏙쏙 파이썬 . 연두에디션",,없음
46057,2022,전북대학교,공과대학,컴퓨터공학부,컴퓨터과학과코딩,전학년,2학기,3,3,0,교양,"비전공자가 컴퓨터 프로그래밍(코딩)을 통해 컴퓨터과학의 개념을 익히기 위한 강좌이다. 변수와 연산자, 제어문, 함수 등의 프로그래밍 기초 개념 익히고 이를 통해 컴퓨터 프로그램의 작동 원리를 이해한다. 간단한 그래픽, 게임 등의 예제를 통해 흥미로운 실습을 진행하며, 객체지향 프로그래밍 방법론과 같은 중급 프로그래밍의 개념을 배운다. 전공자들 뿐만 아니라 비전공자들도 폭넓게 사용하는 파이썬 프로그래밍 언어를 이용하여 수업을 진행한다.",두근두근 파이썬,,창의적 프로그래밍을 위한 파이썬    한혁수  생능  2017,
46058,2022,전북대학교,공과대학,컴퓨터공학부,컴퓨터과학과코딩,1,1학기,3,3,0,교양,"비전공자가 컴퓨터 프로그래밍(코딩)을 통해 컴퓨터과학의 개념을 익히기 위한 강좌이다. 변수와 연산자, 제어문, 함수 등의 프로그래밍 기초 개념을 익히고 이를 통해 컴퓨터 프로그램의 작동 원리를 이해 한다. 간단한 그래픽, 게임 등의 예제를 통해 흥미로운 실습을 진행하며, 객체제향 프로그래밍 방법론과 같은 중급 프로그래밍의 개념을 배운다. 전공자들 뿐만 아니라 비전공자들도 폭넓게 사용하는  파이썬 프로그래밍 언어를 이용하여 수업을 진행한다.",,한혁수. (2017). 창의적 프로그래밍을 위한 파이썬. 생능출판,,없음
46059,2022,전북대학교,공과대학,컴퓨터공학부,컴퓨터과학과코딩,1,1학기,3,3,0,교양,"비전공자가 컴퓨터 프로그래밍(코딩)을 통해 컴퓨터과학의 개념을 익히기 위한 강좌이다. 변수와 연산자, 제어문, 함수 등의 프로그래밍 기초 개념을 익히고 이를 통해 컴퓨터 프로그램의 작동 원리를 이해 한다. 간단한 그래픽, 게임 등의 예제를 통해 흥미로운 실습을 진행하며, 객체제향 프로그래밍 방법론과 같은 중급 프로그래밍의 개념을 배운다. 전공자들 뿐만 아니라 비전공자들도 폭넓게 사용하는  파이썬 프로그래밍 언어를 이용하여 수업을 진행한다.",,양숙희외 2인. (2020). 핵심만쏙쏙 파이썬. 연두에디션,,없음
46060,2022,전북대학교,공과대학,컴퓨터공학부,컴퓨터과학과코딩,1,1학기,3,3,0,교양,"컴퓨터 프로그래밍을 처음 시작하는 학생 (또는 초보자)을 위한 강좌이다. 변수와 연산, 선택과 반복, 함수 등의 기초 개념을 공부한다. 그래픽, 게임, 계산기 등과 같은 흥미로운 프로그래밍 실습을 병행한다. 초보자임을 감안하여 쉽게 익힐 수 있으면서도 실용적으로 많이 활용되고 있는 파이썬을 기본 언어로 채택한다. 자신의 전공 관련하여 창의적인 프로그래밍 프로젝트 수행을 장려한다. (파이썬은 배우기 쉽다는 장점으로 인해 컴퓨터 전공자뿐 아니라 비전공자의 프로그래밍 교육에서 인기가 높은 언어이다. 데이터 분석과 가시화, 기계학습, 영상처리, 웹 개발, 데이터베이스, 네트워크와 보안, 게임 등의 다양한 패키지가 제공되므로 여러 학문 분야에 걸쳐 널리 활용되고 있다. 무료이다.)",,"양숙희,오경선,장은실. (2020). 핵심만쏙쏙 파이썬 . 연두에디션",,없음
46061,2022,전북대학교,공과대학,컴퓨터공학부,컴퓨터과학과코딩,1,1학기,3,3,0,교양,"비전공자가 컴퓨터 프로그래밍(코딩)을 통해 컴퓨터과학의 개념을 익히기 위한 강좌이다. 변수와 연산자, 제어문, 함수 등의 프로그래밍 기초 개념을 익히고 이를 통해 컴퓨터 프로그램의 작동 원리를 이해한다. 또한 예제를 통해 흥미로운 실습을 진행한다. 전공자들 뿐만 아니라 비전공자들도 폭넓게 사용하는 파이썬 프로그래밍 언어를 이용하여 수업을 진행한다.",,,,
46062,2022,전북대학교,공과대학,컴퓨터공학부,컴퓨터과학과코딩,1,1학기,3,3,0,교양,"컴퓨터 프로그래밍을 처음 시작하는 학생 (또는 초보자)을 위한 강좌이다. 변수와 연산, 선택과 반복, 함수 등의 기초 개념을 공부한다. 그래픽, 게임, 계산기 등과 같은 흥미로운 프로그래밍 실습을 병행한다. 초보자임을 감안하여 쉽게 익힐 수 있으면서도 실용적으로 많이 활용되고 있는 파이썬을 기본 언어로 채택한다. 자신의 전공 관련하여 창의적인 프로그래밍 프로젝트 수행을 장려한다. (파이썬은 배우기 쉽다는 장점으로 인해 컴퓨터 전공자뿐 아니라 비전공자의 프로그래밍 교육에서 인기가 높은 언어이다. 데이터 분석과 가시화, 기계학습, 영상처리, 웹 개발, 데이터베이스, 네트워크와 보안, 게임 등의 다양한 패키지가 제공되므로 여러 학문 분야에 걸쳐 널리 활용되고 있다. 무료이다.)",,"김귀연, 최준용. (2021). 파이썬 프로그래밍 및 실습(전자도서). 이수교육",,없음
46063,2022,전북대학교,공과대학,컴퓨터공학부,전공진로설계 1,2,1학기,0.5,0,1,공통필수,* 진로설계 및 실행역량 강화   자기이해 역량강화   직업정보 탐색역량 강화   의사결정 역량강화   직업기초능력/ 구직기술/ 자기개발 역량 강화,"I. 전공(교수) 개설 전공진로설계 프로그램, II. 전공진로설계 학생용 가이드북(pdf로 배부), III. 2020 큰사람 프로젝트 매뉴얼(pdf로 배부)사업단 주최 비교과 포인트 취득 활동 포함",,▣ 교내 관련 사이트 취업지원과 (http://career.jbnu.ac.kr/) 현장실습센터 (http://fildwork.jbnu.ac.kr/) 창업교육센터 (http://startup.jbnu.ac.kr/) 창업지원단 (http://cangup.jbnu.ac.kr/) 공학교육혁신센터 (http://ceerc.jbnu.ac.kr/) LINC+ 사업단 (http://lincplus.jbnu.ac.kr/) 행복드림센터 (https://happycenter.jbnu.ac.kr/) 혁신교육개발원 (http://iei.jbnu.ac.kr/) 국제협력부 (http://ioffice.cbnu.edu/)▣ 공공 직업 정보 사이트 워크넷 (www.work.go.kr)  커리어넷 (www.careernet.re.kr)  대졸취업준비생 전용사이트(jobyoung.work.go.kr)  중소기업 전문 취업 포털(www.ibkjob.co.kr)▣ 민간 직업 정보 탐색 사이트인쿠르트(www.incruit.com) 리쿠르트(www.recruit.co.kr) 잡코리아(www.jobkorea.co.kr) 스카우트(www.scout.co.kr) 커리어넷(www.careernet.re.kr)유니코서치(www.unicosearch.com) 헤드헌트코리아(www.headhuntkorea.com),
46064,2022,전북대학교,공과대학,컴퓨터공학부,전공진로설계 1,2,1학기,0.5,0,1,공통필수,* 진로설계 및 실행역량 강화   자기이해 역량강화   직업정보 탐색역량 강화   의사결정 역량강화   직업기초능력/ 구직기술/ 자기개발 역량 강화,,,▣ 교내 관련 사이트: 예시는 아래와 같음 취업지원과 (http://career.jbnu.ac.kr/) 현장실습센터 (http://fildwork.jbnu.ac.kr/) 창업교육센터 (http://startup.jbnu.ac.kr/) 창업지원단 (http://cangup.jbnu.ac.kr/) 공학교육혁신센터 (http://ceerc.jbnu.ac.kr/) LINC+ 사업단 (http://lincplus.jbnu.ac.kr/) 행복드림센터 (https://happycenter.jbnu.ac.kr/) 혁신교육개발원 (http://iei.jbnu.ac.kr/) 국제협력부 (http://ioffice.cbnu.edu/)▣ 공공 직업 정보 사이트: 예시는 아래와 같음 워크넷 (www.work.go.kr)  커리어넷 (www.careernet.re.kr)  대졸취업준비생 전용사이트(jobyoung.work.go.kr)  중소기업 전문 취업 포털(www.ibkjob.co.kr)▣ 민간 직업 정보 탐색 사이트: 예시는 아래와 같음인쿠르트(www.incruit.com) 리쿠르트(www.recruit.co.kr) 잡코리아(www.jobkorea.co.kr) 스카우트(www.scout.co.kr) 커리어넷(www.careernet.re.kr)유니코서치(www.unicosearch.com) 헤드헌트코리아(www.headhuntkorea.com),
46065,2022,전북대학교,공과대학,컴퓨터공학부,전공진로설계 1,2,1학기,0.5,0,1,공통필수,* 진로설계 및 실행역량 강화   자기이해 역량강화   직업정보 탐색역량 강화   의사결정 역량강화   직업기초능력/ 구직기술/ 자기개발 역량 강화,"I. 전공(교수) 개설 전공진로설계 프로그램, II. 전공진로설계 학생용 가이드북(pdf로 배부), III. 2020 큰사람 프로젝트 매뉴얼(pdf로 배부)사업단 주최 비교과 포인트 취득 활동 포함",,▣ 교내 관련 사이트: 예시는 아래와 같음 취업지원과 (http://career.jbnu.ac.kr/) 현장실습센터 (http://fildwork.jbnu.ac.kr/) 창업교육센터 (http://startup.jbnu.ac.kr/) 창업지원단 (http://cangup.jbnu.ac.kr/) 공학교육혁신센터 (http://ceerc.jbnu.ac.kr/) LINC+ 사업단 (http://lincplus.jbnu.ac.kr/) 행복드림센터 (https://happycenter.jbnu.ac.kr/) 혁신교육개발원 (http://iei.jbnu.ac.kr/) 국제협력부 (http://ioffice.cbnu.edu/)▣ 공공 직업 정보 사이트: 예시는 아래와 같음 워크넷 (www.work.go.kr)  커리어넷 (www.careernet.re.kr)  대졸취업준비생 전용사이트(jobyoung.work.go.kr)  중소기업 전문 취업 포털(www.ibkjob.co.kr)▣ 민간 직업 정보 탐색 사이트: 예시는 아래와 같음인쿠르트(www.incruit.com) 리쿠르트(www.recruit.co.kr) 잡코리아(www.jobkorea.co.kr) 스카우트(www.scout.co.kr) 커리어넷(www.careernet.re.kr)유니코서치(www.unicosearch.com) 헤드헌트코리아(www.headhuntkorea.com),
46066,2022,전북대학교,공과대학,컴퓨터공학부,전공진로설계 1,2,1학기,0.5,0,1,공통필수,* 진로설계 및 실행역량 강화   자기이해 역량강화   직업정보 탐색역량 강화   의사결정 역량강화   직업기초능력/ 구직기술/ 자기개발 역량 강화,"I. 전공(교수) 개설 전공진로설계 프로그램, II. 전공진로설계 학생용 가이드북(pdf로 배부), III. 2020 큰사람 프로젝트 매뉴얼(pdf로 배부)사업단 주최 비교과 포인트 취득 활동 포함",,▣ 교내 관련 사이트: 예시는 아래와 같음 취업지원과 (http://career.jbnu.ac.kr/) 현장실습센터 (http://fildwork.jbnu.ac.kr/) 창업교육센터 (http://startup.jbnu.ac.kr/) 창업지원단 (http://cangup.jbnu.ac.kr/) 공학교육혁신센터 (http://ceerc.jbnu.ac.kr/) LINC+ 사업단 (http://lincplus.jbnu.ac.kr/) 행복드림센터 (https://happycenter.jbnu.ac.kr/) 혁신교육개발원 (http://iei.jbnu.ac.kr/) 국제협력부 (http://ioffice.cbnu.edu/)▣ 공공 직업 정보 사이트: 예시는 아래와 같음 워크넷 (www.work.go.kr)  커리어넷 (www.careernet.re.kr)  대졸취업준비생 전용사이트(jobyoung.work.go.kr)  중소기업 전문 취업 포털(www.ibkjob.co.kr)▣ 민간 직업 정보 탐색 사이트: 예시는 아래와 같음인쿠르트(www.incruit.com) 리쿠르트(www.recruit.co.kr) 잡코리아(www.jobkorea.co.kr) 스카우트(www.scout.co.kr) 커리어넷(www.careernet.re.kr)유니코서치(www.unicosearch.com) 헤드헌트코리아(www.headhuntkorea.com),
46067,2022,전북대학교,공과대학,컴퓨터공학부,전공진로설계 1,2,1학기,0.5,0,1,공통필수,* 진로설계 및 실행역량 강화   자기이해 역량강화   직업정보 탐색역량 강화   의사결정 역량강화   직업기초능력/ 구직기술/ 자기개발 역량 강화,"I. 전공(교수) 개설 전공진로설계 프로그램, II. 전공진로설계 학생용 가이드북(pdf로 배부), III. 2020 큰사람 프로젝트 매뉴얼(pdf로 배부)사업단 주최 비교과 포인트 취득 활동 포함",,▣ 교내 관련 사이트: 예시는 아래와 같음 취업지원과 (http://career.jbnu.ac.kr/) 현장실습센터 (http://fildwork.jbnu.ac.kr/) 창업교육센터 (http://startup.jbnu.ac.kr/) 창업지원단 (http://cangup.jbnu.ac.kr/) 공학교육혁신센터 (http://ceerc.jbnu.ac.kr/) LINC+ 사업단 (http://lincplus.jbnu.ac.kr/) 행복드림센터 (https://happycenter.jbnu.ac.kr/) 혁신교육개발원 (http://iei.jbnu.ac.kr/) 국제협력부 (http://ioffice.cbnu.edu/)▣ 공공 직업 정보 사이트: 예시는 아래와 같음 워크넷 (www.work.go.kr)  커리어넷 (www.careernet.re.kr)  대졸취업준비생 전용사이트(jobyoung.work.go.kr)  중소기업 전문 취업 포털(www.ibkjob.co.kr)▣ 민간 직업 정보 탐색 사이트: 예시는 아래와 같음인쿠르트(www.incruit.com) 리쿠르트(www.recruit.co.kr) 잡코리아(www.jobkorea.co.kr) 스카우트(www.scout.co.kr) 커리어넷(www.careernet.re.kr)유니코서치(www.unicosearch.com) 헤드헌트코리아(www.headhuntkorea.com),
46068,2022,전북대학교,공과대학,컴퓨터공학부,전공진로설계 1,2,1학기,0.5,0,1,공통필수,진로설계 및 실행역량 강화   자기이해 역량강화   직업정보 탐색역량 강화   의사결정 역량강화   직업기초능력/ 구직기술/ 자기개발 역량 강화** 수업관련 모든 자료와 공지사항은 (신)LMS (https://ieilms.jbnu.ac.kr/)를 활용합니다. ** 긴급한 공지사항일 경우 오아시스에 등록된 이메일 계정으로 메일을 보내드립니다.,,,I. 전공(교수) 개설 전공진로설계 프로그램 II. 전공진로설계 학생용 가이드북(pdf로 배부)III. 2020 큰사람 프로젝트 매뉴얼(pdf로 배부)사업단 주최 비교과 포인트 취득 활동 포함,
46069,2022,전북대학교,공과대학,컴퓨터공학부,전공진로설계 1,2,1학기,0.5,0,1,공통필수,* 진로설계 및 실행역량 강화   자기이해 역량강화   직업정보 탐색역량 강화   의사결정 역량강화   직업기초능력/ 구직기술/ 자기개발 역량 강화,"I. 전공(교수) 개설 전공진로설계 프로그램, II. 전공진로설계 학생용 가이드북(pdf로 배부), III. 2020 큰사람 프로젝트 매뉴얼(pdf로 배부)사업단 주최 비교과 포인트 취득 활동 포함",,▣ 교내 관련 사이트: 예시는 아래와 같음 취업지원과 (http://career.jbnu.ac.kr/) 현장실습센터 (http://fildwork.jbnu.ac.kr/) 창업교육센터 (http://startup.jbnu.ac.kr/) 창업지원단 (http://cangup.jbnu.ac.kr/) 공학교육혁신센터 (http://ceerc.jbnu.ac.kr/) LINC+ 사업단 (http://lincplus.jbnu.ac.kr/) 행복드림센터 (https://happycenter.jbnu.ac.kr/) 혁신교육개발원 (http://iei.jbnu.ac.kr/) 국제협력부 (http://ioffice.cbnu.edu/)▣ 공공 직업 정보 사이트: 예시는 아래와 같음 워크넷 (www.work.go.kr)  커리어넷 (www.careernet.re.kr)  대졸취업준비생 전용사이트(jobyoung.work.go.kr)  중소기업 전문 취업 포털(www.ibkjob.co.kr)▣ 민간 직업 정보 탐색 사이트: 예시는 아래와 같음인쿠르트(www.incruit.com) 리쿠르트(www.recruit.co.kr) 잡코리아(www.jobkorea.co.kr) 스카우트(www.scout.co.kr) 커리어넷(www.careernet.re.kr)유니코서치(www.unicosearch.com) 헤드헌트코리아(www.headhuntkorea.com),
46070,2022,전북대학교,공과대학,컴퓨터공학부,전공진로설계 1,2,1학기,0.5,0,1,공통필수,* 진로설계 및 실행역량 강화   자기이해 역량강화   직업정보 탐색역량 강화   의사결정 역량강화   직업기초능력/ 구직기술/ 자기개발 역량 강화,"I. 전공(교수) 개설 전공진로설계 프로그램, II. 전공진로설계 학생용 가이드북(pdf로 배부), III. 2020 큰사람 프로젝트 매뉴얼(pdf로 배부)사업단 주최 비교과 포인트 취득 활동 포함",,▣ 교내 관련 사이트: 예시는 아래와 같음 취업지원과 (http://career.jbnu.ac.kr/) 현장실습센터 (http://fildwork.jbnu.ac.kr/) 창업교육센터 (http://startup.jbnu.ac.kr/) 창업지원단 (http://cangup.jbnu.ac.kr/) 공학교육혁신센터 (http://ceerc.jbnu.ac.kr/) LINC+ 사업단 (http://lincplus.jbnu.ac.kr/) 행복드림센터 (https://happycenter.jbnu.ac.kr/) 혁신교육개발원 (http://iei.jbnu.ac.kr/) 국제협력부 (http://ioffice.cbnu.edu/)▣ 공공 직업 정보 사이트: 예시는 아래와 같음 워크넷 (www.work.go.kr)  커리어넷 (www.careernet.re.kr)  대졸취업준비생 전용사이트(jobyoung.work.go.kr)  중소기업 전문 취업 포털(www.ibkjob.co.kr)▣ 민간 직업 정보 탐색 사이트: 예시는 아래와 같음인쿠르트(www.incruit.com) 리쿠르트(www.recruit.co.kr) 잡코리아(www.jobkorea.co.kr) 스카우트(www.scout.co.kr) 커리어넷(www.careernet.re.kr)유니코서치(www.unicosearch.com) 헤드헌트코리아(www.headhuntkorea.com),
46071,2022,전북대학교,공과대학,컴퓨터공학부,전공진로설계 1,2,1학기,0.5,0,1,공통필수,* 진로설계 및 실행역량 강화   자기이해 역량강화   직업정보 탐색역량 강화   의사결정 역량강화   직업기초능력/ 구직기술/ 자기개발 역량 강화,"I. 전공(교수) 개설 전공진로설계 프로그램, II. 전공진로설계 학생용 가이드북(pdf로 배부), III. 2020 큰사람 프로젝트 매뉴얼(pdf로 배부)사업단 주최 비교과 포인트 취득 활동 포함",,▣ 교내 관련 사이트: 예시는 아래와 같음 취업지원과 (http://career.jbnu.ac.kr/) 현장실습센터 (http://fildwork.jbnu.ac.kr/) 창업교육센터 (http://startup.jbnu.ac.kr/) 창업지원단 (http://cangup.jbnu.ac.kr/) 공학교육혁신센터 (http://ceerc.jbnu.ac.kr/) LINC+ 사업단 (http://lincplus.jbnu.ac.kr/) 행복드림센터 (https://happycenter.jbnu.ac.kr/) 혁신교육개발원 (http://iei.jbnu.ac.kr/) 국제협력부 (http://ioffice.cbnu.edu/)▣ 공공 직업 정보 사이트: 예시는 아래와 같음 워크넷 (www.work.go.kr)  커리어넷 (www.careernet.re.kr)  대졸취업준비생 전용사이트(jobyoung.work.go.kr)  중소기업 전문 취업 포털(www.ibkjob.co.kr)▣ 민간 직업 정보 탐색 사이트: 예시는 아래와 같음인쿠르트(www.incruit.com) 리쿠르트(www.recruit.co.kr) 잡코리아(www.jobkorea.co.kr) 스카우트(www.scout.co.kr) 커리어넷(www.careernet.re.kr)유니코서치(www.unicosearch.com) 헤드헌트코리아(www.headhuntkorea.com),
46072,2022,전북대학교,공과대학,컴퓨터공학부,전공진로설계 1,2,1학기,0.5,0,1,공통필수,* 진로설계 및 실행역량 강화   자기이해 역량강화   직업정보 탐색역량 강화   의사결정 역량강화   직업기초능력/ 구직기술/ 자기개발 역량 강화,"I. 전공(교수) 개설 전공진로설계 프로그램, II. 전공진로설계 학생용 가이드북(pdf로 배부), III. 2020 큰사람 프로젝트 매뉴얼(pdf로 배부)사업단 주최 비교과 포인트 취득 활동 포함",,▣ 교내 관련 사이트: 예시는 아래와 같음 취업지원과 (http://career.jbnu.ac.kr/) 현장실습센터 (http://fildwork.jbnu.ac.kr/) 창업교육센터 (http://startup.jbnu.ac.kr/) 창업지원단 (http://cangup.jbnu.ac.kr/) 공학교육혁신센터 (http://ceerc.jbnu.ac.kr/) LINC+ 사업단 (http://lincplus.jbnu.ac.kr/) 행복드림센터 (https://happycenter.jbnu.ac.kr/) 혁신교육개발원 (http://iei.jbnu.ac.kr/) 국제협력부 (http://ioffice.cbnu.edu/)▣ 공공 직업 정보 사이트: 예시는 아래와 같음 워크넷 (www.work.go.kr)  커리어넷 (www.careernet.re.kr)  대졸취업준비생 전용사이트(jobyoung.work.go.kr)  중소기업 전문 취업 포털(www.ibkjob.co.kr)▣ 민간 직업 정보 탐색 사이트: 예시는 아래와 같음인쿠르트(www.incruit.com) 리쿠르트(www.recruit.co.kr) 잡코리아(www.jobkorea.co.kr) 스카우트(www.scout.co.kr) 커리어넷(www.careernet.re.kr)유니코서치(www.unicosearch.com) 헤드헌트코리아(www.headhuntkorea.com),
46073,2022,전북대학교,공과대학,컴퓨터공학부,전공진로설계 1,2,1학기,0.5,0,1,공통필수,* 진로설계 및 실행역량 강화   자기이해 역량강화   직업정보 탐색역량 강화   의사결정 역량강화   직업기초능력/ 구직기술/ 자기개발 역량 강화,"I. 전공(교수) 개설 전공진로설계 프로그램, II. 전공진로설계 학생용 가이드북(pdf로 배부), III. 2020 큰사람 프로젝트 매뉴얼(pdf로 배부)사업단 주최 비교과 포인트 취득 활동 포함",,▣ 교내 관련 사이트: 예시는 아래와 같음 취업지원과 (http://career.jbnu.ac.kr/) 현장실습센터 (http://fildwork.jbnu.ac.kr/) 창업교육센터 (http://startup.jbnu.ac.kr/) 창업지원단 (http://cangup.jbnu.ac.kr/) 공학교육혁신센터 (http://ceerc.jbnu.ac.kr/) LINC+ 사업단 (http://lincplus.jbnu.ac.kr/) 행복드림센터 (https://happycenter.jbnu.ac.kr/) 혁신교육개발원 (http://iei.jbnu.ac.kr/) 국제협력부 (http://ioffice.cbnu.edu/)▣ 공공 직업 정보 사이트: 예시는 아래와 같음 워크넷 (www.work.go.kr)  커리어넷 (www.careernet.re.kr)  대졸취업준비생 전용사이트(jobyoung.work.go.kr)  중소기업 전문 취업 포털(www.ibkjob.co.kr)▣ 민간 직업 정보 탐색 사이트: 예시는 아래와 같음인쿠르트(www.incruit.com) 리쿠르트(www.recruit.co.kr) 잡코리아(www.jobkorea.co.kr) 스카우트(www.scout.co.kr) 커리어넷(www.careernet.re.kr)유니코서치(www.unicosearch.com) 헤드헌트코리아(www.headhuntkorea.com),
46074,2022,전북대학교,공과대학,컴퓨터공학부,전공진로설계 1,2,1학기,0.5,0,1,공통필수,* 진로설계 및 실행역량 강화   자기이해 역량강화   직업정보 탐색역량 강화   의사결정 역량강화   직업기초능력/ 구직기술/ 자기개발 역량 강화,I. 전공(교수) 개설 전공진로설계 프로그램 II. 전공진로설계 학생용 가이드북(pdf로 배부)III. 2020 큰사람 프로젝트 매뉴얼(pdf로 배부)사업단 주최 비교과 포인트 취득 활동 포함,,▣ 교내 관련 사이트: 예시는 아래와 같음 취업지원과 (http://career.jbnu.ac.kr/) 현장실습센터 (http://fildwork.jbnu.ac.kr/) 창업교육센터 (http://startup.jbnu.ac.kr/) 창업지원단 (http://cangup.jbnu.ac.kr/) 공학교육혁신센터 (http://ceerc.jbnu.ac.kr/) LINC+ 사업단 (http://lincplus.jbnu.ac.kr/) 행복드림센터 (https://happycenter.jbnu.ac.kr/) 혁신교육개발원 (http://iei.jbnu.ac.kr/) 국제협력부 (http://ioffice.cbnu.edu/)▣ 공공 직업 정보 사이트: 예시는 아래와 같음 워크넷 (www.work.go.kr)  커리어넷 (www.careernet.re.kr)  대졸취업준비생 전용사이트(jobyoung.work.go.kr)  중소기업 전문 취업 포털(www.ibkjob.co.kr)▣ 민간 직업 정보 탐색 사이트: 예시는 아래와 같음인쿠르트(www.incruit.com) 리쿠르트(www.recruit.co.kr) 잡코리아(www.jobkorea.co.kr) 스카우트(www.scout.co.kr) 커리어넷(www.careernet.re.kr)유니코서치(www.unicosearch.com) 헤드헌트코리아(www.headhuntkorea.com),
46075,2022,전북대학교,공과대학,컴퓨터공학부,전공진로설계 2,2,2학기,0.5,0,1,공통필수,* 진로설계 및 실행역량 강화   자기이해 역량강화   직업정보 탐색역량 강화   의사결정 역량강화   직업기초능력/ 구직기술/ 자기개발 역량 강화,I. 전공(교수) 개설 전공진로설계 프로그램 II. 전공진로설계 학생용 가이드북(pdf로 배부)III. 2020 큰사람 프로젝트 매뉴얼(pdf로 배부)사업단 주최 비교과 포인트 취득 활동 포함,,▣ 교내 관련 사이트: 예시는 아래와 같음 취업지원과 (http://career.jbnu.ac.kr/) 현장실습센터 (http://fildwork.jbnu.ac.kr/) 창업교육센터 (http://startup.jbnu.ac.kr/) 창업지원단 (http://cangup.jbnu.ac.kr/) 공학교육혁신센터 (http://ceerc.jbnu.ac.kr/) LINC+ 사업단 (http://lincplus.jbnu.ac.kr/) 행복드림센터 (https://happycenter.jbnu.ac.kr/) 혁신교육개발원 (http://iei.jbnu.ac.kr/) 국제협력부 (http://ioffice.cbnu.edu/)▣ 공공 직업 정보 사이트: 예시는 아래와 같음 워크넷 (www.work.go.kr)  커리어넷 (www.careernet.re.kr)  대졸취업준비생 전용사이트(jobyoung.work.go.kr)  중소기업 전문 취업 포털(www.ibkjob.co.kr)▣ 민간 직업 정보 탐색 사이트: 예시는 아래와 같음인쿠르트(www.incruit.com) 리쿠르트(www.recruit.co.kr) 잡코리아(www.jobkorea.co.kr) 스카우트(www.scout.co.kr) 커리어넷(www.careernet.re.kr)유니코서치(www.unicosearch.com) 헤드헌트코리아(www.headhuntkorea.com),
46076,2022,전북대학교,공과대학,컴퓨터공학부,전공진로설계 2,2,2학기,0.5,0,1,공통필수,* 진로설계 및 실행역량 강화   자기이해 역량강화   직업정보 탐색역량 강화   의사결정 역량강화   직업기초능력/ 구직기술/ 자기개발 역량 강화,I. 전공(교수) 개설 전공진로설계 프로그램 II. 전공진로설계 학생용 가이드북(pdf로 배부)III. 2020 큰사람 프로젝트 매뉴얼(pdf로 배부)사업단 주최 비교과 포인트 취득 활동 포함,,▣ 교내 관련 사이트: 예시는 아래와 같음 취업지원과 (http://career.jbnu.ac.kr/) 현장실습센터 (http://fildwork.jbnu.ac.kr/) 창업교육센터 (http://startup.jbnu.ac.kr/) 창업지원단 (http://cangup.jbnu.ac.kr/) 공학교육혁신센터 (http://ceerc.jbnu.ac.kr/) LINC+ 사업단 (http://lincplus.jbnu.ac.kr/) 행복드림센터 (https://happycenter.jbnu.ac.kr/) 혁신교육개발원 (http://iei.jbnu.ac.kr/) 국제협력부 (http://ioffice.cbnu.edu/)▣ 공공 직업 정보 사이트: 예시는 아래와 같음 워크넷 (www.work.go.kr)  커리어넷 (www.careernet.re.kr)  대졸취업준비생 전용사이트(jobyoung.work.go.kr)  중소기업 전문 취업 포털(www.ibkjob.co.kr)▣ 민간 직업 정보 탐색 사이트: 예시는 아래와 같음인쿠르트(www.incruit.com) 리쿠르트(www.recruit.co.kr) 잡코리아(www.jobkorea.co.kr) 스카우트(www.scout.co.kr) 커리어넷(www.careernet.re.kr)유니코서치(www.unicosearch.com) 헤드헌트코리아(www.headhuntkorea.com),
46077,2022,전북대학교,공과대학,컴퓨터공학부,전공진로설계 2,2,2학기,0.5,0,1,공통필수,* 진로설계 및 실행역량 강화   자기이해 역량강화   직업정보 탐색역량 강화   의사결정 역량강화   직업기초능력/ 구직기술/ 자기개발 역량 강화,I. 전공(교수) 개설 전공진로설계 프로그램 II. 전공진로설계 학생용 가이드북(pdf로 배부)III. 2020 큰사람 프로젝트 매뉴얼(pdf로 배부)사업단 주최 비교과 포인트 취득 활동 포함,,▣ 교내 관련 사이트: 예시는 아래와 같음 취업지원과 (http://career.jbnu.ac.kr/) 현장실습센터 (http://fildwork.jbnu.ac.kr/) 창업교육센터 (http://startup.jbnu.ac.kr/) 창업지원단 (http://cangup.jbnu.ac.kr/) 공학교육혁신센터 (http://ceerc.jbnu.ac.kr/) LINC+ 사업단 (http://lincplus.jbnu.ac.kr/) 행복드림센터 (https://happycenter.jbnu.ac.kr/) 혁신교육개발원 (http://iei.jbnu.ac.kr/) 국제협력부 (http://ioffice.cbnu.edu/)▣ 공공 직업 정보 사이트: 예시는 아래와 같음 워크넷 (www.work.go.kr)  커리어넷 (www.careernet.re.kr)  대졸취업준비생 전용사이트(jobyoung.work.go.kr)  중소기업 전문 취업 포털(www.ibkjob.co.kr)▣ 민간 직업 정보 탐색 사이트: 예시는 아래와 같음인쿠르트(www.incruit.com) 리쿠르트(www.recruit.co.kr) 잡코리아(www.jobkorea.co.kr) 스카우트(www.scout.co.kr) 커리어넷(www.careernet.re.kr)유니코서치(www.unicosearch.com) 헤드헌트코리아(www.headhuntkorea.com),
46078,2022,전북대학교,공과대학,컴퓨터공학부,전공진로설계 2,2,2학기,0.5,0,1,공통필수,* 진로설계 및 실행역량 강화   자기이해 역량강화   직업정보 탐색역량 강화   의사결정 역량강화   직업기초능력/ 구직기술/ 자기개발 역량 강화,,,▣ 교내 관련 사이트: 예시는 아래와 같음 취업지원과 (http://career.jbnu.ac.kr/) 현장실습센터 (http://fildwork.jbnu.ac.kr/) 창업교육센터 (http://startup.jbnu.ac.kr/) 창업지원단 (http://cangup.jbnu.ac.kr/) 공학교육혁신센터 (http://ceerc.jbnu.ac.kr/) LINC+ 사업단 (http://lincplus.jbnu.ac.kr/) 행복드림센터 (https://happycenter.jbnu.ac.kr/) 혁신교육개발원 (http://iei.jbnu.ac.kr/) 국제협력부 (http://ioffice.cbnu.edu/)▣ 공공 직업 정보 사이트: 예시는 아래와 같음 워크넷 (www.work.go.kr)  커리어넷 (www.careernet.re.kr)  대졸취업준비생 전용사이트(jobyoung.work.go.kr)  중소기업 전문 취업 포털(www.ibkjob.co.kr)▣ 민간 직업 정보 탐색 사이트: 예시는 아래와 같음인쿠르트(www.incruit.com) 리쿠르트(www.recruit.co.kr) 잡코리아(www.jobkorea.co.kr) 스카우트(www.scout.co.kr) 커리어넷(www.careernet.re.kr)유니코서치(www.unicosearch.com) 헤드헌트코리아(www.headhuntkorea.com),
46079,2022,전북대학교,공과대학,컴퓨터공학부,전공진로설계 2,2,2학기,0.5,0,1,공통필수,* 진로설계 및 실행역량 강화   자기이해 역량강화   직업정보 탐색역량 강화   의사결정 역량강화   직업기초능력/ 구직기술/ 자기개발 역량 강화,I. 전공(교수) 개설 전공진로설계 프로그램 II. 전공진로설계 학생용 가이드북(pdf로 배부)III. 2020 큰사람 프로젝트 매뉴얼(pdf로 배부)사업단 주최 비교과 포인트 취득 활동 포함,,▣ 교내 관련 사이트: 예시는 아래와 같음 취업지원과 (http://career.jbnu.ac.kr/) 현장실습센터 (http://fildwork.jbnu.ac.kr/) 창업교육센터 (http://startup.jbnu.ac.kr/) 창업지원단 (http://cangup.jbnu.ac.kr/) 공학교육혁신센터 (http://ceerc.jbnu.ac.kr/) LINC+ 사업단 (http://lincplus.jbnu.ac.kr/) 행복드림센터 (https://happycenter.jbnu.ac.kr/) 혁신교육개발원 (http://iei.jbnu.ac.kr/) 국제협력부 (http://ioffice.cbnu.edu/)▣ 공공 직업 정보 사이트: 예시는 아래와 같음 워크넷 (www.work.go.kr)  커리어넷 (www.careernet.re.kr)  대졸취업준비생 전용사이트(jobyoung.work.go.kr)  중소기업 전문 취업 포털(www.ibkjob.co.kr)▣ 민간 직업 정보 탐색 사이트: 예시는 아래와 같음인쿠르트(www.incruit.com) 리쿠르트(www.recruit.co.kr) 잡코리아(www.jobkorea.co.kr) 스카우트(www.scout.co.kr) 커리어넷(www.careernet.re.kr)유니코서치(www.unicosearch.com) 헤드헌트코리아(www.headhuntkorea.com),
46080,2022,전북대학교,공과대학,컴퓨터공학부,전공진로설계 2,2,2학기,0.5,0,1,공통필수,* 진로설계 및 실행역량 강화   자기이해 역량강화   직업정보 탐색역량 강화   의사결정 역량강화   직업기초능력/ 구직기술/ 자기개발 역량 강화,"I. 전공(교수) 개설 전공진로설계 프로그램, II. 전공진로설계 학생용 가이드북(pdf로 배부), III. 2020 큰사람 프로젝트 매뉴얼(pdf로 배부)사업단 주최 비교과 포인트 취득 활동 포함",,▣ 교내 관련 사이트: 예시는 아래와 같음 취업지원과 (http://career.jbnu.ac.kr/) 현장실습센터 (http://fildwork.jbnu.ac.kr/) 창업교육센터 (http://startup.jbnu.ac.kr/) 창업지원단 (http://cangup.jbnu.ac.kr/) 공학교육혁신센터 (http://ceerc.jbnu.ac.kr/) LINC+ 사업단 (http://lincplus.jbnu.ac.kr/) 행복드림센터 (https://happycenter.jbnu.ac.kr/) 혁신교육개발원 (http://iei.jbnu.ac.kr/) 국제협력부 (http://ioffice.cbnu.edu/)▣ 공공 직업 정보 사이트: 예시는 아래와 같음 워크넷 (www.work.go.kr)  커리어넷 (www.careernet.re.kr)  대졸취업준비생 전용사이트(jobyoung.work.go.kr)  중소기업 전문 취업 포털(www.ibkjob.co.kr)▣ 민간 직업 정보 탐색 사이트: 예시는 아래와 같음인쿠르트(www.incruit.com) 리쿠르트(www.recruit.co.kr) 잡코리아(www.jobkorea.co.kr) 스카우트(www.scout.co.kr) 커리어넷(www.careernet.re.kr)유니코서치(www.unicosearch.com) 헤드헌트코리아(www.headhuntkorea.com),
46081,2022,전북대학교,공과대학,컴퓨터공학부,전공진로설계 2,2,2학기,0.5,0,1,공통필수,진로설계 및 실행역량 강화   자기이해 역량강화   직업정보 탐색역량 강화   의사결정 역량강화   직업기초능력/ 구직기술/ 자기개발 역량 강화,,,I. 전공(교수) 개설 전공진로설계 프로그램 II. 전공진로설계 학생용 가이드북(pdf로 배부)III. 2020 큰사람 프로젝트 매뉴얼(pdf로 배부)사업단 주최 비교과 포인트 취득 활동 포함,
46082,2022,전북대학교,공과대학,컴퓨터공학부,전공진로설계 2,2,2학기,0.5,0,1,공통필수,* 진로설계 및 실행역량 강화   자기이해 역량강화   직업정보 탐색역량 강화   의사결정 역량강화   직업기초능력/ 구직기술/ 자기개발 역량 강화,"I. 전공(교수) 개설 전공진로설계 프로그램, II. 전공진로설계 학생용 가이드북(pdf로 배부), III. 2020 큰사람 프로젝트 매뉴얼(pdf로 배부)사업단 주최 비교과 포인트 취득 활동 포함",,▣ 교내 관련 사이트: 예시는 아래와 같음 취업지원과 (http://career.jbnu.ac.kr/) 현장실습센터 (http://fildwork.jbnu.ac.kr/) 창업교육센터 (http://startup.jbnu.ac.kr/) 창업지원단 (http://cangup.jbnu.ac.kr/) 공학교육혁신센터 (http://ceerc.jbnu.ac.kr/) LINC+ 사업단 (http://lincplus.jbnu.ac.kr/) 행복드림센터 (https://happycenter.jbnu.ac.kr/) 혁신교육개발원 (http://iei.jbnu.ac.kr/) 국제협력부 (http://ioffice.cbnu.edu/)▣ 공공 직업 정보 사이트: 예시는 아래와 같음 워크넷 (www.work.go.kr)  커리어넷 (www.careernet.re.kr)  대졸취업준비생 전용사이트(jobyoung.work.go.kr)  중소기업 전문 취업 포털(www.ibkjob.co.kr)▣ 민간 직업 정보 탐색 사이트: 예시는 아래와 같음인쿠르트(www.incruit.com) 리쿠르트(www.recruit.co.kr) 잡코리아(www.jobkorea.co.kr) 스카우트(www.scout.co.kr) 커리어넷(www.careernet.re.kr)유니코서치(www.unicosearch.com) 헤드헌트코리아(www.headhuntkorea.com),
46083,2022,전북대학교,공과대학,컴퓨터공학부,전공진로설계 2,2,2학기,0.5,0,1,공통필수,* 진로설계 및 실행역량 강화   자기이해 역량강화   직업정보 탐색역량 강화   의사결정 역량강화   직업기초능력/ 구직기술/ 자기개발 역량 강화,I. 전공(교수) 개설 전공진로설계 프로그램 II. 전공진로설계 학생용 가이드북(pdf로 배부)III. 2020 큰사람 프로젝트 매뉴얼(pdf로 배부)사업단 주최 비교과 포인트 취득 활동 포함,,▣ 교내 관련 사이트: 예시는 아래와 같음 취업지원과 (http://career.jbnu.ac.kr/) 현장실습센터 (http://fildwork.jbnu.ac.kr/) 창업교육센터 (http://startup.jbnu.ac.kr/) 창업지원단 (http://cangup.jbnu.ac.kr/) 공학교육혁신센터 (http://ceerc.jbnu.ac.kr/) LINC+ 사업단 (http://lincplus.jbnu.ac.kr/) 행복드림센터 (https://happycenter.jbnu.ac.kr/) 혁신교육개발원 (http://iei.jbnu.ac.kr/) 국제협력부 (http://ioffice.cbnu.edu/)▣ 공공 직업 정보 사이트: 예시는 아래와 같음 워크넷 (www.work.go.kr)  커리어넷 (www.careernet.re.kr)  대졸취업준비생 전용사이트(jobyoung.work.go.kr)  중소기업 전문 취업 포털(www.ibkjob.co.kr)▣ 민간 직업 정보 탐색 사이트: 예시는 아래와 같음인쿠르트(www.incruit.com) 리쿠르트(www.recruit.co.kr) 잡코리아(www.jobkorea.co.kr) 스카우트(www.scout.co.kr) 커리어넷(www.careernet.re.kr)유니코서치(www.unicosearch.com) 헤드헌트코리아(www.headhuntkorea.com),
46084,2022,전북대학교,공과대학,컴퓨터공학부,전공진로설계 2,2,2학기,0.5,0,1,공통필수,* 진로설계 및 실행역량 강화   자기이해 역량강화   직업정보 탐색역량 강화   의사결정 역량강화   직업기초능력/ 구직기술/ 자기개발 역량 강화,I. 전공(교수) 개설 전공진로설계 프로그램 II. 전공진로설계 학생용 가이드북(pdf로 배부)III. 2020 큰사람 프로젝트 매뉴얼(pdf로 배부)사업단 주최 비교과 포인트 취득 활동 포함,,▣ 교내 관련 사이트: 예시는 아래와 같음 취업지원과 (http://career.jbnu.ac.kr/) 현장실습센터 (http://fildwork.jbnu.ac.kr/) 창업교육센터 (http://startup.jbnu.ac.kr/) 창업지원단 (http://cangup.jbnu.ac.kr/) 공학교육혁신센터 (http://ceerc.jbnu.ac.kr/) LINC+ 사업단 (http://lincplus.jbnu.ac.kr/) 행복드림센터 (https://happycenter.jbnu.ac.kr/) 혁신교육개발원 (http://iei.jbnu.ac.kr/) 국제협력부 (http://ioffice.cbnu.edu/)▣ 공공 직업 정보 사이트: 예시는 아래와 같음 워크넷 (www.work.go.kr)  커리어넷 (www.careernet.re.kr)  대졸취업준비생 전용사이트(jobyoung.work.go.kr)  중소기업 전문 취업 포털(www.ibkjob.co.kr)▣ 민간 직업 정보 탐색 사이트: 예시는 아래와 같음인쿠르트(www.incruit.com) 리쿠르트(www.recruit.co.kr) 잡코리아(www.jobkorea.co.kr) 스카우트(www.scout.co.kr) 커리어넷(www.careernet.re.kr)유니코서치(www.unicosearch.com) 헤드헌트코리아(www.headhuntkorea.com),
46085,2022,전북대학교,공과대학,컴퓨터공학부,전공진로설계 2,2,2학기,0.5,0,1,공통필수,* 진로설계 및 실행역량 강화   자기이해 역량강화   직업정보 탐색역량 강화   의사결정 역량강화   직업기초능력/ 구직기술/ 자기개발 역량 강화,"I. 전공(교수) 개설 전공진로설계 프로그램, II. 전공진로설계 학생용 가이드북(pdf로 배부), III. 2020 큰사람 프로젝트 매뉴얼(pdf로 배부)사업단 주최 비교과 포인트 취득 활동 포함",,▣ 교내 관련 사이트: 예시는 아래와 같음 취업지원과 (http://career.jbnu.ac.kr/) 현장실습센터 (http://fildwork.jbnu.ac.kr/) 창업교육센터 (http://startup.jbnu.ac.kr/) 창업지원단 (http://cangup.jbnu.ac.kr/) 공학교육혁신센터 (http://ceerc.jbnu.ac.kr/) LINC+ 사업단 (http://lincplus.jbnu.ac.kr/) 행복드림센터 (https://happycenter.jbnu.ac.kr/) 혁신교육개발원 (http://iei.jbnu.ac.kr/) 국제협력부 (http://ioffice.cbnu.edu/)▣ 공공 직업 정보 사이트: 예시는 아래와 같음 워크넷 (www.work.go.kr)  커리어넷 (www.careernet.re.kr)  대졸취업준비생 전용사이트(jobyoung.work.go.kr)  중소기업 전문 취업 포털(www.ibkjob.co.kr)▣ 민간 직업 정보 탐색 사이트: 예시는 아래와 같음인쿠르트(www.incruit.com) 리쿠르트(www.recruit.co.kr) 잡코리아(www.jobkorea.co.kr) 스카우트(www.scout.co.kr) 커리어넷(www.careernet.re.kr)유니코서치(www.unicosearch.com) 헤드헌트코리아(www.headhuntkorea.com),
46086,2022,전북대학교,공과대학,컴퓨터공학부,전공진로설계 2,2,2학기,0.5,0,1,공통필수,* 진로설계 및 실행역량 강화   자기이해 역량강화   직업정보 탐색역량 강화   의사결정 역량강화   직업기초능력/ 구직기술/ 자기개발 역량 강화,"I. 전공(교수) 개설 전공진로설계 프로그램, II. 전공진로설계 학생용 가이드북(pdf로 배부), III. 2020 큰사람 프로젝트 매뉴얼(pdf로 배부)사업단 주최 비교과 포인트 취득 활동 포함",,▣ 교내 관련 사이트: 예시는 아래와 같음 취업지원과 (http://career.jbnu.ac.kr/) 현장실습센터 (http://fildwork.jbnu.ac.kr/) 창업교육센터 (http://startup.jbnu.ac.kr/) 창업지원단 (http://cangup.jbnu.ac.kr/) 공학교육혁신센터 (http://ceerc.jbnu.ac.kr/) LINC+ 사업단 (http://lincplus.jbnu.ac.kr/) 행복드림센터 (https://happycenter.jbnu.ac.kr/) 혁신교육개발원 (http://iei.jbnu.ac.kr/) 국제협력부 (http://ioffice.cbnu.edu/)▣ 공공 직업 정보 사이트: 예시는 아래와 같음 워크넷 (www.work.go.kr)  커리어넷 (www.careernet.re.kr)  대졸취업준비생 전용사이트(jobyoung.work.go.kr)  중소기업 전문 취업 포털(www.ibkjob.co.kr)▣ 민간 직업 정보 탐색 사이트: 예시는 아래와 같음인쿠르트(www.incruit.com) 리쿠르트(www.recruit.co.kr) 잡코리아(www.jobkorea.co.kr) 스카우트(www.scout.co.kr) 커리어넷(www.careernet.re.kr)유니코서치(www.unicosearch.com) 헤드헌트코리아(www.headhuntkorea.com),
46087,2022,전북대학교,공과대학,컴퓨터공학부,전공진로설계 2,2,2학기,0.5,0,1,공통필수,* 진로설계 및 실행역량 강화   자기이해 역량강화   직업정보 탐색역량 강화   의사결정 역량강화   직업기초능력/ 구직기술/ 자기개발 역량 강화,I. 전공(교수) 개설 전공진로설계 프로그램 II. 전공진로설계 학생용 가이드북(pdf로 배부)III. 2020 큰사람 프로젝트 매뉴얼(pdf로 배부)사업단 주최 비교과 포인트 취득 활동 포함,,▣ 교내 관련 사이트: 예시는 아래와 같음 취업지원과 (http://career.jbnu.ac.kr/) 현장실습센터 (http://fildwork.jbnu.ac.kr/) 창업교육센터 (http://startup.jbnu.ac.kr/) 창업지원단 (http://cangup.jbnu.ac.kr/) 공학교육혁신센터 (http://ceerc.jbnu.ac.kr/) LINC+ 사업단 (http://lincplus.jbnu.ac.kr/) 행복드림센터 (https://happycenter.jbnu.ac.kr/) 혁신교육개발원 (http://iei.jbnu.ac.kr/) 국제협력부 (http://ioffice.cbnu.edu/)▣ 공공 직업 정보 사이트: 예시는 아래와 같음 워크넷 (www.work.go.kr)  커리어넷 (www.careernet.re.kr)  대졸취업준비생 전용사이트(jobyoung.work.go.kr)  중소기업 전문 취업 포털(www.ibkjob.co.kr)▣ 민간 직업 정보 탐색 사이트: 예시는 아래와 같음인쿠르트(www.incruit.com) 리쿠르트(www.recruit.co.kr) 잡코리아(www.jobkorea.co.kr) 스카우트(www.scout.co.kr) 커리어넷(www.careernet.re.kr)유니코서치(www.unicosearch.com) 헤드헌트코리아(www.headhuntkorea.com),
46088,2022,전북대학교,공과대학,컴퓨터공학부,전공진로설계 3,3,1학기,0.5,0,1,공통필수,* 진로설계 및 실행역량 강화   자기이해 역량강화   직업정보 탐색역량 강화   의사결정 역량강화   직업기초능력/ 구직기술/ 자기개발 역량 강화,"I. 전공(교수) 개설 전공진로설계 프로그램, II. 전공진로설계 학생용 가이드북(pdf로 배부), III. 2020 큰사람 프로젝트 매뉴얼(pdf로 배부)사업단 주최 비교과 포인트 취득 활동 포함",,▣ 교내 관련 사이트 취업지원과 (http://career.jbnu.ac.kr/) 현장실습센터 (http://fildwork.jbnu.ac.kr/) 창업교육센터 (http://startup.jbnu.ac.kr/) 창업지원단 (http://cangup.jbnu.ac.kr/) 공학교육혁신센터 (http://ceerc.jbnu.ac.kr/) LINC+ 사업단 (http://lincplus.jbnu.ac.kr/) 행복드림센터 (https://happycenter.jbnu.ac.kr/) 혁신교육개발원 (http://iei.jbnu.ac.kr/) 국제협력부 (http://ioffice.cbnu.edu/)▣ 공공 직업 정보 사이트 워크넷 (www.work.go.kr)  커리어넷 (www.careernet.re.kr)  대졸취업준비생 전용사이트(jobyoung.work.go.kr)  중소기업 전문 취업 포털(www.ibkjob.co.kr)▣ 민간 직업 정보 탐색 사이트인쿠르트(www.incruit.com) 리쿠르트(www.recruit.co.kr) 잡코리아(www.jobkorea.co.kr) 스카우트(www.scout.co.kr) 커리어넷(www.careernet.re.kr)유니코서치(www.unicosearch.com) 헤드헌트코리아(www.headhuntkorea.com),
46089,2022,전북대학교,공과대학,컴퓨터공학부,전공진로설계 3,3,1학기,0.5,0,1,공통필수,* 진로설계 및 실행역량 강화   자기이해 역량강화   직업정보 탐색역량 강화   의사결정 역량강화   직업기초능력/ 구직기술/ 자기개발 역량 강화,,,▣ 교내 관련 사이트: 예시는 아래와 같음 취업지원과 (http://career.jbnu.ac.kr/) 현장실습센터 (http://fildwork.jbnu.ac.kr/) 창업교육센터 (http://startup.jbnu.ac.kr/) 창업지원단 (http://cangup.jbnu.ac.kr/) 공학교육혁신센터 (http://ceerc.jbnu.ac.kr/) LINC+ 사업단 (http://lincplus.jbnu.ac.kr/) 행복드림센터 (https://happycenter.jbnu.ac.kr/) 혁신교육개발원 (http://iei.jbnu.ac.kr/) 국제협력부 (http://ioffice.cbnu.edu/)▣ 공공 직업 정보 사이트: 예시는 아래와 같음 워크넷 (www.work.go.kr)  커리어넷 (www.careernet.re.kr)  대졸취업준비생 전용사이트(jobyoung.work.go.kr)  중소기업 전문 취업 포털(www.ibkjob.co.kr)▣ 민간 직업 정보 탐색 사이트: 예시는 아래와 같음인쿠르트(www.incruit.com) 리쿠르트(www.recruit.co.kr) 잡코리아(www.jobkorea.co.kr) 스카우트(www.scout.co.kr) 커리어넷(www.careernet.re.kr)유니코서치(www.unicosearch.com) 헤드헌트코리아(www.headhuntkorea.com),
46090,2022,전북대학교,공과대학,컴퓨터공학부,전공진로설계 3,3,1학기,0.5,0,1,공통필수,* 진로설계 및 실행역량 강화   자기이해 역량강화   직업정보 탐색역량 강화   의사결정 역량강화   직업기초능력/ 구직기술/ 자기개발 역량 강화,"I. 전공(교수) 개설 전공진로설계 프로그램, II. 전공진로설계 학생용 가이드북(pdf로 배부), III. 2020 큰사람 프로젝트 매뉴얼(pdf로 배부)사업단 주최 비교과 포인트 취득 활동 포함",,▣ 교내 관련 사이트: 예시는 아래와 같음 취업지원과 (http://career.jbnu.ac.kr/) 현장실습센터 (http://fildwork.jbnu.ac.kr/) 창업교육센터 (http://startup.jbnu.ac.kr/) 창업지원단 (http://cangup.jbnu.ac.kr/) 공학교육혁신센터 (http://ceerc.jbnu.ac.kr/) LINC+ 사업단 (http://lincplus.jbnu.ac.kr/) 행복드림센터 (https://happycenter.jbnu.ac.kr/) 혁신교육개발원 (http://iei.jbnu.ac.kr/) 국제협력부 (http://ioffice.cbnu.edu/)▣ 공공 직업 정보 사이트: 예시는 아래와 같음 워크넷 (www.work.go.kr)  커리어넷 (www.careernet.re.kr)  대졸취업준비생 전용사이트(jobyoung.work.go.kr)  중소기업 전문 취업 포털(www.ibkjob.co.kr)▣ 민간 직업 정보 탐색 사이트: 예시는 아래와 같음인쿠르트(www.incruit.com) 리쿠르트(www.recruit.co.kr) 잡코리아(www.jobkorea.co.kr) 스카우트(www.scout.co.kr) 커리어넷(www.careernet.re.kr)유니코서치(www.unicosearch.com) 헤드헌트코리아(www.headhuntkorea.com),
46091,2022,전북대학교,공과대학,컴퓨터공학부,전공진로설계 3,3,1학기,0.5,0,1,공통필수,* 진로설계 및 실행역량 강화   자기이해 역량강화   직업정보 탐색역량 강화   의사결정 역량강화   직업기초능력/ 구직기술/ 자기개발 역량 강화,"I. 전공(교수) 개설 전공진로설계 프로그램, II. 전공진로설계 학생용 가이드북(pdf로 배부), III. 2020 큰사람 프로젝트 매뉴얼(pdf로 배부)사업단 주최 비교과 포인트 취득 활동 포함",,▣ 교내 관련 사이트: 예시는 아래와 같음 취업지원과 (http://career.jbnu.ac.kr/) 현장실습센터 (http://fildwork.jbnu.ac.kr/) 창업교육센터 (http://startup.jbnu.ac.kr/) 창업지원단 (http://cangup.jbnu.ac.kr/) 공학교육혁신센터 (http://ceerc.jbnu.ac.kr/) LINC+ 사업단 (http://lincplus.jbnu.ac.kr/) 행복드림센터 (https://happycenter.jbnu.ac.kr/) 혁신교육개발원 (http://iei.jbnu.ac.kr/) 국제협력부 (http://ioffice.cbnu.edu/)▣ 공공 직업 정보 사이트: 예시는 아래와 같음 워크넷 (www.work.go.kr)  커리어넷 (www.careernet.re.kr)  대졸취업준비생 전용사이트(jobyoung.work.go.kr)  중소기업 전문 취업 포털(www.ibkjob.co.kr)▣ 민간 직업 정보 탐색 사이트: 예시는 아래와 같음인쿠르트(www.incruit.com) 리쿠르트(www.recruit.co.kr) 잡코리아(www.jobkorea.co.kr) 스카우트(www.scout.co.kr) 커리어넷(www.careernet.re.kr)유니코서치(www.unicosearch.com) 헤드헌트코리아(www.headhuntkorea.com),
46092,2022,전북대학교,공과대학,컴퓨터공학부,전공진로설계 3,3,1학기,0.5,0,1,공통필수,* 진로설계 및 실행역량 강화   자기이해 역량강화   직업정보 탐색역량 강화   의사결정 역량강화   직업기초능력/ 구직기술/ 자기개발 역량 강화,"I. 전공(교수) 개설 전공진로설계 프로그램, II. 전공진로설계 학생용 가이드북(pdf로 배부), III. 2020 큰사람 프로젝트 매뉴얼(pdf로 배부)사업단 주최 비교과 포인트 취득 활동 포함",,▣ 교내 관련 사이트: 예시는 아래와 같음 취업지원과 (http://career.jbnu.ac.kr/) 현장실습센터 (http://fildwork.jbnu.ac.kr/) 창업교육센터 (http://startup.jbnu.ac.kr/) 창업지원단 (http://cangup.jbnu.ac.kr/) 공학교육혁신센터 (http://ceerc.jbnu.ac.kr/) LINC+ 사업단 (http://lincplus.jbnu.ac.kr/) 행복드림센터 (https://happycenter.jbnu.ac.kr/) 혁신교육개발원 (http://iei.jbnu.ac.kr/) 국제협력부 (http://ioffice.cbnu.edu/)▣ 공공 직업 정보 사이트: 예시는 아래와 같음 워크넷 (www.work.go.kr)  커리어넷 (www.careernet.re.kr)  대졸취업준비생 전용사이트(jobyoung.work.go.kr)  중소기업 전문 취업 포털(www.ibkjob.co.kr)▣ 민간 직업 정보 탐색 사이트: 예시는 아래와 같음인쿠르트(www.incruit.com) 리쿠르트(www.recruit.co.kr) 잡코리아(www.jobkorea.co.kr) 스카우트(www.scout.co.kr) 커리어넷(www.careernet.re.kr)유니코서치(www.unicosearch.com) 헤드헌트코리아(www.headhuntkorea.com),
46093,2022,전북대학교,공과대학,컴퓨터공학부,전공진로설계 3,3,1학기,0.5,0,1,공통필수,진로설계 및 실행역량 강화   자기이해 역량강화   직업정보 탐색역량 강화   의사결정 역량강화   직업기초능력/ 구직기술/ 자기개발 역량 강화** 수업관련 모든 자료와 공지사항은 (신)LMS (https://ieilms.jbnu.ac.kr/)를 활용합니다. ** 긴급한 공지사항일 경우 오아시스에 등록된 이메일 계정으로 메일을 보내드립니다.,,,I. 전공(교수) 개설 전공진로설계 프로그램 II. 전공진로설계 학생용 가이드북(pdf로 배부)III. 2020 큰사람 프로젝트 매뉴얼(pdf로 배부)사업단 주최 비교과 포인트 취득 활동 포함,
46094,2022,전북대학교,공과대학,컴퓨터공학부,전공진로설계 3,3,1학기,0.5,0,1,공통필수,* 진로설계 및 실행역량 강화   자기이해 역량강화   직업정보 탐색역량 강화   의사결정 역량강화   직업기초능력/ 구직기술/ 자기개발 역량 강화,"I. 전공(교수) 개설 전공진로설계 프로그램, II. 전공진로설계 학생용 가이드북(pdf로 배부), III. 2020 큰사람 프로젝트 매뉴얼(pdf로 배부)사업단 주최 비교과 포인트 취득 활동 포함",,▣ 교내 관련 사이트: 예시는 아래와 같음 취업지원과 (http://career.jbnu.ac.kr/) 현장실습센터 (http://fildwork.jbnu.ac.kr/) 창업교육센터 (http://startup.jbnu.ac.kr/) 창업지원단 (http://cangup.jbnu.ac.kr/) 공학교육혁신센터 (http://ceerc.jbnu.ac.kr/) LINC+ 사업단 (http://lincplus.jbnu.ac.kr/) 행복드림센터 (https://happycenter.jbnu.ac.kr/) 혁신교육개발원 (http://iei.jbnu.ac.kr/) 국제협력부 (http://ioffice.cbnu.edu/)▣ 공공 직업 정보 사이트: 예시는 아래와 같음 워크넷 (www.work.go.kr)  커리어넷 (www.careernet.re.kr)  대졸취업준비생 전용사이트(jobyoung.work.go.kr)  중소기업 전문 취업 포털(www.ibkjob.co.kr)▣ 민간 직업 정보 탐색 사이트: 예시는 아래와 같음인쿠르트(www.incruit.com) 리쿠르트(www.recruit.co.kr) 잡코리아(www.jobkorea.co.kr) 스카우트(www.scout.co.kr) 커리어넷(www.careernet.re.kr)유니코서치(www.unicosearch.com) 헤드헌트코리아(www.headhuntkorea.com),
46095,2022,전북대학교,공과대학,컴퓨터공학부,전공진로설계 3,3,1학기,0.5,0,1,공통필수,* 진로설계 및 실행역량 강화   자기이해 역량강화   직업정보 탐색역량 강화   의사결정 역량강화   직업기초능력/ 구직기술/ 자기개발 역량 강화,"I. 전공(교수) 개설 전공진로설계 프로그램, II. 전공진로설계 학생용 가이드북(pdf로 배부), III. 2020 큰사람 프로젝트 매뉴얼(pdf로 배부)사업단 주최 비교과 포인트 취득 활동 포함",,▣ 교내 관련 사이트: 예시는 아래와 같음 취업지원과 (http://career.jbnu.ac.kr/) 현장실습센터 (http://fildwork.jbnu.ac.kr/) 창업교육센터 (http://startup.jbnu.ac.kr/) 창업지원단 (http://cangup.jbnu.ac.kr/) 공학교육혁신센터 (http://ceerc.jbnu.ac.kr/) LINC+ 사업단 (http://lincplus.jbnu.ac.kr/) 행복드림센터 (https://happycenter.jbnu.ac.kr/) 혁신교육개발원 (http://iei.jbnu.ac.kr/) 국제협력부 (http://ioffice.cbnu.edu/)▣ 공공 직업 정보 사이트: 예시는 아래와 같음 워크넷 (www.work.go.kr)  커리어넷 (www.careernet.re.kr)  대졸취업준비생 전용사이트(jobyoung.work.go.kr)  중소기업 전문 취업 포털(www.ibkjob.co.kr)▣ 민간 직업 정보 탐색 사이트: 예시는 아래와 같음인쿠르트(www.incruit.com) 리쿠르트(www.recruit.co.kr) 잡코리아(www.jobkorea.co.kr) 스카우트(www.scout.co.kr) 커리어넷(www.careernet.re.kr)유니코서치(www.unicosearch.com) 헤드헌트코리아(www.headhuntkorea.com),
46096,2022,전북대학교,공과대학,컴퓨터공학부,전공진로설계 3,3,1학기,0.5,0,1,공통필수,* 진로설계 및 실행역량 강화   자기이해 역량강화   직업정보 탐색역량 강화   의사결정 역량강화   직업기초능력/ 구직기술/ 자기개발 역량 강화,"I. 전공(교수) 개설 전공진로설계 프로그램, II. 전공진로설계 학생용 가이드북(pdf로 배부), III. 2020 큰사람 프로젝트 매뉴얼(pdf로 배부)사업단 주최 비교과 포인트 취득 활동 포함",,▣ 교내 관련 사이트: 예시는 아래와 같음 취업지원과 (http://career.jbnu.ac.kr/) 현장실습센터 (http://fildwork.jbnu.ac.kr/) 창업교육센터 (http://startup.jbnu.ac.kr/) 창업지원단 (http://cangup.jbnu.ac.kr/) 공학교육혁신센터 (http://ceerc.jbnu.ac.kr/) LINC+ 사업단 (http://lincplus.jbnu.ac.kr/) 행복드림센터 (https://happycenter.jbnu.ac.kr/) 혁신교육개발원 (http://iei.jbnu.ac.kr/) 국제협력부 (http://ioffice.cbnu.edu/)▣ 공공 직업 정보 사이트: 예시는 아래와 같음 워크넷 (www.work.go.kr)  커리어넷 (www.careernet.re.kr)  대졸취업준비생 전용사이트(jobyoung.work.go.kr)  중소기업 전문 취업 포털(www.ibkjob.co.kr)▣ 민간 직업 정보 탐색 사이트: 예시는 아래와 같음인쿠르트(www.incruit.com) 리쿠르트(www.recruit.co.kr) 잡코리아(www.jobkorea.co.kr) 스카우트(www.scout.co.kr) 커리어넷(www.careernet.re.kr)유니코서치(www.unicosearch.com) 헤드헌트코리아(www.headhuntkorea.com),
46097,2022,전북대학교,공과대학,컴퓨터공학부,전공진로설계 3,3,1학기,0.5,0,1,공통필수,* 진로설계 및 실행역량 강화   자기이해 역량강화   직업정보 탐색역량 강화   의사결정 역량강화   직업기초능력/ 구직기술/ 자기개발 역량 강화,"I. 전공(교수) 개설 전공진로설계 프로그램, II. 전공진로설계 학생용 가이드북(pdf로 배부), III. 2020 큰사람 프로젝트 매뉴얼(pdf로 배부)사업단 주최 비교과 포인트 취득 활동 포함",,▣ 교내 관련 사이트: 예시는 아래와 같음 취업지원과 (http://career.jbnu.ac.kr/) 현장실습센터 (http://fildwork.jbnu.ac.kr/) 창업교육센터 (http://startup.jbnu.ac.kr/) 창업지원단 (http://cangup.jbnu.ac.kr/) 공학교육혁신센터 (http://ceerc.jbnu.ac.kr/) LINC+ 사업단 (http://lincplus.jbnu.ac.kr/) 행복드림센터 (https://happycenter.jbnu.ac.kr/) 혁신교육개발원 (http://iei.jbnu.ac.kr/) 국제협력부 (http://ioffice.cbnu.edu/)▣ 공공 직업 정보 사이트: 예시는 아래와 같음 워크넷 (www.work.go.kr)  커리어넷 (www.careernet.re.kr)  대졸취업준비생 전용사이트(jobyoung.work.go.kr)  중소기업 전문 취업 포털(www.ibkjob.co.kr)▣ 민간 직업 정보 탐색 사이트: 예시는 아래와 같음인쿠르트(www.incruit.com) 리쿠르트(www.recruit.co.kr) 잡코리아(www.jobkorea.co.kr) 스카우트(www.scout.co.kr) 커리어넷(www.careernet.re.kr)유니코서치(www.unicosearch.com) 헤드헌트코리아(www.headhuntkorea.com),
46098,2022,전북대학교,공과대학,컴퓨터공학부,전공진로설계 3,3,1학기,0.5,0,1,공통필수,* 진로설계 및 실행역량 강화   자기이해 역량강화   직업정보 탐색역량 강화   의사결정 역량강화   직업기초능력/ 구직기술/ 자기개발 역량 강화,"I. 전공(교수) 개설 전공진로설계 프로그램, II. 전공진로설계 학생용 가이드북(pdf로 배부), III. 2020 큰사람 프로젝트 매뉴얼(pdf로 배부)사업단 주최 비교과 포인트 취득 활동 포함",,▣ 교내 관련 사이트: 예시는 아래와 같음 취업지원과 (http://career.jbnu.ac.kr/) 현장실습센터 (http://fildwork.jbnu.ac.kr/) 창업교육센터 (http://startup.jbnu.ac.kr/) 창업지원단 (http://cangup.jbnu.ac.kr/) 공학교육혁신센터 (http://ceerc.jbnu.ac.kr/) LINC+ 사업단 (http://lincplus.jbnu.ac.kr/) 행복드림센터 (https://happycenter.jbnu.ac.kr/) 혁신교육개발원 (http://iei.jbnu.ac.kr/) 국제협력부 (http://ioffice.cbnu.edu/)▣ 공공 직업 정보 사이트: 예시는 아래와 같음 워크넷 (www.work.go.kr)  커리어넷 (www.careernet.re.kr)  대졸취업준비생 전용사이트(jobyoung.work.go.kr)  중소기업 전문 취업 포털(www.ibkjob.co.kr)▣ 민간 직업 정보 탐색 사이트: 예시는 아래와 같음인쿠르트(www.incruit.com) 리쿠르트(www.recruit.co.kr) 잡코리아(www.jobkorea.co.kr) 스카우트(www.scout.co.kr) 커리어넷(www.careernet.re.kr)유니코서치(www.unicosearch.com) 헤드헌트코리아(www.headhuntkorea.com),
46099,2022,전북대학교,공과대학,컴퓨터공학부,전공진로설계 3,3,1학기,0.5,0,1,공통필수,* 진로설계 및 실행역량 강화   자기이해 역량강화   직업정보 탐색역량 강화   의사결정 역량강화   직업기초능력/ 구직기술/ 자기개발 역량 강화,I. 전공(교수) 개설 전공진로설계 프로그램 II. 전공진로설계 학생용 가이드북(pdf로 배부) III. 2020 큰사람 프로젝트 매뉴얼(pdf로 배부)사업단 주최 비교과 포인트 취득 활동 포함,,▣ 교내 관련 사이트: 예시는 아래와 같음 취업지원과 (http://career.jbnu.ac.kr/) 현장실습센터 (http://fildwork.jbnu.ac.kr/) 창업교육센터 (http://startup.jbnu.ac.kr/) 창업지원단 (http://cangup.jbnu.ac.kr/) 공학교육혁신센터 (http://ceerc.jbnu.ac.kr/) LINC+ 사업단 (http://lincplus.jbnu.ac.kr/) 행복드림센터 (https://happycenter.jbnu.ac.kr/) 혁신교육개발원 (http://iei.jbnu.ac.kr/) 국제협력부 (http://ioffice.cbnu.edu/)▣ 공공 직업 정보 사이트: 예시는 아래와 같음 워크넷 (www.work.go.kr)  커리어넷 (www.careernet.re.kr)  대졸취업준비생 전용사이트(jobyoung.work.go.kr)  중소기업 전문 취업 포털(www.ibkjob.co.kr)▣ 민간 직업 정보 탐색 사이트: 예시는 아래와 같음인쿠르트(www.incruit.com) 리쿠르트(www.recruit.co.kr) 잡코리아(www.jobkorea.co.kr) 스카우트(www.scout.co.kr) 커리어넷(www.careernet.re.kr)유니코서치(www.unicosearch.com) 헤드헌트코리아(www.headhuntkorea.com),
46100,2022,전북대학교,공과대학,컴퓨터공학부,전공진로설계 4,3,2학기,0.5,0,1,공통필수,* 진로설계 및 실행역량 강화   자기이해 역량강화   직업정보 탐색역량 강화   의사결정 역량강화   직업기초능력/ 구직기술/ 자기개발 역량 강화,I. 전공(교수) 개설 전공진로설계 프로그램 II. 전공진로설계 학생용 가이드북(pdf로 배부)III. 2020 큰사람 프로젝트 매뉴얼(pdf로 배부)사업단 주최 비교과 포인트 취득 활동 포함,,▣ 교내 관련 사이트: 예시는 아래와 같음 취업지원과 (http://career.jbnu.ac.kr/) 현장실습센터 (http://fildwork.jbnu.ac.kr/) 창업교육센터 (http://startup.jbnu.ac.kr/) 창업지원단 (http://cangup.jbnu.ac.kr/) 공학교육혁신센터 (http://ceerc.jbnu.ac.kr/) LINC+ 사업단 (http://lincplus.jbnu.ac.kr/) 행복드림센터 (https://happycenter.jbnu.ac.kr/) 혁신교육개발원 (http://iei.jbnu.ac.kr/) 국제협력부 (http://ioffice.cbnu.edu/)▣ 공공 직업 정보 사이트: 예시는 아래와 같음 워크넷 (www.work.go.kr)  커리어넷 (www.careernet.re.kr)  대졸취업준비생 전용사이트(jobyoung.work.go.kr)  중소기업 전문 취업 포털(www.ibkjob.co.kr)▣ 민간 직업 정보 탐색 사이트: 예시는 아래와 같음인쿠르트(www.incruit.com) 리쿠르트(www.recruit.co.kr) 잡코리아(www.jobkorea.co.kr) 스카우트(www.scout.co.kr) 커리어넷(www.careernet.re.kr)유니코서치(www.unicosearch.com) 헤드헌트코리아(www.headhuntkorea.com),
46101,2022,전북대학교,공과대학,컴퓨터공학부,전공진로설계 4,3,2학기,0.5,0,1,공통필수,* 진로설계 및 실행역량 강화   자기이해 역량강화   직업정보 탐색역량 강화   의사결정 역량강화   직업기초능력/ 구직기술/ 자기개발 역량 강화,I. 전공(교수) 개설 전공진로설계 프로그램 II. 전공진로설계 학생용 가이드북(pdf로 배부) III. 2020 큰사람 프로젝트 매뉴얼(pdf로 배부)사업단 주최 비교과 포인트 취득 활동 포함,,▣ 교내 관련 사이트: 예시는 아래와 같음 취업지원과 (http://career.jbnu.ac.kr/) 현장실습센터 (http://fildwork.jbnu.ac.kr/) 창업교육센터 (http://startup.jbnu.ac.kr/) 창업지원단 (http://cangup.jbnu.ac.kr/) 공학교육혁신센터 (http://ceerc.jbnu.ac.kr/) LINC+ 사업단 (http://lincplus.jbnu.ac.kr/) 행복드림센터 (https://happycenter.jbnu.ac.kr/) 혁신교육개발원 (http://iei.jbnu.ac.kr/) 국제협력부 (http://ioffice.cbnu.edu/)▣ 공공 직업 정보 사이트: 예시는 아래와 같음 워크넷 (www.work.go.kr)  커리어넷 (www.careernet.re.kr)  대졸취업준비생 전용사이트(jobyoung.work.go.kr)  중소기업 전문 취업 포털(www.ibkjob.co.kr)▣ 민간 직업 정보 탐색 사이트: 예시는 아래와 같음인쿠르트(www.incruit.com) 리쿠르트(www.recruit.co.kr) 잡코리아(www.jobkorea.co.kr) 스카우트(www.scout.co.kr) 커리어넷(www.careernet.re.kr)유니코서치(www.unicosearch.com) 헤드헌트코리아(www.headhuntkorea.com),
46102,2022,전북대학교,공과대학,컴퓨터공학부,전공진로설계 4,3,2학기,0.5,0,1,공통필수,* 진로설계 및 실행역량 강화   자기이해 역량강화   직업정보 탐색역량 강화   의사결정 역량강화   직업기초능력/ 구직기술/ 자기개발 역량 강화,I. 전공(교수) 개설 전공진로설계 프로그램 II. 전공진로설계 학생용 가이드북(pdf로 배부) III. 2020 큰사람 프로젝트 매뉴얼(pdf로 배부)사업단 주최 비교과 포인트 취득 활동 포함,,▣ 교내 관련 사이트: 예시는 아래와 같음 취업지원과 (http://career.jbnu.ac.kr/) 현장실습센터 (http://fildwork.jbnu.ac.kr/) 창업교육센터 (http://startup.jbnu.ac.kr/) 창업지원단 (http://cangup.jbnu.ac.kr/) 공학교육혁신센터 (http://ceerc.jbnu.ac.kr/) LINC+ 사업단 (http://lincplus.jbnu.ac.kr/) 행복드림센터 (https://happycenter.jbnu.ac.kr/) 혁신교육개발원 (http://iei.jbnu.ac.kr/) 국제협력부 (http://ioffice.cbnu.edu/)▣ 공공 직업 정보 사이트: 예시는 아래와 같음 워크넷 (www.work.go.kr)  커리어넷 (www.careernet.re.kr)  대졸취업준비생 전용사이트(jobyoung.work.go.kr)  중소기업 전문 취업 포털(www.ibkjob.co.kr)▣ 민간 직업 정보 탐색 사이트: 예시는 아래와 같음인쿠르트(www.incruit.com) 리쿠르트(www.recruit.co.kr) 잡코리아(www.jobkorea.co.kr) 스카우트(www.scout.co.kr) 커리어넷(www.careernet.re.kr)유니코서치(www.unicosearch.com) 헤드헌트코리아(www.headhuntkorea.com),
46103,2022,전북대학교,공과대학,컴퓨터공학부,전공진로설계 4,3,2학기,0.5,0,1,공통필수,* 진로설계및실행역량강화   자기이해역량강화   직업정보탐색역량강화   의사결정역량강화   직업기초능력/ 구직기술/ 자기개발역량강화,. 전공(교수) 개설전공진로설계프로그램  II. 전공진로설계학생용가이드북(pdf로배부)  III. 2020 큰사람프로젝트매뉴얼(pdf로배부)사업단주최비교과포인트취득활동포함,,▣교내관련사이트: 예시는아래와같음 취업지원과(http://career.jbnu.ac.kr/) 현장실습센터(http://fildwork.jbnu.ac.kr/) 창업교육센터(http://startup.jbnu.ac.kr/) 창업지원단(http://cangup.jbnu.ac.kr/) 공학교육혁신센터(http://ceerc.jbnu.ac.kr/) LINC+ 사업단(http://lincplus.jbnu.ac.kr/) 행복드림센터(https://happycenter.jbnu.ac.kr/) 혁신교육개발원(http://iei.jbnu.ac.kr/) 국제협력부(http://ioffice.cbnu.edu/)▣공공직업정보사이트: 예시는아래와같음 워크넷(www.work.go.kr)  커리어넷(www.careernet.re.kr)  대졸취업준비생전용사이트(jobyoung.work.go.kr)  중소기업전문취업포털(www.ibkjob.co.kr)▣민간직업정보탐색사이트: 예시는아래와같음인쿠르트(www.incruit.com) 리쿠르트(www.recruit.co.kr) 잡코리아(www.jobkorea.co.kr) 스카우트(www.scout.co.kr) 커리어넷(www.careernet.re.kr)유니코서치(www.unicosearch.com) 헤드헌트코리아(www.headhuntkorea.com),
46104,2022,전북대학교,공과대학,컴퓨터공학부,전공진로설계 4,3,2학기,0.5,0,1,공통필수,* 진로설계 및 실행역량 강화   자기이해 역량강화   직업정보 탐색역량 강화   의사결정 역량강화   직업기초능력/ 구직기술/ 자기개발 역량 강화,I. 전공(교수) 개설 전공진로설계 프로그램 II. 전공진로설계 학생용 가이드북(pdf로 배부) III. 2020 큰사람 프로젝트 매뉴얼(pdf로 배부)사업단 주최 비교과 포인트 취득 활동 포함,,▣ 교내 관련 사이트: 예시는 아래와 같음 취업지원과 (http://career.jbnu.ac.kr/) 현장실습센터 (http://fildwork.jbnu.ac.kr/) 창업교육센터 (http://startup.jbnu.ac.kr/) 창업지원단 (http://cangup.jbnu.ac.kr/) 공학교육혁신센터 (http://ceerc.jbnu.ac.kr/) LINC+ 사업단 (http://lincplus.jbnu.ac.kr/) 행복드림센터 (https://happycenter.jbnu.ac.kr/) 혁신교육개발원 (http://iei.jbnu.ac.kr/) 국제협력부 (http://ioffice.cbnu.edu/)▣ 공공 직업 정보 사이트: 예시는 아래와 같음 워크넷 (www.work.go.kr)  커리어넷 (www.careernet.re.kr)  대졸취업준비생 전용사이트(jobyoung.work.go.kr)  중소기업 전문 취업 포털(www.ibkjob.co.kr)▣ 민간 직업 정보 탐색 사이트: 예시는 아래와 같음인쿠르트(www.incruit.com) 리쿠르트(www.recruit.co.kr) 잡코리아(www.jobkorea.co.kr) 스카우트(www.scout.co.kr) 커리어넷(www.careernet.re.kr)유니코서치(www.unicosearch.com) 헤드헌트코리아(www.headhuntkorea.com),
46105,2022,전북대학교,공과대학,컴퓨터공학부,전공진로설계 4,3,2학기,0.5,0,1,공통필수,* 진로설계 및 실행역량 강화   자기이해 역량강화   직업정보 탐색역량 강화   의사결정 역량강화   직업기초능력/ 구직기술/ 자기개발 역량 강화,"I. 전공(교수) 개설 전공진로설계 프로그램, II. 전공진로설계 학생용 가이드북(pdf로 배부), III. 2020 큰사람 프로젝트 매뉴얼(pdf로 배부)사업단 주최 비교과 포인트 취득 활동 포함",,▣ 교내 관련 사이트: 예시는 아래와 같음 취업지원과 (http://career.jbnu.ac.kr/) 현장실습센터 (http://fildwork.jbnu.ac.kr/) 창업교육센터 (http://startup.jbnu.ac.kr/) 창업지원단 (http://cangup.jbnu.ac.kr/) 공학교육혁신센터 (http://ceerc.jbnu.ac.kr/) LINC+ 사업단 (http://lincplus.jbnu.ac.kr/) 행복드림센터 (https://happycenter.jbnu.ac.kr/) 혁신교육개발원 (http://iei.jbnu.ac.kr/) 국제협력부 (http://ioffice.cbnu.edu/)▣ 공공 직업 정보 사이트: 예시는 아래와 같음 워크넷 (www.work.go.kr)  커리어넷 (www.careernet.re.kr)  대졸취업준비생 전용사이트(jobyoung.work.go.kr)  중소기업 전문 취업 포털(www.ibkjob.co.kr)▣ 민간 직업 정보 탐색 사이트: 예시는 아래와 같음인쿠르트(www.incruit.com) 리쿠르트(www.recruit.co.kr) 잡코리아(www.jobkorea.co.kr) 스카우트(www.scout.co.kr) 커리어넷(www.careernet.re.kr)유니코서치(www.unicosearch.com) 헤드헌트코리아(www.headhuntkorea.com),
46106,2022,전북대학교,공과대학,컴퓨터공학부,전공진로설계 4,3,2학기,0.5,0,1,공통필수,진로설계 및 실행역량 강화   자기이해 역량강화   직업정보 탐색역량 강화   의사결정 역량강화   직업기초능력/ 구직기술/ 자기개발 역량 강화,,,I. 전공(교수) 개설 전공진로설계 프로그램 II. 전공진로설계 학생용 가이드북(pdf로 배부)III. 2020 큰사람 프로젝트 매뉴얼(pdf로 배부)사업단 주최 비교과 포인트 취득 활동 포함,
46107,2022,전북대학교,공과대학,컴퓨터공학부,전공진로설계 4,3,2학기,0.5,0,1,공통필수,* 진로설계및실행역량강화   자기이해역량강화   직업정보탐색역량강화   의사결정역량강화   직업기초능력/ 구직기술/ 자기개발역량강화,. 전공(교수) 개설전공진로설계프로그램  II. 전공진로설계학생용가이드북(pdf로배부)  III. 2020 큰사람프로젝트매뉴얼(pdf로배부)사업단주최비교과포인트취득활동포함,,▣교내관련사이트: 예시는아래와같음 취업지원과(http://career.jbnu.ac.kr/) 현장실습센터(http://fildwork.jbnu.ac.kr/) 창업교육센터(http://startup.jbnu.ac.kr/) 창업지원단(http://cangup.jbnu.ac.kr/) 공학교육혁신센터(http://ceerc.jbnu.ac.kr/) LINC+ 사업단(http://lincplus.jbnu.ac.kr/) 행복드림센터(https://happycenter.jbnu.ac.kr/) 혁신교육개발원(http://iei.jbnu.ac.kr/) 국제협력부(http://ioffice.cbnu.edu/)▣공공직업정보사이트: 예시는아래와같음 워크넷(www.work.go.kr)  커리어넷(www.careernet.re.kr)  대졸취업준비생전용사이트(jobyoung.work.go.kr)  중소기업전문취업포털(www.ibkjob.co.kr)▣민간직업정보탐색사이트: 예시는아래와같음인쿠르트(www.incruit.com) 리쿠르트(www.recruit.co.kr) 잡코리아(www.jobkorea.co.kr) 스카우트(www.scout.co.kr) 커리어넷(www.careernet.re.kr)유니코서치(www.unicosearch.com) 헤드헌트코리아(www.headhuntkorea.com),
46108,2022,전북대학교,공과대학,컴퓨터공학부,전공진로설계 4,3,2학기,0.5,0,1,공통필수,* 진로설계 및 실행역량 강화   자기이해 역량강화   직업정보 탐색역량 강화   의사결정 역량강화   직업기초능력/ 구직기술/ 자기개발 역량 강화,I. 전공(교수) 개설 전공진로설계 프로그램 II. 전공진로설계 학생용 가이드북(pdf로 배부) III. 2020 큰사람 프로젝트 매뉴얼(pdf로 배부)사업단 주최 비교과 포인트 취득 활동 포함,,▣ 교내 관련 사이트: 예시는 아래와 같음 취업지원과 (http://career.jbnu.ac.kr/) 현장실습센터 (http://fildwork.jbnu.ac.kr/) 창업교육센터 (http://startup.jbnu.ac.kr/) 창업지원단 (http://cangup.jbnu.ac.kr/) 공학교육혁신센터 (http://ceerc.jbnu.ac.kr/) LINC+ 사업단 (http://lincplus.jbnu.ac.kr/) 행복드림센터 (https://happycenter.jbnu.ac.kr/) 혁신교육개발원 (http://iei.jbnu.ac.kr/) 국제협력부 (http://ioffice.cbnu.edu/)▣ 공공 직업 정보 사이트: 예시는 아래와 같음 워크넷 (www.work.go.kr)  커리어넷 (www.careernet.re.kr)  대졸취업준비생 전용사이트(jobyoung.work.go.kr)  중소기업 전문 취업 포털(www.ibkjob.co.kr)▣ 민간 직업 정보 탐색 사이트: 예시는 아래와 같음인쿠르트(www.incruit.com) 리쿠르트(www.recruit.co.kr) 잡코리아(www.jobkorea.co.kr) 스카우트(www.scout.co.kr) 커리어넷(www.careernet.re.kr)유니코서치(www.unicosearch.com) 헤드헌트코리아(www.headhuntkorea.com),
46109,2022,전북대학교,공과대학,컴퓨터공학부,전공진로설계 4,3,2학기,0.5,0,1,공통필수,* 진로설계 및 실행역량 강화   자기이해 역량강화   직업정보 탐색역량 강화   의사결정 역량강화   직업기초능력/ 구직기술/ 자기개발 역량 강화,I. 전공(교수) 개설 전공진로설계 프로그램 II. 전공진로설계 학생용 가이드북(pdf로 배부) III. 2020 큰사람 프로젝트 매뉴얼(pdf로 배부)사업단 주최 비교과 포인트 취득 활동 포함,,▣ 교내 관련 사이트: 예시는 아래와 같음 취업지원과 (http://career.jbnu.ac.kr/) 현장실습센터 (http://fildwork.jbnu.ac.kr/) 창업교육센터 (http://startup.jbnu.ac.kr/) 창업지원단 (http://cangup.jbnu.ac.kr/) 공학교육혁신센터 (http://ceerc.jbnu.ac.kr/) LINC+ 사업단 (http://lincplus.jbnu.ac.kr/) 행복드림센터 (https://happycenter.jbnu.ac.kr/) 혁신교육개발원 (http://iei.jbnu.ac.kr/) 국제협력부 (http://ioffice.cbnu.edu/)▣ 공공 직업 정보 사이트: 예시는 아래와 같음 워크넷 (www.work.go.kr)  커리어넷 (www.careernet.re.kr)  대졸취업준비생 전용사이트(jobyoung.work.go.kr)  중소기업 전문 취업 포털(www.ibkjob.co.kr)▣ 민간 직업 정보 탐색 사이트: 예시는 아래와 같음인쿠르트(www.incruit.com) 리쿠르트(www.recruit.co.kr) 잡코리아(www.jobkorea.co.kr) 스카우트(www.scout.co.kr) 커리어넷(www.careernet.re.kr)유니코서치(www.unicosearch.com) 헤드헌트코리아(www.headhuntkorea.com),
46110,2022,전북대학교,공과대학,컴퓨터공학부,전공진로설계 4,3,2학기,0.5,0,1,공통필수,* 진로설계 및 실행역량 강화   자기이해 역량강화   직업정보 탐색역량 강화   의사결정 역량강화   직업기초능력/ 구직기술/ 자기개발 역량 강화,"I. 전공(교수) 개설 전공진로설계 프로그램, II. 전공진로설계 학생용 가이드북(pdf로 배부), III. 2020 큰사람 프로젝트 매뉴얼(pdf로 배부)사업단 주최 비교과 포인트 취득 활동 포함",,▣ 교내 관련 사이트: 예시는 아래와 같음 취업지원과 (http://career.jbnu.ac.kr/) 현장실습센터 (http://fildwork.jbnu.ac.kr/) 창업교육센터 (http://startup.jbnu.ac.kr/) 창업지원단 (http://cangup.jbnu.ac.kr/) 공학교육혁신센터 (http://ceerc.jbnu.ac.kr/) LINC+ 사업단 (http://lincplus.jbnu.ac.kr/) 행복드림센터 (https://happycenter.jbnu.ac.kr/) 혁신교육개발원 (http://iei.jbnu.ac.kr/) 국제협력부 (http://ioffice.cbnu.edu/)▣ 공공 직업 정보 사이트: 예시는 아래와 같음 워크넷 (www.work.go.kr)  커리어넷 (www.careernet.re.kr)  대졸취업준비생 전용사이트(jobyoung.work.go.kr)  중소기업 전문 취업 포털(www.ibkjob.co.kr)▣ 민간 직업 정보 탐색 사이트: 예시는 아래와 같음인쿠르트(www.incruit.com) 리쿠르트(www.recruit.co.kr) 잡코리아(www.jobkorea.co.kr) 스카우트(www.scout.co.kr) 커리어넷(www.careernet.re.kr)유니코서치(www.unicosearch.com) 헤드헌트코리아(www.headhuntkorea.com),
46111,2022,전북대학교,공과대학,컴퓨터공학부,전공진로설계 4,3,2학기,0.5,0,1,공통필수,* 진로설계 및 실행역량 강화   자기이해 역량강화   직업정보 탐색역량 강화   의사결정 역량강화   직업기초능력/ 구직기술/ 자기개발 역량 강화,I. 전공(교수) 개설 전공진로설계 프로그램 II. 전공진로설계 학생용 가이드북(pdf로 배부)III. 2020 큰사람 프로젝트 매뉴얼(pdf로 배부)사업단 주최 비교과 포인트 취득 활동 포함,,▣ 교내 관련 사이트: 예시는 아래와 같음 취업지원과 (http://career.jbnu.ac.kr/) 현장실습센터 (http://fildwork.jbnu.ac.kr/) 창업교육센터 (http://startup.jbnu.ac.kr/) 창업지원단 (http://cangup.jbnu.ac.kr/) 공학교육혁신센터 (http://ceerc.jbnu.ac.kr/) LINC+ 사업단 (http://lincplus.jbnu.ac.kr/) 행복드림센터 (https://happycenter.jbnu.ac.kr/) 혁신교육개발원 (http://iei.jbnu.ac.kr/) 국제협력부 (http://ioffice.cbnu.edu/)▣ 공공 직업 정보 사이트: 예시는 아래와 같음 워크넷 (www.work.go.kr)  커리어넷 (www.careernet.re.kr)  대졸취업준비생 전용사이트(jobyoung.work.go.kr)  중소기업 전문 취업 포털(www.ibkjob.co.kr)▣ 민간 직업 정보 탐색 사이트: 예시는 아래와 같음인쿠르트(www.incruit.com) 리쿠르트(www.recruit.co.kr) 잡코리아(www.jobkorea.co.kr) 스카우트(www.scout.co.kr) 커리어넷(www.careernet.re.kr)유니코서치(www.unicosearch.com) 헤드헌트코리아(www.headhuntkorea.com),
46112,2022,전북대학교,공과대학,컴퓨터공학부,전공진로설계 4,3,2학기,0.5,0,1,공통필수,* 진로설계 및 실행역량 강화   자기이해 역량강화   직업정보 탐색역량 강화   의사결정 역량강화   직업기초능력/ 구직기술/ 자기개발 역량 강화,I. 전공(교수) 개설 전공진로설계 프로그램 II. 전공진로설계 학생용 가이드북(pdf로 배부) III. 2020 큰사람 프로젝트 매뉴얼(pdf로 배부)사업단 주최 비교과 포인트 취득 활동 포함,,▣ 교내 관련 사이트: 예시는 아래와 같음 취업지원과 (http://career.jbnu.ac.kr/) 현장실습센터 (http://fildwork.jbnu.ac.kr/) 창업교육센터 (http://startup.jbnu.ac.kr/) 창업지원단 (http://cangup.jbnu.ac.kr/) 공학교육혁신센터 (http://ceerc.jbnu.ac.kr/) LINC+ 사업단 (http://lincplus.jbnu.ac.kr/) 행복드림센터 (https://happycenter.jbnu.ac.kr/) 혁신교육개발원 (http://iei.jbnu.ac.kr/) 국제협력부 (http://ioffice.cbnu.edu/)▣ 공공 직업 정보 사이트: 예시는 아래와 같음 워크넷 (www.work.go.kr)  커리어넷 (www.careernet.re.kr)  대졸취업준비생 전용사이트(jobyoung.work.go.kr)  중소기업 전문 취업 포털(www.ibkjob.co.kr)▣ 민간 직업 정보 탐색 사이트: 예시는 아래와 같음인쿠르트(www.incruit.com) 리쿠르트(www.recruit.co.kr) 잡코리아(www.jobkorea.co.kr) 스카우트(www.scout.co.kr) 커리어넷(www.careernet.re.kr)유니코서치(www.unicosearch.com) 헤드헌트코리아(www.headhuntkorea.com),
46113,2022,전북대학교,공과대학,컴퓨터공학부,전공진로설계 5,4,1학기,0.5,0,1,공통필수,* 진로설계 및 실행역량 강화   자기이해 역량강화   직업정보 탐색역량 강화   의사결정 역량강화   직업기초능력/ 구직기술/ 자기개발 역량 강화,"I. 전공(교수) 개설 전공진로설계 프로그램, II. 전공진로설계 학생용 가이드북(pdf로 배부), III. 2020 큰사람 프로젝트 매뉴얼(pdf로 배부)사업단 주최 비교과 포인트 취득 활동 포함",,▣ 교내 관련 사이트 취업지원과 (http://career.jbnu.ac.kr/) 현장실습센터 (http://fildwork.jbnu.ac.kr/) 창업교육센터 (http://startup.jbnu.ac.kr/) 창업지원단 (http://cangup.jbnu.ac.kr/) 공학교육혁신센터 (http://ceerc.jbnu.ac.kr/) LINC+ 사업단 (http://lincplus.jbnu.ac.kr/) 행복드림센터 (https://happycenter.jbnu.ac.kr/) 혁신교육개발원 (http://iei.jbnu.ac.kr/) 국제협력부 (http://ioffice.cbnu.edu/)▣ 공공 직업 정보 사이트 워크넷 (www.work.go.kr)  커리어넷 (www.careernet.re.kr)  대졸취업준비생 전용사이트(jobyoung.work.go.kr)  중소기업 전문 취업 포털(www.ibkjob.co.kr)▣ 민간 직업 정보 탐색 사이트인쿠르트(www.incruit.com) 리쿠르트(www.recruit.co.kr) 잡코리아(www.jobkorea.co.kr) 스카우트(www.scout.co.kr) 커리어넷(www.careernet.re.kr)유니코서치(www.unicosearch.com) 헤드헌트코리아(www.headhuntkorea.com),
46114,2022,전북대학교,공과대학,컴퓨터공학부,전공진로설계 5,4,1학기,0.5,0,1,공통필수,* 진로설계 및 실행역량 강화   자기이해 역량강화   직업정보 탐색역량 강화   의사결정 역량강화   직업기초능력/ 구직기술/ 자기개발 역량 강화,,,▣ 교내 관련 사이트: 예시는 아래와 같음 취업지원과 (http://career.jbnu.ac.kr/) 현장실습센터 (http://fildwork.jbnu.ac.kr/) 창업교육센터 (http://startup.jbnu.ac.kr/) 창업지원단 (http://cangup.jbnu.ac.kr/) 공학교육혁신센터 (http://ceerc.jbnu.ac.kr/) LINC+ 사업단 (http://lincplus.jbnu.ac.kr/) 행복드림센터 (https://happycenter.jbnu.ac.kr/) 혁신교육개발원 (http://iei.jbnu.ac.kr/) 국제협력부 (http://ioffice.cbnu.edu/)▣ 공공 직업 정보 사이트: 예시는 아래와 같음 워크넷 (www.work.go.kr)  커리어넷 (www.careernet.re.kr)  대졸취업준비생 전용사이트(jobyoung.work.go.kr)  중소기업 전문 취업 포털(www.ibkjob.co.kr)▣ 민간 직업 정보 탐색 사이트: 예시는 아래와 같음인쿠르트(www.incruit.com) 리쿠르트(www.recruit.co.kr) 잡코리아(www.jobkorea.co.kr) 스카우트(www.scout.co.kr) 커리어넷(www.careernet.re.kr)유니코서치(www.unicosearch.com) 헤드헌트코리아(www.headhuntkorea.com),
46115,2022,전북대학교,공과대학,컴퓨터공학부,전공진로설계 5,4,1학기,0.5,0,1,공통필수,* 진로설계 및 실행역량 강화   자기이해 역량강화   직업정보 탐색역량 강화   의사결정 역량강화   직업기초능력/ 구직기술/ 자기개발 역량 강화,"I. 전공(교수) 개설 전공진로설계 프로그램, II. 전공진로설계 학생용 가이드북(pdf로 배부), III. 2020 큰사람 프로젝트 매뉴얼(pdf로 배부)사업단 주최 비교과 포인트 취득 활동 포함",,▣ 교내 관련 사이트: 예시는 아래와 같음 취업지원과 (http://career.jbnu.ac.kr/) 현장실습센터 (http://fildwork.jbnu.ac.kr/) 창업교육센터 (http://startup.jbnu.ac.kr/) 창업지원단 (http://cangup.jbnu.ac.kr/) 공학교육혁신센터 (http://ceerc.jbnu.ac.kr/) LINC+ 사업단 (http://lincplus.jbnu.ac.kr/) 행복드림센터 (https://happycenter.jbnu.ac.kr/) 혁신교육개발원 (http://iei.jbnu.ac.kr/) 국제협력부 (http://ioffice.cbnu.edu/)▣ 공공 직업 정보 사이트: 예시는 아래와 같음 워크넷 (www.work.go.kr)  커리어넷 (www.careernet.re.kr)  대졸취업준비생 전용사이트(jobyoung.work.go.kr)  중소기업 전문 취업 포털(www.ibkjob.co.kr)▣ 민간 직업 정보 탐색 사이트: 예시는 아래와 같음인쿠르트(www.incruit.com) 리쿠르트(www.recruit.co.kr) 잡코리아(www.jobkorea.co.kr) 스카우트(www.scout.co.kr) 커리어넷(www.careernet.re.kr)유니코서치(www.unicosearch.com) 헤드헌트코리아(www.headhuntkorea.com),
46116,2022,전북대학교,공과대학,컴퓨터공학부,전공진로설계 5,4,1학기,0.5,0,1,공통필수,* 진로설계 및 실행역량 강화   자기이해 역량강화   직업정보 탐색역량 강화   의사결정 역량강화   직업기초능력/ 구직기술/ 자기개발 역량 강화,"I. 전공(교수) 개설 전공진로설계 프로그램, II. 전공진로설계 학생용 가이드북(pdf로 배부), III. 2020 큰사람 프로젝트 매뉴얼(pdf로 배부)사업단 주최 비교과 포인트 취득 활동 포함",,▣ 교내 관련 사이트: 예시는 아래와 같음 취업지원과 (http://career.jbnu.ac.kr/) 현장실습센터 (http://fildwork.jbnu.ac.kr/) 창업교육센터 (http://startup.jbnu.ac.kr/) 창업지원단 (http://cangup.jbnu.ac.kr/) 공학교육혁신센터 (http://ceerc.jbnu.ac.kr/) LINC+ 사업단 (http://lincplus.jbnu.ac.kr/) 행복드림센터 (https://happycenter.jbnu.ac.kr/) 혁신교육개발원 (http://iei.jbnu.ac.kr/) 국제협력부 (http://ioffice.cbnu.edu/)▣ 공공 직업 정보 사이트: 예시는 아래와 같음 워크넷 (www.work.go.kr)  커리어넷 (www.careernet.re.kr)  대졸취업준비생 전용사이트(jobyoung.work.go.kr)  중소기업 전문 취업 포털(www.ibkjob.co.kr)▣ 민간 직업 정보 탐색 사이트: 예시는 아래와 같음인쿠르트(www.incruit.com) 리쿠르트(www.recruit.co.kr) 잡코리아(www.jobkorea.co.kr) 스카우트(www.scout.co.kr) 커리어넷(www.careernet.re.kr)유니코서치(www.unicosearch.com) 헤드헌트코리아(www.headhuntkorea.com),
46117,2022,전북대학교,공과대학,컴퓨터공학부,전공진로설계 5,4,1학기,0.5,0,1,공통필수,* 진로설계 및 실행역량 강화   자기이해 역량강화   직업정보 탐색역량 강화   의사결정 역량강화   직업기초능력/ 구직기술/ 자기개발 역량 강화,"I. 전공(교수) 개설 전공진로설계 프로그램, II. 전공진로설계 학생용 가이드북(pdf로 배부), III. 2020 큰사람 프로젝트 매뉴얼(pdf로 배부)사업단 주최 비교과 포인트 취득 활동 포함",,▣ 교내 관련 사이트: 예시는 아래와 같음 취업지원과 (http://career.jbnu.ac.kr/) 현장실습센터 (http://fildwork.jbnu.ac.kr/) 창업교육센터 (http://startup.jbnu.ac.kr/) 창업지원단 (http://cangup.jbnu.ac.kr/) 공학교육혁신센터 (http://ceerc.jbnu.ac.kr/) LINC+ 사업단 (http://lincplus.jbnu.ac.kr/) 행복드림센터 (https://happycenter.jbnu.ac.kr/) 혁신교육개발원 (http://iei.jbnu.ac.kr/) 국제협력부 (http://ioffice.cbnu.edu/)▣ 공공 직업 정보 사이트: 예시는 아래와 같음 워크넷 (www.work.go.kr)  커리어넷 (www.careernet.re.kr)  대졸취업준비생 전용사이트(jobyoung.work.go.kr)  중소기업 전문 취업 포털(www.ibkjob.co.kr)▣ 민간 직업 정보 탐색 사이트: 예시는 아래와 같음인쿠르트(www.incruit.com) 리쿠르트(www.recruit.co.kr) 잡코리아(www.jobkorea.co.kr) 스카우트(www.scout.co.kr) 커리어넷(www.careernet.re.kr)유니코서치(www.unicosearch.com) 헤드헌트코리아(www.headhuntkorea.com),
46118,2022,전북대학교,공과대학,컴퓨터공학부,전공진로설계 5,4,1학기,0.5,0,1,공통필수,진로설계 및 실행역량 강화   자기이해 역량강화   직업정보 탐색역량 강화   의사결정 역량강화   직업기초능력/ 구직기술/ 자기개발 역량 강화** 수업관련 모든 자료와 공지사항은 (신)LMS (https://ieilms.jbnu.ac.kr/)를 활용합니다. ** 긴급한 공지사항일 경우 오아시스에 등록된 이메일 계정으로 메일을 보내드립니다.,,,I. 전공(교수) 개설 전공진로설계 프로그램 II. 전공진로설계 학생용 가이드북(pdf로 배부)III. 2020 큰사람 프로젝트 매뉴얼(pdf로 배부)사업단 주최 비교과 포인트 취득 활동 포함,
46119,2022,전북대학교,공과대학,컴퓨터공학부,전공진로설계 5,4,1학기,0.5,0,1,공통필수,* 진로설계 및 실행역량 강화   자기이해 역량강화   직업정보 탐색역량 강화   의사결정 역량강화   직업기초능력/ 구직기술/ 자기개발 역량 강화,"I. 전공(교수) 개설 전공진로설계 프로그램, II. 전공진로설계 학생용 가이드북(pdf로 배부), III. 2020 큰사람 프로젝트 매뉴얼(pdf로 배부)사업단 주최 비교과 포인트 취득 활동 포함",,▣ 교내 관련 사이트: 예시는 아래와 같음 취업지원과 (http://career.jbnu.ac.kr/) 현장실습센터 (http://fildwork.jbnu.ac.kr/) 창업교육센터 (http://startup.jbnu.ac.kr/) 창업지원단 (http://cangup.jbnu.ac.kr/) 공학교육혁신센터 (http://ceerc.jbnu.ac.kr/) LINC+ 사업단 (http://lincplus.jbnu.ac.kr/) 행복드림센터 (https://happycenter.jbnu.ac.kr/) 혁신교육개발원 (http://iei.jbnu.ac.kr/) 국제협력부 (http://ioffice.cbnu.edu/)▣ 공공 직업 정보 사이트: 예시는 아래와 같음 워크넷 (www.work.go.kr)  커리어넷 (www.careernet.re.kr)  대졸취업준비생 전용사이트(jobyoung.work.go.kr)  중소기업 전문 취업 포털(www.ibkjob.co.kr)▣ 민간 직업 정보 탐색 사이트: 예시는 아래와 같음인쿠르트(www.incruit.com) 리쿠르트(www.recruit.co.kr) 잡코리아(www.jobkorea.co.kr) 스카우트(www.scout.co.kr) 커리어넷(www.careernet.re.kr)유니코서치(www.unicosearch.com) 헤드헌트코리아(www.headhuntkorea.com),
46120,2022,전북대학교,공과대학,컴퓨터공학부,전공진로설계 5,4,1학기,0.5,0,1,공통필수,* 진로설계 및 실행역량 강화   자기이해 역량강화   직업정보 탐색역량 강화   의사결정 역량강화   직업기초능력/ 구직기술/ 자기개발 역량 강화,"I. 전공(교수) 개설 전공진로설계 프로그램, II. 전공진로설계 학생용 가이드북(pdf로 배부), III. 2020 큰사람 프로젝트 매뉴얼(pdf로 배부)사업단 주최 비교과 포인트 취득 활동 포함",,▣ 교내 관련 사이트: 예시는 아래와 같음 취업지원과 (http://career.jbnu.ac.kr/) 현장실습센터 (http://fildwork.jbnu.ac.kr/) 창업교육센터 (http://startup.jbnu.ac.kr/) 창업지원단 (http://cangup.jbnu.ac.kr/) 공학교육혁신센터 (http://ceerc.jbnu.ac.kr/) LINC+ 사업단 (http://lincplus.jbnu.ac.kr/) 행복드림센터 (https://happycenter.jbnu.ac.kr/) 혁신교육개발원 (http://iei.jbnu.ac.kr/) 국제협력부 (http://ioffice.cbnu.edu/)▣ 공공 직업 정보 사이트: 예시는 아래와 같음 워크넷 (www.work.go.kr)  커리어넷 (www.careernet.re.kr)  대졸취업준비생 전용사이트(jobyoung.work.go.kr)  중소기업 전문 취업 포털(www.ibkjob.co.kr)▣ 민간 직업 정보 탐색 사이트: 예시는 아래와 같음인쿠르트(www.incruit.com) 리쿠르트(www.recruit.co.kr) 잡코리아(www.jobkorea.co.kr) 스카우트(www.scout.co.kr) 커리어넷(www.careernet.re.kr)유니코서치(www.unicosearch.com) 헤드헌트코리아(www.headhuntkorea.com),
46121,2022,전북대학교,공과대학,컴퓨터공학부,전공진로설계 5,4,1학기,0.5,0,1,공통필수,* 진로설계 및 실행역량 강화   자기이해 역량강화   직업정보 탐색역량 강화   의사결정 역량강화   직업기초능력/ 구직기술/ 자기개발 역량 강화,"I. 전공(교수) 개설 전공진로설계 프로그램, II. 전공진로설계 학생용 가이드북(pdf로 배부), III. 2020 큰사람 프로젝트 매뉴얼(pdf로 배부)사업단 주최 비교과 포인트 취득 활동 포함",,▣ 교내 관련 사이트: 예시는 아래와 같음 취업지원과 (http://career.jbnu.ac.kr/) 현장실습센터 (http://fildwork.jbnu.ac.kr/) 창업교육센터 (http://startup.jbnu.ac.kr/) 창업지원단 (http://cangup.jbnu.ac.kr/) 공학교육혁신센터 (http://ceerc.jbnu.ac.kr/) LINC+ 사업단 (http://lincplus.jbnu.ac.kr/) 행복드림센터 (https://happycenter.jbnu.ac.kr/) 혁신교육개발원 (http://iei.jbnu.ac.kr/) 국제협력부 (http://ioffice.cbnu.edu/)▣ 공공 직업 정보 사이트: 예시는 아래와 같음 워크넷 (www.work.go.kr)  커리어넷 (www.careernet.re.kr)  대졸취업준비생 전용사이트(jobyoung.work.go.kr)  중소기업 전문 취업 포털(www.ibkjob.co.kr)▣ 민간 직업 정보 탐색 사이트: 예시는 아래와 같음인쿠르트(www.incruit.com) 리쿠르트(www.recruit.co.kr) 잡코리아(www.jobkorea.co.kr) 스카우트(www.scout.co.kr) 커리어넷(www.careernet.re.kr)유니코서치(www.unicosearch.com) 헤드헌트코리아(www.headhuntkorea.com),
46122,2022,전북대학교,공과대학,컴퓨터공학부,전공진로설계 5,4,1학기,0.5,0,1,공통필수,* 진로설계 및 실행역량 강화   자기이해 역량강화   직업정보 탐색역량 강화   의사결정 역량강화   직업기초능력/ 구직기술/ 자기개발 역량 강화,"I. 전공(교수) 개설 전공진로설계 프로그램, II. 전공진로설계 학생용 가이드북(pdf로 배부), III. 2020 큰사람 프로젝트 매뉴얼(pdf로 배부)사업단 주최 비교과 포인트 취득 활동 포함",,▣ 교내 관련 사이트: 예시는 아래와 같음 취업지원과 (http://career.jbnu.ac.kr/) 현장실습센터 (http://fildwork.jbnu.ac.kr/) 창업교육센터 (http://startup.jbnu.ac.kr/) 창업지원단 (http://cangup.jbnu.ac.kr/) 공학교육혁신센터 (http://ceerc.jbnu.ac.kr/) LINC+ 사업단 (http://lincplus.jbnu.ac.kr/) 행복드림센터 (https://happycenter.jbnu.ac.kr/) 혁신교육개발원 (http://iei.jbnu.ac.kr/) 국제협력부 (http://ioffice.cbnu.edu/)▣ 공공 직업 정보 사이트: 예시는 아래와 같음 워크넷 (www.work.go.kr)  커리어넷 (www.careernet.re.kr)  대졸취업준비생 전용사이트(jobyoung.work.go.kr)  중소기업 전문 취업 포털(www.ibkjob.co.kr)▣ 민간 직업 정보 탐색 사이트: 예시는 아래와 같음인쿠르트(www.incruit.com) 리쿠르트(www.recruit.co.kr) 잡코리아(www.jobkorea.co.kr) 스카우트(www.scout.co.kr) 커리어넷(www.careernet.re.kr)유니코서치(www.unicosearch.com) 헤드헌트코리아(www.headhuntkorea.com),
46123,2022,전북대학교,공과대학,컴퓨터공학부,전공진로설계 5,4,1학기,0.5,0,1,공통필수,* 진로설계 및 실행역량 강화   자기이해 역량강화   직업정보 탐색역량 강화   의사결정 역량강화   직업기초능력/ 구직기술/ 자기개발 역량 강화,"I. 전공(교수) 개설 전공진로설계 프로그램, II. 전공진로설계 학생용 가이드북(pdf로 배부), III. 2020 큰사람 프로젝트 매뉴얼(pdf로 배부)사업단 주최 비교과 포인트 취득 활동 포함",,▣ 교내 관련 사이트: 예시는 아래와 같음 취업지원과 (http://career.jbnu.ac.kr/) 현장실습센터 (http://fildwork.jbnu.ac.kr/) 창업교육센터 (http://startup.jbnu.ac.kr/) 창업지원단 (http://cangup.jbnu.ac.kr/) 공학교육혁신센터 (http://ceerc.jbnu.ac.kr/) LINC+ 사업단 (http://lincplus.jbnu.ac.kr/) 행복드림센터 (https://happycenter.jbnu.ac.kr/) 혁신교육개발원 (http://iei.jbnu.ac.kr/) 국제협력부 (http://ioffice.cbnu.edu/)▣ 공공 직업 정보 사이트: 예시는 아래와 같음 워크넷 (www.work.go.kr)  커리어넷 (www.careernet.re.kr)  대졸취업준비생 전용사이트(jobyoung.work.go.kr)  중소기업 전문 취업 포털(www.ibkjob.co.kr)▣ 민간 직업 정보 탐색 사이트: 예시는 아래와 같음인쿠르트(www.incruit.com) 리쿠르트(www.recruit.co.kr) 잡코리아(www.jobkorea.co.kr) 스카우트(www.scout.co.kr) 커리어넷(www.careernet.re.kr)유니코서치(www.unicosearch.com) 헤드헌트코리아(www.headhuntkorea.com),
46124,2022,전북대학교,공과대학,컴퓨터공학부,전공진로설계 5,4,1학기,0.5,0,1,공통필수,* 진로설계 및 실행역량 강화   자기이해 역량강화   직업정보 탐색역량 강화   의사결정 역량강화   직업기초능력/ 구직기술/ 자기개발 역량 강화,I. 전공(교수) 개설 전공진로설계 프로그램 II. 전공진로설계 학생용 가이드북(pdf로 배부)III. 2020 큰사람 프로젝트 매뉴얼(pdf로 배부)사업단 주최 비교과 포인트 취득 활동 포함,,▣ 교내 관련 사이트: 예시는 아래와 같음 취업지원과 (http://career.jbnu.ac.kr/) 현장실습센터 (http://fildwork.jbnu.ac.kr/) 창업교육센터 (http://startup.jbnu.ac.kr/) 창업지원단 (http://cangup.jbnu.ac.kr/) 공학교육혁신센터 (http://ceerc.jbnu.ac.kr/) LINC+ 사업단 (http://lincplus.jbnu.ac.kr/) 행복드림센터 (https://happycenter.jbnu.ac.kr/) 혁신교육개발원 (http://iei.jbnu.ac.kr/) 국제협력부 (http://ioffice.cbnu.edu/)▣ 공공 직업 정보 사이트: 예시는 아래와 같음 워크넷 (www.work.go.kr)  커리어넷 (www.careernet.re.kr)  대졸취업준비생 전용사이트(jobyoung.work.go.kr)  중소기업 전문 취업 포털(www.ibkjob.co.kr)▣ 민간 직업 정보 탐색 사이트: 예시는 아래와 같음인쿠르트(www.incruit.com) 리쿠르트(www.recruit.co.kr) 잡코리아(www.jobkorea.co.kr) 스카우트(www.scout.co.kr) 커리어넷(www.careernet.re.kr)유니코서치(www.unicosearch.com) 헤드헌트코리아(www.headhuntkorea.com),
46125,2022,전북대학교,공과대학,컴퓨터공학부,전공진로설계 6,4,2학기,0.5,0,1,공통필수,* 진로설계 및 실행역량 강화   자기이해 역량강화   직업정보 탐색역량 강화   의사결정 역량강화   직업기초능력/ 구직기술/ 자기개발 역량 강화,I. 전공(교수) 개설 전공진로설계 프로그램 II. 전공진로설계 학생용 가이드북(pdf로 배부)III. 2020 큰사람 프로젝트 매뉴얼(pdf로 배부)사업단 주최 비교과 포인트 취득 활동 포함,,▣ 교내 관련 사이트: 예시는 아래와 같음 취업지원과 (http://career.jbnu.ac.kr/) 현장실습센터 (http://fildwork.jbnu.ac.kr/) 창업교육센터 (http://startup.jbnu.ac.kr/) 창업지원단 (http://cangup.jbnu.ac.kr/) 공학교육혁신센터 (http://ceerc.jbnu.ac.kr/) LINC+ 사업단 (http://lincplus.jbnu.ac.kr/) 행복드림센터 (https://happycenter.jbnu.ac.kr/) 혁신교육개발원 (http://iei.jbnu.ac.kr/) 국제협력부 (http://ioffice.cbnu.edu/)▣ 공공 직업 정보 사이트: 예시는 아래와 같음 워크넷 (www.work.go.kr)  커리어넷 (www.careernet.re.kr)  대졸취업준비생 전용사이트(jobyoung.work.go.kr)  중소기업 전문 취업 포털(www.ibkjob.co.kr)▣ 민간 직업 정보 탐색 사이트: 예시는 아래와 같음인쿠르트(www.incruit.com) 리쿠르트(www.recruit.co.kr) 잡코리아(www.jobkorea.co.kr) 스카우트(www.scout.co.kr) 커리어넷(www.careernet.re.kr)유니코서치(www.unicosearch.com) 헤드헌트코리아(www.headhuntkorea.com),
46126,2022,전북대학교,공과대학,컴퓨터공학부,전공진로설계 6,4,2학기,0.5,0,1,공통필수,* 진로설계 및 실행역량 강화   자기이해 역량강화   직업정보 탐색역량 강화   의사결정 역량강화   직업기초능력/ 구직기술/ 자기개발 역량 강화,I. 전공(교수) 개설 전공진로설계 프로그램 II. 전공진로설계 학생용 가이드북(pdf로 배부)III. 2020 큰사람 프로젝트 매뉴얼(pdf로 배부)사업단 주최 비교과 포인트 취득 활동 포함,,▣ 교내 관련 사이트: 예시는 아래와 같음 취업지원과 (http://career.jbnu.ac.kr/) 현장실습센터 (http://fildwork.jbnu.ac.kr/) 창업교육센터 (http://startup.jbnu.ac.kr/) 창업지원단 (http://cangup.jbnu.ac.kr/) 공학교육혁신센터 (http://ceerc.jbnu.ac.kr/) LINC+ 사업단 (http://lincplus.jbnu.ac.kr/) 행복드림센터 (https://happycenter.jbnu.ac.kr/) 혁신교육개발원 (http://iei.jbnu.ac.kr/) 국제협력부 (http://ioffice.cbnu.edu/)▣ 공공 직업 정보 사이트: 예시는 아래와 같음 워크넷 (www.work.go.kr)  커리어넷 (www.careernet.re.kr)  대졸취업준비생 전용사이트(jobyoung.work.go.kr)  중소기업 전문 취업 포털(www.ibkjob.co.kr)▣ 민간 직업 정보 탐색 사이트: 예시는 아래와 같음인쿠르트(www.incruit.com) 리쿠르트(www.recruit.co.kr) 잡코리아(www.jobkorea.co.kr) 스카우트(www.scout.co.kr) 커리어넷(www.careernet.re.kr)유니코서치(www.unicosearch.com) 헤드헌트코리아(www.headhuntkorea.com),
46127,2022,전북대학교,공과대학,컴퓨터공학부,전공진로설계 6,4,2학기,0.5,0,1,공통필수,* 진로설계 및 실행역량 강화   자기이해 역량강화   직업정보 탐색역량 강화   의사결정 역량강화   직업기초능력/ 구직기술/ 자기개발 역량 강화,I. 전공(교수) 개설 전공진로설계 프로그램 II. 전공진로설계 학생용 가이드북(pdf로 배부)III. 2020 큰사람 프로젝트 매뉴얼(pdf로 배부)사업단 주최 비교과 포인트 취득 활동 포함,,▣ 교내 관련 사이트: 예시는 아래와 같음 취업지원과 (http://career.jbnu.ac.kr/) 현장실습센터 (http://fildwork.jbnu.ac.kr/) 창업교육센터 (http://startup.jbnu.ac.kr/) 창업지원단 (http://cangup.jbnu.ac.kr/) 공학교육혁신센터 (http://ceerc.jbnu.ac.kr/) LINC+ 사업단 (http://lincplus.jbnu.ac.kr/) 행복드림센터 (https://happycenter.jbnu.ac.kr/) 혁신교육개발원 (http://iei.jbnu.ac.kr/) 국제협력부 (http://ioffice.cbnu.edu/)▣ 공공 직업 정보 사이트: 예시는 아래와 같음 워크넷 (www.work.go.kr)  커리어넷 (www.careernet.re.kr)  대졸취업준비생 전용사이트(jobyoung.work.go.kr)  중소기업 전문 취업 포털(www.ibkjob.co.kr)▣ 민간 직업 정보 탐색 사이트: 예시는 아래와 같음인쿠르트(www.incruit.com) 리쿠르트(www.recruit.co.kr) 잡코리아(www.jobkorea.co.kr) 스카우트(www.scout.co.kr) 커리어넷(www.careernet.re.kr)유니코서치(www.unicosearch.com) 헤드헌트코리아(www.headhuntkorea.com),
46128,2022,전북대학교,공과대학,컴퓨터공학부,전공진로설계 6,4,2학기,0.5,0,1,공통필수,진로설계및실행역량강화   자기이해역량강화   직업정보탐색역량강화   의사결정역량강화   직업기초능력/ 구직기술/ 자기개발역량강화,I. 전공(교수) 개설전공진로설계프로그램  II. 전공진로설계학생용가이드북(pdf로배부)  III. 2020 큰사람프로젝트매뉴얼(pdf로배부)사업단주최비교과포인트취득활동포함,,▣교내관련사이트: 예시는아래와같음 취업지원과(http://career.jbnu.ac.kr/) 현장실습센터(http://fildwork.jbnu.ac.kr/) 창업교육센터(http://startup.jbnu.ac.kr/) 창업지원단(http://cangup.jbnu.ac.kr/) 공학교육혁신센터(http://ceerc.jbnu.ac.kr/) LINC+ 사업단(http://lincplus.jbnu.ac.kr/) 행복드림센터(https://happycenter.jbnu.ac.kr/) 혁신교육개발원(http://iei.jbnu.ac.kr/) 국제협력부(http://ioffice.cbnu.edu/)▣공공직업정보사이트: 예시는아래와같음 워크넷(www.work.go.kr)  커리어넷(www.careernet.re.kr)  대졸취업준비생전용사이트(jobyoung.work.go.kr)  중소기업전문취업포털(www.ibkjob.co.kr)▣민간직업정보탐색사이트: 예시는아래와같음인쿠르트(www.incruit.com) 리쿠르트(www.recruit.co.kr) 잡코리아(www.jobkorea.co.kr) 스카우트(www.scout.co.kr) 커리어넷(www.careernet.re.kr)유니코서치(www.unicosearch.com) 헤드헌트코리아(www.headhuntkorea.com),
46129,2022,전북대학교,공과대학,컴퓨터공학부,전공진로설계 6,4,2학기,0.5,0,1,공통필수,* 진로설계 및 실행역량 강화   자기이해 역량강화   직업정보 탐색역량 강화   의사결정 역량강화   직업기초능력/ 구직기술/ 자기개발 역량 강화,I. 전공(교수) 개설 전공진로설계 프로그램 II. 전공진로설계 학생용 가이드북(pdf로 배부)III. 2020 큰사람 프로젝트 매뉴얼(pdf로 배부)사업단 주최 비교과 포인트 취득 활동 포함,,▣ 교내 관련 사이트: 예시는 아래와 같음 취업지원과 (http://career.jbnu.ac.kr/) 현장실습센터 (http://fildwork.jbnu.ac.kr/) 창업교육센터 (http://startup.jbnu.ac.kr/) 창업지원단 (http://cangup.jbnu.ac.kr/) 공학교육혁신센터 (http://ceerc.jbnu.ac.kr/) LINC+ 사업단 (http://lincplus.jbnu.ac.kr/) 행복드림센터 (https://happycenter.jbnu.ac.kr/) 혁신교육개발원 (http://iei.jbnu.ac.kr/) 국제협력부 (http://ioffice.cbnu.edu/)▣ 공공 직업 정보 사이트: 예시는 아래와 같음 워크넷 (www.work.go.kr)  커리어넷 (www.careernet.re.kr)  대졸취업준비생 전용사이트(jobyoung.work.go.kr)  중소기업 전문 취업 포털(www.ibkjob.co.kr)▣ 민간 직업 정보 탐색 사이트: 예시는 아래와 같음인쿠르트(www.incruit.com) 리쿠르트(www.recruit.co.kr) 잡코리아(www.jobkorea.co.kr) 스카우트(www.scout.co.kr) 커리어넷(www.careernet.re.kr)유니코서치(www.unicosearch.com) 헤드헌트코리아(www.headhuntkorea.com),
46130,2022,전북대학교,공과대학,컴퓨터공학부,전공진로설계 6,4,2학기,0.5,0,1,공통필수,* 진로설계 및 실행역량 강화   자기이해 역량강화   직업정보 탐색역량 강화   의사결정 역량강화   직업기초능력/ 구직기술/ 자기개발 역량 강화,"I. 전공(교수) 개설 전공진로설계 프로그램, II. 전공진로설계 학생용 가이드북(pdf로 배부), III. 2020 큰사람 프로젝트 매뉴얼(pdf로 배부)사업단 주최 비교과 포인트 취득 활동 포함",,▣ 교내 관련 사이트: 예시는 아래와 같음 취업지원과 (http://career.jbnu.ac.kr/) 현장실습센터 (http://fildwork.jbnu.ac.kr/) 창업교육센터 (http://startup.jbnu.ac.kr/) 창업지원단 (http://cangup.jbnu.ac.kr/) 공학교육혁신센터 (http://ceerc.jbnu.ac.kr/) LINC+ 사업단 (http://lincplus.jbnu.ac.kr/) 행복드림센터 (https://happycenter.jbnu.ac.kr/) 혁신교육개발원 (http://iei.jbnu.ac.kr/) 국제협력부 (http://ioffice.cbnu.edu/)▣ 공공 직업 정보 사이트: 예시는 아래와 같음 워크넷 (www.work.go.kr)  커리어넷 (www.careernet.re.kr)  대졸취업준비생 전용사이트(jobyoung.work.go.kr)  중소기업 전문 취업 포털(www.ibkjob.co.kr)▣ 민간 직업 정보 탐색 사이트: 예시는 아래와 같음인쿠르트(www.incruit.com) 리쿠르트(www.recruit.co.kr) 잡코리아(www.jobkorea.co.kr) 스카우트(www.scout.co.kr) 커리어넷(www.careernet.re.kr)유니코서치(www.unicosearch.com) 헤드헌트코리아(www.headhuntkorea.com),
46131,2022,전북대학교,공과대학,컴퓨터공학부,전공진로설계 6,4,2학기,0.5,0,1,공통필수,진로설계 및 실행역량 강화   자기이해 역량강화   직업정보 탐색역량 강화   의사결정 역량강화   직업기초능력/ 구직기술/ 자기개발 역량 강화,,,I. 전공(교수) 개설 전공진로설계 프로그램 II. 전공진로설계 학생용 가이드북(pdf로 배부)III. 2020 큰사람 프로젝트 매뉴얼(pdf로 배부)사업단 주최 비교과 포인트 취득 활동 포함,
46132,2022,전북대학교,공과대학,컴퓨터공학부,전공진로설계 6,4,2학기,0.5,0,1,공통필수,진로설계및실행역량강화   자기이해역량강화   직업정보탐색역량강화   의사결정역량강화   직업기초능력/ 구직기술/ 자기개발역량강화,I. 전공(교수) 개설전공진로설계프로그램  II. 전공진로설계학생용가이드북(pdf로배부)  III. 2020 큰사람프로젝트매뉴얼(pdf로배부)사업단주최비교과포인트취득활동포함,,▣교내관련사이트: 예시는아래와같음 취업지원과(http://career.jbnu.ac.kr/) 현장실습센터(http://fildwork.jbnu.ac.kr/) 창업교육센터(http://startup.jbnu.ac.kr/) 창업지원단(http://cangup.jbnu.ac.kr/) 공학교육혁신센터(http://ceerc.jbnu.ac.kr/) LINC+ 사업단(http://lincplus.jbnu.ac.kr/) 행복드림센터(https://happycenter.jbnu.ac.kr/) 혁신교육개발원(http://iei.jbnu.ac.kr/) 국제협력부(http://ioffice.cbnu.edu/)▣공공직업정보사이트: 예시는아래와같음 워크넷(www.work.go.kr)  커리어넷(www.careernet.re.kr)  대졸취업준비생전용사이트(jobyoung.work.go.kr)  중소기업전문취업포털(www.ibkjob.co.kr)▣민간직업정보탐색사이트: 예시는아래와같음인쿠르트(www.incruit.com) 리쿠르트(www.recruit.co.kr) 잡코리아(www.jobkorea.co.kr) 스카우트(www.scout.co.kr) 커리어넷(www.careernet.re.kr)유니코서치(www.unicosearch.com) 헤드헌트코리아(www.headhuntkorea.com),
46133,2022,전북대학교,공과대학,컴퓨터공학부,전공진로설계 6,4,2학기,0.5,0,1,공통필수,* 진로설계 및 실행역량 강화   자기이해 역량강화   직업정보 탐색역량 강화   의사결정 역량강화   직업기초능력/ 구직기술/ 자기개발 역량 강화,I. 전공(교수) 개설 전공진로설계 프로그램 II. 전공진로설계 학생용 가이드북(pdf로 배부)III. 2020 큰사람 프로젝트 매뉴얼(pdf로 배부)사업단 주최 비교과 포인트 취득 활동 포함,,▣ 교내 관련 사이트: 예시는 아래와 같음 취업지원과 (http://career.jbnu.ac.kr/) 현장실습센터 (http://fildwork.jbnu.ac.kr/) 창업교육센터 (http://startup.jbnu.ac.kr/) 창업지원단 (http://cangup.jbnu.ac.kr/) 공학교육혁신센터 (http://ceerc.jbnu.ac.kr/) LINC+ 사업단 (http://lincplus.jbnu.ac.kr/) 행복드림센터 (https://happycenter.jbnu.ac.kr/) 혁신교육개발원 (http://iei.jbnu.ac.kr/) 국제협력부 (http://ioffice.cbnu.edu/)▣ 공공 직업 정보 사이트: 예시는 아래와 같음 워크넷 (www.work.go.kr)  커리어넷 (www.careernet.re.kr)  대졸취업준비생 전용사이트(jobyoung.work.go.kr)  중소기업 전문 취업 포털(www.ibkjob.co.kr)▣ 민간 직업 정보 탐색 사이트: 예시는 아래와 같음인쿠르트(www.incruit.com) 리쿠르트(www.recruit.co.kr) 잡코리아(www.jobkorea.co.kr) 스카우트(www.scout.co.kr) 커리어넷(www.careernet.re.kr)유니코서치(www.unicosearch.com) 헤드헌트코리아(www.headhuntkorea.com),
46134,2022,전북대학교,공과대학,컴퓨터공학부,전공진로설계 6,4,2학기,0.5,0,1,공통필수,* 진로설계 및 실행역량 강화   자기이해 역량강화   직업정보 탐색역량 강화   의사결정 역량강화   직업기초능력/ 구직기술/ 자기개발 역량 강화,I. 전공(교수) 개설 전공진로설계 프로그램 II. 전공진로설계 학생용 가이드북(pdf로 배부)III. 2020 큰사람 프로젝트 매뉴얼(pdf로 배부)사업단 주최 비교과 포인트 취득 활동 포함,,▣ 교내 관련 사이트: 예시는 아래와 같음 취업지원과 (http://career.jbnu.ac.kr/) 현장실습센터 (http://fildwork.jbnu.ac.kr/) 창업교육센터 (http://startup.jbnu.ac.kr/) 창업지원단 (http://cangup.jbnu.ac.kr/) 공학교육혁신센터 (http://ceerc.jbnu.ac.kr/) LINC+ 사업단 (http://lincplus.jbnu.ac.kr/) 행복드림센터 (https://happycenter.jbnu.ac.kr/) 혁신교육개발원 (http://iei.jbnu.ac.kr/) 국제협력부 (http://ioffice.cbnu.edu/)▣ 공공 직업 정보 사이트: 예시는 아래와 같음 워크넷 (www.work.go.kr)  커리어넷 (www.careernet.re.kr)  대졸취업준비생 전용사이트(jobyoung.work.go.kr)  중소기업 전문 취업 포털(www.ibkjob.co.kr)▣ 민간 직업 정보 탐색 사이트: 예시는 아래와 같음인쿠르트(www.incruit.com) 리쿠르트(www.recruit.co.kr) 잡코리아(www.jobkorea.co.kr) 스카우트(www.scout.co.kr) 커리어넷(www.careernet.re.kr)유니코서치(www.unicosearch.com) 헤드헌트코리아(www.headhuntkorea.com),
46135,2022,전북대학교,공과대학,컴퓨터공학부,전공진로설계 6,4,2학기,0.5,0,1,공통필수,* 진로설계 및 실행역량 강화   자기이해 역량강화   직업정보 탐색역량 강화   의사결정 역량강화   직업기초능력/ 구직기술/ 자기개발 역량 강화,"I. 전공(교수) 개설 전공진로설계 프로그램, II. 전공진로설계 학생용 가이드북(pdf로 배부), III. 2020 큰사람 프로젝트 매뉴얼(pdf로 배부)사업단 주최 비교과 포인트 취득 활동 포함",,▣ 교내 관련 사이트: 예시는 아래와 같음 취업지원과 (http://career.jbnu.ac.kr/) 현장실습센터 (http://fildwork.jbnu.ac.kr/) 창업교육센터 (http://startup.jbnu.ac.kr/) 창업지원단 (http://cangup.jbnu.ac.kr/) 공학교육혁신센터 (http://ceerc.jbnu.ac.kr/) LINC+ 사업단 (http://lincplus.jbnu.ac.kr/) 행복드림센터 (https://happycenter.jbnu.ac.kr/) 혁신교육개발원 (http://iei.jbnu.ac.kr/) 국제협력부 (http://ioffice.cbnu.edu/)▣ 공공 직업 정보 사이트: 예시는 아래와 같음 워크넷 (www.work.go.kr)  커리어넷 (www.careernet.re.kr)  대졸취업준비생 전용사이트(jobyoung.work.go.kr)  중소기업 전문 취업 포털(www.ibkjob.co.kr)▣ 민간 직업 정보 탐색 사이트: 예시는 아래와 같음인쿠르트(www.incruit.com) 리쿠르트(www.recruit.co.kr) 잡코리아(www.jobkorea.co.kr) 스카우트(www.scout.co.kr) 커리어넷(www.careernet.re.kr)유니코서치(www.unicosearch.com) 헤드헌트코리아(www.headhuntkorea.com),
46136,2022,전북대학교,공과대학,컴퓨터공학부,전공진로설계 6,4,2학기,0.5,0,1,공통필수,* 진로설계 및 실행역량 강화   자기이해 역량강화   직업정보 탐색역량 강화   의사결정 역량강화   직업기초능력/ 구직기술/ 자기개발 역량 강화,"I. 전공(교수) 개설 전공진로설계 프로그램, II. 전공진로설계 학생용 가이드북(pdf로 배부), III. 2020 큰사람 프로젝트 매뉴얼(pdf로 배부)사업단 주최 비교과 포인트 취득 활동 포함",,▣ 교내 관련 사이트: 예시는 아래와 같음 취업지원과 (http://career.jbnu.ac.kr/) 현장실습센터 (http://fildwork.jbnu.ac.kr/) 창업교육센터 (http://startup.jbnu.ac.kr/) 창업지원단 (http://cangup.jbnu.ac.kr/) 공학교육혁신센터 (http://ceerc.jbnu.ac.kr/) LINC+ 사업단 (http://lincplus.jbnu.ac.kr/) 행복드림센터 (https://happycenter.jbnu.ac.kr/) 혁신교육개발원 (http://iei.jbnu.ac.kr/) 국제협력부 (http://ioffice.cbnu.edu/)▣ 공공 직업 정보 사이트: 예시는 아래와 같음 워크넷 (www.work.go.kr)  커리어넷 (www.careernet.re.kr)  대졸취업준비생 전용사이트(jobyoung.work.go.kr)  중소기업 전문 취업 포털(www.ibkjob.co.kr)▣ 민간 직업 정보 탐색 사이트: 예시는 아래와 같음인쿠르트(www.incruit.com) 리쿠르트(www.recruit.co.kr) 잡코리아(www.jobkorea.co.kr) 스카우트(www.scout.co.kr) 커리어넷(www.careernet.re.kr)유니코서치(www.unicosearch.com) 헤드헌트코리아(www.headhuntkorea.com),
46137,2022,전북대학교,공과대학,컴퓨터공학부,전공진로설계 6,4,2학기,0.5,0,1,공통필수,* 진로설계 및 실행역량 강화   자기이해 역량강화   직업정보 탐색역량 강화   의사결정 역량강화   직업기초능력/ 구직기술/ 자기개발 역량 강화,I. 전공(교수) 개설 전공진로설계 프로그램 II. 전공진로설계 학생용 가이드북(pdf로 배부)III. 2020 큰사람 프로젝트 매뉴얼(pdf로 배부)사업단 주최 비교과 포인트 취득 활동 포함,,▣ 교내 관련 사이트: 예시는 아래와 같음 취업지원과 (http://career.jbnu.ac.kr/) 현장실습센터 (http://fildwork.jbnu.ac.kr/) 창업교육센터 (http://startup.jbnu.ac.kr/) 창업지원단 (http://cangup.jbnu.ac.kr/) 공학교육혁신센터 (http://ceerc.jbnu.ac.kr/) LINC+ 사업단 (http://lincplus.jbnu.ac.kr/) 행복드림센터 (https://happycenter.jbnu.ac.kr/) 혁신교육개발원 (http://iei.jbnu.ac.kr/) 국제협력부 (http://ioffice.cbnu.edu/)▣ 공공 직업 정보 사이트: 예시는 아래와 같음 워크넷 (www.work.go.kr)  커리어넷 (www.careernet.re.kr)  대졸취업준비생 전용사이트(jobyoung.work.go.kr)  중소기업 전문 취업 포털(www.ibkjob.co.kr)▣ 민간 직업 정보 탐색 사이트: 예시는 아래와 같음인쿠르트(www.incruit.com) 리쿠르트(www.recruit.co.kr) 잡코리아(www.jobkorea.co.kr) 스카우트(www.scout.co.kr) 커리어넷(www.careernet.re.kr)유니코서치(www.unicosearch.com) 헤드헌트코리아(www.headhuntkorea.com),
46138,2022,전북대학교,공과대학,컴퓨터공학부,산학실전캡스톤,4,2학기,3,3,0,전공선택,"기업/산업 현장에서 도출된 기술적 문제를 프로젝트를 통해 연구/개발하여 실무 경험과 문제해결 능력을 배양산업 현장에서 요구되는 기술 스택 및 배경 지식을 구체적으로 파악하고, 해당 기술/지식에 대한 습득 동기를 부여우수 프로젝트 결과물은 SW등록, 논문발표, 특허 등록을 지원",None,,None,
46139,2022,전북대학교,공과대학,컴퓨터공학부,빅데이터기초실습,2,2학기,3,3,0,전공선택,"원격수업(비대면)SW중심대학사업 융합/연계전공(예정) 학생을 대상으로 하는 교과목으로 SW학과(컴퓨터공학부, IT지능정보공학과, 소프트웨어공학과)학생은 수강할 수 없는 과목이며 원격수업으로 운영됨. 본 강좌는 대규모의 데이터를 수집, 처리, 분석하는 과정 및 방법을 학습하여 데이터 분석 능력을 배양을 목표로함.",데이터 과학 기반의 파이썬 빅데이터 분석,,,
46140,2022,전북대학교,공과대학,컴퓨터공학부,인공지능개론및실습,2,2학기,3,3,0,전공선택,"SW중심대학사업 융합/연계전공(예정) 학생을 대상으로 하는 교과목으로 SW학과(컴퓨터공학부, IT지능정보공학과, 소프트웨어공학과)학생은 수강할 수 없는 과목임. 본 강좌는 인공지능이 무엇인지 살펴보고, 프로그래밍 실습을 통해 인공지능과 관련한 기초 지식 습득하고 활용할 수 있는 능력을 배양. 또한, 최신 인공지능 결과물을 살펴보며 각 융합/연계 분야에서 적용할 수 있는 능력을 키움.",,,,
46141,2022,전북대학교,공과대학,컴퓨터공학부,웹프로그래밍실습,3,2학기,3,3,0,전공선택,"원격수업(비대면)SW중심대학사업 융합/연계전공(예정) 학생을 대상으로 하는 교과목으로 SW학과(컴퓨터공학부, IT지능정보공학과, 소프트웨어공학과)학생은 수강할 수 없는 과목임. 또한 원격수업임. 본 강좌는 HTML5, CSS3, Javascript를 이용한 웹프로그래밍 기초 지식 습득하고 활용할 수 있는 능력을 배양.",HTML5+CSS3+Javascript 웹 프로그래밍,,,